﻿ID,Major group,Family,Genus hybrid marker,Genus,Species hybrid marker,Species,Infraspecific rank,Infraspecific epithet,Authorship,Taxonomic status in TPL,Nomenclatural status from original data source,Confidence level,Source,Source id,IPNI id,Publication,Collation,Page,Date
kew-4617230,A,Achariaceae,,Acharia,,"tragodes",,"","Thunb.",Accepted,,M,WCSP (in review),1030042,674030-1,"Prodr. Pl. Cap.","14","","1794"
kew-4667878,A,Achariaceae,,Baileyoxylon,,"lanceolatum",,"","C.T.White",Accepted,,M,WCSP (in review),1030127,364940-1,"J. Arnold Arbor.","22: 143","","1941"
kew-4674939,A,Achariaceae,,Bergsmia,,"acuminata",,"","Miq.",Unresolved,,L,WCSP (in review),1030235,,"Fl. Ned. Ind., Eerste Bijv.","389","","1861"
kew-4685197,A,Achariaceae,,Buchnerodendron,,"lasiocalyx",,"","(Oliv.) Gilg",Accepted,,L,WCSP (in review),1030297,364995-1,"Bot. Jahrb. Syst.","40: 467","","1908"
kew-4685200,A,Achariaceae,,Buchnerodendron,,"speciosum",,"","Gürke",Accepted,,M,WCSP (in review),1030300,,"Bot. Jahrb. Syst.","18: 161","","1894"
kew-4685201,A,Achariaceae,,Buchnerodendron,,"stipulatum",,"","(Oliv.) Bullock",Unresolved,,L,WCSP (in review),1030301,364998-1,"Bull. Misc. Inform. Kew","1933: 468","","1933"
kew-4693043,A,Achariaceae,,Caloncoba,,"brevipes",,"","(Stapf) Gilg",Accepted,,M,WCSP (in review),1030319,365005-1,"Bot. Jahrb. Syst.","40: 459","","1908"
kew-4693045,A,Achariaceae,,Caloncoba,,"crepiniana",,"","(De Wild. & T.Durand) Gilg",Accepted,,M,WCSP (in review),1030321,365007-1,"Bot. Jahrb. Syst.","40: 460","","1908"
kew-4693047,A,Achariaceae,,Caloncoba,,"echinata",,"","(Oliv.) Gilg",Accepted,,M,WCSP (in review),1030323,365009-1,"Bot. Jahrb. Syst.","40: 464","","1908"
kew-4693048,A,Achariaceae,,Caloncoba,,"ficifolia",,"","Chipp",Unresolved,,L,WCSP (in review),1030324,365010-1,"Bull. Misc. Inform. Kew","1923: 266","","1923"
kew-4693049,A,Achariaceae,,Caloncoba,,"flagelliflora",,"","(Mildbr.) Gilg ex Pellegr.",Accepted,,M,WCSP (in review),1030325,365011-1,"Mém. Soc. Bot. France","1952: 111","","1953"
kew-4693051,A,Achariaceae,,Caloncoba,,"gilgiana",,"","(Sprague) Gilg",Accepted,,M,WCSP (in review),1030327,365013-1,"Bot. Jahrb. Syst.","40: 460","","1908"
kew-4693052,A,Achariaceae,,Caloncoba,,"glauca",,"","(P.Beauv.) Gilg",Accepted,,M,WCSP (in review),1030328,365014-1,"Bot. Jahrb. Syst.","40: 459","","1908"
kew-4693055,A,Achariaceae,,Caloncoba,,"lophocarpa",,"","(Oliv.) Gilg",Accepted,,M,WCSP (in review),1030331,365018-1,"Bot. Jahrb. Syst.","40: 462","","1908"
kew-4693058,A,Achariaceae,,Caloncoba,,"subtomentosa",,"","Gilg",Accepted,,M,WCSP (in review),1030334,365021-1,"Bot. Jahrb. Syst.","40: 463","","1908"
kew-4693059,A,Achariaceae,,Caloncoba,,"suffruticosa",,"","(Milne-Redh.) Exell & Sleumer",Accepted,,M,WCSP (in review),1030335,365022-1,"Repert. Spec. Nov. Regni Veg.","39: 274","","1936"
kew-4693060,A,Achariaceae,,Caloncoba,,"welwitschii",,"","(Oliv.) Gilg",Accepted,,M,WCSP (in review),1030336,365023-1,"Bot. Jahrb. Syst.","40: 462","","1908"
kew-4695375,A,Achariaceae,,Camptostylus,,"kivuensis",,"","Bamps",Accepted,,M,WCSP (in review),1030340,365025-1,"Bull. Jard. Bot. État","34: 495","","1964"
kew-4695377,A,Achariaceae,,Camptostylus,,"mannii",,"","(Oliv.) Gilg",Accepted,,M,WCSP (in review),1030342,365027-1,"Nat. Pflanzenfam. ed. 2","21: 398","","1925"
kew-4695378,A,Achariaceae,,Camptostylus,,"ovalis",,"","(Oliv.) Chipp",Accepted,,M,WCSP (in review),1030343,365028-1,"Bull. Misc. Inform. Kew","1923: 266","","1923"
kew-4701367,A,Achariaceae,,Carpotroche,,"amazonica",,"","Mart. ex Eichler",Accepted,,M,WCSP (in review),1030346,,"Fl. Bras.","13(1): 437","","1871"
kew-4701368,A,Achariaceae,,Carpotroche,,"angustifolia",,"","Pittier",Unresolved,,L,WCSP (in review),1030347,47686-2,"Bol. Soc. Venez. Ci. Nat.","11: 28","","1947"
kew-4701371,A,Achariaceae,,Carpotroche,,"brasiliensis",,"","(Raddi) A.Gray",Accepted,,M,WCSP (in review),1030350,,"U.S. Expl. Exped., Phan.","1: 72","","1854"
tro-50224203,A,Achariaceae,,Carpotroche,,"brasiliensis",,"","(Raddi) Endl.",Unresolved,,L,TRO,50224203,111507-1,"Gen. Pl.","918","918","1839"
kew-4701375,A,Achariaceae,,Carpotroche,,"criapidentata",,"","Ducke",Accepted,,M,WCSP (in review),1030354,,"Arq. Inst. Biol. Veg.","4: 55","","1938"
tro-50150694,A,Achariaceae,,Carpotroche,,"crispidentata",,"","Ducke",Accepted,,M,TRO,50150694,47692-2,"Arq. Inst. Biol. Veg.","4: 55","55","1938"
kew-4701376,A,Achariaceae,,Carpotroche,,"denticulata",,"","(Benth.) Benth. ex Walp.",Unresolved,,L,WCSP (in review),1030355,,"Repert. Bot. Syst.","1: 203","","1842"
kew-4701377,A,Achariaceae,,Carpotroche,,"froesiana",,"","Sleumer",Accepted,,M,WCSP (in review),1030356,47693-2,"Fl. Neotrop. Monogr.","22: 42","","1980"
kew-4701379,A,Achariaceae,,Carpotroche,,"grandiflora",,"","Spruce ex Eichler",Accepted,,M,WCSP (in review),1030358,111509-1,"Fl. Bras.","13(1): 437","","1871"
tro-13200071,A,Achariaceae,,Carpotroche,,"grandiflora",,"","Spruce ex Benth.",Unresolved,,L,TRO,13200071,,"J. Proc. Linn. Soc., Bot.","5(Suppl. 2): 81","81","1861"
kew-4701380,A,Achariaceae,,Carpotroche,,"integrifolia",,"","Kuhlm.",Accepted,,M,WCSP (in review),1030359,47696-2,"Mem. Inst. Oswaldo Cruz","21: 396","","1928"
kew-4701381,A,Achariaceae,,Carpotroche,,"laxiflora",,"","(Benth.) Benth. ex Walp.",Unresolved,,L,WCSP (in review),1030360,,"Repert. Bot. Syst.","1: 203","","1842"
kew-4701383,A,Achariaceae,,Carpotroche,,"longifolia",,"","(Poepp.) Benth.",Accepted,,M,WCSP (in review),1030362,111511-1,"J. Linn. Soc., Bot.","5(Suppl. 2): 82","","1861"
kew-4701386,A,Achariaceae,,Carpotroche,,"mollis",,"","J.F.Macbr.",Unresolved,,L,WCSP (in review),1030365,47700-2,"Candollea","5: 390","","1934"
kew-4701387,A,Achariaceae,,Carpotroche,,"pacifica",,"","(Cuatrec.) Cuatrec.",Accepted,,L,WCSP (in review),1030366,47701-2,"Trop. Woods","101: 28","","1955"
kew-4701389,A,Achariaceae,,Carpotroche,,"paludosa",,"","(Benth.) Walp.",Unresolved,,L,WCSP (in review),1030368,,"Repert. Bot. Syst.","1: 203","","1842"
kew-4701391,A,Achariaceae,,Carpotroche,,"platyptera",,"","Pittier",Accepted,,M,WCSP (in review),1030370,47704-2,"Contr. U. S. Natl. Herb.","12: 178","","1909"
kew-4701392,A,Achariaceae,,Carpotroche,,"ramosii",,"","(Cuatrec.) Cuatrec.",Accepted,,M,WCSP (in review),1030371,47705-2,"Trop. Woods","101: 28","","1955"
kew-4701393,A,Achariaceae,,Carpotroche,,"subintegra",,"","Standl.",Unresolved,,L,WCSP (in review),1030372,,"Publ. Field Mus. Nat. Hist., Bot. Ser.","4: 236","","1929"
kew-4701394,A,Achariaceae,,Carpotroche,,"surinamensis",,"","Uittien",Accepted,,M,WCSP (in review),1030373,47706-2,"Recueil Trav. Bot. Néerl.","22: 368","","1925"
kew-4711057,A,Achariaceae,,Ceratiosicyos,,"laevis",,"","(Thunb.) A.Meeuse",Accepted,,M,WCSP (in review),1030866,56878-1,"Bothalia","8: 20","","1962"
kew-4718041,A,Achariaceae,,Chiangiodendron,,"mexicanum",,"","Wendt",Accepted,,M,WCSP (in review),1030878,274503-2,"Syst. Bot.","13: 435","","1988"
tro-50171560,A,Achariaceae,,Chilmoria,,"odorata",,"","Buch.-Ham.",Unresolved,,L,TRO,50171560,,"Trans. Linn. Soc. London","8: 500","500","1822"
kew-4719183,A,Achariaceae,,Chlorocarpa,,"pentaschista",,"","Alston",Accepted,,M,WCSP (in review),1030881,365279-1,"Handb. Fl. Ceylon","6(Suppl.): 15","","1931"
kew-4757594,A,Achariaceae,,Dasylepis,,"blackii",,"","(Oliv.) Chipp",Accepted,,M,WCSP (in review),1030906,365284-1,"Bull. Misc. Inform. Kew","1923: 265","","1923"
kew-4757597,A,Achariaceae,,Dasylepis,,"eggelingii",,"","J.B.Gillett",Accepted,,M,WCSP (in review),1030699,365287-1,"Kew Bull.","5: 341","","1950 publ. 1951"
kew-4757598,A,Achariaceae,,Dasylepis,,"integra",,"","Warb.",Accepted,,M,WCSP (in review),1030700,,"Pflanzenw. Ost-Afrikas","C: 277","","1895"
kew-4757602,A,Achariaceae,,Dasylepis,,"leonensis",,"","(Oliv.) Warb.",Unresolved,,L,WCSP (in review),1030704,111548-1,"Nat. Pflanzenfam.","3(6a): 15","","1893"
kew-4757604,A,Achariaceae,,Dasylepis,,"racemosa",,"","Oliv.",Accepted,,M,WCSP (in review),1030706,111549-1,"J. Linn. Soc., Bot.","9: 171","","1867"
kew-4757605,A,Achariaceae,,Dasylepis,,"seretii",,"","De Wild.",Accepted,,M,WCSP (in review),1030707,365292-1,"Bull. Jard. Bot. État","3: 268","","1911"
kew-4757606,A,Achariaceae,,Dasylepis,,"thomasii",,"","Obama & Breteler",Accepted,,M,WCSP (in review),1030708,,"Kew Bull.","59: 590","","2004"
kew-4757664,A,Achariaceae,,Dasypetalum,,"klaineanum",,"","Pierre ex A.Chev.",Unresolved,,L,WCSP (in review),1030710,365293-1,"Veg. Ut. Afr. Trop. Franç.","9: 55","","1917"
kew-4761198,A,Achariaceae,,Dendrostylis,,"denticulata",,"","(Benth.) Planch. & Triana",Unresolved,,L,WCSP (in review),1030715,111551-1,"Ann. Sci. Nat., Bot.","IV, 17: 95","","1862"
kew-4761199,A,Achariaceae,,Dendrostylis,,"echinata",,"","Benth.",Unresolved,,L,WCSP (in review),1030716,111552-1,"J. Proc. Linn. Soc., Bot.","5(Suppl. 2): 82","","1861"
kew-4761201,A,Achariaceae,,Dendrostylis,,"microphylla",,"","H.Karst. & Triana",Unresolved,,L,WCSP (in review),1030718,111554-1,"Linnaea","28: 431","","1856"
kew-4761202,A,Achariaceae,,Dendrostylis,,"odorata",,"","(Aubl.) Eichler",Unresolved,,L,WCSP (in review),1030719,,"Fl. Bras.","13(1): 443","","1871"
kew-4761203,A,Achariaceae,,Dendrostylis,,"pubescens",,"","H.Karst. & Triana",Unresolved,,L,WCSP (in review),1030720,,"Nuev. Jen. Esp.","28","","1854"
kew-4761204,A,Achariaceae,,Dendrostylis,,"suaveolens",,"","H.Karst. & Triana",Unresolved,,L,WCSP (in review),1030721,77872-2,"Nuev. Jen. Esp.","27","","1854"
tro-13201154,A,Achariaceae,,Dendrostylis,,"suaveolens",,"","Triana & H. Karst.",Accepted,,M,TRO,13201154,,"Linnaea","28: 431","431","1856"
kew-4787536,A,Achariaceae,,Eleutherandra,,"pes-cervi",,"","Slooten",Accepted,,M,WCSP (in review),1030948,365332-1,"Bull. Jard. Bot. Buitenzorg","III, 7: 329","","1925"
kew-4801164,A,Achariaceae,,Erythrospermum,,"acuminatissimum",,"","(A.Gray) A.C.Sm.",Accepted,,M,WCSP (in review),1030956,365333-1,"Bernice P. Bishop Mus. Bull.","141: 99","","1936"
kew-4801168,A,Achariaceae,,Erythrospermum,,"ampullaceum",,"","Baker",Accepted,,M,WCSP (in review),1030960,111583-1,"J. Linn. Soc., Bot.","22: 455","","1887"
kew-4801170,A,Achariaceae,,Erythrospermum,,"boivinianum",,"","Baill.",Accepted,,M,WCSP (in review),1030962,111585-1,"Bull. Mens. Soc. Linn. Paris","1: 599","","1886"
kew-4801171,A,Achariaceae,,Erythrospermum,,"candidum",,"","(Becc.) Becc.",Accepted,,M,WCSP (in review),1030963,365334-1,"Fl. Arfak Mts.","215","","1917"
kew-4801172,A,Achariaceae,,Erythrospermum,,"capitatum",,"","Baker",Accepted,,M,WCSP (in review),1030964,111586-1,"J. Linn. Soc., Bot.","25: 302","","1889"
kew-4801173,A,Achariaceae,,Erythrospermum,,"cavaleriei",,"","H.Lév.",Unresolved,,L,WCSP (in review),1030965,365335-1,"Fl. Kouy-Tchéou","51","","1914"
kew-4801174,A,Achariaceae,,Erythrospermum,,"coffeaefolium",,"","Baill.",Accepted,,M,WCSP (in review),1030966,111587-1,"Bull. Mens. Soc. Linn. Paris","1: 605","","1886"
kew-4801177,A,Achariaceae,,Erythrospermum,,"corymbosum",,"","Baill.",Accepted,,M,WCSP (in review),1030969,111589-1,"Bull. Mens. Soc. Linn. Paris","1: 606","","1886"
kew-4801178,A,Achariaceae,,Erythrospermum,,"crassipes",,"","Baill.",Accepted,,M,WCSP (in review),1030970,111590-1,"Bull. Mens. Soc. Linn. Paris","1: 605","","1886"
kew-4801181,A,Achariaceae,,Erythrospermum,,"elegans",,"","Baill.",Accepted,,M,WCSP (in review),1030973,111593-1,"Bull. Mens. Soc. Linn. Paris","1: 600","","1886"
kew-4801184,A,Achariaceae,,Erythrospermum,,"fischeri",,"","Engl.",Unresolved,,L,WCSP (in review),1030976,111596-1,"Pflanzenw. Ost-Afrikas","C: 226","","1895"
kew-4801188,A,Achariaceae,,Erythrospermum,,"laurei",,"","Baill.",Accepted,,M,WCSP (in review),1030980,111600-1,"Bull. Mens. Soc. Linn. Paris","1: 600","","1886"
kew-4801190,A,Achariaceae,,Erythrospermum,,"leucocarpum",,"","Clos",Unresolved,,L,WCSP (in review),1030982,111602-1,"Ann. Sci. Nat., Bot.","IV, 8: 258","","1857"
kew-4801196,A,Achariaceae,,Erythrospermum,,"monticolum",,"","Thouars",Accepted,,M,WCSP (in review),1030988,,"Hist. Vég. Îsles Austral. Afriq.","67","","1806"
kew-4801197,A,Achariaceae,,Erythrospermum,,"monticolum",var.,"amplifolium","(Thouars) Sleumer",Accepted,,L,WCSP (in review),1030989,880932-1,"Adansonia","n.s., 19: 496","","1980"
kew-4801198,A,Achariaceae,,Erythrospermum,,"monticolum",var.,"cordifolium","(Clos) Sleumer",Accepted,,L,WCSP (in review),1030820,880933-1,"Adansonia","n.s., 19: 495","","1980"
kew-4801199,A,Achariaceae,,Erythrospermum,,"monticolum",var.,"pyrifolium","(Lam. ex Poir.) Sleumer",Accepted,,L,WCSP (in review),1030821,880934-1,"Adansonia","n.s., 19: 496","","1980"
kew-4801200,A,Achariaceae,,Erythrospermum,,"nossibeense",,"","Baill.",Accepted,,M,WCSP (in review),1030822,111609-1,"Bull. Mens. Soc. Linn. Paris","1: 600","","1886"
kew-4801201,A,Achariaceae,,Erythrospermum,,"novogranatense",,"","Hieron.",Unresolved,,L,WCSP (in review),1030823,111610-1,"Bot. Jahrb. Syst.","20(49): 35","","1895"
kew-4801204,A,Achariaceae,,Erythrospermum,,"pervillei",,"","Baill.",Accepted,,M,WCSP (in review),1030826,111613-1,"Bull. Mens. Soc. Linn. Paris","1: 606","","1886"
kew-4801209,A,Achariaceae,,Erythrospermum,,"recurvifolium",,"","Baker",Accepted,,M,WCSP (in review),1030831,111618-1,"J. Linn. Soc., Bot.","25: 301","","1889"
kew-4801210,A,Achariaceae,,Erythrospermum,,"richardianum",,"","Baill.",Accepted,,M,WCSP (in review),1030832,111619-1,"Bull. Mens. Soc. Linn. Paris","1: 605","","1886"
kew-4801211,A,Achariaceae,,Erythrospermum,,"rignyanum",,"","Baill.",Accepted,,M,WCSP (in review),1030833,111620-1,"Bull. Mens. Soc. Linn. Paris","1: 605","","1886"
kew-4801213,A,Achariaceae,,Erythrospermum,,"sifarii",,"","Hul, Labat & O.Pascal",Accepted,,M,WCSP (in review),1030835,1005055-1,"Adansonia","III, 20: 264","","1998"
kew-4801214,A,Achariaceae,,Erythrospermum,,"sparsiflorum",,"","Baker",Accepted,,M,WCSP (in review),1030990,111622-1,"J. Linn. Soc., Bot.","22: 455","","1887"
kew-4801217,A,Achariaceae,,Erythrospermum,,"zeylanicum",,"","(Gaertn.) Alston",Accepted,,M,WCSP (in review),1030993,365338-1,"Handb. Fl. Ceylon","6(Suppl.): 14","","1931"
kew-247297,A,Achariaceae,,Grandidiera,,"boivinii",,"","Jaub.",Accepted,,H,WCSP,247297,111695-1,"Bull. Soc. Bot. France","13: 467","","1866"
kew-4835255,A,Achariaceae,,Guthriea,,"capensis",,"","Bolus",Accepted,,M,WCSP (in review),1031078,,"Hooker's Icon. Pl.","12: t. 1161","","1876"
kew-247802,A,Achariaceae,,Gynocardia,,"odorata",,"","R.Br.",Accepted,,H,WCSP,247802,,"Pl. Coromandel","3: 95","","1820"
kew-4855481,A,Achariaceae,,Hydnocarpus,,"alcalae",,"","C.DC.",Unresolved,,L,WCSP (in review),1031576,365606-1,"Philipp. J. Sci., C","11: 37","","1916"
kew-4855482,A,Achariaceae,,Hydnocarpus,,"alpina",,"","Wight",Unresolved,,L,WCSP (in review),1031577,,"Icon. Pl. Ind. Orient.","3: t. 942","","1845"
tro-50171552,A,Achariaceae,,Hydnocarpus,,"annamensis",,"","(Gagnep.) Lescot & Sleumer",Accepted,,L,TRO,50171552,365607-1,"Fl. Cambodge, Laos & Vietnam","11: 10","10","1970"
tro-50267721,A,Achariaceae,,Hydnocarpus,,"annamica",,"","H.L. Li",Unresolved,,L,TRO,50267721,365608-1,"J. Arnold Arbor.","26(1): 119–120","119","1945"
kew-4855485,A,Achariaceae,,Hydnocarpus,,"anomalus",,"","(Merr.) Sleumer",Unresolved,,L,WCSP (in review),1031580,365609-1,"Bot. Jahrb. Syst.","69: 65","","1938"
kew-4855486,A,Achariaceae,,Hydnocarpus,,"anthelminthica",,"","Pierre ex Gagnep.",Unresolved,,L,WCSP (in review),1031581,365610-1,"Bull. Soc. Bot. France","55: 523","","1908"
tro-50120563,A,Achariaceae,,Hydnocarpus,,"anthelminthicus",,"","Pierre ex Laness.",Accepted,,M,TRO,50120563,,"Bull. Soc. Bot. France","55: 522","522","1866"
kew-4855488,A,Achariaceae,,Hydnocarpus,,"beccarianus",,"","Sleumer",Unresolved,,L,WCSP (in review),1031583,365611-1,"Bot. Jahrb. Syst.","69: 50","","1938"
kew-4855489,A,Achariaceae,,Hydnocarpus,,"borneensis",,"","Sleumer",Unresolved,,L,WCSP (in review),1031584,365612-1,"Bot. Jahrb. Syst.","69: 52","","1938"
kew-4855491,A,Achariaceae,,Hydnocarpus,,"calvipetalus",,"","Craib",Unresolved,,L,WCSP (in review),1031586,365614-1,"Bull. Misc. Inform. Kew","1928: 234","","1928"
kew-4855492,A,Achariaceae,,Hydnocarpus,,"castanea",,"","Hook.f. & Thomson",Unresolved,,L,WCSP (in review),1031587,111741-1,"Fl. Brit. India","1: 197","","1872"
kew-4855493,A,Achariaceae,,Hydnocarpus,,"cauliflora",,"","Merr.",Unresolved,,L,WCSP (in review),1031588,365615-1,"Philipp. J. Sci., C","9: 323","","1914"
kew-4855494,A,Achariaceae,,Hydnocarpus,,"clemensorum",,"","Gagnep.",Unresolved,Invalid,L,WCSP (in review),1031589,365616-1,"Fl. Indo-Chine","Suppl. 1: 203","","1939"
kew-4855495,A,Achariaceae,,Hydnocarpus,,"corymbosa",,"","Seem.",Unresolved,,L,WCSP (in review),1031590,111742-1,"J. Bot.","3: 203","","1865"
kew-4855496,A,Achariaceae,,Hydnocarpus,,"crassifolius",,"","Sleumer",Unresolved,,L,WCSP (in review),1031591,365617-1,"Bot. Jahrb. Syst.","69: 61","","1938"
kew-4855497,A,Achariaceae,,Hydnocarpus,,"cucurbitina",,"","King",Unresolved,,L,WCSP (in review),1031592,111743-1,"J. Asiat. Soc. Bengal, Pt. 2, Nat. Hist.","59(2): 120","","1890"
kew-4855498,A,Achariaceae,,Hydnocarpus,,"curtisii",,"","King",Unresolved,,L,WCSP (in review),1031593,111744-1,"J. Asiat. Soc. Bengal, Pt. 2, Nat. Hist.","59(2): 119","","1890"
kew-4855499,A,Achariaceae,,Hydnocarpus,,"dawnensis",,"","C.E.Parkinson & C.E.C.Fisch.",Unresolved,,L,WCSP (in review),1031594,365618-1,"Bull. Misc. Inform. Kew","1928: 43","","1928"
kew-4855500,A,Achariaceae,,Hydnocarpus,,"elmeri",,"","Merr.",Unresolved,,L,WCSP (in review),1031595,,"Bull. Jard. Bot. Buitenzorg","III, 9: 233","","1928"
kew-4855501,A,Achariaceae,,Hydnocarpus,,"filipes",,"","Symington & Sleumer",Unresolved,,L,WCSP (in review),1031596,365620-1,"Bot. Jahrb. Syst.","69: 40","","1938"
kew-4855502,A,Achariaceae,,Hydnocarpus,,"glaucescens",,"","Blume",Unresolved,,L,WCSP (in review),1031597,111745-1,"Rumphia","4: 22","","1849"
kew-4855503,A,Achariaceae,,Hydnocarpus,,"gracilis",,"","(Slooten) Sleumer",Unresolved,,L,WCSP (in review),1031598,365621-1,"Bot. Jahrb. Syst.","69: 64","","1938"
tro-50171559,A,Achariaceae,,Hydnocarpus,,"hainanensis",,"","(Merr.) Sleumer",Accepted,,M,TRO,50171559,365623-1,"Bot. Jahrb. Syst.","69: 15","15","1938"
kew-4855506,A,Achariaceae,,Hydnocarpus,,"heteroclita",,"","Spreng.",Unresolved,,L,WCSP (in review),1031601,111746-1,"Syst. Veg.","4(2): 94","","1827"
kew-4855507,A,Achariaceae,,Hydnocarpus,,"heterophylla",,"","Blume",Unresolved,,L,WCSP (in review),1031602,111747-1,"Rumphia","4: 22","","1849"
kew-4855508,A,Achariaceae,,Hydnocarpus,,"humei",,"","Ridl.",Unresolved,,L,WCSP (in review),1031603,365624-1,"Bull. Misc. Inform. Kew","1926: 470","","1926"
kew-4855509,A,Achariaceae,,Hydnocarpus,,"hutchinsonii",,"","Merr.",Unresolved,,L,WCSP (in review),1031604,365625-1,"Philipp. J. Sci.","17: 291","","1920 publ. 1921"
kew-4855510,A,Achariaceae,,Hydnocarpus,,"ilicifolia",,"","King",Unresolved,,L,WCSP (in review),1031605,111748-1,"Ann. Roy. Bot. Gard. (Calcutta)","5: 130","","1895"
kew-249413,A,Achariaceae,,Hydnocarpus,,"inebrians",,"","Wall.",Unresolved,Invalid,L,WCSP,249413,111750-1,"Numer. List","6670","","1832"
kew-4855512,A,Achariaceae,,Hydnocarpus,,"kingii",,"","Warb.",Unresolved,,L,WCSP (in review),1031607,111751-1,"Nat. Pflanzenfam.","3(6a): 21","","1893"
tro-13200008,A,Achariaceae,,Hydnocarpus,,"kurzii",,"","(King) Warb.",Accepted,,M,TRO,13200008,111753-1,"Nat. Pflanzenfam.","3(6a): 21","21","1893"
kew-4855516,A,Achariaceae,,Hydnocarpus,,"lanceolata",,"","Spreng.",Unresolved,,L,WCSP (in review),1031611,111755-1,"Syst. Veg.","4(2): 93","","1827"
kew-4855517,A,Achariaceae,,Hydnocarpus,,"lasionema",,"","Airy Shaw",Unresolved,,L,WCSP (in review),1031612,365626-1,"Kew Bull.","4: 157","","1949"
kew-4855519,A,Achariaceae,,Hydnocarpus,,"macrocarpa",,"","Warb.",Unresolved,,L,WCSP (in review),1031614,111756-1,"Nat. Pflanzenfam.","3(6a): 21","","1893"
kew-4855523,A,Achariaceae,,Hydnocarpus,,"moluccana",,"","Spreng.",Unresolved,,L,WCSP (in review),1031618,111757-1,"Syst. Veg.","4(2): 93","","1827"
kew-4855524,A,Achariaceae,,Hydnocarpus,,"nana",,"","King",Unresolved,,L,WCSP (in review),1031619,111758-1,"J. Asiat. Soc. Bengal, Pt. 2, Nat. Hist.","59(2): 118","","1890"
kew-4855526,A,Achariaceae,,Hydnocarpus,,"octandra",,"","Thwaites",Unresolved,,L,WCSP (in review),1031621,111760-1,"Hooker's J. Bot. Kew Gard. Misc.","7: 197","","1855"
kew-4855528,A,Achariaceae,,Hydnocarpus,,"ovoidea",,"","Elmer",Unresolved,,L,WCSP (in review),1031623,365632-1,"Leafl. Philipp. Bot.","4: 1514","","1912"
kew-4855529,A,Achariaceae,,Hydnocarpus,,"palawanensis",,"","Merr. & Quisumb.",Unresolved,,L,WCSP (in review),1031624,365633-1,"Philipp. J. Sci.","82: 330","","1954"
kew-4855530,A,Achariaceae,,Hydnocarpus,,"pentagynus",,"","Slooten",Unresolved,,L,WCSP (in review),1031625,365634-1,"Bijdr. Combret. Flacourt. Ned.-Ind.","64","","1919"
tro-50183454,A,Achariaceae,,Hydnocarpus,,"pentandrus",,"","(Buch.-Ham.) Oken",Accepted,,L,TRO,50183454,365635-1,"Allg. Naturgesch.","3: 1381","1381","1841"
kew-4855532,A,Achariaceae,,Hydnocarpus,,"pinguis",,"","Sleumer",Unresolved,,L,WCSP (in review),1031627,365636-1,"Blumea","7: 493","","1954"
kew-4855533,A,Achariaceae,,Hydnocarpus,,"polyandra",,"","Blanco",Unresolved,,L,WCSP (in review),1031628,111761-1,"Fl. Filip., ed. 2","545","","1845"
kew-4855534,A,Achariaceae,,Hydnocarpus,,"polypetalus",,"","(Slooten) Sleumer",Unresolved,,L,WCSP (in review),1031629,365638-1,"Bot. Jahrb. Syst.","69: 62","","1938"
kew-4855535,A,Achariaceae,,Hydnocarpus,,"punctifer",,"","Slooten ex Den Berger",Unresolved,,L,WCSP (in review),1031630,365639-1,"Bull. Jard. Bot. Buitenzorg","III, 9: 233","","1928"
kew-4855536,A,Achariaceae,,Hydnocarpus,,"quadrasii",,"","Elmer",Unresolved,,L,WCSP (in review),1031631,365640-1,"Leafl. Philipp. Bot.","4: 1515","","1912"
kew-4855537,A,Achariaceae,,Hydnocarpus,,"saigonensis",,"","Pierre ex Gagnep.",Unresolved,,L,WCSP (in review),1031632,365641-1,"Bull. Soc. Bot. France","55: 523","","1908"
kew-4855539,A,Achariaceae,,Hydnocarpus,,"serrata",,"","Warb.",Unresolved,,L,WCSP (in review),1031634,111763-1,"Nat. Pflanzenfam.","3(6a): 21","","1893"
kew-4855540,A,Achariaceae,,Hydnocarpus,,"setumpul",,"","Slooten",Unresolved,,L,WCSP (in review),1031635,365642-1,"Bull. Jard. Bot. Buitenzorg","III, 7: 308","","1925"
kew-4855541,A,Achariaceae,,Hydnocarpus,,"sharmae",,"","P.S.N.Rao & Sreek.",Unresolved,,L,WCSP (in review),1031636,960756-1,"Nordic J. Bot.","12: 225","","1992"
kew-4855542,A,Achariaceae,,Hydnocarpus,,"stigmatophorus",,"","Slooten ex Den Berger",Unresolved,,L,WCSP (in review),1031637,365643-1,"Bull. Jard. Bot. Buitenzorg","III, 9: 234","","1928"
kew-4855543,A,Achariaceae,,Hydnocarpus,,"subfalcata",,"","Merr.",Unresolved,,L,WCSP (in review),1031638,365644-1,"Philipp. J. Sci., C","4: 297","","1909"
kew-4855546,A,Achariaceae,,Hydnocarpus,,"tamiana",,"","Pulle",Unresolved,,L,WCSP (in review),1031641,365647-1,"Nova Guinea","8: 671","","1912"
kew-4855547,A,Achariaceae,,Hydnocarpus,,"tenuipetalus",,"","Sleumer",Unresolved,,L,WCSP (in review),1031642,365648-1,"Blumea","7: 494","","1954"
kew-4855549,A,Achariaceae,,Hydnocarpus,,"unonifolia",,"","Elmer",Unresolved,,L,WCSP (in review),1031644,365649-1,"Leafl. Philipp. Bot.","5: 1779","","1913"
kew-4855550,A,Achariaceae,,Hydnocarpus,,"venenata",,"","Gaertn.",Unresolved,,L,WCSP (in review),1031645,,"Fruct. Sem. Pl.","1: 288","","1788"
kew-4855551,A,Achariaceae,,Hydnocarpus,,"verrucosus",,"","C.E.Parkinson & C.E.C.Fisch.",Unresolved,,L,WCSP (in review),1031646,365650-1,"Bull. Misc. Inform. Kew","1928: 42","","1928"
kew-4855552,A,Achariaceae,,Hydnocarpus,,"wightianus",,"","Blume",Accepted,,M,WCSP (in review),1031647,111766-1,"Rumphia","4: 22","","1849"
kew-4855553,A,Achariaceae,,Hydnocarpus,,"woodii",,"","Merr.",Unresolved,,L,WCSP (in review),1031648,365651-1,"Univ. Calif. Publ. Bot.","15: 208","","1929"
kew-4855554,A,Achariaceae,,Hydnocarpus,,"wrayi",,"","King",Unresolved,,L,WCSP (in review),1031649,111767-1,"J. Asiat. Soc. Bengal, Pt. 2, Nat. Hist.","59(2): 121","","1890"
kew-4855555,A,Achariaceae,,Hydnocarpus,,"yatesii",,"","Merr.",Unresolved,,L,WCSP (in review),1031650,365653-1,"Philipp. J. Sci.","29: 402","","1926"
tro-13200619,A,Achariaceae,,Kiggelaria,,"africana",,"","L.",Accepted,,M,TRO,13200619,111770-1,"Sp. Pl.","2: 1037","1037","1753"
kew-4333559,A,Achariaceae,,Kiggelaria,,"dregeana",,"","Turcz.",Unresolved,,L,WCSP (in review),1028769,111771-1,"Bull. Soc. Imp. Naturalistes Moscou","27(2): 333","","1854"
kew-4333569,A,Achariaceae,,Kiggelaria,,"ferruginea",,"","Eckl. & Zeyh.",Unresolved,,L,WCSP (in review),1028772,,"Enum. Pl. Afric. Austral.","15","","1836"
tro-50270249,A,Achariaceae,,Kiggelaria,,"flavo-velutina",,"","Sleumer",Unresolved,,L,TRO,50270249,365655-1,"Notizbl. Bot. Gart. Berlin-Dahlem","12: 86–87","86","1934"
kew-4333553,A,Achariaceae,,Kiggelaria,,"glandulosa",,"","Salisb.",Unresolved,,L,WCSP (in review),1028766,111773-1,"Prodr. Stirp. Chap. Allerton","321","","1796"
kew-4333563,A,Achariaceae,,Kiggelaria,,"grandifolia",,"","Warb.",Unresolved,,L,WCSP (in review),1028771,111774-1,"Pflanzenw. Ost-Afrikas","C: 278","","1895"
kew-4336362,A,Achariaceae,,Kiggelaria,,"hylophila",,"","Gilg",Unresolved,,L,WCSP (in review),1028774,365656-1,"Bot. Jahrb. Syst.","40: 469","","1908"
kew-4336363,A,Achariaceae,,Kiggelaria,,"integrifolia",,"","Jacq.",Unresolved,,L,WCSP (in review),1028775,111775-1,"Collectanea","2: 296","","1789"
kew-4336364,A,Achariaceae,,Kiggelaria,,"serrata",,"","Warb. ex Engl.",Unresolved,,L,WCSP (in review),1028776,111776-1,"Abh. Königl. Akad. Wiss. Berlin","1894: 33","","1894"
tro-50220513,A,Achariaceae,,Lindackeria,,"bequaerti",,"","De Wild.",Unresolved,,L,TRO,50220513,,"Pl. Bequaert.","v. 407:","","1932"
kew-4349776,A,Achariaceae,,Lindackeria,,"caillei",,"","A.Chev.",Unresolved,,L,WCSP (in review),1028888,365665-1,"Explor. Bot. Afrique Occ. Franç.","1: 38","","1920"
kew-4349777,A,Achariaceae,,Lindackeria,,"caillei",,"","A.Chev. ex Hutch. & Dalziel",Unresolved,,L,WCSP (in review),1028889,365666-1,"Fl. W. Trop. Afr.","1: 162","","1927"
kew-4349778,A,Achariaceae,,Lindackeria,,"cuneatoacuminata",,"","Gilg",Unresolved,,L,WCSP (in review),1028890,365667-1,"Bot. Jahrb. Syst.","40: 465","","1908"
tro-13201058,A,Achariaceae,,Lindackeria,,"fragrans",,"","(Gilg) Gilg",Accepted,,M,TRO,13201058,365669-1,"Bot. Jahrb. Syst.","40: 466","466","1908"
kew-4349781,A,Achariaceae,,Lindackeria,,"gilletii",,"","De Wild.",Unresolved,,L,WCSP (in review),1028893,365670-1,"Pl. Bequaert.","5: 409","","1932"
kew-4349735,A,Achariaceae,,Lindackeria,,"grewioides",,"","Sleumer",Unresolved,,L,WCSP (in review),1028847,365671-1,"Repert. Spec. Nov. Regni Veg.","41: 121","","1936"
kew-4349686,A,Achariaceae,,Lindackeria,,"kivuensis",,"","Bamps",Unresolved,,L,WCSP (in review),1028799,365672-1,"Bull. Jard. Bot. État","34: 497","","1964"
tro-50150686,A,Achariaceae,,Lindackeria,,"latifolia",,"","Benth.",Accepted,,M,TRO,50150686,140490-2,"Hooker's J. Bot. Kew Gard. Misc.","3: 118","118","1851"
tro-13200514,A,Achariaceae,,Lindackeria,,"laurina",,"","C. Presl",Accepted,,M,TRO,13200514,,"Reliq. Haenk.","2: 89, t. 65","89","1835"
kew-4349692,A,Achariaceae,,Lindackeria,,"mildbraedii",,"","Gilg",Unresolved,,L,WCSP (in review),1028804,365673-1,"Wiss. Erg. Deut. Zentr.-Afr. Exped., Bot.","2: 567","","1913"
kew-4349694,A,Achariaceae,,Lindackeria,,"nitida",,"","Killip & R.E.Schult.",Unresolved,,L,WCSP (in review),1028806,140491-2,"Bot. Mus. Leafl.","14: 36","","1949"
tro-50150687,A,Achariaceae,,Lindackeria,,"ovata",,"","(Benth.) Gilg",Accepted,,M,TRO,50150687,140492-2,"Bot. Jahrb. Syst.","40: 465","465","1908"
tro-13200675,A,Achariaceae,,Lindackeria,,"paludosa",,"","(Benth.) Gilg",Accepted,,M,TRO,13200675,140493-2,"Nat. Pflanzenfam. (ed. 2)","21: 404","404","1925"
tro-13200218,A,Achariaceae,,Lindackeria,,"paraensis",,"","Kuhlm.",Accepted,,M,TRO,13200218,,"Mem. Inst. Oswaldo Cruz","21: 392, 406, pl. 61, f. 1–2, pl. 62–63","392","1928"
tro-50150685,A,Achariaceae,,Lindackeria,,"pauciflora",,"","Benth.",Accepted,,M,TRO,50150685,111813-1,"Hooker's J. Bot. Kew Gard. Misc.","3: 118","118","1851"
tro-13201111,A,Achariaceae,,Lindackeria,,"poggei",,"","(Gürke) Gilg",Accepted,,M,TRO,13201111,,"Bot. Jahrb. Syst.","40: 466","466","1911"
tro-13201061,A,Achariaceae,,Lindackeria,,"stipulata",,"","(Oliv.) Milne-Redh. & Sleumer",Accepted,,M,TRO,13201061,365682-1,"Repert. Spec. Nov. Regni Veg.","42: 260","260","1937"
kew-4349680,A,Achariaceae,,Lindackeria,,"vageleri",,"","Burret",Unresolved,,L,WCSP (in review),1028793,140495-2,"Notizbl. Bot. Gart. Berlin-Dahlem","9: 54","","1924"
kew-4349697,A,Achariaceae,,Lindackeria,,"vernicosa",,"","H.Karst.",Unresolved,,L,WCSP (in review),1028809,111814-1,"Fl. Columb.","2: 11","","1862"
kew-4372102,A,Achariaceae,,Mayna,,"apeibifolia",,"","Warb.",Unresolved,,L,WCSP (in review),1028959,155432-2,"Nat. Pflanzenfam.","3(6a): 19","","1893"
kew-4372083,A,Achariaceae,,Mayna,,"echinata",,"","Spruce ex Benth.",Unresolved,,L,WCSP (in review),1028945,111848-1,"J. Proc. Linn. Soc., Bot.","5(Suppl. 2): 82","","1861"
tro-13200517,A,Achariaceae,,Mayna,,"grandifolia",,"","(H. Karst.) Warb.",Accepted,,L,TRO,13200517,155434-2,"Nat. Pflanzenfam.","3(6A): 19","19","1893"
tro-50150690,A,Achariaceae,,Mayna,,"hystricina",,"","(Gleason) Sleumer",Accepted,,L,TRO,50150690,155435-2,"Repert. Spec. Nov. Regni Veg.","45: 12","12","1938"
kew-4372085,A,Achariaceae,,Mayna,,"micranthera",,"","Pilg.",Unresolved,,L,WCSP (in review),1028947,155442-2,"Verh. Bot. Vereins Prov. Brandenburg","47: 159","","1905"
tro-13200518,A,Achariaceae,,Mayna,,"odorata",,"","Aubl.",Accepted,,L,TRO,13200518,111855-1,"Hist. Pl. Guiane","2: 921–922, t. 352","921","1775"
tro-13200449,A,Achariaceae,,Mayna,,"parvifolia",,"","(J.F. Macbr.) Sleumer",Accepted,,L,TRO,13200449,155450-2,"Repert. Spec. Nov. Regni Veg.","45: 12","12","1938"
kew-4372161,A,Achariaceae,,Mayna,,"pauciflora",,"","Benth.",Unresolved,,L,WCSP (in review),1028962,111858-1,"J. Proc. Linn. Soc., Bot.","5(Suppl. 2): 81","","1861"
tro-13200232,A,Achariaceae,,Mayna,,"pubescens",,"","(Triana & H. Karst.) Warb.",Accepted,,M,TRO,13200232,155451-2,"Nat. Pflanzenfam.","III, 6a: 19","19","1893"
tro-13200233,A,Achariaceae,,Mayna,,"suaveolens",,"","(Triana & H. Karst.) Warb.",Accepted,,M,TRO,13200233,155453-2,"Nat. Pflanzenfam.","3(6a): 19","19","1893"
kew-4372260,A,Achariaceae,,Mayna,,"vernicosa",,"","H.Karst.",Unresolved,,L,WCSP (in review),1029003,111862-1,"Fl. Columb.","2: 11","","1862"
kew-4372253,A,Achariaceae,,Mocquerysia,,"epipetiola",,"","De Wild.",Unresolved,,L,WCSP (in review),1028996,365753-1,"Pl. Bequaert.","5: 411","","1932"
kew-4372251,A,Achariaceae,,Mocquerysia,,"multiflora",,"","Hua",Accepted,,M,WCSP (in review),1028994,111863-1,"J. Bot. (Morot)","7: 260","","1893"
kew-4533174,A,Achariaceae,,Pangium,,"ceramense",,"","Teijsm. & Binn. ex Slooten",Unresolved,,L,WCSP (in review),1029583,365798-1,"Bijdr. Combret. Flacourt. Ned.-Ind.","80","","1919"
tro-50137531,A,Achariaceae,,Pangium,,"edule",,"","Reinw.",Accepted,,M,TRO,50137531,,"Syll. Pl. Nov.","2: 13–14","13","1828"
kew-4533172,A,Achariaceae,,Pangium,,"naumannii",,"","Warb.",Unresolved,,L,WCSP (in review),1029581,111973-1,"Nat. Pflanzenfam.","3(6a): 23","","1893"
kew-4533171,A,Achariaceae,,Pangium,,"rumphii",,"","Voigt",Unresolved,,L,WCSP (in review),1029580,20008166-1,"Hort. Suburb. Calcutt.","85","","1845"
kew-4533169,A,Achariaceae,,Paraphyadanthe,,"coriacea",,"","Mildbr.",Unresolved,,L,WCSP (in review),1029578,365799-1,"Notizbl. Bot. Gart. Berlin-Dahlem","7: 404","","1920"
kew-4533167,A,Achariaceae,,Paraphyadanthe,,"lophocarpa",,"","Gilg",Unresolved,,L,WCSP (in review),1029576,365801-1,"Nat. Pflanzenfam. ed. 2","21: 401","","1925"
tro-13201050,A,Achariaceae,,Peterodendron,,"ovatum",,"","(Sleumer) Sleumer",Accepted,,M,TRO,13201050,365824-1,"Notizbl. Bot. Gart. Berlin-Dahlem","13: 358","358","1936"
kew-4533123,A,Achariaceae,,Poggea,,"alata",,"","Gürke",Accepted,,M,WCSP (in review),1029610,112011-1,"Nat. Pflanzenfam.","3(6a): 16","","1893"
kew-4533122,A,Achariaceae,,Poggea,,"gossweileri",,"","Exell",Accepted,,M,WCSP (in review),1029185,365832-1,"J. Bot.","64(Suppl.): 20","","1926"
kew-4533121,A,Achariaceae,,Poggea,,"kamerunensis",,"","Gilg",Unresolved,,L,WCSP (in review),1029184,365833-1,"Bot. Jahrb. Syst.","40: 452","","1908"
kew-4533120,A,Achariaceae,,Poggea,,"klaineana",,"","Pierre ex Engl.",Unresolved,,L,WCSP (in review),1029183,365834-1,"Veg. Erde","9(III 2): 563","","1921"
kew-4533119,A,Achariaceae,,Poggea,,"longipedunculata",,"","Bamps",Unresolved,,L,WCSP (in review),1029182,365835-1,"Bull. Jard. Bot. État","34: 496","","1964"
kew-4533117,A,Achariaceae,,Poggea,,"stenura",,"","Gilg",Unresolved,,L,WCSP (in review),1029180,365837-1,"Bot. Jahrb. Syst.","40: 452","","1908"
tro-50223661,A,Achariaceae,,Prockiopsis,,"calcicola",,"","G.E. Schatz & Lowry",Accepted,,M,TRO,50223661,70028685-1,"Adansonia, sér. 3,","25(1): 47–48, f. 1, 2 (map)","47","2003"
tro-13200314,A,Achariaceae,,Prockiopsis,,"hildebrandtii",,"","Baill.",Accepted,,M,TRO,13200314,,"Bull. Mens. Soc. Linn. Paris","1: 573","573","1886"
tro-50223662,A,Achariaceae,,Prockiopsis,,"orientalis",,"","Capuron ex G.E. Schatz & Lowry",Accepted,,M,TRO,50223662,70028686-1,"Adansonia, sér. 3,","25(1): 49–50, f. 2 (map), 3","49","2003"
kew-4532916,A,Achariaceae,,Pyramidocarpus,,"caudatus",,"","Pierre ex A.Chev.",Unresolved,,L,WCSP (in review),1029173,365851-1,"Veg. Ut. Afr. Trop. Franç.","9: 56","","1917"
kew-4532915,A,Achariaceae,,Pyramidocarpus,,"petiolaris",,"","Pierre ex A.Chev.",Unresolved,,L,WCSP (in review),1029172,365852-1,"Veg. Ut. Afr. Trop. Franç.","9: 56","","1917"
tro-13201136,A,Achariaceae,,Rawsonia,,"burtt-davyi",,"","(Edlin) F. White",Accepted,,M,TRO,13201136,948241-1,"Bull. Jard. Bot. Belg.","60(1–2): 95","95","1990"
kew-4427409,A,Achariaceae,,Rawsonia,,"lucida",,"","Harv.",Accepted,,M,WCSP (in review),1029313,112018-1,"Fl .Cap.","1: 67","","1860"
kew-4427410,A,Achariaceae,,Rawsonia,,"reticulata",,"","Gilg",Unresolved,,L,WCSP (in review),1029314,112019-1,"Bot. Jahrb. Syst.","30: 357","","1901"
kew-4427411,A,Achariaceae,,Rawsonia,,"schlechteri",,"","Gilg",Unresolved,,L,WCSP (in review),1029315,365854-1,"Bot. Jahrb. Syst.","40: 449","","1908"
kew-4427413,A,Achariaceae,,Rawsonia,,"transjubensis",,"","Chiov.",Unresolved,,L,WCSP (in review),1029317,365856-1,"Fl. Somala","2: 12","","1932"
kew-4427421,A,Achariaceae,,Rawsonia,,"ugandensis",,"","Dawe & Sprague",Unresolved,,L,WCSP (in review),1029325,365857-1,"J. Linn. Soc., Bot.","37: 500","","1906"
kew-4427415,A,Achariaceae,,Rawsonia,,"uluguruensis",,"","Sleumer",Unresolved,,L,WCSP (in review),1029319,365858-1,"Notizbl. Bot. Gart. Berlin-Dahlem","11: 1077","","1934"
kew-4427408,A,Achariaceae,,Rawsonia,,"usambarensis",,"","Engl. & Gilg",Unresolved,,L,WCSP (in review),1029312,365859-1,"Bot. Jahrb. Syst.","40: 449","","1908"
kew-4427445,A,Achariaceae,,Ryparosa,,"acuminata",,"","Merr.",Unresolved,,L,WCSP (in review),1029337,365867-1,"Philipp. J. Sci., C","11: 100","","1916"
kew-4427446,A,Achariaceae,,Ryparosa,,"amplifolia",,"","Mildbr.",Unresolved,,L,WCSP (in review),1029338,365868-1,"Notizbl. Bot. Gart. Berlin-Dahlem","10: 339","","1928"
kew-4605407,A,Achariaceae,,Ryparosa,,"anterides",,"","B.L.Webber",Unresolved,,L,WCSP (in review),1029986,,"Austral. Syst. Bot.","19: 564","","2006"
kew-4427447,A,Achariaceae,,Ryparosa,,"baccaureoides",,"","Sleumer",Unresolved,,L,WCSP (in review),1029339,365869-1,"Blumea","7: 495","","1954"
kew-4427448,A,Achariaceae,,Ryparosa,,"borneensis",,"","Slooten",Unresolved,,L,WCSP (in review),1029340,365870-1,"Bijdr. Combret. Flacourt. Ned.-Ind.","88","","1919"
kew-4869330,A,Achariaceae,,Ryparosa,,"caesia",,"","Kurz ex King",Unresolved,,L,WCSP (in review),1031427,355712-1,"J. Asiat. Soc. Bengal, Pt. 2, Nat. Hist.","59(2): 125","","1890"
kew-4427406,A,Achariaceae,,Ryparosa,,"calotricha",,"","Mildbr.",Unresolved,,L,WCSP (in review),1029311,365871-1,"Notizbl. Bot. Gart. Berlin-Dahlem","10: 339","","1928"
kew-4427361,A,Achariaceae,,Ryparosa,,"cauliflora",,"","Merr.",Unresolved,,L,WCSP (in review),1029300,365872-1,"Philipp. J. Sci., C","9: 325","","1914"
kew-4869331,A,Achariaceae,,Ryparosa,,"fasciculata",,"","King",Unresolved,,L,WCSP (in review),1031428,355713-1,"J. Asiat. Soc. Bengal, Pt. 2, Nat. Hist.","59(2): 127","","1890"
kew-4427364,A,Achariaceae,,Ryparosa,,"glauca",,"","Ridl.",Unresolved,,L,WCSP (in review),1029301,365873-1,"J. Bot.","74: 225","","1936"
kew-4427365,A,Achariaceae,,Ryparosa,,"hirsuta",,"","J.J.Sm.",Unresolved,,L,WCSP (in review),1029302,365874-1,"Icon. Bogor.","4: t. 317","","1910"
kew-4869332,A,Achariaceae,,Ryparosa,,"hullettii",,"","King",Unresolved,,L,WCSP (in review),1031429,355714-1,"J. Asiat. Soc. Bengal, Pt. 2, Nat. Hist.","59(2): 126","","1890"
kew-4427366,A,Achariaceae,,Ryparosa,,"inconstans",,"","Craib",Unresolved,,L,WCSP (in review),1029303,365875-1,"Bull. Misc. Inform. Kew","1926: 154","","1926"
kew-4427367,A,Achariaceae,,Ryparosa,,"javanica",,"","Koord. & Valeton",Unresolved,,L,WCSP (in review),1029304,,"Meded. Lands Plantentuin","33: 11","","1900"
kew-4869333,A,Achariaceae,,Ryparosa,,"kingii",,"","King",Unresolved,,L,WCSP (in review),1031430,355715-1,"J. Asiat. Soc. Bengal, Pt. 2, Nat. Hist.","59(2): 125","","1890"
kew-4427368,A,Achariaceae,,Ryparosa,,"kostermansii",,"","Sleumer",Unresolved,,L,WCSP (in review),1029305,365876-1,"Blumea","7: 496","","1954"
kew-4869334,A,Achariaceae,,Ryparosa,,"kunstleri",,"","King",Unresolved,,L,WCSP (in review),1031431,355716-1,"J. Asiat. Soc. Bengal, Pt. 2, Nat. Hist.","59(2): 127","","1890"
kew-4605408,A,Achariaceae,,Ryparosa,,"kurrangii",,"","B.L.Webber",Unresolved,,L,WCSP (in review),1029987,,"Austral. Syst. Bot.","19: 566","","2006"
kew-4427370,A,Achariaceae,,Ryparosa,,"longipedunculata",,"","Boerl.",Unresolved,,L,WCSP (in review),1029307,112057-1,"Cat. Pl. Phan.","55","","1899"
kew-4605409,A,Achariaceae,,Ryparosa,,"maculata",,"","B.L.Webber",Unresolved,,L,WCSP (in review),1029988,,"Austral. Syst. Bot.","19: 563","","2006"
kew-4605410,A,Achariaceae,,Ryparosa,,"maycockii",,"","B.L.Webber",Unresolved,,L,WCSP (in review),1029989,,"Austral. Syst. Bot.","19: 565","","2006"
kew-4427371,A,Achariaceae,,Ryparosa,,"micromera",,"","Slooten",Unresolved,,L,WCSP (in review),1029308,365877-1,"Bull. Jard. Bot. Buitenzorg","III, 7: 325","","1925"
kew-4605411,A,Achariaceae,,Ryparosa,,"milleri",,"","B.L.Webber",Unresolved,,L,WCSP (in review),1029990,,"Austral. Syst. Bot.","19: 565","","2006"
kew-4427372,A,Achariaceae,,Ryparosa,,"minor",,"","Ridl.",Unresolved,,L,WCSP (in review),1029309,365878-1,"J. Bot.","74: 225","","1936"
kew-4427373,A,Achariaceae,,Ryparosa,,"multinervosa",,"","Slooten",Unresolved,,L,WCSP (in review),1029310,365879-1,"Bull. Jard. Bot. Buitenzorg","III, 7: 318","","1925"
kew-4427355,A,Achariaceae,,Ryparosa,,"oligophlebia",,"","Merr.",Unresolved,,L,WCSP (in review),1029299,365880-1,"Philipp. J. Sci., C","13: 97","","1918"
kew-4427369,A,Achariaceae,,Ryparosa,,"porcata",,"","P.F.Stevens",Unresolved,,L,WCSP (in review),1029306,1006512-1,"Harvard Pap. Bot.","3: 253","","1998"
kew-4869336,A,Achariaceae,,Ryparosa,,"scortechinii",,"","King",Unresolved,,L,WCSP (in review),1031433,355718-1,"J. Asiat. Soc. Bengal, Pt. 2, Nat. Hist.","59(2): 126","","1890"
kew-4869337,A,Achariaceae,,Ryparosa,,"sumatrana",,"","Warb.",Unresolved,,L,WCSP (in review),1031434,355719-1,"Nat. Pflanzenfam.","3(6a): 23","","1893"
kew-4427350,A,Achariaceae,,Ryparosa,,"wallichii",,"","Ridl.",Unresolved,,L,WCSP (in review),1029298,365881-1,"J. Straits Branch Roy. Asiat. Soc.","68: 139","","1916"
kew-4869338,A,Achariaceae,,Ryparosa,,"wrayi",,"","King",Unresolved,,L,WCSP (in review),1031435,355720-1,"J. Asiat. Soc. Bengal, Pt. 2, Nat. Hist.","59(2): 126","","1890"
kew-4589979,A,Achariaceae,,Scaphocalyx,,"parviflora",,"","Ridl.",Unresolved,,L,WCSP (in review),1029964,365902-1,"J. Bot.","58: 149","","1920"
kew-4589980,A,Achariaceae,,Scaphocalyx,,"spathacea",,"","Ridl.",Unresolved,,L,WCSP (in review),1029965,365903-1,"J. Bot.","58: 149","","1920"
kew-4589566,A,Achariaceae,,Scottellia,,"chevalieri",,"","Chipp",Unresolved,,L,WCSP (in review),1029868,365958-1,"Bull. Misc. Inform. Kew","1923: 265","","1923"
kew-4589568,A,Achariaceae,,Scottellia,,"coriacea",,"","A.Chev. ex Hutch. & Dalziel",Unresolved,,L,WCSP (in review),1029870,365960-1,"Bull. Misc. Inform. Kew","1928: 31","","1928"
kew-4589578,A,Achariaceae,,Scottellia,,"coriacea",,"","A.Chev.",Unresolved,,L,WCSP (in review),1029879,365961-1,"Fl. W. Trop. Afr.","1: 160","","1927"
kew-4589562,A,Achariaceae,,Scottellia,,"kamerunensis",,"","Gilg",Unresolved,,L,WCSP (in review),1029865,365963-1,"Bot. Jahrb. Syst.","40: 447","","1908"
kew-4589572,A,Achariaceae,,Scottellia,,"klaineana",,"","Pierre",Accepted,,M,WCSP (in review),1029874,112094-1,"Bull. Mens. Soc. Linn. Paris","n.s., 1: 113","","1898"
tro-50283773,A,Achariaceae,,Scottellia,,"klaineana",var.,"mimfiensis","(Gilg) Pellegr.",Accepted,,L,TRO,50283773,,"Mém. Soc. Bot. France","1952: 108","108","1953"
tro-50040717,A,Achariaceae,,Scottellia,,"leonensis",,"","Oliv.",Accepted,,M,TRO,50040717,112095-1,"Hooker's Icon. Pl.","23: t. 2265","","1893"
kew-4589574,A,Achariaceae,,Scottellia,,"macrocarpa",,"","Tisser. & Sillans",Unresolved,,L,WCSP (in review),1029876,365964-1,"Bull. Soc. Bot. France","100: 7","","1953"
kew-4589575,A,Achariaceae,,Scottellia,,"macropus",,"","Gilg & Dinkl.",Unresolved,,L,WCSP (in review),1029877,365965-1,"Bot. Jahrb. Syst.","40: 445","","1908"
kew-4589554,A,Achariaceae,,Scottellia,,"montana",,"","Gilg",Unresolved,,L,WCSP (in review),1029861,365967-1,"Nat. Pflanzenfam. ed. 2","21: 394","","1925"
kew-4589571,A,Achariaceae,,Scottellia,,"montana",,"","Gilg ex Engl.",Unresolved,,L,WCSP (in review),1029873,365968-1,"Veg. Erde","9(III 2): 561","","1921"
tro-50052855,A,Achariaceae,,Scottellia,,"orientalis",,"","Gilg",Accepted,,M,TRO,50052855,365969-1,"Bot. Jahrb. Syst.","40: 447","447","1908"
kew-4589547,A,Achariaceae,,Scottellia,,"polyantha",,"","Gilg ex Engl.",Unresolved,,L,WCSP (in review),1029855,,"Veg. Erde","9(III 2): 561","","1921"
kew-4589548,A,Achariaceae,,Scottellia,,"schweinfurthii",,"","Gilg ex Tisser. & Sillans",Unresolved,,L,WCSP (in review),1029856,365971-1,"Bull. Soc. Bot. France","100: 7","","1953"
kew-4589549,A,Achariaceae,,Scottellia,,"thyrsiflora",,"","Gilg",Unresolved,,L,WCSP (in review),1029857,365972-1,"Wiss. Erg. Zweit. Deut. Zentr.-Afr. Exped., Bot.","2: 60","","1922"
kew-4589550,A,Achariaceae,,Scottellia,,"thyrsiflora",,"","Gilg ex Engl.",Unresolved,,L,WCSP (in review),1029858,,"Veg. Erde","9(III 2): 561","","1921"
kew-4442867,A,Achariaceae,,Taraktogenos,,"annamense",,"","Gagnep.",Unresolved,,L,WCSP (in review),1029406,365985-1,"Fl. Indo-Chine","Suppl. 1: 206","","1939"
kew-4442868,A,Achariaceae,,Taraktogenos,,"anomala",,"","Merr.",Unresolved,,L,WCSP (in review),1029407,365986-1,"Philipp. J. Sci.","29: 401","","1926"
kew-4442869,A,Achariaceae,,Taraktogenos,,"bandogama",,"","Hassk. ex Aresch.",Unresolved,,L,WCSP (in review),1029408,112101-1,"Kongl. Svenska Vetensk. Acad. Handl.","n.s., 39(2): 103","","1905"
kew-4442870,A,Achariaceae,,Taraktogenos,,"blumei",,"","Hassk.",Unresolved,,L,WCSP (in review),1029409,112102-1,"Retzia","1: 127","","1855"
kew-4442871,A,Achariaceae,,Taraktogenos,,"calophyllum",,"","Ridl.",Unresolved,,L,WCSP (in review),1029410,365987-1,"Hooker's Icon. Pl.","32: t. 3167","","1932"
kew-4442779,A,Achariaceae,,Taraktogenos,,"floribunda",,"","Gagnep.",Unresolved,,L,WCSP (in review),1029076,365989-1,"Bull. Soc. Bot. France","95: 28","","1948"
kew-4442842,A,Achariaceae,,Taraktogenos,,"gracilis",,"","Slooten",Unresolved,,L,WCSP (in review),1029404,365990-1,"Bull. Jard. Bot. Buitenzorg","III, 7: 301","","1925"
kew-4442782,A,Achariaceae,,Taraktogenos,,"grandiflora",,"","Merr.",Unresolved,,L,WCSP (in review),1029078,365991-1,"J. Straits Branch Roy. Asiat. Soc.","86: 332","","1922"
kew-4442784,A,Achariaceae,,Taraktogenos,,"heterophylla",,"","Slooten ex K.Heyne",Unresolved,,L,WCSP (in review),1029080,365993-1,"Nutt. Pl. Ned.-Ind.","ed. 2, 2: 1134","","1927"
kew-4442785,A,Achariaceae,,Taraktogenos,,"ilicifolia",,"","Kerr",Unresolved,,L,WCSP (in review),1029081,365994-1,"Record, Techn. & Sci. Suppl.","7: 13","","1930"
kew-4442786,A,Achariaceae,,Taraktogenos,,"ilicifolium",,"","(King) Gagnep.",Unresolved,,L,WCSP (in review),1029082,365995-1,"Fl. Indo-Chine","Suppl. 1: 205","","1939"
kew-4442796,A,Achariaceae,,Taraktogenos,,"kunstleri",,"","King",Unresolved,,L,WCSP (in review),1029092,112103-1,"J. Asiat. Soc. Bengal, Pt. 2, Nat. Hist.","59(2): 122","","1890"
kew-4442790,A,Achariaceae,,Taraktogenos,,"macrocarpa",,"","(Bedd.) N.P.Balakr.",Unresolved,,L,WCSP (in review),1029086,365997-1,"J. Bombay Nat. Hist. Soc.","67: 57","","1970"
kew-4442792,A,Achariaceae,,Taraktogenos,,"microcarpa",,"","Pierre ex Gagnep.",Unresolved,,L,WCSP (in review),1029088,365999-1,"Bull. Soc. Bot. France","55: 525","","1908"
kew-4442793,A,Achariaceae,,Taraktogenos,,"polypetala",,"","Slooten",Unresolved,,L,WCSP (in review),1029089,366000-1,"Bijdr. Combret. Flacourt. Ned.-Ind.","74","","1919"
kew-4442794,A,Achariaceae,,Taraktogenos,,"scortechinii",,"","King",Unresolved,,L,WCSP (in review),1029090,112105-1,"J. Asiat. Soc. Bengal, Pt. 2, Nat. Hist.","59(2): 122","","1890"
kew-4442789,A,Achariaceae,,Taraktogenos,,"subintegra",,"","Pierre",Unresolved,,L,WCSP (in review),1029085,366002-1,"Bull. Soc. Bot. France","55: 526","","1908"
kew-4442787,A,Achariaceae,,Taraktogenos,,"tomentosa",,"","King",Unresolved,,L,WCSP (in review),1029083,112106-1,"J. Asiat. Soc. Bengal, Pt. 2, Nat. Hist.","59(2): 122","","1890"
kew-4442818,A,Achariaceae,,Trichadenia,,"philippinensis",,"","Merr.",Unresolved,,L,WCSP (in review),1029105,366023-1,"Philipp. J. Sci., C","4: 298","","1909"
kew-4446341,A,Achariaceae,,Trichadenia,,"sasae",,"","W.N.Takeuchi",Unresolved,,L,WCSP (in review),1029418,60429557-2,"Sida","20: 1522","","2003"
kew-4442827,A,Achariaceae,,Trichadenia,,"zeylanica",,"","Thwaites",Unresolved,,L,WCSP (in review),1029403,112112-1,"Hooker's J. Bot. Kew Gard. Misc.","7: 196","","1855"
tro-50213831,A,Achariaceae,,Xylotheca,,"capreifolia",,"","(Baker) Gilg",Accepted,,M,TRO,50213831,366141-1,"Bot. Jahrb. Syst.","40: 456","456","1908"
kew-4467307,A,Achariaceae,,Xylotheca,,"fissistyla",,"","Gilg",Unresolved,,L,WCSP (in review),1029462,366142-1,"Bot. Jahrb. Syst.","40: 455","","1908"
kew-4467306,A,Achariaceae,,Xylotheca,,"glutinosa",,"","Gilg",Unresolved,,L,WCSP (in review),1029461,366143-1,"Bot. Jahrb. Syst.","40: 457","","1908"
kew-4467383,A,Achariaceae,,Xylotheca,,"holtzii",,"","Gilg",Unresolved,,L,WCSP (in review),1029534,366144-1,"Bot. Jahrb. Syst.","40: 456","","1908"
kew-4467420,A,Achariaceae,,Xylotheca,,"kirkii",,"","Gilg",Unresolved,,L,WCSP (in review),1029544,366145-1,"Bot. Jahrb. Syst.","40: 455","","1908"
kew-4467357,A,Achariaceae,,Xylotheca,,"kotzei",,"","E.Phillips",Unresolved,,L,WCSP (in review),1029508,366146-1,"Bull. Misc. Inform. Kew","1922: 193","","1922"
tro-13200615,A,Achariaceae,,Xylotheca,,"kraussiana",,"","Hochst.",Accepted,,M,TRO,13200615,112183-1,"Fl. Zonas Vida Ecuador","xxvi: 69","1843","1843"
kew-4467405,A,Achariaceae,,Xylotheca,,"lasiopetala",,"","Gilg",Unresolved,,L,WCSP (in review),1029542,366147-1,"Bot. Jahrb. Syst.","40: 457","","1908"
kew-4467404,A,Achariaceae,,Xylotheca,,"longipes",,"","(Gilg) Gilg",Accepted,,M,WCSP (in review),1029541,366148-1,"Bot. Jahrb. Syst.","40: 455","","1908"
kew-4467403,A,Achariaceae,,Xylotheca,,"macrophylla",,"","(Klotzsch) Sleumer",Unresolved,,L,WCSP (in review),1029540,366149-1,"Repert. Spec. Nov. Regni Veg.","45: 20","","1938"
kew-4467402,A,Achariaceae,,Xylotheca,,"solmsii",,"","Gilg ex Engl.",Unresolved,,L,WCSP (in review),1029539,366150-1,"Veg. Erde","9(III 2): 567","","1921"
kew-4467400,A,Achariaceae,,Xylotheca,,"sulcata",,"","Gilg",Unresolved,,L,WCSP (in review),1029537,366152-1,"Bot. Jahrb. Syst.","40: 456","","1908"
tro-13201052,A,Achariaceae,,Xylotheca,,"tettensis",,"","(Klotzsch) Gilg",Accepted,,M,TRO,13201052,366153-1,"Bot. Jahrb. Syst.","40: 456","456","1908"
