﻿ID,Major group,Family,Genus hybrid marker,Genus,Species hybrid marker,Species,Infraspecific rank,Infraspecific epithet,Authorship,Taxonomic status in TPL,Nomenclatural status from original data source,Confidence level,Source,Source id,IPNI id,Publication,Collation,Page,Date
kew-298176,A,Alstroemeriaceae,,Alstroemeria,,"achirae",,"","Muñoz Schick & Brinck",Accepted,,H,WCSP,298176,321505-2,"Gayana, Bot.","57: 56","","2000"
kew-456249,A,Alstroemeriaceae,,Alstroemeria,,"albescens",,"","M.C.Assis",Accepted,,H,WCSP,456249,60452452-2,"Novon","19: 145","","2009"
kew-298180,A,Alstroemeriaceae,,Alstroemeria,,"altoparadisea",,"","Ravenna",Accepted,,H,WCSP,298180,1018059-1,"Onira","5: 17","","2000"
kew-309261,A,Alstroemeriaceae,,Alstroemeria,,"amabilis",,"","M.C.Assis",Accepted,,H,WCSP,309261,329281-2,"Acta Bot. Brasil.","17: 180","","2003"
kew-298181,A,Alstroemeriaceae,,Alstroemeria,,"amazonica",,"","Ducke",Accepted,,H,WCSP,298181,10157-2,"Arch. Jard. Bot. Rio de Janeiro","1: 12","","1915"
kew-298185,A,Alstroemeriaceae,,Alstroemeria,,"andina",,"","Phil.",Accepted,,H,WCSP,298185,62450-1,"Linnaea","29: 69","","1858"
kew-298186,A,Alstroemeriaceae,,Alstroemeria,,"andina",subsp.,"venustula","(Phil.) Ehr.Bayer",Accepted,,L,WCSP,298186,954069-1,"Gatt. Alstr. Chile","81","","1986 publ. 1987"
kew-298187,A,Alstroemeriaceae,,Alstroemeria,,"angustifolia",,"","Herb.",Accepted,,H,WCSP,298187,271989-2,"Amaryllidaceae","96","","1837"
kew-298188,A,Alstroemeriaceae,,Alstroemeria,,"angustifolia",subsp.,"velutina","Ehr.Bayer",Accepted,,L,WCSP,298188,950193-1,"Gatt. Alstr. Chile","202","","1986 publ. 1987"
kew-298189,A,Alstroemeriaceae,,Alstroemeria,,"annapolina",,"","Ravenna",Accepted,,H,WCSP,298189,1018060-1,"Onira","5: 18","","2000"
kew-298190,A,Alstroemeriaceae,,Alstroemeria,,"apertiflora",,"","Baker",Accepted,,H,WCSP,298190,10162-2,"Handb. Amaryll.","135","","1888"
kew-298191,A,Alstroemeriaceae,,Alstroemeria,,"aquidauanica",,"","Ravenna",Accepted,,H,WCSP,298191,1018277-1,"Onira","5: 35","","2000"
kew-298194,A,Alstroemeriaceae,,Alstroemeria,,"arnicana",,"","Ravenna",Accepted,,H,WCSP,298194,1018278-1,"Onira","5: 36","","2000"
kew-298196,A,Alstroemeriaceae,,Alstroemeria,,"aulica",,"","Ravenna",Accepted,,H,WCSP,298196,1015272-1,"Onira","4: 41","","2000"
kew-298198,A,Alstroemeriaceae,,Alstroemeria,,"aurea",,"","Graham",Accepted,,H,WCSP,298198,62457-1,"Edinburgh Philos. J.","1833: 181","","1833"
kew-298200,A,Alstroemeriaceae,,Alstroemeria,,"bahiensis",,"","Ravenna",Accepted,,H,WCSP,298200,1015265-1,"Onira","4: 37","","2000"
kew-298201,A,Alstroemeriaceae,,Alstroemeria,,"bakeri",,"","Pax",Accepted,,H,WCSP,298201,10164-2,"Bot. Jahrb. Syst.","11: 335","","1889"
tro-1200330,A,Alstroemeriaceae,,Alstroemeria,,"berteroana",,"","Klotzsch",Unresolved,,L,TRO,1200330,,"","","",""
kew-298204,A,Alstroemeriaceae,,Alstroemeria,,"bilabiata",,"","Ravenna",Accepted,,H,WCSP,298204,271991-2,"Phytologia","64: 282","","1988"
kew-298206,A,Alstroemeriaceae,,Alstroemeria,,"brasiliensis",,"","Spreng.",Accepted,,H,WCSP,298206,62464-1,"Syst. Veg.","2: 81","","1825"
kew-298208,A,Alstroemeriaceae,,Alstroemeria,,"burchellii",,"","Baker",Accepted,,H,WCSP,298208,330955-2,"J. Bot.","15: 262","","1877"
kew-309265,A,Alstroemeriaceae,,Alstroemeria,,"cabralensis",,"","Ravenna",Accepted,,H,WCSP,309265,50426336-2,"Onira","9: 25","","2003"
kew-298210,A,Alstroemeriaceae,,Alstroemeria,,"caiaponica",,"","Ravenna",Accepted,,H,WCSP,298210,1018279-1,"Onira","5: 36","","2000"
kew-456250,A,Alstroemeriaceae,,Alstroemeria,,"calliantha",,"","M.C.Assis",Accepted,,H,WCSP,456250,60452453-2,"Novon","19: 147","","2009"
kew-298214,A,Alstroemeriaceae,,Alstroemeria,,"cantillanica",,"","Ravenna",Accepted,,H,WCSP,298214,271992-2,"Phytologia","64: 285","","1988"
kew-309266,A,Alstroemeriaceae,,Alstroemeria,,"capixaba",,"","M.C.Assis",Accepted,,H,WCSP,309266,,"Acta Bot. Brasil.","17: 180","","2003"
kew-298215,A,Alstroemeriaceae,,Alstroemeria,,"caryophyllaea",,"","Jacq.",Accepted,,H,WCSP,298215,,"Pl. Hort. Schoenbr.","4: 33, t. 465","","1804"
tro-1200338,A,Alstroemeriaceae,,Alstroemeria,,"cassipanuliflora",,"","Hand.-Mazz.",Unresolved,,L,TRO,1200338,,"","","",""
kew-298218,A,Alstroemeriaceae,,Alstroemeria,,"chapadensis",,"","Hoehne",Accepted,,H,WCSP,298218,10169-2,"Relat. Commiss. Linhas Telegr. Estratég. Matto Grosso Amazonas","5: 18","","1915"
tro-1201316,A,Alstroemeriaceae,,Alstroemeria,,"chillanensis",,"","Grau & Bayer",Accepted,,M,TRO,1201316,,"","","",""
kew-298222,A,Alstroemeriaceae,,Alstroemeria,,"chorillensis",,"","Herb.",Accepted,,H,WCSP,298222,62476-1,"Edwards's Bot. Reg.","29: 64","","1843"
kew-298228,A,Alstroemeriaceae,,Alstroemeria,,"crispata",,"","Phil.",Accepted,,H,WCSP,298228,62482-1,"Linnaea","29: 70","","1858"
kew-298231,A,Alstroemeriaceae,,Alstroemeria,,"cuiabana",,"","Ravenna",Accepted,,H,WCSP,298231,1018061-1,"Onira","5: 18","","2000"
kew-298232,A,Alstroemeriaceae,,Alstroemeria,,"cultrifolia",,"","Ravenna",Accepted,,H,WCSP,298232,1018280-1,"Onira","5: 37","","2000"
kew-298234,A,Alstroemeriaceae,,Alstroemeria,,"cunha",,"","Vell.",Accepted,,H,WCSP,298234,295999-2,"Fl. Flumin.","3: 131, t. 121","","1829"
kew-298239,A,Alstroemeriaceae,,Alstroemeria,×,"davisiae",,"","Duncan ex Traub",Unresolved,,L,WCSP,298239,58618-1,"Pl. Life","34: 94","","1978"
tro-1200341,A,Alstroemeriaceae,,Alstroemeria,,"debilis",,"","Klotzsch",Unresolved,,L,TRO,1200341,,"","","",""
kew-298241,A,Alstroemeriaceae,,Alstroemeria,,"decora",,"","Ravenna",Accepted,,H,WCSP,298241,1015273-1,"Onira","4: 42","","2000"
kew-298245,A,Alstroemeriaceae,,Alstroemeria,,"despuenta",,"","Pasq.",Unresolved,,L,WCSP,298245,62494-1,"Cat. Ort. Bot. Napoli","7","","1867"
kew-298247,A,Alstroemeriaceae,,Alstroemeria,,"didierana",,"","Jaub.",Unresolved,,L,WCSP,298247,62496-1,"Bull. Soc. Bot. France","8: 118","","1861"
kew-298248,A,Alstroemeriaceae,,Alstroemeria,,"diluta",,"","Ehr.Bayer",Accepted,,H,WCSP,298248,934093-1,"Gatt. Alstr. Chile","212","","1986 publ. 1987"
kew-298250,A,Alstroemeriaceae,,Alstroemeria,,"discolor",,"","Ravenna",Accepted,,H,WCSP,298250,1015275-1,"Onira","4: 44","","2000"
kew-298253,A,Alstroemeriaceae,,Alstroemeria,,"douradensis",,"","Ravenna",Accepted,,H,WCSP,298253,1018281-1,"Onira","5: 37","","2000"
kew-298258,A,Alstroemeriaceae,,Alstroemeria,×,"errembaultii",,"","Lem.",Unresolved,,L,WCSP,298258,62502-1,"Fl. Serres Jard. Eur.","3: 262","","1847"
kew-298259,A,Alstroemeriaceae,,Alstroemeria,,"espigonensis",,"","Ravenna",Accepted,,H,WCSP,298259,1018062-1,"Onira","5: 19","","2000"
kew-298260,A,Alstroemeriaceae,,Alstroemeria,,"exserens",,"","Meyen",Accepted,,H,WCSP,298260,62503-1,"Observ. Bot.","1: 34","","1834"
kew-298262,A,Alstroemeriaceae,,Alstroemeria,,"fiebrigiana",,"","Kraenzl.",Accepted,,H,WCSP,298262,10174-2,"Bot. Jahrb. Syst.","40: 237","","1908"
kew-298265,A,Alstroemeriaceae,,Alstroemeria,,"firmulifolia",,"","Ravenna",Accepted,,H,WCSP,298265,1018063-1,"Onira","5: 20","","2000"
kew-298270,A,Alstroemeriaceae,,Alstroemeria,,"foliosa",,"","Mart.",Accepted,,H,WCSP,298270,62512-1,"Syst. Veg.","7: 740","","1829"
kew-298274,A,Alstroemeriaceae,,Alstroemeria,,"fuscovinosa",,"","Ravenna",Accepted,,H,WCSP,298274,1015260-1,"Onira","4: 34","","2000"
kew-298275,A,Alstroemeriaceae,,Alstroemeria,,"garaventae",,"","Ehr.Bayer",Accepted,,H,WCSP,298275,934091-1,"Gatt. Alstr. Chile","60","","1986 publ. 1987"
kew-298276,A,Alstroemeriaceae,,Alstroemeria,,"gardneri",,"","Baker",Accepted,,H,WCSP,298276,62515-1,"J. Bot.","15: 261","","1877"
kew-298278,A,Alstroemeriaceae,,Alstroemeria,,"glaucandra",,"","Ravenna",Accepted,,H,WCSP,298278,1015271-1,"Onira","4: 41","","2000"
kew-309267,A,Alstroemeriaceae,,Alstroemeria,,"gouveiana",,"","Ravenna",Accepted,,H,WCSP,309267,50426337-2,"Onira","9: 26","","2003"
kew-298281,A,Alstroemeriaceae,,Alstroemeria,,"graminea",,"","Phil.",Accepted,,H,WCSP,298281,10176-2,"Anales Univ. Chile","93: 161","","1896"
kew-298292,A,Alstroemeriaceae,,Alstroemeria,,"hookeri",,"","Sweet",Accepted,,H,WCSP,298292,927750-1,"Hort. Brit.","408","","1826"
tro-1201821,A,Alstroemeriaceae,,Alstroemeria,,"hookeri",,"","Lodd.",Unresolved,,L,TRO,1201821,62527-1,"","","",""
kew-298293,A,Alstroemeriaceae,,Alstroemeria,,"hookeri",subsp.,"cummingiana","(Herb.) Ehr.Bayer",Accepted,,L,WCSP,298293,954072-1,"Gatt. Alstr. Chile","189","","1986 publ. 1987"
kew-311149,A,Alstroemeriaceae,,Alstroemeria,,"hookeri",subsp.,"hookeri","",Accepted,,L,WCSP,311149,,"Unknown","","",""
kew-298297,A,Alstroemeriaceae,,Alstroemeria,,"huemulina",,"","Ravenna",Accepted,,H,WCSP,298297,271999-2,"Phytologia","64: 285","","1988"
kew-298299,A,Alstroemeriaceae,,Alstroemeria,,"ibitipocae",,"","Ravenna",Accepted,,H,WCSP,298299,1015261-1,"Onira","4: 35","","2000"
kew-298300,A,Alstroemeriaceae,,Alstroemeria,,"igarapavica",,"","Ravenna",Accepted,,H,WCSP,298300,1015263-1,"Onira","4: 36","","2000"
kew-298303,A,Alstroemeriaceae,,Alstroemeria,,"inodora",,"","Herb.",Accepted,,H,WCSP,298303,,"Amaryllidaceae","90","","1837"
kew-298304,A,Alstroemeriaceae,,Alstroemeria,,"insignis",,"","Année ex Hérincq",Unresolved,,L,WCSP,298304,62533-1,"Hort. Franç","4: 2","","1854"
kew-298307,A,Alstroemeriaceae,,Alstroemeria,,"isabellana",,"","Herb.",Accepted,,H,WCSP,298307,,"Amaryllidaceae","88","","1837"
kew-298309,A,Alstroemeriaceae,,Alstroemeria,,"itabiritensis",,"","Ravenna",Accepted,,H,WCSP,298309,1018064-1,"Onira","5: 20","","2000"
kew-298310,A,Alstroemeriaceae,,Alstroemeria,,"itatiaica",,"","Ravenna",Accepted,,H,WCSP,298310,1018282-1,"Onira","5: 38","","2000"
kew-298311,A,Alstroemeriaceae,,Alstroemeria,,"jacobi",,"","Neumann",Unresolved,,L,WCSP,298311,,"Ann. Fl. Pomone","1824: t. 29","","1824"
tro-1200071,A,Alstroemeriaceae,,Alstroemeria,,"japonica",,"","L.",Unresolved,,L,TRO,1200071,,"","","",""
kew-298313,A,Alstroemeriaceae,,Alstroemeria,,"jequitiana",,"","Ravenna",Accepted,,H,WCSP,298313,1018065-1,"Onira","5: 21","","2000"
kew-298314,A,Alstroemeriaceae,,Alstroemeria,,"jocunda",,"","Ravenna",Accepted,,H,WCSP,298314,272000-2,"Phytologia","64: 284","","1988"
kew-298315,A,Alstroemeriaceae,,Alstroemeria,,"julieae",,"","M.C.Assis",Accepted,,H,WCSP,298315,20012139-1,"Revista Brasil. Bot.","25: 177","","2002"
kew-298316,A,Alstroemeriaceae,,Alstroemeria,,"kingii",,"","Phil.",Accepted,,H,WCSP,298316,62538-1,"Anales Univ. Chile","1873: 548","","1873"
kew-298317,A,Alstroemeriaceae,,Alstroemeria,,"kunziana",,"","Klotzsch ex Kunth",Unresolved,,L,WCSP,298317,62539-1,"Enum. Pl.","5: 769","","1850"
kew-298319,A,Alstroemeriaceae,,Alstroemeria,,"lactilutea",,"","Ravenna & Brinck",Accepted,,H,WCSP,298319,1018068-1,"Onira","5: 23","","2000"
kew-309268,A,Alstroemeriaceae,,Alstroemeria,,"landimana",,"","Ravenna",Accepted,,H,WCSP,309268,50426338-2,"Onira","9: 26","","2003"
kew-298321,A,Alstroemeriaceae,,Alstroemeria,,"leporina",,"","Ehr.Bayer & Grau",Accepted,,H,WCSP,298321,907433-1,"Mitt. Bot. Staatssamml. München","18: 222","","1982"
tro-1201322,A,Alstroemeriaceae,,Alstroemeria,,"leporina",,"","Bayer & Grau",Unresolved,,L,TRO,1201322,,"","","",""
kew-298323,A,Alstroemeriaceae,,Alstroemeria,,"ligtu",,"","L.",Accepted,,H,WCSP,298323,62542-1,"Pl. Alströmeria","10","","1762"
kew-298330,A,Alstroemeriaceae,,Alstroemeria,,"ligtu",subsp.,"incarnata","Ehr.Bayer",Accepted,,L,WCSP,298330,950191-1,"Gatt. Alstr. Chile","156","","1986 publ. 1987"
kew-298335,A,Alstroemeriaceae,,Alstroemeria,,"ligtu",subsp.,"simsii","(Spreng.) Ehr.Bayer",Accepted,,L,WCSP,298335,954070-1,"Gatt. Alstr. Chile","144","","1986 publ. 1987"
kew-298338,A,Alstroemeriaceae,,Alstroemeria,,"litterata",,"","Ravenna",Accepted,,H,WCSP,298338,1018283-1,"Onira","5: 39","","2000"
kew-298339,A,Alstroemeriaceae,,Alstroemeria,,"longaviensis",,"","Ravenna",Accepted,,H,WCSP,298339,272002-2,"Phytologia","64: 285","","1988"
kew-298340,A,Alstroemeriaceae,,Alstroemeria,,"longistaminea",,"","Mart.",Accepted,,H,WCSP,298340,62547-1,"Syst. Veg.","7: 739","","1829"
kew-298341,A,Alstroemeriaceae,,Alstroemeria,,"longistyla",,"","Schenk",Accepted,,H,WCSP,298341,323932-2,"Fl. Bras.","3(1): 173","","1855"
kew-298343,A,Alstroemeriaceae,,Alstroemeria,,"lutea",,"","Muñoz Schick",Accepted,,H,WCSP,298343,321504-2,"Gayana, Bot.","57: 55","","2000"
kew-298347,A,Alstroemeriaceae,,Alstroemeria,,"magna",,"","Ravenna",Accepted,,H,WCSP,298347,272004-2,"Phytologia","64: 284","","1988"
kew-298348,A,Alstroemeriaceae,,Alstroemeria,,"magnifica",,"","Herb.",Accepted,,H,WCSP,298348,272005-2,"Edwards's Bot. Reg.","29: 64","","1843"
kew-298349,A,Alstroemeriaceae,,Alstroemeria,,"magnifica",subsp.,"gayana","(Phil.) Ehr.Bayer",Accepted,,L,WCSP,298349,954074-1,"Gatt. Alstr. Chile","252","","1986 publ. 1987"
kew-309270,A,Alstroemeriaceae,,Alstroemeria,,"magnifica",var.,"magenta","(Ehr.Bayer) Muñoz-Schick",Accepted,,L,WCSP,309270,77063006-1,"Not. Mens. Mus. Nac. Hist. Nat.","352: 22","","2003"
kew-298350,A,Alstroemeriaceae,,Alstroemeria,,"magnifica",subsp.,"maxima","(Phil.) Ehr.Bayer",Accepted,,L,WCSP,298350,954073-1,"Gatt. Alstr. Chile","244","","1986 publ. 1987"
kew-298351,A,Alstroemeriaceae,,Alstroemeria,,"malmeana",,"","Kraenzl.",Accepted,,H,WCSP,298351,10191-2,"Bot. Jahrb. Syst.","50(112): 3","","1913"
kew-298354,A,Alstroemeriaceae,,Alstroemeria,,"modesta",,"","Phil.",Accepted,,H,WCSP,298354,10193-2,"Anales Univ. Chile","93: 161","","1896"
kew-309273,A,Alstroemeriaceae,,Alstroemeria,,"mollensis",,"","Muñoz-Schick & Brinck",Accepted,,H,WCSP,309273,329503-2,"Gayana, Bot.","60: 102","","2003"
kew-298355,A,Alstroemeriaceae,,Alstroemeria,,"monantha",,"","Ravenna",Accepted,,H,WCSP,298355,272007-2,"Phytologia","64: 286","","1988"
kew-298357,A,Alstroemeriaceae,,Alstroemeria,,"monticola",,"","Mart.",Accepted,,H,WCSP,298357,62557-1,"Syst. Veg.","7: 739","","1829"
kew-309274,A,Alstroemeriaceae,,Alstroemeria,,"nervosa",,"","Ravenna",Unresolved,,L,WCSP,309274,50426406-2,"Onira","9: 28","","2003"
kew-298364,A,Alstroemeriaceae,,Alstroemeria,,"nidularis",,"","Ravenna",Accepted,,H,WCSP,298364,272009-2,"Phytologia","64: 282","","1988"
tro-1200346,A,Alstroemeriaceae,,Alstroemeria,,"nivalis",,"","Meyen",Accepted,,M,TRO,1200346,,"","","",""
kew-309275,A,Alstroemeriaceae,,Alstroemeria,,"nivea",,"","Ravenna",Accepted,,H,WCSP,309275,50426340-2,"Onira","9: 28","","2003"
kew-298368,A,Alstroemeriaceae,,Alstroemeria,,"ochagavii",,"","Année ex Hérincq",Unresolved,,L,WCSP,298368,62567-1,"Hort. Franç","4: 2","","1854"
kew-298369,A,Alstroemeriaceae,,Alstroemeria,,"ochracea",,"","M.C.Assis",Accepted,,H,WCSP,298369,20012140-1,"Revista Brasil. Bot.","25: 178","","2002"
kew-298371,A,Alstroemeriaceae,,Alstroemeria,,"orchidioides",,"","Meerow, Tombolato & F.K.Mey.",Accepted,,H,WCSP,298371,1013439-1,"Brittonia","51: 442","","1999"
kew-298372,A,Alstroemeriaceae,,Alstroemeria,,"oreas",,"","Schauer",Accepted,,H,WCSP,298372,62570-1,"Nov. Actorum Acad. Caes. Leop.-Carol. Nat. Cur.","19(Suppl. 1): 440","","1843"
kew-298373,A,Alstroemeriaceae,,Alstroemeria,×,"orpetiae",,"","Traub",Unresolved,,L,WCSP,298373,58622-1,"Pl. Life","28: 67","","1972"
kew-298378,A,Alstroemeriaceae,,Alstroemeria,,"pallida",,"","Graham",Accepted,,H,WCSP,298378,62573-1,"Edinburgh New Philos. J.","7: 344","","1829"
kew-375037,A,Alstroemeriaceae,,Alstroemeria,,"paraensis",,"","M.C.Assis",Accepted,,H,WCSP,375037,77087394-1,"Brittonia","58: 267","","2006"
kew-298381,A,Alstroemeriaceae,,Alstroemeria,,"patagonica",,"","Phil.",Accepted,,H,WCSP,298381,10196-2,"Anales Univ. Chile","93: 160","","1896"
kew-298385,A,Alstroemeriaceae,,Alstroemeria,,"paupercula",,"","Phil.",Accepted,,H,WCSP,298385,62578-1,"Fl. Atacam.","51","","1860"
kew-298387,A,Alstroemeriaceae,,Alstroemeria,,"pelegrina",,"","L.",Accepted,,H,WCSP,298387,62581-1,"Pl. Alströmeria","10","","1762"
kew-298389,A,Alstroemeriaceae,,Alstroemeria,,"penduliflora",,"","M.C.Assis",Accepted,,H,WCSP,298389,20012141-1,"Revista Brasil. Bot.","25: 178","","2002"
kew-298395,A,Alstroemeriaceae,,Alstroemeria,,"philippii",,"","Baker",Accepted,,H,WCSP,298395,10201-2,"Handb. Amaryll.","140","","1888"
kew-298396,A,Alstroemeriaceae,,Alstroemeria,,"piauhyensis",,"","Gardner ex Baker",Accepted,,H,WCSP,298396,62585-1,"Handb. Amaryll.","136","","1888"
kew-298397,A,Alstroemeriaceae,,Alstroemeria,,"plantaginea",,"","Mart.",Accepted,,H,WCSP,298397,323933-2,"Syst. Veg.","7: 737","","1829"
tro-50236035,A,Alstroemeriaceae,,Alstroemeria,,"plantaginea",,"","C. Mart.",Unresolved,,L,TRO,50236035,,"","","",""
kew-298399,A,Alstroemeriaceae,,Alstroemeria,,"poetica",,"","Ravenna",Accepted,,H,WCSP,298399,272012-2,"Phytologia","64: 285","","1988"
kew-298401,A,Alstroemeriaceae,,Alstroemeria,,"polpaicana",,"","Ravenna",Accepted,,H,WCSP,298401,272013-2,"Phytologia","64: 283","","1988"
kew-298402,A,Alstroemeriaceae,,Alstroemeria,,"polyphylla",,"","Phil.",Accepted,,H,WCSP,298402,272014-2,"Anales Univ. Chile","93: 160","","1896"
kew-298403,A,Alstroemeriaceae,,Alstroemeria,,"presliana",,"","Herb.",Accepted,,H,WCSP,298403,,"Amaryllidaceae","95","","1837"
kew-298406,A,Alstroemeriaceae,,Alstroemeria,,"pseudospathulata",,"","Ehr.Bayer",Accepted,,H,WCSP,298406,940992-1,"Gatt. Alstr. Chile","47","","1986 publ. 1987"
kew-298409,A,Alstroemeriaceae,,Alstroemeria,,"pubiflora",,"","Ravenna",Accepted,,H,WCSP,298409,1018066-1,"Onira","5: 21","","2000"
kew-298410,A,Alstroemeriaceae,,Alstroemeria,,"pudica",,"","Ravenna",Accepted,,H,WCSP,298410,1015274-1,"Onira","4: 43","","2000"
kew-298411,A,Alstroemeriaceae,,Alstroemeria,,"pulchella",,"","L.f.",Accepted,,H,WCSP,298411,62596-1,"Suppl. Pl.","206","","1782"
kew-298415,A,Alstroemeriaceae,,Alstroemeria,,"pulchra",,"","Sims",Accepted,,H,WCSP,298415,10204-2,"Bot. Mag.","50: t. 2421","","1823"
kew-298419,A,Alstroemeriaceae,,Alstroemeria,,"punctata",,"","Ravenna",Accepted,,H,WCSP,298419,1015258-1,"Onira","4: 33","","2000"
kew-298422,A,Alstroemeriaceae,,Alstroemeria,,"pygmaea",,"","Herb.",Accepted,,H,WCSP,298422,,"Amaryllidaceae","100","","1837"
kew-298425,A,Alstroemeriaceae,,Alstroemeria,×,"racinae",,"","Traub",Unresolved,,L,WCSP,298425,58625-1,"Pl. Life","28: 67","","1972"
kew-298426,A,Alstroemeriaceae,,Alstroemeria,,"radula",,"","Dusén",Accepted,,H,WCSP,298426,10208-2,"Arq. Mus. Nac. Rio de Janeiro","13: 103","","1905"
kew-298427,A,Alstroemeriaceae,,Alstroemeria,,"reclinata",,"","Poepp. & Endl.",Unresolved,,L,WCSP,298427,62606-1,"Nov. Gen. Sp. Pl.","2: 44","","1838"
kew-298428,A,Alstroemeriaceae,,Alstroemeria,,"recumbens",,"","Herb.",Accepted,,H,WCSP,298428,,"Amaryllidaceae","97","","1837"
kew-298431,A,Alstroemeriaceae,,Alstroemeria,,"revoluta",,"","Ruiz & Pav.",Accepted,,H,WCSP,298431,62610-1,"Fl. Peruv.","3: 59","","1802"
kew-309278,A,Alstroemeriaceae,,Alstroemeria,,"ribeirensis",,"","Ravenna",Accepted,,H,WCSP,309278,50426339-2,"Onira","9: 27","","2003"
kew-298432,A,Alstroemeriaceae,,Alstroemeria,,"riedeliana",,"","Andot",Unresolved,,L,WCSP,298432,,"Rev. Hort.","II, 4: 207","","1846"
tro-50299265,A,Alstroemeriaceae,,Alstroemeria,,"riedelliana",,"","Vassilcz.",Unresolved,,L,TRO,50299265,,"Rev. Hort.","4: 207","207","1845"
kew-298436,A,Alstroemeriaceae,,Alstroemeria,,"roseoviridis",,"","Ravenna",Accepted,,H,WCSP,298436,1018067-1,"Onira","5: 22","","2000"
kew-298439,A,Alstroemeriaceae,,Alstroemeria,,"rupestris",,"","M.C.Assis",Accepted,,H,WCSP,298439,324264-2,"Revista Brasil. Bot.","25: 180","","2002"
kew-298440,A,Alstroemeriaceae,,Alstroemeria,,"sabulosa",,"","Ravenna",Accepted,,H,WCSP,298440,272017-2,"Phytologia","64: 281","","1988"
kew-298446,A,Alstroemeriaceae,,Alstroemeria,,"schizanthoides",,"","Grau",Accepted,,H,WCSP,298446,899137-1,"Mitt. Bot. Staatssamml. München","18: 213","","1982"
kew-298448,A,Alstroemeriaceae,,Alstroemeria,,"sellowiana",,"","Seub.",Accepted,,H,WCSP,298448,62623-1,"Fl. Bras.","3(1): 173","","1855"
tro-1201327,A,Alstroemeriaceae,,Alstroemeria,,"sierrae",,"","Munoz",Accepted,,M,TRO,1201327,,"","","",""
tro-1202069,A,Alstroemeriaceae,,Alstroemeria,,"soukupii",,"","Standl. ex Soukup",Unresolved,,L,TRO,1202069,62630-1,"Biota","1: 126","126","1955"
kew-298455,A,Alstroemeriaceae,,Alstroemeria,,"spathulata",,"","C.Presl",Accepted,,H,WCSP,298455,,"Reliq. Haenk.","2: 122","","1833"
kew-309283,A,Alstroemeriaceae,,Alstroemeria,,"speciosa",,"","M.C.Assis",Accepted,,H,WCSP,309283,60427604-2,"Taxon","53: 184","","2004"
kew-298458,A,Alstroemeriaceae,,Alstroemeria,,"spectabilis",,"","Ravenna",Accepted,,H,WCSP,298458,272018-2,"Phytologia","64: 284","","1988"
kew-298459,A,Alstroemeriaceae,,Alstroemeria,,"stenopetala",,"","Seub.",Accepted,,H,WCSP,298459,62633-1,"Fl. Bras.","3(1): 174","","1855"
kew-309284,A,Alstroemeriaceae,,Alstroemeria,,"stenophylla",,"","M.C.Assis",Accepted,,H,WCSP,309284,60429811-2,"Novon","14: 17","","2004"
kew-298462,A,Alstroemeriaceae,,Alstroemeria,,"talcaensis",,"","Ravenna",Accepted,,H,WCSP,298462,1015270-1,"Onira","4: 40","","2000"
kew-298466,A,Alstroemeriaceae,,Alstroemeria,,"timida",,"","Ravenna",Accepted,,H,WCSP,298466,272019-2,"Phytologia","64: 281","","1988"
kew-309285,A,Alstroemeriaceae,,Alstroemeria,,"tombolatoana",,"","M.C.Assis",Accepted,,H,WCSP,309285,60429812-2,"Novon","14: 19","","2004"
kew-298471,A,Alstroemeriaceae,,Alstroemeria,,"umbellata",,"","Meyen",Accepted,,H,WCSP,298471,62642-1,"Observ. Bot.","1: 356","","1834"
kew-298474,A,Alstroemeriaceae,,Alstroemeria,,"variegata",,"","M.C.Assis",Accepted,,H,WCSP,298474,20012143-1,"Revista Brasil. Bot.","25: 180","","2002"
kew-298475,A,Alstroemeriaceae,,Alstroemeria,,"venusta",,"","Ravenna",Accepted,,H,WCSP,298475,272020-2,"Phytologia","64: 282","","1988"
kew-298477,A,Alstroemeriaceae,,Alstroemeria,,"versicolor",,"","Ruiz & Pav.",Accepted,,H,WCSP,298477,62645-1,"Fl. Peruv.","3: 59","","1802"
kew-298481,A,Alstroemeriaceae,,Alstroemeria,,"virginalis",,"","Ravenna & Brinck",Accepted,,H,WCSP,298481,1018286-1,"Onira","5: 40","","2000"
kew-298482,A,Alstroemeriaceae,,Alstroemeria,,"viridiflora",,"","Warm.",Accepted,,H,WCSP,298482,62648-1,"Vidensk. Meddel. Naturhist. Foren. Kjøbenhavn","1872: 113","","1872"
kew-298483,A,Alstroemeriaceae,,Alstroemeria,,"volckmannii",,"","Baker",Unresolved,,L,WCSP,298483,10217-2,"Handb. Amaryll.","139","","1888"
kew-298484,A,Alstroemeriaceae,,Alstroemeria,,"werdermannii",,"","Ehr.Bayer",Accepted,,H,WCSP,298484,934092-1,"Gatt. Alstr. Chile","87","","1986 publ. 1987"
kew-461067,A,Alstroemeriaceae,,Alstroemeria,,"werdermannii",subsp.,"flavicans","(Muñoz Schick) J.M.Watson & A.R.Flores",Accepted,,L,WCSP,461067,77105643-1,"Herbertia","63: 109","","2009"
kew-298487,A,Alstroemeriaceae,,Alstroemeria,,"xavantinensis",,"","Ravenna",Accepted,,H,WCSP,298487,1015268-1,"Onira","4: 39","","2000"
kew-298488,A,Alstroemeriaceae,,Alstroemeria,,"yaelae",,"","Ravenna",Accepted,,H,WCSP,298488,272023-2,"Phytologia","64: 282","","1988"
kew-298490,A,Alstroemeriaceae,,Alstroemeria,×,"zebrina",,"","D.D.Duncan",Unresolved,,L,WCSP,298490,899138-1,"Pl. Life","38: 56","","1982"
kew-298491,A,Alstroemeriaceae,,Alstroemeria,,"zoellneri",,"","Ehr.Bayer",Accepted,,H,WCSP,298491,934094-1,"Gatt. Alstr. Chile","297","","1986 publ. 1987"
kew-300638,A,Alstroemeriaceae,,Bomarea,,"acutifolia",,"","(Link & Otto) Herb.",Accepted,,H,WCSP,300638,63217-1,"Amaryllidaceae","112","","1837"
kew-300640,A,Alstroemeriaceae,,Bomarea,,"albimontana",,"","D.N.Sm. & Gereau",Accepted,,H,WCSP,300640,305596-2,"Candollea","46: 504","","1991"
kew-371959,A,Alstroemeriaceae,,Bomarea,,"alstroemerioides",,"","Hofreiter & E.Rodr.",Accepted,,H,WCSP,371959,,"Arnaldoa","11: 23","","2004"
kew-374554,A,Alstroemeriaceae,,Bomarea,,"amazonica",,"","Hofreiter & E.Rodr.",Accepted,,H,WCSP,374554,,"Revista Peru. Biol.","13: 25","","2006"
kew-330361,A,Alstroemeriaceae,,Bomarea,,"amilcariana",,"","Stergios & Dorr",Accepted,,H,WCSP,330361,,"Acta Bot. Venez.","26: 32","","2003"
kew-300645,A,Alstroemeriaceae,,Bomarea,,"ampayesana",,"","Vargas",Accepted,,H,WCSP,300645,,"Natl. Hort. Mag.","22: 130","","1943"
kew-300646,A,Alstroemeriaceae,,Bomarea,,"anceps",,"","(Ruiz & Pav.) Herb.",Accepted,,H,WCSP,300646,63224-1,"Amaryllidaceae","116","","1837"
kew-300647,A,Alstroemeriaceae,,Bomarea,,"andimarcana",,"","(Herb.) Baker",Accepted,,H,WCSP,300647,63225-1,"J. Bot.","20: 201","","1882"
kew-300648,A,Alstroemeriaceae,,Bomarea,,"andimarcana",subsp.,"densifolia","(Vargas) Hofreiter",Accepted,,L,WCSP,300648,70029360-1,"Feddes Repert.","114: 217","","2003"
kew-300649,A,Alstroemeriaceae,,Bomarea,,"andreana",,"","Baker",Accepted,,H,WCSP,300649,300401-2,"J. Bot.","20: 205","","1882"
kew-300651,A,Alstroemeriaceae,,Bomarea,,"angulata",,"","Benth.",Accepted,,H,WCSP,300651,63228-1,"Pl. Hartw.","156","","1845"
kew-300654,A,Alstroemeriaceae,,Bomarea,,"angustissima",,"","Killip",Accepted,,H,WCSP,300654,34385-2,"J. Wash. Acad. Sci.","22: 60","","1932"
kew-300655,A,Alstroemeriaceae,,Bomarea,,"aurantiaca",,"","Herb.",Accepted,,H,WCSP,300655,,"Amaryllidaceae","399","","1837"
kew-300659,A,Alstroemeriaceae,,Bomarea,,"boliviensis",,"","Baker",Accepted,,H,WCSP,300659,34388-2,"Bull. Torrey Bot. Club","29: 700","","1902"
kew-300662,A,Alstroemeriaceae,,Bomarea,,"brachysepala",,"","Benth.",Accepted,,H,WCSP,300662,63239-1,"Pl. Hartw.","157","","1845"
kew-300663,A,Alstroemeriaceae,,Bomarea,,"bracteata",,"","(Ruiz & Pav.) Herb.",Accepted,,H,WCSP,300663,,"Amaryllidaceae","112","","1837"
kew-300664,A,Alstroemeriaceae,,Bomarea,,"bracteolata",,"","Gereau",Accepted,,H,WCSP,300664,273359-2,"Ann. Missouri Bot. Gard.","76: 601","","1989"
kew-300666,A,Alstroemeriaceae,,Bomarea,,"bredemeyeriana",,"","Herb.",Accepted,,H,WCSP,300666,63242-1,"Amaryllidaceae","118","","1837"
kew-300667,A,Alstroemeriaceae,,Bomarea,,"brevis",,"","(Herb.) Baker",Accepted,,H,WCSP,300667,63243-1,"J. Bot.","20: 202","","1882"
kew-300669,A,Alstroemeriaceae,,Bomarea,,"cachimbensis",,"","Ravenna",Unresolved,,L,WCSP,300669,1018292-1,"Onira","5: 44","","2000"
kew-374552,A,Alstroemeriaceae,,Bomarea,,"callejasiana",,"","Alzate",Accepted,,H,WCSP,374552,60446859-2,"Novon","17: 141","","2007"
kew-309344,A,Alstroemeriaceae,,Bomarea,,"campanularia",,"","Harling & Neuendorf",Accepted,,H,WCSP,309344,50426187-2,"in Fl. Ecuador","71: 33","","2003"
kew-300676,A,Alstroemeriaceae,,Bomarea,,"campylophylla",,"","Killip",Accepted,,H,WCSP,300676,34398-2,"J. Wash. Acad. Sci.","25: 374","","1935"
kew-300678,A,Alstroemeriaceae,,Bomarea,,"carderi",,"","Mast.",Accepted,,H,WCSP,300678,63253-1,"Gard. Chron.","n.s., 1876(1): 793","","1876"
kew-330362,A,Alstroemeriaceae,,Bomarea,,"caucana",,"","Alzate",Accepted,,H,WCSP,330362,60439271-2,"Novon","15: 253","","2005"
kew-300679,A,Alstroemeriaceae,,Bomarea,,"caudata",,"","Killip",Accepted,,H,WCSP,300679,34399-2,"J. Wash. Acad. Sci.","22: 59","","1932"
kew-300680,A,Alstroemeriaceae,,Bomarea,,"caudatisepala",,"","Gereau",Accepted,,H,WCSP,300680,273360-2,"Ann. Missouri Bot. Gard.","76: 599","","1989"
kew-300681,A,Alstroemeriaceae,,Bomarea,,"ceratophora",,"","Neuendorf",Accepted,,H,WCSP,300681,34400-2,"Bot. Not.","130: 60","","1977"
kew-330363,A,Alstroemeriaceae,,Bomarea,,"chaparensis",,"","Hofreiter",Accepted,,H,WCSP,330363,77067693-1,"Harvard Pap. Bot.","9: 354","","2005"
kew-300684,A,Alstroemeriaceae,,Bomarea,,"chimboracensis",,"","Baker",Accepted,,H,WCSP,300684,34402-2,"Bot. Jahrb. Syst.","8: 212","","1887"
kew-300685,A,Alstroemeriaceae,,Bomarea,,"chiriquina",,"","Killip",Accepted,,H,WCSP,300685,34403-2,"Ann. Missouri Bot. Gard.","32: 15","","1945"
kew-300687,A,Alstroemeriaceae,,Bomarea,,"coccinea",,"","(Ruiz & Pav.) Baker",Accepted,,H,WCSP,300687,63259-1,"J. Bot.","20: 202","","1882"
kew-374553,A,Alstroemeriaceae,,Bomarea,,"colombiana",,"","Alzate",Accepted,,H,WCSP,374553,60446860-2,"Novon","17: 143","","2007"
kew-300690,A,Alstroemeriaceae,,Bomarea,,"cordifolia",,"","(Ruiz & Pav.) Herb.",Accepted,,H,WCSP,300690,63262-1,"Amaryllidaceae","113","","1837"
kew-300691,A,Alstroemeriaceae,,Bomarea,,"cornigera",,"","Herb.",Accepted,,H,WCSP,300691,,"Amaryllidaceae","116","","1837"
kew-300692,A,Alstroemeriaceae,,Bomarea,,"cornuta",,"","Herb.",Accepted,,H,WCSP,300692,,"Amaryllidaceae","114","","1837"
kew-300693,A,Alstroemeriaceae,,Bomarea,,"costaricensis",,"","Kraenzl.",Accepted,,H,WCSP,300693,34407-2,"Bot. Jahrb. Syst.","50(112): 4","","1913"
kew-300694,A,Alstroemeriaceae,,Bomarea,,"crassifolia",,"","Baker",Accepted,,H,WCSP,300694,34408-2,"Handb. Amaryll.","150","","1888"
kew-300695,A,Alstroemeriaceae,,Bomarea,,"crinita",,"","Herb.",Accepted,,H,WCSP,300695,,"Amaryllidaceae","119","","1837"
kew-300696,A,Alstroemeriaceae,,Bomarea,,"crocea",,"","(Ruiz & Pav.) Herb.",Accepted,,H,WCSP,300696,63268-1,"Amaryllidaceae","119","","1837"
kew-300702,A,Alstroemeriaceae,,Bomarea,,"densiflora",,"","Herb.",Accepted,,H,WCSP,300702,,"Amaryllidaceae","399","","1837"
kew-300704,A,Alstroemeriaceae,,Bomarea,,"denticulata",,"","(Ruiz & Pav.) Herb.",Accepted,,H,WCSP,300704,63276-1,"Amaryllidaceae","118","","1837"
kew-300705,A,Alstroemeriaceae,,Bomarea,,"diffracta",,"","Baker",Accepted,,H,WCSP,300705,63277-1,"J. Bot.","20: 206","","1882"
kew-300706,A,Alstroemeriaceae,,Bomarea,,"dispar",,"","Herb.",Accepted,,H,WCSP,300706,,"Amaryllidaceae","115","","1837"
kew-300707,A,Alstroemeriaceae,,Bomarea,,"dissitifolia",,"","Baker",Accepted,,H,WCSP,300707,63279-1,"J. Bot.","20: 203","","1882"
kew-300708,A,Alstroemeriaceae,,Bomarea,,"distichifolia",,"","(Ruiz & Pav.) Baker",Accepted,,H,WCSP,300708,,"J. Bot.","20: 202","","1882"
tro-50301914,A,Alstroemeriaceae,,Bomarea,,"distichophylla",,"","Baker",Accepted,,M,TRO,50301914,63280-1,"Jour. Bot.","20: 202","202","1882"
kew-300709,A,Alstroemeriaceae,,Bomarea,,"dolichocarpa",,"","Killip",Accepted,,H,WCSP,300709,34412-2,"J. Wash. Acad. Sci.","22: 62","","1932"
kew-300710,A,Alstroemeriaceae,,Bomarea,,"dulcis",,"","(Hook.) Beauverd",Accepted,,H,WCSP,300710,34413-2,"Bull. Soc. Bot. Genève","14: 172","","1922 publ. 1923"
kew-300711,A,Alstroemeriaceae,,Bomarea,,"edulis",,"","(Tussac) Herb.",Accepted,,H,WCSP,300711,63283-1,"Amaryllidaceae","111","","1837"
tro-1200205,A,Alstroemeriaceae,,Bomarea,,"eggersii",,"","Killip",Unresolved,,L,TRO,1200205,,"","","",""
kew-300714,A,Alstroemeriaceae,,Bomarea,,"endotrachys",,"","Kraenzl.",Accepted,,H,WCSP,300714,34421-2,"Bot. Jahrb. Syst.","40: 234","","1908"
kew-300715,A,Alstroemeriaceae,,Bomarea,,"engleriana",,"","Kraenzl.",Accepted,,H,WCSP,300715,34422-2,"Bot. Jahrb. Syst.","40: 231","","1908"
kew-330364,A,Alstroemeriaceae,,Bomarea,,"euryantha",,"","Alzate",Accepted,,H,WCSP,330364,60439272-2,"Novon","15: 255","","2005"
kew-309345,A,Alstroemeriaceae,,Bomarea,,"euryphylla",,"","Harling & Neuendorf",Accepted,,H,WCSP,309345,50426194-2,"in Fl. Ecuador","71: 97","","2003"
kew-309346,A,Alstroemeriaceae,,Bomarea,,"evecta",,"","Harling & Neuendorf",Accepted,,H,WCSP,309346,50426193-2,"in Fl. Ecuador","71: 89","","2003"
kew-300718,A,Alstroemeriaceae,,Bomarea,,"ferreyrae",,"","Vargas",Accepted,,H,WCSP,300718,63289-1,"Revista Univ. (Cuzco)","43(107): 153","","1954"
kew-346104,A,Alstroemeriaceae,,Bomarea,,"foertheriana",,"","Hofreiter",Accepted,,H,WCSP,346104,,"Nordic J. Bot.","24: 133","","2006"
kew-300727,A,Alstroemeriaceae,,Bomarea,,"formosissima",,"","(Ruiz & Pav.) Herb.",Accepted,,H,WCSP,300727,,"Amaryllidaceae","111","","1837"
kew-300731,A,Alstroemeriaceae,,Bomarea,,"glaucescens",,"","(Kunth) Baker",Accepted,,H,WCSP,300731,63301-1,"J. Bot.","20: 201","","1882"
kew-300736,A,Alstroemeriaceae,,Bomarea,,"goniocaulon",,"","Baker",Accepted,,H,WCSP,300736,63304-1,"J. Bot.","20: 204","","1882"
kew-309347,A,Alstroemeriaceae,,Bomarea,,"goniocaulon",subsp.,"elegans","(Sodiro) Harling & Neuendorf",Accepted,,L,WCSP,309347,50426190-2,"in Fl. Ecuador","71: 60","","2003"
kew-300738,A,Alstroemeriaceae,,Bomarea,,"graminifolia",,"","Sodiro",Accepted,,H,WCSP,300738,63306-1,"Sert. Fl. Ecuad.","2: 45","","1908"
kew-300744,A,Alstroemeriaceae,,Bomarea,,"hartwegii",,"","Baker",Accepted,,H,WCSP,300744,63312-1,"J. Bot.","20: 203","","1882"
kew-300746,A,Alstroemeriaceae,,Bomarea,,"herbertiana",,"","Baker",Accepted,,H,WCSP,300746,34441-2,"Handb. Amaryll.","155","","1888"
kew-300747,A,Alstroemeriaceae,,Bomarea,,"herrerae",,"","Vargas",Accepted,,H,WCSP,300747,,"Contr. Gray Herb.","154: 40","","1945"
tro-1200221,A,Alstroemeriaceae,,Bomarea,,"herzogiana",,"","Kraenzl.",Unresolved,,L,TRO,1200221,,"","","",""
kew-300749,A,Alstroemeriaceae,,Bomarea,,"hieronymi",,"","Pax",Accepted,,H,WCSP,300749,34443-2,"Bot. Jahrb. Syst.","11: 332","","1889"
kew-300750,A,Alstroemeriaceae,,Bomarea,,"hirsuta",,"","(Kunth) Herb.",Accepted,,H,WCSP,300750,63318-1,"Amaryllidaceae","114","","1837"
kew-346105,A,Alstroemeriaceae,,Bomarea,,"huanuco",,"","Hofreiter",Accepted,,H,WCSP,346105,77076933-1,"Nordic J. Bot.","24: 135","","2006"
kew-300756,A,Alstroemeriaceae,,Bomarea,,"inaequalis",,"","Killip",Accepted,,H,WCSP,300756,34446-2,"J. Wash. Acad. Sci.","25: 377","","1935"
kew-300758,A,Alstroemeriaceae,,Bomarea,,"involucrosa",,"","(Herb.) Baker",Accepted,,H,WCSP,300758,63326-1,"J. Bot.","20: 201","","1882"
kew-300765,A,Alstroemeriaceae,,Bomarea,,"kraenzlinii",,"","Baker",Accepted,,H,WCSP,300765,63333-1,"Bot. Jahrb. Syst.","8: 213","","1887"
kew-300767,A,Alstroemeriaceae,,Bomarea,,"lancifolia",,"","Baker",Accepted,,H,WCSP,300767,63335-1,"J. Bot.","20: 202","","1882"
kew-300768,A,Alstroemeriaceae,,Bomarea,,"latifolia",,"","(Ruiz & Pav.) Herb.",Accepted,,H,WCSP,300768,63336-1,"Amaryllidaceae","113","","1837"
kew-374550,A,Alstroemeriaceae,,Bomarea,,"libertadensis",,"","Hofreiter & E.Rodr.",Accepted,,H,WCSP,374550,,"Revista Peru. Biol.","13: 61","","2006"
kew-300771,A,Alstroemeriaceae,,Bomarea,,"linifolia",,"","(Kunth) Baker",Accepted,,H,WCSP,300771,63339-1,"J. Bot.","20: 201","","1882"
kew-300773,A,Alstroemeriaceae,,Bomarea,,"longipes",,"","Baker",Accepted,,H,WCSP,300773,63341-1,"J. Bot.","20: 204","","1882"
kew-300775,A,Alstroemeriaceae,,Bomarea,,"longistyla",,"","Vargas",Accepted,,H,WCSP,300775,34455-2,"Pl. Life","21: 158","","1965"
kew-374555,A,Alstroemeriaceae,,Bomarea,,"lopezii",,"","Hofreiter & E.Rodr.",Accepted,,H,WCSP,374555,,"Revista Peru. Biol.","13: 37","","2006"
kew-300777,A,Alstroemeriaceae,,Bomarea,,"lutea",,"","Herb.",Accepted,,H,WCSP,300777,,"Amaryllidaceae","120","","1837"
kew-300784,A,Alstroemeriaceae,,Bomarea,,"macrocephala",,"","Pax",Accepted,,H,WCSP,300784,34459-2,"Bot. Jahrb. Syst.","11: 331","","1889"
kew-374561,A,Alstroemeriaceae,,Bomarea,,"macusanii",,"","Hofreiter & E.Rodr.",Accepted,,H,WCSP,374561,,"Revista Peru. Biol.","13: 37","","2006"
kew-300792,A,Alstroemeriaceae,,Bomarea,,"moritziana",,"","Klotzsch ex Kunth",Accepted,,H,WCSP,300792,63358-1,"Enum. Pl.","5: 797","","1850"
kew-300793,A,Alstroemeriaceae,,Bomarea,,"multiflora",,"","(L.f.) Mirb.",Accepted,,H,WCSP,300793,63359-1,"Hist. Nat. Pl.","9: 72","","1804"
kew-300794,A,Alstroemeriaceae,,Bomarea,,"multipes",,"","Benth.",Accepted,,H,WCSP,300794,63360-1,"Pl. Hartw.","156","","1845"
kew-300795,A,Alstroemeriaceae,,Bomarea,,"nematocaulon",,"","Killip",Accepted,,H,WCSP,300795,34462-2,"J. Wash. Acad. Sci.","22: 60","","1932"
kew-300796,A,Alstroemeriaceae,,Bomarea,,"nervosa",,"","(Herb.) Baker",Accepted,,H,WCSP,300796,63362-1,"J. Bot.","20: 202","","1882"
kew-309348,A,Alstroemeriaceae,,Bomarea,,"nubigena",,"","Harling & Neuendorf",Accepted,,H,WCSP,309348,50426186-2,"in Fl. Ecuador","71: 26","","2003"
kew-300798,A,Alstroemeriaceae,,Bomarea,,"obovata",,"","Herb.",Accepted,,H,WCSP,300798,,"Amaryllidaceae","112","","1837"
kew-300801,A,Alstroemeriaceae,,Bomarea,,"ovallei",,"","(Phil.) Ravenna",Accepted,,H,WCSP,300801,1018294-1,"Onira","5: 45","","2000"
kew-300802,A,Alstroemeriaceae,,Bomarea,,"ovata",,"","(Cav.) Mirb.",Accepted,,H,WCSP,300802,63367-1,"Hist. Nat. Pl.","9: 72","","1804"
kew-309351,A,Alstroemeriaceae,,Bomarea,,"oxytepala",,"","Harling & Neuendorf",Accepted,,H,WCSP,309351,50426192-2,"in Fl. Ecuador","71: 77","","2003"
kew-300806,A,Alstroemeriaceae,,Bomarea,,"paradoxa",,"","Ravenna",Unresolved,,L,WCSP,300806,1018291-1,"Onira","5: 44","","2000"
kew-300807,A,Alstroemeriaceae,,Bomarea,,"pardina",,"","Herb.",Accepted,,H,WCSP,300807,,"Amaryllidaceae","120","","1837"
kew-300808,A,Alstroemeriaceae,,Bomarea,,"parvifolia",,"","Baker",Accepted,,H,WCSP,300808,34467-2,"Handb. Amaryll.","154","","1888"
kew-300809,A,Alstroemeriaceae,,Bomarea,,"patacoensis",,"","Herb.",Accepted,,H,WCSP,300809,,"Amaryllidaceae","120","","1837"
kew-300810,A,Alstroemeriaceae,,Bomarea,,"patinii",,"","Baker",Accepted,,H,WCSP,300810,63373-1,"Handb. Amaryll.","157","","1888"
kew-300811,A,Alstroemeriaceae,,Bomarea,,"pauciflora",,"","(Kunth) Herb.",Accepted,,H,WCSP,300811,63374-1,"Amaryllidaceae","112","","1837"
tro-1200239,A,Alstroemeriaceae,,Bomarea,,"pauciradiata",,"","Killip",Unresolved,,L,TRO,1200239,,"","","",""
kew-309353,A,Alstroemeriaceae,,Bomarea,,"perglabra",,"","Harling & Neuendorf",Accepted,,H,WCSP,309353,50426189-2,"in Fl. Ecuador","71: 51","","2003"
kew-309354,A,Alstroemeriaceae,,Bomarea,,"peruviana",,"","Hofreiter",Accepted,,H,WCSP,309354,77062612-1,"Feddes Repert.","115: 438","","2004"
tro-1201698,A,Alstroemeriaceae,,Bomarea,,"pillawantense",,"","Vargas",Accepted,,M,TRO,1201698,,"Biota","8(61): 40","40","1969"
kew-300825,A,Alstroemeriaceae,,Bomarea,,"porrecta",,"","Killip",Accepted,,H,WCSP,300825,34481-2,"Publ. Field Mus. Nat. Hist., Bot. Ser.","13: 641","","1936"
kew-374558,A,Alstroemeriaceae,,Bomarea,,"pseudopurpurea",,"","Hofreiter & E.Rodr.",Accepted,,H,WCSP,374558,,"Revista Peru. Biol.","13: 41","","2006"
kew-300832,A,Alstroemeriaceae,,Bomarea,,"pudibunda",,"","Planch. & Linden",Accepted,,H,WCSP,300832,63393-1,"Cat. Pl. Exot.","10: 4","","1855"
kew-300834,A,Alstroemeriaceae,,Bomarea,,"pumila",,"","Griseb. ex Baker",Accepted,,H,WCSP,300834,,"Handb. Amaryll.","145","","1888"
kew-346106,A,Alstroemeriaceae,,Bomarea,,"puracensis",,"","Alzate",Accepted,,H,WCSP,346106,60445596-2,"Harvard Pap. Bot.","11: 125","","2007"
kew-300836,A,Alstroemeriaceae,,Bomarea,,"purpurea",,"","(Ruiz & Pav.) Herb.",Accepted,,H,WCSP,300836,,"Amaryllidaceae","118","","1837"
kew-300842,A,Alstroemeriaceae,,Bomarea,,"rosea",,"","(Ruiz & Pav.) Herb.",Accepted,,H,WCSP,300842,63401-1,"Amaryllidaceae","118","","1837"
kew-300843,A,Alstroemeriaceae,,Bomarea,,"salicifolia",,"","Killip",Accepted,,H,WCSP,300843,34490-2,"Natl. Hort. Mag.","15: 120","","1936"
kew-300845,A,Alstroemeriaceae,,Bomarea,,"salsilla",,"","(L.) Mirb.",Accepted,,H,WCSP,300845,63404-1,"Hist. Nat. Pl.","9: 71","","1804"
kew-300851,A,Alstroemeriaceae,,Bomarea,,"secundifolia",,"","(Ruiz & Pav.) Baker",Accepted,,H,WCSP,300851,63410-1,"J. Bot.","20: 202","","1882"
tro-1200249,A,Alstroemeriaceae,,Bomarea,,"selacea",,"","Herb.",Unresolved,,L,TRO,1200249,,"","","",""
kew-300852,A,Alstroemeriaceae,,Bomarea,,"setacea",,"","(Ruiz & Pav.) Herb.",Accepted,,H,WCSP,300852,63411-1,"Amaryllidaceae","117","","1837"
kew-300853,A,Alstroemeriaceae,,Bomarea,,"shuttleworthii",,"","Mast.",Accepted,,H,WCSP,300853,,"Gard. Chron.","n.s., 1882: 76","","1882"
kew-300858,A,Alstroemeriaceae,,Bomarea,,"speciosa",,"","Killip",Accepted,,H,WCSP,300858,34503-2,"J. Wash. Acad. Sci.","22: 61","","1932"
kew-309355,A,Alstroemeriaceae,,Bomarea,,"spissiflora",,"","Harling & Neuendorf",Accepted,,H,WCSP,309355,50426188-2,"in Fl. Ecuador","71: 44","","2003"
kew-300861,A,Alstroemeriaceae,,Bomarea,,"stans",,"","Kraenzl.",Accepted,,H,WCSP,300861,34506-2,"Bot. Jahrb. Syst.","40: 231","","1908"
kew-300868,A,Alstroemeriaceae,,Bomarea,,"suberecta",,"","Gereau",Accepted,,H,WCSP,300868,273361-2,"Ann. Missouri Bot. Gard.","76: 599","","1989"
kew-300875,A,Alstroemeriaceae,,Bomarea,,"superba",,"","Herb.",Accepted,,H,WCSP,300875,,"Amaryllidaceae","117","","1837"
kew-300877,A,Alstroemeriaceae,,Bomarea,,"tarmensis",,"","Kraenzl.",Accepted,,H,WCSP,300877,34520-2,"Bot. Jahrb. Syst.","40: 233","","1908"
tro-1200263,A,Alstroemeriaceae,,Bomarea,,"torquifes",,"","Kraenzl.",Unresolved,,L,TRO,1200263,,"","","",""
kew-300882,A,Alstroemeriaceae,,Bomarea,,"torta",,"","(Kunth) Herb.",Accepted,,H,WCSP,300882,63438-1,"Amaryllidaceae","115","","1837"
kew-300884,A,Alstroemeriaceae,,Bomarea,,"tribrachiata",,"","Kraenzl.",Accepted,,H,WCSP,300884,34525-2,"Bot. Jahrb. Syst.","40: 235","","1908"
kew-300885,A,Alstroemeriaceae,,Bomarea,,"trichophylla",,"","Killip",Accepted,,H,WCSP,300885,34526-2,"J. Wash. Acad. Sci.","25: 375","","1935"
kew-309356,A,Alstroemeriaceae,,Bomarea,,"trimorphophylla",,"","Harling & Neuendorf",Accepted,,H,WCSP,309356,50426191-2,"in Fl. Ecuador","71: 62","","2003"
kew-330367,A,Alstroemeriaceae,,Bomarea,,"truxillensis",,"","Stergios & Dorr",Accepted,,H,WCSP,330367,,"Acta Bot. Venez.","26(1): 36","","2003"
kew-300888,A,Alstroemeriaceae,,Bomarea,,"uncifolia",,"","Herb.",Accepted,,H,WCSP,300888,63444-1,"Edwards's Bot. Reg.","28: t. 66","","1842"
kew-300890,A,Alstroemeriaceae,,Bomarea,,"vargasii",,"","Hofreiter",Accepted,,H,WCSP,300890,70029361-1,"Feddes Repert.","114: 234","","2003"
kew-300893,A,Alstroemeriaceae,,Bomarea,,"velascoana",,"","Vargas",Accepted,,H,WCSP,300893,,"Natl. Hort. Mag.","22: 130","","1943"
kew-300897,A,Alstroemeriaceae,,Bomarea,,"vitellina",,"","Mast.",Accepted,,H,WCSP,300897,,"Gard. Chron.","n.s., 1882: 143","","1882"
kew-374559,A,Alstroemeriaceae,,Bomarea,,"weigendii",,"","Hofreiter & E.Rodr.",Accepted,,H,WCSP,374559,,"Revista Peru. Biol.","13: 45","","2006"
kew-276383,A,Alstroemeriaceae,,Collania,,"subverticillata",,"","Kraenzl.",Unresolved,,L,WCSP,276383,63154-2,"Ann. K. K. Naturhist. Hofmus.","27: 152","","1913"
kew-305104,A,Alstroemeriaceae,,Drymophila,,"cyanocarpa",,"","R.Br.",Accepted,,H,WCSP,305104,534597-1,"Prodr. Fl. Nov. Holl.","292","","1810"
kew-305105,A,Alstroemeriaceae,,Drymophila,,"moorei",,"","Baker",Accepted,,H,WCSP,305105,534598-1,"J. Linn. Soc., Bot.","14: 571","","1875"
kew-279864,A,Alstroemeriaceae,,Luzuriaga,,"aspericaulis",,"","Hallier f.",Unresolved,,L,WCSP,279864,538012-1,"Nova Guinea","8: 991","","1914"
kew-279870,A,Alstroemeriaceae,,Luzuriaga,,"marginata",,"","(Gaertn.) Benth. & Hook.f.",Accepted,,H,WCSP,279870,538018-1,"Gen. Pl.","3: 768","","1883"
kew-279872,A,Alstroemeriaceae,,Luzuriaga,,"parviflora",,"","(Hook.f.) Kunth",Accepted,,H,WCSP,279872,538020-1,"Enum. Pl.","5: 281","","1850"
kew-279873,A,Alstroemeriaceae,,Luzuriaga,,"polyphylla",,"","(Hook.f.) J.F.Macbr.",Accepted,,H,WCSP,279873,146285-2,"Contr. Gray Herb.","56: 20","","1918"
kew-279848,A,Alstroemeriaceae,,Luzuriaga,,"radicans",,"","Ruiz & Pav.",Accepted,,H,WCSP,279848,279952-2,"Fl. Peruv.","3: 66","","1802"
kew-286958,A,Alstroemeriaceae,,Schickendantziella,,"trichosepala",,"","(Speg.) Speg.",Accepted,,H,WCSP,286958,540580-1,"Anales Mus. Nac. Buenos Aires","9: 8","","1903"
