﻿ID,Major group,Family,Genus hybrid marker,Genus,Species hybrid marker,Species,Infraspecific rank,Infraspecific epithet,Authorship,Taxonomic status in TPL,Nomenclatural status from original data source,Confidence level,Source,Source id,IPNI id,Publication,Collation,Page,Date
ifn-47769,P,Anemiaceae,,Aneimiaebotrys,,"asper",,"","F",Unresolved,,L,IPNI,17021370-1,17021370-1,"Crypt. Vasc. Bresil","1. 267 t. 78 f. 2. 1869.","","1869"
ifn-47775,P,Anemiaceae,,Anemia,,"abbottii",,"","Maxon",Unresolved,,L,IPNI,13223-2,13223-2,"Proc. Biol. Soc. Washington","35: 48","","1922"
ifn-82732,P,Anemiaceae,,Anemia,,"abscissa",,"","Schrad.",Unresolved,,L,IPNI,13224-2,13224-2,"","","",""
tro-26604083,P,Anemiaceae,,Anemia,,"adiantifolia",,"","(L.) Sw.",Accepted,,M,TRO,26604083,1031990-2,"Syn. Fil.","157","157","1806"
tro-26600016,P,Anemiaceae,,Anemia,,"affinis",,"","Baker",Accepted,,M,TRO,26600016,17020090-1,"Syn. Fil. (ed. 2)","525","525","1874"
ifn-47784,P,Anemiaceae,,Anemia,,"alfredi-rohrii",,"","Brade",Unresolved,,L,IPNI,13229-2,13229-2,"Bradea","1(3): 28, fig","","1970"
tro-26616996,P,Anemiaceae,,Anemia,,"alternifolia",,"","Mickel",Unresolved,,L,TRO,26616996,13230-2,"Brittonia","33(3): 424, f. 3C","424","1981"
tro-26615064,P,Anemiaceae,,Anemia,,"angolensis",,"","Alston",Unresolved,,L,TRO,26615064,17369040-1,"Contr. Conhecimento Fl. Mocambique","2: 9, t. 2, 3a","9","1954"
tro-26609861,P,Anemiaceae,,Anemia,,"antrorsa",,"","Mickel",Accepted,,M,TRO,26609861,272136-2,"Amer. Fern J.","75: 33","33","1985"
tro-26619791,P,Anemiaceae,,Anemia,,"aspera",,"","(Fée) Baker",Accepted,,M,TRO,26619791,17020120-1,"J. Linn. Soc., Bot.","14: 27","27","1873"
tro-50314223,P,Anemiaceae,,Anemia,,"australis",,"","(Mickel) M. Kessler & A.R. Sm.",Accepted,,M,TRO,50314223,77087339-1,"Brittonia","59: 196","196","2007"
tro-26609862,P,Anemiaceae,,Anemia,,"ayacuchensis",,"","Mickel",Accepted,,M,TRO,26609862,272137-2,"Amer. Fern J.","75: 36","36","1985"
ifn-82752,P,Anemiaceae,,Anemia,,"barbatula",,"","Christ",Unresolved,,L,IPNI,17238210-1,17238210-1,"Denkschr. Akad. Wien","79. 48. 1907","","1907"
tro-26608312,P,Anemiaceae,,Anemia,,"bartlettii",,"","Mickel",Accepted,,M,TRO,26608312,13237-2,"Iowa State J. Sci.","36(4): 420, t. 26, f. B","420","1962"
ifn-47801,P,Anemiaceae,,Anemia,,"blackii",,"","Brade",Unresolved,,L,IPNI,13238-2,13238-2,"Arch. Jard. Bot. Rio de Janeiro","18: 25","","1965"
tro-26616255,P,Anemiaceae,,Anemia,,"blechnoides",,"","Sm.",Accepted,,M,TRO,26616255,17523180-1,"Cycl.","39(1): Anemia n. 3","Anemia n. 3","1818"
tro-26619781,P,Anemiaceae,,Anemia,,"brandegeea",,"","Davenp.",Accepted,,M,TRO,26619781,13239-2,"Fern Bull.","13: 20, t. 17, f. A","20","1905"
tro-50007833,P,Anemiaceae,,Anemia,,"breuteliana",,"","C. Presl",Unresolved,,L,TRO,50007833,17020170-1,"Suppl. Tent. Pterid.","90","90","1845"
tro-26614305,P,Anemiaceae,,Anemia,,"buniifolia",,"","(Gardner) T. Moore",Accepted,,M,TRO,26614305,,"Index Fil.","116","116","1857"
tro-100374475,P,Anemiaceae,,Anemia,,"caffrorum",,"","(L.) Christenh.",Accepted,,M,TRO,100374475,77110541-1,"Phytotaxa","19: 19","19","2011"
ifn-47807,P,Anemiaceae,,Anemia,,"candidoi",,"","Brade",Unresolved,,L,IPNI,13240-2,13240-2,"Arch. Jard. Bot. Rio de Janeiro","11: 34, tab. 13","","1951"
ifn-47809,P,Anemiaceae,,Anemia,,"caudata",,"","Kaulf.",Unresolved,,L,IPNI,17020200-1,17020200-1,"Enum. Filic.","52","","1824 [8 Apr-28 May 1824]"
ifn-47812,P,Anemiaceae,,Anemia,,"cheilanthoides",,"","Kaulf.",Unresolved,,L,IPNI,17020210-1,17020210-1,"Enum. Filic.","53","","1824 [8 Apr-28 May 1824]"
tro-26608313,P,Anemiaceae,,Anemia,,"cicutaria",,"","Poepp. ex Spreng.",Accepted,,M,TRO,26608313,,"Syst. Veg.","4: 31","31","1827"
tro-50211308,P,Anemiaceae,,Anemia,,"ciliata",,"","C. Presl",Unresolved,,L,TRO,50211308,17020230-1,"Delic. Prag.","1: 158","158","1822"
ifn-48053,P,Anemiaceae,,Anemia,,"ciliata x phyllitidis",,"","Prantl",Unresolved,,L,IPNI,17020240-1,17020240-1,"Unters. Morph. Gefasskrypt.","2: 121.","","1881 [Oct 1881]"
ifn-82763,P,Anemiaceae,,Anemia,,"cipoensis",,"","Sehnem",Unresolved,,L,IPNI,17427150-1,17427150-1,"Fl. Ilustr. Catarin.","1 (Esquizeaceas), 40. 1974.","","1974"
tro-26606110,P,Anemiaceae,,Anemia,,"clinata",,"","Mickel",Accepted,,M,TRO,26606110,13247-2,"Amer. Fern J.","56: 58, t. 4","58","1966"
ifn-47817,P,Anemiaceae,,Anemia,,"coccinea",,"","Loudon",Unresolved,,L,IPNI,17020250-1,17020250-1,"Suppl. Hort. Brit. [Loudon]","488","","1850"
tro-26616994,P,Anemiaceae,,Anemia,,"colimensis",,"","Mickel",Accepted,,M,TRO,26616994,13248-2,"Iowa State J. Sci.","36(4): 434, t. 32, f. B","434","1962"
tro-50211298,P,Anemiaceae,,Anemia,,"collina",,"","Sm.",Accepted,,M,TRO,50211298,,"Bot. Voy. Herald","343","343","1856"
ifn-48054,P,Anemiaceae,,Anemia,,"collina x phyllitidis",,"","Prantl",Unresolved,,L,IPNI,17020270-1,17020270-1,"Unters. Morph. Gefasskrypt.","2: 120.","","1881 [Oct 1881]"
tro-26620092,P,Anemiaceae,,Anemia,,"cordifolia",,"","C. Presl",Unresolved,,L,TRO,26620092,17020280-1,"Reliq. Haenk.","1(1): 73, t. 11, f. 3","73","1825"
tro-26617000,P,Anemiaceae,,Anemia,,"coriacea",,"","Griseb.",Unresolved,,L,TRO,26617000,,"Cat. Pl. Cub.","272","272","1866"
tro-26619778,P,Anemiaceae,,Anemia,,"coriacea",f.,"nipeensis","(Benedict) Mickel",Unresolved,,L,TRO,26619778,13252-2,"Brittonia","33(3): 426, f. 5A","426","1981"
tro-50310161,P,Anemiaceae,,Anemia,,"costata",,"","Sehnem",Accepted,,M,TRO,50310161,13253-2,"Fl. Il. Catarin.","1: 59, t. 18, f. 3","59","1974"
tro-26616998,P,Anemiaceae,,Anemia,,"cuneata",,"","Kunze ex Spreng.",Unresolved,,L,TRO,26616998,,"Syst. Veg.","4: 32","32","1827"
ifn-47829,P,Anemiaceae,,Anemia,,"damazii",,"","Christ",Unresolved,,L,IPNI,13255-2,13255-2,"Bull. Herb. Boissier","ser. 2, 7: 792","","1907"
ifn-47831,P,Anemiaceae,,Anemia,,"dardanoi",,"","Brade",Unresolved,,L,IPNI,13257-2,13257-2,"Sellowia","no. 17: 55","","1965"
tro-50211320,P,Anemiaceae,,Anemia,,"deltoidea",,"","(Cav.) Sw.",Accepted,,M,TRO,50211320,17020320-1,"Syn. Fil.","156","156","1806"
ifn-47833,P,Anemiaceae,,Anemia,,"densa",,"","Link",Unresolved,,L,IPNI,17020330-1,17020330-1,"Hort. Berol.","2. 142. 1833","","1833"
ifn-47834,P,Anemiaceae,,Anemia,,"dentata",,"","Gardner",Unresolved,,L,IPNI,17020340-1,17020340-1,"Sert. Pl.","sub. t. 70.","","1844"
tro-26617004,P,Anemiaceae,,Anemia,×,"didicusana",,"","L.D. Gómez",Unresolved,,L,TRO,26617004,17501240-1,"Brenesia","18: 156","156","1980"
tro-50059947,P,Anemiaceae,,Anemia,,"dissecta",,"","C. Presl",Unresolved,,L,TRO,50059947,17020370-1,"Reliq. Haenk.","1(1): 74, t. 11, f. 4","74","1825"
ifn-47840,P,Anemiaceae,,Anemia,,"diversifolia",,"","Schrad.",Unresolved,,L,IPNI,17020390-1,17020390-1,"Gott. gel. Anz.","1824. 864","","1824"
tro-26616990,P,Anemiaceae,,Anemia,,"donnell-smithii",,"","Maxon",Accepted,,M,TRO,26616990,13259-2,"N. Amer. Fl.","16(1): 43","43","1909"
tro-26604269,P,Anemiaceae,,Anemia,,"dregeana",,"","Kunze",Accepted,,M,TRO,26604269,17020400-1,"Linnaea","10: 493","493","1836"
ifn-47843,P,Anemiaceae,,Anemia,,"duartei",,"","Brade",Unresolved,,L,IPNI,13260-2,13260-2,"Bradea","1(3): 27, fig","","1970"
tro-26610155,P,Anemiaceae,,Anemia,,"elaphoglossoides",,"","Mickel",Accepted,,M,TRO,26610155,272138-2,"Amer. Fern J.","74(4): 111, f. 3B","111","1984"
tro-26619803,P,Anemiaceae,,Anemia,,"elegans",,"","(Gardner) C. Presl",Accepted,,M,TRO,26619803,17020410-1,"Suppl. Tent. Pterid.","81","81","1845"
tro-100368050,P,Anemiaceae,,Anemia,×,"espiritosantensis",,"","Brade",Unresolved,,L,TRO,100368050,17369090-1,"Rodriguésia","10(21): 27, t. 1","27","1948"
tro-26608814,P,Anemiaceae,,Anemia,,"familiaris",,"","Mickel",Accepted,,M,TRO,26608814,13262-2,"Brittonia","34(4): 399, f. 11","399","1982"
tro-26606115,P,Anemiaceae,,Anemia,,"ferruginea",,"","Kunth",Accepted,,M,TRO,26606115,17020430-1,"Nov. Gen. Sp. (quarto ed.)","1: 32–33","32","1815"
tro-50294027,P,Anemiaceae,,Anemia,,"ferruginea",var.,"ahenobarba","(Christ.) Mickel",Accepted,,L,TRO,50294027,13263-2,"Iowa State J. Sci.","36: 430","430","1962"
ifn-47852,P,Anemiaceae,,Anemia,,"filiculifolia",,"","Sw.",Unresolved,,L,IPNI,17020440-1,17020440-1,"Syn. Fil. (Swartz)","158","","1806"
tro-50211306,P,Anemiaceae,,Anemia,,"filiformis",,"","(Savigny) Sw. ex E. Fourn.",Accepted,,M,TRO,50211306,,"Mexic. Pl.","1: 139","139","1872"
tro-26606112,P,Anemiaceae,,Anemia,,"flexuosa",,"","(Savigny) Sw.",Accepted,,M,TRO,26606112,17020460-1,"Syn. Fil.","156","156","1806"
ifn-48055,P,Anemiaceae,,Anemia,,"flexuosa x phyllitidis",,"","Rosenst.",Unresolved,,L,IPNI,17264690-1,17264690-1,"Festschr. Alb.","v. Bamberg. 66 t. 2. 1905; C. Chr. Ind. 661","","1905"
tro-50211323,P,Anemiaceae,,Anemia,,"fulva",,"","(Cav.) Sw.",Accepted,,M,TRO,50211323,17020490-1,"Syn. Fil.","157","157","1806"
tro-26619797,P,Anemiaceae,,Anemia,,"gardneri",,"","Hook.",Accepted,,M,TRO,26619797,,"Icon. Pl. Omeiesium","t. 190","","1837"
tro-50048092,P,Anemiaceae,,Anemia,,"gardneriana",,"","Christ",Unresolved,,L,TRO,50048092,17020520-1,"Farnkr. Erde","346","346","1897"
tro-50048139,P,Anemiaceae,,Anemia,,"glareosa",,"","Gardner",Accepted,,M,TRO,50048139,17020530-1,"Sert. Pl.","t. 70","","1844"
tro-50048088,P,Anemiaceae,,Anemia,,"glaziovii",,"","Fée",Unresolved,,L,TRO,50048088,17020540-1,"Crypt. Vasc. Brésil","1: 207, t. 74, f. 2","207","1869"
ifn-47870,P,Anemiaceae,,Anemia,,"glomerata",,"","Gardn.; Moore",Unresolved,,L,IPNI,17020550-1,17020550-1,"Ind.","66. 1857","","1857"
tro-50048099,P,Anemiaceae,,Anemia,,"gomesii",,"","Christ",Accepted,,M,TRO,50048099,17238250-1,"Bull. Herb. Boissier, sér. 2,","7: 891","891","1907"
ifn-47872,P,Anemiaceae,,Anemia,,"gracilis",,"","Schrad.",Unresolved,,L,IPNI,17020560-1,17020560-1,"Gott. gel. Anz.","1824. 865","","1824"
ifn-47873,P,Anemiaceae,,Anemia,,"grossilobata",,"","Christ",Unresolved,,L,IPNI,17238260-1,17238260-1,"Denkschr. Akad. Wien","79. 46 f. 1-2, t. 7 f. 2. 1907","","1907"
tro-26608316,P,Anemiaceae,,Anemia,,"guatemalensis",,"","Maxon",Accepted,,M,TRO,26608316,13273-2,"N. Amer. Fl.","16(1): 46","46","1909"
ifn-47876,P,Anemiaceae,,Anemia,,"hatschbachii",,"","Sehnem",Unresolved,,L,IPNI,13275-2,13275-2,"Fl. Ilustr. Catarin.","ESQUI: 27, t. 6, f. 1","","1974"
tro-50125219,P,Anemiaceae,,Anemia,,"herzogii",,"","Rosenst.",Accepted,,M,TRO,50125219,13276-2,"Meded. Rijks-Herb.","19: 24","24","1913"
tro-50310162,P,Anemiaceae,,Anemia,,"heterodoxa",,"","Christ",Accepted,,M,TRO,50310162,13277-2,"Annuaire Conserv. Jard. Bot. Genève","3: 45","45","1899"
tro-26600017,P,Anemiaceae,,Anemia,,"hirsuta",,"","(L.) Sw.",Accepted,,M,TRO,26600017,1109543-2,"Syn. Fil.","156","156","1806"
ifn-48056,P,Anemiaceae,,Anemia,,"hirsuta x phyllitidis",,"","Prantl",Unresolved,,L,IPNI,17020620-1,17020620-1,"Schiz.","121. 1881","","1881"
tro-26608318,P,Anemiaceae,,Anemia,,"hirta",,"","(L.) Sw.",Accepted,,M,TRO,26608318,1063426-2,"Syn. Fil.","155","155","1806"
tro-26606126,P,Anemiaceae,,Anemia,,"hispida",,"","Kunze",Unresolved,,L,TRO,26606126,17020650-1,"Linnaea","9: 20","20","1834"
tro-26615156,P,Anemiaceae,,Anemia,,"imbricata",,"","J.W. Sturm",Accepted,,M,TRO,26615156,,"","","",""
tro-50211301,P,Anemiaceae,,Anemia,,"incisa",,"","Schrad.",Accepted,,M,TRO,50211301,17020690-1,"Gött. Gel. Anz.","1824: 865","865","1824"
tro-26600018,P,Anemiaceae,,Anemia,,"jaliscana",,"","Maxon",Accepted,,M,TRO,26600018,13288-2,"N. Amer. Fl.","16(1): 44","44","1909"
tro-26600019,P,Anemiaceae,,Anemia,,"karwinskyana",,"","(C. Presl) Prantl",Accepted,,M,TRO,26600019,,"Unters. Morph. Gefasskrypt.","2: 99","99","1881"
ifn-47901,P,Anemiaceae,,Anemia,,"karwinskyanum",,"","Prantl",Unresolved,,L,IPNI,17020700-1,17020700-1,"Unters. Morph. Gefasskrypt.","2: 99.","","1881 [Oct 1881]"
ifn-47902,P,Anemiaceae,,Anemia,,"kunzeana",,"","Klotzsch",Unresolved,,L,IPNI,17020710-1,17020710-1,"Linnaea","18. 526 (nota). 1844 (nomen)","","1844"
ifn-47903,P,Anemiaceae,,Anemia,,"laciniata",,"","Link",Unresolved,,L,IPNI,17020720-1,17020720-1,"Fil. sp.","25. 1841. (HB. 435)","","1841"
ifn-47904,P,Anemiaceae,,Anemia,,"lancea",,"","Christ",Unresolved,,L,IPNI,13290-2,13290-2,"Bull. Herb. Boissier","ser. 2, 7: 791","","1907"
ifn-47905,P,Anemiaceae,,Anemia,,"lanceolata",,"","Lodd.",Unresolved,,L,IPNI,17020730-1,17020730-1,"Bot. Cab.","15 index (t. 1416). 1828","","1828"
ifn-47906,P,Anemiaceae,,Anemia,,"langsdorffiana",,"","C.Presl",Unresolved,,L,IPNI,17020740-1,17020740-1,"Suppl. Tent. Pterid.","89. 1845","","1845"
tro-26600400,P,Anemiaceae,,Anemia,,"lanipes",,"","C. Chr.",Accepted,,M,TRO,26600400,,"Dansk Bot. Ark.","7: 177, t. 71, f. 1–3","177","1932"
tro-50048096,P,Anemiaceae,,Anemia,,"lanuginosa",,"","Brongn. ex J.W. Sturm",Accepted,,M,TRO,50048096,,"Fl. Bras.","1(2): 210","210","1859"
ifn-47910,P,Anemiaceae,,Anemia,,"laxa",,"","Lindm.",Unresolved,,L,IPNI,13292-2,13292-2,"Ark. Bot.","1: 261, pl. 13","","1903"
tro-100375169,P,Anemiaceae,,Anemia,,"lepigera",,"","(Baker) Christenh.",Accepted,,M,TRO,100375169,77116321-1,"Phytotaxa","31: 59","59","2011"
ifn-82736,P,Anemiaceae,,Anemia,,"longifolia",,"","Raddi",Unresolved,,L,IPNI,13293-2,13293-2,"","","",""
tro-100368053,P,Anemiaceae,,Anemia,,"luetzelburgii",,"","Rosenst.",Unresolved,,L,TRO,100368053,13297-2,"Repert. Spec. Nov. Regni Veg.","20: 94","94","1924"
tro-26600403,P,Anemiaceae,,Anemia,,"madagascariensis",,"","C. Chr.",Accepted,,M,TRO,26600403,,"Arch. Bot. Bull. Mens.","2: 216","216","1928"
tro-50211300,P,Anemiaceae,,Anemia,,"mandioccana",,"","Hook.",Accepted,,M,TRO,50211300,17020800-1,"Gen. Fil.","t. 90","t. 90","1842"
tro-50259812,P,Anemiaceae,,Anemia,,"mandioccana",,"","Raddi",Unresolved,,L,TRO,50259812,,"Opusc. Sci.","3: 282","282","1819"
tro-100374480,P,Anemiaceae,,Anemia,,"marginalis",,"","(Sav.) Christenh.",Accepted,,M,TRO,100374480,77110543-1,"Phytotaxa","19: 19","19","2011"
tro-26610156,P,Anemiaceae,,Anemia,,"marginata",,"","Mickel",Accepted,,M,TRO,26610156,272139-2,"Amer. Fern J.","74(4): 111, f. 2D","111","1984"
ifn-47922,P,Anemiaceae,,Anemia,,"media",,"","Link",Unresolved,,L,IPNI,17020810-1,17020810-1,"Fil. sp.","25. 1841","","1841"
tro-26604224,P,Anemiaceae,,Anemia,,"mexicana",,"","Klotzsch",Accepted,,M,TRO,26604224,17020820-1,"Linnaea","18: 526","526","1844"
tro-26609615,P,Anemiaceae,,Anemia,,"mexicana",var.,"makrinii","(Maxon) Mickel",Accepted,,L,TRO,26609615,13301-2,"Brittonia","33(3): 421, f. 4b","421","1981"
ifn-47926,P,Anemiaceae,,Anemia,,"microstachys",,"","F",Unresolved,,L,IPNI,17020830-1,17020830-1,"Crypt. Vasc. Bresil","1. 206 t. 74 f. 3. 1869","","1869"
tro-26609671,P,Anemiaceae,,Anemia,,"millefolia",,"","(Gardner) C. Presl",Accepted,,M,TRO,26609671,,"Suppl. Tent. Pterid.","80(postpr. 341)","80","1845"
ifn-47928,P,Anemiaceae,,Anemia,,"mirabilis",,"","Brade",Unresolved,,L,IPNI,13303-2,13303-2,"Sellowia","no. 17: 53","","1965"
tro-100374481,P,Anemiaceae,,Anemia,,"mohriana",,"","Christenh.",Unresolved,,L,TRO,100374481,77110544-1,"Phytotaxa","19: 19","19","2011"
tro-26600020,P,Anemiaceae,,Anemia,,"multiplex",,"","Mickel",Accepted,,M,TRO,26600020,13304-2,"Brittonia","34(4): 405, f. 12","405","1982"
tro-26600021,P,Anemiaceae,,Anemia,,"munchii",,"","Christ",Accepted,,M,TRO,26600021,13305-2,"Bull. Herb. Boissier, sér. 2,","7: 792","792","1907"
tro-26606117,P,Anemiaceae,,Anemia,,"myriophylla",,"","Christ",Accepted,,M,TRO,26606117,13306-2,"Bull. Herb. Boissier","2(7): 793","793","1907"
tro-50048108,P,Anemiaceae,,Anemia,,"nana",,"","Baker",Accepted,,M,TRO,50048108,13307-2,"Bot. Jahrb. Syst.","17: 522","522","1893"
ifn-47934,P,Anemiaceae,,Anemia,,"nervosa",,"","Pohl; Sturm",Unresolved,,L,IPNI,17020860-1,17020860-1,"Fl. Bras. (Martius)","1(2): 193;  Prantl, Schiz. 117. NPfl. 371","","1859"
tro-50065588,P,Anemiaceae,,Anemia,,"nigerica",,"","Alston",Unresolved,,L,TRO,50065588,17369110-1,"Bol. Soc. Brot., sér. 2,","30: 6","6","1956"
tro-100374483,P,Anemiaceae,,Anemia,,"nudiuscula",,"","(J.P. Roux) Christenh.",Accepted,,M,TRO,100374483,77110545-1,"Phytotaxa","19: 19","19","2011"
ifn-82737,P,Anemiaceae,,Anemia,,"obliqua",,"","Schrad.",Unresolved,,L,IPNI,13310-2,13310-2,"","","",""
ifn-82738,P,Anemiaceae,,Anemia,,"oblonga",,"","Sturm",Unresolved,,L,IPNI,13311-2,13311-2,"","","",""
tro-26600022,P,Anemiaceae,,Anemia,,"oblongifolia",,"","(Cav.) Sw.",Accepted,,M,TRO,26600022,,"Syn. Fil.","156","156","1806"
tro-26620093,P,Anemiaceae,,Anemia,,"obovata",,"","Underw. ex Maxon",Unresolved,,L,TRO,26620093,13316-2,"N. Amer. Fl.","16(1): 42","42","1909"
tro-50008297,P,Anemiaceae,,Anemia,,"obtusa",,"","Desv.",Unresolved,,L,TRO,50008297,17020900-1,"Ges. Naturf. Freunde Berlin Mag. Neuesten Entdeck. Gesammten Naturk.","5: 308","308","1811"
tro-50310163,P,Anemiaceae,,Anemia,,"organensis",,"","Rosenst.",Accepted,,M,TRO,50310163,17299430-1,"Repert. Spec. Nov. Regni Veg.","20: 95","95","1924"
ifn-82745,P,Anemiaceae,,Anemia,,"ouropretana",,"","Christ in Schwacke",Unresolved,,L,IPNI,17020920-1,17020920-1,"Pl. Nov. Mineiras","2. 36. 1900; Bull. Boiss. II. 2. 693. 1902","","1900"
ifn-47949,P,Anemiaceae,,Anemia,,"pallida",,"","Gardner",Unresolved,,L,IPNI,17020930-1,17020930-1,"Sert. Pl.","sub t. 70.","","1844"
tro-50310164,P,Anemiaceae,,Anemia,,"palmarum",,"","Lindm.",Accepted,,M,TRO,50310164,13318-2,"Ark. Bot.","1: 261, t. 14","261","1903"
tro-26600028,P,Anemiaceae,,Anemia,×,"paraphyllitidis",,"","Mickel",Accepted,,M,TRO,26600028,13319-2,"Brittonia","34(4): 407, f. 7","407","1982"
tro-26600023,P,Anemiaceae,,Anemia,,"pastinacaria",,"","Moritz ex Prantl",Accepted,,M,TRO,26600023,304933-2,"Unters. Morph. Gefasskrypt.","2: 110","110","1881"
tro-26600404,P,Anemiaceae,,Anemia,,"perrieriana",,"","C. Chr.",Accepted,,M,TRO,26600404,17299440-1,"Dansk Bot. Ark.","7: 178, t. 72, f. 5–6","178","1932"
tro-26600024,P,Anemiaceae,,Anemia,,"phyllitidis",,"","(L.) Sw.",Accepted,,M,TRO,26600024,1202412-2,"Syn. Fil.","155","155","1806"
tro-50244424,P,Anemiaceae,,Anemia,,"phyllitidis",var.,"tweedieana","Hassl.",Accepted,,L,TRO,50244424,13332-2,"Trab. Inst. Bot. Farmacol.","45: 85","85","1928"
ifn-48057,P,Anemiaceae,,Anemia,,"phyllitidis x flexuosa",,"","Christ",Unresolved,,L,IPNI,17238340-1,17238340-1,"Denkschr. Akad. Wien","79. 46. 1907 (syn.)","","1907"
ifn-82767,P,Anemiaceae,,Anemia,,"pinnata",,"","Sehnem",Unresolved,,L,IPNI,17427230-1,17427230-1,"Fl. Illustr. Catar.","1 (Esquizeaceas), 21. 1974.","","1974"
tro-50310165,P,Anemiaceae,,Anemia,,"pohliana",,"","Sturm",Accepted,,M,TRO,50310165,17021000-1,"Fl. Bras.","1(2): 195","195",""
tro-26609863,P,Anemiaceae,,Anemia,,"porrecta",,"","Mickel",Accepted,,M,TRO,26609863,272140-2,"Amer. Fern J.","75: 36","36","1985"
tro-26612260,P,Anemiaceae,,Anemia,,"portoricensis",,"","Maxon",Unresolved,,L,TRO,26612260,13335-2,"N. Amer. Fl.","16: 48","48","1909"
ifn-47978,P,Anemiaceae,,Anemia,,"proxima",,"","C.Chr.",Unresolved,,L,IPNI,13337-2,13337-2,"Kungl. Svenska Vetenskapsakad. Handl.","16(2): 86, tab. 20, fig. 1, 2","","1936"
ifn-47979,P,Anemiaceae,,Anemia,,"pulchra",,"","Pohl; Prantl",Unresolved,,L,IPNI,17021020-1,17021020-1,"Schiz.","109. 1881","","1881"
tro-50211309,P,Anemiaceae,,Anemia,,"pumila",,"","Klotzsch",Unresolved,,L,TRO,50211309,17021030-1,"Linnaea","18: 526","526","1844"
tro-26617003,P,Anemiaceae,,Anemia,,"pumilio",,"","Mickel",Unresolved,,L,TRO,26617003,13338-2,"Brittonia","33(3): 428, f. 6D","428","1981"
ifn-47983,P,Anemiaceae,,Anemia,,"pyrenea",,"","Taub.",Unresolved,,L,IPNI,13339-2,13339-2,"Bot. Jahrb. Syst.","21(4): 422","","1895 (1896)"
tro-50310061,P,Anemiaceae,,Anemia,,"raddiana",,"","Link",Accepted,,M,TRO,50310061,17021050-1,"Hort. Berol.","2: 144","144","1833"
tro-26616256,P,Anemiaceae,,Anemia,,"radicans",,"","Raddi",Unresolved,,L,TRO,26616256,,"Opusc. Sci.","3: 282","282","1819"
tro-26600029,P,Anemiaceae,,Anemia,×,"recondita",,"","Mickel",Unresolved,,L,TRO,26600029,319274-2,"Brittonia","34(4): 409, f. 10","409","1982"
tro-50268911,P,Anemiaceae,,Anemia,,"recondita",,"","Mickel",Accepted,,M,TRO,50268911,17502930-1,"Brittonia","34: 409","409","1982"
tro-50038933,P,Anemiaceae,,Anemia,,"repens",,"","Raddi",Accepted,,M,TRO,50038933,,"Pl. Bras. Nov. Gen.","72, t. 9b","72","1825"
ifn-47990,P,Anemiaceae,,Anemia,,"retroflexa",,"","Brade",Unresolved,,L,IPNI,13343-2,13343-2,"Anais Reuniao Sul-Amer. Bot.","2: 9, tab. 5","","1940"
tro-50310166,P,Anemiaceae,,Anemia,,"rigida",,"","Sehnem",Accepted,,M,TRO,50310166,13344-2,"Fl. Il. Catarin.","1: 36–39, t. 11","36","1974"
tro-26614719,P,Anemiaceae,,Anemia,,"rotundifolia",,"","Schrad.",Accepted,,M,TRO,26614719,17021100-1,"Gött. Gel. Anz.","1824: 865","865","1824"
ifn-47995,P,Anemiaceae,,Anemia,,"rubrostipes",,"","Pohl; Sturm",Unresolved,,L,IPNI,17021110-1,17021110-1,"Fl. Bras. (Martius)","1(2): 202","","1859"
tro-50048135,P,Anemiaceae,,Anemia,,"rutifolia",,"","Mart.",Accepted,,M,TRO,50048135,17021120-1,"Icon. Pl. Crypt.","112, t. 5, f. 1","112","1834"
tro-26610157,P,Anemiaceae,,Anemia,,"salvadorensis",,"","Mickel & R.L. Seiler",Accepted,,M,TRO,26610157,272141-2,"Amer. Fern J.","74(4): 113, f. 2C","113","1984"
tro-50157397,P,Anemiaceae,,Anemia,,"sanctae-martae",,"","Christ",Accepted,,M,TRO,50157397,13347-2,"Bull. Herb. Boissier, sér. 2,","7: 791","791","1907"
tro-100374484,P,Anemiaceae,,Anemia,,"saxatilis",,"","(J.P. Roux) Christenh.",Accepted,,M,TRO,100374484,77110555-1,"Phytotaxa","19: 19","19","2011"
ifn-48000,P,Anemiaceae,,Anemia,,"scandens",,"","Spreng.",Unresolved,,L,IPNI,17021130-1,17021130-1,"Nova Acta","10. 233. 1821","","1821"
ifn-48002,P,Anemiaceae,,Anemia,,"schaefferi",,"","Sehnem",Unresolved,,L,IPNI,13348-2,13348-2,"Fl. Ilustr. Catarin.","ESQUI: 26, t. 6, f. 2","","1974"
tro-26600402,P,Anemiaceae,,Anemia,,"schimperiana",,"","C. Presl",Accepted,,M,TRO,26600402,17021140-1,"Suppl. Tent. Pterid.","84","84","1845"
ifn-48005,P,Anemiaceae,,Anemia,,"schomburgkiana",,"","C.Presl",Unresolved,,L,IPNI,17021150-1,17021150-1,"Suppl. Tent. Pterid.","86. 1845","","1845"
ifn-48006,P,Anemiaceae,,Anemia,,"schraderiana",,"","Mart.",Unresolved,,L,IPNI,17021160-1,17021160-1,"Icon. Pl. Crypt.","113 t. 58. 1834","","1834"
tro-50048145,P,Anemiaceae,,Anemia,,"schwackeana",,"","Christ",Unresolved,,L,TRO,50048145,13349-2,"Farnkr. Erde","351","351","1897"
tro-26600025,P,Anemiaceae,,Anemia,,"semihirsuta",,"","Mickel",Accepted,,M,TRO,26600025,13350-2,"Brittonia","34(4): 410, f. 6","410","1982"
tro-26604270,P,Anemiaceae,,Anemia,,"simii",,"","Tardieu",Accepted,,M,TRO,26604270,,"Notul. Syst. (Paris)","14: 208","208","1951"
tro-50310062,P,Anemiaceae,,Anemia,,"simplicior",,"","(Christ) Mickel",Accepted,,M,TRO,50310062,13351-2,"","36: 418, t. 25B","418","1962"
tro-26616989,P,Anemiaceae,,Anemia,,"smithii",,"","Brade",Accepted,,M,TRO,26616989,13352-2,"Bol. Mus. Nac. Rio de Janeiro","5(3): 95, t. 3","95","1929"
ifn-48015,P,Anemiaceae,,Anemia,,"sorbifolia",,"","Schrad.",Unresolved,,L,IPNI,17021190-1,17021190-1,"Gott. gel. Anz.","1824. 864","","1824"
ifn-48016,P,Anemiaceae,,Anemia,,"spannagelii",,"","Rosenst.",Unresolved,,L,IPNI,13353-2,13353-2,"Hedwigia","46: 160","","1907"
tro-26606997,P,Anemiaceae,,Anemia,,"speciosa",,"","C. Presl",Accepted,,M,TRO,26606997,17264750-1,"Suppl. Tent. Pterid.","89","89","1845"
tro-26616253,P,Anemiaceae,,Anemia,,"spicantoides",,"","Mabb.",Accepted,,M,TRO,26616253,17511710-1,"Taxon","32(1): 81","81","1983"
tro-100365695,P,Anemiaceae,,Anemia,,"tenella",,"","(Cav.) Sw.",Accepted,,M,TRO,100365695,,"Syn. Fil.","156","156","1806"
tro-50310167,P,Anemiaceae,,Anemia,,"tenera",,"","Pohl",Accepted,,M,TRO,50310167,17021220-1,"Fl. Bras.","1(2): 208","208",""
tro-26600026,P,Anemiaceae,,Anemia,,"tomentosa",,"","(Savigny) Sw.",Accepted,,M,TRO,26600026,,"Syn. Fil.","157","157","1806"
tro-26600027,P,Anemiaceae,,Anemia,,"tomentosa",var.,"mexicana","(C. Presl) Mickel",Accepted,,L,TRO,26600027,13361-2,"Iowa State Coll. J. Sci.","36(4): 427","427","1962"
ifn-48033,P,Anemiaceae,,Anemia,,"trichorhiza",,"","Gardner",Unresolved,,L,IPNI,13364-2,13364-2,"","","",""
ifn-48034,P,Anemiaceae,,Anemia,,"trichorhiza",,"","Hook.f.",Unresolved,,L,IPNI,17021250-1,17021250-1,"Icon. Pl.","9: t. 876.","","1851 [Apr-Dec 1851]"
tro-50048106,P,Anemiaceae,,Anemia,,"trichorrhiza",,"","Gardner ex Hook.",Accepted,,M,TRO,50048106,,"Icon. Pl.","t. 876","t. 876","1852"
ifn-48036,P,Anemiaceae,,Anemia,,"triniifolia",,"","Gardn.; Fee",Unresolved,,L,IPNI,17021260-1,17021260-1,"Crypt. Vasc. Bresil","1. 206. 1869 (err.)","","1869"
ifn-48037,P,Anemiaceae,,Anemia,,"tripinnata",,"","Copel.",Unresolved,,L,IPNI,13366-2,13366-2,"Univ. Calif. Publ. Bot.","17: 24, tab. 1","","1932"
ifn-48039,P,Anemiaceae,,Anemia,,"ulbrichtii",,"","Rosenst.",Unresolved,,L,IPNI,17236250-1,17236250-1,"Festschr. Alb.","v. Bamberg 66 t. 2. 1905","","1905"
ifn-48040,P,Anemiaceae,,Anemia,,"ulei",,"","Christ in Schwacke",Unresolved,,L,IPNI,13368-2,13368-2,"Pl. Nov. Mineir.","2: 36","","1900"
tro-26619860,P,Anemiaceae,,Anemia,,"underwoodiana",,"","Maxon",Unresolved,,L,TRO,26619860,13369-2,"N. Amer. Fl.","16: 40","40","1909"
ifn-48042,P,Anemiaceae,,Anemia,,"vellea",,"","Schrad.",Unresolved,,L,IPNI,17021290-1,17021290-1,"Gott. gel. Anz.","1824. 865","","1824"
ifn-48043,P,Anemiaceae,,Anemia,,"verticillata",,"","Sw.",Unresolved,,L,IPNI,17021300-1,17021300-1,"Syn. Fil. (Swartz)","158","","1806"
ifn-48044,P,Anemiaceae,,Anemia,,"vespertilio",,"","Schrad.",Unresolved,,L,IPNI,17021310-1,17021310-1,"Gott. gel. Anz.","1824. 865","","1824"
tro-100374485,P,Anemiaceae,,Anemia,,"vestita",,"","(Baker) Christenh.",Accepted,,M,TRO,100374485,77110556-1,"Phytotaxa","19: 19","19","2011"
tro-26606111,P,Anemiaceae,,Anemia,,"villosa",,"","Humb. & Bonpl. ex Willd.",Accepted,,M,TRO,26606111,17021320-1,"Sp. Pl.","5: 92","92","1810"
tro-26619780,P,Anemiaceae,,Anemia,,"voerkelliana",,"","Duek",Unresolved,,L,TRO,26619780,,"Feddes Repert.","86(9–10): 521","521","1975"
ifn-48049,P,Anemiaceae,,Anemia,,"warmingii",,"","Prantl",Unresolved,,L,IPNI,17021330-1,17021330-1,"Unters. Morph. Gefasskrypt.","2: 113.","","1881 [Oct 1881]"
tro-50125224,P,Anemiaceae,,Anemia,,"wettsteinii",,"","Christ",Accepted,,M,TRO,50125224,13373-2,"Denkschr. Kaiserl. Akad. Wiss., Math.-Naturwiss. Kl.","79: 54, t. 9","54","1908"
tro-26604223,P,Anemiaceae,,Anemia,,"wrightii",,"","Baker",Accepted,,M,TRO,26604223,17021350-1,"Syn. Fil.","435","435","1868"
tro-50130722,P,Anemiaceae,,Anemia,×,"zanonii",,"","Mickel",Unresolved,,L,TRO,50130722,17523790-1,"Moscosoa","3: 84","84","1984"
ifn-48060,P,Anemiaceae,,Anemidictyon,,"densum",,"","J.Sm.",Unresolved,,L,IPNI,17021390-1,17021390-1,"London J. Bot.","2. 387. 1843","","1843"
ifn-48061,P,Anemiaceae,,Anemidictyon,,"fraxinifolium",,"","J.Sm.",Unresolved,,L,IPNI,17021400-1,17021400-1,"London J. Bot.","2. 387. 1843","","1843"
ifn-48062,P,Anemiaceae,,Anemidictyon,,"haenkei",,"","C.Presl",Unresolved,,L,IPNI,17021410-1,17021410-1,"Suppl. Tent. Pterid.","94. 1845","","1845"
ifn-48063,P,Anemiaceae,,Anemidictyon,,"hirtum",,"","C.Presl",Unresolved,,L,IPNI,17021420-1,17021420-1,"Suppl. Tent. Pterid.","92. 1845","","1845"
ifn-48064,P,Anemiaceae,,Anemidictyon,,"incisum",,"","C.Presl",Unresolved,,L,IPNI,17021430-1,17021430-1,"Suppl. Tent. Pterid.","95. 1845.","","1845"
ifn-48065,P,Anemiaceae,,Anemidictyon,,"laciniatum",,"","C.Presl",Unresolved,,L,IPNI,17021440-1,17021440-1,"Suppl. Tent. Pterid.","94. 1845.","","1845"
ifn-48066,P,Anemiaceae,,Anemidictyon,,"obliquum",,"","F",Unresolved,,L,IPNI,17021450-1,17021450-1,"","","","1866"
tro-50047553,P,Anemiaceae,,Anemidictyon,,"tweedieanum",,"","(Hook.) T. Moore",Accepted,,M,TRO,50047553,,"Index Fil.","cxvi","cxvi","1857"
ifn-48105,P,Anemiaceae,,Hemianemia,,"ahenobarba",,"","C.F.Reed",Unresolved,,L,IPNI,119971-2,119971-2,"Bol. Soc. Brot.","s","","1947"
ifn-48106,P,Anemiaceae,,Hemianemia,,"anthriscifolia",,"","C.F.Reed",Unresolved,,L,IPNI,119972-2,119972-2,"Bol. Soc. Brot.","s","","1947"
tro-26619793,P,Anemiaceae,,Hemianemia,,"aspera",,"","(Fée) C.F. Reed",Accepted,,M,TRO,26619793,119976-2,"Bol. Soc. Brot., sér. 2,","21: 157","157","1948"
tro-50048137,P,Anemiaceae,,Hemianemia,,"dimorphostachys",,"","(Baker) C.F. Reed",Accepted,,M,TRO,50048137,119980-2,"Bol. Soc. Brot., sér. 2,","21: 159","159","1948"
tro-50048146,P,Anemiaceae,,Hemianemia,,"eximia",,"","(Taub.) C.F. Reed",Accepted,,M,TRO,50048146,119982-2,"Bol. Soc. Brot., sér. 2,","21: 156","156","1948"
ifn-48121,P,Anemiaceae,,Hemianemia,,"fulva",,"","C.F.Reed",Unresolved,,L,IPNI,119986-2,119986-2,"Bol. Soc. Brot.","s","","1947"
tro-50048093,P,Anemiaceae,,Hemianemia,,"gardnerii",,"","(Hook.) C.F. Reed",Accepted,,M,TRO,50048093,,"Bol. Soc. Brot., sér. 2,","21: 160","160","1948"
tro-50048141,P,Anemiaceae,,Hemianemia,,"glareosa",,"","(Gardner) C.F. Reed",Accepted,,M,TRO,50048141,119988-2,"Bol. Soc. Brot., sér. 2,","21: 160","160","1948"
ifn-48125,P,Anemiaceae,,Hemianemia,,"heterodoxa",,"","C.F.Reed",Unresolved,,L,IPNI,119990-2,119990-2,"Bol. Soc. Brot.","s","","1947"
ifn-48127,P,Anemiaceae,,Hemianemia,,"karwinskyana",,"","C.F.Reed",Unresolved,,L,IPNI,119992-2,119992-2,"Bol. Soc. Brot.","s","","1947"
tro-50048100,P,Anemiaceae,,Hemianemia,,"lanuginosa",,"","(Brongn. ex J.W. Sturm) C.F. Reed",Accepted,,M,TRO,50048100,119993-2,"Bol. Soc. Brot., sér. 2,","21: 160","160","1948"
ifn-48130,P,Anemiaceae,,Hemianemia,,"luetzelburgii",,"","C.F.Reed",Unresolved,,L,IPNI,119994-2,119994-2,"Bol. Soc. Brot.","s","","1947"
tro-26619799,P,Anemiaceae,,Hemianemia,,"millefolia",,"","(Gardner) C.F. Reed",Accepted,,M,TRO,26619799,119995-2,"Bol. Soc. Brot., sér. 2,","21: 158","158","1948"
tro-50048126,P,Anemiaceae,,Hemianemia,,"nana",,"","(Baker) C.F. Reed",Accepted,,M,TRO,50048126,119997-2,"Bol. Soc. Brot., sér. 2,","21: 159","159","1948"
ifn-48136,P,Anemiaceae,,Hemianemia,,"pyrenea",,"","C.F.Reed",Unresolved,,L,IPNI,119998-2,119998-2,"Bol. Soc. Brot.","s","","1947"
ifn-48137,P,Anemiaceae,,Hemianemia,,"retroflexa",,"","C.F.Reed",Unresolved,,L,IPNI,119999-2,119999-2,"Bol. Soc. Brot.","s","","1947"
ifn-48138,P,Anemiaceae,,Hemianemia,,"rosei",,"","C.F.Reed",Unresolved,,L,IPNI,120000-2,120000-2,"Bol. Soc. Brot.","s","","1947"
tro-50048138,P,Anemiaceae,,Hemianemia,,"rutifolia",,"","(Mart.) C.F. Reed",Accepted,,M,TRO,50048138,120001-2,"Bol. Soc. Brot., sér. 2,","21: 159","159","1948"
ifn-48141,P,Anemiaceae,,Hemianemia,,"sessilis",,"","C.F.Reed",Unresolved,,L,IPNI,17397740-1,17397740-1,"Bol. Soc. Brot.","s","","1948"
tro-50048151,P,Anemiaceae,,Hemianemia,,"sessilis",var.,"lib","(Jeanp.) C.F. Reed",Unresolved,,L,TRO,50048151,,"Bol. Soc. Brot., sér. 2,","21: 157","157","1948"
tro-26619801,P,Anemiaceae,,Hemianemia,,"smithii",,"","(Brade) C.F. Reed",Accepted,,M,TRO,26619801,120002-2,"Bol. Soc. Brot., sér. 2,","21: 157","157","1948"
tro-50048125,P,Anemiaceae,,Hemianemia,,"trichorrhiza",,"","(Gardner ex Hook.) C.F. Reed",Accepted,,M,TRO,50048125,,"Bol. Soc. Brot., sér. 2,","21: 157","157","1948"
ifn-48148,P,Anemiaceae,,Hemianemia,,"tripinnata",,"","C.F.Reed",Unresolved,,L,IPNI,120008-2,120008-2,"Bol. Soc. Brot.","s","","1947"
ifn-48149,P,Anemiaceae,,Hemianemia,,"villosa",,"","C.F.Reed",Unresolved,,L,IPNI,120009-2,120009-2,"Bol. Soc. Brot.","s","","1947"
tro-50300390,P,Anemiaceae,,Mohria,,"achilleifolia",,"","Lowe",Unresolved,,L,TRO,50300390,17149620-1,"New Ferns",", t. 42B","","1862"
tro-26619857,P,Anemiaceae,,Mohria,,"aurita",,"","(Sw.) J. Sm.",Accepted,,M,TRO,26619857,17149630-1,"London J. Bot.","2: 388","388","1843"
tro-26600405,P,Anemiaceae,,Mohria,,"caffrorum",,"","(L.) Desv.",Accepted,,M,TRO,26600405,17149650-1,"Mém. Soc. Linn. Paris","6: 198","198","1827"
tro-26604271,P,Anemiaceae,,Mohria,,"hirsuta",,"","J.P. Roux",Accepted,,M,TRO,26604271,,"","","",""
ifn-48354,P,Anemiaceae,,Mohria,,"intermedia",,"","J.Sm.",Unresolved,,L,IPNI,17149670-1,17149670-1,"London J. Bot.","2. 387. 1843","","1843"
tro-50101037,P,Anemiaceae,,Mohria,,"marginalis",,"","(Sav.) J.P.Roux",Unresolved,,L,TRO,50101037,17538210-1,"","","",""
tro-50101039,P,Anemiaceae,,Mohria,,"rigida",,"","J.P. Roux",Unresolved,,L,TRO,50101039,17531000-1,"S. African J. Bot.","56(2): 268","268","1990"
ifn-48362,P,Anemiaceae,,Mohria,,"thurifraga",,"","Sw.",Unresolved,,L,IPNI,17149700-1,17149700-1,"Syn. Fil. (Swartz)","159, 385, t. 5","","1806"
kew-2402321,P,Anemiaceae,,Ornithopteris,,"abbottii",,"","(Maxon) C.F.Reed",Unresolved,,L,WCSP (in review),540798,176531-2,"Bol. Soc. Brot.","II, 21: 154","","1947"
tro-26603082,P,Anemiaceae,,Ornithopteris,,"aquilina",,"","J. Sm.",Unresolved,,L,TRO,26603082,17168310-1,"Hist. Fil.","298","298","1875"
kew-2402320,P,Anemiaceae,,Ornithopteris,,"aurita",,"","(Sw.) C.F.Reed",Unresolved,,L,WCSP (in review),540797,176532-2,"Bol. Soc. Brot.","II, 21: 154","","1947"
tro-26603758,P,Anemiaceae,,Ornithopteris,,"caudata",,"","J. Sm.",Unresolved,,L,TRO,26603758,17168320-1,"Hist. Fil.","298","298","1875"
kew-2402319,P,Anemiaceae,,Ornithopteris,,"coriacea",,"","(Griseb.) C.F.Reed",Unresolved,,L,WCSP (in review),540796,176533-2,"Bol. Soc. Brot.","II, 21: 153","","1947"
kew-2402339,P,Anemiaceae,,Ornithopteris,,"cuneata",,"","(Kunze) C.F.Reed",Unresolved,,L,WCSP (in review),540816,176534-2,"Bol. Soc. Brot.","II, 21: 153","","1947"
ifn-15893,P,Anemiaceae,,Ornithopteris,,"esculenta",,"","J.Sm.",Unresolved,,L,IPNI,17168330-1,17168330-1,"Hist. Fil.","298. 1875","","1875"
ifn-15894,P,Anemiaceae,,Ornithopteris,,"glutinosa",,"","J.Sm.",Unresolved,,L,IPNI,17168340-1,17168340-1,"Hist. Fil.","299. 1875","","1875"
kew-2402323,P,Anemiaceae,,Ornithopteris,,"makrinii",,"","(Maxon) C.F.Reed",Unresolved,,L,WCSP (in review),540800,176535-2,"Bol. Soc. Brot.","II, 21: 153","","1947"
kew-2402325,P,Anemiaceae,,Ornithopteris,,"nipeensis",,"","(Benedict) C.F.Reed",Unresolved,,L,WCSP (in review),540802,176537-2,"Bol. Soc. Brot.","II, 21: 154","","1947"
kew-2402346,P,Anemiaceae,,Ornithopteris,,"obovata",,"","Underw.",Unresolved,,L,WCSP (in review),540823,176538-2,"N. Amer. Fl.","16: 42","","1909"
kew-2402345,P,Anemiaceae,,Ornithopteris,,"portoricensis",,"","(Maxon) C.F.Reed",Unresolved,,L,WCSP (in review),540822,176539-2,"Bol. Soc. Brot.","II, 21: 154","","1947"
ifn-15895,P,Anemiaceae,,Ornithopteris,,"rugulosa",,"","J.Sm.",Unresolved,,L,IPNI,17168350-1,17168350-1,"Hist. Fil.","299. 1875","","1875"
ifn-15896,P,Anemiaceae,,Ornithopteris,,"scaberula",,"","J.Sm.",Unresolved,,L,IPNI,17168360-1,17168360-1,"Hist. Fil.","299. 1875","","1875"
tro-26614812,P,Anemiaceae,,Ornithopteris,,"wrightii",,"","(Baker) Millsp.",Accepted,,M,TRO,26614812,176541-2,"Publ. Field Columb. Mus., Bot. Ser.","3(1): 14","14","1903"
tro-100354186,P,Anemiaceae,,Spathepteris,,"verticillata",,"","(L.) C. Presl",Accepted,,M,TRO,100354186,,"Suppl. Tent. Pterid.","95","95","1846"
