﻿ID,Major group,Family,Genus hybrid marker,Genus,Species hybrid marker,Species,Infraspecific rank,Infraspecific epithet,Authorship,Taxonomic status in TPL,Nomenclatural status from original data source,Confidence level,Source,Source id,IPNI id,Publication,Collation,Page,Date
tro-35190612,B,Aneuraceae,,Acrostolia,,"alata",,"","(Gottsche & Rabenh.) Trevis.",Accepted,,M,TRO,35190612,,"Mem. Reale Ist. Lombardo Sci., Ser. 3, Cl. Sci. Mat.","4: 431","431","1877"
tro-35190619,B,Aneuraceae,,Acrostolia,,"brevifolia",,"","(Gottsche) Trevis.",Accepted,,M,TRO,35190619,,"Mem. Reale Ist. Lombardo Sci., Ser. 3, Cl. Sci. Mat.","4: 431","431","1877"
tro-35190631,B,Aneuraceae,,Acrostolia,,"javanica",,"","Gottsche ex Trevis.",Unresolved,,L,TRO,35190631,,"Mem. Reale Ist. Lombardo Sci., Ser. 3, Cl. Sci. Mat.","4: 431","431","1877"
tro-35190625,B,Aneuraceae,,Acrostolia,,"virgata",,"","(Gottsche) Trevis.",Accepted,,M,TRO,35190625,,"Mem. Reale Ist. Lombardo Sci., Ser. 3, Cl. Sci. Mat.","4: 431","431","1877"
tro-35191860,B,Aneuraceae,,Aneura,,"alata",,"","Stephani",Unresolved,,L,TRO,35191860,,"Sp. Hepat.","1: 240","240","1899"
tro-35191886,B,Aneuraceae,,Aneura,,"allionii",,"","Stephani",Unresolved,,L,TRO,35191886,,"Sp. Hepat.","6: 20","20","1917"
tro-35213061,B,Aneuraceae,,Aneura,,"alterniloba",subsp.,"robusta","(Rodway) Hewson",Unresolved,,L,TRO,35213061,,"Proc. Linn. Soc. New South Wales","94: 187","187","1970"
tro-35190636,B,Aneuraceae,,Aneura,,"amazonica",,"","Spruce",Accepted,,M,TRO,35190636,,"Trans. & Proc. Bot. Soc. Edinburgh","15: 545","545","1885"
tro-35191888,B,Aneuraceae,,Aneura,,"amboinensis",,"","Stephani",Unresolved,,L,TRO,35191888,,"Sp. Hepat.","1: 219","219","1899"
tro-35191889,B,Aneuraceae,,Aneura,,"ambrosioides",,"","(Nees) Pearson",Accepted,,M,TRO,35191889,,"Hepat. Brit. Isl.","453","453","1902"
tro-35190637,B,Aneuraceae,,Aneura,,"andina",,"","Spruce",Accepted,,M,TRO,35190637,,"Trans. & Proc. Bot. Soc. Edinburgh","15: 548","548","1885"
tro-35191890,B,Aneuraceae,,Aneura,,"androgyna",,"","(Schiffner) Stephani",Accepted,,M,TRO,35191890,,"Sp. Hepat.","1: 216","216","1899"
tro-35191892,B,Aneuraceae,,Aneura,,"angusticosta",,"","Stephani",Unresolved,,L,TRO,35191892,,"Denkschr. Kaiserl. Akad. Wiss., Math.-Naturwiss. Kl.","88: 724","724","1913"
tro-35191895,B,Aneuraceae,,Aneura,,"attenuata",,"","Stephani",Unresolved,,L,TRO,35191895,,"Bull. Herb. Boissier","5: 844","844","1897"
tro-35191896,B,Aneuraceae,,Aneura,,"augustae",,"","Stephani",Unresolved,,L,TRO,35191896,,"Sp. Hepat.","6: 430","430","1923"
tro-35206781,B,Aneuraceae,,Aneura,,"australis",,"","Hook. f. & Lév.",Unresolved,,L,TRO,35206781,,"Choix Pl. Nouv.-Zél.","9","9","1846"
tro-35191900,B,Aneuraceae,,Aneura,,"baldwinii",,"","Stephani",Unresolved,,L,TRO,35191900,,"Sp. Hepat.","1: 253","253","1899"
tro-35191902,B,Aneuraceae,,Aneura,,"biflora",,"","Colenso",Unresolved,,L,TRO,35191902,,"Trans. & Proc. New Zealand Inst.","17: 262","262","1885"
tro-35191903,B,Aneuraceae,,Aneura,,"bipinnata",,"","(Sw.) Nees",Accepted,,M,TRO,35191903,,"Syn. Hepat.","500","500","1846"
tro-35191906,B,Aneuraceae,,Aneura,,"bipinnata",var.,"flabellifera","(Nees) Nees",Accepted,,L,TRO,35191906,,"Syn. Hepat.","500","500","1846"
tro-35200365,B,Aneuraceae,,Aneura,,"blasioides",,"","(Horik.) Furuki",Accepted,,M,TRO,35200365,,"J. Hattori Bot. Lab.","70: 311","311","1991"
tro-35191910,B,Aneuraceae,,Aneura,,"brasiliensis",,"","(Ångström) Stephani",Accepted,,M,TRO,35191910,,"Sp. Hepat.","1: 274","274","1899"
tro-35191912,B,Aneuraceae,,Aneura,,"breutelii",,"","Stephani",Unresolved,,L,TRO,35191912,,"Sp. Hepat.","1: 269","269","1899"
tro-35191914,B,Aneuraceae,,Aneura,,"brevissima",,"","Stephani",Unresolved,,L,TRO,35191914,,"Sp. Hepat.","6: 21","21","1917"
tro-35188371,B,Aneuraceae,,Aneura,,"caespitans",,"","Stephani",Accepted,,M,TRO,35188371,,"Bull. Soc. Roy. Bot. Belgique","30: 194","194","1891"
tro-35192007,B,Aneuraceae,,Aneura,,"calva",,"","Schiffner",Unresolved,,L,TRO,35192007,,"Forschungsr. Gazelle","4(4): 42","42","1889"
tro-35213059,B,Aneuraceae,,Aneura,,"cerebrata",,"","Hewson",Unresolved,,L,TRO,35213059,,"Proc. Linn. Soc. New South Wales","94: 185. pl. 11: 3, 7; pl. 12: 2","185","1970"
tro-35190638,B,Aneuraceae,,Aneura,,"cervicornis",,"","Spruce",Accepted,,M,TRO,35190638,,"Trans. & Proc. Bot. Soc. Edinburgh","15: 550","550","1885"
tro-35192012,B,Aneuraceae,,Aneura,,"chilensis",,"","Stephani",Unresolved,,L,TRO,35192012,,"Kongl. Svenska Vetensk. Acad. Handl., n.s.","46(9): 6","6","1911"
tro-35190641,B,Aneuraceae,,Aneura,,"ciliolata",,"","Spruce",Accepted,,M,TRO,35190641,,"Trans. & Proc. Bot. Soc. Edinburgh","15: 547. pl. 19","547","1885"
tro-35192014,B,Aneuraceae,,Aneura,,"cochleata",,"","(Hook. f. & Taylor) Stephani",Accepted,,M,TRO,35192014,,"Hedwigia","32: 137","137","1893"
tro-35192018,B,Aneuraceae,,Aneura,,"comosa",,"","Stephani",Unresolved,,L,TRO,35192018,,"Bot. Gaz.","15: 281","281","1890"
tro-35192020,B,Aneuraceae,,Aneura,,"congoana",,"","Stephani",Unresolved,,L,TRO,35192020,,"Sp. Hepat.","6: 23","23","1917"
tro-35192021,B,Aneuraceae,,Aneura,,"congoensis",,"","Stephani",Unresolved,,L,TRO,35192021,,"Sp. Hepat.","6: 23","23","1917"
tro-35192022,B,Aneuraceae,,Aneura,,"conimitra",,"","Stephani",Unresolved,,L,TRO,35192022,,"Sp. Hepat.","1: 259","259","1899"
tro-35192023,B,Aneuraceae,,Aneura,,"corbieri",,"","Stephani",Unresolved,,L,TRO,35192023,,"Sp. Hepat.","6: 23","23","1917"
tro-35192028,B,Aneuraceae,,Aneura,,"coriacea",,"","Stephani",Unresolved,,L,TRO,35192028,,"Sp. Hepat.","6: 23","23","1917"
tro-35192030,B,Aneuraceae,,Aneura,,"corralensis",,"","Stephani",Unresolved,,L,TRO,35192030,,"Sp. Hepat.","1: 252","252","1899"
tro-35192034,B,Aneuraceae,,Aneura,,"crassicrispa",,"","Stephani",Unresolved,,L,TRO,35192034,,"Kongl. Svenska Vetensk. Acad. Handl., n.s.","46(9): 6","6","1911"
tro-35192035,B,Aneuraceae,,Aneura,,"crassiretis",,"","(Schiffner) Stephani",Accepted,,M,TRO,35192035,,"Sp. Hepat.","1: 230","230","1899"
tro-35189508,B,Aneuraceae,,Aneura,,"crateriformis",,"","Furuki & D.G. Long",Accepted,,M,TRO,35189508,,"J. Bryol.","18: 281. f. 1–2","281","1994"
tro-35192036,B,Aneuraceae,,Aneura,,"crenulata",,"","Stephani",Unresolved,,L,TRO,35192036,,"Bull. Herb. Boissier","5: 85","85","1897"
tro-35192039,B,Aneuraceae,,Aneura,,"crispa",,"","Colenso",Unresolved,,L,TRO,35192039,,"Trans. & Proc. New Zealand Inst.","18: 252","252","1886"
tro-35192078,B,Aneuraceae,,Aneura,,"densa",,"","Stephani",Unresolved,,L,TRO,35192078,,"Sp. Hepat.","6: 24","24","1917"
tro-35192080,B,Aneuraceae,,Aneura,,"dentata",,"","Stephani",Unresolved,,L,TRO,35192080,,"J. Linn. Soc., Bot.","29: 264","264","1892"
tro-35192081,B,Aneuraceae,,Aneura,,"diablotina",,"","Stephani",Unresolved,,L,TRO,35192081,,"J. Linn. Soc., Bot.","30: 366","366","1895"
tro-35192082,B,Aneuraceae,,Aneura,,"dicrana",,"","Stephani",Unresolved,,L,TRO,35192082,,"Sp. Hepat.","1: 224","224","1899"
tro-35192083,B,Aneuraceae,,Aneura,,"digitiloba",,"","Spruce",Unresolved,,L,TRO,35192083,,"Hedwigia","27: 276","276","1888"
tro-35192092,B,Aneuraceae,,Aneura,,"diminuta",,"","(Schiffner) Stephani",Accepted,,M,TRO,35192092,,"Sp. Hepat.","1: 266","266","1899"
tro-35192093,B,Aneuraceae,,Aneura,,"dismieri",,"","Stephani",Unresolved,,L,TRO,35192093,,"Sp. Hepat.","6: 24","24","1917"
tro-35192094,B,Aneuraceae,,Aneura,,"distans",,"","Spruce",Unresolved,,L,TRO,35192094,,"J. Linn. Soc., Bot.","30: 367","367","1895"
tro-35213058,B,Aneuraceae,,Aneura,,"eachamensis",,"","Hewson",Unresolved,,L,TRO,35213058,,"Proc. Linn. Soc. New South Wales","94: 184. pl. 11: 6; pl. 12: 1","184","1970"
tro-35192102,B,Aneuraceae,,Aneura,,"emarginata",,"","Stephani",Unresolved,,L,TRO,35192102,,"Hedwigia","32: 20","20","1893"
tro-35192103,B,Aneuraceae,,Aneura,,"epibrya",,"","Colenso",Unresolved,,L,TRO,35192103,,"Trans. & Proc. New Zealand Inst.","18: 253","253","1886"
tro-35192104,B,Aneuraceae,,Aneura,,"erecta",,"","Stephani",Unresolved,,L,TRO,35192104,,"Sp. Hepat.","1: 268","268","1899"
tro-35192086,B,Aneuraceae,,Aneura,,"eriocaula",,"","(Hook.) Stephani",Accepted,,M,TRO,35192086,,"Hedwigia","32: 137","137","1893"
tro-35192105,B,Aneuraceae,,Aneura,,"erosa",,"","Stephani",Unresolved,,L,TRO,35192105,,"Hedwigia","32: 137","137","1893"
tro-35192106,B,Aneuraceae,,Aneura,,"erronea",,"","Stephani",Unresolved,,L,TRO,35192106,,"Sp. Hepat.","6: 20","20","1917"
tro-35202703,B,Aneuraceae,,Aneura,,"eskuchei",,"","Hässel de Menéndez",Accepted,,M,TRO,35202703,,"Veröff. Geobot. Inst. ETH Stiftung Rübel Zürich","91: 294. f. 1","294","1986"
tro-35192109,B,Aneuraceae,,Aneura,,"fendleri",,"","Stephani",Unresolved,,L,TRO,35192109,,"Hedwigia","32: 20","20","1893"
tro-35192111,B,Aneuraceae,,Aneura,,"filiformis",,"","Stephani",Unresolved,,L,TRO,35192111,,"Sp. Hepat.","6: 26","26","1917"
tro-35192113,B,Aneuraceae,,Aneura,,"flaccidissima",,"","(Schiffner) Stephani",Accepted,,M,TRO,35192113,,"Sp. Hepat.","1: 243","243","1899"
tro-35192114,B,Aneuraceae,,Aneura,,"flavescens",,"","Spruce",Unresolved,,L,TRO,35192114,,"Sp. Hepat.","6: 26","26","1917"
tro-35192115,B,Aneuraceae,,Aneura,,"fleischeri",,"","Stephani",Unresolved,,L,TRO,35192115,,"Sp. Hepat.","6: 26","26","1917"
tro-35192117,B,Aneuraceae,,Aneura,,"foreauana",,"","Stephani",Unresolved,,L,TRO,35192117,,"Sp. Hepat.","6: 26","26","1917"
tro-35192090,B,Aneuraceae,,Aneura,,"fucoidea",,"","(C. Massal.) Stephani",Accepted,,M,TRO,35192090,,"Sp. Hepat.","1: 221","221","1899"
tro-35200007,B,Aneuraceae,,Aneura,,"fuscescens",,"","Stephani",Unresolved,,L,TRO,35200007,,"Hedwigia","32: 21","21","1893"
tro-35206609,B,Aneuraceae,,Aneura,,"gemmifera",,"","Furuki",Accepted,,M,TRO,35206609,,"J. Hattori Bot. Lab.","70: 309. f. 6","309","1991"
tro-35213063,B,Aneuraceae,,Aneura,,"giangena",,"","Hewson",Unresolved,,L,TRO,35213063,,"Proc. Linn. Soc. New South Wales","94: 190","190","1970"
tro-35200010,B,Aneuraceae,,Aneura,,"gibbsiana",,"","Stephani",Unresolved,,L,TRO,35200010,,"Sp. Hepat.","6: 28","28","1917"
tro-35200011,B,Aneuraceae,,Aneura,,"gigantea",,"","Stephani",Unresolved,,L,TRO,35200011,,"J. & Proc. Roy. Soc. New South Wales","48: 95","95","1914"
tro-35200012,B,Aneuraceae,,Aneura,,"glaucescens",,"","Stephani",Unresolved,,L,TRO,35200012,,"Sp. Hepat.","6: 28","28","1917"
tro-35200014,B,Aneuraceae,,Aneura,,"goebeliana",,"","Stephani",Unresolved,,L,TRO,35200014,,"Sp. Hepat.","6: 28","28","1917"
tro-35200015,B,Aneuraceae,,Aneura,,"goebelii",,"","Stephani",Unresolved,,L,TRO,35200015,,"Nova Acta Acad. Caes. Leop.-Carol. German. Nat. Cur.","60: 273","273","1893"
tro-35200017,B,Aneuraceae,,Aneura,,"gracilis",,"","Stephani",Unresolved,,L,TRO,35200017,,"Sp. Hepat.","1: 262","262","1899"
tro-35200018,B,Aneuraceae,,Aneura,,"gracillima",,"","Steph.",Unresolved,,L,TRO,35200018,,"Biblioth. Bot.","87: 175. f. 84: f–g","175","1916"
tro-35200020,B,Aneuraceae,,Aneura,,"grandiflora",,"","Stephani",Unresolved,,L,TRO,35200020,,"Sp. Hepat.","6: 29","29","1917"
tro-35200022,B,Aneuraceae,,Aneura,,"grosselimbata",,"","Stephani",Unresolved,,L,TRO,35200022,,"Sp. Hepat.","6: 29","29","1917"
tro-35200061,B,Aneuraceae,,Aneura,,"grossidens",,"","Stephani",Unresolved,,L,TRO,35200061,,"Hedwigia","32: 23","23","1893"
tro-35200062,B,Aneuraceae,,Aneura,,"grossitexta",,"","Stephani",Unresolved,,L,TRO,35200062,,"Sp. Hepat.","6: 29","29","1917"
tro-35200064,B,Aneuraceae,,Aneura,,"hamatiflora",,"","Stephani",Unresolved,,L,TRO,35200064,,"Bull. Herb. Boissier","5: 844","844","1897"
tro-35200065,B,Aneuraceae,,Aneura,,"hawaica",,"","Stephani",Unresolved,,L,TRO,35200065,,"Sp. Hepat.","6: 30","30","1917"
tro-35200067,B,Aneuraceae,,Aneura,,"heteroclada",,"","(Schiffner) Stephani",Accepted,,M,TRO,35200067,,"Sp. Hepat.","1: 239","239","1899"
tro-35206611,B,Aneuraceae,,Aneura,,"hirsuta",,"","Furuki",Accepted,,M,TRO,35206611,,"J. Hattori Bot. Lab.","70: 317. f. 11","317","1991"
tro-35200068,B,Aneuraceae,,Aneura,,"hirtiflora",,"","Stephani",Unresolved,,L,TRO,35200068,,"Arq. Mus. Nac. Rio de Janeiro","13: 116","116","1903"
tro-35200069,B,Aneuraceae,,Aneura,,"holstii",,"","Stephani",Unresolved,,L,TRO,35200069,,"Sp. Hepat.","6: 31","31","1917"
tro-35200071,B,Aneuraceae,,Aneura,,"husteinii",,"","Stephani",Unresolved,,L,TRO,35200071,,"Sp. Hepat.","6: 431","431","1923"
tro-35200073,B,Aneuraceae,,Aneura,,"hymenophylloides",,"","(Schiffner) Stephani",Accepted,,M,TRO,35200073,,"Sp. Hepat.","1: 224","224","1899"
tro-35190647,B,Aneuraceae,,Aneura,,"hymenophytoides",,"","Spruce",Accepted,,M,TRO,35190647,,"Trans. & Proc. Bot. Soc. Edinburgh","15: 549","549","1885"
tro-35200075,B,Aneuraceae,,Aneura,,"imbricata",,"","Colenso",Unresolved,,L,TRO,35200075,,"Trans. & Proc. New Zealand Inst.","16: 359","359","1884"
tro-35200076,B,Aneuraceae,,Aneura,,"inconspicua",,"","Stephani",Unresolved,,L,TRO,35200076,,"Hedwigia","32: 23","23","1893"
tro-35200077,B,Aneuraceae,,Aneura,,"incurvata",,"","(Lindb.) Stephani",Accepted,,M,TRO,35200077,,"Sp. Hepat.","1: 268","268","1899"
tro-35200078,B,Aneuraceae,,Aneura,,"indica",,"","Stephani",Unresolved,,L,TRO,35200078,,"J. Bombay Nat. Hist. Soc.","25: 280","280","1917"
tro-35200079,B,Aneuraceae,,Aneura,,"innovans",,"","Stephani",Unresolved,,L,TRO,35200079,,"Symb. Antill.","2: 470","470","1901"
tro-35200080,B,Aneuraceae,,Aneura,,"intermedia",,"","Stephani",Unresolved,,L,TRO,35200080,,"Sp. Hepat.","1: 233","233","1899"
tro-35200082,B,Aneuraceae,,Aneura,,"jackii",,"","(Schiffner) Stephani",Accepted,,M,TRO,35200082,,"Sp. Hepat.","1: 217","217","1899"
tro-35211904,B,Aneuraceae,,Aneura,,"kaguensis",,"","Hewson",Unresolved,,L,TRO,35211904,,"Proc. Linn. Soc. New South Wales","94: 190. pl. 11: 1–2","190","1970"
tro-35191158,B,Aneuraceae,,Aneura,,"karstenii",,"","Stephani",Unresolved,,L,TRO,35191158,,"Hedwigia","32: 23","23","1893"
tro-35216960,B,Aneuraceae,,Aneura,,"keniae",,"","Gola",Accepted,,M,TRO,35216960,,"Mem. Reale Accad. Sci. Torino, ser. 2,","65: 3","3","1914"
tro-35190600,B,Aneuraceae,,Aneura,,"lamellifera",,"","Steph.",Unresolved,,L,TRO,35190600,,"Biblioth. Bot.","87: 175. f. 84: d–e","175","1916"
tro-35200206,B,Aneuraceae,,Aneura,,"latemultifida",,"","Stephani",Unresolved,,L,TRO,35200206,,"Sp. Hepat.","6: 431","431","1923"
tro-35200207,B,Aneuraceae,,Aneura,,"laticostata",,"","Spruce",Unresolved,,L,TRO,35200207,,"J. Linn. Soc., Bot.","30: 367","367","1895"
tro-35200209,B,Aneuraceae,,Aneura,,"latifrondoides",,"","(Schiffner) Stephani",Accepted,,M,TRO,35200209,,"Sp. Hepat.","1: 260","260","1899"
tro-35190648,B,Aneuraceae,,Aneura,,"latissima",,"","Spruce",Accepted,,M,TRO,35190648,,"Trans. & Proc. Bot. Soc. Edinburgh","15: 544","544","1885"
tro-35200211,B,Aneuraceae,,Aneura,,"laurentiana",,"","Stephani",Unresolved,,L,TRO,35200211,,"Sp. Hepat.","6: 32","32","1917"
tro-35185628,B,Aneuraceae,,Aneura,,"ledermannii",,"","Stephani",Accepted,,M,TRO,35185628,,"Sp. Hepat.","6: 431","431","1923"
tro-35200221,B,Aneuraceae,,Aneura,,"lepervanchei",,"","Stephani",Unresolved,,L,TRO,35200221,,"Sp. Hepat.","1: 255","255","1899"
tro-35190650,B,Aneuraceae,,Aneura,,"lepidomitra",,"","Spruce",Accepted,,M,TRO,35190650,,"Trans. & Proc. Bot. Soc. Edinburgh","15: 549","549","1885"
tro-35190665,B,Aneuraceae,,Aneura,,"leptophylla",,"","Spruce",Accepted,,M,TRO,35190665,,"Trans. & Proc. Bot. Soc. Edinburgh","15: 544","544","1885"
tro-35200223,B,Aneuraceae,,Aneura,,"levieri",,"","Schiffner",Unresolved,,L,TRO,35200223,,"Sp. Hepat.","1: 261","261","1899"
tro-35200227,B,Aneuraceae,,Aneura,,"lillieana",,"","Stephani",Unresolved,,L,TRO,35200227,,"Sp. Hepat.","6: 33","33","1917"
tro-35200258,B,Aneuraceae,,Aneura,,"lindaviana",,"","Stephani",Unresolved,,L,TRO,35200258,,"Sp. Hepat.","6: 33","33","1917"
tro-35190936,B,Aneuraceae,,Aneura,,"lobata",,"","(Schiffner) Stephani",Accepted,,M,TRO,35190936,,"Sp. Hepat.","1: 271","271","1899"
tro-35200280,B,Aneuraceae,,Aneura,,"loriana",,"","Stephani",Unresolved,,L,TRO,35200280,,"Sp. Hepat.","1: 243","243","1899"
tro-35200281,B,Aneuraceae,,Aneura,,"luetzelburgii",,"","Stephani",Unresolved,,L,TRO,35200281,,"Sp. Hepat.","6: 33","33","1917"
tro-35190666,B,Aneuraceae,,Aneura,,"macrostachya",,"","Spruce",Accepted,,M,TRO,35190666,,"Trans. & Proc. Bot. Soc. Edinburgh","15: 550","550","1885"
tro-35188824,B,Aneuraceae,,Aneura,,"marianensis",,"","Furuki",Accepted,,M,TRO,35188824,,"Bryologist","97: 87. f. 1–11","87","1994"
tro-35200286,B,Aneuraceae,,Aneura,,"maxima",,"","(Schiffner) Stephani",Accepted,,M,TRO,35200286,,"Sp. Hepat.","1: 270","270","1899"
tro-35200287,B,Aneuraceae,,Aneura,,"merapiensis",,"","Stephani",Unresolved,,L,TRO,35200287,,"Sp. Hepat.","6: 33","33","1917"
tro-35200290,B,Aneuraceae,,Aneura,,"microscopica",,"","Nees",Unresolved,,L,TRO,35200290,,"Syn. Hepat.","500","500","1846"
tro-35200291,B,Aneuraceae,,Aneura,,"minima",,"","(Carrington & Pearson) Stephani",Accepted,,M,TRO,35200291,,"Sp. Hepat.","1: 229","229","1899"
tro-35200292,B,Aneuraceae,,Aneura,,"minuta",,"","Stephani",Unresolved,,L,TRO,35200292,,"Sp. Hepat.","6: 34","34","1917"
tro-35200321,B,Aneuraceae,,Aneura,,"multifida",var.,"minima","(Hook. f. & Taylor) Nees",Unresolved,,L,TRO,35200321,,"Syn. Hepat.","498","498","1846"
tro-35200323,B,Aneuraceae,,Aneura,,"multifida",var.,"sumersa","(Taylor) Nees",Unresolved,,L,TRO,35200323,,"Syn. Hepat.","497","497","1846"
tro-35200324,B,Aneuraceae,,Aneura,,"multifidoides",,"","(Schiffner) Stephani",Accepted,,M,TRO,35200324,,"Sp. Hepat.","1: 215","215","1899"
tro-35200325,B,Aneuraceae,,Aneura,,"musiciola",,"","Steph.",Unresolved,,L,TRO,35200325,,"Biblioth. Bot.","87: 176. f. 85: e–f","176","1916"
tro-35200330,B,Aneuraceae,,Aneura,,"negeri",,"","Stephani",Unresolved,,L,TRO,35200330,,"Sp. Hepat.","1: 257","257","1899"
tro-35200331,B,Aneuraceae,,Aneura,,"newellana",,"","Stephani",Unresolved,,L,TRO,35200331,,"Sp. Hepat.","6: 35","35","1917"
tro-35200332,B,Aneuraceae,,Aneura,,"nigra",,"","Stephani",Unresolved,,L,TRO,35200332,,"Sp. Hepat.","6: 35","35","1917"
tro-35200334,B,Aneuraceae,,Aneura,,"nobilis",,"","Stephani",Unresolved,,L,TRO,35200334,,"Hedwigia","32: 24","24","1893"
tro-35190939,B,Aneuraceae,,Aneura,,"novaecaledoniae",,"","R.M. Schust.",Accepted,,M,TRO,35190939,,"Phytologia","56: 451","451","1985"
tro-35213062,B,Aneuraceae,,Aneura,,"novaguineensis",,"","Hewson",Unresolved,,L,TRO,35213062,,"Proc. Linn. Soc. New South Wales","94: 189","189","1970"
tro-35200336,B,Aneuraceae,,Aneura,,"nymanii",,"","Stephani",Unresolved,,L,TRO,35200336,,"Sp. Hepat.","6: 35","35","1917"
tro-35200373,B,Aneuraceae,,Aneura,,"obtusifrons",,"","Stephani",Unresolved,,L,TRO,35200373,,"Sp. Hepat.","6: 36","36","1917"
tro-35200375,B,Aneuraceae,,Aneura,,"oppositiflora",,"","Stephani",Unresolved,,L,TRO,35200375,,"J. Linn. Soc., Bot.","29: 265","265","1892"
tro-35200376,B,Aneuraceae,,Aneura,,"orbiculata",,"","Colenso",Unresolved,,L,TRO,35200376,,"Trans. & Proc. New Zealand Inst.","16: 359","359","1884"
tro-35190667,B,Aneuraceae,,Aneura,,"pallida",,"","Spruce",Accepted,,M,TRO,35190667,,"Trans. & Proc. Bot. Soc. Edinburgh","15: 547","547","1885"
tro-35200630,B,Aneuraceae,,Aneura,,"papillosa",,"","C. Massal. & Stephani",Unresolved,,L,TRO,35200630,,"Atti Reale Ist. Veneto Sci. Lett. Arti","87(2): 241","241","1928"
tro-35200631,B,Aneuraceae,,Aneura,,"papulolimbata",,"","Stephani",Unresolved,,L,TRO,35200631,,"Sp. Hepat.","6: 36","36","1917"
tro-35200635,B,Aneuraceae,,Aneura,,"parvula",,"","(Schiffner) Stephani",Accepted,,M,TRO,35200635,,"Sp. Hepat.","1: 264","264","1899"
tro-35200636,B,Aneuraceae,,Aneura,,"pauciramea",,"","Stephani",Unresolved,,L,TRO,35200636,,"Bull. Herb. Boissier","5: 845","845","1897"
tro-35190408,B,Aneuraceae,,Aneura,,"pellucida",,"","Colenso",Unresolved,,L,TRO,35190408,,"Trans. & Proc. New Zealand Inst.","18: 252","252","1886"
tro-35200781,B,Aneuraceae,,Aneura,,"perpusilla",,"","Colenso",Unresolved,,L,TRO,35200781,,"Trans. & Proc. New Zealand Inst.","22: 456","456","1890"
tro-35184440,B,Aneuraceae,,Aneura,,"pinguis",,"","(L.) Dumort.",Accepted,,M,TRO,35184440,,"Comment. Bot.","115","115","1822"
tro-35204937,B,Aneuraceae,,Aneura,,"pinguis",var.,"angustior","(Hook.) R.M. Schust.",Accepted,,L,TRO,35204937,,"Hepat. Anthocerotae N. Amer.","5: 567","567","1992"
tro-35200835,B,Aneuraceae,,Aneura,,"pinnatifida",,"","(Nees) Dumort.",Accepted,,M,TRO,35200835,,"Recueil Observ. Jungerm.","26","26","1835"
tro-35200844,B,Aneuraceae,,Aneura,,"planifrons",,"","Spruce",Unresolved,,L,TRO,35200844,,"J. Linn. Soc., Bot.","30: 368","368","1895"
tro-35200872,B,Aneuraceae,,Aneura,,"platyclada",,"","(Schiffner) Stephani",Accepted,,M,TRO,35200872,,"Sp. Hepat.","1: 249","249","1899"
tro-35190669,B,Aneuraceae,,Aneura,,"plumiformis",,"","Spruce",Accepted,,M,TRO,35190669,,"Trans. & Proc. Bot. Soc. Edinburgh","15: 548","548","1885"
tro-35200875,B,Aneuraceae,,Aneura,,"polyantha",,"","Colenso",Unresolved,,L,TRO,35200875,,"Trans. & Proc. New Zealand Inst.","17: 262","262","1885"
tro-35200891,B,Aneuraceae,,Aneura,,"polymorpha",,"","Colenso",Unresolved,,L,TRO,35200891,,"Trans. & Proc. New Zealand Inst.","22: 457","457","1890"
tro-35200892,B,Aneuraceae,,Aneura,,"portoricensis",,"","Stephani",Unresolved,,L,TRO,35200892,,"Sp. Hepat.","1: 249","249","1899"
tro-35200894,B,Aneuraceae,,Aneura,,"prehensilis",var.,"savatieri","(Stephani) C. Massal.",Unresolved,,L,TRO,35200894,,"Atti Reale Ist. Veneto Sci. Lett. Arti","87(2): 241","241","1928"
tro-35200896,B,Aneuraceae,,Aneura,,"profunda",,"","Stephani",Unresolved,,L,TRO,35200896,,"Kongl. Svenska Vetensk. Acad. Handl., n.s.","46(9): 8","8","1911"
tro-35203263,B,Aneuraceae,,Aneura,,"pseudopinguis",,"","(Herzog) Pocs",Accepted,,M,TRO,35203263,,"Acta Bot. Hung.","29: 133","133","1983"
tro-35200946,B,Aneuraceae,,Aneura,,"puiggarii",,"","Stephani",Unresolved,,L,TRO,35200946,,"Sp. Hepat.","6: 39","39","1917"
tro-35200947,B,Aneuraceae,,Aneura,,"pulvinata",,"","Steph.",Unresolved,,L,TRO,35200947,,"Biblioth. Bot.","87: 175","175","1916"
tro-35200948,B,Aneuraceae,,Aneura,,"punahuina",,"","Stephani",Unresolved,,L,TRO,35200948,,"Sp. Hepat.","6: 39","39","1917"
tro-35200951,B,Aneuraceae,,Aneura,,"punctata",,"","Colenso",Unresolved,,L,TRO,35200951,,"Trans. & Proc. New Zealand Inst.","18: 254","254","1886"
tro-35200952,B,Aneuraceae,,Aneura,,"pusilla",,"","Stephani",Unresolved,,L,TRO,35200952,,"J. & Proc. Roy. Soc. New South Wales","48: 96","96","1914"
tro-35200949,B,Aneuraceae,,Aneura,,"regnellii",,"","(Ångström) Stephani",Accepted,,M,TRO,35200949,,"Sp. Hepat.","1: 214","214","1899"
tro-35200950,B,Aneuraceae,,Aneura,,"regularis",,"","Stephani",Unresolved,,L,TRO,35200950,,"Kongl. Svenska Vetensk. Acad. Handl., n.s.","46(9): 9","9","1911"
tro-35200876,B,Aneuraceae,,Aneura,,"reineckeana",,"","Stephani",Unresolved,,L,TRO,35200876,,"Sp. Hepat.","6: 40","40","1917"
tro-35191152,B,Aneuraceae,,Aneura,,"reticulata",,"","Stephani",Unresolved,,L,TRO,35191152,,"Hedwigia","30: 204","204","1891"
tro-35204232,B,Aneuraceae,,Aneura,,"ridleyi",,"","(Schiffner) Stephani",Accepted,,M,TRO,35204232,,"Sp. Hepat.","1: 219","219","1899"
tro-35200381,B,Aneuraceae,,Aneura,,"rigida",,"","Stephani",Unresolved,,L,TRO,35200381,,"Sp. Hepat.","6: 40","40","1917"
tro-35204233,B,Aneuraceae,,Aneura,,"rockii",,"","Stephani",Unresolved,,L,TRO,35204233,,"Sp. Hepat.","6: 41","41","1917"
tro-35210502,B,Aneuraceae,,Aneura,,"rodwayi",,"","Hewson",Unresolved,,L,TRO,35210502,,"Proc. Linn. Soc. New South Wales","94: 188. pl. 11: 4","188","1970"
tro-35204234,B,Aneuraceae,,Aneura,,"roraimensis",,"","Stephani",Unresolved,,L,TRO,35204234,,"Trans. Linn. Soc. London, Bot.","6: 94","94","1901"
tro-35190450,B,Aneuraceae,,Aneura,,"rotangicola",,"","Stephani",Unresolved,,L,TRO,35190450,,"Sp. Hepat.","6: 432","432","1923"
tro-35204235,B,Aneuraceae,,Aneura,,"rufescens",,"","Stephani",Unresolved,,L,TRO,35204235,,"J. & Proc. Roy. Soc. New South Wales","48: 96","96","1914"
tro-35200897,B,Aneuraceae,,Aneura,,"samoana",,"","Stephani",Unresolved,,L,TRO,35200897,,"Hedwigia","32: 25","25","1893"
tro-35204239,B,Aneuraceae,,Aneura,,"scabra",,"","(Schiffner) Stephani",Accepted,,M,TRO,35204239,,"Sp. Hepat.","1: 246","246","1899"
tro-35204240,B,Aneuraceae,,Aneura,,"schwaneckei",,"","Stephani",Unresolved,,L,TRO,35204240,,"Hedwigia","27: 278","278","1888"
tro-35204241,B,Aneuraceae,,Aneura,,"serrulata",,"","Gottsche ex Stephani",Unresolved,,L,TRO,35204241,,"Sp. Hepat.","6: 42","42","1917"
tro-35204242,B,Aneuraceae,,Aneura,,"sessilis",,"","Sull.",Accepted,,M,TRO,35204242,,"Musci Allegh.","66","66","1846"
tro-35190981,B,Aneuraceae,,Aneura,,"sharpii",,"","Inoue & N.G. Mill.",Accepted,,M,TRO,35190981,,"Bull. Natl. Sci. Mus., Tokyo, B","11: 96. f. 1–2","96","1985"
tro-35204243,B,Aneuraceae,,Aneura,,"sikkimensis",,"","Stephani",Unresolved,,L,TRO,35204243,,"Sp. Hepat.","6: 42","42","1917"
tro-35204244,B,Aneuraceae,,Aneura,,"singalangana",,"","(Schiffner) Stephani",Accepted,,M,TRO,35204244,,"Sp. Hepat.","1: 261","261","1899"
tro-35204245,B,Aneuraceae,,Aneura,,"singapurensis",,"","(Schiffner) Stephani",Accepted,,M,TRO,35204245,,"Sp. Hepat.","1: 249","249","1899"
tro-35204246,B,Aneuraceae,,Aneura,,"sinuata",,"","Dumort.",Unresolved,,L,TRO,35204246,,"Comment. Bot.","115","115","1822"
tro-35200898,B,Aneuraceae,,Aneura,,"spathuliloba",,"","Stephani",Unresolved,,L,TRO,35200898,,"Sp. Hepat.","6: 42","42","1917"
tro-35204250,B,Aneuraceae,,Aneura,,"spegazziniana",,"","(A. Massal.) Stephani",Accepted,,M,TRO,35204250,,"Sp. Hepat.","1: 257","257","1899"
tro-35204251,B,Aneuraceae,,Aneura,,"spiniloba",,"","Stephani",Unresolved,,L,TRO,35204251,,"Kongl. Svenska Vetensk. Acad. Handl., n.s.","46(9): 9","9","1911"
tro-35204259,B,Aneuraceae,,Aneura,,"spinulifera",,"","(A. Massal.) Stephani",Accepted,,M,TRO,35204259,,"Sp. Hepat.","1: 248","248","1899"
tro-35192101,B,Aneuraceae,,Aneura,,"stephanii",,"","Besch.",Unresolved,,L,TRO,35192101,,"Rev. Bryol.","20: 60","60","1893"
tro-35204263,B,Aneuraceae,,Aneura,,"striolata",,"","Stephani",Unresolved,,L,TRO,35204263,,"J. Linn. Soc., Bot.","29: 265","265","1892"
tro-35200899,B,Aneuraceae,,Aneura,,"subantarctica",,"","Kaal.",Unresolved,,L,TRO,35200899,,"Nytt Mag. Bot.","49: 87","87","1911"
tro-35190983,B,Aneuraceae,,Aneura,,"subaquatica",,"","R.M. Schust.",Accepted,,M,TRO,35190983,,"Phytologia","56: 450","450","1985"
tro-35206796,B,Aneuraceae,,Aneura,,"subcanaliculata",,"","R.M. Schust.",Accepted,,M,TRO,35206796,,"J. Hattori Bot. Lab.","67: 60. f. 1","60","1989"
tro-35204265,B,Aneuraceae,,Aneura,,"subexalata",,"","(Schiffner) Stephani",Accepted,,M,TRO,35204265,,"Sp. Hepat.","1: 261","261","1899"
tro-35200845,B,Aneuraceae,,Aneura,,"subledermannii",,"","Stephani",Unresolved,,L,TRO,35200845,,"Sp. Hepat.","6: 432","432","1923"
tro-35204294,B,Aneuraceae,,Aneura,,"subnigra",,"","Stephani",Unresolved,,L,TRO,35204294,,"Kongl. Svenska Vetensk. Acad. Handl., n.s.","46(9): 9","9","1911"
tro-35204297,B,Aneuraceae,,Aneura,,"subtenerrima",,"","Stephani",Unresolved,,L,TRO,35204297,,"Sp. Hepat.","6: 432","432","1923"
tro-35204298,B,Aneuraceae,,Aneura,,"sumatrana",,"","(Schiffner) Stephani",Accepted,,M,TRO,35204298,,"Sp. Hepat.","1: 266","266","1899"
tro-35204310,B,Aneuraceae,,Aneura,,"tasmanica",,"","Stephani",Unresolved,,L,TRO,35204310,,"Sp. Hepat.","1: 247","247","1899"
tro-35200900,B,Aneuraceae,,Aneura,,"tenera",,"","Stephani",Unresolved,,L,TRO,35200900,,"Sp. Hepat.","6: 43","43","1917"
tro-35204312,B,Aneuraceae,,Aneura,,"tenerrima",,"","Stephani",Unresolved,,L,TRO,35204312,,"Kongl. Svenska Vetensk. Acad. Handl., n.s.","46(9): 9","9","1911"
tro-35204314,B,Aneuraceae,,Aneura,,"tenuicostata",,"","(Schiffner) Stephani",Accepted,,M,TRO,35204314,,"Sp. Hepat.","1: 245","245","1899"
tro-35190670,B,Aneuraceae,,Aneura,,"tenuicula",,"","Spruce",Accepted,,M,TRO,35190670,,"Trans. & Proc. Bot. Soc. Edinburgh","15: 545","545","1885"
tro-35204317,B,Aneuraceae,,Aneura,,"tenuifrons",,"","Stephani",Unresolved,,L,TRO,35204317,,"Sp. Hepat.","6: 44","44","1917"
tro-35204318,B,Aneuraceae,,Aneura,,"tenuis",,"","Stephani",Unresolved,,L,TRO,35204318,,"Hedwigia","32: 28","28","1893"
tro-35204319,B,Aneuraceae,,Aneura,,"tjibodensis",,"","(Schiffner) Stephani",Accepted,,M,TRO,35204319,,"Sp. Hepat.","1: 238","238","1899"
tro-35204321,B,Aneuraceae,,Aneura,,"travisiana",,"","Pearson",Unresolved,,L,TRO,35204321,,"Mem. & Proc. Manchester Lit. Soc.","65: 1","1","1921"
tro-35190671,B,Aneuraceae,,Aneura,,"trichomanoides",,"","Spruce",Accepted,,M,TRO,35190671,,"Trans. & Proc. Bot. Soc. Edinburgh","15: 547","547","1885"
tro-35204322,B,Aneuraceae,,Aneura,,"tripinnata",,"","Stephani",Unresolved,,L,TRO,35204322,,"Bull. Soc. Roy. Bot. Belgique","31: 175","175","1892"
tro-35200901,B,Aneuraceae,,Aneura,,"uleana",,"","Steph.",Unresolved,,L,TRO,35200901,,"Biblioth. Bot.","87: 176. f. 85: a–b","176","1916"
tro-35213904,B,Aneuraceae,,Aneura,,"upoluna",,"","Stephani",Unresolved,,L,TRO,35213904,,"Akad. Wiss. Wien, Math.-Naturwiss. Kl., Denkschr.","91: 165","165","1914"
tro-35213906,B,Aneuraceae,,Aneura,,"vincentina",,"","Stephani",Unresolved,,L,TRO,35213906,,"Sp. Hepat.","6: 45","45","1917"
tro-35213079,B,Aneuraceae,,Aneura,,"viridissima",,"","(Schiffner) Stephani",Accepted,,M,TRO,35213079,,"Sp. Hepat.","1: 273","273","1899"
tro-35213080,B,Aneuraceae,,Aneura,,"vitiensis",,"","Stephani",Unresolved,,L,TRO,35213080,,"Hedwigia","32: 28","28","1893"
tro-35200902,B,Aneuraceae,,Aneura,,"walesiana",,"","Stephani",Unresolved,,L,TRO,35200902,,"J. & Proc. Roy. Soc. New South Wales","48: 97","97","1914"
tro-35213907,B,Aneuraceae,,Aneura,,"weberbaueri",,"","Stephani",Unresolved,,L,TRO,35213907,,"Sp. Hepat.","6: 46","46","1917"
tro-35213908,B,Aneuraceae,,Aneura,,"wettsteinii",,"","(Schiffner) Stephani",Accepted,,M,TRO,35213908,,"Sp. Hepat.","1: 243","243","1899"
tro-35200847,B,Aneuraceae,,Aneura,,"zollingerii",,"","Stephani",Unresolved,,L,TRO,35200847,,"Hedwigia","27: 277","277","1888"
tro-35200756,B,Aneuraceae,,Cryptothallus,,"hirsutus",,"","H.A. Crum",Accepted,,M,TRO,35200756,,"Bryologist","99: 438. f. 1–24","438","1996"
tro-35185077,B,Aneuraceae,,Cryptothallus,,"mirabilis",,"","Malmb.",Accepted,,M,TRO,35185077,,"Ann. Bryol.","6: 122","122","1933"
tro-35206613,B,Aneuraceae,,Lobatiriccardia,,"alterniloba",,"","(Hook. & Taylor) Furuki",Accepted,,M,TRO,35206613,,"J. Hattori Bot. Lab.","70: 319","319","1991"
tro-35206615,B,Aneuraceae,,Lobatiriccardia,,"athertonensis",,"","(Hewson) Furuki",Accepted,,M,TRO,35206615,,"J. Hattori Bot. Lab.","70: 319","319","1991"
tro-35216903,B,Aneuraceae,,Lobatiriccardia,,"coronopus",,"","(De Not.) Furuki",Accepted,,M,TRO,35216903,,"J. Hattori Bot. Lab.","100: 90","90","2006"
tro-35207292,B,Aneuraceae,,Lobatiriccardia,,"lobata",,"","(Schiffner) Furuki",Accepted,,M,TRO,35207292,,"J. Hattori Bot. Lab.","70: 319","319","1991"
tro-100365016,B,Aneuraceae,,Lobatiriccardia,,"oberwinkleri",,"","Nebel, Preussing, A. Schäfer-Verwimp & D. Quandt",Accepted,,M,TRO,100365016,,"Taxon","59(5): 1435","1435","2010"
tro-100365017,B,Aneuraceae,,Lobatiriccardia,,"verdoornioides",,"","Nebel, Preussing, A. Schäfer-Verwimp & D. Quandt",Accepted,,M,TRO,100365017,,"Taxon","59(5): 1437","1437","2010"
tro-35206616,B,Aneuraceae,,Lobatiriccardia,,"yakusimensis",,"","(S. Hatt.) Furuki",Accepted,,M,TRO,35206616,,"J. Hattori Bot. Lab.","70: 321","321","1991"
tro-35217769,B,Aneuraceae,,Lobatiriccardia,,"yunnanensis",,"","Furuki & D.G. Long",Accepted,,M,TRO,35217769,,"J. Bryol.","29: 161","161","2007"
tro-35192038,B,Aneuraceae,,Pseudoneura,,"crispa",,"","Schiffner",Unresolved,,L,TRO,35192038,,"Forschungsr. Gazelle","4(4): 41","41","1889"
tro-35212032,B,Aneuraceae,,Pseudoneura,,"eriocaula",var.,"chilensis","(Gottsche, Lindenb. & Nees) Schiffner",Unresolved,,L,TRO,35212032,,"Forschungsr. Gazelle","4(4): 41","41","1889"
tro-35187974,B,Aneuraceae,,Pseudoneura,,"multifida",,"","(L.) Gottsche",Accepted,,M,TRO,35187974,,"Mexik. Leverm.","259","259","1863"
tro-35212025,B,Aneuraceae,,Pseudoneura,,"prehensilis",,"","(Hook. f. & Taylor) Schiffner",Accepted,,M,TRO,35212025,,"Forschungsr. Gazelle","4(4): 41","41","1889"
tro-35212033,B,Aneuraceae,,Pseudoneura,,"virgata",,"","Gottsche & Rabenh.",Unresolved,,L,TRO,35212033,,"Hepat. Eur.","560","560","1873"
tro-35206657,B,Aneuraceae,,Riccardia,,"aberrans",,"","(Stephani) Gradst.",Accepted,,M,TRO,35206657,,"J. Hattori Bot. Lab.","45: 129","129","1979"
tro-35212874,B,Aneuraceae,,Riccardia,,"adglutinata",,"","A. Evans",Accepted,,M,TRO,35212874,,"Nat. Hist. Juan Fernandez","2: 561. f. 2: a–c","561","1930"
tro-35206758,B,Aneuraceae,,Riccardia,,"aequicellularis",,"","(Stephani) Hewson",Accepted,,M,TRO,35206758,,"Proc. Linn. Soc. New South Wales","95: 79","79","1970"
tro-35206775,B,Aneuraceae,,Riccardia,,"aequitexta",,"","(Stephani) E. A. Br.",Accepted,,M,TRO,35206775,,"J. Hattori Bot. Lab.","66: 78","78","1989"
tro-35206619,B,Aneuraceae,,Riccardia,,"aeruginosa",,"","Furuki",Accepted,,M,TRO,35206619,,"J. Hattori Bot. Lab.","70: 345. f. 23","345","1991"
tro-35211785,B,Aneuraceae,,Riccardia,,"agumana",,"","Hewson",Accepted,,M,TRO,35211785,,"Proc. Linn. Soc. New South Wales","95: 82","82","1970"
tro-35206770,B,Aneuraceae,,Riccardia,,"alba",,"","(Colenso) E. A. Br.",Accepted,,M,TRO,35206770,,"J. Hattori Bot. Lab.","66: 66","66","1989"
tro-35212042,B,Aneuraceae,,Riccardia,,"albomarginata",,"","(Stephani) Schiffner",Accepted,,M,TRO,35212042,,"Consp. Hepat. Arch. Ind.","53","53","1898"
tro-35208424,B,Aneuraceae,,Riccardia,,"alcicornis",,"","(Hook. f. & Taylor) Trevis.",Accepted,,M,TRO,35208424,,"Mem. Reale Ist. Lombardo Sci., Ser. 3, Cl. Sci. Mat.","4: 431","431","1877"
tro-35202194,B,Aneuraceae,,Riccardia,,"algoides",,"","(Taylor) Meenks",Accepted,,M,TRO,35202194,,"J. Hattori Bot. Lab.","62: 168","168","1987"
tro-35190639,B,Aneuraceae,,Riccardia,,"amazonica",,"","(Spruce) Schiffner ex Gradst. & Hekking",Accepted,,M,TRO,35190639,,"J. Hattori Bot. Lab.","45: 129","129","1979"
tro-35206658,B,Aneuraceae,,Riccardia,,"andina",,"","(Spruce) Herzog",Accepted,,M,TRO,35206658,,"Svensk Bot. Tidskr.","46: 65","65","1952"
tro-35209493,B,Aneuraceae,,Riccardia,,"angustata",,"","Horik.",Accepted,,M,TRO,35209493,,"J. Sci. Hiroshima Univ., Ser. B, Div. 2, Bot.","2: 156. f. 6","156","1934"
tro-35211803,B,Aneuraceae,,Riccardia,,"anguste-alata",,"","(Stephani) Hewson",Accepted,,M,TRO,35211803,,"Proc. Linn. Soc. New South Wales","95: 111","111","1970"
tro-35202754,B,Aneuraceae,,Riccardia,,"angustissima",,"","(Stephani) H.A. Mill.",Accepted,,M,TRO,35202754,,"Phytologia","47: 323","323","1981"
tro-35206621,B,Aneuraceae,,Riccardia,,"arcuata",,"","Furuki",Accepted,,M,TRO,35206621,,"J. Hattori Bot. Lab.","70: 361. f. 33","361","1991"
tro-35206632,B,Aneuraceae,,Riccardia,,"argentolimbata",,"","Hewson & Grolle",Unresolved,,L,TRO,35206632,,"J. Hattori Bot. Lab.","29: 70. f. 1","70","1966"
tro-35212796,B,Aneuraceae,,Riccardia,,"aspera",,"","(Stephani) Grolle",Accepted,,M,TRO,35212796,,"J. Hattori Bot. Lab.","30: 117","117","1967"
tro-35212444,B,Aneuraceae,,Riccardia,,"asperulata",,"","R.M. Schust.",Unresolved,,L,TRO,35212444,,"J. Hattori Bot. Lab.","27: 209","209","1964"
tro-35212044,B,Aneuraceae,,Riccardia,,"atollica",,"","H.A. Mill., H. Whittier & Bonner",Unresolved,,L,TRO,35212044,,"Beih. Nova Hedwigia","11: 68","68","1963"
tro-35206782,B,Aneuraceae,,Riccardia,,"australis",,"","(Lehm.) Hewson",Accepted,,M,TRO,35206782,,"Proc. Linn. Soc. New South Wales","95: 110","110","1970"
tro-35208425,B,Aneuraceae,,Riccardia,,"autoica",,"","(Stephani) A. Evans",Accepted,,M,TRO,35208425,,"Trans. Connecticut Acad. Arts","25: 159","159","1921"
tro-35211788,B,Aneuraceae,,Riccardia,,"babindae",,"","Hewson",Accepted,,M,TRO,35211788,,"Proc. Linn. Soc. New South Wales","95: 85","85","1970"
tro-35206833,B,Aneuraceae,,Riccardia,,"barbiflora",,"","(Stephani) Piippo",Accepted,,M,TRO,35206833,,"J. Hattori Bot. Lab.","68: 134","134","1990"
tro-35206629,B,Aneuraceae,,Riccardia,,"baumannii",,"","Hürl.",Accepted,,M,TRO,35206629,,"Bauhinia","5: 203. f. 6","203","1976"
tro-35206771,B,Aneuraceae,,Riccardia,,"bipinnatifida",,"","(Colenso) Hewson",Accepted,,M,TRO,35206771,,"Proc. Linn. Soc. New South Wales","95: 93","93","1970"
tro-35206772,B,Aneuraceae,,Riccardia,,"bistrata",,"","Pearson",Unresolved,,L,TRO,35206772,,"Univ. Calif. Publ. Bot.","10: 310","310","1923"
tro-35206610,B,Aneuraceae,,Riccardia,,"blasioides",,"","Horik.",Accepted,,M,TRO,35206610,,"J. Sci. Hiroshima Univ., Ser. B, Div. 2, Bot.","1: 197. f. 1","197","1933"
tro-35211786,B,Aneuraceae,,Riccardia,,"bliklika",,"","Hewson",Accepted,,M,TRO,35211786,,"Proc. Linn. Soc. New South Wales","95: 83","83","1970"
tro-35206659,B,Aneuraceae,,Riccardia,,"bogotensis",,"","(Gottsche) Pagan",Accepted,,M,TRO,35206659,,"Bryologist","42: 6","6","1939"
tro-35202047,B,Aneuraceae,,Riccardia,,"boliviensis",,"","(Steph.) Meenks",Accepted,,M,TRO,35202047,,"J. Hattori Bot. Lab.","62: 170","170","1987"
tro-35211799,B,Aneuraceae,,Riccardia,,"bongeriana",,"","Hewson",Accepted,,M,TRO,35211799,,"Proc. Linn. Soc. New South Wales","95: 101","101","1970"
tro-35206764,B,Aneuraceae,,Riccardia,,"breviala",,"","E. A. Br.",Accepted,,M,TRO,35206764,,"J. Hattori Bot. Lab.","66: 46. f. 9","46","1988"
tro-35202774,B,Aneuraceae,,Riccardia,,"breviramosa",,"","(Stephani) A. Evans",Accepted,,M,TRO,35202774,,"Nat. Hist. Juan Fernandez","2: 559","559","1930"
tro-35205735,B,Aneuraceae,,Riccardia,,"brunnea",,"","(Stephani) S. Hatt.",Accepted,,M,TRO,35205735,,"Bull. Tokyo Sci. Mus.","11: 164","164","1944"
tro-35202075,B,Aneuraceae,,Riccardia,,"calcarea",,"","(Stephani) Meenks",Accepted,,M,TRO,35202075,,"J. Hattori Bot. Lab.","62: 170","170","1987"
tro-35209417,B,Aneuraceae,,Riccardia,,"canaliculata",,"","(Nees) Schiffner",Accepted,,M,TRO,35209417,,"Denkschr. Kaiserl. Akad. Wiss., Math.-Naturwiss. Kl.","67:","","1898"
tro-35203448,B,Aneuraceae,,Riccardia,,"capensis",,"","S.W. Arnell",Unresolved,,L,TRO,35203448,,"Bot. Not.","1952: 148","148","1952"
tro-35202625,B,Aneuraceae,,Riccardia,,"capillacea",,"","(Steph.) Meenks & C. De Jong",Accepted,,M,TRO,35202625,,"Cryptog. Bryol. Lichénol.","6: 6","6","1985"
tro-35200539,B,Aneuraceae,,Riccardia,,"cardotii",,"","(Stephani) S.C. Srivast. & Udar",Accepted,,M,TRO,35200539,,"Biol. Mem.","1: 131","131","1976"
tro-35217760,B,Aneuraceae,,Riccardia,,"cataractarum",,"","(Spruce) Schiffner",Accepted,,M,TRO,35217760,,"Österr. Akad. Wiss., Math.-Naturwiss. Kl. Anz.","111: 10","10","1964"
tro-35190640,B,Aneuraceae,,Riccardia,,"cervicornis",,"","(Spruce) Herzog ex Gradst. & Hekking",Accepted,,M,TRO,35190640,,"J. Hattori Bot. Lab.","45: 129","129","1979"
tro-35185926,B,Aneuraceae,,Riccardia,,"chamedryfolia",,"","(With.) Grolle",Accepted,,M,TRO,35185926,,"Trans. Brit. Bryol. Soc.","5: 772","772","1969"
tro-35211167,B,Aneuraceae,,Riccardia,,"chamedryfolia",f.,"major","(Lindb.) Schljakov",Accepted,,L,TRO,35211167,,"Novosti Syst. Niza. Rast.","13: 226","226","1976"
tro-35200693,B,Aneuraceae,,Riccardia,,"changbaishanensis",,"","C. Gao",Accepted,,M,TRO,35200693,,"Fl. Hepat. Chin. Boreali-Orient.","209. pl. 73: 1–5","1","1981"
tro-35200692,B,Aneuraceae,,Riccardia,,"chinensis",,"","C. Gao",Accepted,,M,TRO,35200692,,"Fl. Hepat. Chin. Boreali-Orient.","209. pl. 73: 6–16","6","1981"
tro-35190642,B,Aneuraceae,,Riccardia,,"ciliolata",,"","(Spruce) Gradst.",Accepted,,M,TRO,35190642,,"J. Hattori Bot. Lab.","45: 129","129","1979"
tro-35210504,B,Aneuraceae,,Riccardia,,"colensoi",,"","(Stephani) W. Martin",Accepted,,M,TRO,35210504,,"Trans. & Proc. Roy. Soc. New Zealand","78: 499","499","1950"
tro-35211440,B,Aneuraceae,,Riccardia,,"columbica",,"","(Stephani) Hässel de Menéndez",Accepted,,M,TRO,35211440,,"J. Hattori Bot. Lab.","45: 130","130","1979"
tro-35202842,B,Aneuraceae,,Riccardia,,"comata",,"","(Stephani) H.A. Mill.",Accepted,,M,TRO,35202842,,"Phytologia","47: 323","323","1981"
tro-35203473,B,Aneuraceae,,Riccardia,,"compacta",,"","(Stephani) S.W. Arnell",Accepted,,M,TRO,35203473,,"Bot. Not.","1952: 141","141","1952"
tro-35202864,B,Aneuraceae,,Riccardia,,"comptonii",,"","(Pearson) H.A. Mill.",Accepted,,M,TRO,35202864,,"Phytologia","47: 323","323","1981"
tro-35211168,B,Aneuraceae,,Riccardia,,"costata",,"","(Stephani) Hürl.",Accepted,,M,TRO,35211168,,"Bauhinia","5: 206","206","1976"
tro-35206778,B,Aneuraceae,,Riccardia,,"crassa",,"","(Schwägr.) Carrington & Pearson",Accepted,,M,TRO,35206778,,"Proc. Linn. Soc. New South Wales","12: 1056","1056","1888"
tro-35202649,B,Aneuraceae,,Riccardia,,"crassicaulis",,"","(Steph.) Meenks & C. De Jong",Accepted,,M,TRO,35202649,,"Cryptog. Bryol. Lichénol.","6: 8","8","1985"
tro-35191814,B,Aneuraceae,,Riccardia,,"crassiretis",,"","Schiffner",Accepted,,M,TRO,35191814,,"Denkschr. Kaiserl. Akad. Wiss., Math.-Naturwiss. Kl.","67: 173","173","1898"
tro-35191815,B,Aneuraceae,,Riccardia,,"crenulata",,"","Schiffner",Accepted,,M,TRO,35191815,,"Denkschr. Kaiserl. Akad. Wiss., Math.-Naturwiss. Kl.","67: 173","173","1898"
tro-35206798,B,Aneuraceae,,Riccardia,,"crenuliformis",,"","R.M. Schust.",Accepted,,M,TRO,35206798,,"J. Hattori Bot. Lab.","67: 72. f. 3: 5–11, 4–5","72","1989"
tro-35211802,B,Aneuraceae,,Riccardia,,"demkarmana",,"","Hewson",Accepted,,M,TRO,35211802,,"Proc. Linn. Soc. New South Wales","95: 111","111","1970"
tro-35205736,B,Aneuraceae,,Riccardia,,"densiramea",,"","(Stephani) S. Hatt.",Accepted,,M,TRO,35205736,,"Bull. Tokyo Sci. Mus.","11: 164","164","1944"
tro-100365862,B,Aneuraceae,,Riccardia,,"dilatata",,"","(Spruce) A. Schäfer-Verwimp & Pócs",Accepted,,M,TRO,100365862,,"Cryptog. Bryol.","31(4): 389","389","2010"
tro-35192085,B,Aneuraceae,,Riccardia,,"diminuta",,"","Schiffner",Accepted,,M,TRO,35192085,,"Denkschr. Kaiserl. Akad. Wiss., Math.-Naturwiss. Kl.","67:","","1898"
tro-35206804,B,Aneuraceae,,Riccardia,,"diversiflora",,"","A. Evans",Accepted,,M,TRO,35206804,,"Trans. Connecticut Acad. Arts","25: 167. f. 8: c, 9: a–g","167","1921"
tro-35206776,B,Aneuraceae,,Riccardia,,"effusa",,"","(Stephani) E.A. Hodgs.",Accepted,,M,TRO,35206776,,"Trans. Roy. Soc. New Zealand, Bot.","3: 93","93","1965"
tro-35209419,B,Aneuraceae,,Riccardia,,"elata",,"","(Stephani) Schiffner",Accepted,,M,TRO,35209419,,"Denkschr. Kaiserl. Akad. Wiss., Math.-Naturwiss. Kl.","67:","","1898"
tro-35211169,B,Aneuraceae,,Riccardia,,"elegans",,"","(Stephani) Hürl.",Accepted,,M,TRO,35211169,,"Bauhinia","5: 196","196","1976"
tro-35209465,B,Aneuraceae,,Riccardia,,"elongata",,"","Schiffner",Unresolved,,L,TRO,35209465,,"Denkschr. Kaiserl. Akad. Wiss., Math.-Naturwiss. Kl.","67: 164","164","1898"
tro-35215835,B,Aneuraceae,,Riccardia,,"exigua",,"","S.W. Arnell",Unresolved,,L,TRO,35215835,,"Svensk Bot. Tidskr.","51: 165","165","1957"
tro-35188271,B,Aneuraceae,,Riccardia,,"fastigiata",,"","(Lehm.) Trevis.",Accepted,,M,TRO,35188271,,"Mem. Reale Ist. Lombardo Sci., Ser. 3, Cl. Sci. Mat.","4: 431","431","1877"
tro-35206783,B,Aneuraceae,,Riccardia,,"filicina",,"","(Colenso) E.A. Hodgs.",Accepted,,M,TRO,35206783,,"Rec. Domin. Mus.","4: 129","129","1962"
tro-35205737,B,Aneuraceae,,Riccardia,,"flaccia",,"","(Stephani) S. Hatt.",Accepted,,M,TRO,35205737,,"Bull. Tokyo Sci. Mus.","11: 164","164","1944"
tro-35202886,B,Aneuraceae,,Riccardia,,"flagellaris",,"","(A. Gepp) H.A. Mill.",Accepted,,M,TRO,35202886,,"Phytologia","47: 323","323","1981"
tro-35200691,B,Aneuraceae,,Riccardia,,"flagellifrons",,"","C. Gao",Accepted,,M,TRO,35200691,,"Fl. Hepat. Chin. Boreali-Orient.","209. pl. 72: 9–13","9","1981"
tro-35206618,B,Aneuraceae,,Riccardia,,"flavovirens",,"","Furuki",Accepted,,M,TRO,35206618,,"J. Hattori Bot. Lab.","70: 333. f. 18","333","1991"
tro-35208426,B,Aneuraceae,,Riccardia,,"floribunda",,"","(Stephani) A. Evans",Accepted,,M,TRO,35208426,,"Trans. Connecticut Acad. Arts","25: 182","182","1921"
tro-35202525,B,Aneuraceae,,Riccardia,,"foliacea",,"","Meenks & C. De Jong",Accepted,,M,TRO,35202525,,"Cryptog. Bryol. Lichénol.","6: 8. pl. 3","8","1985"
tro-35209494,B,Aneuraceae,,Riccardia,,"formosensis",,"","(Stephani) Horik.",Accepted,,M,TRO,35209494,,"J. Sci. Hiroshima Univ., Ser. B, Div. 2, Bot.","2: 125","125","1934"
tro-35203844,B,Aneuraceae,,Riccardia,,"fruticosa",,"","(Stephani) Furuki",Accepted,,M,TRO,35203844,,"Nat. Hist. Res.","5: 1","1","1998"
tro-35204561,B,Aneuraceae,,Riccardia,,"fucoides",,"","(Sw.) A. Massal.",Accepted,,M,TRO,35204561,,"Nuovo Giorn. Bot. Ital.","17: 256 [=Epat. Terra del Fuoco]","256 [=Epat","1885"
tro-35191817,B,Aneuraceae,,Riccardia,,"fuegiensis",,"","C. Massal.",Accepted,,M,TRO,35191817,,"Nuovo Giorn. Bot. Ital.","17: 255. pl. 26: 34","255","1885"
tro-35206759,B,Aneuraceae,,Riccardia,,"furtiva",,"","E. A. Br. & Braggins",Accepted,,M,TRO,35206759,,"J. Hattori Bot. Lab.","66: 35. f. 5","35","1989"
tro-35208427,B,Aneuraceae,,Riccardia,,"fuscobrunnea",,"","(Stephani) A. Evans",Accepted,,M,TRO,35208427,,"Trans. Connecticut Acad. Arts","25: 152","152","1921"
tro-35211782,B,Aneuraceae,,Riccardia,,"geniana",,"","Hewson",Accepted,,M,TRO,35211782,,"Proc. Linn. Soc. New South Wales","95: 76","76","1970"
tro-35206800,B,Aneuraceae,,Riccardia,,"georgiensis",,"","(Stephani) Hässel de Menéndez",Accepted,,M,TRO,35206800,,"Revista Mus. Argent. Ci. Nat., Bernardino Rivadavia Inst. Nac. Invest. Ci. Nat., Bot.","4: 122","122","1972"
tro-35206620,B,Aneuraceae,,Riccardia,,"glauca",,"","Furuki",Accepted,,M,TRO,35206620,,"J. Hattori Bot. Lab.","70: 352. f. 27–28","352","1991"
tro-35202218,B,Aneuraceae,,Riccardia,,"glaziovii",,"","(Spruce) Meenks",Accepted,,M,TRO,35202218,,"J. Hattori Bot. Lab.","62: 173","173","1987"
tro-35211800,B,Aneuraceae,,Riccardia,,"gogolensis",,"","(Stephani) Hewson",Accepted,,M,TRO,35211800,,"Proc. Linn. Soc. New South Wales","95: 102","102","1970"
tro-35209814,B,Aneuraceae,,Riccardia,,"graeffei",,"","(Stephani) Hewson",Accepted,,M,TRO,35209814,,"Proc. Linn. Soc. New South Wales, ser. 2,","95: 76","76","1970"
tro-35208437,B,Aneuraceae,,Riccardia,,"granulata",,"","(Stephani) A. Evans",Accepted,,M,TRO,35208437,,"Trans. Connecticut Acad. Arts","25: 192","192","1921"
tro-35204811,B,Aneuraceae,,Riccardia,,"grollei",,"","Furuki",Accepted,,M,TRO,35204811,,"Haussknechtia Beih.","9: 139. f. 1–14","139","1999"
tro-35202929,B,Aneuraceae,,Riccardia,,"gunniana",,"","(Stephani) H.A. Mill.",Accepted,,M,TRO,35202929,,"Phytologia","47: 323","323","1981"
tro-35202675,B,Aneuraceae,,Riccardia,,"hans-meyeri",,"","(Stephani) Meenks & C. De Jong",Accepted,,M,TRO,35202675,,"Cryptog. Bryol. Lichénol.","6: 12","12","1985"
tro-35189286,B,Aneuraceae,,Riccardia,,"hattorii",,"","Furuki",Accepted,,M,TRO,35189286,,"J. Hattori Bot. Lab.","75: 257. f. 1","257","1994"
tro-35202952,B,Aneuraceae,,Riccardia,,"hebridensis",,"","(Stephani) H.A. Mill.",Accepted,,M,TRO,35202952,,"Phytologia","47: 323","323","1981"
tro-35202699,B,Aneuraceae,,Riccardia,,"herzogiana",,"","(Steph.) Meenks & C. De Jong",Accepted,,M,TRO,35202699,,"Cryptog. Bryol. Lichénol.","6: 12","12","1985"
tro-35202370,B,Aneuraceae,,Riccardia,,"humilis",,"","(Gottsche) O. Yano",Accepted,,M,TRO,35202370,,"J. Hattori Bot. Lab.","56: 530","530","1984"
tro-35202971,B,Aneuraceae,,Riccardia,,"hyalina",,"","(Stephani) H.A. Mill.",Accepted,,M,TRO,35202971,,"Phytologia","47: 324","324","1981"
tro-35211170,B,Aneuraceae,,Riccardia,,"hydra",,"","Hürl.",Accepted,,M,TRO,35211170,,"Bauhinia","5: 210. f. 9","210","1976"
tro-35202123,B,Aneuraceae,,Riccardia,,"hymenophytoides",,"","(Spruce) Meenks",Accepted,,M,TRO,35202123,,"Beih. Nova Hedwigia","88: 101","101","1987"
tro-35211795,B,Aneuraceae,,Riccardia,,"hypipamensis",,"","Hewson",Accepted,,M,TRO,35211795,,"Proc. Linn. Soc. New South Wales","95: 97","97","1970"
tro-35211783,B,Aneuraceae,,Riccardia,,"ibana",,"","Hewson",Accepted,,M,TRO,35211783,,"Proc. Linn. Soc. New South Wales","95: 78","78","1970"
tro-35185927,B,Aneuraceae,,Riccardia,,"incurvata",,"","Lindb.",Accepted,,M,TRO,35185927,,"Nov. Stirp. Pug.","","",""
tro-35212344,B,Aneuraceae,,Riccardia,,"insularis",,"","Schiffner",Unresolved,,L,TRO,35212344,,"Deutsche Südpolar-Exped. 1901--1903","8: 66. pl. 6: 1–7","66","1906"
tro-35206768,B,Aneuraceae,,Riccardia,,"intercellula",,"","E. A. Br.",Accepted,,M,TRO,35206768,,"J. Hattori Bot. Lab.","66: 58. f. 13","58","1989"
tro-35202993,B,Aneuraceae,,Riccardia,,"intricata",,"","(Stephani) H.A. Mill.",Accepted,,M,TRO,35202993,,"Phytologia","47: 324","324","1981"
tro-35190815,B,Aneuraceae,,Riccardia,,"jackii",,"","Schiffner",Accepted,,M,TRO,35190815,,"Denkschr. Kaiserl. Akad. Wiss., Math.-Naturwiss. Kl.","67: 165","165","1898"
tro-35209178,B,Aneuraceae,,Riccardia,,"japonica",,"","S. Hatt. ex Mizut. & S. Hatt.",Unresolved,,L,TRO,35209178,,"J. Hattori Bot. Lab.","18: 42. f. 4: 1–16","42","1957"
tro-35202546,B,Aneuraceae,,Riccardia,,"judithae",,"","Meenks & C. De Jong",Accepted,,M,TRO,35202546,,"Cryptog. Bryol. Lichénol.","6: 12. pl. 4","12","1985"
tro-35202449,B,Aneuraceae,,Riccardia,,"jugata",,"","R.M. Schust.",Accepted,,M,TRO,35202449,,"J. Hattori Bot. Lab.","62: 305","305","1987"
tro-35206045,B,Aneuraceae,,Riccardia,,"kanemarui",,"","S. Hatt.",Unresolved,,L,TRO,35206045,,"J. Hattori Bot. Lab.","6: 9. f. 43","9","1951"
tro-35190816,B,Aneuraceae,,Riccardia,,"kodamae",,"","Mizut. & S. Hatt.",Accepted,,M,TRO,35190816,,"J. Hattori Bot. Lab.","18: 57. f. 10","57","1957"
tro-35211798,B,Aneuraceae,,Riccardia,,"kowaldiana",,"","(Stephani) Hewson",Accepted,,M,TRO,35211798,,"Proc. Linn. Soc. New South Wales","95: 99","99","1970"
tro-35205741,B,Aneuraceae,,Riccardia,,"koyensis",,"","(Stephani) S. Hatt.",Accepted,,M,TRO,35205741,,"Bull. Tokyo Sci. Mus.","11: 164","164","1944"
tro-35185928,B,Aneuraceae,,Riccardia,,"latifrons",,"","(Lindb.) Lindb.",Accepted,,M,TRO,35185928,,"Acta Soc. Sci. Fenn.","10: 513","513","1875"
tro-35206625,B,Aneuraceae,,Riccardia,,"latifrons",var.,"miyakeana","(Schiffner) Furuki",Accepted,,L,TRO,35206625,,"J. Hattori Bot. Lab.","70: 375","375","1991"
tro-35190649,B,Aneuraceae,,Riccardia,,"lepidomitra",,"","(Spruce) Gradst.",Accepted,,M,TRO,35190649,,"J. Hattori Bot. Lab.","45: 130","130","1979"
tro-35206474,B,Aneuraceae,,Riccardia,,"leptophylla",,"","(Spruce) Herzog",Accepted,,M,TRO,35206474,,"Svensk Bot. Tidskr.","46: 65.","65","1952"
tro-35212876,B,Aneuraceae,,Riccardia,,"leptostachya",,"","A. Evans",Accepted,,M,TRO,35212876,,"Nat. Hist. Juan Fernandez","2: 570. f. 4","570","1930"
tro-35206802,B,Aneuraceae,,Riccardia,,"leptothallus",,"","R.M. Schust.",Accepted,,M,TRO,35206802,,"J. Hattori Bot. Lab.","67: 87. f. 8: 3–13, 9","87","1989"
tro-35211171,B,Aneuraceae,,Riccardia,,"leratii",,"","(Stephani) Hürl.",Accepted,,M,TRO,35211171,,"Bauhinia","5: 206","206","1976"
tro-35207765,B,Aneuraceae,,Riccardia,,"levieri",,"","Schiffner",Unresolved,,L,TRO,35207765,,"Oesterr. Bot. Z.","49: 130","130","1899"
tro-35203009,B,Aneuraceae,,Riccardia,,"lichenoides",,"","(Stephani) H.A. Mill.",Accepted,,M,TRO,35203009,,"Phytologia","47: 324","324","1981"
tro-100365863,B,Aneuraceae,,Riccardia,,"ligulata",,"","(Stephani) Pócs & A. Schäfer-Verwimp",Accepted,,M,TRO,100365863,,"Cryptog. Bryol.","31(4): 390","390","2010"
tro-35190367,B,Aneuraceae,,Riccardia,,"limbata",,"","(Stephani) E.W. Jones",Accepted,,M,TRO,35190367,,"Trans. Brit. Bryol. Soc.","3: 79","79","1956"
tro-35206763,B,Aneuraceae,,Riccardia,,"lobulata",,"","(Colenso) E.A. Hodgs.",Accepted,,M,TRO,35206763,,"Trans. Roy. Soc. New Zealand, Bot.","3: 92","92","1965"
tro-35211792,B,Aneuraceae,,Riccardia,,"longiflora",,"","(Stephani) Hewson",Accepted,,M,TRO,35211792,,"Proc. Linn. Soc. New South Wales","95: 88","88","1970"
tro-35215834,B,Aneuraceae,,Riccardia,,"longispica",,"","(Stephani) Pearson",Accepted,,M,TRO,35215834,,"Forh. Vidensk.-Selsk. Kristiania","1892(14): 4","4","1893"
tro-35211793,B,Aneuraceae,,Riccardia,,"macdonaldiana",,"","Hewson",Accepted,,M,TRO,35211793,,"Proc. Linn. Soc. New South Wales","95: 93","93","1970"
tro-35203032,B,Aneuraceae,,Riccardia,,"macrantha",,"","(Pearson) H.A. Mill.",Accepted,,M,TRO,35203032,,"Phytologia","47: 324","324","1981"
tro-35216904,B,Aneuraceae,,Riccardia,,"magnicellularis",,"","Furuki",Accepted,,M,TRO,35216904,,"J. Hattori Bot. Lab.","100: 93","93","2006"
tro-35213894,B,Aneuraceae,,Riccardia,,"majlandii",,"","S.W. Arnell",Unresolved,,L,TRO,35213894,,"Results Norweg. Sci. Exped. Tristan da Cunha","42: 30","30","1958"
tro-35213893,B,Aneuraceae,,Riccardia,,"makinoana",,"","(Stephani) Yasuda",Accepted,,M,TRO,35213893,,"Shokub. Kak.","687","687","1911"
tro-35206626,B,Aneuraceae,,Riccardia,,"marginata",,"","(Colenso) Pearson",Accepted,,M,TRO,35206626,,"Univ. Calif. Publ. Bot.","10: 309","309","1923"
tro-35206797,B,Aneuraceae,,Riccardia,,"marionensis",,"","R.M. Schust.",Accepted,,M,TRO,35206797,,"J. Hattori Bot. Lab.","67: 65. f. 2–3: 1–4","65","1989"
tro-35211445,B,Aneuraceae,,Riccardia,,"metzgeriiformis",,"","(Stephani) Schiffner",Accepted,,M,TRO,35211445,,"J. Hattori Bot. Lab.","45: 130","130","1979"
tro-35203056,B,Aneuraceae,,Riccardia,,"micropinna",,"","(Stephani) H.A. Mill.",Accepted,,M,TRO,35203056,,"Phytologia","47: 324","324","1981"
tro-35206761,B,Aneuraceae,,Riccardia,,"multicorpora",,"","E. A. Br.",Accepted,,M,TRO,35206761,,"J. Hattori Bot. Lab.","66: 40. f. 7","40","1989"
tro-35185929,B,Aneuraceae,,Riccardia,,"multifida",,"","(L.) Gray",Accepted,,M,TRO,35185929,,"Nat. Arr. Brit. Pl.","1: 684","684","1821"
tro-35200366,B,Aneuraceae,,Riccardia,,"multifida",var.,"decrescens","(Stephani) Furuki",Accepted,,L,TRO,35200366,,"J. Hattori Bot. Lab.","70: 341","341","1991"
tro-35205742,B,Aneuraceae,,Riccardia,,"multispica",,"","(Stephani) S. Hatt.",Accepted,,M,TRO,35205742,,"Bull. Tokyo Sci. Mus.","11: 164","164","1944"
tro-35206769,B,Aneuraceae,,Riccardia,,"muscoides",,"","(Colenso) E.A. Hodgs.",Accepted,,M,TRO,35206769,,"Rec. Domin. Mus.","4: 130","130","1962"
tro-35208428,B,Aneuraceae,,Riccardia,,"mycophora",,"","A. Evans",Accepted,,M,TRO,35208428,,"Trans. Connecticut Acad. Arts","25: 175. f. 10: d–f","175","1921"
tro-35211173,B,Aneuraceae,,Riccardia,,"nadeaudiana",,"","(Stephani) Hürl.",Accepted,,M,TRO,35211173,,"Bauhinia","5: 201","201","1976"
tro-35211174,B,Aneuraceae,,Riccardia,,"nadeaudii",,"","(Stephani) Hürl.",Accepted,,M,TRO,35211174,,"Bauhinia","5: 201","201","1976"
tro-35205743,B,Aneuraceae,,Riccardia,,"nagasakiensis",,"","(Stephani) S. Hatt.",Accepted,,M,TRO,35205743,,"Bull. Tokyo Sci. Mus.","11: 164","164","1944"
tro-35209818,B,Aneuraceae,,Riccardia,,"nana",,"","(Hook. f. & Taylor) Trevis.",Accepted,,M,TRO,35209818,,"Mem. Reale Ist. Lombardo Sci., Ser. 3, Cl. Sci. Mat.","4: 431","431","1877"
tro-35206773,B,Aneuraceae,,Riccardia,,"nitida",,"","(Colenso) E.A. Hodgs.",Accepted,,M,TRO,35206773,,"Trans. Roy. Soc. New Zealand, Bot.","3: 92","92","1965"
tro-35212343,B,Aneuraceae,,Riccardia,,"novo-amstelodamensis",,"","Schiffner",Unresolved,,L,TRO,35212343,,"Deutsche Südpolar-Exped. 1901--1903","8: 65. pl. 6: 8–11","65","1906"
tro-35189725,B,Aneuraceae,,Riccardia,,"nudiflora",,"","(Stephani) Grolle",Accepted,,M,TRO,35189725,,"Bryophyt. Biblioth.","48: 130","130","1995"
tro-35212877,B,Aneuraceae,,Riccardia,,"nudimitra",,"","(Stephani) A. Evans",Accepted,,M,TRO,35212877,,"Trans. Connecticut Acad. Arts","25: 177","177","1921"
tro-35203544,B,Aneuraceae,,Riccardia,,"obtusa",,"","S.W. Arnell",Unresolved,,L,TRO,35203544,,"Bot. Not.","1952: 142","142","1952"
tro-35211796,B,Aneuraceae,,Riccardia,,"omkaliensis",,"","Hewson",Accepted,,M,TRO,35211796,,"Proc. Linn. Soc. New South Wales","95: 97","97","1970"
tro-35205744,B,Aneuraceae,,Riccardia,,"onigajona",,"","(Stephani) S. Hatt.",Accepted,,M,TRO,35205744,,"Bull. Tokyo Sci. Mus.","11: 164","164","1944"
tro-35208429,B,Aneuraceae,,Riccardia,,"opuntiiformis",,"","S.W. Arnell",Accepted,,M,TRO,35208429,,"Arch. Soc. Zool. Bot. Fenn. ""Vanamo""","9: 52. f. 7","52","1954"
tro-35202725,B,Aneuraceae,,Riccardia,,"pallida",,"","(Spruce) Meenks & C. De Jong",Accepted,,M,TRO,35202725,,"Cryptog. Bryol. Lichénol.","6: 15","15","1985"
tro-35208430,B,Aneuraceae,,Riccardia,,"pallidevirens",,"","(Stephani) A. Evans",Accepted,,M,TRO,35208430,,"Trans. Connecticut Acad. Arts","25: 189","189","1921"
tro-35185932,B,Aneuraceae,,Riccardia,,"palmata",,"","(Hedw.) Carruth.",Accepted,,M,TRO,35185932,,"J. Bot.","13: 302","302","1865"
tro-35203082,B,Aneuraceae,,Riccardia,,"palmatifida",,"","(Stephani) H.A. Mill.",Accepted,,M,TRO,35203082,,"Phytologia","47: 324","324","1981"
tro-35211448,B,Aneuraceae,,Riccardia,,"papillata",,"","(Gottsche) Hässel de Menéndez",Accepted,,M,TRO,35211448,,"J. Hattori Bot. Lab.","45: 130","130","1979"
tro-35206765,B,Aneuraceae,,Riccardia,,"papulosa",,"","(Stephani) E. A. Br.",Accepted,,M,TRO,35206765,,"J. Hattori Bot. Lab.","66: 49","49","1989"
tro-35202379,B,Aneuraceae,,Riccardia,,"paramorum",,"","Meenks",Accepted,,M,TRO,35202379,,"J. Hattori Bot. Lab.","62: 176","176","1987"
tro-35202745,B,Aneuraceae,,Riccardia,,"parasitans",,"","(Steph.) Meenks & C. De Jong",Accepted,,M,TRO,35202745,,"Cryptog. Bryol. Lichénol.","6: 17","17","1985"
tro-35200237,B,Aneuraceae,,Riccardia,,"parvula",,"","Schiffner",Accepted,,M,TRO,35200237,,"Denkschr. Kaiserl. Akad. Wiss., Math.-Naturwiss. Kl.","67: 172","172","1898"
tro-35208431,B,Aneuraceae,,Riccardia,,"patens",,"","Hässel de Menéndez",Accepted,,M,TRO,35208431,,"Revista Mus. Argent. Ci. Nat., Bernardino Rivadavia Inst. Nac. Invest. Ci. Nat., Bot.","4: 165. f. 44: a–k","165","1972"
tro-35206807,B,Aneuraceae,,Riccardia,,"pauciramea",,"","R.M. Schust.",Accepted,,M,TRO,35206807,,"J. Hattori Bot. Lab.","67: 102. f. 12","102","1989"
tro-35211175,B,Aneuraceae,,Riccardia,,"pectinata",,"","(Austin) H.A. Mill.",Accepted,,M,TRO,35211175,,"Ark. Bot.","5: 526","526","1963"
tro-35211176,B,Aneuraceae,,Riccardia,,"pectinata",var.,"fasciculata","(Stephani) Hürl.",Accepted,,L,TRO,35211176,,"Bauhinia","5: 208","208","1976"
tro-35209177,B,Aneuraceae,,Riccardia,,"pellioides",,"","Horik.",Unresolved,,L,TRO,35209177,,"Bot. Mag. (Tokyo)","51: 429. f. 3","429","1937"
tro-35206834,B,Aneuraceae,,Riccardia,,"pellucida",,"","Piippo",Accepted,,M,TRO,35206834,,"J. Hattori Bot. Lab.","68: 134","134","1990"
tro-35211177,B,Aneuraceae,,Riccardia,,"pembaiensis",,"","(Stephani) Hürl.",Accepted,,M,TRO,35211177,,"Bauhinia","5: 205","205","1976"
tro-35211801,B,Aneuraceae,,Riccardia,,"pengagensis",,"","Hewson",Accepted,,M,TRO,35211801,,"Proc. Linn. Soc. New South Wales","95: 108","108","1970"
tro-35206766,B,Aneuraceae,,Riccardia,,"pennata",,"","E. A. Br.",Accepted,,M,TRO,35206766,,"J. Hattori Bot. Lab.","66: 53. f. 11","53","1989"
tro-35206767,B,Aneuraceae,,Riccardia,,"perspicua",,"","E. A. Br.",Accepted,,M,TRO,35206767,,"J. Hattori Bot. Lab.","66: 55. f. 12","55","1989"
tro-35211178,B,Aneuraceae,,Riccardia,,"perssonii",,"","S.C. Srivast. & Udar",Accepted,,M,TRO,35211178,,"Lindbergia","4: 127. f. 1: 1–20","127","1977"
tro-35216905,B,Aneuraceae,,Riccardia,,"philippinensis",,"","Furuki",Accepted,,M,TRO,35216905,,"J. Hattori Bot. Lab.","100: 94","94","2006"
tro-35211784,B,Aneuraceae,,Riccardia,,"phleganiana",,"","Hewson",Accepted,,M,TRO,35211784,,"Proc. Linn. Soc. New South Wales","95: 80","80","1970"
tro-35206984,B,Aneuraceae,,Riccardia,,"pindaundensis",,"","Hewson",Accepted,,M,TRO,35206984,,"Proc. Linn. Soc. New South Wales","95: 78","78","1970"
tro-35211791,B,Aneuraceae,,Riccardia,,"pindensis",,"","Hewson",Accepted,,M,TRO,35211791,,"Proc. Linn. Soc. New South Wales","95: 87","87","1970"
tro-35187042,B,Aneuraceae,,Riccardia,,"pinguis",,"","(L.) Gray",Accepted,,M,TRO,35187042,,"Nat. Arr. Brit. Pl.","1: 683","683","1821"
tro-35216288,B,Aneuraceae,,Riccardia,,"pinnatifida",,"","(F. Weber) Carruth.",Accepted,,M,TRO,35216288,,"J. Bot.","3: 302","302","1865"
tro-35211179,B,Aneuraceae,,Riccardia,,"plana",,"","(Stephani) Hürl.",Accepted,,M,TRO,35211179,,"Bauhinia","5: 205","205","1976"
tro-35200541,B,Aneuraceae,,Riccardia,,"planiflora",,"","(Stephani) S. Hatt.",Accepted,,M,TRO,35200541,,"Bull. Tokyo Sci. Mus.","11: 164","164","1944"
tro-35200239,B,Aneuraceae,,Riccardia,,"platyclada",,"","Schiffner",Accepted,,M,TRO,35200239,,"Denkschr. Kaiserl. Akad. Wiss., Math.-Naturwiss. Kl.","67: 167","167","1898"
tro-35202097,B,Aneuraceae,,Riccardia,,"plumiformis",,"","(Spruce) Hässel de Menéndez ex Meenks",Accepted,,M,TRO,35202097,,"Beih. Nova Hedwigia","88: 101","101","1987"
tro-35209495,B,Aneuraceae,,Riccardia,,"plumosa",,"","(Mitt.) E.O. Campb.",Accepted,,M,TRO,35209495,,"J. Roy. Soc. New Zealand","1: 24","24","1971"
tro-35202766,B,Aneuraceae,,Riccardia,,"poeppigiana",,"","(Lehm. & Lindenb.) Hässel de Menéndez",Accepted,,M,TRO,35202766,,"Cryptog. Bryol. Lichénol.","6: 17","17","1985"
tro-35216804,B,Aneuraceae,,Riccardia,,"polyclada",,"","(Mitt.) Hässel",Unresolved,,L,TRO,35216804,,"Bryologist","109: 34","34","2006"
tro-35190218,B,Aneuraceae,,Riccardia,,"prehensilis",,"","(Hook. f. & Taylor) C. Massal.",Accepted,,M,TRO,35190218,,"Nuovo Giorn. Bot. Ital.","17: 255","255","1885"
tro-35202274,B,Aneuraceae,,Riccardia,,"pseudodendroceros",,"","R.M. Schust.",Accepted,,M,TRO,35202274,,"Phytologia","56: 452","452","1985"
tro-35206622,B,Aneuraceae,,Riccardia,,"pumila",,"","Furuki",Accepted,,M,TRO,35206622,,"J. Hattori Bot. Lab.","70: 361. f. 32","361","1991"
tro-35209819,B,Aneuraceae,,Riccardia,,"pusilla",,"","Grolle",Accepted,,M,TRO,35209819,,"J. Jap. Bot.","41: 231","231","1966"
tro-35189726,B,Aneuraceae,,Riccardia,,"ramosissima",,"","(Stephani) Grolle",Accepted,,M,TRO,35189726,,"Bryophyt. Biblioth.","48: 130","130","1995"
tro-35212454,B,Aneuraceae,,Riccardia,,"reducta",,"","R.M. Schust.",Unresolved,,L,TRO,35212454,,"J. Hattori Bot. Lab.","26: 294","294","1963"
tro-35202573,B,Aneuraceae,,Riccardia,,"regina",,"","Meenks & C. De Jong",Accepted,,M,TRO,35202573,,"Cryptog. Bryol. Lichénol.","6: 17. pl. 6","17","1985"
tro-35202402,B,Aneuraceae,,Riccardia,,"reyesiana",,"","Meenks",Accepted,,M,TRO,35202402,,"Acta Bot. Hung.","32: 207","207","1986"
tro-35203588,B,Aneuraceae,,Riccardia,,"rhodesiae",,"","S.W. Arnell",Unresolved,,L,TRO,35203588,,"Bot. Not.","1952: 150","150","1952"
tro-35205752,B,Aneuraceae,,Riccardia,,"rigida",,"","Schiffner",Unresolved,,L,TRO,35205752,,"Denkschr. Kaiserl. Akad. Wiss., Math.-Naturwiss. Kl.","67: 172","172","1898"
tro-35208432,B,Aneuraceae,,Riccardia,,"rivularis",,"","Hässel de Menéndez",Accepted,,M,TRO,35208432,,"Revista Mus. Argent. Ci. Nat., Bernardino Rivadavia Inst. Nac. Invest. Ci. Nat., Bot.","4: 52","52","1972"
tro-35212652,B,Aneuraceae,,Riccardia,,"robbinsii",,"","Hewson & Grolle",Unresolved,,L,TRO,35212652,,"J. Hattori Bot. Lab.","29: 72. f. 2","72","1966"
tro-35203108,B,Aneuraceae,,Riccardia,,"robusta",,"","(Stephani) H.A. Mill.",Accepted,,M,TRO,35203108,,"Phytologia","47: 324","324","1981"
tro-35206799,B,Aneuraceae,,Riccardia,,"roivainenii",,"","S.W. Arnell",Unresolved,,L,TRO,35206799,,"Arch. Soc. Zool. Bot. Fenn. ""Vanamo""","9: 52","52","1954"
tro-35210505,B,Aneuraceae,,Riccardia,,"rupicola",,"","(Stephani) Hewson",Accepted,,M,TRO,35210505,,"Proc. Linn. Soc. New South Wales","95: 99","99","1970"
tro-35206803,B,Aneuraceae,,Riccardia,,"russellii",,"","R.M. Schust.",Accepted,,M,TRO,35206803,,"J. Hattori Bot. Lab.","67: 93. f. 10","93","1989"
tro-35215837,B,Aneuraceae,,Riccardia,,"saccatiflora",,"","(Stephani) S.W. Arnell",Accepted,,M,TRO,35215837,,"Bot. Not.","105: 144","144","1952"
tro-35209418,B,Aneuraceae,,Riccardia,,"serrulata",,"","Schiffner",Unresolved,,L,TRO,35209418,,"Denkschr. Kaiserl. Akad. Wiss., Math.-Naturwiss. Kl.","67:","","1898"
tro-35185324,B,Aneuraceae,,Riccardia,,"sinuata",,"","(Hook.) Trevis.",Accepted,,M,TRO,35185324,,"Mem. Reale Ist. Lombardo Sci., Ser. 3, Cl. Sci. Mat.","4: 431","431","1877"
tro-35202597,B,Aneuraceae,,Riccardia,,"smaragdina",,"","Meenks & C. De Jong",Accepted,,M,TRO,35202597,,"Cryptog. Bryol. Lichénol.","6: 20. pl. 7","20","1985"
tro-35208433,B,Aneuraceae,,Riccardia,,"spectabilis",,"","(Stephani) A. Evans",Accepted,,M,TRO,35208433,,"Trans. Connecticut Acad. Arts","25: 140","140","1921"
tro-35200248,B,Aneuraceae,,Riccardia,,"spegazziniana",,"","A. Massal.",Accepted,,M,TRO,35200248,,"Nuovo Giorn. Bot. Ital.","17: 254. pl. 25: 32","254","1885"
tro-35200249,B,Aneuraceae,,Riccardia,,"spinulifera",,"","A. Massal.",Accepted,,M,TRO,35200249,,"Nuovo Giorn. Bot. Ital.","17: 254. pl. 26: 33","254","1885"
tro-35206631,B,Aneuraceae,,Riccardia,,"spongiosa",,"","Furuki",Accepted,,M,TRO,35206631,,"J. Hattori Bot. Lab.","70: 385. f. 44–45","385","1991"
tro-35202791,B,Aneuraceae,,Riccardia,,"sprucei",,"","(Stephani) Meenks & C. De Jong",Accepted,,M,TRO,35202791,,"Cryptog. Bryol. Lichénol.","6: 22","22","1985"
tro-35211451,B,Aneuraceae,,Riccardia,,"squarrosa",,"","(Stephani) Gradst.",Accepted,,M,TRO,35211451,,"J. Hattori Bot. Lab.","45: 130","130","1979"
tro-35205746,B,Aneuraceae,,Riccardia,,"stephanii",,"","S. Hatt.",Unresolved,,L,TRO,35205746,,"Bull. Tokyo Sci. Mus.","11: 164","164","1944"
tro-35205747,B,Aneuraceae,,Riccardia,,"stipatiflora",,"","(Stephani) Pagan",Accepted,,M,TRO,35205747,,"Bryologist","45: 81","81","1942"
tro-35205748,B,Aneuraceae,,Riccardia,,"stolonifera",,"","(Stephani) E.A. Hodgs.",Accepted,,M,TRO,35205748,,"Rec. Domin. Mus.","4: 130","130","1962"
tro-35202426,B,Aneuraceae,,Riccardia,,"stricta",,"","R.M. Schust.",Accepted,,M,TRO,35202426,,"J. Hattori Bot. Lab.","62: 326","326","1987"
tro-35206623,B,Aneuraceae,,Riccardia,,"subalpina",,"","Furuki",Accepted,,M,TRO,35206623,,"J. Hattori Bot. Lab.","70: 367. f. 36","367","1991"
tro-35213536,B,Aneuraceae,,Riccardia,,"submersa",,"","Horik.",Accepted,,M,TRO,35213536,,"J. Sci. Hiroshima Univ., Ser. B, Div. 2, Bot.","1: 198. pl. 25: 1–2","198","1933"
tro-35209496,B,Aneuraceae,,Riccardia,,"submultifida",,"","Horik.",Accepted,,M,TRO,35209496,,"J. Sci. Hiroshima Univ., Ser. B, Div. 2, Bot.","23: 128. pl. 11: 1–3","128","1934"
tro-35211180,B,Aneuraceae,,Riccardia,,"subpalmata",,"","(Stephani) Hürl.",Accepted,,M,TRO,35211180,,"Bauhinia","5: 194","194","1976"
tro-35212455,B,Aneuraceae,,Riccardia,,"subsimplex",,"","(Stephani) R.M. Schust.",Accepted,,M,TRO,35212455,,"J. Hattori Bot. Lab.","26: 295","295","1963"
tro-35211181,B,Aneuraceae,,Riccardia,,"tahitensis",,"","(Stephani) Hürl.",Accepted,,M,TRO,35211181,,"Bauhinia","5: 201","201","1976"
tro-35209820,B,Aneuraceae,,Riccardia,,"tamariscina",,"","(Stephani) Schiffner",Accepted,,M,TRO,35209820,,"Consp. Hepat. Arch. Ind.","58","58","1898"
tro-35208435,B,Aneuraceae,,Riccardia,,"tenax",,"","(Stephani) A. Evans",Accepted,,M,TRO,35208435,,"Bull. Charleston Mus.","25: 186","186","1921"
tro-35211794,B,Aneuraceae,,Riccardia,,"tenella",,"","Hewson",Accepted,,M,TRO,35211794,,"Proc. Linn. Soc. New South Wales","95: 95","95","1970"
tro-35202146,B,Aneuraceae,,Riccardia,,"tenuicula",,"","(Spruce) V.F. Schiffner ex Meenks",Accepted,,M,TRO,35202146,,"Beih. Nova Hedwigia","88: 101","101","1987"
tro-35205749,B,Aneuraceae,,Riccardia,,"tosana",,"","(Stephani) S. Hatt.",Accepted,,M,TRO,35205749,,"Bull. Tokyo Sci. Mus.","11: 164","164","1944"
tro-35202173,B,Aneuraceae,,Riccardia,,"trichomanoides",,"","(Spruce) Hässel de Menéndez ex Meenks",Accepted,,M,TRO,35202173,,"Beih. Nova Hedwigia","88: 101","101","1987"
tro-35211790,B,Aneuraceae,,Riccardia,,"tumbareriensis",,"","Hewson",Accepted,,M,TRO,35211790,,"Proc. Linn. Soc. New South Wales","95: 87","87","1970"
tro-35203135,B,Aneuraceae,,Riccardia,,"tutuilana",,"","(Pearson) H.A. Mill.",Accepted,,M,TRO,35203135,,"Phytologia","47: 324","324","1981"
tro-35205753,B,Aneuraceae,,Riccardia,,"uematsuana",,"","S. Hatt.",Unresolved,,L,TRO,35205753,,"Nat. Sci. Mus.","15: 77","77","1944"
tro-35211789,B,Aneuraceae,,Riccardia,,"umbana",,"","Hewson",Accepted,,M,TRO,35211789,,"Proc. Linn. Soc. New South Wales","95: 85","85","1970"
tro-35208436,B,Aneuraceae,,Riccardia,,"umbrosa",,"","(Stephani) Hässel de Menéndez",Accepted,,M,TRO,35208436,,"Revista Mus. Argent. Ci. Nat., Bernardino Rivadavia Inst. Nac. Invest. Ci. Nat., Bot.","4: 184","184","1967"
tro-35206760,B,Aneuraceae,,Riccardia,,"umida",,"","E. A. Br.",Accepted,,M,TRO,35206760,,"J. Hattori Bot. Lab.","66: 38. f. 6","38","1989"
tro-35210123,B,Aneuraceae,,Riccardia,,"valida",,"","(Stephani) J.J. Engel",Accepted,,M,TRO,35210123,,"Bryologist","78: 362","362","1975"
tro-35212875,B,Aneuraceae,,Riccardia,,"variabilis",,"","A. Evans",Accepted,,M,TRO,35212875,,"Nat. Hist. Juan Fernandez","2: 567. f. 3","567","1930"
tro-35211183,B,Aneuraceae,,Riccardia,,"venosa",,"","(Stephani) Hürl.",Accepted,,M,TRO,35211183,,"Bauhinia","5: 208","208","1976"
tro-35200542,B,Aneuraceae,,Riccardia,,"villosa",,"","(Stephani) S.C. Srivast. & Udar",Accepted,,M,TRO,35200542,,"Biol. Mem.","1: 129","129","1976"
tro-35211184,B,Aneuraceae,,Riccardia,,"virens",,"","(Stephani) Hürl.",Accepted,,M,TRO,35211184,,"Bauhinia","5: 209","209","1976"
tro-35206617,B,Aneuraceae,,Riccardia,,"vitrea",,"","Furuki",Accepted,,M,TRO,35206617,,"J. Hattori Bot. Lab.","70: 327. f. 15","327","1991"
tro-35211452,B,Aneuraceae,,Riccardia,,"wallisii",,"","(Stephani) Gradst.",Accepted,,M,TRO,35211452,,"J. Hattori Bot. Lab.","45: 130","130","1979"
tro-35206774,B,Aneuraceae,,Riccardia,,"wattsiana",,"","(Stephani) Hewson",Accepted,,M,TRO,35206774,,"Proc. Linn. Soc. New South Wales","95: 91","91","1970"
tro-35211797,B,Aneuraceae,,Riccardia,,"womersleyana",,"","Hewson",Accepted,,M,TRO,35211797,,"Proc. Linn. Soc. New South Wales","95: 98","98","1970"
tro-35206779,B,Aneuraceae,,Sarcomitrium,,"crassum",,"","(Nees) Mitt.",Accepted,,M,TRO,35206779,,"Fl. Nov.-Zel.","167","167","1855"
tro-35200240,B,Aneuraceae,,Sarcomitrium,,"plumosum",,"","Mitt.",Accepted,,M,TRO,35200240,,"Bonplandia","10: 19","19","1862"
tro-35210036,B,Aneuraceae,,Trichostylium,,"affine",,"","Corda",Unresolved,,L,TRO,35210036,,"Deutschl. Fl., Abt. II, Cryptog.","26–27: 116","116","1835"
