﻿ID,Major group,Family,Genus hybrid marker,Genus,Species hybrid marker,Species,Infraspecific rank,Infraspecific epithet,Authorship,Taxonomic status in TPL,Nomenclatural status from original data source,Confidence level,Source,Source id,IPNI id,Publication,Collation,Page,Date
kew-299922,A,Aponogetonaceae,,Aponogeton,,"abyssinicus",,"","Hochst. ex A.Rich.",Accepted,,H,WCSP,299922,602839-1,"Tent. Fl. Abyss.","2: 351","","1850"
kew-299927,A,Aponogetonaceae,,Aponogeton,,"afroviolaceus",,"","Lye",Accepted,,H,WCSP,299927,82930-1,"Bot. Not.","129: 68","","1976"
kew-299930,A,Aponogetonaceae,,Aponogeton,,"angustifolius",,"","Aiton",Accepted,,H,WCSP,299930,,"Hort. Kew.","1: 45","","1789"
kew-299931,A,Aponogetonaceae,,Aponogeton,,"appendiculatus",,"","H.Bruggen",Accepted,,H,WCSP,299931,82933-1,"Blumea","16: 265","","1968"
kew-299932,A,Aponogetonaceae,,Aponogeton,,"azureus",,"","H.Bruggen",Accepted,,H,WCSP,299932,82934-1,"Mitt. Bot. Staatssamml. München","12: 105","","1975"
kew-299933,A,Aponogetonaceae,,Aponogeton,,"bernierianus",,"","(Decne.) Hook.f.",Accepted,,H,WCSP,299933,602841-1,"Gen. Pl.","3: 1014","","1883"
kew-299935,A,Aponogetonaceae,,Aponogeton,,"bogneri",,"","H.Bruggen",Accepted,,H,WCSP,299935,82935-1,"Bull. Jard. Bot. Natl. Belg.","43: 207","","1973"
kew-299936,A,Aponogetonaceae,,Aponogeton,,"boivinianus",,"","Baill. ex Jum.",Accepted,,H,WCSP,299936,82936-1,"Ann. Mus. Colon. Marseille","III, 10(2): 9","","1922"
kew-299938,A,Aponogetonaceae,,Aponogeton,,"bruggenii",,"","S.R.Yadav & Govekar",Accepted,,H,WCSP,299938,979105-1,"Rheedea","4: 34","","1994"
kew-299939,A,Aponogetonaceae,,Aponogeton,,"bullosus",,"","H.Bruggen",Accepted,,H,WCSP,299939,82938-1,"Blumea","17: 125","","1969"
kew-299940,A,Aponogetonaceae,,Aponogeton,,"capuronii",,"","H.Bruggen",Accepted,,H,WCSP,299940,82939-1,"Blumea","16: 257","","1968"
kew-299941,A,Aponogetonaceae,,Aponogeton,,"cordatus",,"","Jum.",Accepted,,H,WCSP,299941,82941-1,"Ann. Mus. Colon. Marseille","III, 10(2): 13","","1922"
kew-299943,A,Aponogetonaceae,,Aponogeton,,"crispus",,"","Thunb.",Accepted,,H,WCSP,299943,602844-1,"Nov. Gen. Pl.","73","","1784"
kew-345976,A,Aponogetonaceae,,Aponogeton,,"cuneatus",,"","S.W.L.Jacobs",Accepted,,H,WCSP,345976,77079792-1,"Telopea","11: 130","","2006"
kew-299944,A,Aponogetonaceae,,Aponogeton,,"decaryi",,"","Jum. ex Humbert",Accepted,,H,WCSP,299944,,"Notul. Syst. (Paris)","11: 1","","1943"
kew-299945,A,Aponogetonaceae,,Aponogeton,,"desertorum",,"","Zeyh. ex Spreng.",Accepted,,H,WCSP,299945,82943-1,"Syst. Veg.","5(Suppl.): 14","","1828"
kew-299948,A,Aponogetonaceae,,Aponogeton,,"dioecus",,"","Bosser",Accepted,,H,WCSP,299948,82944-1,"Adansonia","n.s., 6: 156","","1966"
kew-299949,A,Aponogetonaceae,,Aponogeton,,"distachyos",,"","L.f.",Accepted,,H,WCSP,299949,60445154-2,"Suppl. Pl.","215","","1782"
tro-1900028,A,Aponogetonaceae,,Aponogeton,,"distachyus",,"","L. f.",Accepted,,M,TRO,1900028,,"Suppl. Pl.","214","214","1781"
kew-299953,A,Aponogetonaceae,,Aponogeton,,"eggersii",,"","Bogner & H.Bruggen",Accepted,,H,WCSP,299953,1021516-1,"Aqua Pl.","26: 63","","2001"
kew-299954,A,Aponogetonaceae,,Aponogeton,,"elongatus",,"","F.Muell. ex Benth.",Accepted,,H,WCSP,299954,602851-1,"Fl. Austral.","7: 188","","1878"
kew-299959,A,Aponogetonaceae,,Aponogeton,,"euryspermus",,"","Hellq. & S.W.L.Jacobs",Accepted,,H,WCSP,299959,1005463-1,"Telopea","8: 16","","1998"
kew-299964,A,Aponogetonaceae,,Aponogeton,,"fotianus",,"","J.Raynal",Accepted,,H,WCSP,299964,82947-1,"Adansonia","n.s., 9: 551","","1970"
kew-456431,A,Aponogetonaceae,,Aponogeton,,"fugax",,"","J.C.Manning & Goldblatt",Accepted,,H,WCSP,456431,77095219-1,"Bothalia","38: 156","","2008"
kew-461733,A,Aponogetonaceae,,Aponogeton,,"gottlebei",,"","Kasselm. & Bogner",Accepted,,H,WCSP,461733,77104688-1,"Aqua Pl.","33: 154","","2008"
kew-299971,A,Aponogetonaceae,,Aponogeton,,"hexatepalus",,"","H.Bruggen",Accepted,,H,WCSP,299971,82951-1,"Blumea","17: 136","","1969"
tro-1900002,A,Aponogetonaceae,,Aponogeton,,"indicus",,"","Roxb.",Unresolved,,L,TRO,1900002,,"","","",""
kew-299975,A,Aponogetonaceae,,Aponogeton,,"jacobsenii",,"","de Wit",Accepted,,H,WCSP,299975,,"Aquariumpl.","ed. 4: 120","","1983"
kew-299976,A,Aponogetonaceae,,Aponogeton,,"junceus",,"","Lehm. ex Schltdl.",Accepted,,H,WCSP,299976,,"Linnaea","10(Litt.): 76","","1836"
kew-299979,A,Aponogetonaceae,,Aponogeton,,"kimberleyensis",,"","Hellq. & S.W.L.Jacobs",Accepted,,H,WCSP,299979,1005462-1,"Telopea","8: 15","","1998"
kew-299981,A,Aponogetonaceae,,Aponogeton,,"lakhonensis",,"","A.Camus",Accepted,,H,WCSP,299981,82954-1,"Notul. Syst. (Paris)","1: 273","","1910"
kew-299982,A,Aponogetonaceae,,Aponogeton,,"lancesmithii",,"","Hellq. & S.W.L.Jacobs",Accepted,,H,WCSP,299982,1005461-1,"Telopea","8: 12","","1998"
kew-299987,A,Aponogetonaceae,,Aponogeton,,"longiplumulosus",,"","H.Bruggen",Accepted,,H,WCSP,299987,82955-1,"Blumea","16: 256","","1968"
kew-299988,A,Aponogetonaceae,,Aponogeton,,"loriae",,"","Martelli",Accepted,,H,WCSP,299988,602868-1,"Nuovo Giorn. Bot. Ital.","n.s., 3: 472","","1897"
kew-299991,A,Aponogetonaceae,,Aponogeton,,"madagascariensis",,"","(Mirb.) H.Bruggen",Accepted,,H,WCSP,299991,82957-1,"Blumea","16: 249","","1968"
kew-309293,A,Aponogetonaceae,,Aponogeton,,"masoalaensis",,"","Bogner",Accepted,,H,WCSP,309293,,"Aqua Pl.","27: 137","","2002"
kew-299997,A,Aponogetonaceae,,Aponogeton,,"natalensis",,"","Oliv.",Accepted,,H,WCSP,299997,,"Hooker's Icon. Pl.","15: t. 1471","","1884"
kew-299998,A,Aponogetonaceae,,Aponogeton,,"natans",,"","(L.) Engl. & K.Krause",Accepted,,L,WCSP,299998,,"Pflanzenr.","IV, 13: 11","","1906"
kew-299999,A,Aponogetonaceae,,Aponogeton,,"nudiflorus",,"","Peter",Accepted,,H,WCSP,299999,,"Abh. Preuss. Akad. Wiss., Phys.-Math. Kl.","n.f., 13(2): 40","","1928"
kew-300003,A,Aponogetonaceae,,Aponogeton,,"proliferus",,"","Hellq. & S.W.L.Jacobs",Accepted,,H,WCSP,300003,1005460-1,"Telopea","8: 11","","1998"
kew-300006,A,Aponogetonaceae,,Aponogeton,,"queenslandicus",,"","H.Bruggen",Accepted,,H,WCSP,300006,82963-1,"Blumea","17: 123","","1969"
kew-300007,A,Aponogetonaceae,,Aponogeton,,"ranunculiflorus",,"","Jacot Guill. & Marais",Accepted,,H,WCSP,300007,82964-1,"Kew Bull.","27: 563","","1972"
kew-300008,A,Aponogetonaceae,,Aponogeton,,"rehmannii",,"","Oliv.",Accepted,,H,WCSP,300008,602876-1,"Hooker's Icon. Pl.","15: t. 1471B","","1884"
kew-300009,A,Aponogetonaceae,,Aponogeton,,"rigidifolius",,"","H.Bruggen",Accepted,,H,WCSP,300009,82965-1,"Meded. Landbouwhoogeschool","6(6): 91","","1962"
kew-300010,A,Aponogetonaceae,,Aponogeton,,"robinsonii",,"","A.Camus",Accepted,,H,WCSP,300010,82966-1,"Notul. Syst. (Paris)","2: 203","","1912"
kew-300011,A,Aponogetonaceae,,Aponogeton,,"satarensis",,"","Sundararagh., A.R.Kulk. & S.R.Yadav",Accepted,,H,WCSP,300011,899184-1,"Kew Bull.","36: 687","","1982"
kew-309294,A,Aponogetonaceae,,Aponogeton,,"schatzianus",,"","Bogner & H.Bruggen",Accepted,,H,WCSP,309294,60431907-2,"Aqua Pl.","26: 155","","2001"
tro-100148933,A,Aponogetonaceae,,Aponogeton,,"setaceus",,"","E. Mey. ex Hook. f.",Unresolved,,L,TRO,100148933,,"Bot. Mag.","104: t. 6399","","1878"
kew-300014,A,Aponogetonaceae,,Aponogeton,,"stuhlmannii",,"","Engl.",Accepted,,H,WCSP,300014,602878-1,"Notizbl. Königl. Bot. Gart. Berlin","1: 26","","1895"
kew-300015,A,Aponogetonaceae,,Aponogeton,,"subconjugatus",,"","Schumach. & Thonn.",Accepted,,H,WCSP,300015,82968-1,"Beskr. Guin. Pl.","183","","1827"
kew-300017,A,Aponogetonaceae,,Aponogeton,,"tenuispicatus",,"","H.Bruggen",Accepted,,H,WCSP,300017,,"Blumea","16: 253","","1968"
kew-345977,A,Aponogetonaceae,,Aponogeton,,"tofus",,"","S.W.L.Jacobs",Accepted,,H,WCSP,345977,77079793-1,"Telopea","11: 131","","2006"
kew-300018,A,Aponogetonaceae,,Aponogeton,,"troupinii",,"","J.Raynal",Accepted,,H,WCSP,300018,82970-1,"Adansonia","n.s., 6: 153","","1966"
kew-300019,A,Aponogetonaceae,,Aponogeton,,"ulvaceus",,"","Baker",Accepted,,H,WCSP,300019,602879-1,"J. Linn. Soc., Bot.","18: 279","","1881"
kew-300020,A,Aponogetonaceae,,Aponogeton,,"undulatus",,"","Roxb.",Accepted,,H,WCSP,300020,60447170-2,"Fl. Ind. ed. 1832","2: 211","","1832"
kew-300021,A,Aponogetonaceae,,Aponogeton,,"vallisnerioides",,"","Baker",Accepted,,H,WCSP,300021,,"Trans. Linn. Soc. London, Bot.","2: 158","","1875"
kew-300022,A,Aponogetonaceae,,Aponogeton,,"vanbruggenii",,"","Hellq. & S.W.L.Jacobs",Accepted,,H,WCSP,300022,1005464-1,"Telopea","8: 17","","1998"
kew-300025,A,Aponogetonaceae,,Aponogeton,,"viridis",,"","Jum.",Accepted,,H,WCSP,300025,,"Ann. Mus. Colon. Marseille","III, 10(2): 10","","1920"
kew-300026,A,Aponogetonaceae,,Aponogeton,,"womersleyi",,"","H.Bruggen",Accepted,,H,WCSP,300026,82974-1,"Blumea","18: 477","","1970"
tro-1900015,A,Aponogetonaceae,,Ouvirandra,,"bernieriana",,"","Hook.",Accepted,,M,TRO,1900015,,"Bot. Mag.","t. 5076","","1858"
