﻿ID,Major group,Family,Genus hybrid marker,Genus,Species hybrid marker,Species,Infraspecific rank,Infraspecific epithet,Authorship,Taxonomic status in TPL,Nomenclatural status from original data source,Confidence level,Source,Source id,IPNI id,Publication,Collation,Page,Date
kew-275798,A,Asteliaceae,,Astelia,,"alpina",,"","R.Br.",Accepted,,H,WCSP,275798,531603-1,"Prodr. Fl. Nov. Holl.","291","","1810"
kew-275799,A,Asteliaceae,,Astelia,,"alpina",var.,"novae-hollandiae","Skottsb.",Accepted,,L,WCSP,275799,,"Kongl. Svenska Vetensk. Acad. Handl.","III, 14(2): 28","","1934"
kew-275800,A,Asteliaceae,,Astelia,,"argyrocoma",,"","A.Heller ex Skottsb.",Accepted,,H,WCSP,275800,,"Bernice P. Bishop Mus. Bull.","117: 31","","1934"
kew-275801,A,Asteliaceae,,Astelia,,"australiana",,"","(J.H.Willis) L.B.Moore",Accepted,,H,WCSP,275801,531606-1,"New Zealand J. Bot.","4: 229","","1966"
kew-275803,A,Asteliaceae,,Astelia,,"banksii",,"","A.Cunn.",Accepted,,H,WCSP,275803,531608-1,"Companion Bot. Mag.","2: 374","","1837"
kew-275804,A,Asteliaceae,,Astelia,,"chathamica",,"","(Skottsb.) L.B.Moore",Accepted,,H,WCSP,275804,531609-1,"New Zealand J. Bot.","4: 228","","1966"
kew-275810,A,Asteliaceae,,Astelia,,"fragrans",,"","Colenso",Accepted,,H,WCSP,275810,531614-1,"Trans. & Proc. New Zealand Inst.","15: 333","","1883"
kew-275812,A,Asteliaceae,,Astelia,,"graminea",,"","L.B.Moore",Accepted,,H,WCSP,275812,531616-1,"New Zealand J. Bot.","4: 222","","1966"
kew-275814,A,Asteliaceae,,Astelia,,"grandis",,"","Hook.f. ex Kirk",Accepted,,H,WCSP,275814,531618-1,"Trans. & Proc. New Zealand Inst.","1: 93","","1968"
kew-275816,A,Asteliaceae,,Astelia,,"hemichrysa",,"","(Lam.) Kunth",Accepted,,H,WCSP,275816,531621-1,"Enum. Pl.","5: 56","","1850"
kew-275819,A,Asteliaceae,,Astelia,,"linearis",,"","Hook.f.",Accepted,,H,WCSP,275819,531624-1,"Fl. Antarct.","76","","1844"
kew-275820,A,Asteliaceae,,Astelia,,"linearis",var.,"novae-zelandiae","Skottsb.",Accepted,,L,WCSP,275820,,"Kongl. Svenska Vetensk. Acad. Handl.","III, 14(2): 32","","1934"
kew-275823,A,Asteliaceae,,Astelia,,"menziesiana",,"","Sm.",Accepted,,H,WCSP,275823,,"Cycl.","39: app.","","1819"
kew-275829,A,Asteliaceae,,Astelia,,"nadeaudii",,"","Drake",Accepted,,H,WCSP,275829,531632-1,"Ill. Fl. Ins. Pacif.","319","","1892"
kew-275831,A,Asteliaceae,,Astelia,,"neocaledonica",,"","Schltr.",Accepted,,H,WCSP,275831,531635-1,"Bot. Jahrb. Syst.","39: 30","","1906"
kew-275832,A,Asteliaceae,,Astelia,,"nervosa",,"","Banks & Sol. ex Hook.f.",Accepted,,H,WCSP,275832,531636-1,"Fl. Nov.-Zel.","1: 260","","1853"
kew-275838,A,Asteliaceae,,Astelia,,"nivicola",,"","Cockayne ex Cheeseman",Accepted,,H,WCSP,275838,531637-1,"Man. New Zealand Fl.","ed. 2: 319","","1925"
kew-275841,A,Asteliaceae,,Astelia,,"papuana",,"","Skottsb.",Accepted,,H,WCSP,275841,531639-1,"Kongl. Svenska Vetensk. Acad. Handl.","III, 14(2): 29","","1934"
kew-275842,A,Asteliaceae,,Astelia,,"petriei",,"","Cockayne",Accepted,,H,WCSP,275842,531640-1,"Trans. & Proc. New Zealand Inst.","31: 419","","1899"
kew-275845,A,Asteliaceae,,Astelia,,"psychrocharis",,"","F.Muell.",Accepted,,H,WCSP,275845,149300-3,"Trans. & Proc. Victorian Inst. Advancem. Sci.","1854-1855: 135","","1855"
kew-275846,A,Asteliaceae,,Astelia,,"pumila",,"","(J.R.Forst.) Gaudich.",Accepted,,H,WCSP,275846,531645-1,"Ann. Sci. Nat. (Paris)","5: 101","","1825"
kew-275848,A,Asteliaceae,,Astelia,,"rapensis",,"","Skottsb.",Accepted,,H,WCSP,275848,531647-1,"Occas. Pap. Bernice Pauahi Bishop Mus.","13: 240","","1937"
kew-275852,A,Asteliaceae,,Astelia,,"skottsbergii",,"","L.B.Moore",Accepted,,H,WCSP,275852,531652-1,"New Zealand J. Bot.","4: 218","","1966"
kew-275853,A,Asteliaceae,,Astelia,,"solandri",,"","A.Cunn.",Accepted,,H,WCSP,275853,531653-1,"Companion Bot. Mag.","2: 374","","1837"
kew-275858,A,Asteliaceae,,Astelia,,"subulata",,"","(Hook.f.) Cheeseman",Accepted,,H,WCSP,275858,531657-1,"Subantarctic Isl. N. Zeal.","2: 429","","1909"
kew-275859,A,Asteliaceae,,Astelia,,"tovii",,"","F.Br.",Accepted,,H,WCSP,275859,531658-1,"Bernice P. Bishop Mus. Bull.","84: 146","","1931"
kew-275860,A,Asteliaceae,,Astelia,,"trinervia",,"","Kirk",Accepted,,H,WCSP,275860,531659-1,"Trans. & Proc. New Zealand Inst.","1: 93","","1868"
kew-275862,A,Asteliaceae,,Astelia,,"waialealae",,"","Wawra",Accepted,,H,WCSP,275862,,"Flora","58: 243","","1875"
kew-302998,A,Asteliaceae,,Collospermum,,"hastatum",,"","(Colenso) Skottsb.",Accepted,,H,WCSP,302998,533433-1,"Kongl. Svenska Vetensk. Acad. Handl.","III, 14(2): 77","","1934"
kew-302999,A,Asteliaceae,,Collospermum,,"microspermum",,"","(Colenso) Skottsb.",Accepted,,H,WCSP,302999,533434-1,"Kongl. Svenska Vetensk. Acad. Handl.","III, 14(2): 82","","1934"
kew-303000,A,Asteliaceae,,Collospermum,,"montanum",,"","(Seem.) Skottsb.",Accepted,,H,WCSP,303000,533435-1,"Kongl. Svenska Vetensk. Acad. Handl.","III, 14(2): 73","","1934"
kew-303001,A,Asteliaceae,,Collospermum,,"samoense",,"","Skottsb.",Accepted,,H,WCSP,303001,533436-1,"Kongl. Svenska Vetensk. Acad. Handl.","III, 14(2): 75","","1934"
kew-303002,A,Asteliaceae,,Collospermum,,"spicatum",,"","(Colenso) Skottsb.",Accepted,,H,WCSP,303002,533437-1,"Kongl. Svenska Vetensk. Acad. Handl.","III, 14(2): 80","","1934"
kew-281586,A,Asteliaceae,,Milligania,,"densiflora",,"","Hook.f.",Accepted,,H,WCSP,281586,538377-1,"Hooker's J. Bot. Kew Gard. Misc.","5: 298","","1853"
kew-281587,A,Asteliaceae,,Milligania,,"johnstonii",,"","F.Muell. ex Benth.",Accepted,,H,WCSP,281587,538378-1,"Fl. Austral.","7: 26","","1878"
kew-281494,A,Asteliaceae,,Milligania,,"lindoniana",,"","Rodway ex W.M.Curtis",Accepted,,H,WCSP,281494,538379-1,"Rec. Queen Victoria Mus.","45: 1","","1972"
kew-281517,A,Asteliaceae,,Milligania,,"longifolia",,"","Hook.f.",Accepted,,H,WCSP,281517,538380-1,"Hooker's J. Bot. Kew Gard. Misc.","5: 297","","1853"
kew-281514,A,Asteliaceae,,Milligania,,"stylosa",,"","(F.Muell. ex Hook.f.) F.Muell. ex Benth.",Accepted,,H,WCSP,281514,538381-1,"Fl. Austral.","7: 27","","1878"
kew-282783,A,Asteliaceae,,Neoastelia,,"spectabilis",,"","J.B.Williams",Accepted,,H,WCSP,282783,932596-1,"in Fl. Australia","45: 493","","1987"
