﻿ID,Major group,Family,Genus hybrid marker,Genus,Species hybrid marker,Species,Infraspecific rank,Infraspecific epithet,Authorship,Taxonomic status in TPL,Nomenclatural status from original data source,Confidence level,Source,Source id,IPNI id,Publication,Collation,Page,Date
kew-2620026,A,Balanophoraceae,,Acroblastum,,"ambavanense",,"","Venkatareddi",Unresolved,,L,WCSP (in review),752400,,"Willdenowia","5: 389","","1969"
kew-2647075,A,Balanophoraceae,,Archimedea,,"pyramidalis",,"","Leandro",Unresolved,,L,WCSP (in review),779140,103190-1,"Ann. Sci. Nat., Bot.","II, 7: 32","","1837"
kew-2667977,A,Balanophoraceae,,Balaniella,,"junghuehnii",,"","Tiegh.",Unresolved,,L,WCSP (in review),799929,103214-1,"Ann. Sci. Nat., Bot.","IX, 6: 185","","1907"
kew-2668013,A,Balanophoraceae,,Balanophora,,"abbreviata",,"","Blume",Accepted,,M,WCSP (in review),799965,103224-1,"Enum. Pl. Javae","1: 87","","1827"
kew-2668020,A,Balanophoraceae,,Balanophora,,"capensis",,"","Eckl. & Zeyh. ex Eichler",Unresolved,,L,WCSP (in review),799972,103231-1,"Prodr.","17: 125","","1873"
kew-2668026,A,Balanophoraceae,,Balanophora,,"dentata",,"","Tiegh.",Unresolved,,L,WCSP (in review),799978,103235-1,"Ann. Sci. Nat., Bot.","IX, 6: 151","","1907"
kew-2668027,A,Balanophoraceae,,Balanophora,,"dioica",,"","R.Br. ex Royle",Accepted,,M,WCSP (in review),799979,,"Ill. Bot. Himal. Mts.","330","","1836"
kew-2668032,A,Balanophoraceae,,Balanophora,,"elongata",,"","Blume",Accepted,,M,WCSP (in review),799984,103242-1,"Enum. Pl. Javae","1: 87","","1827"
kew-2668034,A,Balanophoraceae,,Balanophora,,"elongata",var.,"ungeriana","(Valeton) B.Hansen",Accepted,,L,WCSP (in review),799986,874634-1,"Dansk Bot. Ark.","28: 120","","1972"
kew-2668036,A,Balanophoraceae,,Balanophora,,"fargesii",,"","(Tiegh.) Harms",Accepted,,M,WCSP (in review),799988,,"Nat. Pflanzenfam. ed. 2","16b: 332","","1935"
kew-2668043,A,Balanophoraceae,,Balanophora,,"fungosa",,"","J.R.Forst. & G.Forst.",Accepted,,M,WCSP (in review),799995,103250-1,"Char. Gen. Pl.","50","","1775"
kew-2668045,A,Balanophoraceae,,Balanophora,,"fungosa",var.,"globosa","(Jungh.) B.Hansen",Accepted,,L,WCSP (in review),799997,874635-1,"Dansk Bot. Ark.","28: 109","","1972"
kew-2668046,A,Balanophoraceae,,Balanophora,,"fungosa",subsp.,"indica","(Arn.) B.Hansen",Accepted,,L,WCSP (in review),799998,874636-1,"Dansk Bot. Ark.","28: 100","","1972"
kew-2668050,A,Balanophoraceae,,Balanophora,,"fungosa",var.,"minor","(Eichler) B.Hansen",Accepted,,L,WCSP (in review),800002,874637-1,"Dansk Bot. Ark.","28: 106","","1972"
kew-2668055,A,Balanophoraceae,,Balanophora,,"harlandii",,"","Hook.f.",Accepted,,L,WCSP (in review),800007,103255-1,"Trans. Linn. Soc. London","22: 426","","1859"
kew-2668070,A,Balanophoraceae,,Balanophora,,"involucrata",,"","Hook.f. & Thomson",Accepted,,M,WCSP (in review),800022,,"Trans. Linn. Soc. London","22: 30","","1859"
kew-2668075,A,Balanophoraceae,,Balanophora,,"japonica",,"","Makino",Accepted,,M,WCSP (in review),800027,103264-1,"Bot. Mag. (Tokyo)","16: 212","","1902"
kew-2668085,A,Balanophoraceae,,Balanophora,,"latisepala",,"","(Tiegh.) Lecomte",Accepted,,M,WCSP (in review),800037,,"Fl. Indo-Chine","5: 228","","1915"
kew-2668086,A,Balanophoraceae,,Balanophora,,"laxiflora",,"","Hemsl.",Accepted,,M,WCSP (in review),800038,103272-1,"J. Linn. Soc., Bot.","26: 410","","1894"
kew-2668087,A,Balanophoraceae,,Balanophora,,"lowii",,"","Hook.f.",Accepted,,M,WCSP (in review),800039,103273-1,"Trans. Linn. Soc. London","22: 426","","1859"
kew-2668096,A,Balanophoraceae,,Balanophora,,"nipponica",,"","Makino",Accepted,,M,WCSP (in review),800048,103281-1,"Bot. Mag. (Tokyo)","23: 59","","1909"
kew-2668100,A,Balanophoraceae,,Balanophora,,"papuana",,"","Schltr.",Accepted,,M,WCSP (in review),800052,103285-1,"Bot. Jahrb. Syst.","50: 68","","1913"
kew-2668107,A,Balanophoraceae,,Balanophora,,"pierrei",,"","Lecomte",Unresolved,,L,WCSP (in review),800059,103292-1,"Fl. Indo-Chine","5: 225","","1915"
kew-2668109,A,Balanophoraceae,,Balanophora,,"polyandra",,"","Griff.",Accepted,,M,WCSP (in review),800061,,"Trans. Linn. Soc. London","20: 94","","1851"
kew-2668111,A,Balanophoraceae,,Balanophora,,"reflexa",,"","Becc.",Accepted,,M,WCSP (in review),800063,103295-1,"Atti Soc. Ital. Sci. Nat.","11: 197","","1868"
kew-2668119,A,Balanophoraceae,,Balanophora,,"subcupularis",,"","P.C.Tam",Accepted,,M,WCSP (in review),800071,,"Fl. Fujianica","1: 602","","1982"
kew-2668123,A,Balanophoraceae,,Balanophora,,"tobiracola",,"","Makino",Accepted,,M,WCSP (in review),800075,103300-1,"Bot. Mag. (Tokyo)","24: 290","","1910"
kew-2668129,A,Balanophoraceae,,Balanophora,,"wilderi",,"","Setch.",Accepted,,M,WCSP (in review),800081,103306-1,"Bernice P. Bishop Mus. Bull.","86: 47","","1931"
kew-2668131,A,Balanophoraceae,,Balanophora,,"yakushimensis",,"","Hatus. & Masam.",Accepted,,M,WCSP (in review),800083,103308-1,"J. Geobot.","19: 61","","1971"
kew-2676883,A,Balanophoraceae,,Bivolva,,"cathcartii",,"","Tiegh.",Unresolved,,L,WCSP (in review),808667,103310-1,"Ann. Sci. Nat., Bot.","IX, 6: 205","","1907"
kew-2676885,A,Balanophoraceae,,Bivolva,,"flava",,"","Tiegh.",Unresolved,,L,WCSP (in review),808669,103312-1,"Ann. Sci. Nat., Bot.","IX, 6: 205","","1907"
kew-2677495,A,Balanophoraceae,,Blepharochlamys,,"capensis",,"","C.Presl",Unresolved,,L,WCSP (in review),809228,103315-1,"Epimel. Bot.","246","","1851"
kew-2719085,A,Balanophoraceae,,Chlamydophytum,,"aphyllum",,"","Mildbr.",Accepted,,M,WCSP (in review),849495,103321-1,"Verh. Bot. Vereins Prov. Brandenburg","67: 196","","1925"
kew-2739505,A,Balanophoraceae,,Corynaea,,"crassa",,"","Hook.f.",Accepted,,M,WCSP (in review),869779,103322-1,"Trans. Linn. Soc. London","22: 31","","1856"
kew-2739506,A,Balanophoraceae,,Corynaea,,"crassa",var.,"sprucei","(Eichler) B.Hansen",Accepted,,L,WCSP (in review),869780,874638-1,"Bot. Tidsskr.","72: 188","","1978"
kew-2755201,A,Balanophoraceae,,Dactylanthus,,"taylorii",,"","Hook.f.",Accepted,,M,WCSP (in review),884879,103338-1,"Trans. Linn. Soc. London","22: 425","","1859"
kew-2773524,A,Balanophoraceae,,Ditepalanthus,,"afzelii",,"","Fagerl.",Accepted,,M,WCSP (in review),901635,103339-1,"Ark. Bot.","29A(7): 13","","1939"
kew-2773525,A,Balanophoraceae,,Ditepalanthus,,"malagasicus",,"","(Jum. & H.Perrier) Fagerl.",Accepted,,M,WCSP (in review),901636,103340-1,"Ark. Bot.","29A(7): 14","","1939"
kew-2806312,A,Balanophoraceae,,Exorhopala,,"ruficeps",,"","(Ridl.) Steenis",Accepted,,L,WCSP (in review),933959,103341-1,"Handel. Zesde Ned.-Ind. Natuurwetensch. Congr., Bandoeng (Java)","470","","1931"
kew-2837373,A,Balanophoraceae,,Hachettea,,"austrocaledonica",,"","Baill.",Unresolved,,L,WCSP (in review),964666,103342-1,"Bull. Mens. Soc. Linn. Paris","1: 230","","1880"
kew-2844928,A,Balanophoraceae,,Helosis,,"cayennensis",,"","(Sw.) Spreng.",Accepted,,L,WCSP (in review),972170,103346-1,"Syst. Veg.","3: 765","","1826"
kew-2844929,A,Balanophoraceae,,Helosis,,"cayennensis",var.,"mexicana","(Liebm.) B.Hansen",Accepted,,L,WCSP (in review),972171,119703-2,"Bot. Tidsskr.","72: 188","","1978"
tro-50267317,A,Balanophoraceae,,Ichthyosma,,"wehdemanni",,"","Schltdl.",Unresolved,,L,TRO,50267317,,"Linnaea","2: 671","671","1827"
kew-2904620,A,Balanophoraceae,,Langsdorffia,,"heterotepala",,"","L.J.T.Cardoso, R.J.V.Alves & J.M.A.Braga",Unresolved,,L,WCSP (in review),1027076,,"Syst. Bot.","36: 424","","2011"
kew-2342499,A,Balanophoraceae,,Langsdorffia,,"hypogaea",,"","Mart.",Accepted,,M,WCSP (in review),482066,315558-2,"J. Brasil.","2: 178","","1818"
tro-3000016,A,Balanophoraceae,,Langsdorffia,,"malagasica",,"","(Fawc.) B. Hansen",Accepted,,M,TRO,3000016,103365-1,"Bot. Tidsskr.","69: 59","59","1974"
kew-2342414,A,Balanophoraceae,,Langsdorffia,,"papuana",,"","R.Geesink",Unresolved,,L,WCSP (in review),481981,103367-1,"Acta Bot. Neerl.","21: 104","","1972"
tro-50158421,A,Balanophoraceae,,Lathrophytum,,"peckoltii",,"","Eichler",Accepted,,M,TRO,50158421,,"Bot. Zeitung (Berlin)","26: 550, t. 9, f. 1–10, 12–15","550","1868"
tro-3000081,A,Balanophoraceae,,Lophophytum,,"leandrii",,"","Eichler",Accepted,,M,TRO,3000081,103371-1,"Fl. Bras.","4(2): 59, pl. 15","59","1869"
tro-3000064,A,Balanophoraceae,,Lophophytum,,"mirabile",,"","Schott & Endl.",Accepted,,M,TRO,3000064,103373-1,"Melet. Bot.","1, t. 1","1","1832"
kew-2342429,A,Balanophoraceae,,Lophophytum,,"rizzoi",,"","Delprete",Accepted,,M,WCSP (in review),481996,77061514-1,"Kew Bull.","59: 292","","2004"
tro-3000051,A,Balanophoraceae,,Lophophytum,,"weddellii",,"","Hook. f.",Accepted,,M,TRO,3000051,103374-1,"Trans. Linn. Soc. London","2: 30, 49, t. 9","30","1856"
kew-2342422,A,Balanophoraceae,,Lytogomphus,,"stilbifer",,"","Jungh. ex Göpp.",Unresolved,,L,WCSP (in review),481989,,"Nov. Actorum Acad. Caes. Leop.-Carol. Nat. Cur.","22(1): 121","","1847"
tro-3000038,A,Balanophoraceae,,Mystropetalon,,"thomii",,"","Harv.",Accepted,,M,TRO,3000038,,"","","",""
tro-3000068,A,Balanophoraceae,,Ombrophytum,,"microlepis",,"","B. Hansen",Accepted,,M,TRO,3000068,173813-2,"Fl. Neotrop.","23: 60, f. 8, 23–25","60","1980"
tro-3000020,A,Balanophoraceae,,Ombrophytum,,"peruvianum",,"","Poepp. & Endl.",Accepted,,M,TRO,3000020,,"Nov. Gen. Sp. Pl.","2: 40, pl. 155","40","1838"
tro-3000045,A,Balanophoraceae,,Ombrophytum,,"subterraneum",,"","(Aspl.) B. Hansen",Accepted,,M,TRO,3000045,173814-2,"Fl. Neotrop.","23: 62","62","1980"
kew-2390655,A,Balanophoraceae,,Ombrophytum,,"ulei",,"","Harms",Unresolved,,L,WCSP (in review),529218,103382-1,"Nat. Pflanzenfam. ed. 2","16b: 328","","1935"
tro-3000066,A,Balanophoraceae,,Ombrophytum,,"violaceum",,"","B. Hansen",Accepted,,M,TRO,3000066,103383-1,"Bot. Tidsskr.","71(3–4): 231–234, f. 1–3","231","1977"
kew-2415428,A,Balanophoraceae,,Phyllocoryne,,"glaziovii",,"","Tiegh.",Unresolved,,L,WCSP (in review),553724,195129-2,"Bull. Soc. Bot. France","43: 298","","1896"
kew-2404487,A,Balanophoraceae,,Polyplethia,,"hexamera",,"","Tiegh.",Unresolved,,L,WCSP (in review),542953,103389-1,"Ann. Sci. Nat., Bot.","IX, 6: 195","","1907"
kew-2404486,A,Balanophoraceae,,Polyplethia,,"morrisonicola",,"","(Hayata) Nakai",Unresolved,,L,WCSP (in review),542952,103391-1,"J. Jap. Bot.","15: 748","","1939"
tro-3000128,A,Balanophoraceae,,Rhopalocnemis,,"phalloides",,"","Jungh.",Accepted,,M,TRO,3000128,103397-1,"Nov. Actorum Acad. Caes. Leop.-Carol. Nat. Cur.","18(Suppl. 1): 215","215","1841"
tro-3000041,A,Balanophoraceae,,Sarcophyte,,"sanguinea",,"","Sparrm.",Accepted,,M,TRO,3000041,103400-1,"Kongl. Vetensk. Acad. Handl.","37: 300, t. 7","300","1776"
tro-3000083,A,Balanophoraceae,,Sarcophyte,,"sanguinea",subsp.,"piriei","(Hutch.) B. Hansen",Accepted,,L,TRO,3000083,952455-1,"Bot. Jahrb. Syst.","106: 366","366","1986"
tro-3000072,A,Balanophoraceae,,Scybalium,,"depressum",,"","(Hook. f.) Eichler",Accepted,,M,TRO,3000072,103401-1,"Prodr.","17: 133","133","1873"
tro-50158410,A,Balanophoraceae,,Scybalium,,"fungiforme",,"","Schott & Endl.",Accepted,,M,TRO,50158410,103402-1,"Melet. Bot.","3, pl. 2","3","1832"
tro-50158414,A,Balanophoraceae,,Scybalium,,"glaziovii",,"","Eichler",Accepted,,M,TRO,50158414,231236-2,"Prodr.","17: 133","133","1873"
tro-3000018,A,Balanophoraceae,,Scybalium,,"jamaicense",,"","(Sw.) Schott & Endl.",Accepted,,L,TRO,3000018,1063421-2,"Melet. Bot.","12:","","1832"
kew-2437251,A,Balanophoraceae,,Thonningia,,"sanguinea",,"","Vahl",Accepted,,M,WCSP (in review),574921,329935-2,"Skr. Naturhist.-Selsk.","6: 125","","1810"
