﻿ID,Major group,Family,Genus hybrid marker,Genus,Species hybrid marker,Species,Infraspecific rank,Infraspecific epithet,Authorship,Taxonomic status in TPL,Nomenclatural status from original data source,Confidence level,Source,Source id,IPNI id,Publication,Collation,Page,Date
kew-24842,A,Brunelliaceae,,Brunellia,,"acostae",,"","Cuatrec.",Accepted,,H,WCSP,24842,37446-2,"Phytologia","4: 484","","1954"
kew-24844,A,Brunelliaceae,,Brunellia,,"acutangula",,"","Bonpl.",Accepted,,H,WCSP,24844,813631-1,"Pl. Aequinoct.","1: 216","","1808"
kew-24845,A,Brunelliaceae,,Brunellia,,"almaguerensis",,"","Cuatrec.",Accepted,,H,WCSP,24845,126245-1,"Fl. Neotrop. Monogr.","2: 156","","1970"
kew-24846,A,Brunelliaceae,,Brunellia,,"amayensis",,"","C.I.Orozco",Accepted,,H,WCSP,24846,273527-2,"Caldasia","15(71-75): 177","","1986"
kew-24847,A,Brunelliaceae,,Brunellia,,"antioquensis",,"","(Cuatrec.) Cuatrec.",Accepted,,H,WCSP,24847,942326-1,"Fl. Neotrop. Monogr.","2(Suppl.): 48","","1985"
kew-24848,A,Brunelliaceae,,Brunellia,,"boliviana",,"","Britton ex Rusby",Accepted,,H,WCSP,24848,37448-2,"Mem. Torrey Bot. Club","3(3): 13","","1893"
kew-24850,A,Brunelliaceae,,Brunellia,,"boliviana",var.,"brittonii","(Rusby) Cuatrec.",Accepted,,L,WCSP,24850,952240-1,"Fl. Neotrop. Monogr.","2(Suppl.): 79","","1985"
kew-24851,A,Brunelliaceae,,Brunellia,,"boqueronensis",,"","Cuatrec.",Accepted,,H,WCSP,24851,37449-2,"Fl. Neotrop. Monogr.","2: 174","","1970"
kew-24852,A,Brunelliaceae,,Brunellia,,"briquetii",,"","Baehni",Accepted,,H,WCSP,24852,37450-2,"Candollea","7: 361","","1938"
tro-50095553,A,Brunelliaceae,,Brunellia,,"brunellia",,"","Hook. & Arn.",Unresolved,,L,TRO,50095553,,"Bot. Beechey Voy.","282","282","1841"
kew-24854,A,Brunelliaceae,,Brunellia,,"brunnea",,"","J.F.Macbr.",Accepted,,H,WCSP,24854,37452-2,"Candollea","5: 361","","1934"
kew-24857,A,Brunelliaceae,,Brunellia,,"cayambensis",,"","Cuatrec.",Accepted,,H,WCSP,24857,126251-1,"Fl. Neotrop. Monogr.","2: 115","","1970"
kew-24858,A,Brunelliaceae,,Brunellia,,"colombiana",,"","Cuatrec.",Accepted,,H,WCSP,24858,37455-2,"Revista Acad. Colomb. Ci. Exact.","5: 33","","1942"
kew-24859,A,Brunelliaceae,,Brunellia,,"comocladifolia",,"","Bonpl.",Accepted,,H,WCSP,24859,813633-1,"Pl. Aequinoct.","1: 211","","1808"
kew-24865,A,Brunelliaceae,,Brunellia,,"comocladifolia",subsp.,"funckiana","(Tul.) Cuatrec.",Accepted,,L,WCSP,24865,37460-2,"Fl. Neotrop. Monogr.","2: 69","","1979"
kew-24867,A,Brunelliaceae,,Brunellia,,"comocladifolia",subsp.,"jamaicensis","Cuatrec.",Accepted,,L,WCSP,24867,37462-2,"Fl. Neotrop. Monogr.","2: 72","","1970"
kew-24869,A,Brunelliaceae,,Brunellia,,"comocladifolia",subsp.,"ptariana","(Steyerm.) Cuatrec.",Accepted,,L,WCSP,24869,37464-2,"Fl. Neotrop. Monogr.","2: 70","","1970"
kew-24870,A,Brunelliaceae,,Brunellia,,"coroicoana",,"","Cuatrec.",Accepted,,H,WCSP,24870,37465-2,"Fl. Neotrop. Monogr.","2: 85","","1970"
kew-24871,A,Brunelliaceae,,Brunellia,,"costaricensis",,"","Standl.",Accepted,,H,WCSP,24871,37466-2,"J. Wash. Acad. Sci.","17: 165","","1927"
kew-24872,A,Brunelliaceae,,Brunellia,,"crenata",,"","Engl.",Unresolved,,L,WCSP,24872,37467-2,"Nat. Pflanzenfam.","Nachtr. 1: 184","","1897"
kew-24873,A,Brunelliaceae,,Brunellia,,"cuatrecasana",,"","C.I.Orozco",Accepted,,H,WCSP,24873,273531-2,"Fl. Neotrop. Monogr.","2(Suppl.): 20","","1985"
kew-24874,A,Brunelliaceae,,Brunellia,,"cutervensis",,"","Cuatrec.",Accepted,,H,WCSP,24874,273532-2,"Fl. Neotrop. Monogr.","2(Suppl.): 64","","1985"
kew-24875,A,Brunelliaceae,,Brunellia,,"cuzcoensis",,"","Cuatrec.",Accepted,,H,WCSP,24875,37468-2,"Fl. Neotrop. Monogr.","2: 143","","1970"
kew-24877,A,Brunelliaceae,,Brunellia,,"dichapetaloides",,"","J.F.Macbr.",Accepted,,H,WCSP,24877,37470-2,"Candollea","5: 361","","1934"
kew-24879,A,Brunelliaceae,,Brunellia,,"dulcis",,"","J.F.Macbr.",Accepted,,H,WCSP,24879,37471-2,"Candollea","5: 362","","1934"
kew-24880,A,Brunelliaceae,,Brunellia,,"ecuadoriensis",,"","Cuatrec.",Accepted,,H,WCSP,24880,37472-2,"Fieldiana, Bot.","27: 77","","1951"
kew-24881,A,Brunelliaceae,,Brunellia,,"elliptica",,"","Cuatrec.",Accepted,,H,WCSP,24881,37473-2,"Revista Acad. Colomb. Ci. Exact.","5: 35","","1942"
kew-24882,A,Brunelliaceae,,Brunellia,,"espinalii",,"","Cuatrec.",Accepted,,H,WCSP,24882,273534-2,"Fl. Neotrop. Monogr.","2(Suppl.): 95","","1985"
kew-24883,A,Brunelliaceae,,Brunellia,,"farallonensis",,"","Cuatrec.",Accepted,,H,WCSP,24883,37474-2,"Fl. Neotrop. Monogr.","2: 169","","1970"
kew-24884,A,Brunelliaceae,,Brunellia,,"foreroi",,"","C.I.Orozco",Accepted,,H,WCSP,24884,37475-2,"Mutisia","50: 4","","1981"
tro-4400022,A,Brunelliaceae,,Brunellia,,"galeottii",,"","Briq.",Unresolved,,L,TRO,4400022,,"","","",""
kew-24887,A,Brunelliaceae,,Brunellia,,"glabra",,"","Cuatrec.",Accepted,,H,WCSP,24887,37477-2,"Phytologia","4: 485","","1954"
kew-24888,A,Brunelliaceae,,Brunellia,,"goudotii",,"","Tul.",Accepted,,H,WCSP,24888,813635-1,"Ann. Sci. Nat., Bot.","III, 7: 270","","1847"
kew-24889,A,Brunelliaceae,,Brunellia,,"hexasepala",,"","Loes.",Accepted,,H,WCSP,24889,37478-2,"Bot. Jahrb. Syst.","37: 531","","1906"
kew-24890,A,Brunelliaceae,,Brunellia,,"hiltyana",,"","Cuatrec.",Accepted,,H,WCSP,24890,273536-2,"Fl. Neotrop. Monogr.","2(Suppl.): 55","","1985"
kew-24892,A,Brunelliaceae,,Brunellia,,"hygrothermica",,"","Cuatrec.",Accepted,,H,WCSP,24892,37480-2,"Fieldiana, Bot.","27: 76","","1951"
kew-24893,A,Brunelliaceae,,Brunellia,,"inermis",,"","Ruiz & Pav.",Accepted,,H,WCSP,24893,813636-1,"Fl. Peruv. Prodr.","4: 71","","1794"
kew-24895,A,Brunelliaceae,,Brunellia,,"integrifolia",,"","Szyszyl.",Accepted,,H,WCSP,24895,,"Rozpr. Akad. Umiejetn., Wydz. Mat.-Przyr.","27: 141","","1894"
kew-24897,A,Brunelliaceae,,Brunellia,,"integrifolia",subsp.,"mollis","(Cuatrec.) Cuatrec.",Accepted,,L,WCSP,24897,37483-2,"Fl. Neotrop. Monogr.","2: 122","","1970"
kew-24899,A,Brunelliaceae,,Brunellia,,"latifolia",,"","Cuatrec.",Accepted,,H,WCSP,24899,37485-2,"Caldasia","3: 427","","1945"
kew-24900,A,Brunelliaceae,,Brunellia,,"littlei",,"","Cuatrec.",Accepted,,H,WCSP,24900,37486-2,"Phytologia","4: 482","","1954"
kew-24903,A,Brunelliaceae,,Brunellia,,"macrophylla",,"","Killip & Cuatrec.",Accepted,,H,WCSP,24903,37487-2,"Revista Acad. Colomb. Ci. Exact.","5: 36","","1942"
tro-4400031,A,Brunelliaceae,,Brunellia,,"mathewsii",,"","Briq.",Unresolved,,L,TRO,4400031,,"","","",""
kew-24904,A,Brunelliaceae,,Brunellia,,"mexicana",,"","Standl.",Accepted,,H,WCSP,24904,37488-2,"J. Wash. Acad. Sci.","17: 166","","1927"
kew-24906,A,Brunelliaceae,,Brunellia,,"morii",,"","Cuatrec.",Accepted,,H,WCSP,24906,273538-2,"Fl. Neotrop. Monogr.","2(Suppl.): 59","","1985"
kew-24907,A,Brunelliaceae,,Brunellia,,"neblinensis",,"","Steyerm. & Cuatrec.",Accepted,,H,WCSP,24907,273539-2,"Ann. Missouri Bot. Gard.","74: 635","","1987"
kew-24908,A,Brunelliaceae,,Brunellia,,"occidentalis",,"","Cuatrec.",Accepted,,H,WCSP,24908,37490-2,"Caldasia","3: 427","","1945"
kew-24909,A,Brunelliaceae,,Brunellia,,"oliveri",,"","Britton",Accepted,,H,WCSP,24909,37491-2,"Bull. Torrey Bot. Club","16: 160","","1889"
kew-24910,A,Brunelliaceae,,Brunellia,,"ovalifolia",,"","Bonpl.",Accepted,,H,WCSP,24910,813639-1,"Pl. Aequinoct.","1: 216","","1808"
kew-24911,A,Brunelliaceae,,Brunellia,,"pallida",,"","Cuatrec.",Accepted,,H,WCSP,24911,37492-2,"Revista Acad. Colomb. Ci. Exact.","4: 342","","1941"
kew-24912,A,Brunelliaceae,,Brunellia,,"pauciflora",,"","Cuatrec. & C.I.Orozco",Accepted,,H,WCSP,24912,303349-2,"Caldasia","16(79): 453","","1991 publ. 1992"
kew-24914,A,Brunelliaceae,,Brunellia,,"penderiscana",,"","Cuatrec.",Accepted,,H,WCSP,24914,37494-2,"Fl. Neotrop. Monogr.","2: 154","","1970"
kew-24916,A,Brunelliaceae,,Brunellia,,"pitayensis",,"","Cuatrec.",Accepted,,H,WCSP,24916,273540-2,"Fl. Neotrop. Monogr.","2(Suppl.): 89","","1985"
kew-24917,A,Brunelliaceae,,Brunellia,,"propinqua",,"","Kunth",Accepted,,H,WCSP,24917,813640-1,"Nov. Gen. Sp.","7: 45","","1824"
kew-24920,A,Brunelliaceae,,Brunellia,,"putumayensis",,"","Cuatrec.",Accepted,,H,WCSP,24920,37496-2,"Revista Acad. Colomb. Ci. Exact.","4: 342","","1941"
kew-24922,A,Brunelliaceae,,Brunellia,,"racemifera",,"","Tul.",Accepted,,H,WCSP,24922,813642-1,"Ann. Sci. Nat., Bot.","III, 7: 269","","1847"
kew-24923,A,Brunelliaceae,,Brunellia,,"rhoides",,"","Rusby",Accepted,,H,WCSP,24923,37497-2,"Bull. New York Bot. Gard.","4: 310","","1907"
kew-24924,A,Brunelliaceae,,Brunellia,,"rufa",,"","Killip & Cuatrec.",Accepted,,H,WCSP,24924,37498-2,"Revista Acad. Colomb. Ci. Exact.","4: 341","","1941"
kew-24925,A,Brunelliaceae,,Brunellia,,"rugosa",,"","Turcz.",Unresolved,,L,WCSP,24925,813643-1,"Bull. Soc. Imp. Naturalistes Moscou","32(1): 274","","1859"
kew-24926,A,Brunelliaceae,,Brunellia,,"sandwicensis",,"","Gaudich. ex Hook. & Arn.",Unresolved,,L,WCSP,24926,,"Bot. Beechey Voy.","80","","1832"
kew-24927,A,Brunelliaceae,,Brunellia,,"sibundoya",,"","Cuatrec.",Accepted,,H,WCSP,24927,37499-2,"Revista Acad. Colomb. Ci. Exact.","5: 35","","1942"
kew-24931,A,Brunelliaceae,,Brunellia,,"standleyana",,"","Cuatrec.",Accepted,,H,WCSP,24931,37502-2,"Fl. Neotrop. Monogr.","2: 108","","1970"
kew-24932,A,Brunelliaceae,,Brunellia,,"stenoptera",,"","Diels",Accepted,,H,WCSP,24932,37503-2,"Notizbl. Bot. Gart. Berlin-Dahlem","15: 45","","1940"
kew-24933,A,Brunelliaceae,,Brunellia,,"stuebelii",,"","Hieron.",Accepted,,H,WCSP,24933,37504-2,"Bot. Jahrb. Syst.","21: 317","","1895"
kew-24934,A,Brunelliaceae,,Brunellia,,"subsessilis",,"","Killip & Cuatrec.",Accepted,,H,WCSP,24934,37505-2,"Phytologia","4: 483","","1954"
kew-24936,A,Brunelliaceae,,Brunellia,,"tomentosa",,"","Bonpl.",Accepted,,H,WCSP,24936,813646-1,"Pl. Aequinoct.","1: 214","","1808"
tro-4400049,A,Brunelliaceae,,Brunellia,,"topurioides",,"","J.F. Macbr.",Unresolved,,L,TRO,4400049,,"","","",""
kew-24937,A,Brunelliaceae,,Brunellia,,"trianae",,"","Cuatrec.",Accepted,,H,WCSP,24937,37507-2,"Caldasia","3: 429","","1945"
kew-24938,A,Brunelliaceae,,Brunellia,,"trigyna",,"","Cuatrec.",Accepted,,H,WCSP,24938,37508-2,"Revista Acad. Colomb. Ci. Exact.","5: 34","","1942"
kew-24939,A,Brunelliaceae,,Brunellia,,"velutina",,"","Cuatrec.",Accepted,,H,WCSP,24939,37509-2,"Fieldiana, Bot.","27: 75","","1951"
kew-24940,A,Brunelliaceae,,Brunellia,,"weberbaueri",,"","Loes.",Accepted,,H,WCSP,24940,37510-2,"Bot. Jahrb. Syst.","37: 532","","1906"
kew-24941,A,Brunelliaceae,,Brunellia,,"zamorensis",,"","Steyerm.",Accepted,,H,WCSP,24941,37511-2,"Phytologia","9: 344","","1963"
