﻿ID,Major group,Family,Genus hybrid marker,Genus,Species hybrid marker,Species,Infraspecific rank,Infraspecific epithet,Authorship,Taxonomic status in TPL,Nomenclatural status from original data source,Confidence level,Source,Source id,IPNI id,Publication,Collation,Page,Date
kew-345694,A,Burmanniaceae,,Afrothismia,,"amietii",,"","Cheek",Accepted,,H,WCSP,345694,77075908-1,"Kew Bull.","61: 605","","2007"
kew-218434,A,Burmanniaceae,,Afrothismia,,"baerae",,"","Cheek",Accepted,,H,WCSP,218434,60426765-2,"Kew Bull.","58: 951","","2003 publ. 2004"
kew-218435,A,Burmanniaceae,,Afrothismia,,"foertheriana",,"","T.Franke, Sainge & Agerer",Accepted,,H,WCSP,218435,,"Blumea","49: 452","","2004"
kew-218436,A,Burmanniaceae,,Afrothismia,,"gesnerioides",,"","H.Maas",Accepted,,H,WCSP,218436,50426094-2,"Blumea","48: 477","","2003"
kew-329624,A,Burmanniaceae,,Afrothismia,,"hydra",,"","Sainge & T.Franke",Accepted,,H,WCSP,329624,,"Nordic J. Bot.","23: 299","","2005"
kew-218437,A,Burmanniaceae,,Afrothismia,,"insignis",,"","Cowley",Accepted,,H,WCSP,218437,934762-1,"in Fl. Trop. E. Afr.","Burmann.: 7","","1988"
kew-343480,A,Burmanniaceae,,Afrothismia,,"korupensis",,"","Sainge & T.Franke",Accepted,,H,WCSP,343480,,"Willdenowia","35: 289","","2005"
kew-343481,A,Burmanniaceae,,Afrothismia,,"mhoroana",,"","Cheek",Accepted,,H,WCSP,343481,,"Kew Bull.","60: 593","","2005 publ. 2006"
kew-218438,A,Burmanniaceae,,Afrothismia,,"pachyantha",,"","Schltr.",Accepted,,H,WCSP,218438,126541-1,"Bot. Jahrb. Syst.","38: 139","","1906"
kew-218439,A,Burmanniaceae,,Afrothismia,,"saingei",,"","T.Franke",Accepted,,H,WCSP,218439,77060247-1,"Syst. Geogr. Pl.","74: 28","","2004"
kew-218440,A,Burmanniaceae,,Afrothismia,,"winkleri",,"","(Engl.) Schltr.",Accepted,,H,WCSP,218440,126542-1,"Bot. Jahrb. Syst.","38: 139","","1906"
kew-456105,A,Burmanniaceae,,Afrothismia,,"zambesiaca",,"","Cheek",Accepted,,H,WCSP,456105,77099826-1,"in Fl. Zambes.","12(2): 141","","2009"
kew-220673,A,Burmanniaceae,,Apteria,,"aphylla",,"","(Nutt.) Barnhart ex Small",Accepted,,H,WCSP,220673,126543-1,"Fl. S.E. U.S.","309","","1903"
kew-222619,A,Burmanniaceae,,Burmannia,,"alba",,"","Mart.",Accepted,,H,WCSP,222619,126558-1,"Nov. Gen. Sp. Pl.","1: 12","","1824"
kew-222622,A,Burmanniaceae,,Burmannia,,"aprica",,"","(Malme) Jonker",Accepted,,H,WCSP,222622,292297-2,"Monogr. Burmann.","87","","1938"
kew-222625,A,Burmanniaceae,,Burmannia,,"australis",,"","Malme",Accepted,,H,WCSP,222625,38382-2,"Bih. Kongl. Svenska Vetensk.-Akad. Handl.","22(3, 8): 25","","1896"
kew-222629,A,Burmanniaceae,,Burmannia,,"bicolor",,"","Mart.",Accepted,,H,WCSP,222629,126566-1,"Nov. Gen. Sp. Pl.","1: 10","","1824"
kew-222636,A,Burmanniaceae,,Burmannia,,"bifaria",,"","J.J.Sm.",Accepted,,H,WCSP,222636,,"Icon. Bogor.","4: t. 379","","1914"
kew-222638,A,Burmanniaceae,,Burmannia,,"biflora",,"","L.",Accepted,,H,WCSP,222638,126570-1,"Sp. Pl.","287","","1753"
kew-222645,A,Burmanniaceae,,Burmannia,,"candelabrum",,"","Gagnep.",Accepted,,H,WCSP,222645,126579-1,"Bull. Soc. Bot. France","54: 462","","1907"
kew-222646,A,Burmanniaceae,,Burmannia,,"candida",,"","Griff. ex Hook.f.",Accepted,,H,WCSP,222646,126580-1,"Fl. Brit. India","5: 665","","1888"
kew-222650,A,Burmanniaceae,,Burmannia,,"capitata",,"","(Walter ex J.F.Gmel.) Mart.",Accepted,,H,WCSP,222650,126582-1,"Nov. Gen. Sp. Pl.","1: 12","","1824"
kew-222653,A,Burmanniaceae,,Burmannia,,"championii",,"","Thwaites",Accepted,,H,WCSP,222653,126584-1,"Enum. Pl. Zeyl.","325","","1864"
kew-222655,A,Burmanniaceae,,Burmannia,,"chinensis",,"","Gand.",Accepted,,H,WCSP,222655,126586-1,"Bull. Soc. Bot. France","66: 290","","1919 publ. 1920"
kew-222658,A,Burmanniaceae,,Burmannia,,"cochinchinensis",,"","Gagnep.",Accepted,,H,WCSP,222658,126589-1,"Bull. Soc. Bot. France","54: 463","","1907"
kew-222659,A,Burmanniaceae,,Burmannia,,"coelestis",,"","D.Don",Accepted,,H,WCSP,222659,126590-1,"Prodr. Fl. Nepal.","44","","1825"
kew-222661,A,Burmanniaceae,,Burmannia,,"compacta",,"","Maas & H.Maas",Accepted,,H,WCSP,222661,930274-1,"Fl. Neotrop. Monogr.","42: 53","","1986"
kew-222663,A,Burmanniaceae,,Burmannia,,"connata",,"","Jonker",Accepted,,H,WCSP,222663,126592-1,"Monogr. Burmann.","128","","1938"
kew-222664,A,Burmanniaceae,,Burmannia,,"cryptopetala",,"","Makino",Accepted,,H,WCSP,222664,126593-1,"Bot. Mag. (Tokyo)","27: 3","","1913"
kew-222667,A,Burmanniaceae,,Burmannia,,"damazii",,"","Beauverd",Accepted,,H,WCSP,222667,38387-2,"Bull. Herb. Boissier","II, 5: 948, 1081","","1905"
kew-222668,A,Burmanniaceae,,Burmannia,,"dasyantha",,"","Mart.",Accepted,,H,WCSP,222668,126596-1,"Nov. Gen. Sp. Pl.","1: 11","","1824"
kew-222671,A,Burmanniaceae,,Burmannia,,"disticha",,"","L.",Accepted,,H,WCSP,222671,126599-1,"Sp. Pl.","287","","1753"
kew-222673,A,Burmanniaceae,,Burmannia,,"engganensis",,"","Jonker",Accepted,,H,WCSP,222673,126600-1,"Blumea","3: 108","","1938"
kew-222675,A,Burmanniaceae,,Burmannia,,"filamentosa",,"","D.X.Zhang & R.M.K.Saunders",Accepted,,H,WCSP,222675,1018991-1,"Nordic J. Bot.","20: 392","","2000 publ. 2001"
kew-222676,A,Burmanniaceae,,Burmannia,,"flava",,"","Mart.",Accepted,,H,WCSP,222676,,"Nov. Gen. Sp. Pl.","1: 11","","1824"
kew-222679,A,Burmanniaceae,,Burmannia,,"foliosa",,"","Gleason",Accepted,,H,WCSP,222679,38388-2,"Bull. Torrey Bot. Club","58: 343","","1931"
kew-222681,A,Burmanniaceae,,Burmannia,,"geelvinkiana",,"","Becc.",Accepted,,H,WCSP,222681,126605-1,"Malesia","1: 244","","1878"
kew-222684,A,Burmanniaceae,,Burmannia,,"gracilis",,"","Ridl.",Accepted,,H,WCSP,222684,,"J. Straits Branch Roy. Asiat. Soc.","22: 335","","1890"
kew-222686,A,Burmanniaceae,,Burmannia,,"grandiflora",,"","Malme",Accepted,,H,WCSP,222686,38389-2,"Bih. Kongl. Svenska Vetensk.-Akad. Handl.","22(3, 8): 27","","1896"
kew-222689,A,Burmanniaceae,,Burmannia,,"hexaptera",,"","Schltr.",Accepted,,H,WCSP,222689,126612-1,"Bot. Jahrb. Syst.","38: 143","","1906"
kew-222691,A,Burmanniaceae,,Burmannia,,"indica",,"","Jonker",Accepted,,H,WCSP,222691,126613-1,"Monogr. Burmann.","161","","1938"
kew-222693,A,Burmanniaceae,,Burmannia,,"itoana",,"","Makino",Accepted,,H,WCSP,222693,126615-1,"Bot. Mag. (Tokyo)","27: 1","","1913"
kew-222696,A,Burmanniaceae,,Burmannia,,"jonkeri",,"","Benthem & Maas",Accepted,,H,WCSP,222696,38391-2,"Acta Bot. Neerl.","30: 140","","1981"
kew-222697,A,Burmanniaceae,,Burmannia,,"juncea",,"","Sol. ex R.Br.",Accepted,,H,WCSP,222697,126618-1,"Prodr. Fl. Nov. Holl.","265","","1810"
kew-222698,A,Burmanniaceae,,Burmannia,,"kalbreyeri",,"","Oliv.",Accepted,,H,WCSP,222698,126619-1,"Hooker's Icon. Pl.","14: t. 1357","","1881"
kew-222699,A,Burmanniaceae,,Burmannia,,"larseniana",,"","D.X.Zhang & R.M.K.Saunders",Accepted,,H,WCSP,222699,1008698-1,"Nordic J. Bot.","19: 243","","1999"
kew-222700,A,Burmanniaceae,,Burmannia,,"latialata",,"","Pobég.",Accepted,,H,WCSP,222700,126620-1,"Essai Fl. Guinée Franç.","166","","1906"
kew-222701,A,Burmanniaceae,,Burmannia,,"ledermannii",,"","Jonker",Accepted,,H,WCSP,222701,126622-1,"Monogr. Burmann.","126","","1938"
kew-222706,A,Burmanniaceae,,Burmannia,,"longifolia",,"","Becc.",Accepted,,H,WCSP,222706,126626-1,"Malesia","1: 244","","1878"
kew-222707,A,Burmanniaceae,,Burmannia,,"luteoalba",,"","Gagnep.",Accepted,,H,WCSP,222707,126627-1,"Bull. Soc. Bot. France","54: 463","","1907"
kew-222708,A,Burmanniaceae,,Burmannia,,"lutescens",,"","Becc.",Accepted,,H,WCSP,222708,126628-1,"Malesia","1: 246","","1878"
kew-222709,A,Burmanniaceae,,Burmannia,,"madagascariensis",,"","Baker",Accepted,,H,WCSP,222709,126630-1,"J. Linn. Soc., Bot.","20: 268","","1883"
kew-222712,A,Burmanniaceae,,Burmannia,,"malasica",,"","Jonker",Accepted,,H,WCSP,222712,126632-1,"Monogr. Burmann.","152","","1938"
kew-222713,A,Burmanniaceae,,Burmannia,,"micropetala",,"","Ridl.",Accepted,,H,WCSP,222713,126633-1,"Trans. Linn. Soc. London, Bot.","9: 228","","1916"
kew-222715,A,Burmanniaceae,,Burmannia,,"nepalensis",,"","(Miers) Hook.f.",Accepted,,H,WCSP,222715,126635-1,"Fl. Brit. India","5: 666","","1888"
kew-222717,A,Burmanniaceae,,Burmannia,,"oblonga",,"","Ridl.",Accepted,,H,WCSP,222717,126637-1,"J. Straits Branch Roy. Asiat. Soc.","41: 33","","1904"
kew-222722,A,Burmanniaceae,,Burmannia,,"polygaloides",,"","Schltr.",Accepted,,H,WCSP,222722,38392-2,"Verh. Bot. Vereins Prov. Brandenburg","47: 103","","1905"
kew-222723,A,Burmanniaceae,,Burmannia,,"pusilla",,"","(Miers) Thwaites",Accepted,,H,WCSP,222723,126643-1,"Enum. Pl. Zeyl.","325","","1864"
kew-222727,A,Burmanniaceae,,Burmannia,,"sanariapoana",,"","Steyerm.",Accepted,,H,WCSP,222727,38393-2,"Fieldiana, Bot.","28: 165","","1951"
kew-222732,A,Burmanniaceae,,Burmannia,,"sphagnoides",,"","Becc.",Accepted,,H,WCSP,222732,126649-1,"Malesia","1: 246","","1878"
kew-222733,A,Burmanniaceae,,Burmannia,,"steenisii",,"","Jonker",Accepted,,H,WCSP,222733,126650-1,"Monogr. Burmann.","158","","1938"
kew-222734,A,Burmanniaceae,,Burmannia,,"stricta",,"","Jonker",Accepted,,H,WCSP,222734,126651-1,"Monogr. Burmann.","156","","1938"
kew-222735,A,Burmanniaceae,,Burmannia,,"stuebelii",,"","Hieron. & Schltr.",Accepted,,H,WCSP,222735,38396-2,"Bot. Jahrb. Syst.","54(117): 15","","1916"
kew-222736,A,Burmanniaceae,,Burmannia,,"subcoelestis",,"","Gagnep.",Accepted,,H,WCSP,222736,126653-1,"Bull. Soc. Bot. France","54: 464","","1907"
kew-222739,A,Burmanniaceae,,Burmannia,,"tenella",,"","Benth.",Accepted,,H,WCSP,222739,126656-1,"Hooker's J. Bot. Kew Gard. Misc.","7: 12","","1855"
kew-222740,A,Burmanniaceae,,Burmannia,,"tenera",,"","(Malme) Jonker",Accepted,,H,WCSP,222740,292294-2,"Monogr. Burmann.","86","","1938"
kew-222741,A,Burmanniaceae,,Burmannia,,"tisserantii",,"","Schltr.",Accepted,,H,WCSP,222741,126658-1,"Repert. Spec. Nov. Regni Veg.","21: 84","","1925"
kew-222747,A,Burmanniaceae,,Burmannia,,"vaupesiana",,"","Benthem & Maas",Accepted,,H,WCSP,222747,38397-2,"Acta Bot. Neerl.","30: 141","","1981"
kew-222748,A,Burmanniaceae,,Burmannia,,"wallichii",,"","(Miers) Hook.f.",Accepted,,H,WCSP,222748,126664-1,"Fl. Brit. India","5: 666","","1888"
kew-462797,A,Burmanniaceae,,Campylosiphon,,"congestus",,"","(C.H.Wright) Maas",Accepted,,H,WCSP,462797,77108196-1,"in Fl. Gabon","41: 67","","2010"
kew-223773,A,Burmanniaceae,,Campylosiphon,,"lycioideus",,"","St.-Lag.",Unresolved,,L,WCSP,223773,141361-1,"Ann. Soc. Bot. Lyon","7: 135","","1880"
kew-223774,A,Burmanniaceae,,Campylosiphon,,"purpurascens",,"","Benth.",Accepted,,H,WCSP,223774,126667-1,"Hooker's Icon. Pl.","14: t. 1384","","1882"
kew-235503,A,Burmanniaceae,,Cymbocarpa,,"refracta",,"","Miers",Accepted,,H,WCSP,235503,126680-1,"Proc. Linn. Soc. London","1: 62","","1840"
kew-235505,A,Burmanniaceae,,Cymbocarpa,,"saccata",,"","Sandwith",Accepted,,H,WCSP,235505,73939-2,"Bull. Misc. Inform. Kew","1931: 60","","1931"
kew-239293,A,Burmanniaceae,,Desmogymnosiphon,,"chimeicus",,"","Guinea",Accepted,,H,WCSP,239293,,"Ensayo Geobot. Guin. Continent. Espan.","264","","1946"
kew-239640,A,Burmanniaceae,,Dictyostega,,"orobanchoides",,"","(Hook.) Miers",Accepted,,H,WCSP,239640,30045953-2,"Proc. Linn. Soc. London","1: 61","","1840"
kew-239642,A,Burmanniaceae,,Dictyostega,,"orobanchoides",subsp.,"parviflora","(Benth.) Snelders & Maas",Accepted,,L,WCSP,239642,919845-1,"Acta Bot. Neerl.","30: 143","","1981"
kew-239644,A,Burmanniaceae,,Dictyostega,,"orobanchoides",subsp.,"purdieana","(Benth.) Snelders & Maas",Accepted,,L,WCSP,239644,919846-1,"Acta Bot. Neerl.","30: 143","","1981"
kew-246925,A,Burmanniaceae,,Geomitra,,"clavigera",,"","Becc.",Accepted,,H,WCSP,246925,126694-1,"Malesia","1: 251","","1878"
kew-247749,A,Burmanniaceae,,Gymnosiphon,,"affinis",,"","J.J.Sm.",Accepted,,H,WCSP,247749,126702-1,"Nova Guinea","8: 194","","1909"
kew-457799,A,Burmanniaceae,,Gymnosiphon,,"afro-orientalis",,"","Cheek",Accepted,,H,WCSP,457799,77099827-1,"in Fl. Zambes.","12(2): 146","","2009"
kew-247751,A,Burmanniaceae,,Gymnosiphon,,"aphyllus",,"","Blume",Accepted,,H,WCSP,247751,126704-1,"Enum. Pl. Javae","1: 29","","1827"
kew-247753,A,Burmanniaceae,,Gymnosiphon,,"bekensis",,"","Letouzey",Accepted,,H,WCSP,247753,126706-1,"Adansonia","n.s., 7: 170","","1967"
tro-4600059,A,Burmanniaceae,,Gymnosiphon,,"bekensis",,"","R. Letouzey",Unresolved,,L,TRO,4600059,,"","","",""
kew-247755,A,Burmanniaceae,,Gymnosiphon,,"brachycephalus",,"","Snelders & Maas",Accepted,,H,WCSP,247755,115819-2,"Acta Bot. Neerl.","30: 142","","1981"
kew-247756,A,Burmanniaceae,,Gymnosiphon,,"breviflorus",,"","Gleason",Accepted,,H,WCSP,247756,115820-2,"Bull. Torrey Bot. Club","56: 22","","1929"
kew-247757,A,Burmanniaceae,,Gymnosiphon,,"capitatus",,"","(Benth.) Urb.",Accepted,,H,WCSP,247757,115821-2,"Symb. Antill.","3: 439","","1903"
kew-463244,A,Burmanniaceae,,Gymnosiphon,,"constrictus",,"","Maas & H.Maas",Accepted,,H,WCSP,463244,77108197-1,"in Fl. Gabon","41: 67","","2010"
kew-247761,A,Burmanniaceae,,Gymnosiphon,,"cymosus",,"","(Benth.) Benth. & Hook.f.",Accepted,,H,WCSP,247761,126712-1,"Gen. Pl.","3: 458","","1883"
kew-247762,A,Burmanniaceae,,Gymnosiphon,,"danguyanus",,"","H.Perrier",Accepted,,H,WCSP,247762,126713-1,"Notul. Syst. (Paris)","5: 160","","1936"
kew-247763,A,Burmanniaceae,,Gymnosiphon,,"divaricatus",,"","(Benth.) Benth. & Hook.f.",Accepted,,H,WCSP,247763,126714-1,"Gen. Pl.","3: 458","","1883"
kew-247765,A,Burmanniaceae,,Gymnosiphon,,"fimbriatus",,"","(Benth.) Urb.",Accepted,,H,WCSP,247765,115823-2,"Symb. Antill.","3: 438","","1903"
kew-247768,A,Burmanniaceae,,Gymnosiphon,,"guianensis",,"","Gleason",Accepted,,H,WCSP,247768,115826-2,"Bull. Torrey Bot. Club","56: 22","","1929"
kew-247770,A,Burmanniaceae,,Gymnosiphon,,"longistylus",,"","(Benth.) Hutch.",Accepted,,H,WCSP,247770,126721-1,"Fl. W. Trop. Afr.","2: 399","","1936"
kew-457800,A,Burmanniaceae,,Gymnosiphon,,"marieae",,"","Cheek",Accepted,,H,WCSP,457800,,"Nordic J. Bot.","26: 230","","2008"
kew-247772,A,Burmanniaceae,,Gymnosiphon,,"minahassae",,"","Schltr.",Accepted,,H,WCSP,247772,126723-1,"Bot. Jahrb. Syst.","49: 104","","1912"
kew-247773,A,Burmanniaceae,,Gymnosiphon,,"minutus",,"","Snelders & Maas",Accepted,,H,WCSP,247773,115828-2,"Acta Bot. Neerl.","30: 142","","1981"
kew-247776,A,Burmanniaceae,,Gymnosiphon,,"neglectus",,"","Jonker",Accepted,,H,WCSP,247776,126726-1,"Monogr. Burmann.","175","","1938"
kew-247777,A,Burmanniaceae,,Gymnosiphon,,"niveus",,"","(Griseb.) Urb.",Accepted,,H,WCSP,247777,115830-2,"Symb. Antill.","3: 444","","1903"
kew-247778,A,Burmanniaceae,,Gymnosiphon,,"okamotoi",,"","Tuyama",Accepted,,H,WCSP,247778,126728-1,"Iconogr. Pl. Asiae Orient.","3: 239","","1940"
kew-247779,A,Burmanniaceae,,Gymnosiphon,,"oliganthus",,"","Schltr.",Accepted,,H,WCSP,247779,126729-1,"Bot. Jahrb. Syst.","49: 101","","1912"
kew-247781,A,Burmanniaceae,,Gymnosiphon,,"panamensis",,"","Jonker",Accepted,,H,WCSP,247781,126731-1,"Monogr. Burmann.","199","","1938"
kew-247782,A,Burmanniaceae,,Gymnosiphon,,"papuanus",,"","Becc.",Accepted,,H,WCSP,247782,126732-1,"Malesia","1: 241","","1878"
kew-247784,A,Burmanniaceae,,Gymnosiphon,,"pauciflorus",,"","Schltr.",Accepted,,H,WCSP,247784,126734-1,"Bot. Jahrb. Syst.","49: 102","","1912"
kew-247788,A,Burmanniaceae,,Gymnosiphon,,"recurvatus",,"","Snelders & Maas",Accepted,,H,WCSP,247788,115835-2,"Acta Bot. Neerl.","30: 141","","1981"
kew-463190,A,Burmanniaceae,,Gymnosiphon,,"samoritoureanus",,"","Cheek",Accepted,,H,WCSP,463190,,"Kew Bull.","65: 84","","2010"
kew-247790,A,Burmanniaceae,,Gymnosiphon,,"sphaerocarpus",,"","Urb.",Accepted,,H,WCSP,247790,115836-2,"Symb. Antill.","3: 442","","1903"
kew-247792,A,Burmanniaceae,,Gymnosiphon,,"suaveolens",,"","(H.Karst.) Urb.",Accepted,,H,WCSP,247792,115837-2,"Symb. Antill.","3: 438","","1903"
kew-247793,A,Burmanniaceae,,Gymnosiphon,,"tenellus",,"","(Benth.) Urb.",Accepted,,H,WCSP,247793,115838-2,"Symb. Antill.","3: 438","","1903"
kew-247797,A,Burmanniaceae,,Gymnosiphon,,"usambaricus",,"","Engl.",Accepted,,H,WCSP,247797,126746-1,"Bot. Jahrb. Syst.","20: 138","","1894"
kew-247995,A,Burmanniaceae,,Haplothismia,,"exannulata",,"","Airy Shaw",Accepted,,H,WCSP,247995,126747-1,"Kew Bull.","7: 277","","1952"
kew-249014,A,Burmanniaceae,,Hexapterella,,"gentianoides",,"","Urb.",Accepted,,H,WCSP,249014,121845-2,"Symb. Antill.","3: 451","","1903"
kew-249015,A,Burmanniaceae,,Hexapterella,,"steyermarkii",,"","Maas & H.Maas",Accepted,,H,WCSP,249015,278192-2,"Ann. Missouri Bot. Gard.","76: 956","","1989"
kew-254122,A,Burmanniaceae,,Marthella,,"trinitatis",,"","(Johow) Urb.",Accepted,,H,WCSP,254122,153701-2,"Symb. Antill.","3: 448","","1903"
kew-254490,A,Burmanniaceae,,Miersiella,,"umbellata",,"","(Miers) Urb.",Accepted,,H,WCSP,254490,160723-2,"Symb. Antill.","3: 439","","1903"
kew-256342,A,Burmanniaceae,,Oxygyne,,"hyodoi",,"","C.Abe & Akasawa",Accepted,,H,WCSP,256342,937476-1,"J. Jap. Bot.","64: 161","","1989"
kew-256343,A,Burmanniaceae,,Oxygyne,,"shinzatoi",,"","(Hatus.) C.Abe & Akasawa",Accepted,,H,WCSP,256343,946839-1,"J. Jap. Bot.","64: 163","","1989"
kew-256344,A,Burmanniaceae,,Oxygyne,,"triandra",,"","Schltr.",Accepted,,H,WCSP,256344,126765-1,"Bot. Jahrb. Syst.","38: 140","","1906"
kew-373584,A,Burmanniaceae,,Oxygyne,,"yamashitae",,"","Yahara & Tsukaya",Accepted,,H,WCSP,373584,,"Acta Phytotax. Geobot.","59: 99","","2008"
kew-262767,A,Burmanniaceae,,Scaphiophora,,"appendiculata",,"","(Schltr.) Schltr.",Accepted,,H,WCSP,262767,126800-1,"Notizbl. Bot. Gart. Berlin-Dahlem","8: 39","","1921"
kew-262768,A,Burmanniaceae,,Scaphiophora,,"gigantea",,"","Jonker",Accepted,,H,WCSP,262768,126801-1,"Monogr. Burmann.","257","","1938"
kew-268347,A,Burmanniaceae,,Thismia,,"abei",,"","(Akasawa) Hatus.",Accepted,,H,WCSP,268347,974750-1,"J. Geobot.","24: 7","","1976"
kew-268348,A,Burmanniaceae,,Thismia,,"alba",,"","Holttum ex Jonker",Accepted,,H,WCSP,268348,126803-1,"in Fl. Males.","4: 23","","1948"
kew-268349,A,Burmanniaceae,,Thismia,,"americana",,"","N.Pfeiff.",Accepted,,H,WCSP,268349,,"Bot. Gaz.","57: 123","","1914"
kew-459630,A,Burmanniaceae,,Thismia,,"angustimitra",,"","Chantanaorr.",Accepted,,H,WCSP,459630,77095336-1,"Blumea","53: 524","","2008"
kew-374437,A,Burmanniaceae,,Thismia,,"annamensis",,"","K.Larsen & Aver.",Accepted,,H,WCSP,374437,,"Rheedea","17: 13","","2007"
kew-268351,A,Burmanniaceae,,Thismia,,"arachnites",,"","Ridl.",Accepted,,H,WCSP,268351,126806-1,"J. Straits Branch Roy. Asiat. Soc.","44: 197","","1905"
kew-268352,A,Burmanniaceae,,Thismia,,"aseroe",,"","Becc.",Accepted,,H,WCSP,268352,126807-1,"Malesia","1: 252","","1878"
tro-100376991,A,Burmanniaceae,,Thismia,,"betung-kerihunensis",,"","Tsukaya & H. Okada",Unresolved,,L,TRO,100376991,,"Syst. Bot.","37(1): 56–57, f.1A–D, 2A–F","56","2012"
kew-268353,A,Burmanniaceae,,Thismia,,"bifida",,"","M.Hotta",Accepted,,H,WCSP,268353,126808-1,"Acta Phytotax. Geobot.","22: 161","","1967"
kew-268355,A,Burmanniaceae,,Thismia,,"brunonis",,"","Griff.",Accepted,,H,WCSP,268355,126812-1,"Proc. Linn. Soc. London","1: 221","","1845"
kew-268356,A,Burmanniaceae,,Thismia,,"caudata",,"","Maas & H.Maas",Accepted,,H,WCSP,268356,940834-1,"Fl. Neotrop. Monogr.","42: 162","","1986"
kew-268357,A,Burmanniaceae,,Thismia,,"chrysops",,"","Ridl.",Accepted,,H,WCSP,268357,126813-1,"Ann. Bot. (Oxford)","9: 323","","1895"
kew-268358,A,Burmanniaceae,,Thismia,,"clandestina",,"","(Blume) Miq.",Accepted,,H,WCSP,268358,126814-1,"Fl. Ned. Ind.","3: 616","","1859"
kew-268359,A,Burmanniaceae,,Thismia,,"clavarioides",,"","K.R.Thiele",Accepted,,H,WCSP,268359,20007243-1,"Telopea","9: 766","","2002"
kew-268361,A,Burmanniaceae,,Thismia,,"crocea",,"","(Becc.) J.J.Sm.",Accepted,,H,WCSP,268361,,"Nova Guinea","8(1): 193","","1909"
kew-268362,A,Burmanniaceae,,Thismia,,"episcopalis",,"","(Becc.) F.Muell.",Accepted,,H,WCSP,268362,126817-1,"Pap. & Proc. Roy. Soc. Tasmania","1890: 235","","1891"
kew-268363,A,Burmanniaceae,,Thismia,,"espirito-santensis",,"","Brade",Accepted,,H,WCSP,268363,252708-2,"Revista Brasil. Biol.","7: 286","","1947"
kew-268364,A,Burmanniaceae,,Thismia,,"fumida",,"","Ridl.",Accepted,,H,WCSP,268364,,"J. Straits Branch Roy. Asiat. Soc.","22: 338","","1890"
kew-268365,A,Burmanniaceae,,Thismia,,"fungiformis",,"","(Taub. ex Warm.) Maas & H.Maas",Accepted,,H,WCSP,268365,942933-1,"Fl. Neotrop. Monogr.","42: 165","","1986"
kew-268366,A,Burmanniaceae,,Thismia,,"gardneriana",,"","Hook.f. ex Thwaites",Accepted,,H,WCSP,268366,126820-1,"Enum. Pl. Zeyl.","325","","1864"
kew-268367,A,Burmanniaceae,,Thismia,,"glaziovii",,"","Poulsen",Accepted,,H,WCSP,268367,252709-2,"Rev. Gén. Bot.","1: 549","","1889"
kew-268368,A,Burmanniaceae,,Thismia,,"goodii",,"","Kiew",Accepted,,H,WCSP,268368,1013499-1,"Gard. Bull. Singapore","51: 179","","1999"
kew-268369,A,Burmanniaceae,,Thismia,,"grandiflora",,"","Ridl.",Accepted,,H,WCSP,268369,126822-1,"Ann. Bot. (Oxford)","9: 324","","1895"
kew-466613,A,Burmanniaceae,,Thismia,,"huangii",,"","P.Y.Jiang & T.H.Hsieh",Accepted,,H,WCSP,466613,,"Taiwania","56: 139","","2011"
kew-268370,A,Burmanniaceae,,Thismia,,"hyalina",,"","(Miers) Benth. & Hook.f. ex F.Muell.",Accepted,,H,WCSP,268370,126823-1,"Pap. & Proc. Roy. Soc. Tasmania","1890: 234","","1891"
kew-268371,A,Burmanniaceae,,Thismia,,"iguassuensis",,"","(Miers) Warm.",Accepted,,H,WCSP,268371,,"Overs. Kongel. Danske Vidensk. Selsk. Forh. Medlemmers Arbeider","1901(6): 182","","1902"
kew-268373,A,Burmanniaceae,,Thismia,,"janeirensis",,"","Warm.",Accepted,,H,WCSP,268373,126825-1,"Overs. Kongel. Danske Vidensk. Selsk. Forh. Medlemmers Arbeider","1901: 183","","1902"
kew-268374,A,Burmanniaceae,,Thismia,,"javanica",,"","J.J.Sm.",Accepted,,H,WCSP,268374,,"Ann. Jard. Bot. Buitenzorg","23: 32","","1910"
kew-268375,A,Burmanniaceae,,Thismia,,"labiata",,"","J.J.Sm.",Accepted,,H,WCSP,268375,126826-1,"Bull. Jard. Bot. Buitenzorg","III, 9: 220","","1927"
kew-268376,A,Burmanniaceae,,Thismia,,"lauriana",,"","Jarvie",Accepted,,H,WCSP,268376,989560-1,"Blumea","41: 259","","1996"
kew-268377,A,Burmanniaceae,,Thismia,,"luetzelburgii",,"","Goebel & Suess.",Accepted,,H,WCSP,268377,252712-2,"Flora","117: 56","","1924"
kew-268378,A,Burmanniaceae,,Thismia,,"macahensis",,"","(Miers) F.Muell.",Accepted,,H,WCSP,268378,126828-1,"Pap. & Proc. Roy. Soc. Tasmania","1890: 232","","1891"
kew-268380,A,Burmanniaceae,,Thismia,,"melanomitra",,"","Maas & H.Maas",Accepted,,H,WCSP,268380,286073-2,"Opera Bot.","92: 141","","1987"
kew-268381,A,Burmanniaceae,,Thismia,,"mirabilis",,"","K.Larsen",Accepted,,H,WCSP,268381,126829-1,"Dansk Bot. Ark.","23: 171","","1965"
kew-344933,A,Burmanniaceae,,Thismia,,"mullerensis",,"","Tsukaya & H.Okada",Accepted,,H,WCSP,344933,,"Acta Phytotax. Geobot.","56: 129","","2005"
kew-268382,A,Burmanniaceae,,Thismia,,"neptunis",,"","Becc.",Accepted,,H,WCSP,268382,126830-1,"Malesia","1: 251","","1878"
kew-268383,A,Burmanniaceae,,Thismia,,"ophiuris",,"","Becc.",Accepted,,H,WCSP,268383,126831-1,"Malesia","1: 252","","1878"
kew-268385,A,Burmanniaceae,,Thismia,,"panamensis",,"","(Standl.) Jonker",Accepted,,H,WCSP,268385,126833-1,"Monogr. Burmann.","234","","1938"
kew-268386,A,Burmanniaceae,,Thismia,,"racemosa",,"","Ridl.",Accepted,,H,WCSP,268386,126834-1,"J. Straits Branch Roy. Asiat. Soc.","68: 13","","1915"
kew-268387,A,Burmanniaceae,,Thismia,,"rodwayi",,"","F.Muell.",Accepted,,H,WCSP,268387,,"Victoria Naturalist","7: 115","","1890"
kew-268388,A,Burmanniaceae,,Thismia,,"saulensis",,"","H.Maas & Maas",Accepted,,H,WCSP,268388,286074-2,"Brittonia","39: 376","","1987"
kew-268389,A,Burmanniaceae,,Thismia,,"singeri",,"","(de la Sota) Maas & H.Maas",Accepted,,H,WCSP,268389,942934-1,"Fl. Neotrop. Monogr.","42: 166","","1986"
kew-268390,A,Burmanniaceae,,Thismia,,"taiwanensis",,"","Sheng Z.Yang, R.M.K.Saunders & C.J.Hsu",Accepted,,H,WCSP,268390,20007843-1,"Syst. Bot.","27: 485","","2002"
kew-374438,A,Burmanniaceae,,Thismia,,"tentaculata",,"","K.Larsen & Aver.",Accepted,,H,WCSP,374438,,"Rheedea","17: 16","","2007"
kew-268391,A,Burmanniaceae,,Thismia,,"tuberculata",,"","Hatus.",Accepted,,H,WCSP,268391,974747-1,"J. Geobot.","24: 4","","1976"
kew-268394,A,Burmanniaceae,,Thismia,,"yorkensis",,"","Cribb",Accepted,,H,WCSP,268394,985798-1,"Queensland Naturalist","33: 51","","1995"
kew-348705,A,Burmanniaceae,,Tiputinia,,"foetida",,"","P.E.Berry & C.L.Woodw.",Accepted,,H,WCSP,348705,,"Taxon","56: 158","","2007"
