﻿ID,Major group,Family,Genus hybrid marker,Genus,Species hybrid marker,Species,Infraspecific rank,Infraspecific epithet,Authorship,Taxonomic status in TPL,Nomenclatural status from original data source,Confidence level,Source,Source id,IPNI id,Publication,Collation,Page,Date
kew-2690893,A,Calceolariaceae,,Calceolaria,,"aconcaguina",,"","Phil.",Accepted,,M,WCSP (in review),822534,41189-2,"Anales Univ. Chile","91: 150","","1895"
kew-2690896,A,Calceolariaceae,,Calceolaria,,"adenanthera",,"","Molau",Accepted,,M,WCSP (in review),822537,41192-2,"Bot. Not.","131: 300","","1978"
kew-2690898,A,Calceolariaceae,,Calceolaria,,"adenocalyx",,"","Molau",Accepted,,M,WCSP (in review),822539,41193-2,"Nordic J. Bot.","1: 174","","1981"
kew-2690900,A,Calceolariaceae,,Calceolaria,,"aiseniana",,"","C.Ehrh.",Accepted,,M,WCSP (in review),822541,995826-1,"Sendtnera","4: 63","","1997"
kew-2690901,A,Calceolariaceae,,Calceolaria,,"ajugoides",,"","Kraenzl.",Accepted,,M,WCSP (in review),822542,273682-2,"Bot. Jahrb. Syst.","50(111): 75","","1913"
kew-2690902,A,Calceolariaceae,,Calceolaria,,"alata",,"","(Pennell) Pennell",Accepted,,M,WCSP (in review),822543,800144-1,"Proc. Acad. Nat. Sci. Philadelphia","103: 159","","1951"
kew-2690905,A,Calceolariaceae,,Calceolaria,,"alba",,"","Ruiz & Pav.",Accepted,,M,WCSP (in review),822546,41200-2,"Fl. Peruv.","1: 19","","1798"
kew-2690906,A,Calceolariaceae,,Calceolaria,,"albotomentosa",,"","Pennell",Accepted,,M,WCSP (in review),822547,41201-2,"Proc. Acad. Nat. Sci. Philadelphia","103: 181","","1951"
kew-2690907,A,Calceolariaceae,,Calceolaria,,"albula",,"","Colenso",Unresolved,,L,WCSP (in review),822548,800147-1,"Trans. & Proc. New Zealand Inst.","27: 391","","1894 publ. 1895"
kew-2690913,A,Calceolariaceae,,Calceolaria,,"amoena",,"","Molau",Accepted,,M,WCSP (in review),822554,273684-2,"Nordic J. Bot.","4: 643","","1984"
kew-2690918,A,Calceolariaceae,,Calceolaria,,"andina",,"","Benth.",Accepted,,M,WCSP (in review),822559,41208-2,"Prodr.","10: 219","","1846"
kew-2690924,A,Calceolariaceae,,Calceolaria,,"angustiflora",,"","Ruiz & Pav.",Accepted,,M,WCSP (in review),822565,273685-2,"Fl. Peruv.","1: 17, 28","","1798"
kew-2690926,A,Calceolariaceae,,Calceolaria,,"angustifolia",,"","(Lindl.) Sweet",Accepted,,M,WCSP (in review),822567,800160-1,"Hort. Brit.","ed. 2: 396","","1830"
kew-2690927,A,Calceolariaceae,,Calceolaria,,"anisanthera",,"","Pennell",Accepted,,M,WCSP (in review),822568,41213-2,"Proc. Acad. Nat. Sci. Philadelphia","103: 139","","1951"
kew-2690928,A,Calceolariaceae,,Calceolaria,,"annua",,"","Edwin",Accepted,,M,WCSP (in review),822569,41214-2,"Phytologia","19: 370","","1970"
kew-2690930,A,Calceolariaceae,,Calceolaria,,"aperta",,"","Edwin",Accepted,,M,WCSP (in review),822571,41215-2,"Phytologia","19: 371","","1970"
kew-2690931,A,Calceolariaceae,,Calceolaria,,"aperta",subsp.,"incana","(Molau) Molau",Accepted,,L,WCSP (in review),822572,954798-1,"Fl. Neotrop. Monogr.","47: 195","","1988"
kew-2690934,A,Calceolariaceae,,Calceolaria,,"aquatica",,"","A.Braun & C.D.Bouché",Accepted,,M,WCSP (in review),822575,273687-2,"Index Seminum (B)","1852(App.): 2","","1852"
kew-2690935,A,Calceolariaceae,,Calceolaria,,"arachnoidea",,"","Graham",Accepted,,M,WCSP (in review),822576,800167-1,"Edinburgh New Philos. J.","Sept. 1828: 371","","1828"
kew-2690937,A,Calceolariaceae,,Calceolaria,,"arachnoidea",subsp.,"nubigena","(Poepp.) C.Ehrh.",Accepted,,L,WCSP (in review),822578,1037845-2,"Biblioth. Bot.","153: 152","","2000"
tro-29200943,A,Calceolariaceae,,Calceolaria,,"arachnoides",,"","Benth.",Accepted,,M,TRO,29200943,,"","","",""
kew-2690943,A,Calceolariaceae,,Calceolaria,,"arbuscula",,"","Molau",Accepted,,M,WCSP (in review),822584,273688-2,"Nordic J. Bot.","4: 632","","1984"
kew-2690944,A,Calceolariaceae,,Calceolaria,,"argentea",,"","Kunth",Accepted,,M,WCSP (in review),822585,800171-1,"Nov. Gen. Sp.","2: 387","","1818"
kew-2690945,A,Calceolariaceae,,Calceolaria,,"ascendens",,"","Lindl.",Accepted,,M,WCSP (in review),822586,41224-2,"Bot. Reg.","14: t. 1215","","1829"
kew-2690949,A,Calceolariaceae,,Calceolaria,,"ascendens",subsp.,"glandulifera","(Witasek) C.Ehrh.",Accepted,,L,WCSP (in review),822590,1124039-2,"Biblioth. Bot.","153: 118","","2000"
kew-2690951,A,Calceolariaceae,,Calceolaria,,"ascendens",subsp.,"pristiphylla","(Phil.) C.Ehrh.",Accepted,,L,WCSP (in review),822592,1134162-2,"Biblioth. Bot.","153: 119","","2000"
kew-2690953,A,Calceolariaceae,,Calceolaria,,"asperula",,"","Phil.",Accepted,,M,WCSP (in review),822594,41229-2,"Anales Univ. Chile","91: 153","","1895"
kew-2690954,A,Calceolariaceae,,Calceolaria,,"atahualpae",,"","Kraenzl.",Accepted,,M,WCSP (in review),822595,273689-2,"Pflanzenr.","IV, 257C: 107","","1907"
kew-2690955,A,Calceolariaceae,,Calceolaria,,"atahualpae",subsp.,"witasekiana","(Kraenzl.) Molau",Accepted,,L,WCSP (in review),822596,954794-1,"Fl. Neotrop. Monogr.","47: 54","","1988"
kew-2690956,A,Calceolariaceae,,Calceolaria,×,"atkinsiana",,"","Sweet",Unresolved,,L,WCSP (in review),822597,,"Brit. Fl. Gard.","5: t. 168","","1832"
kew-2690959,A,Calceolariaceae,,Calceolaria,,"aurea",,"","Colla",Unresolved,,L,WCSP (in review),822600,800176-1,"Herb. Pedem.","4: 331","","1835"
kew-2690961,A,Calceolariaceae,,Calceolaria,,"auriculata",,"","Phil.",Accepted,,M,WCSP (in review),822602,41233-2,"Anales Univ. Chile","91: 151","","1895"
kew-2690962,A,Calceolariaceae,,Calceolaria,,"australis",,"","(Molau) Molau",Accepted,,M,WCSP (in review),822603,273691-2,"in Fl. Ecuador","21(177): 63","","1984"
kew-2690964,A,Calceolariaceae,,Calceolaria,,"ballotifolia",,"","Kraenzl.",Accepted,,M,WCSP (in review),822605,273692-2,"Repert. Spec. Nov. Regni Veg.","27: 18","","1929"
kew-2690966,A,Calceolariaceae,,Calceolaria,,"barbata",,"","Molau",Accepted,,M,WCSP (in review),822607,273693-2,"Fl. Neotrop. Monogr.","47: 132","","1988"
kew-2690967,A,Calceolariaceae,,Calceolaria,,"bartsiifolia",,"","Wedd.",Accepted,,M,WCSP (in review),822608,800180-1,"Chlor. Andina","2: 134","","1860"
kew-2690971,A,Calceolariaceae,,Calceolaria,,"belophora",,"","Pennell",Accepted,,M,WCSP (in review),822612,41238-2,"Proc. Acad. Nat. Sci. Philadelphia","103: 177","","1951"
kew-2690972,A,Calceolariaceae,,Calceolaria,,"bentae",,"","Molau",Accepted,,M,WCSP (in review),822613,935674-1,"Fl. Neotrop. Monogr.","47: 318","","1988"
kew-2690977,A,Calceolariaceae,,Calceolaria,,"bicolor",,"","Ruiz & Pav.",Accepted,,L,WCSP (in review),822618,273694-2,"Fl. Peruv.","1: 16","","1798"
kew-2690978,A,Calceolariaceae,,Calceolaria,,"bicrenata",,"","Ruiz & Pav.",Accepted,,M,WCSP (in review),822619,273695-2,"Fl. Peruv.","1: 15","","1798"
kew-2690980,A,Calceolariaceae,,Calceolaria,,"biflora",,"","Lam.",Accepted,,M,WCSP (in review),822621,41242-2,"Encycl.","1: 556","","1785"
kew-2690990,A,Calceolariaceae,,Calceolaria,,"bogotensis",,"","(Pennell) Pennell",Accepted,,M,WCSP (in review),822631,800196-1,"Proc. Acad. Nat. Sci. Philadelphia","103: 137","","1951"
tro-29200548,A,Calceolariaceae,,Calceolaria,,"bolivariana",,"","Melch.",Unresolved,,L,TRO,29200548,,"","","",""
kew-2690991,A,Calceolariaceae,,Calceolaria,,"boliviana",,"","(Britton ex Rusby) Pennell",Accepted,,M,WCSP (in review),822632,41248-2,"Proc. Acad. Nat. Sci. Philadelphia","97: 170","","1945"
kew-2690994,A,Calceolariaceae,,Calceolaria,,"borsinii",,"","Rossow",Accepted,,M,WCSP (in review),822635,1012881-1,"in Fl. Patagonica","6: 313","","1999"
kew-2690997,A,Calceolariaceae,,Calceolaria,,"brachiata",,"","Kraenzl.",Accepted,,M,WCSP (in review),822638,41251-2,"Repert. Spec. Nov. Regni Veg.","1: 106","","1905"
kew-2690998,A,Calceolariaceae,,Calceolaria,,"brachyantha",,"","Edwin",Unresolved,Invalid,L,WCSP (in review),822639,41252-2,"Phytologia","19: 373","","1970"
kew-2691004,A,Calceolariaceae,,Calceolaria,,"brunellifolia",,"","Phil.",Accepted,,M,WCSP (in review),822645,41253-2,"Anales Univ. Chile","91: 155","","1895"
kew-2691005,A,Calceolariaceae,,Calceolaria,,"buchtieniana",,"","Kraenzl.",Accepted,,M,WCSP (in review),822646,273697-2,"Repert. Spec. Nov. Regni Veg.","5: 369","","1908"
kew-2691006,A,Calceolariaceae,,Calceolaria,,"bullata",,"","Molau",Accepted,,M,WCSP (in review),822647,273698-2,"Nordic J. Bot.","4: 641","","1984"
kew-2691007,A,Calceolariaceae,,Calceolaria,×,"burbidgei",,"","auct.",Unresolved,,L,WCSP (in review),822648,,"Gard. Chron.","n.s., 1886: 464","","1886"
kew-2691008,A,Calceolariaceae,,Calceolaria,,"caerulescens",,"","Jacques",Unresolved,,L,WCSP (in review),822649,1013734-1,"Ann. Fl. Pomone","1835-1836: 155","","1836"
kew-2691009,A,Calceolariaceae,,Calceolaria,,"caespitosa",,"","Molau",Accepted,,M,WCSP (in review),822650,273699-2,"Nordic J. Bot.","4: 653","","1984"
kew-2691011,A,Calceolariaceae,,Calceolaria,,"cajabambae",,"","Kraenzl.",Accepted,,M,WCSP (in review),822652,273700-2,"Repert. Spec. Nov. Regni Veg.","1: 102","","1905"
kew-2899513,A,Calceolariaceae,,Calceolaria,,"caleuana",,"","Muñoz-Schick & A.Moreira",Accepted,,M,WCSP (in review),1022227,77105355-1,"Gayana, Bot.","66: 279","","2009"
kew-2691014,A,Calceolariaceae,,Calceolaria,,"calycina",,"","Benth.",Accepted,,M,WCSP (in review),822655,800210-1,"Prodr.","10: 211","","1846"
kew-2691015,A,Calceolariaceae,,Calceolaria,,"campanae",,"","Phil.",Accepted,,M,WCSP (in review),822656,41259-2,"Anales Univ. Chile","91: 152","","1895"
kew-2691018,A,Calceolariaceae,,Calceolaria,,"cana",,"","Cav.",Accepted,,M,WCSP (in review),822659,,"Icon.","5: 27","","1799"
kew-2691026,A,Calceolariaceae,,Calceolaria,,"cataractarum",,"","Molau",Accepted,,M,WCSP (in review),822667,41267-2,"Bot. Not.","133: 363","","1980"
kew-2691028,A,Calceolariaceae,,Calceolaria,,"cavanillesii",,"","Phil.",Accepted,,M,WCSP (in review),822669,313806-2,"Anales Univ. Chile","43: 532","","1873"
kew-2691031,A,Calceolariaceae,,Calceolaria,,"chaetostemon",,"","Pennell",Accepted,,M,WCSP (in review),822672,41270-2,"Proc. Acad. Nat. Sci. Philadelphia","97: 171","","1945"
kew-2691034,A,Calceolariaceae,,Calceolaria,,"chelidonioides",,"","Kunth",Accepted,,M,WCSP (in review),822675,800227-1,"Nov. Gen. Sp.","2: 378","","1818"
tro-29204850,A,Calceolariaceae,,Calceolaria,,"chelodonifolia",,"","Kunth",Unresolved,,L,TRO,29204850,,"","","",""
kew-2691044,A,Calceolariaceae,,Calceolaria,,"chrysosphaera",,"","Pennell",Accepted,,M,WCSP (in review),822685,41279-2,"Proc. Acad. Nat. Sci. Philadelphia","97: 156","","1945"
kew-2691045,A,Calceolariaceae,,Calceolaria,,"chubutensis",,"","Skottsb.",Unresolved,,L,WCSP (in review),822686,41280-2,"Kongl. Svenska Vetensk. Acad. Handl.","n.s., 56(5): 298","","1916"
kew-2691050,A,Calceolariaceae,,Calceolaria,,"collina",,"","Phil.",Accepted,,M,WCSP (in review),822691,323656-2,"Linnaea","29: 30","","1857"
kew-2691051,A,Calceolariaceae,,Calceolaria,,"collina",subsp.,"conferta","(Witasek) C.Ehrh.",Accepted,,L,WCSP (in review),822692,1084914-2,"Biblioth. Bot.","153: 113","","2000"
kew-2691052,A,Calceolariaceae,,Calceolaria,,"collina",subsp.,"subincisa","(Benth.) C.Ehrh.",Accepted,,L,WCSP (in review),822693,1105635-2,"Biblioth. Bot.","153: 113","","2000"
kew-2691053,A,Calceolariaceae,,Calceolaria,,"colombiana",,"","Pennell",Accepted,,M,WCSP (in review),822694,41284-2,"Proc. Acad. Nat. Sci. Philadelphia","103: 110","","1951"
kew-2691054,A,Calceolariaceae,,Calceolaria,,"colquepatana",,"","Pennell",Accepted,,M,WCSP (in review),822695,800238-1,"Proc. Acad. Nat. Sci. Philadelphia","103: 89","","1951"
kew-2691056,A,Calceolariaceae,,Calceolaria,,"commutata",,"","Molau",Accepted,,M,WCSP (in review),822697,273705-2,"Fl. Neotrop. Monogr.","47: 124","","1988"
kew-2691057,A,Calceolariaceae,,Calceolaria,,"comosa",,"","Pennell",Accepted,,M,WCSP (in review),822698,41285-2,"Proc. Acad. Nat. Sci. Philadelphia","103: 129","","1951"
kew-2691060,A,Calceolariaceae,,Calceolaria,,"concava",,"","Molau",Accepted,,M,WCSP (in review),822701,273707-2,"Nordic J. Bot.","4: 638","","1984"
kew-2691065,A,Calceolariaceae,,Calceolaria,,"connatifolia",,"","Pennell",Accepted,,M,WCSP (in review),822706,41288-2,"Notul. Nat. Acad. Nat. Sci. Philadelphia","236: 2","","1951"
kew-2691066,A,Calceolariaceae,,Calceolaria,,"conocarpa",,"","Pennell",Accepted,,M,WCSP (in review),822707,41289-2,"Proc. Acad. Nat. Sci. Philadelphia","97: 172","","1945"
kew-2691072,A,Calceolariaceae,,Calceolaria,,"cordifolia",,"","Molau",Accepted,,M,WCSP (in review),822713,273708-2,"Nordic J. Bot.","4: 649","","1984"
kew-2691073,A,Calceolariaceae,,Calceolaria,,"cordiformis",,"","Edwin ex Moldau",Accepted,,M,WCSP (in review),822714,,"Fl. Neotrop. Monogr.","47: 200","","1988"
tro-29202120,A,Calceolariaceae,,Calceolaria,,"cordiformis",,"","Edwin",Unresolved,,L,TRO,29202120,41295-2,"Phytologia","19: 376","376","1970"
kew-2691074,A,Calceolariaceae,,Calceolaria,,"corymbosa",,"","Ruiz & Pav.",Accepted,,M,WCSP (in review),822715,41296-2,"Fl. Peruv.","1: 14","","1798"
kew-2691075,A,Calceolariaceae,,Calceolaria,,"corymbosa",subsp.,"floccosa","(Witasek) C.Ehrh.",Accepted,,L,WCSP (in review),822716,1124370-2,"Biblioth. Bot.","153: 130","","2000"
kew-2691076,A,Calceolariaceae,,Calceolaria,,"corymbosa",subsp.,"mimuloides","(Clos) C.Ehrh.",Accepted,,L,WCSP (in review),822717,1133191-2,"Biblioth. Bot.","153: 130","","2000"
kew-2691080,A,Calceolariaceae,,Calceolaria,,"corymbosa",subsp.,"tetraphylla","(Phil.) C.Ehrh.",Accepted,,L,WCSP (in review),822721,1117913-2,"Biblioth. Bot.","153: 130","","2000"
kew-2691082,A,Calceolariaceae,,Calceolaria,,"crassa",,"","Molau",Accepted,,M,WCSP (in review),822723,273709-2,"Nordic J. Bot.","4: 632","","1984"
tro-29200561,A,Calceolariaceae,,Calceolaria,,"crassipetiolata",,"","Melch.",Unresolved,,L,TRO,29200561,,"","","",""
kew-2691084,A,Calceolariaceae,,Calceolaria,,"crenata",,"","Lam.",Accepted,,M,WCSP (in review),822725,800252-1,"Encycl.","1: 556","","1785"
tro-29206489,A,Calceolariaceae,,Calceolaria,,"crenata x ferruginea",,"","Hack.",Accepted,,M,TRO,29206489,,"Fl. Ecuador","21: 136","136","1984"
tro-29206487,A,Calceolariaceae,,Calceolaria,,"crenata x hyssopifolia",,"","C.H. Mull.",Accepted,,M,TRO,29206487,,"Fl. Ecuador","21: 135","135","1984"
kew-2691088,A,Calceolariaceae,,Calceolaria,,"crenatiflora",,"","Cav.",Accepted,,M,WCSP (in review),822729,41302-2,"Icon.","5: 28","","1799"
kew-2691094,A,Calceolariaceae,,Calceolaria,,"cumbemayensis",,"","Molau",Accepted,,M,WCSP (in review),822735,273711-2,"Nordic J. Bot.","4: 651","","1984"
kew-2691096,A,Calceolariaceae,,Calceolaria,,"cuneiformis",,"","Ruiz & Pav.",Accepted,,M,WCSP (in review),822737,273712-2,"Fl. Peruv.","1: 19","","1798"
kew-2691104,A,Calceolariaceae,,Calceolaria,,"cymbiflora",,"","Sandwith",Unresolved,,L,WCSP (in review),822745,41314-2,"Bull. Misc. Inform. Kew","1928: 111","","1928"
kew-2691105,A,Calceolariaceae,,Calceolaria,,"cypripediiflora",,"","Kraenzl.",Accepted,,M,WCSP (in review),822746,273714-2,"Repert. Spec. Nov. Regni Veg.","1: 101","","1905"
kew-2691109,A,Calceolariaceae,,Calceolaria,,"deflexa",,"","Ruiz & Pav.",Accepted,,M,WCSP (in review),822750,273715-2,"Fl. Peruv.","1: 18","","1798"
kew-2691114,A,Calceolariaceae,,Calceolaria,,"densiflora",,"","Molau",Accepted,,M,WCSP (in review),822755,41321-2,"Bot. Not.","132: 234","","1979"
kew-2691115,A,Calceolariaceae,,Calceolaria,,"densifolia",,"","Phil.",Accepted,,M,WCSP (in review),822756,323829-2,"Linnaea","33: 216","","1865"
kew-2691117,A,Calceolariaceae,,Calceolaria,,"dentata",,"","Ruiz & Pav.",Accepted,,M,WCSP (in review),822758,41322-2,"Fl. Peruv.","1: 18","","1798"
kew-2691118,A,Calceolariaceae,,Calceolaria,,"dentata",subsp.,"araucana","(Phil.) C.Ehrh.",Accepted,,L,WCSP (in review),822759,1019193-1,"Biblioth. Bot.","153: 210","","2000"
kew-2691122,A,Calceolariaceae,,Calceolaria,,"dentata",subsp.,"cummingiana","(Witasek) C.Ehrh.",Accepted,,L,WCSP (in review),822763,1019192-1,"Biblioth. Bot.","153: 209","","2000"
kew-2691125,A,Calceolariaceae,,Calceolaria,,"dentifolia",,"","Edwin",Accepted,,M,WCSP (in review),822766,41326-2,"Phytologia","19: 379","","1970"
kew-2691126,A,Calceolariaceae,,Calceolaria,,"dichotoma",,"","Lam.",Accepted,,M,WCSP (in review),822767,800278-1,"Tabl. Encycl.","1: 32","","1791"
kew-2691128,A,Calceolariaceae,,Calceolaria,,"dilatata",,"","Benth.",Accepted,,M,WCSP (in review),822769,800280-1,"Prodr.","10: 211","","1846"
tro-29206491,A,Calceolariaceae,,Calceolaria,,"dilatata x lanata",,"","Pax",Accepted,,M,TRO,29206491,,"Fl. Ecuador","21: 136","136","1984"
tro-29206492,A,Calceolariaceae,,Calceolaria,,"dilatata x pavonii",,"","Bor",Accepted,,M,TRO,29206492,,"Fl. Ecuador","21: 137","137","1984"
tro-29206493,A,Calceolariaceae,,Calceolaria,,"dilatata x purpurascens",,"","Raf.",Accepted,,M,TRO,29206493,,"Fl. Ecuador","21: 137","137","1984"
kew-2691129,A,Calceolariaceae,,Calceolaria,,"discotheca",,"","Molau",Accepted,,M,WCSP (in review),822770,41329-2,"Bot. Not.","132: 236","","1979"
kew-2691130,A,Calceolariaceae,,Calceolaria,,"divaricata",,"","Kunth",Accepted,,M,WCSP (in review),822771,41328-2,"Nov. Gen. Sp.","2: 381","","1818"
kew-2691136,A,Calceolariaceae,,Calceolaria,,"elatior",,"","Griseb.",Accepted,,M,WCSP (in review),822777,800287-1,"Abh. Königl. Ges. Wiss. Göttingen","24: 237","","1879"
kew-2691140,A,Calceolariaceae,,Calceolaria,,"engleriana",,"","Kraenzl.",Accepted,,M,WCSP (in review),822781,273722-2,"Repert. Spec. Nov. Regni Veg.","1: 106","","1905"
kew-2691146,A,Calceolariaceae,,Calceolaria,,"ericoides",,"","Juss. ex Vahl",Accepted,,M,WCSP (in review),822787,800293-1,"Enum. Pl.","1: 190","","1804"
kew-2691151,A,Calceolariaceae,,Calceolaria,,"excelsa",,"","Courtois",Unresolved,,L,WCSP (in review),822792,,"Mag. Hort. (Liége)","1: 64","","1833"
kew-2691154,A,Calceolariaceae,,Calceolaria,,"extensa",,"","Benth.",Accepted,,M,WCSP (in review),822795,800301-1,"Prodr.","10: 214","","1846"
kew-2691160,A,Calceolariaceae,,Calceolaria,,"ferruginea",,"","Cav.",Accepted,,M,WCSP (in review),822801,,"Icon.","5: 27","","1799"
tro-29206918,A,Calceolariaceae,,Calceolaria,,"ferruginea x commutata",,"","Torr. & A. Gray",Accepted,,M,TRO,29206918,,"Fl. Neotrop.","47: 121","121","1988"
tro-29206919,A,Calceolariaceae,,Calceolaria,,"ferruginea x crenata",,"","Dalla Torre & Harms",Accepted,,M,TRO,29206919,,"Fl. Neotrop.","47: 121","121","1988"
kew-2691165,A,Calceolariaceae,,Calceolaria,,"filicaulis",,"","Clos",Accepted,,M,WCSP (in review),822806,41355-2,"Fl. Chil.","5: 181","","1849"
kew-2691166,A,Calceolariaceae,,Calceolaria,,"filicaulis",subsp.,"luxurians","(Witasek) C.Ehrh.",Accepted,,L,WCSP (in review),822807,1011532-2,"Biblioth. Bot.","153: 167","","2000"
kew-2691170,A,Calceolariaceae,,Calceolaria,,"flavovirens",,"","C.Ehrh.",Accepted,,M,WCSP (in review),822811,323831-2,"Biblioth. Bot.","153: 225","","2000"
kew-2691171,A,Calceolariaceae,,Calceolaria,,"flexuosa",,"","Ruiz & Pav.",Accepted,,M,WCSP (in review),822812,273729-2,"Fl. Peruv.","1: 17, 26","","1798"
kew-2691172,A,Calceolariaceae,,Calceolaria,,"flexuosa",subsp.,"chrysocalyx","(Pennell) Molau",Accepted,,L,WCSP (in review),822813,954799-1,"Fl. Neotrop. Monogr.","47: 199","","1988"
kew-2691177,A,Calceolariaceae,,Calceolaria,,"flosparva",,"","Edwin",Accepted,,M,WCSP (in review),822818,41361-2,"Phytologia","19: 380","","1970"
kew-2691182,A,Calceolariaceae,,Calceolaria,,"fothergillii",,"","Aiton",Accepted,,M,WCSP (in review),822823,,"Hort. Kew.","1: 30","","1789"
tro-29200581,A,Calceolariaceae,,Calceolaria,,"fothergillii",,"","Cav.",Unresolved,,L,TRO,29200581,,"","","",""
kew-2691183,A,Calceolariaceae,,Calceolaria,,"frondosa",,"","Molau",Accepted,,M,WCSP (in review),822824,273731-2,"Fl. Neotrop. Monogr.","47: 67","","1988"
kew-2691184,A,Calceolariaceae,,Calceolaria,×,"fruticohybrida",,"","Voss",Unresolved,,L,WCSP (in review),822825,800324-1,"Vilm. Blumengärtn. ed. 3","1: 777","","1895"
kew-2691191,A,Calceolariaceae,,Calceolaria,,"fulva",,"","Witasek",Accepted,,M,WCSP (in review),822832,41369-2,"Oesterr. Bot. Z.","56: 16","","1906"
kew-2691195,A,Calceolariaceae,,Calceolaria,,"fusca",,"","Pennell",Accepted,,M,WCSP (in review),822836,41373-2,"Proc. Acad. Nat. Sci. Philadelphia","103: 132","","1951"
kew-2691196,A,Calceolariaceae,,Calceolaria,,"gaultherioides",,"","Molau",Accepted,,M,WCSP (in review),822837,41374-2,"Bot. Not.","132: 234","","1979"
kew-2691197,A,Calceolariaceae,,Calceolaria,×,"gellaniana",,"","Penny ex Loudon",Unresolved,,L,WCSP (in review),822838,,"Suppl. Hort. Brit.","1: 588","","1850"
kew-2691199,A,Calceolariaceae,,Calceolaria,,"georgiana",,"","Phil.",Accepted,,M,WCSP (in review),822840,800334-1,"Anales Univ. Chile","91: 138","","1894"
kew-2691200,A,Calceolariaceae,,Calceolaria,,"germainii",,"","Witasek",Accepted,,M,WCSP (in review),822841,800335-1,"Oesterr. Bot. Z.","56: 15","","1906"
kew-2691204,A,Calceolariaceae,,Calceolaria,,"glacialis",,"","Wedd.",Accepted,,M,WCSP (in review),822845,273733-2,"Chlor. Andina","2: 143","","1860"
kew-2691206,A,Calceolariaceae,,Calceolaria,,"glandulosa",,"","Poepp. ex Benth.",Accepted,,M,WCSP (in review),822847,41379-2,"Prodr.","10: 210","","1846"
kew-2691208,A,Calceolariaceae,,Calceolaria,,"glandulosa",subsp.,"alicahuensis","(Muñoz-Schick) C.Ehrh.",Accepted,,L,WCSP (in review),822849,1019195-1,"Biblioth. Bot.","153: 294","","2000"
kew-2691211,A,Calceolariaceae,,Calceolaria,,"glauca",,"","Ruiz & Pav.",Accepted,,M,WCSP (in review),822852,273734-2,"Fl. Peruv.","1: 17","","1798"
kew-2691217,A,Calceolariaceae,,Calceolaria,,"gnidiifolia",,"","Willd. ex Link",Unresolved,Invalid,L,WCSP (in review),822858,800347-1,"Jahrb. Gewächsk.","1(3): 54","","1820"
kew-2691218,A,Calceolariaceae,,Calceolaria,,"gossypina",,"","Benth.",Accepted,,M,WCSP (in review),822859,800348-1,"Prodr.","10: 223","","1846"
kew-2691224,A,Calceolariaceae,,Calceolaria,,"grandiflora",,"","Pennell",Accepted,,M,WCSP (in review),822865,41391-2,"Proc. Acad. Nat. Sci. Philadelphia","103: 179","","1951"
kew-2691228,A,Calceolariaceae,,Calceolaria,×,"guttata",,"","Willmore ex Knowles & Westc.",Unresolved,,L,WCSP (in review),822869,800356-1,"Fl. Cab.","1: 21","","1837"
kew-2691230,A,Calceolariaceae,,Calceolaria,,"harlingii",,"","Molau",Accepted,,M,WCSP (in review),822871,935672-1,"Fl. Neotrop. Monogr.","47: 316","","1988"
kew-2691234,A,Calceolariaceae,,Calceolaria,,"helianthemoides",,"","Kunth",Accepted,,M,WCSP (in review),822875,41399-2,"Nov. Gen. Sp.","2: 387","","1818"
kew-2691236,A,Calceolariaceae,,Calceolaria,×,"herbeohybrida",,"","Voss",Unresolved,,L,WCSP (in review),822877,800364-1,"Vilm. Blumengärtn. ed. 3","1: 775","","1895"
kew-2691243,A,Calceolariaceae,,Calceolaria,,"heterophylla",,"","Ruiz & Pav.",Accepted,,M,WCSP (in review),822884,273740-2,"Fl. Peruv.","1: 16","","1798"
kew-2691249,A,Calceolariaceae,,Calceolaria,,"hirsuta",,"","Molau",Accepted,,M,WCSP (in review),822890,273742-2,"Nordic J. Bot.","4: 648","","1984"
kew-2691252,A,Calceolariaceae,,Calceolaria,,"hirtiflora",,"","Pennell",Accepted,,M,WCSP (in review),822893,41409-2,"Proc. Acad. Nat. Sci. Philadelphia","103: 147","","1951"
kew-2691253,A,Calceolariaceae,,Calceolaria,,"hispida",,"","Benth.",Accepted,,M,WCSP (in review),822894,800376-1,"Prodr.","10: 212","","1846"
kew-2691263,A,Calceolariaceae,,Calceolaria,,"hypericina",,"","Poepp. ex Benth.",Accepted,,M,WCSP (in review),822904,41417-2,"Prodr.","10: 222","","1846"
kew-2691264,A,Calceolariaceae,,Calceolaria,,"hypoleuca",,"","Meyen",Accepted,,M,WCSP (in review),822905,800387-1,"Observ. Bot.","1: 224","","1834"
kew-2691265,A,Calceolariaceae,,Calceolaria,,"hypoleuca",,"","Benth.",Unresolved,Illegitimate,L,WCSP (in review),822906,800388-1,"Prodr.","10: 222","","1846"
kew-2691266,A,Calceolariaceae,,Calceolaria,,"hypoleuca",,"","Kraenzl.",Unresolved,Illegitimate,L,WCSP (in review),822907,41419-2,"Repert. Spec. Nov. Regni Veg.","27: 25","","1929"
kew-2691267,A,Calceolariaceae,,Calceolaria,,"hyssopifolia",,"","Kunth",Accepted,,M,WCSP (in review),822908,800390-1,"Nov. Gen. Sp.","2: 386","","1818"
kew-2691268,A,Calceolariaceae,,Calceolaria,,"inamoena",,"","Kraenzl.",Accepted,,M,WCSP (in review),822909,41421-2,"Pflanzenr.","IV, 257C: 89","","1907"
kew-2691269,A,Calceolariaceae,,Calceolaria,,"inamoena",subsp.,"millefoliata","(Kraenzl.) Molau",Accepted,,L,WCSP (in review),822910,954797-1,"Fl. Neotrop. Monogr.","47: 180","","1988"
kew-2691270,A,Calceolariaceae,,Calceolaria,,"inaudita",,"","Kraenzl.",Accepted,,M,WCSP (in review),822911,273747-2,"Repert. Spec. Nov. Regni Veg.","1: 104","","1905"
kew-2691271,A,Calceolariaceae,,Calceolaria,,"incachacensis",,"","Kraenzl.",Accepted,,M,WCSP (in review),822912,273748-2,"Repert. Spec. Nov. Regni Veg.","27: 20","","1929"
kew-2691273,A,Calceolariaceae,,Calceolaria,,"incarum",,"","Kraenzl.",Accepted,,M,WCSP (in review),822914,41424-2,"Repert. Spec. Nov. Regni Veg.","1: 103","","1905"
kew-2691275,A,Calceolariaceae,,Calceolaria,,"inflexa",,"","Ruiz & Pav.",Accepted,,M,WCSP (in review),822916,273752-2,"Fl. Peruv.","1: 16","","1798"
kew-2691277,A,Calceolariaceae,,Calceolaria,,"integrifolia",,"","L.",Accepted,,M,WCSP (in review),822918,,"Syst. Veg. ed. 13","2: 61","","1770"
kew-2691283,A,Calceolariaceae,,Calceolaria,,"involuta",,"","Ruiz & Pav.",Accepted,,M,WCSP (in review),822924,273753-2,"Fl. Peruv.","1: 15","","1798"
kew-2691285,A,Calceolariaceae,,Calceolaria,,"irazuensis",,"","Donn.Sm.",Accepted,,M,WCSP (in review),822926,41431-2,"Bot. Gaz.","20: 292","","1895"
kew-2691286,A,Calceolariaceae,,Calceolaria,,"jujuyensis",,"","Botta",Accepted,,M,WCSP (in review),822927,41432-2,"Hickenia","1: 237","","1981"
kew-2691287,A,Calceolariaceae,,Calceolaria,,"juncalensis",,"","Kraenzl.",Accepted,,M,WCSP (in review),822928,41433-2,"Repert. Spec. Nov. Regni Veg.","27: 7","","1929"
kew-2691288,A,Calceolariaceae,,Calceolaria,×,"kellyana",,"","auct.",Unresolved,,L,WCSP (in review),822929,,"Gard. Chron.","n.s., 1883: 12","","1883"
kew-2691291,A,Calceolariaceae,,Calceolaria,,"kraenzliniae",,"","Kraenzl.",Accepted,,M,WCSP (in review),822932,273754-2,"Bot. Jahrb. Syst.","54(119): 19","","1916"
kew-2691294,A,Calceolariaceae,,Calceolaria,,"laevis",,"","Molau",Accepted,,M,WCSP (in review),822935,273755-2,"Nordic J. Bot.","4: 637","","1984"
kew-2691295,A,Calceolariaceae,,Calceolaria,,"lagunae-blancae",,"","Kraenzl.",Accepted,,M,WCSP (in review),822936,800407-1,"Bot. Jahrb. Syst.","50(111): 68","","1913"
kew-2691296,A,Calceolariaceae,,Calceolaria,,"lamiifolia",,"","Kunth",Accepted,,L,WCSP (in review),822937,41439-2,"Nov. Gen. Sp.","2: 383","","1818"
kew-2691297,A,Calceolariaceae,,Calceolaria,,"lanata",,"","Kunth",Accepted,,M,WCSP (in review),822938,800409-1,"Nov. Gen. Sp.","2: 383","","1818"
kew-2691301,A,Calceolariaceae,,Calceolaria,,"lanceolata",f.,"acutifolia","(Witasek) Bowden",Unresolved,,L,WCSP (in review),822942,952458-1,"J. Ontario Rock Gard. Soc.","June: 3","","1986"
kew-2691304,A,Calceolariaceae,,Calceolaria,,"lanceolata",var.,"pusilla","(Witasek) Reiche",Unresolved,,L,WCSP (in review),822945,41444-2,"Fl. Chile","6: 14","","1911"
kew-2691307,A,Calceolariaceae,,Calceolaria,,"lanigera",,"","Phil.",Accepted,,M,WCSP (in review),822948,323826-2,"Anales Univ. Chile","65: 63","","1884"
kew-2691310,A,Calceolariaceae,,Calceolaria,,"lasiocalyx",,"","Pennell",Accepted,,M,WCSP (in review),822951,41446-2,"Proc. Acad. Nat. Sci. Philadelphia","97: 168","","1945"
kew-2691312,A,Calceolariaceae,,Calceolaria,,"latifolia",,"","Benth.",Accepted,,M,WCSP (in review),822953,41447-2,"Prodr.","10: 212","","1846"
kew-2691314,A,Calceolariaceae,,Calceolaria,,"lavandulifolia",,"","Kunth",Accepted,,M,WCSP (in review),822955,41449-2,"Nov. Gen. Sp.","2: 386","","1818"
kew-2691318,A,Calceolariaceae,,Calceolaria,,"lehmanniana",,"","Kraenzl.",Accepted,,M,WCSP (in review),822959,41453-2,"Repert. Spec. Nov. Regni Veg.","1: 100","","1905"
kew-2691321,A,Calceolariaceae,,Calceolaria,,"lepida",,"","Phil.",Accepted,,M,WCSP (in review),822962,41455-2,"Anales Univ. Chile","91: 140","","1895"
kew-2691322,A,Calceolariaceae,,Calceolaria,,"lepidota",,"","Kraenzl.",Accepted,,M,WCSP (in review),822963,41456-2,"Repert. Spec. Nov. Regni Veg.","1: 83","","1905"
kew-2691323,A,Calceolariaceae,,Calceolaria,,"leptantha",,"","Pennell",Accepted,,M,WCSP (in review),822964,41457-2,"Proc. Acad. Nat. Sci. Philadelphia","97: 163","","1945"
kew-2691325,A,Calceolariaceae,,Calceolaria,,"leucanthera",,"","Pennell",Accepted,,M,WCSP (in review),822966,41458-2,"Proc. Acad. Nat. Sci. Philadelphia","103: 137","","1951"
kew-2691329,A,Calceolariaceae,,Calceolaria,,"linearis",,"","Ruiz & Pav.",Accepted,,M,WCSP (in review),822970,800431-1,"Fl. Peruv.","1: 19","","1798"
kew-2691333,A,Calceolariaceae,,Calceolaria,,"llamaensis",,"","(Edwin) Molau",Accepted,,M,WCSP (in review),822974,913772-1,"Nordic J. Bot.","4: 643","","1984"
kew-2691334,A,Calceolariaceae,,Calceolaria,,"lobata",,"","Cav.",Accepted,,M,WCSP (in review),822975,273759-2,"Icon.","5: 26","","1799"
kew-2691336,A,Calceolariaceae,,Calceolaria,,"lojensis",,"","Pennell",Accepted,,M,WCSP (in review),822977,41464-2,"Proc. Acad. Nat. Sci. Philadelphia","103: 170","","1951"
kew-2691344,A,Calceolariaceae,,Calceolaria,,"lossenii",,"","Kraenzl.",Unresolved,,L,WCSP (in review),822985,,"Repert. Spec. Nov. Regni Veg.","27: 13","","1929"
kew-2691346,A,Calceolariaceae,,Calceolaria,,"ludens",,"","Kraenzl.",Accepted,,M,WCSP (in review),822987,273762-2,"Repert. Spec. Nov. Regni Veg.","16: 450","","1920"
kew-2691347,A,Calceolariaceae,,Calceolaria,,"luteocalyx",,"","Edwin",Accepted,,M,WCSP (in review),822988,41471-2,"Phytologia","19: 388","","1970"
kew-2691353,A,Calceolariaceae,,Calceolaria,,"maculata",,"","Edwin",Accepted,,M,WCSP (in review),822994,41477-2,"Phytologia","19: 389","","1970"
kew-2691356,A,Calceolariaceae,,Calceolaria,,"mandoniana",,"","Kraenzl.",Accepted,,M,WCSP (in review),822997,41480-2,"Pflanzenr.","IV, 257C: 30","","1907"
kew-2691357,A,Calceolariaceae,,Calceolaria,×,"martineauae",,"","Lowe ex Sweet",Unresolved,,L,WCSP (in review),822998,,"Brit. Fl. Gard.","6: t. 162","","1833"
kew-2691358,A,Calceolariaceae,,Calceolaria,,"martinezii",,"","Kraenzl.",Accepted,,M,WCSP (in review),822999,273765-2,"Repert. Spec. Nov. Regni Veg.","1: 105","","1905"
kew-2691362,A,Calceolariaceae,,Calceolaria,,"melissifolia",,"","Benth.",Accepted,,M,WCSP (in review),823003,800458-1,"Prodr.","10: 214","","1846"
kew-2691363,A,Calceolariaceae,,Calceolaria,,"melissifolia",subsp.,"pseudoscabra","(Edwin) Molau",Accepted,,L,WCSP (in review),823004,923067-1,"Nordic J. Bot.","4: 640","","1984"
kew-2691364,A,Calceolariaceae,,Calceolaria,,"mendocina",,"","Phil.",Unresolved,,L,WCSP (in review),823005,323655-2,"Anales Univ. Chile","21: 404","","1862"
kew-2691366,A,Calceolariaceae,,Calceolaria,,"mexicana",,"","Benth.",Accepted,,L,WCSP (in review),823007,800461-1,"Pl. Hartw.","47","","1840"
kew-2691367,A,Calceolariaceae,,Calceolaria,,"mexicana",subsp.,"perijensis","(Pennell) Molau",Accepted,,L,WCSP (in review),823008,919730-1,"Nordic J. Bot.","1: 603","","1981"
kew-2691369,A,Calceolariaceae,,Calceolaria,,"mexicana",subsp.,"prostrata","(Kraenzl.) Molau",Accepted,,L,WCSP (in review),823010,919731-1,"Nordic J. Bot.","1: 603","","1981"
kew-2691370,A,Calceolariaceae,,Calceolaria,,"meyeniana",,"","Phil.",Accepted,,M,WCSP (in review),823011,41491-2,"Linnaea","29: 32","","1857"
kew-2691371,A,Calceolariaceae,,Calceolaria,,"meyeniana",subsp.,"cheiranthoides","(Witasek) C.Ehrh.",Accepted,,L,WCSP (in review),823012,1136575-2,"Biblioth. Bot.","153: 267","","2000"
kew-2691372,A,Calceolariaceae,,Calceolaria,,"meyeniana",subsp.,"glabrata","(Phil.) C.Ehrh.",Accepted,,L,WCSP (in review),823013,1043505-2,"Biblioth. Bot.","153: 267","","2000"
kew-2691373,A,Calceolariaceae,,Calceolaria,,"meyeniana",subsp.,"nahuelbutae","(Phil.) C.Ehrh.",Accepted,,L,WCSP (in review),823014,1019197-1,"Biblioth. Bot.","153: 267","","2000"
kew-2691374,A,Calceolariaceae,,Calceolaria,,"micans",,"","Molau",Accepted,,M,WCSP (in review),823015,273768-2,"Nordic J. Bot.","4: 635","","1984"
kew-2691376,A,Calceolariaceae,,Calceolaria,,"microbefaria",,"","Kraenzl.",Accepted,,M,WCSP (in review),823017,41493-2,"Ann. K. K. Naturhist. Hofmus.","22: 193","","1907"
kew-2691377,A,Calceolariaceae,,Calceolaria,,"microbefaria",subsp.,"fruticosa","(Pennell) Molau",Accepted,,L,WCSP (in review),823018,41494-2,"Bot. Not.","132: 45","","1979"
kew-2691378,A,Calceolariaceae,,Calceolaria,,"microbefaria",subsp.,"tatamana","(Pennell) Molau",Accepted,,L,WCSP (in review),823019,41495-2,"Bot. Not.","132: 45","","1979"
kew-2903360,A,Calceolariaceae,,Calceolaria,,"molaui",,"","Puppo",Unresolved,,L,WCSP (in review),1025817,77113770-1,"J. Bot. Res. Inst. Texas","4: 33","","2010"
kew-2691387,A,Calceolariaceae,,Calceolaria,,"mollissima",,"","Walp.",Accepted,,M,WCSP (in review),823028,800471-1,"Nov. Actorum Acad. Caes. Leop.-Carol. Nat. Cur.","19(Suppl. 1): 396","","1843"
kew-2691388,A,Calceolariaceae,,Calceolaria,,"monantha",,"","Kraenzl.",Accepted,,M,WCSP (in review),823029,273770-2,"Repert. Spec. Nov. Regni Veg.","27: 20","","1929"
kew-2691391,A,Calceolariaceae,,Calceolaria,,"morisii",,"","Walp.",Accepted,,M,WCSP (in review),823032,41503-2,"Repert. Bot. Syst.","3: 157","","1844"
kew-2691393,A,Calceolariaceae,,Calceolaria,,"moyobambae",,"","Kraenzl.",Accepted,,M,WCSP (in review),823034,273771-2,"Repert. Spec. Nov. Regni Veg.","4: 353","","1907"
kew-2691395,A,Calceolariaceae,,Calceolaria,,"myriophylla",,"","Kraenzl.",Accepted,,M,WCSP (in review),823036,273773-2,"Pflanzenr.","IV, 257C: 88","","1907"
kew-2691400,A,Calceolariaceae,,Calceolaria,,"neglecta",,"","Molau",Accepted,,M,WCSP (in review),823041,273775-2,"Nordic J. Bot.","4: 641","","1984"
kew-2691401,A,Calceolariaceae,,Calceolaria,,"nevadensis",,"","(Pennell) Standl.",Accepted,,M,WCSP (in review),823042,800484-1,"Publ. Field Mus. Nat. Hist., Bot. Ser.","11: 174","","1936"
kew-2691402,A,Calceolariaceae,,Calceolaria,,"nevadensis",subsp.,"meridensis","(Pennell) Molau",Accepted,,L,WCSP (in review),823043,919732-1,"Nordic J. Bot.","1: 507","","1981"
kew-2691404,A,Calceolariaceae,,Calceolaria,,"nitida",,"","Colla",Accepted,,M,WCSP (in review),823045,41510-2,"Herb. Pedem.","4: 330","","1835"
kew-2691405,A,Calceolariaceae,,Calceolaria,,"nivalis",,"","Kunth",Accepted,,M,WCSP (in review),823046,41511-2,"Nov. Gen. Sp.","2: 381","","1818"
kew-2691407,A,Calceolariaceae,,Calceolaria,,"nivalis",subsp.,"cerasifolia","(Benth.) Molau",Accepted,,L,WCSP (in review),823048,41512-2,"Bot. Not.","132: 36","","1979"
kew-2691410,A,Calceolariaceae,,Calceolaria,,"nudicaulis",,"","Benth.",Accepted,,M,WCSP (in review),823051,41513-2,"Prodr.","10: 208","","1846"
kew-2691411,A,Calceolariaceae,,Calceolaria,,"obliqua",,"","Molau",Accepted,,M,WCSP (in review),823052,935671-1,"Fl. Neotrop. Monogr.","47: 215","","1988"
kew-2691412,A,Calceolariaceae,,Calceolaria,,"oblonga",,"","Ruiz & Pav.",Accepted,,M,WCSP (in review),823053,273776-2,"Fl. Peruv.","1: 15","","1798"
kew-2691415,A,Calceolariaceae,,Calceolaria,,"obtusa",,"","Molau",Accepted,,M,WCSP (in review),823056,41516-2,"Nordic J. Bot.","1: 168","","1981"
kew-2691419,A,Calceolariaceae,,Calceolaria,,"odontophylla",,"","Molau",Accepted,,M,WCSP (in review),823060,41518-2,"Bot. Not.","131: 299","","1978"
kew-2691421,A,Calceolariaceae,,Calceolaria,,"olivacea",,"","Molau",Accepted,,M,WCSP (in review),823062,935668-1,"Fl. Neotrop. Monogr.","47: 109","","1988"
kew-2691425,A,Calceolariaceae,,Calceolaria,,"oreophila",,"","Molau",Accepted,,M,WCSP (in review),823066,41521-2,"Bot. Not.","132: 233","","1979"
kew-2606495,A,Calceolariaceae,,Calceolaria,,"oxapampensis",,"","Puppo",Accepted,,M,WCSP (in review),739549,77094473-1,"Novon","18: 101","","2008"
kew-2691427,A,Calceolariaceae,,Calceolaria,,"oxyphylla",,"","Molau",Accepted,,M,WCSP (in review),823068,41523-2,"Bot. Not.","132: 39","","1979"
kew-2691432,A,Calceolariaceae,,Calceolaria,,"pallida",,"","Phil.",Accepted,,M,WCSP (in review),823073,41528-2,"Anales Univ. Chile","91: 144","","1895"
kew-2691443,A,Calceolariaceae,,Calceolaria,,"paniculata",,"","G.Don",Unresolved,,L,WCSP (in review),823084,800512-1,"Gen. Hist.","4: 606","","1837"
kew-2691445,A,Calceolariaceae,,Calceolaria,,"paposana",,"","Phil.",Accepted,,M,WCSP (in review),823086,273777-2,"Fl. Atacam.","46","","1860"
kew-2691447,A,Calceolariaceae,,Calceolaria,,"paralia",,"","Cav.",Accepted,,M,WCSP (in review),823088,41537-2,"Icon.","5: 29","","1799"
kew-2691449,A,Calceolariaceae,,Calceolaria,×,"pardanthera",,"","W.Baxter ex Loudon",Unresolved,,L,WCSP (in review),823090,,"Suppl. Hort. Brit.","2: 616","","1850"
kew-2691451,A,Calceolariaceae,,Calceolaria,,"parviflora",,"","Gillies ex Benth.",Accepted,,M,WCSP (in review),823092,800520-1,"Prodr.","10: 207","","1846"
kew-2691455,A,Calceolariaceae,,Calceolaria,,"parvifolia",,"","Wedd.",Accepted,,M,WCSP (in review),823096,273779-2,"Chlor. Andina","2: 134","","1860"
kew-2691457,A,Calceolariaceae,,Calceolaria,,"parvifolia",subsp.,"guentheri","(Kraenzl.) Molau",Accepted,,L,WCSP (in review),823098,954796-1,"Fl. Neotrop. Monogr.","47: 172","","1988"
kew-2691458,A,Calceolariaceae,,Calceolaria,,"patagonica",,"","Kraenzl.",Unresolved,,L,WCSP (in review),823099,41541-2,"Rep. Princeton Univ. Exped. Patagonia, Botany","8(Suppl. Bot.): 236","","1914"
kew-2691461,A,Calceolariaceae,,Calceolaria,,"pavonii",,"","Benth.",Accepted,,M,WCSP (in review),823102,41544-2,"Prodr.","10: 211","","1846"
kew-2691463,A,Calceolariaceae,,Calceolaria,,"pedunculata",,"","Molau",Accepted,,M,WCSP (in review),823104,41546-2,"Bot. Not.","132: 39","","1979"
kew-2691466,A,Calceolariaceae,,Calceolaria,,"penlandii",,"","Pennell",Accepted,,M,WCSP (in review),823107,41548-2,"Proc. Acad. Nat. Sci. Philadelphia","103: 151","","1951"
kew-2691467,A,Calceolariaceae,,Calceolaria,,"penlandii",subsp.,"puraceensis","(Pennell) Molau",Accepted,,L,WCSP (in review),823108,919733-1,"Nordic J. Bot.","1: 172","","1981"
kew-2691468,A,Calceolariaceae,,Calceolaria,,"pennellii",,"","Descole & Borsini",Accepted,,M,WCSP (in review),823109,41550-2,"Lilloa","27: 91","","1955"
tro-29203702,A,Calceolariaceae,,Calceolaria,,"pennellii",,"","Desc. & Bors.",Unresolved,,L,TRO,29203702,,"","","",""
kew-2691470,A,Calceolariaceae,,Calceolaria,,"percaespitosa",,"","Wooden",Accepted,,M,WCSP (in review),823111,800533-1,"Bol. Soc. Bot. Libertad","4: 15","","1972"
kew-2691471,A,Calceolariaceae,,Calceolaria,,"perfoliata",,"","L.f.",Accepted,,M,WCSP (in review),823112,800535-1,"Suppl. Pl.","86","","1782"
tro-29206490,A,Calceolariaceae,,Calceolaria,,"perfoliata x calycina",,"","Post & Kuntze",Accepted,,M,TRO,29206490,,"Fl. Ecuador","21: 136","136","1984"
kew-2691476,A,Calceolariaceae,,Calceolaria,,"petioalaris",,"","Cav.",Accepted,,M,WCSP (in review),823117,800538-1,"Icon.","5: 30, 451","","1799"
kew-2691482,A,Calceolariaceae,,Calceolaria,,"phaceliifolia",,"","Edwin",Accepted,,M,WCSP (in review),823123,41562-2,"Phytologia","19: 390","","1970"
kew-2691483,A,Calceolariaceae,,Calceolaria,,"phaeotricha",,"","Molau",Accepted,,M,WCSP (in review),823124,41563-2,"Bot. Not.","132: 37","","1979"
kew-2691485,A,Calceolariaceae,,Calceolaria,,"picta",,"","Phil.",Accepted,,M,WCSP (in review),823126,323658-2,"Linnaea","29: 34","","1857"
kew-2691486,A,Calceolariaceae,,Calceolaria,,"pilosa",,"","Molau",Accepted,,M,WCSP (in review),823127,273780-2,"Nordic J. Bot.","4: 646","","1984"
kew-2691487,A,Calceolariaceae,,Calceolaria,,"pinifolia",,"","Cav.",Accepted,,M,WCSP (in review),823128,41564-2,"Icon.","5: 26","","1799"
kew-2691488,A,Calceolariaceae,,Calceolaria,,"pinnata",,"","L.",Accepted,,M,WCSP (in review),823129,800545-1,"Mant. Pl.","2: 171","","1771"
kew-2691490,A,Calceolariaceae,,Calceolaria,,"pinnata",subsp.,"delicatula","(Kraenzl.) Molau",Accepted,,L,WCSP (in review),823131,954802-1,"Fl. Neotrop. Monogr.","47: 248","","1988"
kew-2691491,A,Calceolariaceae,,Calceolaria,,"pisacomensis",,"","Meyen ex Walp.",Accepted,,M,WCSP (in review),823132,273783-2,"Nov. Actorum Acad. Caes. Leop.-Carol. Nat. Cur.","19(Suppl. 1): 396","","1843"
kew-2691495,A,Calceolariaceae,,Calceolaria,,"platyzyga",,"","Diels",Accepted,,M,WCSP (in review),823136,800549-1,"Biblioth. Bot.","29: 141","","1937"
kew-2691496,A,Calceolariaceae,,Calceolaria,,"plectranthifolia",,"","Walp.",Accepted,,M,WCSP (in review),823137,273784-2,"Nov. Actorum Acad. Caes. Leop.-Carol. Nat. Cur.","19(Suppl. 1): 394","","1843"
kew-2691500,A,Calceolariaceae,,Calceolaria,,"poikilanthes",,"","Sandwith",Accepted,,M,WCSP (in review),823141,41575-2,"Bull. Misc. Inform. Kew","1927: 183","","1927"
kew-2691501,A,Calceolariaceae,,Calceolaria,,"polifolia",,"","Hook.",Accepted,,M,WCSP (in review),823142,41576-2,"Bot. Mag.","56: t. 2897","","1829"
kew-2691502,A,Calceolariaceae,,Calceolaria,×,"polyantha",,"","Penny ex Loudon",Unresolved,,L,WCSP (in review),823143,,"Suppl. Hort. Brit.","1: 588","","1850"
kew-2691503,A,Calceolariaceae,,Calceolaria,,"polyclada",,"","Kraenzl.",Accepted,,M,WCSP (in review),823144,273786-2,"Repert. Spec. Nov. Regni Veg.","1: 105","","1905"
kew-2691505,A,Calceolariaceae,,Calceolaria,,"polyrhiza",,"","Cav.",Accepted,,L,WCSP (in review),823146,41579-2,"Icon.","5: 25","","1799"
kew-2691508,A,Calceolariaceae,,Calceolaria,,"prichardii",,"","(Rendle) Kraenzl.",Unresolved,,L,WCSP (in review),823149,41581-2,"Pflanzenr.","IV, 257C: 39","","1907"
kew-2691510,A,Calceolariaceae,,Calceolaria,,"procera",,"","Pennell",Accepted,,M,WCSP (in review),823151,41584-2,"Proc. Acad. Nat. Sci. Philadelphia","97: 154","","1945"
kew-2691513,A,Calceolariaceae,,Calceolaria,,"psammophila",,"","Skottsb.",Accepted,,M,WCSP (in review),823154,41586-2,"Kongl. Svenska Vetensk. Acad. Handl.","n.s., 56(5): 300","","1916"
kew-2691519,A,Calceolariaceae,,Calceolaria,,"pulverulenta",,"","Ruiz & Pav.",Accepted,,M,WCSP (in review),823160,273789-2,"Fl. Peruv.","1: 19","","1798"
kew-2691520,A,Calceolariaceae,,Calceolaria,,"pumila",,"","Edwin",Accepted,,M,WCSP (in review),823161,41591-2,"Phytologia","19: 393","","1970"
kew-2691523,A,Calceolariaceae,,Calceolaria,,"puncticulata",,"","(Ruiz & Pav.) Phil.",Unresolved,,L,WCSP (in review),823164,800574-1,"Linnaea","29: 36","","1857"
kew-2691524,A,Calceolariaceae,,Calceolaria,,"punicea",,"","Ruiz & Pav.",Accepted,,M,WCSP (in review),823165,273790-2,"Fl. Peruv.","1: 15","","1798"
kew-2691526,A,Calceolariaceae,,Calceolaria,,"purpurascens",,"","(Kraenzl.) Molau",Accepted,,M,WCSP (in review),823167,41596-2,"Nordic J. Bot.","1: 497","","1981"
kew-2691527,A,Calceolariaceae,,Calceolaria,,"purpurea",,"","Graham",Accepted,,M,WCSP (in review),823168,,"Bot. Mag.","54: t. 2775","","1827"
kew-2691532,A,Calceolariaceae,,Calceolaria,×,"quinamadivensis",,"","Kraenzl.",Unresolved,,L,WCSP (in review),823173,41601-2,"Repert. Spec. Nov. Regni Veg.","27: 8","","1929"
tro-29203712,A,Calceolariaceae,,Calceolaria,,"quinamadivensis",,"","Kraenzl.",Accepted,,M,TRO,29203712,,"","","",""
kew-2691534,A,Calceolariaceae,,Calceolaria,,"quitoensis",,"","Pennell",Accepted,,M,WCSP (in review),823175,41603-2,"Proc. Acad. Nat. Sci. Philadelphia","103: 105","","1951"
kew-2691537,A,Calceolariaceae,,Calceolaria,,"ramosa",,"","Molau",Accepted,,M,WCSP (in review),823178,273791-2,"Nordic J. Bot.","4: 645","","1984"
kew-2691541,A,Calceolariaceae,,Calceolaria,,"rariflora",,"","Molau",Accepted,,M,WCSP (in review),823182,273792-2,"Nordic J. Bot.","4: 638","","1984"
kew-2691544,A,Calceolariaceae,,Calceolaria,,"reichlinii",,"","Edwin",Accepted,,M,WCSP (in review),823185,41610-2,"Phytologia","19: 394","","1970"
kew-2691546,A,Calceolariaceae,,Calceolaria,,"revoluta",,"","Pennell",Accepted,,M,WCSP (in review),823187,41611-2,"Proc. Acad. Nat. Sci. Philadelphia","97: 165","","1945"
kew-2691547,A,Calceolariaceae,,Calceolaria,,"rhacodes",,"","Kraenzl.",Accepted,,M,WCSP (in review),823188,41612-2,"Bot. Jahrb. Syst.","50(111): 71","","1913"
kew-2691549,A,Calceolariaceae,,Calceolaria,,"rhododendroides",,"","Kraenzl.",Accepted,,M,WCSP (in review),823190,273794-2,"Pflanzenr.","IV, 257C: 88","","1907"
kew-2691550,A,Calceolariaceae,,Calceolaria,,"rhombifolia",,"","Molau",Accepted,,M,WCSP (in review),823191,20011921-1,"Novon","13: 101","","2003"
kew-2691553,A,Calceolariaceae,,Calceolaria,,"rinconada",,"","C.Ehrh.",Accepted,,M,WCSP (in review),823194,995825-1,"Sendtnera","4: 62","","1997"
kew-2691556,A,Calceolariaceae,,Calceolaria,,"rivularis",,"","Kraenzl.",Accepted,,M,WCSP (in review),823197,273795-2,"Repert. Spec. Nov. Regni Veg.","1: 83","","1905"
kew-2691559,A,Calceolariaceae,,Calceolaria,,"rosmarinifolia",,"","Lam.",Accepted,,M,WCSP (in review),823200,800602-1,"Encycl.","1: 556","","1785"
kew-2691564,A,Calceolariaceae,,Calceolaria,,"rotundifolia",,"","Kunth",Accepted,,M,WCSP (in review),823205,41624-2,"Nov. Gen. Sp.","2: 382","","1818"
kew-2691565,A,Calceolariaceae,,Calceolaria,,"rubiginosa",,"","C.Ehrh.",Accepted,,M,WCSP (in review),823206,,"Syst. Bot.","30: 397","","2005"
kew-2691566,A,Calceolariaceae,,Calceolaria,,"rufescens",,"","Molau",Accepted,,M,WCSP (in review),823207,935673-1,"Fl. Neotrop. Monogr.","47: 317","","1988"
kew-2691572,A,Calceolariaceae,,Calceolaria,,"rugulosa",,"","Edwin",Accepted,,M,WCSP (in review),823213,41628-2,"Phytologia","19: 395","","1970"
kew-2691573,A,Calceolariaceae,,Calceolaria,,"ruiz-lealii",,"","Descole & Borsini",Accepted,,M,WCSP (in review),823214,41629-2,"Gen. Sp. Pl. Argent.","5: 76","","1954"
kew-2691575,A,Calceolariaceae,,Calceolaria,,"rupestris",,"","Molau",Accepted,,M,WCSP (in review),823216,273796-2,"Nordic J. Bot.","4: 634","","1984"
tro-29203718,A,Calceolariaceae,,Calceolaria,,"rupicola",,"","Meigen",Accepted,,M,TRO,29203718,,"","","",""
kew-2691580,A,Calceolariaceae,,Calceolaria,,"salicifolia",,"","Ruiz & Pav.",Accepted,,M,WCSP (in review),823221,273797-2,"Fl. Peruv.","1: 18","","1798"
kew-2691583,A,Calceolariaceae,,Calceolaria,,"salviifolia",,"","Colla",Unresolved,,L,WCSP (in review),823224,800617-1,"Herb. Pedem.","4: 331","","1835"
kew-2691584,A,Calceolariaceae,,Calceolaria,,"santolinoides",,"","Kraenzl.",Accepted,,M,WCSP (in review),823225,273799-2,"Bot. Jahrb. Syst.","50(111): 73","","1913"
kew-2691591,A,Calceolariaceae,,Calceolaria,,"scabra",,"","Ruiz & Pav.",Accepted,,M,WCSP (in review),823231,,"Fl. Peruv.","1: 19","","1798"
kew-2691593,A,Calceolariaceae,,Calceolaria,,"scapiflora",,"","(Ruiz & Pav.) Benth.",Accepted,,M,WCSP (in review),823233,800626-1,"Prodr.","10: 206","","1846"
kew-2691596,A,Calceolariaceae,,Calceolaria,,"schickendantziana",,"","Kraenzl.",Accepted,,M,WCSP (in review),823236,273800-2,"Repert. Spec. Nov. Regni Veg.","1: 104","","1905"
kew-2691598,A,Calceolariaceae,,Calceolaria,,"sclerophylla",,"","Molau",Accepted,,M,WCSP (in review),823238,273801-2,"Nordic J. Bot.","4: 630","","1984"
kew-2691600,A,Calceolariaceae,,Calceolaria,,"segethii",,"","Phil.",Accepted,,M,WCSP (in review),823240,313809-2,"Linnaea","29: 29","","1857"
kew-2691601,A,Calceolariaceae,,Calceolaria,,"semiconnata",,"","Pennell",Accepted,,M,WCSP (in review),823241,41647-2,"Proc. Acad. Nat. Sci. Philadelphia","103: 154","","1951"
kew-2691602,A,Calceolariaceae,,Calceolaria,,"sericea",,"","Pennell",Accepted,,M,WCSP (in review),823242,41648-2,"Proc. Acad. Nat. Sci. Philadelphia","103: 124","","1951"
kew-2691603,A,Calceolariaceae,,Calceolaria,,"serrata",,"","Lam.",Accepted,,M,WCSP (in review),823243,800633-1,"Encycl.","1: 555","","1785"
kew-2691605,A,Calceolariaceae,,Calceolaria,,"sessilis",,"","Ruiz & Pav.",Accepted,,M,WCSP (in review),823245,800634-1,"Fl. Peruv.","1: 18","","1798"
kew-2691607,A,Calceolariaceae,,Calceolaria,,"sibthorpioides",,"","Kunth",Accepted,,M,WCSP (in review),823247,273802-2,"Nov. Gen. Sp.","2: 382","","1818"
kew-2691613,A,Calceolariaceae,,Calceolaria,,"sonchensis",,"","Pennell ex Edwin",Accepted,,M,WCSP (in review),823253,41657-2,"Phytologia","19: 397","","1970"
kew-2691614,A,Calceolariaceae,,Calceolaria,,"soratensis",,"","Kraenzl.",Accepted,,M,WCSP (in review),823254,273803-2,"Pflanzenr.","IV, 257C: 105","","1907"
kew-2691615,A,Calceolariaceae,,Calceolaria,,"sotarensis",,"","Pennell",Accepted,,M,WCSP (in review),823255,41659-2,"Proc. Acad. Nat. Sci. Philadelphia","103: 116","","1951"
kew-2691617,A,Calceolariaceae,,Calceolaria,,"sparsiflora",,"","Kunze",Accepted,,M,WCSP (in review),823257,273804-2,"Linnaea","24: 228","","1851"
kew-2691619,A,Calceolariaceae,,Calceolaria,,"spathulata",,"","Witasek",Accepted,,M,WCSP (in review),823259,41662-2,"Oesterr. Bot. Z.","56: 14","","1906"
kew-2691620,A,Calceolariaceae,,Calceolaria,,"speciosa",,"","Pennell",Accepted,,M,WCSP (in review),823260,800649-1,"Proc. Acad. Nat. Sci. Philadelphia","97: 167","","1945"
tro-50106546,A,Calceolariaceae,,Calceolaria,,"sphacrantha",,"","Pennell",Unresolved,,L,TRO,50106546,,"Proc. Acad. Nat. Sci. Philadelphia","103: 148","148","1951"
kew-2691623,A,Calceolariaceae,,Calceolaria,,"spruceana",,"","Kraenzl.",Accepted,,M,WCSP (in review),823263,41665-2,"Pflanzenr.","IV, 257C: 104","","1907"
kew-2691626,A,Calceolariaceae,,Calceolaria,×,"standishii",,"","Paxton",Unresolved,,L,WCSP (in review),823266,800654-1,"Paxton's Mag. Bot.","9: t. 75","","1842"
kew-2691627,A,Calceolariaceae,,Calceolaria,,"stellariifolia",,"","Phil.",Accepted,,M,WCSP (in review),823267,800655-1,"Anales Mus. Nac. Santiago de Chile","2: 70","","1892"
kew-2691632,A,Calceolariaceae,,Calceolaria,,"stricta",,"","Kunth",Accepted,,M,WCSP (in review),823272,41672-2,"Nov. Gen. Sp.","2: 380","","1818"
kew-2691636,A,Calceolariaceae,,Calceolaria,,"talcana",,"","J.Grau & C.Ehrh.",Accepted,,M,WCSP (in review),823276,975547-1,"Sendtnera","1: 290","","1993"
kew-2691639,A,Calceolariaceae,,Calceolaria,,"tenella",,"","Poepp.",Accepted,,M,WCSP (in review),823279,800665-1,"Nov. Gen. Sp. Pl.","3: 76","","1845"
kew-2691643,A,Calceolariaceae,,Calceolaria,,"tenuis",,"","Benth.",Accepted,,M,WCSP (in review),823283,41678-2,"Prodr.","10: 205","","1846"
kew-2691644,A,Calceolariaceae,,Calceolaria,,"ternata",,"","Molau",Accepted,,M,WCSP (in review),823284,41679-2,"Bot. Not.","133: 41","","1980"
kew-2691646,A,Calceolariaceae,,Calceolaria,,"tetragona",,"","Benth.",Accepted,,M,WCSP (in review),823286,273806-2,"Prodr.","10: 218","","1846"
kew-2691647,A,Calceolariaceae,,Calceolaria,,"tetragona",subsp.,"endopogon","(Kraenzl.) Molau",Accepted,,L,WCSP (in review),823287,954795-1,"Fl. Neotrop. Monogr.","47: 81","","1988"
kew-2691649,A,Calceolariaceae,,Calceolaria,,"teucrioides",,"","Griseb.",Accepted,,M,WCSP (in review),823289,800674-1,"Abh. Königl. Ges. Wiss. Göttingen","19: 212","","1874"
kew-2691652,A,Calceolariaceae,,Calceolaria,,"thyrsiflora",,"","Graham",Accepted,,M,WCSP (in review),823292,41683-2,"Edinburgh New Philos. J.","5: 372","","1828"
kew-2691656,A,Calceolariaceae,,Calceolaria,,"tomentosa",,"","Ruiz & Pav.",Accepted,,M,WCSP (in review),823296,273810-2,"Fl. Peruv.","1: 15","","1798"
kew-2691658,A,Calceolariaceae,,Calceolaria,,"triandra",,"","(Cav.) Vahl",Unresolved,,L,WCSP (in review),823298,800679-1,"Enum. Pl.","1: 181","","1804"
kew-2691659,A,Calceolariaceae,,Calceolaria,,"trichanthera",,"","Molau",Accepted,,M,WCSP (in review),823299,41688-2,"Nordic J. Bot.","1: 174","","1981"
kew-2691661,A,Calceolariaceae,,Calceolaria,,"triloba",,"","Edwin",Accepted,,M,WCSP (in review),823301,41690-2,"Phytologia","19: 399","","1970"
kew-2691662,A,Calceolariaceae,,Calceolaria,,"trilobata",,"","Hemsl.",Accepted,,M,WCSP (in review),823302,800682-1,"Biol. Cent.-Amer., Bot.","2: 439","","1882"
kew-2691663,A,Calceolariaceae,,Calceolaria,,"trilobata",subsp.,"aequilateralis","(Edwin) Molau",Accepted,,L,WCSP (in review),823303,954800-1,"Fl. Neotrop. Monogr.","47: 242","","1988"
kew-2691666,A,Calceolariaceae,,Calceolaria,,"trilobata",subsp.,"herzogiana","(Kraenzl.) Molau",Accepted,,L,WCSP (in review),823306,954801-1,"Fl. Neotrop. Monogr.","47: 243","","1988"
kew-2691669,A,Calceolariaceae,,Calceolaria,,"tripartita",,"","Ruiz & Pav.",Accepted,,M,WCSP (in review),823309,41696-2,"Fl. Peruv.","1: 14","","1798"
kew-2691686,A,Calceolariaceae,,Calceolaria,,"tucumana",,"","Descole",Accepted,,M,WCSP (in review),823326,41712-2,"Lilloa","8: 346","","1942"
kew-2691688,A,Calceolariaceae,,Calceolaria,,"umbellata",,"","Wedd.",Accepted,,M,WCSP (in review),823328,273814-2,"Chlor. Andina","2: 142","","1860"
kew-2691689,A,Calceolariaceae,,Calceolaria,,"undulata",,"","Benth.",Accepted,,M,WCSP (in review),823329,41714-2,"Prodr.","10: 212","","1846"
kew-2691690,A,Calceolariaceae,,Calceolaria,,"uniflora",,"","Lam.",Accepted,,M,WCSP (in review),823330,320821-2,"Tabl. Encycl.","1: 52","","1791"
kew-2691695,A,Calceolariaceae,,Calceolaria,,"urticifolia",,"","Molau",Accepted,,M,WCSP (in review),823335,20011922-1,"Novon","13: 103","","2003"
kew-2691699,A,Calceolariaceae,,Calceolaria,,"utricularioides",,"","Hook. ex Benth.",Accepted,,M,WCSP (in review),823339,41722-2,"Prodr.","10: 213","","1846"
kew-2691700,A,Calceolariaceae,,Calceolaria,,"vaccinioides",,"","Kraenzl.",Accepted,,M,WCSP (in review),823340,41723-2,"Repert. Spec. Nov. Regni Veg.","27: 17","","1929"
kew-2691701,A,Calceolariaceae,,Calceolaria,,"valdiviana",,"","Phil.",Accepted,,M,WCSP (in review),823341,313810-2,"Linnaea","29: 35","","1857"
kew-2691702,A,Calceolariaceae,,Calceolaria,,"valdiviana",subsp.,"crassifolia","(Phil.) C.Ehrh.",Accepted,,L,WCSP (in review),823342,1011386-2,"Biblioth. Bot.","153: 202","","2000"
kew-2691703,A,Calceolariaceae,,Calceolaria,,"variifolia",,"","Edwin",Accepted,,M,WCSP (in review),823343,800699-1,"Phytologia","19: 400","","1970"
kew-2691705,A,Calceolariaceae,,Calceolaria,,"velutina",,"","Pennell",Accepted,,M,WCSP (in review),823345,41726-2,"Proc. Acad. Nat. Sci. Philadelphia","103: 176","","1951"
kew-2691706,A,Calceolariaceae,,Calceolaria,,"velutinoides",,"","Edwin",Accepted,,M,WCSP (in review),823346,41727-2,"Phytologia","19: 401","","1970"
kew-2691707,A,Calceolariaceae,,Calceolaria,,"verbascifolia",,"","Phil.",Accepted,,M,WCSP (in review),823347,800703-1,"Linnaea","29: 30","","1857"
kew-2691717,A,Calceolariaceae,,Calceolaria,,"virgata",,"","Ruiz & Pav.",Accepted,,M,WCSP (in review),823357,41733-2,"Fl. Peruv.","1: 20","","1798"
kew-2691719,A,Calceolariaceae,,Calceolaria,,"viscosa",,"","Ruiz & Pav.",Accepted,,M,WCSP (in review),823359,273817-2,"Fl. Peruv.","1: 18","","1798"
kew-2691720,A,Calceolariaceae,,Calceolaria,,"viscosissima",,"","(Hook.) Lindl.",Accepted,,M,WCSP (in review),823360,800712-1,"Edwards's Bot. Reg.","19: t. 1611","","1833"
kew-2691721,A,Calceolariaceae,,Calceolaria,,"volckmannii",,"","Phil.",Accepted,,M,WCSP (in review),823361,41737-2,"Linnaea","33: 218","","1865"
kew-2691722,A,Calceolariaceae,,Calceolaria,,"vulpina",,"","Kraenzl.",Accepted,,M,WCSP (in review),823362,273818-2,"Bot. Jahrb. Syst.","54(119): 18","","1916"
kew-2691723,A,Calceolariaceae,,Calceolaria,,"weberbaueriana",,"","Kraenzl.",Accepted,,M,WCSP (in review),823363,273819-2,"Repert. Spec. Nov. Regni Veg.","1: 101","","1905"
kew-2691724,A,Calceolariaceae,,Calceolaria,,"werdermannii",,"","Kraenzl.",Accepted,,M,WCSP (in review),823364,41740-2,"Repert. Spec. Nov. Regni Veg.","27: 6","","1929"
kew-2691725,A,Calceolariaceae,,Calceolaria,×,"wettsteiniana",,"","Witasek",Accepted,,M,WCSP (in review),823365,41741-2,"Oesterr. Bot. Z.","56: 15","","1906"
kew-2691727,A,Calceolariaceae,,Calceolaria,,"williamsii",,"","Phil.",Accepted,,M,WCSP (in review),823367,41742-2,"Anales Univ. Chile","91: 158","","1895"
kew-2691730,A,Calceolariaceae,,Calceolaria,×,"youngii",,"","Lindl.",Unresolved,,L,WCSP (in review),823370,800722-1,"Edwards's Bot. Reg.","17: t. 1448","","1831"
kew-2691732,A,Calceolariaceae,,Calceolaria,,"zamorana",,"","Molau",Accepted,,M,WCSP (in review),823372,41746-2,"Nordic J. Bot.","1: 509","","1981"
kew-2331425,A,Calceolariaceae,,Jovellana,,"guentheri",,"","Kraenzl.",Unresolved,,L,WCSP (in review),471679,131700-2,"Repert. Spec. Nov. Regni Veg.","27: 1","","1929"
tro-29200805,A,Calceolariaceae,,Jovellana,,"punctata",,"","Ruiz & Pav.",Accepted,,M,TRO,29200805,804053-1,"Fl. Peruv.","1: 13, t. 18, f. a","13","1798"
kew-2331417,A,Calceolariaceae,,Jovellana,,"repens",,"","(Hook.f.) Kraenzl.",Unresolved,,L,WCSP (in review),471671,,"Pflanzenr.","IV, 257C: 20","","1907"
kew-2331419,A,Calceolariaceae,,Jovellana,,"sinclairii",,"","(Hook.) Kraenzl.",Unresolved,,L,WCSP (in review),471673,,"Pflanzenr.","IV, 257C: 18","","1907"
kew-2331420,A,Calceolariaceae,,Jovellana,,"sturmii",,"","Kraenzl.",Unresolved,,L,WCSP (in review),471674,,"Pflanzenr.","IV, 257C: 20","","1907"
tro-29203749,A,Calceolariaceae,,Jovellana,,"violacea",,"","(Cav.) G. Don",Accepted,,L,TRO,29203749,804059-1,"Gen. Hist.","4: 608","608","1838"
tro-29202280,A,Calceolariaceae,,Porodittia,,"triandra",,"","(Cav.) G. Don",Accepted,,M,TRO,29202280,,"Gen. Hist.","4: 608","608","1838"
tro-50203562,A,Calceolariaceae,,Stemotria,,"triandra",,"","(Cav.) Govaerts",Accepted,,M,TRO,50203562,1010005-1,"World Checkl. Seed Pl.","3(1): 21","21","1999"
