﻿ID,Major group,Family,Genus hybrid marker,Genus,Species hybrid marker,Species,Infraspecific rank,Infraspecific epithet,Authorship,Taxonomic status in TPL,Nomenclatural status from original data source,Confidence level,Source,Source id,IPNI id,Publication,Collation,Page,Date
tro-50105716,A,Calophyllaceae,,Calophyllum,,"bintagor",,"","Roxb.",Unresolved,,L,TRO,50105716,,"Hort. Bengal.","41","41","1814"
tro-100354813,A,Calophyllaceae,,Calophyllum,,"burmani",,"","Wight",Unresolved,,L,TRO,100354813,,"Ill. Ind. Bot.","1: 129","129","1840"
tro-7801603,A,Calophyllaceae,,Calophyllum,,"polyanthum",,"","Wall. ex Choisy",Unresolved,,L,TRO,7801603,,"Descr. Guttif. Inde.","43","43","1849"
tro-50078896,A,Calophyllaceae,,Calophyllum,,"pulgarensis",,"","Elmer",Unresolved,,L,TRO,50078896,,"Leafl. Philipp. Bot.","5: 1786","1786","1913"
tro-50218840,A,Calophyllaceae,,Calophyllum,,"streinmannii",,"","P.F. Stevens",Unresolved,,L,TRO,50218840,,"Austral. J. Bot.","22(2): 401","401","1974"
tro-100303906,A,Calophyllaceae,,Calophyllum,,"wallichianum",,"","Planch. & Triana",Unresolved,,L,TRO,100303906,427337-1,"Ann. Sci. Nat., Bot., sér. 4,","15: 277","277","1861"
kew-2698911,A,Calophyllaceae,,Caraipa,,"ampla",,"","Ducke",Accepted,,M,WCSP (in review),830335,45017-2,"Arch. Jard. Bot. Rio de Janeiro","3: 218","","1922"
kew-2895719,A,Calophyllaceae,,Caraipa,,"andina",,"","Aymard & L.M.Campb.",Accepted,,M,WCSP (in review),1018639,77096325-1,"Rodriguésia","59: 394","","2008"
kew-2698912,A,Calophyllaceae,,Caraipa,,"angustifolia",,"","Aubl.",Unresolved,,L,WCSP (in review),830336,828559-1,"Hist. Pl. Guiane","1: 561","","1775"
kew-2698913,A,Calophyllaceae,,Caraipa,,"aracaensis",,"","Kubitzki",Accepted,,M,WCSP (in review),830337,274021-2,"Acta Amazon.","16-17: 158","","1986-1987 publ. 1987"
kew-2698917,A,Calophyllaceae,,Caraipa,,"costata",,"","Spruce ex Benth.",Accepted,,M,WCSP (in review),830341,828562-1,"J. Proc. Linn. Soc., Bot.","5: 61","","1860"
kew-2698918,A,Calophyllaceae,,Caraipa,,"densifolia",,"","Mart.",Accepted,,M,WCSP (in review),830342,828563-1,"Nov. Gen. Sp. Pl.","1: 105","","1826"
kew-2698920,A,Calophyllaceae,,Caraipa,,"duckeana",,"","Kubitzki",Accepted,,M,WCSP (in review),830344,45020-2,"Mem. New York Bot. Gard.","29: 124","","1978"
kew-2698926,A,Calophyllaceae,,Caraipa,,"foveolata",,"","Huber",Accepted,,M,WCSP (in review),830350,45025-2,"Bull. Soc. Bot. Genève","II, 6: 190","","1914 publ. 1915"
kew-2698930,A,Calophyllaceae,,Caraipa,,"grandifolia",,"","Mart.",Accepted,,M,WCSP (in review),830354,828566-1,"Nov. Gen. Sp. Pl.","1: 105","","1826"
kew-2698931,A,Calophyllaceae,,Caraipa,,"grandifolia",subsp.,"lacerdaei","(Barb.Rodr.) Kubitzki",Accepted,,L,WCSP (in review),830355,45028-2,"Mem. New York Bot. Gard.","29: 121","","1978"
kew-2698933,A,Calophyllaceae,,Caraipa,,"heterocarpa",,"","Ducke",Accepted,,M,WCSP (in review),830357,45029-2,"Bull. Mus. Natl. Hist. Nat.","II, 4: 742","","1932"
kew-2698935,A,Calophyllaceae,,Caraipa,,"jaramilloi",,"","R.Vásquez",Accepted,,M,WCSP (in review),830359,301881-2,"Ann. Missouri Bot. Gard.","78: 1003","","1991"
kew-2698941,A,Calophyllaceae,,Caraipa,,"llanorum",,"","Cuatrec.",Accepted,,M,WCSP (in review),830365,45033-2,"Revista Acad. Colomb. Ci. Exact.","8: 64","","1950"
kew-2698944,A,Calophyllaceae,,Caraipa,,"longipedicellata",,"","Steyerm.",Accepted,,M,WCSP (in review),830368,45035-2,"Fieldiana, Bot.","28: 385","","1952"
kew-2698945,A,Calophyllaceae,,Caraipa,,"longisepala",,"","Kubitzki",Accepted,,M,WCSP (in review),830369,274022-2,"Acta Amazon.","16-17: 160","","1986-1987 publ. 1987"
kew-2698947,A,Calophyllaceae,,Caraipa,,"minor",,"","Huber",Accepted,,M,WCSP (in review),830371,45036-2,"Bol. Mus. Goeldi Hist. Nat. Ethnogr.","3: 434","","1905"
kew-2698948,A,Calophyllaceae,,Caraipa,,"multinervia",,"","Kubitzki",Accepted,,M,WCSP (in review),830372,274023-2,"Acta Amazon.","16-17: 157","","1986-1987 publ. 1987"
kew-2698950,A,Calophyllaceae,,Caraipa,,"myrcioides",,"","Ducke",Accepted,,M,WCSP (in review),830374,45037-2,"Arch. Jard. Bot. Rio de Janeiro","3: 217","","1922"
tro-7800069,A,Calophyllaceae,,Caraipa,,"myricaefolia",,"","Spruce",Unresolved,,L,TRO,7800069,,"","","",""
kew-2698951,A,Calophyllaceae,,Caraipa,,"odorata",,"","Ducke",Accepted,,M,WCSP (in review),830375,45038-2,"Notizbl. Bot. Gart. Berlin-Dahlem","11: 588","","1932"
kew-2698958,A,Calophyllaceae,,Caraipa,,"parvielliptica",,"","Cuatrec.",Accepted,,M,WCSP (in review),830382,45044-2,"Revista Acad. Colomb. Ci. Exact.","8: 64","","1950"
kew-2698959,A,Calophyllaceae,,Caraipa,,"parvifolia",,"","Aubl.",Accepted,,M,WCSP (in review),830383,828579-1,"Hist. Pl. Guiane","1: 561","","1775"
kew-2698961,A,Calophyllaceae,,Caraipa,,"psilocarpa",,"","Kubitzki",Accepted,,M,WCSP (in review),830385,45046-2,"Mem. New York Bot. Gard.","29: 128","","1978"
kew-2698962,A,Calophyllaceae,,Caraipa,,"punctulata",,"","Ducke",Accepted,,M,WCSP (in review),830386,45047-2,"Arch. Jard. Bot. Rio de Janeiro","3: 216","","1922"
kew-2698963,A,Calophyllaceae,,Caraipa,,"racemosa",,"","Cambess.",Accepted,,M,WCSP (in review),830387,828580-1,"Mém. Mus. Hist. Nat.","16: 415","","1828"
kew-2698965,A,Calophyllaceae,,Caraipa,,"richardiana",,"","Cambess.",Accepted,,M,WCSP (in review),830389,828581-1,"Mém. Mus. Hist. Nat.","16: 414","","1828"
kew-2698968,A,Calophyllaceae,,Caraipa,,"rodriguesii",,"","Paula",Accepted,,M,WCSP (in review),830392,427380-1,"Ci. & Cult.","20: 313","","1968"
kew-2698969,A,Calophyllaceae,,Caraipa,,"savannarum",,"","Kubitzki",Accepted,,M,WCSP (in review),830393,45051-2,"Mem. New York Bot. Gard.","29: 104","","1978"
kew-2698975,A,Calophyllaceae,,Caraipa,,"surinamensis",,"","Miq.",Accepted,,M,WCSP (in review),830399,828586-1,"Stirp. Surinam. Select.","75","","1851"
kew-2698976,A,Calophyllaceae,,Caraipa,,"tereticaulis",,"","Tul.",Accepted,,M,WCSP (in review),830400,45055-2,"Ann. Sci. Nat., Bot.","III, 8: 341","","1847"
kew-2698978,A,Calophyllaceae,,Caraipa,,"utilis",,"","R.Vásquez",Accepted,,M,WCSP (in review),830402,303110-2,"Ann. Missouri Bot. Gard.","78: 1004","","1991"
kew-2698979,A,Calophyllaceae,,Caraipa,,"valioi",,"","Paula",Accepted,,M,WCSP (in review),830403,427382-1,"Ci. & Cult.","20: 313","","1968"
kew-2728673,A,Calophyllaceae,,Clusiella,,"albiflora",,"","Cuatrec.",Accepted,,M,WCSP (in review),859005,61638-2,"Anales Inst. Biol. Univ. Nac. México","20: 111","","1950"
kew-2728674,A,Calophyllaceae,,Clusiella,,"amplexicaulis",,"","Cuatrec.",Accepted,,M,WCSP (in review),859006,61639-2,"Revista Acad. Colomb. Ci. Exact.","8: 61","","1950"
kew-2728675,A,Calophyllaceae,,Clusiella,,"axillaris",,"","(Engl.) Cuatrec.",Accepted,,M,WCSP (in review),859007,61640-2,"Revista Acad. Colomb. Ci. Exact.","8: 61","","1950"
kew-2728676,A,Calophyllaceae,,Clusiella,,"cordifolia",,"","Cuatrec.",Accepted,,M,WCSP (in review),859008,61641-2,"Revista Acad. Colomb. Ci. Exact.","8: 61","","1950"
kew-2728677,A,Calophyllaceae,,Clusiella,,"elegans",,"","Planch. & Triana",Accepted,,M,WCSP (in review),859009,427742-1,"Ann. Sci. Nat., Bot.","IV, 14: 253","","1860"
kew-2728678,A,Calophyllaceae,,Clusiella,,"impressinervis",,"","Hammel",Accepted,,M,WCSP (in review),859010,1009869-1,"Novon","9: 354","","1999"
kew-2728679,A,Calophyllaceae,,Clusiella,,"isthmensis",,"","Hammel",Accepted,,M,WCSP (in review),859011,1009870-1,"Novon","9: 354","","1999"
kew-2728680,A,Calophyllaceae,,Clusiella,,"macropetala",,"","Cuatrec.",Accepted,,M,WCSP (in review),859012,61642-2,"Anales Inst. Biol. Univ. Nac. México","20: 110","","1950"
kew-2728681,A,Calophyllaceae,,Clusiella,,"pendula",,"","Cuatrec.",Accepted,,M,WCSP (in review),859013,61643-2,"Anales Inst. Biol. Univ. Nac. México","20: 109","","1950"
kew-2789068,A,Calophyllaceae,,Endodesmia,,"calophylloides",,"","Benth.",Accepted,,M,WCSP (in review),916896,433112-1,"Gen. Pl.","1: 166","","1862"
tro-7801539,A,Calophyllaceae,,Haploclathra,,"cordata",,"","Vásquez",Accepted,,M,TRO,7801539,303402-2,"Novon","3(4): 499, f. 1","499","1993"
tro-7801395,A,Calophyllaceae,,Haploclathra,,"grandiflora",,"","Aspl.",Accepted,,M,TRO,7801395,117360-2,"Svensk Bot. Tidskr.","26(1–2): 191–193, f. 1","191","1932"
tro-7801576,A,Calophyllaceae,,Haploclathra,,"leiantha",,"","(Benth.) Benth.",Accepted,,L,TRO,7801576,,"J. Linn. Soc., Bot.","5: 58","58","1861"
tro-7800266,A,Calophyllaceae,,Haploclathra,,"paniculata",,"","(Mart.) Benth.",Accepted,,L,TRO,7800266,,"J. Linn. Soc., Bot.","5: 58","58","1861"
tro-7801575,A,Calophyllaceae,,Haploclathra,,"paniculata",var.,"verticillata","(Ducke) Lleras",Accepted,,L,TRO,7801575,117361-2,"Mem. New York Bot. Gard.","22(4): 134","134","1972"
kew-2333736,A,Calophyllaceae,,Kayea,,"borneensis",,"","P.F.Stevens",Unresolved,,L,WCSP (in review),473635,994565-1,"Checklist Fl. Pl. Gymn. Brunei","439","","1996"
kew-2333746,A,Calophyllaceae,,Kayea,,"brevipes",,"","Merr.",Unresolved,,L,WCSP (in review),473644,428676-1,"Philipp. J. Sci., C","5: 200","","1910"
kew-2333747,A,Calophyllaceae,,Kayea,,"calophylloides",,"","Ridl.",Unresolved,,L,WCSP (in review),473645,428677-1,"Bull. Misc. Inform. Kew","1938: 123","","1938"
kew-2333748,A,Calophyllaceae,,Kayea,,"catharinae",,"","Merr.",Unresolved,,L,WCSP (in review),473646,428678-1,"Contr. Arnold Arbor.","8: 108","","1934"
kew-2333749,A,Calophyllaceae,,Kayea,,"caudata",,"","King",Unresolved,,L,WCSP (in review),473647,428679-1,"J. Asiat. Soc. Bengal, Pt. 2, Nat. Hist.","59(2): 183","","1890"
kew-2333750,A,Calophyllaceae,,Kayea,,"clemensorum",,"","Gagnep.",Unresolved,,L,WCSP (in review),473648,428680-1,"Fl. Indo-Chine","Suppl. 1: 276","","1943"
tro-50193744,A,Calophyllaceae,,Kayea,,"coriacea",,"","(P.F. Stevens) P.F. Stevens",Accepted,,M,TRO,50193744,970855-1,"Telopea","5(2): 360","360","1993"
kew-2333745,A,Calophyllaceae,,Kayea,,"curtisii",,"","King",Unresolved,,L,WCSP (in review),473643,428681-1,"Ann. Roy. Bot. Gard. (Calcutta)","5: 144","","1894"
kew-2333743,A,Calophyllaceae,,Kayea,,"cuspidata",,"","Planch. & Triana",Unresolved,,L,WCSP (in review),473641,428682-1,"Ann. Sci. Nat., Bot.","IV, 15: 296","","1861"
kew-2333721,A,Calophyllaceae,,Kayea,,"daphnifolia",,"","Ridl.",Unresolved,,L,WCSP (in review),473620,428683-1,"Fl. Malay Penins.","5: 290","","1925"
kew-2333722,A,Calophyllaceae,,Kayea,,"elegans",,"","King",Unresolved,,L,WCSP (in review),473621,428684-1,"J. Asiat. Soc. Bengal, Pt. 2, Nat. Hist.","59(2): 183","","1890"
kew-2333723,A,Calophyllaceae,,Kayea,,"elmeri",,"","Merr.",Unresolved,,L,WCSP (in review),473622,428685-1,"Univ. Calif. Publ. Bot.","15: 199","","1929"
kew-2333725,A,Calophyllaceae,,Kayea,,"eugeniifolia",,"","Pierre",Unresolved,,L,WCSP (in review),473624,428686-1,"Fl. Forest. Cochinch.","t. 98","","1885"
kew-2333735,A,Calophyllaceae,,Kayea,,"ferruginea",,"","Pierre",Unresolved,,L,WCSP (in review),473634,428687-1,"Fl. Forest. Cochinch.","t. 99","","1885"
kew-2333727,A,Calophyllaceae,,Kayea,,"floribunda",,"","Wall.",Unresolved,,L,WCSP (in review),473626,428688-1,"Pl. Asiat. Rar.","3: 5","","1831"
kew-2333720,A,Calophyllaceae,,Kayea,,"garciae",,"","Vesque",Unresolved,,L,WCSP (in review),473619,428689-1,"Monogr. Phan.","8: 629","","1893"
kew-2333729,A,Calophyllaceae,,Kayea,,"grandis",,"","King",Unresolved,,L,WCSP (in review),473628,428690-1,"J. Asiat. Soc. Bengal, Pt. 2, Nat. Hist.","59(2): 182","","1890"
kew-2333731,A,Calophyllaceae,,Kayea,,"korthalsiana",,"","Pierre",Unresolved,,L,WCSP (in review),473630,428692-1,"Fl. Forest. Cochinch.","t. 98","","1885"
kew-2333732,A,Calophyllaceae,,Kayea,,"kunstleri",,"","King",Unresolved,,L,WCSP (in review),473631,,"Victoria Naturalist","3: 182","","1887"
kew-2333733,A,Calophyllaceae,,Kayea,,"laevis",,"","Kosterm.",Unresolved,,L,WCSP (in review),473632,428694-1,"New Crit. Mal. Pl.","4: 5","","1955"
kew-2333759,A,Calophyllaceae,,Kayea,,"lanceolata",,"","Merr.",Unresolved,,L,WCSP (in review),473657,428695-1,"Philipp. J. Sci.","17: 290","","1920 publ. 1921"
kew-2333726,A,Calophyllaceae,,Kayea,,"larnachiana",,"","F.Muell.",Unresolved,,L,WCSP (in review),473625,,"Victoria Naturalist","3: 126","","1887"
kew-2333751,A,Calophyllaceae,,Kayea,,"lepidota",,"","Pierre",Unresolved,,L,WCSP (in review),473649,428697-1,"Fl. Forest. Cochinch.","t. 98","","1885"
kew-2333770,A,Calophyllaceae,,Kayea,,"macrantha",,"","Baill.",Unresolved,,L,WCSP (in review),473668,428698-1,"Adansonia","11: 369","","1876"
kew-2333771,A,Calophyllaceae,,Kayea,,"macrocarpa",,"","Pierre",Unresolved,,L,WCSP (in review),473669,428699-1,"Fl. Forest. Cochinch.","t. 100","","1885"
kew-2333773,A,Calophyllaceae,,Kayea,,"manii",,"","King",Unresolved,,L,WCSP (in review),473671,428701-1,"Ann. Roy. Bot. Gard. (Calcutta)","5: 144","","1894"
kew-2333774,A,Calophyllaceae,,Kayea,,"megalocarpa",,"","Merr.",Unresolved,,L,WCSP (in review),473672,428702-1,"Philipp. J. Sci., C","12: 285","","1917"
kew-2333775,A,Calophyllaceae,,Kayea,,"myrtifolia",,"","Baill.",Unresolved,,L,WCSP (in review),473673,428703-1,"Adansonia","11: 368","","1876"
kew-2333784,A,Calophyllaceae,,Kayea,,"navesii",,"","Vesque",Unresolved,,L,WCSP (in review),473682,428704-1,"Monogr. Phan.","8: 628","","1893"
kew-2333800,A,Calophyllaceae,,Kayea,,"nervosa",,"","T.Anderson",Unresolved,,L,WCSP (in review),473698,428705-1,"Fl. Brit. India","1: 277","","1874"
kew-2333792,A,Calophyllaceae,,Kayea,,"oblongifolia",,"","Ridl.",Unresolved,,L,WCSP (in review),473690,428706-1,"Bull. Misc. Inform. Kew","1938: 122","","1938"
kew-2333785,A,Calophyllaceae,,Kayea,,"pacifica",,"","Hosok.",Unresolved,,L,WCSP (in review),473683,428707-1,"Trans. Nat. Hist. Soc. Taiwan","28: 155","","1938"
kew-2333794,A,Calophyllaceae,,Kayea,,"paludosa",,"","Kosterm.",Unresolved,,L,WCSP (in review),473692,428708-1,"New Crit. Mal. Pl.","4: 7","","1955"
tro-50183887,A,Calophyllaceae,,Kayea,,"paniculata",,"","(Blanco) Merr.",Accepted,,M,TRO,50183887,,"Publ. Bur. Sci. Gov. Lab.","17: 29–30","29","1904"
kew-2333796,A,Calophyllaceae,,Kayea,,"parviflora",,"","Ridl.",Unresolved,,L,WCSP (in review),473694,428710-1,"J. Straits Branch Roy. Asiat. Soc.","82: 170","","1920"
kew-2333797,A,Calophyllaceae,,Kayea,,"philippinensis",,"","Planch. & Triana",Unresolved,,L,WCSP (in review),473695,428711-1,"Ann. Sci. Nat., Bot.","IV, 15: 298","","1861"
tro-50125616,A,Calophyllaceae,,Kayea,,"punctulata",,"","P.F. Stevens",Unresolved,,L,TRO,50125616,,"","","",""
kew-2333798,A,Calophyllaceae,,Kayea,,"racemosa",,"","Planch. & Triana",Unresolved,,L,WCSP (in review),473696,428712-1,"Ann. Sci. Nat., Bot.","IV, 15: 297","","1861"
kew-2333823,A,Calophyllaceae,,Kayea,,"rivulorum",,"","Ridl.",Unresolved,,L,WCSP (in review),473720,428713-1,"J. Straits Branch Roy. Asiat. Soc.","54: 22","","1910"
kew-2333791,A,Calophyllaceae,,Kayea,,"rosea",,"","Ridl.",Unresolved,,L,WCSP (in review),473689,428714-1,"J. Straits Branch Roy. Asiat. Soc.","54: 22","","1910"
kew-2333777,A,Calophyllaceae,,Kayea,,"scalarinervosa",,"","P.F.Stevens",Unresolved,,L,WCSP (in review),473675,994567-1,"Checklist Fl. Pl. Gymn. Brunei","439","","1996"
kew-2333769,A,Calophyllaceae,,Kayea,,"stylosa",,"","Thwaites",Unresolved,,L,WCSP (in review),473667,428715-1,"Enum. Pl. Zeyl.","50","","1858"
kew-2333779,A,Calophyllaceae,,Kayea,,"sukoeana",,"","Bor",Unresolved,,L,WCSP (in review),473677,428716-1,"Indian Forest Rec., Bot.","n.s., 3: 148","","1941"
kew-2333780,A,Calophyllaceae,,Kayea,,"wrayi",,"","King",Unresolved,,L,WCSP (in review),473678,428717-1,"J. Asiat. Soc. Bengal, Pt. 2, Nat. Hist.","59(2): 181","","1890"
tro-50302667,A,Calophyllaceae,,Kielmeyera,,"abdita",,"","Saddi",Accepted,,M,TRO,50302667,279174-2,"Kew Bull.","42(1): 221","221","1987"
tro-7801391,A,Calophyllaceae,,Kielmeyera,,"albopunctata",,"","Saddi",Accepted,,M,TRO,7801391,279176-2,"Rodriguésia","36(60): 61","61","1984"
kew-2333776,A,Calophyllaceae,,Kielmeyera,,"altissima",,"","Saddi",Unresolved,,L,WCSP (in review),473674,279177-2,"Bradea","4: 341","","1987"
tro-7800508,A,Calophyllaceae,,Kielmeyera,,"amplexicaulis",,"","S. Moore",Accepted,,M,TRO,7800508,,"","","",""
kew-2333755,A,Calophyllaceae,,Kielmeyera,,"angustifolia",,"","Pohl",Unresolved,,L,WCSP (in review),473653,828947-1,"Pl. Bras. Icon. Descr.","2: 46","","1830"
kew-2333756,A,Calophyllaceae,,Kielmeyera,,"anisosepala",,"","Saddi",Accepted,,M,WCSP (in review),473654,904437-1,"Kew Bull.","39: 638","","1984"
tro-50302669,A,Calophyllaceae,,Kielmeyera,,"appariciana",,"","Saddi",Accepted,,M,TRO,50302669,279179-2,"Kew Bull.","39(4): 738","738","1984"
tro-7800351,A,Calophyllaceae,,Kielmeyera,,"argentea",,"","Choisy",Accepted,,M,TRO,7800351,828948-1,"Mém. Soc. Phys. Genève","14: 165","165","1855"
kew-2333768,A,Calophyllaceae,,Kielmeyera,,"bifaria",,"","Saddi",Unresolved,,L,WCSP (in review),473666,279180-2,"Kew Bull.","42: 223","","1987"
kew-2333760,A,Calophyllaceae,,Kielmeyera,,"bracteosa",,"","Mart. ex Wawra",Unresolved,,L,WCSP (in review),473658,828949-1,"Fl. Bras.","12(1): 326","","1886"
kew-2333753,A,Calophyllaceae,,Kielmeyera,,"coriacea",,"","Mart.",Accepted,,M,WCSP (in review),473651,828950-1,"Nov. Gen. Sp. Pl. Bras.","1: 112","","1826"
tro-7801213,A,Calophyllaceae,,Kielmeyera,,"coriacea",,"","Mart. & Zucc.",Unresolved,,L,TRO,7801213,328452-2,"Flora","8(1): 30–31","30","1825"
tro-50243205,A,Calophyllaceae,,Kielmeyera,,"corymbosa",,"","Mart. & Zucc.",Accepted,,M,TRO,50243205,328453-2,"Flora","8: 31","31","1825"
tro-50302670,A,Calophyllaceae,,Kielmeyera,,"cuspidata",,"","Saddi",Accepted,,M,TRO,50302670,279188-2,"Kew Bull.","39(4): 732","732","1984"
kew-2333936,A,Calophyllaceae,,Kielmeyera,,"decipiens",,"","Saddi",Unresolved,,L,WCSP (in review),473833,928736-1,"Rodriguésia","36(60): 60","","1984"
kew-2336701,A,Calophyllaceae,,Kielmeyera,,"decipines",,"","Saddi",Unresolved,,L,WCSP (in review),476322,279189-2,"Rodriguésia","36(60): 60","","1984"
kew-2333937,A,Calophyllaceae,,Kielmeyera,,"divergens",,"","Saddi",Accepted,,M,WCSP (in review),473834,279190-2,"Rodriguésia","36(60): 61","","1984"
kew-2333938,A,Calophyllaceae,,Kielmeyera,,"elata",,"","Saddi",Unresolved,,L,WCSP (in review),473835,279191-2,"Bradea","4: 28","","1984"
tro-50243195,A,Calophyllaceae,,Kielmeyera,,"excelsa",,"","Cambess.",Accepted,,M,TRO,50243195,828952-1,"Fl. Bras. Merid. (quarto ed.)","1: 308","308",""
kew-2333940,A,Calophyllaceae,,Kielmeyera,,"falcata",,"","Cambess.",Unresolved,,L,WCSP (in review),473837,828953-1,"Fl. Bras. Merid.","1: 304","","1828"
tro-7800509,A,Calophyllaceae,,Kielmeyera,,"gracilis",,"","Wawra",Accepted,,M,TRO,7800509,,"","","",""
kew-2333942,A,Calophyllaceae,,Kielmeyera,,"grandiflora",,"","(Wawra) Saddi",Accepted,,M,WCSP (in review),473839,914114-1,"Kew Bull.","39: 140","","1984"
tro-7800353,A,Calophyllaceae,,Kielmeyera,,"humifusa",,"","Cambess.",Accepted,,M,TRO,7800353,,"","","",""
kew-2333944,A,Calophyllaceae,,Kielmeyera,,"insignis",,"","Saddi",Unresolved,,L,WCSP (in review),473841,279192-2,"Rodriguésia","36(60): 60","","1984"
kew-2333945,A,Calophyllaceae,,Kielmeyera,,"itacarensis",,"","Saddi",Accepted,,M,WCSP (in review),473842,279193-2,"Bradea","4: 341","","1987"
kew-2333946,A,Calophyllaceae,,Kielmeyera,,"juruenensis",,"","Saddi",Accepted,,M,WCSP (in review),473843,279194-2,"Kew Bull.","39: 634","","1984"
tro-50302671,A,Calophyllaceae,,Kielmeyera,,"lathrophyton",,"","Saddi",Accepted,,M,TRO,50302671,931721-1,"Kew Bull.","42(1): 225","225","1987"
kew-2333939,A,Calophyllaceae,,Kielmeyera,,"longifolia",,"","Mart. ex Wawra",Unresolved,,L,WCSP (in review),473836,828956-1,"Fl. Bras.","12(1): 307","","1886"
kew-2333941,A,Calophyllaceae,,Kielmeyera,,"longipetiolata",,"","Hochr.",Unresolved,,L,WCSP (in review),473838,133429-2,"Annuaire Conserv. Jard. Bot. Genève","21: 51","","1919"
kew-2333917,A,Calophyllaceae,,Kielmeyera,,"marauensis",,"","Saddi",Accepted,,M,WCSP (in review),473814,279196-2,"Kew Bull.","39: 637","","1984"
tro-7800355,A,Calophyllaceae,,Kielmeyera,,"membranacea",,"","Casar.",Accepted,,M,TRO,7800355,133431-2,"","","",""
kew-2333919,A,Calophyllaceae,,Kielmeyera,,"microphylla",,"","Pohl",Unresolved,,L,WCSP (in review),473816,828958-1,"Pl. Bras. Icon. Descr.","2: 49","","1830"
tro-50302635,A,Calophyllaceae,,Kielmeyera,,"neglecta",,"","Saddi",Accepted,,M,TRO,50302635,279197-2,"Kew Bull.","39(4): 735","735","1984"
tro-7800356,A,Calophyllaceae,,Kielmeyera,,"neriifolia",,"","Cambess.",Accepted,,M,TRO,7800356,828959-1,"Fl. Bras. Merid. (quarto ed.)","1: 306","306",""
kew-2333923,A,Calophyllaceae,,Kielmeyera,,"oblonga",,"","Pohl",Unresolved,,L,WCSP (in review),473820,828960-1,"Pl. Bras. Icon. Descr.","2: 47","","1830"
kew-2333916,A,Calophyllaceae,,Kielmeyera,,"obovata",,"","Hochr.",Unresolved,,L,WCSP (in review),473813,133433-2,"Annuaire Conserv. Jard. Bot. Genève","21: 49","","1919"
kew-2333925,A,Calophyllaceae,,Kielmeyera,,"obtecta",,"","Saddi",Unresolved,,L,WCSP (in review),473822,279199-2,"Bradea","4: 338","","1987"
kew-2333926,A,Calophyllaceae,,Kielmeyera,,"occhioniana",,"","Saddi",Accepted,,M,WCSP (in review),473823,279200-2,"Rodriguésia","36(60): 62","","1984"
kew-2333927,A,Calophyllaceae,,Kielmeyera,,"paniculata",,"","Rusby",Accepted,,M,WCSP (in review),473824,133434-2,"Mem. Torrey Bot. Club","6: 9","","1896"
kew-2333928,A,Calophyllaceae,,Kielmeyera,,"paranaensis",,"","Saddi",Unresolved,,L,WCSP (in review),473825,279201-2,"Rodriguésia","36(60): 43","","1984"
tro-7801154,A,Calophyllaceae,,Kielmeyera,,"peruviana",,"","Saddi",Accepted,,M,TRO,7801154,279202-2,"Kew Bull.","39(4): 741","741","1984"
tro-50302639,A,Calophyllaceae,,Kielmeyera,,"petiolaris",,"","Mart. & Zucc.",Accepted,,M,TRO,50302639,828962-1,"Flora","8: 30","30","1825"
tro-50302672,A,Calophyllaceae,,Kielmeyera,,"pulcherrima",,"","L.B. Sm.",Accepted,,M,TRO,50302672,133436-2,"Nat. Hist. Mus. Los Angeles County, Contr. Sci.","30: 11, f. 3","11","1959"
tro-50302673,A,Calophyllaceae,,Kielmeyera,,"pumila",,"","Pohl",Accepted,,M,TRO,50302673,828963-1,"Pl. Bras. Icon. Descr.","2: 48","48",""
kew-2333968,A,Calophyllaceae,,Kielmeyera,,"regalis",,"","Saddi",Unresolved,,L,WCSP (in review),473863,279205-2,"Kew Bull.","42: 227","","1987"
kew-2333969,A,Calophyllaceae,,Kielmeyera,,"reticulata",,"","Saddi",Unresolved,,L,WCSP (in review),473864,279206-2,"Bradea","4: 27","","1984"
tro-50061014,A,Calophyllaceae,,Kielmeyera,,"rizziniana",,"","Saddi",Accepted,,M,TRO,50061014,279207-2,"Rodriguésia","36(60): 60","60","1984"
tro-50061015,A,Calophyllaceae,,Kielmeyera,,"rosea",,"","Mart. & Zucc.",Accepted,,M,TRO,50061015,828964-1,"Flora","8: 30","30","1825"
tro-7800358,A,Calophyllaceae,,Kielmeyera,,"rubriflora",,"","Cambess.",Accepted,,M,TRO,7800358,828965-1,"Fl. Bras. Merid. (quarto ed.)","1: 305","305",""
kew-2333975,A,Calophyllaceae,,Kielmeyera,,"rufotomentosa",,"","Saddi",Accepted,,M,WCSP (in review),473870,279210-2,"Rodriguésia","36(60): 62","","1984"
tro-7800510,A,Calophyllaceae,,Kielmeyera,,"rugosa",,"","Choisy",Accepted,,M,TRO,7800510,,"","","",""
kew-2333977,A,Calophyllaceae,,Kielmeyera,,"rupestris",,"","Duarte",Accepted,,M,WCSP (in review),473872,133442-2,"Arch. Jard. Bot. Rio de Janeiro","19: 217","","1973"
kew-2336694,A,Calophyllaceae,,Kielmeyera,,"schottii",,"","Pohl",Unresolved,,L,WCSP (in review),476315,133440-2,"Fl. Bras.","12(1): 326","","1886"
kew-2333979,A,Calophyllaceae,,Kielmeyera,,"sigillata",,"","Saddi",Accepted,,M,WCSP (in review),473875,279211-2,"Rodriguésia","36(60): 63","","1984"
kew-2333957,A,Calophyllaceae,,Kielmeyera,,"similis",,"","Saddi",Accepted,,M,WCSP (in review),473853,279212-2,"Bradea","4: 340","","1987"
tro-50243194,A,Calophyllaceae,,Kielmeyera,,"speciosa",,"","A. St.-Hil.",Accepted,,M,TRO,50243194,828967-1,"Pl. Usuel. Bras.",", t. 58","",""
tro-50302661,A,Calophyllaceae,,Kielmeyera,,"tomentosa",,"","Cambess.",Accepted,,M,TRO,50302661,279213-2,"Fl. Bras. Merid. (quarto ed.)","1: 308, t. 61","308","1828"
kew-2333950,A,Calophyllaceae,,Kielmeyera,,"trichophora",,"","Saddi",Accepted,,M,WCSP (in review),473846,279214-2,"Bradea","4: 339","","1987"
tro-50302642,A,Calophyllaceae,,Kielmeyera,,"variabilis",,"","Mart. & Zucc.",Accepted,,M,TRO,50302642,828969-1,"Flora","8: 31","31","1825"
kew-2339135,A,Calophyllaceae,,Lebrunia,,"busbaie",,"","Staner",Unresolved,,L,WCSP (in review),478741,428728-1,"Bull. Jard. Bot. État","13: 105","","1934"
tro-100354816,A,Calophyllaceae,,Lebrunia,,"bushaei",,"","Staner",Unresolved,,L,TRO,100354816,,"Bull. Jard. Bot. État Brux.","13: 105","105","1934"
kew-2369917,A,Calophyllaceae,,Mahurea,,"exstipulata",,"","Benth.",Accepted,,M,WCSP (in review),509168,829026-1,"London J. Bot.","2: 265","","1843"
kew-2369942,A,Calophyllaceae,,Mahurea,,"exstipulata",subsp.,"duckei","(Huber) Kubitzki",Accepted,,L,WCSP (in review),509193,874804-1,"Mem. New York Bot. Gard.","39: 138","","1978"
tro-7800941,A,Calophyllaceae,,Mahurea,,"palustris",,"","Aubl.",Accepted,,M,TRO,7800941,829028-1,"Hist. Pl. Guiane","1: 558, t. 222","558","1775"
kew-2369968,A,Calophyllaceae,,Mammea,,"africana",,"","Sabine",Accepted,,M,WCSP (in review),509219,,"Trans. Hort. Soc. London","5: 457","","1824"
kew-2369960,A,Calophyllaceae,,Mammea,,"americana",,"","L.",Accepted,,M,WCSP (in review),509211,428743-1,"Sp. Pl.","512","","1753"
kew-2369970,A,Calophyllaceae,,Mammea,,"anastomosans",,"","(Miq.) Kosterm.",Unresolved,,L,WCSP (in review),509221,428744-1,"Mammea & Ochrocarpos","12","","1956"
kew-2369971,A,Calophyllaceae,,Mammea,,"angustifolia",,"","Planch. & Triana",Accepted,,M,WCSP (in review),509222,428745-1,"Ann. Sci. Nat., Bot.","IV, 15: 246","","1861"
kew-2369972,A,Calophyllaceae,,Mammea,,"aruana",,"","Kosterm.",Unresolved,,L,WCSP (in review),509223,428746-1,"Pengum. Lemb. Pusat Penjel. Kehut.","72: 20","","1961"
kew-2372801,A,Calophyllaceae,,Mammea,,"birmannica",,"","T.Anderson",Unresolved,,L,WCSP (in review),511719,428748-1,"J. Linn. Soc., Bot.","9: 261","","1867"
kew-2372802,A,Calophyllaceae,,Mammea,,"bongo",,"","(R.Vig. & Humbert) Kosterm.",Accepted,,M,WCSP (in review),511720,428749-1,"Mammea & Ochrocarpos","12","","1956"
kew-2372803,A,Calophyllaceae,,Mammea,,"brevipes",,"","(Craib) Kosterm.",Unresolved,,L,WCSP (in review),511721,428750-1,"Pengum. Lemb. Pusat Penjel. Kehut.","72: 13","","1961"
kew-2372804,A,Calophyllaceae,,Mammea,,"brevipetiolata",,"","Kosterm.",Unresolved,,L,WCSP (in review),511722,428751-1,"Pengum. Lemb. Pusat Penjel. Kehut.","72: 28","","1961"
kew-2372805,A,Calophyllaceae,,Mammea,,"calciphila",,"","Kosterm.",Unresolved,,L,WCSP (in review),511723,428752-1,"Pengum. Lemb. Pusat Penjel. Kehut.","72: 9","","1961"
kew-2372800,A,Calophyllaceae,,Mammea,,"calophylloides",,"","Kosterm.",Unresolved,,L,WCSP (in review),511718,428753-1,"Pengum. Lemb. Pusat Penjel. Kehut.","72: 29","","1961"
kew-2372778,A,Calophyllaceae,,Mammea,,"cordata",,"","P.F.Stevens",Unresolved,,L,WCSP (in review),511696,169660-1,"Austral. J. Bot.","22: 414","","1974"
kew-2372780,A,Calophyllaceae,,Mammea,,"emarginata",,"","Moc. & Sessé ex Choisy",Unresolved,,L,WCSP (in review),511698,,"Prodr.","1: 561","","1824"
kew-2372790,A,Calophyllaceae,,Mammea,,"eugenioides",,"","Planch. & Triana",Accepted,,M,WCSP (in review),511708,428758-1,"Ann. Sci. Nat., Bot.","IV, 15: 245","","1861"
kew-2376720,A,Calophyllaceae,,Mammea,,"eugenioides",var.,"subsessilifolia","(Hochr.) P.F.Stevens",Accepted,,L,WCSP (in review),515624,60439831-2,"Harvard Pap. Bot.","9: 431","","2005"
kew-2372782,A,Calophyllaceae,,Mammea,,"excelsa",,"","Planch. & Triana",Unresolved,,L,WCSP (in review),511700,428759-1,"Ann. Sci. Nat., Bot.","IV, 15: 244","","1861"
kew-2372733,A,Calophyllaceae,,Mammea,,"glaucifolia",,"","(H.Perrier) Kosterm.",Accepted,,M,WCSP (in review),511651,428763-1,"Mammea & Ochrocarpos","12","","1956"
kew-2372711,A,Calophyllaceae,,Mammea,,"grandifolia",,"","P.F.Stevens",Unresolved,,L,WCSP (in review),511629,169661-1,"Austral. J. Bot.","22: 416","","1974"
tro-50125745,A,Calophyllaceae,,Mammea,,"griseo-flavescens",,"","P.F. Stevens",Unresolved,,L,TRO,50125745,,"","","",""
tro-7800755,A,Calophyllaceae,,Mammea,,"immansueta",,"","D'Arcy",Accepted,,M,TRO,7800755,898151-1,"Ann. Missouri Bot. Gard.","67(4): 1004, f. 6","1004","1980"
kew-2372715,A,Calophyllaceae,,Mammea,,"lancilimba",,"","Kosterm.",Unresolved,,L,WCSP (in review),511633,428766-1,"Mammea & Ochrocarpos","13","","1956"
kew-2372725,A,Calophyllaceae,,Mammea,,"lateriflora",,"","Griseb.",Unresolved,,L,WCSP (in review),511643,428767-1,"Abh. Königl. Ges. Wiss. Göttingen","7: 184","","1857"
kew-2372717,A,Calophyllaceae,,Mammea,,"longifolia",,"","Planch. & Triana",Unresolved,,L,WCSP (in review),511635,428768-1,"Ann. Sci. Nat., Bot.","IV, 15: 240","","1861"
kew-2372710,A,Calophyllaceae,,Mammea,,"malayana",,"","Kosterm.",Unresolved,,L,WCSP (in review),511628,428769-1,"Pengum. Lemb. Pusat Penjel. Kehut.","72: 12","","1961"
tro-50125754,A,Calophyllaceae,,Mammea,,"megaphylla",,"","(J.-F. Leroy) P.F. Stevens",Accepted,,M,TRO,50125754,60439829-2,"Harvard Pap. Bot.","9(2): 430","430","2005"
kew-2372719,A,Calophyllaceae,,Mammea,,"micrantha",,"","(Pierre) Kosterm.",Unresolved,,L,WCSP (in review),511637,428770-1,"Pengum. Lemb. Pusat Penjel. Kehut.","72: 14","","1961"
kew-2372721,A,Calophyllaceae,,Mammea,,"neurophylla",,"","(Schltr.) Kosterm.",Unresolved,,L,WCSP (in review),511639,428772-1,"Mammea & Ochrocarpos","13","","1956"
tro-7801414,A,Calophyllaceae,,Mammea,,"novoguineensis",,"","(Kan. & Hat.) Kosterm.",Accepted,,M,TRO,7801414,,"Djawa. Kehut. Indon. Bag. Plan. Kehut.","13","13","1956"
tro-7801416,A,Calophyllaceae,,Mammea,,"odorata",,"","Kosterm.",Accepted,,M,TRO,7801416,428774-1,"Djawa. Kehut. Indon. Bag. Plan. Kehut.","13","13","1956"
kew-2372547,A,Calophyllaceae,,Mammea,,"papyracea",,"","P.F.Stevens",Unresolved,,L,WCSP (in review),511468,970854-1,"Telopea","5: 359","","1993"
kew-2376667,A,Calophyllaceae,,Mammea,,"pseudoprotorhus",,"","(H.Perrier) P.F.Stevens",Accepted,,M,WCSP (in review),515571,60439834-2,"Harvard Pap. Bot.","9: 433","","2005"
tro-7801328,A,Calophyllaceae,,Mammea,,"punctata",,"","(H. Perrier) P.F. Stevens",Accepted,,M,TRO,7801328,60439832-2,"Harvard Pap. Bot.","9(2): 432","432","2005"
kew-2372375,A,Calophyllaceae,,Mammea,,"reticulata",,"","Kosterm.",Unresolved,,L,WCSP (in review),511298,428777-1,"Mammea & Ochrocarpos","14","","1956"
kew-2372376,A,Calophyllaceae,,Mammea,,"sanguinea",,"","(Jum. & H.Perrier) Kosterm.",Accepted,,M,WCSP (in review),511299,428778-1,"Mammea & Ochrocarpos","15","","1956"
tro-7800656,A,Calophyllaceae,,Mammea,,"sessiliflora",,"","(Poir.) Planch. & Triana",Accepted,,L,TRO,7800656,428779-1,"Ann. Sci. Nat., Bot., sér. 4,","15: 245","245","1861"
kew-2372379,A,Calophyllaceae,,Mammea,,"siamensis",,"","T.Anderson",Unresolved,,L,WCSP (in review),511302,428781-1,"J. Linn. Soc., Bot.","9: 261","","1867"
tro-7801411,A,Calophyllaceae,,Mammea,,"sinclairi",,"","Kosterm.",Unresolved,,L,TRO,7801411,,"Reinwardtia","9(1): 117","117","1974"
kew-2372384,A,Calophyllaceae,,Mammea,,"timorensis",,"","Kosterm.",Unresolved,,L,WCSP (in review),511307,428785-1,"Pengum. Lemb. Pusat Penjel. Kehut.","72: 28","","1962"
tro-50198093,A,Calophyllaceae,,Mammea,,"touriga",,"","(C.T. White & W.D. Francis) L.S. Sm.",Accepted,,M,TRO,50198093,428786-1,"Proc. Roy. Soc. Queensland","70: 27","27","1959"
tro-7801550,A,Calophyllaceae,,Mammea,,"usambarensis",,"","Verdc.",Accepted,,M,TRO,7801550,169663-1,"Kew Bull.","31: 259, f. 1","259","1976"
kew-2372387,A,Calophyllaceae,,Mammea,,"veimauriensis",,"","P.F.Stevens",Unresolved,,L,WCSP (in review),511310,169664-1,"Austral. J. Bot.","22: 410","","1974"
kew-2372365,A,Calophyllaceae,,Mammea,,"woodii",,"","Kosterm.",Unresolved,,L,WCSP (in review),511288,428787-1,"Pengum. Lemb. Pusat Penjel. Kehut.","72: 15","","1961"
tro-7801787,A,Calophyllaceae,,Mammea,,"yunnanensis",,"","(H.L. Li) Kosterm.",Accepted,,M,TRO,7801787,428788-1,"Djawa. Kehut. Indon. Bag. Plan. Kehut.","15","15","1956"
kew-2376670,A,Calophyllaceae,,Mammea,,"zeereae",,"","P.F.Stevens",Unresolved,,L,WCSP (in review),515574,60439835-2,"Harvard Pap. Bot.","9: 430","","2005"
tro-7800365,A,Calophyllaceae,,Marila,,"alternifolia",,"","Triana & Planch.",Accepted,,M,TRO,7800365,829101-1,"Ann. Sci. Nat., Bot., sér. 4,","18: 271","271","1862"
tro-7801407,A,Calophyllaceae,,Marila,,"asymmetralis",,"","P.F. Stevens",Accepted,,M,TRO,7801407,,"","","",""
kew-2372408,A,Calophyllaceae,,Marila,,"biflora",,"","Urb.",Unresolved,,L,WCSP (in review),511331,153145-2,"Ark. Bot.","20A(15): 78","","1926"
tro-50150010,A,Calophyllaceae,,Marila,,"brevicapsula",,"","P.F. Stevens",Unresolved,,L,TRO,50150010,,"","","",""
tro-7801847,A,Calophyllaceae,,Marila,,"cespedesiana",,"","Triana & Planch.",Accepted,,M,TRO,7801847,829102-1,"Ann. Sci. Nat., Bot., sér. 4,","18: 270","270","1862"
tro-100368348,A,Calophyllaceae,,Marila,,"dissitflora",,"","C. Wright",Unresolved,,L,TRO,100368348,,"Anales Acad. Ci. Med. Habana","8: 237–238","237","1868"
kew-2372420,A,Calophyllaceae,,Marila,,"dolychandra",,"","Cuatrec.",Unresolved,,L,WCSP (in review),511342,153146-2,"Anales Inst. Biol. Univ. Nac. México","20: 93","","1950"
tro-7800756,A,Calophyllaceae,,Marila,,"domingensis",,"","Urb.",Accepted,,M,TRO,7800756,153147-2,"Ark. Bot.","22A(10): 17–18","17","1929"
kew-2372405,A,Calophyllaceae,,Marila,,"florenciana",,"","Cuatrec.",Unresolved,,L,WCSP (in review),511328,153148-2,"Anales Inst. Biol. Univ. Nac. México","20: 98","","1950"
kew-2372415,A,Calophyllaceae,,Marila,,"geminata",,"","Cuatrec.",Unresolved,,L,WCSP (in review),511337,153149-2,"Anales Inst. Biol. Univ. Nac. México","20: 96","","1950"
kew-2372416,A,Calophyllaceae,,Marila,,"grandiflora",,"","Griseb.",Accepted,,M,WCSP (in review),511338,829104-1,"Fl. Brit. W. I.","111","","1859"
tro-7800370,A,Calophyllaceae,,Marila,,"lactogena",,"","Cuatrec.",Accepted,,M,TRO,7800370,,"Anales Inst. Biol. Univ. Nac. México","20: 92–93","92","1949"
kew-2372418,A,Calophyllaceae,,Marila,,"laxiflora",,"","Rusby",Accepted,,M,WCSP (in review),511340,153151-2,"Mem. Torrey Bot. Club","6: 9","","1896"
kew-2372419,A,Calophyllaceae,,Marila,,"macrophylla",,"","Benth.",Unresolved,,L,WCSP (in review),511341,829106-1,"Bot. Voy. Sulphur","72","","1844"
kew-2372397,A,Calophyllaceae,,Marila,,"magnifica",,"","Linden & Planch.",Accepted,,M,WCSP (in review),511320,153153-2,"Pl. Colomb.","1: 60","","1863 publ. 1875"
kew-2372412,A,Calophyllaceae,,Marila,,"micrantha",,"","Cuatrec.",Unresolved,,L,WCSP (in review),511335,153154-2,"Anales Inst. Biol. Univ. Nac. México","20: 97","","1950"
tro-7800374,A,Calophyllaceae,,Marila,,"nitida",,"","Spruce ex Benth.",Accepted,,M,TRO,7800374,,"J. Linn. Soc., Bot.","5: 64","64","1861"
kew-2372391,A,Calophyllaceae,,Marila,,"ovalifolia",,"","Ruiz & Pav.",Unresolved,,L,WCSP (in review),511314,153155-2,"Anales Inst. Bot. Cavanilles","16: 431","","1958"
kew-2372392,A,Calophyllaceae,,Marila,,"parviflora",,"","A.H.Gentry",Unresolved,,L,WCSP (in review),511315,280421-2,"Ann. Missouri Bot. Gard.","75: 1431","","1988 publ. 1989"
tro-50251572,A,Calophyllaceae,,Marila,,"plumbaginea",,"","P.F. Stevens",Unresolved,,L,TRO,50251572,,"","","",""
kew-2372393,A,Calophyllaceae,,Marila,,"pluricostata",,"","Standl. & L.O.Williams",Accepted,,M,WCSP (in review),511316,153156-2,"Ceiba","3: 52","","1952"
kew-2372394,A,Calophyllaceae,,Marila,,"podantha",,"","Cuatrec.",Unresolved,,L,WCSP (in review),511317,153157-2,"Anales Inst. Biol. Univ. Nac. México","20: 95","","1950"
tro-50150011,A,Calophyllaceae,,Marila,,"punctata",,"","P.F. Stevens",Unresolved,,L,TRO,50150011,,"","","",""
kew-2372404,A,Calophyllaceae,,Marila,,"racemosa",,"","Sw.",Unresolved,,L,WCSP (in review),511327,829108-1,"Prodr. Veg. Ind. Occ.","84","","1788"
tro-50295068,A,Calophyllaceae,,Marila,,"saramaccana",,"","Pulle",Accepted,,M,TRO,50295068,153158-2,"Recueil Trav. Bot. Néerl.","6: 278","278","1909"
tro-7801216,A,Calophyllaceae,,Marila,,"spiciformis",,"","McDearman & McDaniel",Accepted,,M,TRO,7801216,280422-2,"Brittonia","37(1): 106–108, f. 1","106","1985"
kew-2372398,A,Calophyllaceae,,Marila,,"tomentosa",,"","Poepp.",Accepted,,M,WCSP (in review),511321,829109-1,"Nov. Gen. Sp. Pl.","3: 15","","1840"
tro-50001471,A,Calophyllaceae,,Mesua,,"acuminatissima",,"","(Merr.) Kosterm.",Accepted,,M,TRO,50001471,428817-1,"Reinwardtia","7(5): 426","426","1969"
tro-50001472,A,Calophyllaceae,,Mesua,,"assamica",,"","(King & Prain) Kosterm.",Accepted,,M,TRO,50001472,428818-1,"Reinwardtia","7(5): 426","426","1969"
tro-50001473,A,Calophyllaceae,,Mesua,,"beccariana",,"","(Baill.) Kosterm.",Accepted,,M,TRO,50001473,428819-1,"Reinwardtia","7(5): 426","426","1969"
kew-2372355,A,Calophyllaceae,,Mesua,,"bracteata",,"","Spreng.",Unresolved,,L,WCSP (in review),511278,428820-1,"Syst. Veg.","3: 127","","1826"
kew-2372312,A,Calophyllaceae,,Mesua,,"clemensorum",,"","Kosterm.",Unresolved,,L,WCSP (in review),511235,428825-1,"Reinwardtia","7: 426","","1969"
kew-2372314,A,Calophyllaceae,,Mesua,,"coromandelina",,"","Wight",Unresolved,,L,WCSP (in review),511237,,"Ill. Ind. Bot.","1: 127","","1838"
tro-7801420,A,Calophyllaceae,,Mesua,,"ferrea",,"","L.",Accepted,,L,TRO,7801420,,"Sp. Pl. (ed. 2)","1: 734","734","1762"
kew-2372315,A,Calophyllaceae,,Mesua,,"glabra",,"","Forssk.",Unresolved,,L,WCSP (in review),511238,428836-1,"Fl. Aegypt.-Arab.","100","","1775"
tro-50199540,A,Calophyllaceae,,Mesua,,"hexapetala",,"","(Hook. f.) P.S. Ashton",Accepted,,M,TRO,50199540,962067-1,"Man. Non-Dipterocarp Trees Sarawak","2: 191","191","1988"
kew-2372295,A,Calophyllaceae,,Mesua,,"kochummeniana",,"","Whitmore",Unresolved,,L,WCSP (in review),511218,169666-1,"Gard. Bull. Singapore","26: 280","","1973"
kew-2372301,A,Calophyllaceae,,Mesua,,"lepidota",,"","T.Anderson",Unresolved,,L,WCSP (in review),511224,428842-1,"Fl. Brit. India","1: 278","","1874"
tro-7801422,A,Calophyllaceae,,Mesua,,"macrophylla",,"","(Kaneh. & Hatus.) Kosterm.",Accepted,,M,TRO,7801422,428845-1,"Reinwardtia","7(5): 428","428","1969"
kew-2372323,A,Calophyllaceae,,Mesua,,"nagana",,"","Gardner",Unresolved,,L,WCSP (in review),511246,428849-1,"Calcutta J. Nat. Hist.","8: 4","","1847"
kew-2372344,A,Calophyllaceae,,Mesua,,"nivenii",,"","Whitmore",Unresolved,,L,WCSP (in review),511267,169667-1,"Gard. Bull. Singapore","26: 283","","1973"
kew-2372345,A,Calophyllaceae,,Mesua,,"nuda",,"","Kosterm. ex Whitmore",Unresolved,,L,WCSP (in review),511268,169668-1,"Gard. Bull. Singapore","26: 283","","1973"
kew-2372348,A,Calophyllaceae,,Mesua,,"paniculata",,"","(Blanco) Kosterm.",Unresolved,,L,WCSP (in review),511271,428854-1,"Reinwardtia","7: 428","","1969"
kew-2372350,A,Calophyllaceae,,Mesua,,"pedunculata",,"","Wight",Unresolved,,L,WCSP (in review),511273,428856-1,"Ill. Ind. Bot.","1: 127","","1838"
kew-2372352,A,Calophyllaceae,,Mesua,,"planigemma",,"","Kosterm.",Unresolved,,L,WCSP (in review),511275,428858-1,"Reinwardtia","7: 428","","1969"
kew-2372353,A,Calophyllaceae,,Mesua,,"pulchella",,"","Planch. & Triana",Unresolved,,L,WCSP (in review),511276,428859-1,"Ann. Sci. Nat., Bot.","IV, 15: 307","","1861"
kew-2372354,A,Calophyllaceae,,Mesua,,"purseglovei",,"","Whitmore",Unresolved,,L,WCSP (in review),511277,169669-1,"Gard. Bull. Singapore","26: 284","","1973"
tro-50199544,A,Calophyllaceae,,Mesua,,"pustulata",,"","(Ridl.) P.S. Ashton",Accepted,,L,TRO,50199544,962068-1,"Man. Non-Dipterocarp Trees Sarawak","2: 197","197","1988"
kew-2372328,A,Calophyllaceae,,Mesua,,"roxburghii",,"","Wight",Unresolved,,L,WCSP (in review),511251,428863-1,"Ill. Ind. Bot.","1: 127","","1838"
kew-2372329,A,Calophyllaceae,,Mesua,,"salicina",,"","Planch. & Triana",Unresolved,,L,WCSP (in review),511252,428864-1,"Ann. Sci. Nat., Bot.","IV, 15: 302","","1861"
kew-2372330,A,Calophyllaceae,,Mesua,,"sclerophylla",,"","Thwaites",Unresolved,,L,WCSP (in review),511253,428865-1,"Enum. Pl. Zeyl.","407","","1864"
kew-2372332,A,Calophyllaceae,,Mesua,,"speciosa",,"","Choisy",Unresolved,,L,WCSP (in review),511255,428867-1,"Prodr.","1: 562","","1824"
kew-2372335,A,Calophyllaceae,,Mesua,,"thwaitesii",,"","Planch. & Triana",Unresolved,,L,WCSP (in review),511258,428870-1,"Ann. Sci. Nat., Bot.","IV, 15: 305","","1861"
kew-2372336,A,Calophyllaceae,,Mesua,,"walkeriana",,"","Planch. & Triana",Unresolved,,L,WCSP (in review),511259,428871-1,"Ann. Sci. Nat., Bot.","IV, 15: 301","","1861"
kew-2379690,A,Calophyllaceae,,Neotatea,,"colombiana",,"","Maguire",Accepted,,M,WCSP (in review),518531,281322-2,"Mem. New York Bot. Gard.","23: 164","","1972"
kew-2378198,A,Calophyllaceae,,Neotatea,,"duidae",,"","(Kobuski & Steyerm.) P.F.Stevens & A.L.Weitzman",Accepted,,M,WCSP (in review),517085,997733-1,"BioLlania, Ed. Espec.","6: 559","","1997"
kew-2379689,A,Calophyllaceae,,Neotatea,,"longifolia",,"","(Gleason) Maguire",Accepted,,M,WCSP (in review),518530,169109-2,"Mem. New York Bot. Gard.","23: 163","","1972"
kew-2379688,A,Calophyllaceae,,Neotatea,,"neblinae",,"","Maguire",Accepted,,M,WCSP (in review),518529,169110-2,"Mem. New York Bot. Gard.","23: 163","","1972"
kew-2551813,A,Calophyllaceae,,Poeciloneuron,,"indicum",,"","Bedd.",Unresolved,,L,WCSP (in review),687556,829222-1,"J. Linn. Soc., Bot.","8: 267","","1865"
kew-2458321,A,Calophyllaceae,,Vidalia,,"garciae",,"","Fern.-Vill.",Unresolved,,L,WCSP (in review),595805,429451-1,"Fl. Filip., ed. 3","4(13A): 18","","1880"
kew-2458323,A,Calophyllaceae,,Vidalia,,"navesii",,"","Fern.-Vill.",Unresolved,,L,WCSP (in review),595807,429453-1,"Fl. Filip., ed. 3","4(13A): 18","","1880"
