﻿ID,Major group,Family,Genus hybrid marker,Genus,Species hybrid marker,Species,Infraspecific rank,Infraspecific epithet,Authorship,Taxonomic status in TPL,Nomenclatural status from original data source,Confidence level,Source,Source id,IPNI id,Publication,Collation,Page,Date
kew-2617978,A,Calyceraceae,,Acicarpha,,"bonariensis",,"","(Pers.) Herter",Accepted,,M,WCSP (in review),750358,139262-1,"Revista Sudamer. Bot.","7: 233","","1943"
kew-2617981,A,Calyceraceae,,Acicarpha,,"lanata",,"","Lag. ex Pers.",Accepted,,M,WCSP (in review),750361,139265-1,"Syn. Pl.","2: 488","","1807"
kew-2617985,A,Calyceraceae,,Acicarpha,,"procumbens",,"","Less.",Accepted,,M,WCSP (in review),750365,139268-1,"Linnaea","6: 527","","1831"
kew-2617989,A,Calyceraceae,,Acicarpha,,"runcinata",,"","Miers",Accepted,,M,WCSP (in review),750369,139270-1,"Ann. Mag. Nat. Hist.","III, 6: 404","","1860"
kew-2617993,A,Calyceraceae,,Acicarpha,,"tribuloides",,"","Juss.",Accepted,,M,WCSP (in review),750373,139272-1,"Ann. Mus. Natl. Hist. Nat.","2: 348","","1803"
kew-2641286,A,Calyceraceae,,Anomocarpus,,"tenuis",,"","Miers",Unresolved,,L,WCSP (in review),773390,,"Ann. Mag. Nat. Hist.","III, 6: 356","","1860"
kew-2679577,A,Calyceraceae,,Boopis,,"andicola",,"","Gand.",Accepted,,M,WCSP (in review),811302,34796-2,"Bull. Soc. Bot. France","59: 710","","1912 publ. 1913"
kew-2679578,A,Calyceraceae,,Boopis,,"anthemoides",,"","Juss.",Accepted,,M,WCSP (in review),811303,139286-1,"Ann. Mus. Natl. Hist. Nat.","2: 350","","1803"
kew-2679583,A,Calyceraceae,,Boopis,,"australis",,"","Decne.",Accepted,,M,WCSP (in review),811308,139288-1,"Voy. Pôle Sud","2: 87","","1853"
kew-2679584,A,Calyceraceae,,Boopis,,"australis",,"","Phil.",Unresolved,,L,WCSP (in review),811309,139289-1,"Anales Univ. Chile","85: 818","","1894"
kew-2679588,A,Calyceraceae,,Boopis,,"balsamitifolia",,"","Juss.",Unresolved,,L,WCSP (in review),811313,139290-1,"Ann. Mus. Natl. Hist. Nat.","2: 350","","1803"
kew-2679592,A,Calyceraceae,,Boopis,,"breviscapa",,"","Phil.",Accepted,,M,WCSP (in review),811317,34806-2,"Anales Univ. Chile","85: 818","","1894"
kew-2679593,A,Calyceraceae,,Boopis,,"bupleuroides",,"","C.A.Mull.",Accepted,,M,WCSP (in review),811318,,"Fl. Bras.","6(4): 355","","1885"
kew-2679597,A,Calyceraceae,,Boopis,,"castillonii",,"","(Hicken) Pontiroli",Accepted,,M,WCSP (in review),811322,34810-2,"Revista Mus. La Plata, Secc. Bot.","n.s., 9: 223","","1963"
kew-2679598,A,Calyceraceae,,Boopis,,"chubutensis",,"","Speg.",Accepted,,M,WCSP (in review),811323,139298-1,"Anales Mus. Nac. Buenos Aires","III, 7: 300","","1907"
kew-2679604,A,Calyceraceae,,Boopis,,"filifolia",,"","Speg.",Accepted,,M,WCSP (in review),811329,34814-2,"Anales Soc. Ci. Argent.","48: 176","","1901"
kew-2679607,A,Calyceraceae,,Boopis,,"gracilis",,"","Phil.",Accepted,,M,WCSP (in review),811332,139307-1,"Linnaea","28: 707","","1856"
kew-2679611,A,Calyceraceae,,Boopis,,"graminea",,"","Phil.",Accepted,,M,WCSP (in review),811336,139308-1,"Linnaea","28: 707","","1856"
kew-2679613,A,Calyceraceae,,Boopis,,"integrifolia",,"","Phil.",Accepted,,M,WCSP (in review),811338,34820-2,"Anales Univ. Chile","85: 814","","1894"
kew-2679614,A,Calyceraceae,,Boopis,,"itatiaiae",,"","Dusén",Accepted,,M,WCSP (in review),811339,34821-2,"Arq. Mus. Nac. Rio de Janeiro","13: 24","","1905"
kew-2679615,A,Calyceraceae,,Boopis,,"juergensii",,"","Pilg.",Accepted,,M,WCSP (in review),811340,139312-1,"Notizbl. Bot. Gart. Berlin-Dahlem","11: 101","","1931"
kew-2679618,A,Calyceraceae,,Boopis,,"leucanthema",,"","Poepp. ex Less.",Accepted,,M,WCSP (in review),811343,139316-1,"Linnaea","6: 259","","1831"
kew-2679621,A,Calyceraceae,,Boopis,,"multicaulis",,"","Phil.",Accepted,,M,WCSP (in review),811346,139320-1,"Linnaea","28: 706","","1856"
kew-2903245,A,Calyceraceae,,Boopis,,"necronensis",,"","Zav.-Gallo, S.Denham & Pozner",Unresolved,,L,WCSP (in review),1025703,77115322-1,"Brittonia","63: 115","","2011"
kew-2679624,A,Calyceraceae,,Boopis,,"patagonica",,"","Speg.",Accepted,,M,WCSP (in review),811349,139322-1,"Anales Mus. Nac. Buenos Aires","III, 7: 301","","1907"
kew-2903243,A,Calyceraceae,,Boopis,,"pterocalyx",,"","Zav.-Gallo, S.Denham & Pozner",Unresolved,,L,WCSP (in review),1025701,77115321-1,"Brittonia","63: 113","","2011"
kew-2679627,A,Calyceraceae,,Boopis,,"pusilla",,"","Phil.",Accepted,,M,WCSP (in review),811352,139325-1,"Linnaea","33: 105","","1864"
kew-2679628,A,Calyceraceae,,Boopis,,"raffaellii",,"","Speg.",Accepted,,M,WCSP (in review),811353,34832-2,"Revista Argent. Bot.","1: 221","","1926"
kew-2694025,A,Calyceraceae,,Calycera,,"balsamitifolia",,"","Rich.",Accepted,,M,WCSP (in review),825496,139336-1,"Mém. Mus. Hist. Nat.","6: 77","","1820"
kew-2694026,A,Calyceraceae,,Calycera,,"boopidea",,"","Hicken",Accepted,,M,WCSP (in review),825497,139337-1,"Reunión Nac. Soc. Argent. Ci. Nat.","1: 244, 251","","1919"
kew-2694027,A,Calyceraceae,,Calycera,,"calcitrapa",,"","Griseb.",Accepted,,M,WCSP (in review),825498,139338-1,"Abh. Königl. Ges. Wiss. Göttingen","19: 163","","1874"
kew-2694030,A,Calyceraceae,,Calycera,,"crassifolia",,"","(Miers) Hicken",Accepted,,M,WCSP (in review),825501,42939-2,"Physis (Buenos Aires)","2: 117","","1916"
kew-2694033,A,Calyceraceae,,Calycera,,"eryngioides",,"","Remy",Accepted,,M,WCSP (in review),825504,,"Fl. Chil.","3: 254","","1848"
tro-5400036,A,Calyceraceae,,Calycera,,"eryngioides",,"","J. Rémy",Unresolved,,L,TRO,5400036,,"","","",""
kew-2694035,A,Calyceraceae,,Calycera,,"herbacea",,"","Cav.",Accepted,,M,WCSP (in review),825506,139346-1,"Icon.","4: 34","","1797"
kew-2694038,A,Calyceraceae,,Calycera,,"horrida",,"","Hicken",Accepted,,M,WCSP (in review),825509,42945-2,"Bol. Soc. Physis","1: 129","","1912"
kew-2694039,A,Calyceraceae,,Calycera,,"integrifolia",,"","(Phil.) Reiche",Accepted,,M,WCSP (in review),825510,42946-2,"Bot. Jahrb. Syst.","29: 116","","1900"
tro-5400041,A,Calyceraceae,,Calycera,,"integrifolia",,"","Reiche.",Unresolved,,L,TRO,5400041,,"","","",""
kew-2694040,A,Calyceraceae,,Calycera,,"intermedia",,"","Phil.",Accepted,,M,WCSP (in review),825511,139349-1,"Anales Univ. Chile","40(2): 174","","1870"
kew-2694041,A,Calyceraceae,,Calycera,,"involucrata",,"","Phil.",Accepted,,M,WCSP (in review),825512,,"Anales Univ. Chile","36: 174","","1870"
kew-2694042,A,Calyceraceae,,Calycera,,"lanata",,"","(Lag. ex Pers.) Benth. & Hook.f.",Accepted,,M,WCSP (in review),825513,,"Gen. Pl.","2: 162","","1873"
kew-2694043,A,Calyceraceae,,Calycera,,"leucanthema",,"","(Poepp.) Kuntze",Accepted,,M,WCSP (in review),825514,139352-1,"Revis. Gen. Pl.","3(2): 127","","1898"
kew-2694046,A,Calyceraceae,,Calycera,,"pulvinata",,"","Remy",Accepted,,M,WCSP (in review),825517,,"Ann. Sci. Nat., Bot.","III, 6: 352","","1846"
tro-5400015,A,Calyceraceae,,Calycera,,"pusilla",,"","Phil.",Unresolved,,L,TRO,5400015,,"","","",""
kew-2694051,A,Calyceraceae,,Calycera,,"sessiliflora",,"","Phil.",Accepted,,M,WCSP (in review),825522,139356-1,"Linnaea","28: 706","","1856"
kew-2694054,A,Calyceraceae,,Calycera,,"spinulosa",,"","Gillies ex Miers",Accepted,,M,WCSP (in review),825525,139358-1,"Ann. Mag. Nat. Hist.","III, 6: 399","","1860"
kew-2694056,A,Calyceraceae,,Calycera,,"sympaganthera",,"","Kuntze",Unresolved,,L,WCSP (in review),825527,42954-2,"Revis. Gen. Pl.","3(2): 127","","1898"
kew-2816599,A,Calyceraceae,,Gamocarpha,,"alpina",,"","(Poepp. ex Less.) H.V.Hansen",Accepted,,M,WCSP (in review),944060,963720-1,"Nordic J. Bot.","12: 65","","1992"
kew-2816601,A,Calyceraceae,,Gamocarpha,,"angustifolia",,"","Phil.",Accepted,,M,WCSP (in review),944062,139369-1,"Anales Univ. Chile","21: 379","","1862"
kew-2816603,A,Calyceraceae,,Gamocarpha,,"caespitosa",,"","Phil. ex Hicken",Unresolved,,L,WCSP (in review),944064,107336-2,"Pap. Bot. Sect. Primera Reunion Nac. Soc. Argent. Ci. Nat.","1916: 247","","1919"
kew-2816604,A,Calyceraceae,,Gamocarpha,,"caleofuensis",,"","Speg.",Unresolved,,L,WCSP (in review),944065,139371-1,"Anales Mus. Nac. Buenos Aires","7: 303","","1902"
kew-2816605,A,Calyceraceae,,Gamocarpha,,"dentata",,"","Phil.",Accepted,,M,WCSP (in review),944066,139372-1,"Anales Univ. Chile","41: 735","","1872"
kew-2816607,A,Calyceraceae,,Gamocarpha,,"gilliesii",,"","Miers",Accepted,,M,WCSP (in review),944068,139373-1,"Ann. Mag. Nat. Hist.","III, 6: 281","","1860"
kew-2816608,A,Calyceraceae,,Gamocarpha,,"ligulata",,"","Miers",Accepted,,M,WCSP (in review),944069,139374-1,"Ann. Mag. Nat. Hist.","III, 6: 282","","1860"
kew-2816612,A,Calyceraceae,,Gamocarpha,,"polycephala",,"","Phil.",Accepted,,M,WCSP (in review),944073,139377-1,"Anales Univ. Chile","1856(2): 329","","1856"
kew-2816614,A,Calyceraceae,,Gamocarpha,,"rosulata",,"","(R.Br.) Skottsb.",Unresolved,,L,WCSP (in review),944075,107342-2,"Kongl. Svenska Vetensk. Acad. Handl.","n.s., 56(5): 139","","1916"
kew-2816616,A,Calyceraceae,,Gamocarpha,,"selliana",,"","Reiche",Accepted,,M,WCSP (in review),944077,107344-2,"Bot. Jahrb. Syst.","29: 117","","1900"
kew-2370416,A,Calyceraceae,,Moschopsis,,"ameghinoi",,"","Dusén",Unresolved,,L,WCSP (in review),509666,139384-1,"Rep. Princeton Univ. Exped. Patagonia, Botany","8(Suppl.): 253","","1915"
kew-2370417,A,Calyceraceae,,Moschopsis,,"caleofucusis",,"","Dusén",Unresolved,,L,WCSP (in review),509667,139385-1,"Rep. Princeton Univ. Exped. Patagonia, Botany","8(Suppl.): 255","","1915"
kew-2370418,A,Calyceraceae,,Moschopsis,,"caleopuensis",,"","Dusén",Unresolved,,L,WCSP (in review),509668,139386-1,"Rep. Princeton Univ. Exped. Patagonia, Botany","8(Suppl.): 254","","1915"
tro-5400018,A,Calyceraceae,,Moschopsis,,"leyboldii",,"","Phil.",Accepted,,M,TRO,5400018,,"Anales Univ. Chile","27: 335","335","1865"
tro-5400023,A,Calyceraceae,,Moschopsis,,"monocephala",,"","(Phil.) Reiche",Accepted,,L,TRO,5400023,164504-2,"Bot. Jahrb. Syst.","29: 118","118","1900"
tro-5400059,A,Calyceraceae,,Moschopsis,,"rosulata",,"","(N.E. Br.) Dusén",Accepted,,L,TRO,5400059,,"","","",""
kew-2370412,A,Calyceraceae,,Moschopsis,,"spathulata",,"","Dusén",Unresolved,,L,WCSP (in review),509662,139389-1,"Ark. Bot.","7(2): 41","","1908"
tro-5400060,A,Calyceraceae,,Moschopsis,,"subandina",,"","(Speg.) Dusén",Accepted,,L,TRO,5400060,164506-2,"Rep. Princeton Univ. Exp. Patagonia, Botany","8(3): 255","255","1914"
tro-5400061,A,Calyceraceae,,Moschopsis,,"trilobata",,"","Dusén",Accepted,,M,TRO,5400061,,"","","",""
kew-2377870,A,Calyceraceae,,Nastanthus,,"caespitosus",,"","(Phil.) Reiche",Accepted,,M,WCSP (in review),516757,167254-2,"Bot. Jahrb. Syst.","29: 114","","1900"
kew-2377875,A,Calyceraceae,,Nastanthus,,"compactus",,"","(Phil.) Miers",Accepted,,M,WCSP (in review),516762,139395-1,"Ann. Mag. Nat. Hist.","III, 6: 189","","1860"
kew-2377874,A,Calyceraceae,,Nastanthus,,"falklandicus",,"","D.M.Moore",Accepted,,M,WCSP (in review),516761,167257-2,"Bot. Not.","120: 18","","1967"
kew-2377869,A,Calyceraceae,,Nastanthus,,"patagonicus",,"","Speg.",Accepted,,M,WCSP (in review),516756,167261-2,"Anales Mus. Nac. Buenos Aires","7: 307","","1902"
kew-2377867,A,Calyceraceae,,Nastanthus,,"scapigerus",,"","(J.Rémy) Miers",Accepted,,M,WCSP (in review),516754,139401-1,"Ann. Mag. Nat. Hist.","III, 6: 188","","1860"
kew-2377865,A,Calyceraceae,,Nastanthus,,"ventosus",,"","(Meyen) Miers",Accepted,,M,WCSP (in review),516752,139403-1,"Ann. Mag. Nat. Hist.","III, 6: 188","","1860"
