﻿ID,Major group,Family,Genus hybrid marker,Genus,Species hybrid marker,Species,Infraspecific rank,Infraspecific epithet,Authorship,Taxonomic status in TPL,Nomenclatural status from original data source,Confidence level,Source,Source id,IPNI id,Publication,Collation,Page,Date
tro-35179013,B,Calymperaceae,,Arthrocormus,,"africanus",,"","Broth.",Accepted,,M,TRO,35179013,,"Bot. Centralbl.","36: 85","85","1888"
tro-35179014,B,Calymperaceae,,Arthrocormus,,"asper",,"","(Mitt.) A. Jaeger",Accepted,,M,TRO,35179014,,"Ber. Thätigk. St. Gallischen Naturwiss. Ges.","1871–72: 320 (Gen. Sp. Musc. 1: 168)","320 ","1873"
tro-35179015,B,Calymperaceae,,Arthrocormus,,"dentatus",,"","(Mitt.) A. Jaeger",Accepted,,M,TRO,35179015,,"Ber. Thätigk. St. Gallischen Naturwiss. Ges.","1871–72: 320 (Gen. Sp. Musc. 1: 168)","320 ","1873"
tro-35179022,B,Calymperaceae,,Arthrocormus,,"schimperi",,"","(Dozy & Molk.) Dozy & Molk.",Accepted,,M,TRO,35179022,,"Musci Frond. Ined. Archip. Ind.","76. 27","76","1846"
tro-35153557,B,Calymperaceae,,Calymperes,,"acanthoneuron",,"","P. de la Varde",Accepted,,M,TRO,35153557,,"Bull. Jard. Bot. État Brux.","18: 167. 14","167","1947"
tro-35153560,B,Calymperaceae,,Calymperes,,"aeruginosum",,"","Hampe ex Sande Lac.",Accepted,,M,TRO,35153560,,"Verh. Kon. Ned. Akad. Wetensch., Afd. Natuurk.","13: 7. 5A","7","1872"
tro-35153562,B,Calymperaceae,,Calymperes,,"afzelii",,"","Sw.",Accepted,,M,TRO,35153562,,"Jahrb. Gewächsk.","1: 3. 1","3","1818"
tro-35153565,B,Calymperaceae,,Calymperes,,"albo-vaginatum",,"","(Schwägr.) Arn.",Accepted,,M,TRO,35153565,,"Mém. Soc. Linn. Paris","5: 232","232","1827"
tro-35153566,B,Calymperaceae,,Calymperes,,"altissimum",,"","M. Fleisch.",Unresolved,,L,TRO,35153566,,"Nat. Pflanzenfam. (ed. 2)","10: 240","240","1925"
tro-35153581,B,Calymperaceae,,Calymperes,,"asperum",,"","Müll. Hal. ex Besch.",Accepted,,M,TRO,35153581,,"Ann. Sci. Nat., Bot., sér. 8,","1: 268. 277","268","1896"
tro-35153585,B,Calymperaceae,,Calymperes,,"australe",,"","Besch.",Unresolved,,L,TRO,35153585,,"Ann. Sci. Nat., Bot., sér. 8,","1: 277","277","1896"
tro-35153586,B,Calymperaceae,,Calymperes,,"badium",,"","(Schimp.) Broth.",Accepted,,M,TRO,35153586,,"Nat. Pflanzenfam.","I(3): 379","379","1901"
tro-35161778,B,Calymperaceae,,Calymperes,,"bartramii",,"","W.D. Reese",Accepted,,M,TRO,35161778,,"Bryologist","64: 136. f. 106–111","136, 106","1961"
tro-35153591,B,Calymperaceae,,Calymperes,,"beccarii",,"","Hampe",Accepted,,M,TRO,35153591,,"Nuovo Giorn. Bot. Ital.","4: 279","279","1872"
tro-35153592,B,Calymperaceae,,Calymperes,,"berterii",,"","Spreng.",Accepted,,M,TRO,35153592,,"Neue Entdeck. Pflanzenk.","3: 3","3","1822"
tro-35183092,B,Calymperaceae,,Calymperes,,"boninense",,"","Z. Iwats.",Accepted,,M,TRO,35183092,,"Bull. Natl. Sci. Mus., Tokyo, B","11: 58. f. 1","58","1985"
tro-35153600,B,Calymperaceae,,Calymperes,,"boulayi",,"","Besch.",Accepted,,M,TRO,35153600,,"Ann. Sci. Nat., Bot., sér. 8,","1: 268, 278","268, 278","1896"
tro-35153616,B,Calymperaceae,,Calymperes,,"cardoti",,"","(M. Fleisch.) Paris",Accepted,,M,TRO,35153616,,"Index Bryol. (ed. 2)","1: 276","276","1904"
tro-35153621,B,Calymperaceae,,Calymperes,,"cernense",,"","Mitt. ex Besch.",Accepted,,M,TRO,35153621,,"Ann. Sci. Nat., Bot., sér. 8,","1: 268, 280","268, 280","1896"
tro-35153626,B,Calymperaceae,,Calymperes,,"chevalieri",,"","Thér.",Unresolved,,L,TRO,35153626,,"Bull. Mus. Natl. Hist. Nat.","18: 110","110","1912"
tro-35153630,B,Calymperaceae,,Calymperes,,"clemensiae",,"","Broth.",Accepted,,M,TRO,35153630,,"Philipp. J. Sci.","8: 69","69","1913"
tro-35153632,B,Calymperaceae,,Calymperes,,"congolense",,"","(Renauld & Cardot) Cardot",Accepted,,M,TRO,35153632,,"Rev. Bryol.","35: 66","66","1908"
tro-35153633,B,Calymperaceae,,Calymperes,,"constrictum",,"","Sull.",Accepted,,M,TRO,35153633,,"U.S. Expl. Exped., Musci","6. pl. 3: a","a","1859"
tro-35153638,B,Calymperaceae,,Calymperes,,"corbieri",,"","Thér.",Unresolved,,L,TRO,35153638,,"Bull. Mus. Natl. Hist. Nat.","18: 110","110","1912"
tro-35153639,B,Calymperaceae,,Calymperes,,"couguiense",,"","Besch.",Accepted,,M,TRO,35153639,,"Ann. Sci. Nat., Bot., sér. 5,","18: 206","206","1873"
tro-35153640,B,Calymperaceae,,Calymperes,,"crassilimbatum",,"","Renauld & Cardot",Accepted,,M,TRO,35153640,,"Bull. Soc. Roy. Bot. Belgique","32(2): 18","18","1893"
tro-35153641,B,Calymperaceae,,Calymperes,,"crassinerve",,"","(Mitt.) A. Jaeger",Accepted,,M,TRO,35153641,,"Ber. Thätigk. St. Gallischen Naturwiss. Ges.","1871–72: 481 (Gen. Sp. Musc. 1: 329)","481 ","1873"
tro-35153648,B,Calymperaceae,,Calymperes,,"cuspidatum",,"","(M. Fleisch.) Paris",Accepted,,M,TRO,35153648,,"Index Bryol. (ed. 2)","1: 276","276","1904"
tro-35217812,B,Calymperaceae,,Calymperes,,"dawsoniaefolium",,"","Broth. & Paris",Unresolved,,L,TRO,35217812,,"Hedwigia","51: 132","132","1911"
tro-35153657,B,Calymperaceae,,Calymperes,,"derelictum",,"","Thér. & P. de la Varde",Accepted,,M,TRO,35153657,,"Rev. Gén. Bot.","29: 296. 23 f.5","296","1917"
tro-35183785,B,Calymperaceae,,Calymperes,,"dixoconstrictum",,"","B.C. Tan & Mohamed",Accepted,,M,TRO,35183785,,"Bryologist","91: 29","29","1988"
tro-35153675,B,Calymperaceae,,Calymperes,,"erosum",,"","Müll. Hal.",Accepted,,M,TRO,35153675,,"Linnaea","21: 182","182","1848"
tro-35153679,B,Calymperaceae,,Calymperes,,"fasciculatum",,"","Dozy & Molk.",Accepted,,M,TRO,35153679,,"Bryol. Jav.","1: 50. 41","50","1856"
tro-35153684,B,Calymperaceae,,Calymperes,,"fluviatile",,"","R.S. Williams",Accepted,,M,TRO,35153684,,"Bull. Torrey Bot. Club","47(9): 394. 12","394","1920"
tro-35153691,B,Calymperaceae,,Calymperes,,"gardneri",,"","Hook.",Accepted,,M,TRO,35153691,,"Musci Exot.","2: 146","146","1819"
tro-35153693,B,Calymperaceae,,Calymperes,,"gemmiphyllum",,"","M. Fleisch.",Accepted,,M,TRO,35153693,,"Musci Buitenzorg","1: 258. 39","258","1904"
tro-35153694,B,Calymperaceae,,Calymperes,,"geppii",,"","Besch.",Accepted,,M,TRO,35153694,,"Ann. Sci. Nat., Bot., sér. 8,","1: 285","285","1896"
tro-35153699,B,Calymperaceae,,Calymperes,,"graeffeanum",,"","Müll. Hal.",Accepted,,M,TRO,35153699,,"J. Mus. Godeffroy","3(6): 64","64","1874"
tro-35153703,B,Calymperaceae,,Calymperes,,"guildingii",,"","Hook. & Grev.",Accepted,,M,TRO,35153703,,"Edinburgh J. Sci.","3: 223. 9","223","1825"
tro-35153704,B,Calymperaceae,,Calymperes,,"guineense",,"","Paris & Broth.",Accepted,,M,TRO,35153704,,"Rev. Bryol.","30: 119","119","1904"
tro-35168452,B,Calymperaceae,,Calymperes,,"hasegawae",,"","(Takaki & Z. Iwats.) Iwasaki",Accepted,,M,TRO,35168452,,"J. Hattori Bot. Lab.","28: 220","220","1965"
tro-35153715,B,Calymperaceae,,Calymperes,,"hispidum",,"","Renauld & Cardot",Accepted,,M,TRO,35153715,,"Bull. Soc. Roy. Bot. Belgique","32(2): 14","14","1893"
tro-35153722,B,Calymperaceae,,Calymperes,,"hyophilaceum",,"","Müll. Hal. ex Besch.",Accepted,,M,TRO,35153722,,"Ann. Sci. Nat., Bot., sér. 8,","1: 265. 287","265","1896"
tro-35153727,B,Calymperaceae,,Calymperes,,"incompletum",,"","(Schwägr.) Arn.",Accepted,,M,TRO,35153727,,"Mém. Soc. Linn. Paris","5: 232","232","1827"
tro-35153739,B,Calymperaceae,,Calymperes,,"johannis-winkleri",,"","Broth.",Accepted,,M,TRO,35153739,,"Mitt. Inst. Allg. Bot. Hamburg","7(2): 122","122","1928"
tro-35153750,B,Calymperaceae,,Calymperes,,"lamellosulum",,"","Cardot",Accepted,,M,TRO,35153750,,"Hist. Phys. Madagascar, Mousses","190","190","1915"
tro-35153759,B,Calymperaceae,,Calymperes,,"leucomitrium",,"","Müll. Hal.",Accepted,,M,TRO,35153759,,"Flora","69: 512","512","1886"
tro-35153760,B,Calymperaceae,,Calymperes,,"levyanum",,"","Besch.",Accepted,,M,TRO,35153760,,"Ann. Sci. Nat., Bot., sér. 8,","1: 290","290","1896"
tro-35153767,B,Calymperaceae,,Calymperes,,"linealifolium",,"","Müll. Hal. ex Besch.",Accepted,,M,TRO,35153767,,"Ann. Sci. Nat., Bot., sér. 8,","1: 265. 290","265","1896"
tro-35153768,B,Calymperaceae,,Calymperes,,"linearifolium",,"","Müll. Hal.",Accepted,,M,TRO,35153768,,"J. Mus. Godeffroy","3(6): 65","65","1874"
tro-35153769,B,Calymperaceae,,Calymperes,,"linguatum",,"","Müll. Hal. ex Besch.",Accepted,,M,TRO,35153769,,"Ann. Sci. Nat., Bot., sér. 8,","1: 265, 290","265, 290","1896"
tro-35153770,B,Calymperaceae,,Calymperes,,"lonchobasis",,"","Dixon",Accepted,,M,TRO,35153770,,"Ann. Bryol.","5: 27","27","1932"
tro-35153772,B,Calymperaceae,,Calymperes,,"lonchophyllum",,"","Schwägr.",Accepted,,M,TRO,35153772,,"Sp. Musc. Frond., Suppl. 1","2: 333. pl. 98","333","1816"
tro-35186456,B,Calymperaceae,,Calymperes,,"lonchophyllum",subsp.,"beccarii","(Hampe) M. Menzel",Accepted,,L,TRO,35186456,,"Willdenowia","19: 488","488","1990"
tro-35182542,B,Calymperaceae,,Calymperes,,"lonchophyllum",subsp.,"microblastum","(Müll. Hal. ex Besch.) S.R. Edwards",Accepted,,L,TRO,35182542,,"J. Bryol.","11: 88","88","1980"
tro-35153775,B,Calymperaceae,,Calymperes,,"loreum",,"","Sande Lac.",Accepted,,M,TRO,35153775,,"Verh. Kon. Ned. Akad. Wetensch., Afd. Natuurk.","13: 7. pl. 4: c","7","1872"
tro-35153778,B,Calymperaceae,,Calymperes,,"loucoubense",,"","Besch.",Accepted,,M,TRO,35153778,,"Ann. Sci. Nat., Bot., sér. 8,","1: 267, 290","267, 290","1896"
tro-35153786,B,Calymperaceae,,Calymperes,,"mangalorense",,"","Dixon & P. de la Varde",Accepted,,M,TRO,35153786,,"Arch. Bot. Bull. Mens.","1(8–9): 164. 4 f.1","164","1927"
tro-35167795,B,Calymperaceae,,Calymperes,,"microblastum",,"","Müll. Hal. ex Besch.",Accepted,,M,TRO,35167795,,"Ann. Sci. Nat., Bot., sér. 8,","1: 272","272","1895"
tro-35168281,B,Calymperaceae,,Calymperes,,"mitrafugax",,"","Florsch.",Accepted,,M,TRO,35168281,,"Fl. Suriname","6(1): 129. f. 48","129","1964"
tro-35153806,B,Calymperaceae,,Calymperes,,"moluccense",,"","Schwägr.",Accepted,,M,TRO,35153806,,"Sp. Musc. Frond., Suppl. 2","2: 99. pl. 127","99","1824"
tro-35153812,B,Calymperaceae,,Calymperes,,"motleyi",,"","Mitt.",Accepted,,M,TRO,35153812,,"Bryol. Jav.","1: 48. 38","48","1856"
tro-35153813,B,Calymperaceae,,Calymperes,,"muelleri",,"","(Dozy & Molk.) Mitt.",Accepted,,M,TRO,35153813,,"J. Proc. Linn. Soc., Bot., Suppl.","1: 42","42","1859"
tro-35183376,B,Calymperaceae,,Calymperes,,"mussoriense",,"","Dixon",Accepted,,M,TRO,35183376,,"Anniv. Vol. Bot. Gard. Calcutta","178","178","1942"
tro-35153814,B,Calymperaceae,,Calymperes,,"nanum",,"","Müll. Hal.",Accepted,,M,TRO,35153814,,"Linnaea","39: 398","398","1875"
tro-35153818,B,Calymperaceae,,Calymperes,,"nicaraguense",,"","Renauld & Cardot",Accepted,,M,TRO,35153818,,"Bull. Soc. Roy. Bot. Belgique","33(2): 117. 6","117","1895"
tro-35161791,B,Calymperaceae,,Calymperes,,"noakhalense",,"","Brühl & P.K. Sarkar",Accepted,,M,TRO,35161791,,"J. Dept. Sci. Calcutta Univ.","10: 3","3","1929"
tro-35184231,B,Calymperaceae,,Calymperes,,"norkettii",,"","L.T. Ellis",Accepted,,M,TRO,35184231,,"J. Bryol.","15: 733. f. 1","733","1989"
tro-35182668,B,Calymperaceae,,Calymperes,,"nymanii",,"","(M. Fleisch.) W.D. Reese",Accepted,,M,TRO,35182668,,"Phytologia","56: 17","17","1984"
tro-35153834,B,Calymperaceae,,Calymperes,,"obtusatum",,"","Thér. & Naveau",Unresolved,,L,TRO,35153834,,"Bull. Soc. Roy. Bot. Belgique","60: 23. 8","23","1927"
tro-35153842,B,Calymperaceae,,Calymperes,,"othmeri",,"","Herzog",Accepted,,M,TRO,35153842,,"Arq. Bot. Estado São Paulo","1(2): 60","60","1924"
tro-35153847,B,Calymperaceae,,Calymperes,,"palisotii",,"","Schwägr.",Accepted,,M,TRO,35153847,,"Sp. Musc. Frond., Suppl. 1","2: 334. pl. 98","334","1816"
tro-35186458,B,Calymperaceae,,Calymperes,,"palisotii",subsp.,"moluccense","(Schwägr.) M. Menzel",Accepted,,L,TRO,35186458,,"Willdenowia","19: 489","489","1990"
tro-35153849,B,Calymperaceae,,Calymperes,,"pallidum",,"","Mitt.",Accepted,,M,TRO,35153849,,"Philos. Trans.","168(extra vol.): 388","388","1879"
tro-35153854,B,Calymperaceae,,Calymperes,,"parasiticum",,"","(Sw. ex Brid.) Hook. & Grev.",Accepted,,M,TRO,35153854,,"Edinburgh J. Sci.","1: 131","131","1824"
tro-35153859,B,Calymperaceae,,Calymperes,,"perlimbatum",,"","Paris",Accepted,,M,TRO,35153859,,"Rev. Bryol.","31: 44","44","1904"
tro-35153860,B,Calymperaceae,,Calymperes,,"perrottetii",,"","Besch.",Accepted,,M,TRO,35153860,,"Ann. Sci. Nat., Bot., sér. 8,","1: 266, 299","266, 299","1896"
tro-35153866,B,Calymperaceae,,Calymperes,,"pintasii",,"","Müll. Hal. ex Besch.",Accepted,,M,TRO,35153866,,"Ann. Sci. Nat., Bot., sér. 8,","1: 270, 299","270, 299","1896"
tro-35153868,B,Calymperaceae,,Calymperes,,"platyloma",,"","Mitt.",Accepted,,M,TRO,35153868,,"J. Linn. Soc., Bot.","12: 128","128","1869"
tro-35153869,B,Calymperaceae,,Calymperes,,"pobeguinii",,"","Paris",Unresolved,,L,TRO,35153869,,"Rev. Bryol.","38: 27","27","1911"
tro-35153870,B,Calymperaceae,,Calymperes,,"polii",,"","Besch.",Unresolved,,L,TRO,35153870,,"Ann. Sci. Nat., Bot., sér. 8,","1: 267, 299","267, 299","1896"
tro-35153872,B,Calymperaceae,,Calymperes,,"poperangense",,"","Broth.",Unresolved,,L,TRO,35153872,,"Denkschr. Kaiserl. Akad. Wiss., Math.-Naturwiss. Kl.","89: 466","466","1913"
tro-35153873,B,Calymperaceae,,Calymperes,,"porrectum",,"","Mitt.",Accepted,,M,TRO,35153873,,"J. Linn. Soc., Bot.","10: 172","172","1868"
tro-35153877,B,Calymperaceae,,Calymperes,,"proligerum",,"","Müll. Hal. ex Dusén",Accepted,,M,TRO,35153877,,"Kongl. Svenska Vetensk. Acad. Handl., n.s.","28(3): 29. a–d, f. 15","29","1896"
tro-35153879,B,Calymperaceae,,Calymperes,,"pulvinatum",,"","Mitt.",Accepted,,M,TRO,35153879,,"Rep. Challenger, Bot.","1(2): 42","42","1885"
tro-35153881,B,Calymperaceae,,Calymperes,,"pungens",,"","Müll. Hal.",Accepted,,M,TRO,35153881,,"Bot. Jahrb. Syst.","5: 87","87","1883"
tro-35153884,B,Calymperaceae,,Calymperes,,"quintasii",,"","Broth.",Accepted,,M,TRO,35153884,,"Bol. Soc. Brot.","8: 177","177","1890"
tro-35153885,B,Calymperaceae,,Calymperes,,"rabenhorstii",,"","Hampe & Müll. Hal.",Accepted,,M,TRO,35153885,,"Flora","69: 512","512","1886"
tro-35153892,B,Calymperaceae,,Calymperes,,"repens",,"","(Harv.) Müll. Hal.",Accepted,,M,TRO,35153892,,"Syn. Musc. Frond.","1: 526","526","1849"
tro-35153893,B,Calymperaceae,,Calymperes,,"retusum",,"","Besch.",Accepted,,M,TRO,35153893,,"Ann. Sci. Nat., Bot., sér. 8,","1: 301","301","1896"
tro-35112410,B,Calymperaceae,,Calymperes,,"robinsonii",,"","B.C. Tan & W.D. Reese",Accepted,,M,TRO,35112410,,"Bull. Natl. Sci. Mus., Tokyo, B","9: 30. f. 27–36","30","1983"
tro-35140400,B,Calymperaceae,,Calymperes,,"rubiginosum",,"","(Mitt.) W.D. Reese",Accepted,,M,TRO,35140400,,"Bryologist","78: 92","92","1975"
tro-35153908,B,Calymperaceae,,Calymperes,,"sakaranae",,"","Paris",Accepted,,M,TRO,35153908,,"Rev. Bryol.","30: 102","102","1903"
tro-35167796,B,Calymperaceae,,Calymperes,,"saxatile",,"","Müll. Hal. ex Besch.",Accepted,,M,TRO,35167796,,"Ann. Sci. Nat., Bot., sér. 8,","1: 272","272","1895"
tro-35153921,B,Calymperaceae,,Calymperes,,"schmidtii",,"","Broth.",Accepted,,M,TRO,35153921,,"Bot. Tidsskr.","24: 119","119","1901"
tro-35153928,B,Calymperaceae,,Calymperes,,"serratum",,"","A. Braun ex Müll. Hal.",Accepted,,M,TRO,35153928,,"Syn. Musc. Frond.","1: 527","527","1849"
tro-35153934,B,Calymperaceae,,Calymperes,,"smithii",,"","E.B. Bartram",Accepted,,M,TRO,35153934,,"Bull. Torrey Bot. Club","66: 223. 1","223","1939"
tro-35153942,B,Calymperaceae,,Calymperes,,"strictifolium",,"","(Mitt.) G. Roth",Accepted,,M,TRO,35153942,,"Hedwigia","51: 127","127","1911"
tro-35153943,B,Calymperaceae,,Calymperes,,"strictum",,"","Müll. Hal.",Unresolved,,L,TRO,35153943,,"Gen. Musc. Frond.","362","362","1900"
tro-35153952,B,Calymperaceae,,Calymperes,,"subdecolorans",,"","Cardot",Unresolved,,L,TRO,35153952,,"Rev. Bryol.","35: 66","66","1908"
tro-35153956,B,Calymperaceae,,Calymperes,,"subdiaphanum",,"","J.-F. Leroy",Accepted,,M,TRO,35153956,,"Bull. Jard. Bot. État Brux.","18: 165. 13","165","1947"
tro-35153959,B,Calymperaceae,,Calymperes,,"subintegrum",,"","Broth.",Accepted,,M,TRO,35153959,,"Bot. Tidsskr.","24: 119","119","1901"
tro-35153962,B,Calymperaceae,,Calymperes,,"subserratum",,"","M. Fleisch.",Accepted,,M,TRO,35153962,,"Musci Buitenzorg","1: 245","245","1904"
tro-35153964,B,Calymperaceae,,Calymperes,,"subulatum",,"","E.B. Bartram",Accepted,,M,TRO,35153964,,"Occas. Pap. Bernice Pauahi Bishop Mus.","11(20): 8. 2","8","1936"
tro-35153968,B,Calymperaceae,,Calymperes,,"tahitense",,"","(Sull.) Mitt.",Accepted,,M,TRO,35153968,,"J. Linn. Soc., Bot.","10: 172","172","1868"
tro-35153977,B,Calymperaceae,,Calymperes,,"tenerum",,"","Müll. Hal.",Accepted,,M,TRO,35153977,,"Linnaea","37: 174","174","1872"
tro-35153979,B,Calymperaceae,,Calymperes,,"tenuifolium",,"","Sull.",Accepted,,M,TRO,35153979,,"Proc. Amer. Acad. Arts","5: 280","280","1861"
tro-35153981,B,Calymperaceae,,Calymperes,,"thomeanum",,"","Müll. Hal.",Accepted,,M,TRO,35153981,,"Flora","69: 286","286","1886"
tro-35153990,B,Calymperaceae,,Calymperes,,"tortelloides",,"","Broth. & Dixon",Accepted,,M,TRO,35153990,,"J. Bot.","48: 306. pl. 507: f. 2","306","1910"
tro-35153992,B,Calymperaceae,,Calymperes,,"tuberculosum",,"","(Dixon & Thér.) Broth.",Accepted,,M,TRO,35153992,,"Nat. Pflanzenfam. (ed. 2)","10: 240","240","1924"
tro-35153996,B,Calymperaceae,,Calymperes,,"venezuelanum",,"","(Mitt.) Broth. ex Pittier",Accepted,,M,TRO,35153996,,"Bol. Soc. Venez. Ci. Nat.","3: 361","361","1936"
tro-35153998,B,Calymperaceae,,Calymperes,,"visheri",,"","Besch.",Unresolved,,L,TRO,35153998,,"Ann. Sci. Nat., Bot., sér. 8,","1: 306","306","1896"
tro-35154000,B,Calymperaceae,,Calymperes,,"vriesei",,"","Besch.",Accepted,,M,TRO,35154000,,"Ann. Sci. Nat., Bot., sér. 8,","1: 268, 307","268, 307","1896"
tro-35201120,B,Calymperaceae,,Calymperes,,"woodii",,"","L.T. Ellis",Accepted,,M,TRO,35201120,,"Bull. Nat. Hist. Mus. London, Bot.","27: 7. f. 1","7","1997"
tro-35140401,B,Calymperaceae,,Calymperidium,,"aristifolium",,"","(Mitt.) W. Schultze-Motel",Accepted,,M,TRO,35140401,,"Willdenowia","7: 363","363","1974"
tro-35154006,B,Calymperaceae,,Calymperidium,,"atrovirens",,"","(Broth.) M. Fleisch.",Accepted,,M,TRO,35154006,,"Musci Buitenzorg","1: 222","222","1904"
tro-35154007,B,Calymperaceae,,Calymperidium,,"croceum",,"","(Mitt.) M. Fleisch.",Accepted,,M,TRO,35154007,,"Musci Buitenzorg","1: 219, index","219, index","1904"
tro-35140402,B,Calymperaceae,,Calymperidium,,"glaucovirens",,"","(Mitt.) W. Schultze-Motel",Accepted,,M,TRO,35140402,,"Willdenowia","7: 364","364","1974"
tro-35154009,B,Calymperaceae,,Calymperidium,,"muelleri",,"","Dozy & Molk.",Accepted,,M,TRO,35154009,,"Bryol. Jav.","1: 51. pl. 42","51","1856"
tro-35154011,B,Calymperaceae,,Calymperidium,,"strictum",,"","(Thwaites & Mitt.) M. Fleisch.",Accepted,,M,TRO,35154011,,"Musci Buitenzorg","1: 222","222","1904"
tro-35154012,B,Calymperaceae,,Calymperidium,,"subulatum",,"","(Sande Lac.) M. Fleisch.",Accepted,,M,TRO,35154012,,"Musci Buitenzorg","1: 222","222","1904"
tro-35154013,B,Calymperaceae,,Calymperopsis,,"africana",,"","(Mitt.) Broth.",Accepted,,M,TRO,35154013,,"Nat. Pflanzenfam. (ed. 2)","10: 235","235","1924"
tro-35168704,B,Calymperaceae,,Calymperopsis,,"crenulata",,"","Tixier",Accepted,,M,TRO,35168704,,"Rev. Bryol. Lichénol.","35: 277. f. 4","277","1967"
tro-35154014,B,Calymperaceae,,Calymperopsis,,"disciformis",,"","(Dusén) M. Fleisch.",Accepted,,M,TRO,35154014,,"Biblioth. Bot.","80: 5","5","1913"
tro-35186500,B,Calymperaceae,,Calymperopsis,,"elimbatus",,"","Tixier",Accepted,,M,TRO,35186500,,"Bryologist","95: 284. f. 8–14","284","1992"
tro-35154016,B,Calymperaceae,,Calymperopsis,,"filigera",,"","(Austin) Broth.",Accepted,,M,TRO,35154016,,"Nat. Pflanzenfam. (ed. 2)","10: 235","235","1924"
tro-35168706,B,Calymperaceae,,Calymperopsis,,"langbianensis",,"","Tixier",Accepted,,M,TRO,35168706,,"Rev. Bryol. Lichénol.","35: 294. f. 13","294","1967"
tro-35154018,B,Calymperaceae,,Calymperopsis,,"madagascariensis",,"","(Thér.) Broth.",Accepted,,M,TRO,35154018,,"Nat. Pflanzenfam. (ed. 2)","11: 527","527","1925"
tro-35186499,B,Calymperaceae,,Calymperopsis,,"mandrakensis",,"","Tixier",Accepted,,M,TRO,35186499,,"Bryologist","95: 284. f. 1–7","284","1992"
tro-35154019,B,Calymperaceae,,Calymperopsis,,"martinicensis",,"","(Broth.) Broth.",Accepted,,M,TRO,35154019,,"Nat. Pflanzenfam. (ed. 2)","10: 235","235","1924"
tro-35154023,B,Calymperaceae,,Calymperopsis,,"subdisciformis",,"","(Dusén) M. Fleisch.",Accepted,,M,TRO,35154023,,"Biblioth. Bot.","80: 5","5","1913"
tro-35154025,B,Calymperaceae,,Calymperopsis,,"tjibodensis",,"","(M. Fleisch.) M. Fleisch.",Accepted,,M,TRO,35154025,,"Biblioth. Bot.","80: 5","5","1913"
tro-35167799,B,Calymperaceae,,Calymperopsis,,"vietnamensis",,"","Ninh",Accepted,,M,TRO,35167799,,"Acta Bot. Acad. Sci. Hung.","27: 151. pl. 1: 1–8, pl. 2: 1–3","151","1981"
tro-35154026,B,Calymperaceae,,Calymperopsis,,"viguieri",,"","(Thér.) Broth.",Accepted,,M,TRO,35154026,,"Nat. Pflanzenfam. (ed. 2)","11: 527","527","1925"
tro-35154027,B,Calymperaceae,,Calymperopsis,,"wainioi",,"","(Broth.) M. Fleisch.",Accepted,,M,TRO,35154027,,"Biblioth. Bot.","80: 5","5","1913"
tro-35154028,B,Calymperaceae,,Calymperopsis,,"wattsii",,"","(Broth.) M. Fleisch.",Accepted,,M,TRO,35154028,,"Biblioth. Bot.","80: 5","5","1913"
tro-35154029,B,Calymperaceae,,Calymperopsis,,"wiemansii",,"","(M. Fleisch.) M. Fleisch.",Accepted,,M,TRO,35154029,,"Biblioth. Bot.","80: 5","5","1913"
tro-35140404,B,Calymperaceae,,Calymperopsis,,"yunfuensis",,"","P.C. Wu, J.X. Luo & F.S. Men",Accepted,,M,TRO,35140404,,"Acta Phytotax. Sin.","14(1): 91","91","1976"
tro-35156886,B,Calymperaceae,,Carinafolium,,"tatei",,"","R.S. Williams",Accepted,,M,TRO,35156886,,"Bull. Torrey Bot. Club","58: 502. 45","502","1931"
tro-35185616,B,Calymperaceae,,Chameleion,,"cryptocarpus",,"","(Dozy & Molk.) L.T. Ellis & A. Eddy",Accepted,,M,TRO,35185616,,"Handb. Males. Mosses","2: 250","250","nd"
tro-35185618,B,Calymperaceae,,Chameleion,,"peguense",,"","(Besch.) L.T. Ellis & A. Eddy",Accepted,,M,TRO,35185618,,"Handb. Males. Mosses","2: 250","250","nd"
tro-35185617,B,Calymperaceae,,Chameleion,,"xanthophyllus",,"","(Mitt.) L.T. Ellis & A. Eddy",Accepted,,M,TRO,35185617,,"Handb. Males. Mosses","2: 250","250","nd"
tro-35157858,B,Calymperaceae,,Cleistostoma,,"albo-vaginatum",,"","(Schwägr.) Brid.",Accepted,,M,TRO,35157858,,"Bryol. Univ.","1: 156","156","1826"
tro-35157859,B,Calymperaceae,,Cleistostoma,,"ambiguum",,"","(Hook.) Brid.",Accepted,,M,TRO,35157859,,"Bryol. Univ.","1: 154","154","1826"
tro-35157861,B,Calymperaceae,,Cleistostoma,,"gardneri",,"","(Hook.) Brid.",Accepted,,M,TRO,35157861,,"Bryol. Univ.","1: 155","155","1826"
tro-35157862,B,Calymperaceae,,Cleistostoma,,"incompletum",,"","(Schwägr.) Brid.",Accepted,,M,TRO,35157862,,"Bryol. Univ.","1: 158","158","1826"
tro-35157863,B,Calymperaceae,,Cleistostoma,,"involutum",,"","(Schwägr.) Brid.",Accepted,,M,TRO,35157863,,"Bryol. Univ.","1: 157","157","1826"
tro-35157864,B,Calymperaceae,,Cleistostoma,,"taylorii",,"","(Schwägr.) Brid.",Accepted,,M,TRO,35157864,,"Bryol. Univ.","1: 156","156","1826"
tro-35157908,B,Calymperaceae,,Codonoblepharum,,"constrictum",,"","(Sull.) Müll. Hal.",Accepted,,M,TRO,35157908,,"Gen. Musc. Frond.","377","377","1900"
tro-35157909,B,Calymperaceae,,Codonoblepharum,,"crassinerve",,"","(Mitt.) Müll. Hal.",Accepted,,M,TRO,35157909,,"J. Mus. Godeffroy","3(6): 67","67","1874"
tro-35157912,B,Calymperaceae,,Codonoblepharum,,"fasciculatum",,"","(Hook. & Grev.) Dozy & Molk.",Accepted,,M,TRO,35157912,,"Bryol. Jav.","1: 53","53","1856"
tro-35157914,B,Calymperaceae,,Codonoblepharum,,"heterophyllum",,"","(Mitt.) Müll. Hal.",Accepted,,M,TRO,35157914,,"Gen. Musc. Frond.","377","377","1900"
tro-35180019,B,Calymperaceae,,Exodictyon,,"asperum",,"","(Mitt.) Cardot",Accepted,,M,TRO,35180019,,"Index Bryol. Suppl.","153","153","1900"
tro-35180020,B,Calymperaceae,,Exodictyon,,"blumii",,"","(Nees ex Hampe) M. Fleisch.",Accepted,,M,TRO,35180020,,"Musci Frond. Archip. Ind. Exsic.","58","58","1899"
tro-35180021,B,Calymperaceae,,Exodictyon,,"dentatum",,"","(Mitt.) Cardot",Accepted,,M,TRO,35180021,,"Rev. Bryol.","26: 7. 13","7","1899"
tro-35180022,B,Calymperaceae,,Exodictyon,,"giulianettii",,"","(Broth.) Cardot",Accepted,,M,TRO,35180022,,"Index Bryol. Suppl.","153","153","1900"
tro-35180024,B,Calymperaceae,,Exodictyon,,"hispidulum",,"","(Mitt.) Cardot",Accepted,,M,TRO,35180024,,"Rev. Bryol.","26: 7","7","1899"
tro-35180025,B,Calymperaceae,,Exodictyon,,"incrassatum",,"","(Mitt.) Cardot",Accepted,,M,TRO,35180025,,"Index Bryol. Suppl.","154","154","1900"
tro-35180026,B,Calymperaceae,,Exodictyon,,"linealifolium",,"","(Müll. Hal.) Cardot",Accepted,,M,TRO,35180026,,"Rev. Bryol.","26: 7","7","1899"
tro-35180028,B,Calymperaceae,,Exodictyon,,"nadeaudii",,"","(Besch.) Cardot",Accepted,,M,TRO,35180028,,"Rev. Bryol.","26: 7. 14","7","1899"
tro-35180030,B,Calymperaceae,,Exodictyon,,"parkinsonii",,"","Cardot",Accepted,,M,TRO,35180030,,"Bull. Soc. Roy. Bot. Belgique","41(1): 46","46","1905"
tro-35180031,B,Calymperaceae,,Exodictyon,,"radula",,"","(Thwaites & Mitt.) Cardot",Accepted,,M,TRO,35180031,,"Index Bryol. Suppl.","154","154","1900"
tro-35180033,B,Calymperaceae,,Exodictyon,,"scabrum",,"","(Mitt.) Cardot",Accepted,,M,TRO,35180033,,"Rev. Bryol.","26: 7","7","1899"
tro-35180034,B,Calymperaceae,,Exodictyon,,"scolopendrium",,"","(Mitt.) Cardot",Accepted,,M,TRO,35180034,,"Rev. Bryol.","26: 7","7","1899"
tro-35180035,B,Calymperaceae,,Exodictyon,,"subdendatum",,"","(Broth.) Cardot",Accepted,,M,TRO,35180035,,"Rev. Bryol.","29: 7","7","1899"
tro-35180036,B,Calymperaceae,,Exodictyon,,"subscrabrum",,"","(Broth.) Cardot",Accepted,,M,TRO,35180036,,"Rev. Bryol.","26: 7","7","1899"
tro-35180037,B,Calymperaceae,,Exodictyon,,"sullivantii",,"","(Dozy & Molk.) M. Fleisch.",Accepted,,M,TRO,35180037,,"Musci Buitenzorg","1: 192","192","1904"
tro-35180038,B,Calymperaceae,,Exodictyon,,"sullivantii",var.,"hispidulum","(Mitt.) M. Fleisch.",Accepted,,L,TRO,35180038,,"Musci Buitenzorg","1: 193","193","1904"
tro-35182747,B,Calymperaceae,,Exostratum,,"asperum",,"","(Mitt.) L.T. Ellis",Accepted,,M,TRO,35182747,,"Lindbergia","11: 32","32","1985"
tro-35182749,B,Calymperaceae,,Exostratum,,"asperum",var.,"papillosum","(Mitt.) L.T. Ellis",Accepted,,L,TRO,35182749,,"Lindbergia","11: 34","34","1985"
tro-35182745,B,Calymperaceae,,Exostratum,,"blumii",,"","(Nees ex Hampe) L.T. Ellis",Accepted,,M,TRO,35182745,,"Lindbergia","11: 25","25","1985"
tro-35182748,B,Calymperaceae,,Exostratum,,"scolopendrium",,"","(Mitt.) L.T. Ellis",Accepted,,M,TRO,35182748,,"Lindbergia","11: 35","35","1985"
tro-35182746,B,Calymperaceae,,Exostratum,,"sullivantii",,"","(Dozy & Molk.) L.T. Ellis",Accepted,,M,TRO,35182746,,"Lindbergia","11: 29","29","1985"
tro-35184228,B,Calymperaceae,,Heliconema,,"cryptocarpus",,"","(Dozy & Molk.) L.T. Ellis & A. Eddy",Accepted,,M,TRO,35184228,,"J. Bryol.","15: 728","728","1989"
tro-35184230,B,Calymperaceae,,Heliconema,,"peguense",,"","(Besch.) L.T. Ellis & A. Eddy",Accepted,,M,TRO,35184230,,"J. Bryol.","15: 730","730","1989"
tro-35184229,B,Calymperaceae,,Heliconema,,"xanthophyllum",,"","(Mitt.) L.T. Ellis & A. Eddy",Accepted,,M,TRO,35184229,,"J. Bryol.","15: 728","728","1989"
tro-35160312,B,Calymperaceae,,Leucophanella,,"amoena",,"","(Broth.) M. Fleisch.",Accepted,,M,TRO,35160312,,"Musci Buitenzorg","4: 1705","1705","1923"
tro-35160313,B,Calymperaceae,,Leucophanella,,"asperrima",,"","(Broth.) M. Fleisch.",Accepted,,M,TRO,35160313,,"Musci Buitenzorg","4: 1705","1705","1923"
tro-35160314,B,Calymperaceae,,Leucophanella,,"banksii",,"","(Müll. Hal.) M. Fleisch.",Accepted,,M,TRO,35160314,,"Musci Buitenzorg","4: 1705","1705","1923"
tro-35160315,B,Calymperaceae,,Leucophanella,,"borneensis",,"","(Hampe) M. Fleisch.",Accepted,,M,TRO,35160315,,"Musci Buitenzorg","4: 1705","1705","1923"
tro-35160317,B,Calymperaceae,,Leucophanella,,"caespitosa",,"","(Thwaites & Mitt.) M. Fleisch.",Accepted,,M,TRO,35160317,,"Musci Buitenzorg","4: 1705","1705","1923"
tro-35160318,B,Calymperaceae,,Leucophanella,,"conferta",,"","(Sande Lac.) M. Fleisch.",Accepted,,M,TRO,35160318,,"Musci Buitenzorg","4: 1705","1705","1923"
tro-35140807,B,Calymperaceae,,Leucophanella,,"involuta",,"","(Schwägr.) H.A. Mill., H. Whittier & B. Whittier",Accepted,,M,TRO,35140807,,"Bryophyt. Biblioth.","16: 183","183","1978"
tro-35160319,B,Calymperaceae,,Leucophanella,,"revoluta",,"","(Dozy & Molk.) M. Fleisch.",Accepted,,M,TRO,35160319,,"Hist. Phys. Madagascar, Mousses","173. 51 f. 1","173","1915"
tro-35160320,B,Calymperaceae,,Leucophanella,,"rotundata",,"","(Broth.) M. Fleisch.",Accepted,,M,TRO,35160320,,"Musci Buitenzorg","4: 1705","1705","1923"
tro-35160321,B,Calymperaceae,,Leucophanella,,"rufescens",,"","(Hook. & Grev.) M. Fleisch.",Accepted,,M,TRO,35160321,,"Musci Buitenzorg","4: 1705","1705","1923"
tro-35140808,B,Calymperaceae,,Leucophanella,,"subspiculosa",,"","(Müll. Hal.) W. Schultze-Motel",Accepted,,M,TRO,35140808,,"Willdenowia","7: 364","364","1974"
tro-35160331,B,Calymperaceae,,Leucophanes,,"albescens",,"","Müll. Hal.",Accepted,,M,TRO,35160331,,"Bot. Zeitung (Berlin)","22: 347","347","1864"
tro-35160333,B,Calymperaceae,,Leucophanes,,"angustifolium",,"","Renauld & Cardot",Accepted,,M,TRO,35160333,,"Rev. Bot. Bull. Mens.","9: 395","395","1891"
tro-35160340,B,Calymperaceae,,Leucophanes,,"blumii",,"","(Nees ex Hampe) Müll. Hal.",Accepted,,M,TRO,35160340,,"Syn. Musc. Frond.","2: 537","537","1851"
tro-35160347,B,Calymperaceae,,Leucophanes,,"candidum",,"","(Schwägr.) Lindb.",Accepted,,M,TRO,35160347,,"Öfvers. Förh. Kongl. Svenska Vetensk.-Akad.","21: 602","602","1865"
tro-35160356,B,Calymperaceae,,Leucophanes,,"gardneri",,"","Müll. Hal.",Accepted,,M,TRO,35160356,,"Bot. Zeitung (Berlin)","2: 741","741","1844"
tro-35160361,B,Calymperaceae,,Leucophanes,,"glaucum",,"","(Schwägr.) Mitt.",Accepted,,M,TRO,35160361,,"J. Proc. Linn. Soc., Bot., Suppl.","1: 25","25","1859"
tro-35187101,B,Calymperaceae,,Leucophanes,,"glaucum",subsp.,"nukahivense","(Besch.) N. Salazar",Accepted,,L,TRO,35187101,,"Bryophyt. Biblioth.","46: 106","106","1993"
tro-35160363,B,Calymperaceae,,Leucophanes,,"hildebrandtii",,"","Müll. Hal.",Accepted,,M,TRO,35160363,,"Linnaea","40: 234","234","1876"
tro-35160364,B,Calymperaceae,,Leucophanes,,"hispidulum",,"","(Mitt.) A. Jaeger",Accepted,,M,TRO,35160364,,"Ber. Thätigk. St. Gallischen Naturwiss. Ges.","1871–72: 318 (Gen. Sp. Musc. 1: 166)","318 ","1873"
tro-35187098,B,Calymperaceae,,Leucophanes,,"milleri",,"","N. Salazar",Accepted,,M,TRO,35187098,,"Bryophyt. Biblioth.","46: 74. f. 45–46, 174–195","74","1993"
tro-35160373,B,Calymperaceae,,Leucophanes,,"molleri",,"","Müll. Hal.",Accepted,,M,TRO,35160373,,"Flora","69: 285","285","1886"
tro-35160374,B,Calymperaceae,,Leucophanes,,"naumannii",,"","(Müll. Hal.) Müll. Hal.",Accepted,,M,TRO,35160374,,"Forschungsr. Gazelle","4(5): 51","51","1889"
tro-35160380,B,Calymperaceae,,Leucophanes,,"octoblepharioides",,"","Brid.",Accepted,,M,TRO,35160380,,"Bryol. Univ.","1: 763","763","1827"
tro-35160383,B,Calymperaceae,,Leucophanes,,"papillosum",,"","(Mitt.) A. Jaeger",Accepted,,M,TRO,35160383,,"Ber. Thätigk. St. Gallischen Naturwiss. Ges.","1871–72: 319 (Gen. Sp. Musc. 1: 167)","319 ","1873"
tro-35160385,B,Calymperaceae,,Leucophanes,,"pucciniferum",,"","Müll. Hal.",Accepted,,M,TRO,35160385,,"Bot. Jahrb. Syst.","5: 85","85","1883"
tro-35160389,B,Calymperaceae,,Leucophanes,,"radula",,"","(Thwaites & Mitt.) A. Jaeger",Accepted,,M,TRO,35160389,,"Ber. Thätigk. St. Gallischen Naturwiss. Ges.","1877–78: 392 (Gen. Sp. Musc. 2: 656)","392 ","1880"
tro-35160390,B,Calymperaceae,,Leucophanes,,"recurvum",,"","(Mitt.) A. Jaeger",Accepted,,M,TRO,35160390,,"Ber. Thätigk. St. Gallischen Naturwiss. Ges.","1871–72: 317 (Gen. Sp. Musc. 1: 165)","317 ","1873"
tro-35160393,B,Calymperaceae,,Leucophanes,,"renauldii",,"","Cardot",Accepted,,M,TRO,35160393,,"Bull. Herb. Boissier, sér. 2,","4: 115","115","1904"
tro-35160394,B,Calymperaceae,,Leucophanes,,"rodriguezii",,"","Müll. Hal.",Accepted,,M,TRO,35160394,,"Bull. Soc. Roy. Bot. Belgique","33(2): 113","113","1895"
tro-35160396,B,Calymperaceae,,Leucophanes,,"scabrum",,"","(Mitt.) A. Jaeger",Accepted,,M,TRO,35160396,,"Ber. Thätigk. St. Gallischen Naturwiss. Ges.","1871–72: 318 (Gen. Sp. Musc. 1: 166)","318 ","1873"
tro-35160397,B,Calymperaceae,,Leucophanes,,"serratulum",,"","M. Fleisch.",Accepted,,M,TRO,35160397,,"Nova Guinea","8(2): 741. 120","741","1914"
tro-35160398,B,Calymperaceae,,Leucophanes,,"seychellarum",,"","Besch.",Accepted,,M,TRO,35160398,,"Ann. Sci. Nat., Bot., sér. 6,","9: 337","337","1880"
tro-35160399,B,Calymperaceae,,Leucophanes,,"smaragdinum",,"","(Mitt.) A. Jaeger",Accepted,,M,TRO,35160399,,"Ber. Thätigk. St. Gallischen Naturwiss. Ges.","1877–78: 391 (Gen. Sp. Musc. 2: 655)","391 ","1880"
tro-35160401,B,Calymperaceae,,Leucophanes,,"speciosum",,"","(Dozy & Molk.) Müll. Hal.",Accepted,,M,TRO,35160401,,"Syn. Musc. Frond.","1: 84","84","1848"
tro-35160402,B,Calymperaceae,,Leucophanes,,"sphagnoides",,"","Welw. & Duby",Accepted,,M,TRO,35160402,,"Mém. Soc. Phys. Genève","21: 443","443","1872"
tro-35160410,B,Calymperaceae,,Leucophanes,,"unguiculatum",,"","Mitt.",Accepted,,M,TRO,35160410,,"J. Proc. Linn. Soc., Bot.","7: 150","150","1863"
tro-35160411,B,Calymperaceae,,Leucophanes,,"vitianum",,"","Müll. Hal.",Accepted,,M,TRO,35160411,,"J. Mus. Godeffroy","3(6): 58","58","1874"
tro-35140872,B,Calymperaceae,,Mitthyridium,,"adpressum",,"","(Broth.) H. Rob.",Accepted,,M,TRO,35140872,,"Phytologia","32: 432","432","1975"
tro-35140873,B,Calymperaceae,,Mitthyridium,,"binsteadii",,"","(Thér. & Dixon) H. Rob.",Accepted,,M,TRO,35140873,,"Phytologia","32: 432","432","1975"
tro-35140874,B,Calymperaceae,,Mitthyridium,,"cardotii",,"","(M. Fleisch.) H. Rob.",Accepted,,M,TRO,35140874,,"Phytologia","32: 432","432","1975"
tro-35140875,B,Calymperaceae,,Mitthyridium,,"chenagonii",,"","(Renauld & Cardot) H. Rob.",Accepted,,M,TRO,35140875,,"Phytologia","32: 432","432","1975"
tro-35140876,B,Calymperaceae,,Mitthyridium,,"constrictum",,"","(Sull.) H. Rob.",Accepted,,M,TRO,35140876,,"Phytologia","32: 432","432","1975"
tro-35140877,B,Calymperaceae,,Mitthyridium,,"crassum",,"","(Broth.) H. Rob.",Accepted,,M,TRO,35140877,,"Phytologia","32: 432","432","1975"
tro-35140878,B,Calymperaceae,,Mitthyridium,,"cuspidatum",,"","(M. Fleisch.) H. Rob.",Accepted,,M,TRO,35140878,,"Phytologia","32: 432","432","1975"
tro-35140879,B,Calymperaceae,,Mitthyridium,,"cyrtophyllum",,"","(Besch.) H. Rob.",Accepted,,M,TRO,35140879,,"Phytologia","32: 433","433","1975"
tro-35140880,B,Calymperaceae,,Mitthyridium,,"fasciculatum",,"","(Hook. & Grev.) H. Rob.",Accepted,,M,TRO,35140880,,"Phytologia","32: 433","433","1975"
tro-35204526,B,Calymperaceae,,Mitthyridium,,"fasciculatum",subsp.,"cardotii","(M. Fleisch.) B.C. Tan & L.T. Ellis",Accepted,,L,TRO,35204526,,"Bull. Nat. Hist. Mus. London, Bot.","29: 25","25","1999"
tro-35186460,B,Calymperaceae,,Mitthyridium,,"fasciculatum",subsp.,"obtusifolium","(Lindb.) M. Menzel",Accepted,,L,TRO,35186460,,"Willdenowia","19: 502","502","1990"
tro-35140881,B,Calymperaceae,,Mitthyridium,,"flavum",,"","(Müll. Hal.) H. Rob.",Accepted,,M,TRO,35140881,,"Phytologia","32: 433","433","1975"
tro-35140882,B,Calymperaceae,,Mitthyridium,,"fleischeri",,"","(W. Schultze-Motel) H. Rob.",Accepted,,M,TRO,35140882,,"Phytologia","32: 433","433","1975"
tro-35140883,B,Calymperaceae,,Mitthyridium,,"geheebii",,"","(Paris) H. Rob.",Accepted,,M,TRO,35140883,,"Phytologia","32: 433","433","1975"
tro-35140884,B,Calymperaceae,,Mitthyridium,,"glaucinum",,"","(Besch.) H. Rob.",Accepted,,M,TRO,35140884,,"Phytologia","32: 433","433","1975"
tro-35183742,B,Calymperaceae,,Mitthyridium,,"iwatsukianum",,"","B.C. Tan",Accepted,,M,TRO,35183742,,"Mem. New York Bot. Gard.","45: 453. pl. 1","453","1987"
tro-35140885,B,Calymperaceae,,Mitthyridium,,"jungquilianum",,"","(Mitt.) H. Rob.",Accepted,,M,TRO,35140885,,"Phytologia","32: 433","433","1975"
tro-35140886,B,Calymperaceae,,Mitthyridium,,"letestui",,"","(Thér. & P. de la Varde) H. Rob.",Accepted,,M,TRO,35140886,,"Phytologia","32: 433","433","1975"
tro-35140887,B,Calymperaceae,,Mitthyridium,,"leucoloma",,"","(Müll. Hal.) H. Rob.",Accepted,,M,TRO,35140887,,"Phytologia","32: 433","433","1975"
tro-35167923,B,Calymperaceae,,Mitthyridium,,"louisiadum",,"","(Broth.) H.K. Nowak",Accepted,,M,TRO,35167923,,"Bryophyt. Biblioth.","20: 93","93","1980"
tro-35140888,B,Calymperaceae,,Mitthyridium,,"luteum",,"","(Mitt.) H. Rob.",Accepted,,M,TRO,35140888,,"Phytologia","32: 433","433","1975"
tro-35140889,B,Calymperaceae,,Mitthyridium,,"manii",,"","(M. Fleisch.) H. Rob.",Accepted,,M,TRO,35140889,,"Phytologia","32: 433","433","1975"
tro-35140890,B,Calymperaceae,,Mitthyridium,,"megamorphum",,"","(M. Fleisch.) H. Rob.",Accepted,,M,TRO,35140890,,"Phytologia","32: 433","433","1975"
tro-35140891,B,Calymperaceae,,Mitthyridium,,"micro-undulatum",,"","(Dixon) H. Rob.",Accepted,,M,TRO,35140891,,"Phytologia","32: 433","433","1975"
tro-35140892,B,Calymperaceae,,Mitthyridium,,"obtusifolium",,"","(Lindb.) H. Rob.",Accepted,,M,TRO,35140892,,"Phytologia","32: 434","434","1975"
tro-35140893,B,Calymperaceae,,Mitthyridium,,"papuanum",,"","(Broth.) H. Rob.",Accepted,,M,TRO,35140893,,"Phytologia","32: 434","434","1975"
tro-35140894,B,Calymperaceae,,Mitthyridium,,"parvifolium",,"","(E.B. Bartram) H. Rob.",Accepted,,M,TRO,35140894,,"Phytologia","32: 434","434","1975"
tro-35140895,B,Calymperaceae,,Mitthyridium,,"parvulum",,"","(A. Jaeger) H. Rob.",Accepted,,M,TRO,35140895,,"Phytologia","32: 434","434","1975"
tro-35140896,B,Calymperaceae,,Mitthyridium,,"perundulatum",,"","(Broth.) H. Rob.",Accepted,,M,TRO,35140896,,"Phytologia","32: 434","434","1975"
tro-35140897,B,Calymperaceae,,Mitthyridium,,"pungens",,"","(Dixon) H. Rob.",Accepted,,M,TRO,35140897,,"Phytologia","32: 434","434","1975"
tro-35140898,B,Calymperaceae,,Mitthyridium,,"repens",,"","(Harv.) H. Rob.",Accepted,,M,TRO,35140898,,"Phytologia","32: 434","434","1975"
tro-35183788,B,Calymperaceae,,Mitthyridium,,"repens",var.,"minus","(M. Fleisch.) B.C. Tan & Mohamed",Accepted,,L,TRO,35183788,,"Bryologist","91: 29","29","1988"
tro-35183650,B,Calymperaceae,,Mitthyridium,,"retusum",,"","(Besch.) W.D. Reese",Accepted,,M,TRO,35183650,,"Bryologist","90: 201","201","1987"
tro-35140899,B,Calymperaceae,,Mitthyridium,,"samoanum",,"","(W. Schultze-Motel) H. Rob.",Accepted,,M,TRO,35140899,,"Phytologia","32: 434","434","1975"
tro-35140900,B,Calymperaceae,,Mitthyridium,,"subfasciculatum",,"","(Hampe) H. Rob.",Accepted,,M,TRO,35140900,,"Phytologia","32: 434","434","1975"
tro-35140901,B,Calymperaceae,,Mitthyridium,,"subflavum",,"","(Renauld & Cardot) H. Rob.",Accepted,,M,TRO,35140901,,"Phytologia","32: 434","434","1975"
tro-35167924,B,Calymperaceae,,Mitthyridium,,"subluteum",,"","(Müll. Hal.) H.K. Nowak",Accepted,,M,TRO,35167924,,"Bryophyt. Biblioth.","20: 144","144","1980"
tro-35140902,B,Calymperaceae,,Mitthyridium,,"subobtusifolium",,"","(Broth. & Paris) H. Rob.",Accepted,,M,TRO,35140902,,"Phytologia","32: 434","434","1975"
tro-35140903,B,Calymperaceae,,Mitthyridium,,"undulatulum",,"","(Broth. & Geh.) H. Rob.",Accepted,,M,TRO,35140903,,"Phytologia","32: 434","434","1975"
tro-35140904,B,Calymperaceae,,Mitthyridium,,"undulatum",,"","(Dozy & Molk.) H. Rob.",Accepted,,M,TRO,35140904,,"Phytologia","32: 435","435","1975"
tro-35140905,B,Calymperaceae,,Mitthyridium,,"vriesei",,"","(Sande Lac.) H. Rob.",Accepted,,M,TRO,35140905,,"Phytologia","32: 435","435","1975"
tro-35140906,B,Calymperaceae,,Mitthyridium,,"wallisii",,"","(Müll. Hal.) H. Rob.",Accepted,,M,TRO,35140906,,"Phytologia","32: 435","435","1975"
tro-35186459,B,Calymperaceae,,Mitthyridium,,"wallisii",var.,"crassum","(Broth.) M. Menzel",Accepted,,L,TRO,35186459,,"Willdenowia","19: 508","508","1990"
tro-35172908,B,Calymperaceae,,Orthotheca,,"berteroana",,"","(Brid.) Brid.",Accepted,,M,TRO,35172908,,"Bryol. Univ.","1: 778","778","1827"
tro-35172909,B,Calymperaceae,,Orthotheca,,"circinata",,"","(Brid.) Brid.",Accepted,,M,TRO,35172909,,"Bryol. Univ.","1: 779","779","1827"
tro-35172910,B,Calymperaceae,,Orthotheca,,"lycopodioides",,"","(Sw. ex Brid.) Brid.",Accepted,,M,TRO,35172910,,"Bryol. Univ.","1: 778","778","1827"
tro-100378464,B,Calymperaceae,,Palaeosyrrhopodon,,"grossiserratus",,"","Ignatov & Shcherbakov",Accepted,,M,TRO,100378464,,"Arctoa","20: 77","77","2011"
tro-35177899,B,Calymperaceae,,Syrrhopodon,,"aculeatoserratus",,"","Besch.",Accepted,,M,TRO,35177899,,"Ann. Sci. Nat., Bot., sér. 6,","9: 349","349","1880"
tro-35177905,B,Calymperaceae,,Syrrhopodon,,"africanus",,"","(Mitt.) Paris",Accepted,,M,TRO,35177905,,"Index Bryol.","1244","1244","1898"
tro-35189551,B,Calymperaceae,,Syrrhopodon,,"africanus",subsp.,"graminicola","(R.S. Williams) W.D. Reese",Accepted,,L,TRO,35189551,,"Bryologist","98: 141","141","1995"
tro-35177910,B,Calymperaceae,,Syrrhopodon,,"albidus",,"","Thwaites & Mitt.",Accepted,,M,TRO,35177910,,"J. Linn. Soc., Bot.","13: 298","298","1873"
tro-35177911,B,Calymperaceae,,Syrrhopodon,,"albo-vaginatus",,"","Schwägr.",Accepted,,M,TRO,35177911,,"Sp. Musc. Frond., Suppl. 2","2: 112. pl. 131","112","1824"
tro-35177915,B,Calymperaceae,,Syrrhopodon,,"ambiguus",,"","(Hook.) Spreng.",Accepted,,M,TRO,35177915,,"Syst. Veg.","4(1): 163","163","1827"
tro-35177919,B,Calymperaceae,,Syrrhopodon,,"androgynus",,"","(Mont.) Besch.",Accepted,,M,TRO,35177919,,"Ann. Sci. Nat., Bot., sér. 6,","3: 197","197","1876"
tro-35141156,B,Calymperaceae,,Syrrhopodon,,"annotinus",,"","W.D. Reese & D.G. Griffin",Accepted,,M,TRO,35141156,,"Bryologist","79: 518. f. 1–10","518","1976"
tro-35177923,B,Calymperaceae,,Syrrhopodon,,"apertifolius",,"","Besch.",Accepted,,M,TRO,35177923,,"Ann. Sci. Nat., Bot., sér. 6,","9: 350","350","1880"
tro-35177929,B,Calymperaceae,,Syrrhopodon,,"aristifolius",,"","Mitt.",Accepted,,M,TRO,35177929,,"J. Linn. Soc., Bot.","10: 176","176","1868"
tro-35141157,B,Calymperaceae,,Syrrhopodon,,"armatispinosus",,"","P.J. Lin",Accepted,,M,TRO,35141157,,"Acta Phytotax. Sin.","17: 93. f. 2","93","1979"
tro-35186116,B,Calymperaceae,,Syrrhopodon,,"armatissimus",,"","W.D. Reese",Accepted,,M,TRO,35186116,,"Bryologist","94: 217. f. 1–6","217","1991"
tro-35177930,B,Calymperaceae,,Syrrhopodon,,"armatus",,"","Mitt.",Accepted,,M,TRO,35177930,,"J. Proc. Linn. Soc., Bot.","7: 151","151","1864"
tro-35204743,B,Calymperaceae,,Syrrhopodon,,"armatus",f.,"rubrotomentosus","(Cardot) Demaret",Accepted,,L,TRO,35204743,,"Bull. Jard. Bot. État Brux.","18: 221","221","1947"
tro-35177932,B,Calymperaceae,,Syrrhopodon,,"asper",,"","Mitt.",Accepted,,M,TRO,35177932,,"J. Linn. Soc., Bot.","22: 303","303","1886"
tro-35187028,B,Calymperaceae,,Syrrhopodon,,"autotomaius",,"","W.D. Reese",Accepted,,M,TRO,35187028,,"Bryologist","96: 145. f. 1–10","145","1993"
tro-35168298,B,Calymperaceae,,Syrrhopodon,,"bartramii",,"","H. Whittier",Accepted,,M,TRO,35168298,,"Beih. Nova Hedwigia","11: 15","15","1963"
tro-35177948,B,Calymperaceae,,Syrrhopodon,,"berteroanus",,"","(Brid.) Müll. Hal.",Accepted,,M,TRO,35177948,,"Syn. Musc. Frond.","1: 539","539","1849"
tro-35167999,B,Calymperaceae,,Syrrhopodon,,"brasiliensis",,"","W.D. Reese",Accepted,,M,TRO,35167999,,"Bryologist","86: 354. f. 1–11","354","1983"
tro-35177973,B,Calymperaceae,,Syrrhopodon,,"calymperoides",,"","Cardot & P. de la Varde",Accepted,,M,TRO,35177973,,"Rev. Bryol.","49: 42. pl. 2: f. 9","42","1922"
tro-35186505,B,Calymperaceae,,Syrrhopodon,,"cambodianus",,"","Tixier",Accepted,,M,TRO,35186505,,"Ann. Fac. Sci. Univ. Phnom Penh","1967–68: 46. f. 2","46","1968"
tro-35177984,B,Calymperaceae,,Syrrhopodon,,"ceylonensis",,"","Paris",Unresolved,,L,TRO,35177984,,"Index Bryol.","1245","1245","1898"
tro-35177985,B,Calymperaceae,,Syrrhopodon,,"chenagonii",,"","Renauld & Cardot",Accepted,,M,TRO,35177985,,"Bull. Soc. Roy. Bot. Belgique","29(1): 175","175","1890"
tro-35184212,B,Calymperaceae,,Syrrhopodon,,"chenii",,"","W.D. Reese & P.J. Lin",Accepted,,M,TRO,35184212,,"Bryologist","92: 186. f. 1–5","186","1989"
tro-35177987,B,Calymperaceae,,Syrrhopodon,,"ciliatus",,"","(Hook.) Schwägr.",Accepted,,M,TRO,35177987,,"Sp. Musc. Frond., Suppl. 2","2: 114. pl. 130","114","1823"
tro-35177992,B,Calymperaceae,,Syrrhopodon,,"circinatus",,"","(Brid.) Mitt.",Accepted,,M,TRO,35177992,,"J. Linn. Soc., Bot.","12: 122","122","1869"
tro-35177995,B,Calymperaceae,,Syrrhopodon,,"clavatus",,"","Schwägr.",Accepted,,M,TRO,35177995,,"Sp. Musc. Frond., Suppl. 2","2(2): 97","97","1827"
tro-35178001,B,Calymperaceae,,Syrrhopodon,,"confertus",,"","Sande Lac.",Accepted,,M,TRO,35178001,,"Verh. Kon. Ned. Akad. Wetensch., Afd. Natuurk.","13: 4. 2c","4","1872"
tro-35178003,B,Calymperaceae,,Syrrhopodon,,"constrictus",,"","(Sull.) Mitt.",Accepted,,M,TRO,35178003,,"Fl. Vit.","389","389","1873"
tro-35178006,B,Calymperaceae,,Syrrhopodon,,"crassinervis",,"","(Mitt.) Mitt.",Accepted,,M,TRO,35178006,,"Fl. Vit.","389","389","1873"
tro-35178007,B,Calymperaceae,,Syrrhopodon,,"crassus",,"","Broth.",Accepted,,M,TRO,35178007,,"Oefvers. Förh. Finska Vetensk.-Soc.","40: 166","166","1898"
tro-35189553,B,Calymperaceae,,Syrrhopodon,,"crenulatus",,"","(Tixier) W.D. Reese",Accepted,,M,TRO,35189553,,"Bryologist","98: 141","141","1995"
tro-35178013,B,Calymperaceae,,Syrrhopodon,,"croceus",,"","Mitt.",Accepted,,M,TRO,35178013,,"J. Proc. Linn. Soc., Bot., Suppl.","1: 41","41","1859"
tro-35178014,B,Calymperaceae,,Syrrhopodon,,"cryptocarpus",,"","Dozy & Molk.",Accepted,,M,TRO,35178014,,"Prodr. Fl. Bryol. Surinam. [Natuurk. Verh. Holl. Maatsch. Wetensch. Haarlem, ser. 2, 10(3):]","14. f. 7","14","1854"
tro-35178016,B,Calymperaceae,,Syrrhopodon,,"cuneifolius",,"","Thér.",Accepted,,M,TRO,35178016,,"Recueil Publ. Soc. Havraise Études Diverses","91: 86","86","1924"
tro-35183692,B,Calymperaceae,,Syrrhopodon,,"curticancellinatus",,"","D.H. Norris, W.D. Reese & T.J. Kop.",Accepted,,M,TRO,35183692,,"Ann. Bot. Fenn.","25: 149. f. 1","149","1988"
tro-35178021,B,Calymperaceae,,Syrrhopodon,,"cymbifolius",,"","Müll. Hal.",Accepted,,M,TRO,35178021,,"Hedwigia","39: 262","262","1900"
tro-35186344,B,Calymperaceae,,Syrrhopodon,,"cyrtacanthos",,"","W.D. Reese",Accepted,,M,TRO,35186344,,"Bryologist","95: 95. f. 1–6","95","1992"
tro-35178022,B,Calymperaceae,,Syrrhopodon,,"cyrtophyllus",,"","Besch.",Accepted,,M,TRO,35178022,,"Ann. Sci. Nat., Bot., sér. 6,","9: 347","347","1878"
tro-35216987,B,Calymperaceae,,Syrrhopodon,,"dimorphophyllus",,"","L.T. Ellis",Accepted,,M,TRO,35216987,,"Syst. Biodivers.","3: 173","173","2005"
tro-35178026,B,Calymperaceae,,Syrrhopodon,,"disciformis",,"","Dusén",Accepted,,M,TRO,35178026,,"Kongl. Svenska Vetensk. Acad. Handl., n.s.","28(2): 17. a–e, 2 f. 15","17","1895"
tro-35178032,B,Calymperaceae,,Syrrhopodon,,"dubius",,"","Schwägr.",Accepted,,M,TRO,35178032,,"Sp. Musc. Frond., Suppl. 4","312b","312","1842"
tro-35178040,B,Calymperaceae,,Syrrhopodon,,"elatus",,"","Mont.",Accepted,,M,TRO,35178040,,"Ann. Sci. Nat., Bot., sér. 2,","3: 198","198","1835"
tro-35178042,B,Calymperaceae,,Syrrhopodon,,"elongatus",,"","Sull.",Accepted,,M,TRO,35178042,,"Proc. Amer. Acad. Arts","5: 280","280","1861"
tro-35178045,B,Calymperaceae,,Syrrhopodon,,"erectifolius",,"","Müll. Hal.",Unresolved,,L,TRO,35178045,,"Hedwigia","38: 96","96","1899"
tro-35178046,B,Calymperaceae,,Syrrhopodon,,"erubescens",,"","E.B. Bartram",Accepted,,M,TRO,35178046,,"Bryologist","54. 233","54","1951"
tro-35178055,B,Calymperaceae,,Syrrhopodon,,"fimbriatus",,"","Mitt.",Accepted,,M,TRO,35178055,,"J. Linn. Soc., Bot.","12: 122","122","1869"
tro-35141159,B,Calymperaceae,,Syrrhopodon,,"fissipapillatus",,"","H. Whittier",Accepted,,M,TRO,35141159,,"Mosses Society Isl.","119. f. 30: e–i","e","1976"
tro-35178058,B,Calymperaceae,,Syrrhopodon,,"flammeonervis",,"","Müll. Hal.",Accepted,,M,TRO,35178058,,"Linnaea","38: 557","557","1874"
tro-35178064,B,Calymperaceae,,Syrrhopodon,,"flexifolius",,"","Mitt.",Accepted,,M,TRO,35178064,,"J. Linn. Soc., Bot.","12: 118","118","1869"
tro-35178066,B,Calymperaceae,,Syrrhopodon,,"fragilis",,"","Hampe",Unresolved,,L,TRO,35178066,,"Ann. Sci. Nat., Bot., sér. 5,","3: 342","342","1865"
tro-35169324,B,Calymperaceae,,Syrrhopodon,,"fraserianus",,"","Tixier",Accepted,,M,TRO,35169324,,"Gard. Bull. Singapore","25: 346. f. 1","346","1971"
tro-35178071,B,Calymperaceae,,Syrrhopodon,,"gardneri",,"","(Hook.) Schwägr.",Accepted,,M,TRO,35178071,,"Sp. Musc. Frond., Suppl. 2","2: 110. pl. 131","110","1824"
tro-35178073,B,Calymperaceae,,Syrrhopodon,,"gardneri",var.,"maclellandii","(Griff.) E.S. Salmon",Accepted,,L,TRO,35178073,,"J. Bot.","40: 276, 277","276, 277","1902"
tro-35178074,B,Calymperaceae,,Syrrhopodon,,"gaudichaudii",,"","Mont.",Accepted,,M,TRO,35178074,,"Ann. Sci. Nat., Bot., sér. 2,","2: 376. 16 f. 3","376","1834"
tro-35178082,B,Calymperaceae,,Syrrhopodon,,"glaucus",,"","Schwägr.",Accepted,,M,TRO,35178082,,"Sp. Musc. Frond., Suppl. 2","2(2): 103. pl. 181","103","1827"
tro-35178083,B,Calymperaceae,,Syrrhopodon,,"glaziovii",,"","Hampe",Accepted,,M,TRO,35178083,,"Vidensk. Meddel. Dansk Naturhist. Foren. Kjøbenhavn","6: 133","133","1874"
tro-35178084,B,Calymperaceae,,Syrrhopodon,,"gomesii",,"","P. de la Varde",Unresolved,,L,TRO,35178084,,"Svensk Bot. Tidskr.","42: 253. 3 F–L","253","1948"
tro-35178093,B,Calymperaceae,,Syrrhopodon,,"graminicola",,"","R.S. Williams",Accepted,,M,TRO,35178093,,"Bull. Torrey Bot. Club","47: 379. pl. 16: f. 14","379","1920"
tro-35178094,B,Calymperaceae,,Syrrhopodon,,"graminifolius",,"","Renauld & Cardot",Accepted,,M,TRO,35178094,,"Rev. Bot. Bull. Mens.","9: 394","394","1891"
tro-35184577,B,Calymperaceae,,Syrrhopodon,,"hainanensis",,"","W.D. Reese & P.J. Lin",Accepted,,M,TRO,35184577,,"Bryologist","94: 70. f. 3–7","70","1991"
tro-35178098,B,Calymperaceae,,Syrrhopodon,,"hawaiicus",,"","Müll. Hal.",Accepted,,M,TRO,35178098,,"Flora","82: 437","437","1896"
tro-35178099,B,Calymperaceae,,Syrrhopodon,,"helicophyllus",,"","Mitt.",Accepted,,M,TRO,35178099,,"J. Linn. Soc., Bot.","12: 119","119","1869"
tro-35178104,B,Calymperaceae,,Syrrhopodon,,"hispidissimus",,"","Dixon",Accepted,,M,TRO,35178104,,"J. Malayan Branch Roy. Asiat. Soc.","6(1): 23","23","1928"
tro-35178106,B,Calymperaceae,,Syrrhopodon,,"hispidocostatus",,"","Renauld & Cardot",Accepted,,M,TRO,35178106,,"Rev. Bot. Bull. Mens.","9: 394","394","1891"
tro-35204414,B,Calymperaceae,,Syrrhopodon,,"hongkongensis",,"","L. Zhang",Accepted,,M,TRO,35204414,,"Bryologist","102: 122. f. 1–12","122","1999"
tro-35178110,B,Calymperaceae,,Syrrhopodon,,"hornschuchii",,"","Mart.",Accepted,,M,TRO,35178110,,"Fl. Bras.","1(2): 6","6","1840"
tro-35178115,B,Calymperaceae,,Syrrhopodon,,"incompletus",,"","Schwägr.",Accepted,,M,TRO,35178115,,"Sp. Musc. Frond., Suppl. 2","2: 119","119","1824"
tro-35141185,B,Calymperaceae,,Syrrhopodon,,"incompletus",var.,"berteroanus","(Brid.) W.D. Reese",Accepted,,L,TRO,35141185,,"Bryologist","80: 9","9","1977"
tro-35141186,B,Calymperaceae,,Syrrhopodon,,"incompletus",var.,"lanceolatus","(Hampe) W.D. Reese",Accepted,,L,TRO,35141186,,"Bryologist","80: 13","13","1977"
tro-35168284,B,Calymperaceae,,Syrrhopodon,,"incompletus",var.,"luridus","(Paris & Broth.) Florsch.",Accepted,,L,TRO,35168284,,"Fl. Suriname","6(1): 163","163","1964"
tro-35141188,B,Calymperaceae,,Syrrhopodon,,"insularum",,"","Bizot & Onr.",Accepted,,M,TRO,35141188,,"Rev. Bryol. Lichénol.","42: 848","848","1976"
tro-35178119,B,Calymperaceae,,Syrrhopodon,,"involutus",,"","Schwägr.",Accepted,,M,TRO,35178119,,"Sp. Musc. Frond., Suppl. 2","2: 117. pl. 132","117","1824"
tro-35178121,B,Calymperaceae,,Syrrhopodon,,"isleanus",,"","Besch.",Accepted,,M,TRO,35178121,,"Compt. Rend. Hebd. Séances Acad. Sci.","81: 722","722","1875"
tro-35100222,B,Calymperaceae,,Syrrhopodon,,"isthmi",,"","W.D. Reese",Accepted,,M,TRO,35100222,,"Bryologist","85: 85. f. 1–10","85","1982"
tro-35178125,B,Calymperaceae,,Syrrhopodon,,"japonicus",,"","(Besch.) Broth.",Accepted,,M,TRO,35178125,,"Nat. Pflanzenfam. (ed. 2)","10: 233","233","1924"
tro-35178129,B,Calymperaceae,,Syrrhopodon,,"jungquilianus",,"","Mitt.",Accepted,,M,TRO,35178129,,"Bryol. Jav.","1: 57. pl. 46","57","1856"
tro-35163177,B,Calymperaceae,,Syrrhopodon,,"kiiense",,"","Z. Iwats.",Accepted,,M,TRO,35163177,,"J. Hattori Bot. Lab.","21: 242. 3","242","1959"
tro-35182830,B,Calymperaceae,,Syrrhopodon,,"laevis",,"","(Dixon) Mohamed & W.D. Reese",Accepted,,M,TRO,35182830,,"Bryologist","88: 233","233","1985"
tro-35178143,B,Calymperaceae,,Syrrhopodon,,"lamprocarpus",,"","Mitt.",Accepted,,M,TRO,35178143,,"J. Proc. Linn. Soc., Bot.","7: 151","151","1883"
tro-35188269,B,Calymperaceae,,Syrrhopodon,,"lanceolatus",,"","(Hampe) W.D. Reese",Accepted,,M,TRO,35188269,,"Monogr. Syst. Bot. Missouri Bot. Gard.","49: 215","215","1994"
tro-35188192,B,Calymperaceae,,Syrrhopodon,,"langbianensis",,"","(Tixier) W.D. Reese",Accepted,,M,TRO,35188192,,"J. Hattori Bot. Lab.","73: 252","252","1993"
tro-35178144,B,Calymperaceae,,Syrrhopodon,,"larminatii",,"","Broth. & Paris",Accepted,,M,TRO,35178144,,"Rev. Bryol.","28: 125","125","1901"
tro-35163178,B,Calymperaceae,,Syrrhopodon,,"leboucherianus",,"","(Paris & Broth.) W.D. Reese",Accepted,,M,TRO,35163178,,"Bryologist","64: 139","139","1961"
tro-35178149,B,Calymperaceae,,Syrrhopodon,,"leprieurii",,"","Mont.",Accepted,,M,TRO,35178149,,"Ann. Sci. Nat., Bot., sér. 2,","2: 379","379","1834"
tro-35178157,B,Calymperaceae,,Syrrhopodon,,"ligulatus",,"","Mont.",Accepted,,M,TRO,35178157,,"Syll. Gen. Sp. Crypt.","47","47","1856"
tro-35182920,B,Calymperaceae,,Syrrhopodon,,"loreus",,"","(Sande Lac.) W.D. Reese",Accepted,,M,TRO,35182920,,"Phytologia","56: 306","306","1984"
tro-35178171,B,Calymperaceae,,Syrrhopodon,,"loxorhynchus",,"","(Müll. Hal. ex Ångstr.) Paris",Accepted,,M,TRO,35178171,,"Index Bryol.","1250","1250","1898"
tro-35178175,B,Calymperaceae,,Syrrhopodon,,"luteus",,"","(Mitt.) Mitt.",Accepted,,M,TRO,35178175,,"Fl. Vit.","389","389","1873"
tro-35178177,B,Calymperaceae,,Syrrhopodon,,"lycopodioides",,"","(Sw. ex Brid.) Müll. Hal.",Accepted,,M,TRO,35178177,,"Syn. Musc. Frond.","1: 538","538","1849"
tro-35178185,B,Calymperaceae,,Syrrhopodon,,"mahensis",,"","Besch.",Accepted,,M,TRO,35178185,,"Ann. Sci. Nat., Bot., sér. 6,","9: 349","349","1880"
tro-35178188,B,Calymperaceae,,Syrrhopodon,,"mammillosus",,"","Müll. Hal.",Accepted,,M,TRO,35178188,,"Linnaea","38: 556","556","1874"
tro-35178192,B,Calymperaceae,,Syrrhopodon,,"mauritianus",,"","Müll. Hal. ex Ångstr.",Accepted,,M,TRO,35178192,,"Öfvers. Förh. Kongl. Svenska Vetensk.-Akad.","33(4): 54","54","1876"
tro-35183649,B,Calymperaceae,,Syrrhopodon,,"meijeri",,"","W.D. Reese",Accepted,,M,TRO,35183649,,"Bryologist","90: 201. f. 1–6","201","1987"
tro-35178196,B,Calymperaceae,,Syrrhopodon,,"microblepharis",,"","P. de la Varde",Accepted,,M,TRO,35178196,,"Rev. Bryol. Lichénol.","8: 55. 3","55","1935"
tro-35178200,B,Calymperaceae,,Syrrhopodon,,"microundulatus",,"","Dixon",Accepted,,M,TRO,35178200,,"Ann. Bryol.","2: 7","7","1929"
tro-35141189,B,Calymperaceae,,Syrrhopodon,,"mooreae",,"","(Besch.) H. Whittier",Accepted,,M,TRO,35141189,,"Bryologist","77: 433","433","1974"
tro-35178210,B,Calymperaceae,,Syrrhopodon,,"muelleri",,"","(Dozy & Molk.) Sande Lac.",Accepted,,M,TRO,35178210,,"Bryol. Jav.","2: 224","224","1870"
tro-35217690,B,Calymperaceae,,Syrrhopodon,,"multipapillosus",,"","L.T. Ellis",Accepted,,M,TRO,35217690,,"J. Bryol.","29: 76","76","2007"
tro-35178221,B,Calymperaceae,,Syrrhopodon,,"obliquirostris",,"","Müll. Hal.",Unresolved,,L,TRO,35178221,,"Syn. Musc. Frond.","1: 543","543","1849"
tro-35178225,B,Calymperaceae,,Syrrhopodon,,"obtusus",,"","(Brid.) Schwägr.",Accepted,,M,TRO,35178225,,"Sp. Musc. Frond., Suppl. 2","2(2): 106. pl. 182","106","1827"
tro-35100223,B,Calymperaceae,,Syrrhopodon,,"obuduensis",,"","Egunyomi & Olar.",Accepted,,M,TRO,35100223,,"Bryologist","85: 312. f. 1–15","312","1982"
tro-35184213,B,Calymperaceae,,Syrrhopodon,,"orientalis",,"","W.D. Reese & P.J. Lin",Accepted,,M,TRO,35184213,,"Bryologist","92: 186. f. 6–11","186","1989"
tro-35178237,B,Calymperaceae,,Syrrhopodon,,"parasiticus",,"","(Sw. ex Brid.) Paris",Accepted,,M,TRO,35178237,,"Index Bryol.","1252","1252","1898"
tro-35168283,B,Calymperaceae,,Syrrhopodon,,"parasiticus",var.,"disciformis","(Müll. Hal.) Florsch.",Accepted,,L,TRO,35168283,,"Fl. Suriname","6(1): 154","154","1964"
tro-35201134,B,Calymperaceae,,Syrrhopodon,,"peguensis",,"","(Besch.) W.D. Reese",Accepted,,M,TRO,35201134,,"J. Hattori Bot. Lab.","82: 243","243","1997"
tro-35203633,B,Calymperaceae,,Syrrhopodon,,"perangustifolius",,"","(W.D. Reese) W.D. Reese",Accepted,,M,TRO,35203633,,"Bryologist","101: 153","153","1998"
tro-35178247,B,Calymperaceae,,Syrrhopodon,,"perarmatus",,"","Broth. & Watts",Accepted,,M,TRO,35178247,,"J. & Proc. Roy. Soc. New South Wales","49: 133","133","1915"
tro-35189248,B,Calymperaceae,,Syrrhopodon,,"perdusenii",,"","W.D. Reese",Accepted,,M,TRO,35189248,,"Bryologist","97: 416","416","1994"
tro-35178256,B,Calymperaceae,,Syrrhopodon,,"philippinensis",,"","E.B. Bartram",Unresolved,,L,TRO,35178256,,"Philipp. J. Sci.","68: 83. f. 6–96","83","1939"
tro-35178257,B,Calymperaceae,,Syrrhopodon,,"phragmidiaceus",,"","Müll. Hal.",Accepted,,M,TRO,35178257,,"Flora","69: 511","511","1886"
tro-35178258,B,Calymperaceae,,Syrrhopodon,,"pilulifer",,"","Dixon",Accepted,,M,TRO,35178258,,"J. Bombay Nat. Hist. Soc.","39: 775. 1 f. 2","775","1937"
tro-35178262,B,Calymperaceae,,Syrrhopodon,,"planifolius",,"","P. de la Varde",Accepted,,M,TRO,35178262,,"Rev. Bryol. Lichénol.","6: 138. 5","138","1934"
tro-35178263,B,Calymperaceae,,Syrrhopodon,,"platycerii",,"","Mitt.",Accepted,,M,TRO,35178263,,"Fl. Vit.","388. 98 ?","388","1873"
tro-35178266,B,Calymperaceae,,Syrrhopodon,,"pomiformis",,"","(Hook.) Hampe ex Müll. Hal.",Accepted,,M,TRO,35178266,,"Syn. Musc. Frond.","1: 531","531","1849"
tro-35178269,B,Calymperaceae,,Syrrhopodon,,"prolifer",,"","Schwägr.",Accepted,,M,TRO,35178269,,"Sp. Musc. Frond., Suppl. 2","2: 99. pl. 180","99","1827"
tro-35178270,B,Calymperaceae,,Syrrhopodon,,"prolifer",var.,"acanthoneuros","(Müll. Hal.) Müll. Hal.",Accepted,,L,TRO,35178270,,"Syn. Musc. Frond.","1: 542","542","1849"
tro-35141190,B,Calymperaceae,,Syrrhopodon,,"prolifer",var.,"cincinnatus","(Hampe) W.D. Reese",Accepted,,L,TRO,35141190,,"Bryologist","81: 200","200","1978"
tro-35186872,B,Calymperaceae,,Syrrhopodon,,"prolifer",var.,"scaber","(Mitt.) W.D. Reese",Accepted,,L,TRO,35186872,,"Fl. Neotrop.","58: 13","13","1993"
tro-35141192,B,Calymperaceae,,Syrrhopodon,,"prolifer",var.,"tenuifolius","(Sull.) W.D. Reese",Accepted,,L,TRO,35141192,,"Bryologist","81: 199","199","1978"
tro-35186310,B,Calymperaceae,,Syrrhopodon,,"pulcher",,"","W.D. Reese, H. Akiyama & C.C. Towns.",Accepted,,M,TRO,35186310,,"Bryologist","94: 419. f. 1–6","419","1991"
tro-35178279,B,Calymperaceae,,Syrrhopodon,,"recurvifolius",,"","Hornsch.",Unresolved,,L,TRO,35178279,,"Linnaea","15: 118","118","1841"
tro-35178283,B,Calymperaceae,,Syrrhopodon,,"reinwardtii",,"","Hornsch.",Accepted,,M,TRO,35178283,,"Nova Acta Phys.-Med. Acad. Caes. Leop.-Carol. Nat. Cur.","14(2): 700. pl. 39: f. a: 1–5","700","1829"
tro-35178284,B,Calymperaceae,,Syrrhopodon,,"repens",,"","Harv.",Accepted,,M,TRO,35178284,,"Icon. Pl.","1: pl. 22: f. 4","pl","1837"
tro-35178292,B,Calymperaceae,,Syrrhopodon,,"rigidus",,"","Hook. & Grev.",Accepted,,M,TRO,35178292,,"Edinburgh J. Sci.","3: 226","226","1825"
tro-35183574,B,Calymperaceae,,Syrrhopodon,,"robustiusculus",,"","(Broth.) W.D. Reese & B.C. Tan",Accepted,,M,TRO,35183574,,"Lindbergia","11: 73","73","1985"
tro-35178295,B,Calymperaceae,,Syrrhopodon,,"rodriguezii",,"","Renauld & Cardot",Accepted,,M,TRO,35178295,,"Bull. Soc. Roy. Bot. Belgique","33(2): 115","115","1895"
tro-35178304,B,Calymperaceae,,Syrrhopodon,,"rufescens",,"","Hook. & Grev.",Accepted,,M,TRO,35178304,,"Edinburgh J. Sci.","3: 227","227","1826"
tro-35178307,B,Calymperaceae,,Syrrhopodon,,"rupestris",,"","Mitt.",Accepted,,M,TRO,35178307,,"J. Linn. Soc., Bot.","12: 124","124","1869"
tro-35183651,B,Calymperaceae,,Syrrhopodon,,"sarawakensis",,"","(Dixon) W.D. Reese",Accepted,,M,TRO,35183651,,"Bryologist","91: 203","203","1988"
tro-35178321,B,Calymperaceae,,Syrrhopodon,,"scolopendrius",,"","Mitt.",Accepted,,M,TRO,35178321,,"Bonplandia","9: 366","366","1861"
tro-35178323,B,Calymperaceae,,Syrrhopodon,,"semicircularis",,"","Müll. Hal.",Accepted,,M,TRO,35178323,,"Verh. Bot. Vereins Prov. Brandenburg","31: 67","67","1889"
tro-35178325,B,Calymperaceae,,Syrrhopodon,,"semiliber",,"","(Mitt.) Besch.",Accepted,,M,TRO,35178325,,"Index Bryol.","1255","1255","1898"
tro-35178326,B,Calymperaceae,,Syrrhopodon,,"semperi",,"","Müll. Hal.",Accepted,,M,TRO,35178326,,"Linnaea","38: 557","557","1874"
tro-35178332,B,Calymperaceae,,Syrrhopodon,,"simmondsii",,"","Steere",Accepted,,M,TRO,35178332,,"Bryologist","49: 8. f. 1–7","8","1946"
tro-35178333,B,Calymperaceae,,Syrrhopodon,,"sinii",,"","Reimers",Accepted,,M,TRO,35178333,,"Hedwigia","71: 42","42","1931"
tro-35178340,B,Calymperaceae,,Syrrhopodon,,"spiculosus",,"","Hook. & Grev.",Accepted,,M,TRO,35178340,,"Edinburgh J. Sci.","3: 226","226","1825"
tro-35178342,B,Calymperaceae,,Syrrhopodon,,"spiralis",,"","Renauld & Cardot",Accepted,,M,TRO,35178342,,"Rev. Bot. Bull. Mens.","9: 393","393","1891"
tro-35169655,B,Calymperaceae,,Syrrhopodon,,"stenophyllus",,"","Sehnem",Accepted,,M,TRO,35169655,,"Pesquisas, Bot.","29: 12. pl. 7: f. 1","12","1972"
tro-35141377,B,Calymperaceae,,Syrrhopodon,,"steyermarkii",,"","H. Rob.",Accepted,,M,TRO,35141377,,"Phytologia","23: 390. f. 4–6","390","1972"
tro-35183908,B,Calymperaceae,,Syrrhopodon,,"stoneae",,"","W.D. Reese",Accepted,,M,TRO,35183908,,"Bryologist","92: 302. f. 1–3","302","1989"
tro-35178346,B,Calymperaceae,,Syrrhopodon,,"strictifolius",,"","Mitt.",Accepted,,M,TRO,35178346,,"Fl. Vit.","388. pl. 98","388","1873"
tro-35178349,B,Calymperaceae,,Syrrhopodon,,"strigosus",,"","(Brid.) Mitt.",Accepted,,M,TRO,35178349,,"J. Linn. Soc., Bot.","12: 125","125","1869"
tro-35178350,B,Calymperaceae,,Syrrhopodon,,"stuhlmannii",,"","Broth.",Accepted,,M,TRO,35178350,,"Bot. Jahrb. Syst.","24: 240","240","1897"
tro-35178355,B,Calymperaceae,,Syrrhopodon,,"subdecolorans",,"","Broth.",Accepted,,M,TRO,35178355,,"Hedwigia","45: 269","269","1906"
tro-35178358,B,Calymperaceae,,Syrrhopodon,,"subdisciformis",,"","Dusén",Accepted,,M,TRO,35178358,,"Kongl. Svenska Vetensk. Acad. Handl., n.s.","28(3): 36. a–h; f. 3–5","36","1896"
tro-35178377,B,Calymperaceae,,Syrrhopodon,,"sullivantii",,"","Dozy & Molk.",Accepted,,M,TRO,35178377,,"Bryol. Jav.","1: 58. pl. 47","58","1856"
tro-35178380,B,Calymperaceae,,Syrrhopodon,,"tahitensis",,"","Sull.",Accepted,,M,TRO,35178380,,"U.S. Expl. Exped., Musci","6. 4 a","6","1859"
tro-35217689,B,Calymperaceae,,Syrrhopodon,,"teniolatus",,"","L.T. Ellis",Accepted,,M,TRO,35217689,,"J. Bryol.","29: 71","71","2007"
tro-35178384,B,Calymperaceae,,Syrrhopodon,,"tenuifolius",,"","(Sull.) Mitt.",Accepted,,M,TRO,35178384,,"J. Linn. Soc., Bot.","12: 117","117","1869"
tro-35178388,B,Calymperaceae,,Syrrhopodon,,"terebellum",,"","Müll. Hal.",Accepted,,M,TRO,35178388,,"Bot. Zeitung (Berlin)","15: 777","777","1857"
tro-35178389,B,Calymperaceae,,Syrrhopodon,,"texanus",,"","Sull.",Accepted,,M,TRO,35178389,,"Musci Hep. U.S. (repr.)","103","103","1856"
tro-35178391,B,Calymperaceae,,Syrrhopodon,,"theriotii",,"","E.B. Bartram",Accepted,,M,TRO,35178391,,"Contr. U.S. Natl. Herb.","26: 73. f. 14","73","1928"
tro-35189554,B,Calymperaceae,,Syrrhopodon,,"tixieri",,"","W.D. Reese",Accepted,,M,TRO,35189554,,"Bryologist","98: 141","141","1995"
tro-35178392,B,Calymperaceae,,Syrrhopodon,,"tjibodensis",,"","M. Fleisch.",Accepted,,M,TRO,35178392,,"Musci Buitenzorg","1: 209. 30","209","1904"
tro-35178394,B,Calymperaceae,,Syrrhopodon,,"tortilis",,"","Hampe",Accepted,,M,TRO,35178394,,"Vidensk. Meddel. Dansk Naturhist. Foren. Kjøbenhavn","4: 38","38","1872"
tro-35178396,B,Calymperaceae,,Syrrhopodon,,"tosaensis",,"","Cardot",Accepted,,M,TRO,35178396,,"Bull. Herb. Boissier, sér. 2,","7: 716","716","1907"
tro-35178397,B,Calymperaceae,,Syrrhopodon,,"trachyphyllus",,"","Mont.",Accepted,,M,TRO,35178397,,"Syll. Gen. Sp. Crypt.","47","47","1856"
tro-35178402,B,Calymperaceae,,Syrrhopodon,,"tristichus",,"","Nees ex Schwägr.",Accepted,,M,TRO,35178402,,"Sp. Musc. Frond., Suppl. 4","316b","316","1842"
tro-35178409,B,Calymperaceae,,Syrrhopodon,,"uncinifolius",,"","Müll. Hal.",Unresolved,,L,TRO,35178409,,"Hedwigia","38: 96","96","1899"
tro-35178414,B,Calymperaceae,,Syrrhopodon,,"urvilleanus",,"","Müll. Hal.",Accepted,,M,TRO,35178414,,"Syn. Musc. Frond.","1: 540","540","1849"
tro-35216985,B,Calymperaceae,,Syrrhopodon,,"vardei",,"","L.T. Ellis",Accepted,,M,TRO,35216985,,"Syst. Biodivers.","3: 164","164","2005"
tro-35178419,B,Calymperaceae,,Syrrhopodon,,"viguieri",,"","Thér.",Accepted,,M,TRO,35178419,,"Recueil Publ. Soc. Havraise Études Diverses","91: 87","87","1924"
tro-35189249,B,Calymperaceae,,Syrrhopodon,,"virgulicola",,"","W.D. Reese",Accepted,,M,TRO,35189249,,"Bryologist","97: 419. f. 9–14","419","1994"
tro-35178424,B,Calymperaceae,,Syrrhopodon,,"wallisii",,"","Müll. Hal.",Accepted,,M,TRO,35178424,,"Linnaea","38: 555","555","1874"
tro-35178428,B,Calymperaceae,,Syrrhopodon,,"xanthophyllus",,"","Mitt.",Accepted,,M,TRO,35178428,,"J. Linn. Soc., Bot.","12: 115","115","1869"
tro-35178429,B,Calymperaceae,,Syrrhopodon,,"yakushimensis",,"","Takaki & Z. Iwats.",Accepted,,M,TRO,35178429,,"J. Hattori Bot. Lab.","17: 60. 2 a–j","80","1956"
tro-35105959,B,Calymperaceae,,Thyridium,,"africanum",,"","Mitt.",Accepted,,M,TRO,35105959,,"J. Linn. Soc., Bot.","22: 303","303","1886"
tro-35105960,B,Calymperaceae,,Thyridium,,"andamense",,"","Besch. ex Gangulee",Accepted,,M,TRO,35105960,,"Mosses E. India","3: 581. f. 277","581","1972"
tro-35105962,B,Calymperaceae,,Thyridium,,"binsteadii",,"","(Thér. & Dixon) Broth.",Accepted,,M,TRO,35105962,,"Nat. Pflanzenfam. (ed. 2)","10: 236","236","1924"
tro-35105963,B,Calymperaceae,,Thyridium,,"borneense",,"","(Hampe) Kindb.",Accepted,,M,TRO,35105963,,"Enum. Bryin. Exot.","77","77","1888"
tro-35105966,B,Calymperaceae,,Thyridium,,"chenagonii",,"","(Renauld & Cardot) Kindb.",Accepted,,M,TRO,35105966,,"Enum. Bryin. Exot., suppl. 2,","108","108","1891"
tro-35105968,B,Calymperaceae,,Thyridium,,"constrictum",,"","(Sull.) Mitt.",Accepted,,M,TRO,35105968,,"J. Linn. Soc., Bot.","10: 188","188","1868"
tro-35105969,B,Calymperaceae,,Thyridium,,"crassinerve",,"","Mitt.",Accepted,,M,TRO,35105969,,"J. Linn. Soc., Bot.","10: 189","189","1868"
tro-35105972,B,Calymperaceae,,Thyridium,,"cyrtophyllum",,"","(Besch.) Broth.",Accepted,,M,TRO,35105972,,"Nat. Pflanzenfam. (ed. 2)","10: 236","236","1924"
tro-35105973,B,Calymperaceae,,Thyridium,,"fasciculatum",,"","(Hook. & Grev.) Mitt.",Accepted,,M,TRO,35105973,,"J. Linn. Soc., Bot.","10: 189","189","1868"
tro-35105975,B,Calymperaceae,,Thyridium,,"flavum",,"","(Müll. Hal.) M. Fleisch.",Accepted,,M,TRO,35105975,,"Musci Buitenzorg","1: 232","232","1904"
tro-35105977,B,Calymperaceae,,Thyridium,,"geheebii",,"","(Paris) M. Fleisch.",Accepted,,M,TRO,35105977,,"Bot. Jahrb. Syst.","55: 29","29","1917"
tro-35105981,B,Calymperaceae,,Thyridium,,"jungquilianum",,"","(Mitt.) Mitt.",Accepted,,M,TRO,35105981,,"J. Linn. Soc., Bot.","10: 188","188","1868"
tro-35105984,B,Calymperaceae,,Thyridium,,"leucoloma",,"","(Müll. Hal.) Broth.",Accepted,,M,TRO,35105984,,"Nat. Pflanzenfam. (ed. 2)","10: 236","236","1924"
tro-35105985,B,Calymperaceae,,Thyridium,,"luteum",,"","Mitt.",Accepted,,M,TRO,35105985,,"J. Linn. Soc., Bot.","10: 188","188","1868"
tro-35105986,B,Calymperaceae,,Thyridium,,"luzonense",,"","(R.S. Williams) Broth.",Accepted,,M,TRO,35105986,,"Nat. Pflanzenfam. (ed. 2)","10: 236","236","1924"
tro-35105989,B,Calymperaceae,,Thyridium,,"megamorphum",,"","M. Fleisch.",Accepted,,M,TRO,35105989,,"Bot. Jahrb. Syst.","55: 30","30","1917"
tro-35105991,B,Calymperaceae,,Thyridium,,"microundulatum",,"","(Dixon) E.B. Bartram",Accepted,,M,TRO,35105991,,"Acta Horti Gothob.","18: 272","272","1950"
tro-35105992,B,Calymperaceae,,Thyridium,,"obtusifolium",,"","(Lindb.) M. Fleisch.",Accepted,,M,TRO,35105992,,"Musci Buitenzorg","1: 228","228","1904"
tro-35183396,B,Calymperaceae,,Thyridium,,"piluliferum",,"","(Dixon) Gangulee",Accepted,,M,TRO,35183396,,"J. Bombay Nat. Hist. Soc.","60: 626","626","1963"
tro-35105997,B,Calymperaceae,,Thyridium,,"pungens",,"","(Dixon) Broth.",Accepted,,M,TRO,35105997,,"Nat. Pflanzenfam. (ed. 2)","11: 527","527","1925"
tro-35105998,B,Calymperaceae,,Thyridium,,"repens",,"","(Harv.) Mitt.",Accepted,,M,TRO,35105998,,"J. Linn. Soc., Bot.","10: 188","188","1868"
tro-35105999,B,Calymperaceae,,Thyridium,,"revolutum",,"","(Dozy & Molk.) Kindb.",Accepted,,M,TRO,35105999,,"Enum. Bryin. Exot.","77","77","1888"
tro-35168827,B,Calymperaceae,,Thyridium,,"rubiginosum",,"","(Mitt.) A. Jaeger",Accepted,,M,TRO,35168827,,"Ber. Thätigk. St. Gallischen Naturwiss. Ges.","1877–78: 415 (Gen. Sp. Musc. 2: 1433)","415 ","1879"
tro-35106001,B,Calymperaceae,,Thyridium,,"subfasciculatum",,"","(Hampe) A. Jaeger",Accepted,,M,TRO,35106001,,"Ber. Thätigk. St. Gallischen Naturwiss. Ges.","1877–78: 415 (Gen. Sp. Musc. 2: 679)","415 ","1880"
tro-35106002,B,Calymperaceae,,Thyridium,,"subflavum",,"","(Renauld & Cardot) Broth.",Accepted,,M,TRO,35106002,,"Nat. Pflanzenfam. (ed. 2)","10: 236","236","1924"
tro-35106004,B,Calymperaceae,,Thyridium,,"subobtusifolium",,"","(Broth. & Paris) Broth.",Accepted,,M,TRO,35106004,,"Nat. Pflanzenfam. (ed. 2)","10: 236","236","1924"
tro-35106007,B,Calymperaceae,,Thyridium,,"undulatum",,"","(Dozy & Molk.) M. Fleisch.",Accepted,,M,TRO,35106007,,"Musci Buitenzorg","1: 230","230","1904"
tro-35106009,B,Calymperaceae,,Thyridium,,"wallisii",,"","(Müll. Hal.) A. Jaeger",Accepted,,M,TRO,35106009,,"Ber. Thätigk. St. Gallischen Naturwiss. Ges.","1877–78: 415 (Gen. Sp. Musc. 2: 679)","415 ","1880"
tro-35113118,B,Calymperaceae,,Trachymitrium,,"ciliatum",,"","(Hook.) Brid.",Accepted,,M,TRO,35113118,,"Bryol. Univ.","1: 159. 7","159","1826"
tro-35113119,B,Calymperaceae,,Trachymitrium,,"revolutum",,"","(Dozy & Molk.) Hampe",Accepted,,M,TRO,35113119,,"Nuovo Giorn. Bot. Ital.","4: 280","280","1872"
