﻿ID,Major group,Family,Genus hybrid marker,Genus,Species hybrid marker,Species,Infraspecific rank,Infraspecific epithet,Authorship,Taxonomic status in TPL,Nomenclatural status from original data source,Confidence level,Source,Source id,IPNI id,Publication,Collation,Page,Date
kew-34102,A,Cardiopteridaceae,,Cardiopteris,,"moluccana",,"","Blume",Accepted,,H,WCSP,34102,607660-1,"Rumphia","3: 207","","1847"
kew-34104,A,Cardiopteridaceae,,Cardiopteris,,"quinqueloba",,"","(Hassk.) Hassk.",Accepted,,H,WCSP,34104,607661-1,"Retzia","1: 64","","1855"
kew-2715930,A,Cardiopteridaceae,,Chariessa,,"latifolia",,"","(Merr.) Sleumer",Unresolved,,L,WCSP,382881,434240-1,"Notizbl. Bot. Gart. Berlin-Dahlem","15: 229","","1940"
kew-2715934,A,Cardiopteridaceae,,Chariessa,,"samoensis",,"","(A.Gray) Engl.",Unresolved,,L,WCSP (in review),846394,607689-1,"Nat. Pflanzenfam.","3(5): 245","","1893"
kew-2715935,A,Cardiopteridaceae,,Chariessa,,"smythii",,"","(F.Muell.) Becc.",Unresolved,,L,WCSP (in review),846395,607690-1,"Malesia","1: 118","","1877"
kew-2715936,A,Cardiopteridaceae,,Chariessa,,"suaveolens",,"","(Blume) Miq.",Unresolved,,L,WCSP (in review),846396,607691-1,"Fl. Ned. Ind.","1(1): 794","","1856"
kew-2723761,A,Cardiopteridaceae,,Citronella,,"apogon",,"","(Griseb.) R.A.Howard",Accepted,,L,WCSP,382931,607709-1,"Contr. Gray Herb.","142: 75","","1942"
kew-2723764,A,Cardiopteridaceae,,Citronella,,"colombiana",,"","Cuatrec.",Accepted,,H,WCSP,382934,607712-1,"Lloydia","11: 218","","1949"
kew-2723765,A,Cardiopteridaceae,,Citronella,,"costaricensis",,"","(Donn.Sm.) R.A.Howard",Accepted,,L,WCSP,382935,1105221-2,"J. Arnold Arbor.","21: 471","","1940"
kew-2723766,A,Cardiopteridaceae,,Citronella,,"engleriana",,"","(Loes.) R.A.Howard",Accepted,,H,WCSP,382936,1124929-2,"J. Arnold Arbor.","21: 471","","1940"
kew-2723767,A,Cardiopteridaceae,,Citronella,,"gongonha",,"","(Mart.) R.A.Howard",Accepted,,H,WCSP,382937,1120991-2,"J. Arnold Arbor.","21: 471","","1940"
kew-2723768,A,Cardiopteridaceae,,Citronella,,"ilicifolia",,"","(Sleumer) R.A.Howard",Accepted,,H,WCSP,382938,607716-1,"Contr. Gray Herb.","142: 79","","1942"
kew-2723769,A,Cardiopteridaceae,,Citronella,,"incarum",,"","(J.F.Macbr.) R.A.Howard",Accepted,,H,WCSP,382939,1143077-2,"J. Arnold Arbor.","21: 472","","1940"
kew-2723770,A,Cardiopteridaceae,,Citronella,,"latifolia",,"","(Merr.) R.A.Howard",Accepted,,H,WCSP,382940,607718-1,"J. Arnold Arbor.","21: 471","","1940"
kew-2723771,A,Cardiopteridaceae,,Citronella,,"lucidula",,"","(Sleumer) R.A.Howard",Accepted,,H,WCSP,382941,607719-1,"Contr. Gray Herb.","142: 87","","1942"
kew-2723772,A,Cardiopteridaceae,,Citronella,,"macrocarpa",,"","Hürl.",Accepted,,H,WCSP,382942,434250-1,"Mém. Mus. Natl. Hist. Nat., B, Bot.","15: 60","","1964"
kew-2723774,A,Cardiopteridaceae,,Citronella,,"melliodora",,"","(Sleumer) R.A.Howard",Accepted,,H,WCSP,382944,607721-1,"Contr. Gray Herb.","142: 77","","1942"
kew-2723775,A,Cardiopteridaceae,,Citronella,,"moorei",,"","(F.Muell. ex Benth.) R.A.Howard",Accepted,,H,WCSP,382945,607722-1,"J. Arnold Arbor.","21: 472","","1940"
kew-2723776,A,Cardiopteridaceae,,Citronella,,"mucronata",,"","(Ruiz & Pav.) D.Don",Accepted,,L,WCSP,382946,1143328-2,"Edinburgh New Philos. J.","13(Oct. ): 243","","1832"
kew-2723777,A,Cardiopteridaceae,,Citronella,,"paniculata",,"","(Mart.) R.A.Howard",Accepted,,L,WCSP,382947,1096961-2,"J. Arnold Arbor.","21: 473","","1940"
kew-2723780,A,Cardiopteridaceae,,Citronella,,"philippinensis",,"","(Merr.) R.A.Howard",Accepted,,H,WCSP,382950,607727-1,"J. Arnold Arbor.","21: 474","","1940"
kew-2723782,A,Cardiopteridaceae,,Citronella,,"samoensis",,"","(A.Gray) R.A.Howard",Accepted,,H,WCSP,382952,607729-1,"J. Arnold Arbor.","21: 475","","1940"
kew-2723783,A,Cardiopteridaceae,,Citronella,,"sarmentosa",,"","(Baill.) R.A.Howard",Accepted,,H,WCSP,382953,607730-1,"J. Arnold Arbor.","21: 475","","1940"
kew-2723784,A,Cardiopteridaceae,,Citronella,,"silvatica",,"","Cuatrec.",Accepted,,H,WCSP,382954,607731-1,"Lloydia","11: 219","","1949"
kew-2723785,A,Cardiopteridaceae,,Citronella,,"smythii",,"","(F.Muell.) R.A.Howard",Accepted,,H,WCSP,382955,607732-1,"J. Arnold Arbor.","21: 475","","1940"
kew-2723786,A,Cardiopteridaceae,,Citronella,,"suaveolens",,"","(Blume) R.A.Howard",Accepted,,H,WCSP,382956,607733-1,"J. Arnold Arbor.","21: 475","","1940"
kew-2723787,A,Cardiopteridaceae,,Citronella,,"sucumbiensis",,"","Cuatrec.",Accepted,,H,WCSP,382957,607734-1,"Lloydia","11: 218","","1949"
kew-2723790,A,Cardiopteridaceae,,Citronella,,"vitiensis",,"","R.A.Howard",Accepted,,H,WCSP,382960,607737-1,"Sargentia","1: 53","","1942"
kew-2760656,A,Cardiopteridaceae,,Dendrobangia,,"boliviana",,"","Rusby",Accepted,,H,WCSP,383568,77582-2,"Mem. Torrey Bot. Club","6: 19","","1896"
kew-2760657,A,Cardiopteridaceae,,Dendrobangia,,"multinervia",,"","Ducke",Accepted,,H,WCSP,383569,77583-2,"Trop. Woods","76: 19","","1943"
kew-2760658,A,Cardiopteridaceae,,Dendrobangia,,"tenuis",,"","Ducke",Accepted,,H,WCSP,383570,77584-2,"Bol. Técn. Inst. Agron. N.","4: 15","","1945"
kew-2829883,A,Cardiopteridaceae,,Gonocaryum,,"calleryanum",,"","(Baill.) Becc.",Accepted,,H,WCSP,385453,434330-1,"Malesia","1: 123","","1877"
kew-2829884,A,Cardiopteridaceae,,Gonocaryum,,"cognatum",,"","Elmer",Accepted,,H,WCSP,385454,434331-1,"Leafl. Philipp. Bot.","1: 315","","1908"
kew-2829885,A,Cardiopteridaceae,,Gonocaryum,,"crassifolium",,"","Ridl.",Accepted,,H,WCSP,385455,434332-1,"J. Straits Branch Roy. Asiat. Soc.","75: 18","","1917"
kew-2829889,A,Cardiopteridaceae,,Gonocaryum,,"gracile",,"","Miq.",Accepted,,H,WCSP,385459,434336-1,"Fl. Ned. Ind., Eerste Bijv.","343","","1861"
kew-2829893,A,Cardiopteridaceae,,Gonocaryum,,"impressinervium",,"","Sleumer",Accepted,,H,WCSP,385463,434340-1,"Blumea","17: 212","","1969"
kew-2829894,A,Cardiopteridaceae,,Gonocaryum,,"litorale",,"","(Blume) Sleumer",Accepted,,H,WCSP,385464,434341-1,"Notizbl. Bot. Gart. Berlin-Dahlem","15: 233","","1940"
kew-2829895,A,Cardiopteridaceae,,Gonocaryum,,"lobbianum",,"","(Miers) Kurz",Accepted,,H,WCSP,385465,434343-1,"J. Asiat. Soc. Bengal, Pt. 2, Nat. Hist.","39(2): 72","","1870"
kew-2829900,A,Cardiopteridaceae,,Gonocaryum,,"macrophyllum",,"","(Blume) Sleumer",Accepted,,H,WCSP,385470,434349-1,"Blumea","17: 214","","1969"
kew-2829902,A,Cardiopteridaceae,,Gonocaryum,,"minus",,"","Sleumer",Accepted,,H,WCSP,385472,434351-1,"Blumea","17: 213","","1969"
kew-2829903,A,Cardiopteridaceae,,Gonocaryum,,"monostachyum",,"","K.Schum. & Lauterb.",Unresolved,,L,WCSP,385473,434352-1,"Fl. Schutzgeb. Südsee","415","","1900"
kew-2829906,A,Cardiopteridaceae,,Gonocaryum,,"poilanei",,"","Gagnep. ex Villiers",Accepted,,H,WCSP,385476,1006692-1,"Bull. Jard. Bot. Natl. Belg.","66: 26","","1997"
kew-2829911,A,Cardiopteridaceae,,Gonocaryum,,"sleumeri",,"","Villiers",Accepted,,H,WCSP,385481,1006691-1,"Bull. Jard. Bot. Natl. Belg.","66: 25","","1997"
kew-375143,A,Cardiopteridaceae,,Leptaulus,,"citrioides",,"","Baill.",Accepted,,H,WCSP,375143,607985-1,"Adansonia","3: 375","","1863"
kew-375145,A,Cardiopteridaceae,,Leptaulus,,"congolanus",,"","(Baill.) Lobr.-Callen & Villiers",Accepted,,H,WCSP,375145,434405-1,"Adansonia","n.s., 11: 138","","1971"
kew-375147,A,Cardiopteridaceae,,Leptaulus,,"daphnoides",,"","Benth.",Accepted,,H,WCSP,375147,607986-1,"Gen. Pl.","1: 351","","1862"
kew-375150,A,Cardiopteridaceae,,Leptaulus,,"grandifolius",,"","Engl.",Accepted,,H,WCSP,375150,434407-1,"Bot. Jahrb. Syst.","43: 180","","1909"
kew-375151,A,Cardiopteridaceae,,Leptaulus,,"holstii",,"","(Engl.) Engl.",Accepted,,L,WCSP,375151,434408-1,"Bot. Jahrb. Syst.","24: 481","","1898"
kew-375152,A,Cardiopteridaceae,,Leptaulus,,"madagascariensis",,"","Villiers",Accepted,,H,WCSP,375152,,"Bull. Mus. Natl. Hist. Nat., B, Adansonia","10: 369","","1988 publ. 1989"
kew-2529537,A,Cardiopteridaceae,,Pseudobotrys,,"cauliflora",,"","(Pulle) Sleumer",Accepted,,H,WCSP,379506,434533-1,"Notizbl. Bot. Gart. Berlin-Dahlem","15: 235","","1940"
kew-2529536,A,Cardiopteridaceae,,Pseudobotrys,,"dorae",,"","Moeser",Accepted,,H,WCSP,379505,434534-1,"Repert. Spec. Nov. Regni Veg.","10: 310","","1912"
kew-2452374,A,Cardiopteridaceae,,Villaresia,,"adenophylla",,"","Domin",Unresolved,,L,WCSP (in review),589891,434677-1,"Biblioth. Bot.","89: 50","","1921"
kew-2451656,A,Cardiopteridaceae,,Villaresia,,"citrifolia",,"","Borzi",Unresolved,,L,WCSP (in review),589175,,"Boll. Reale Orto Bot. Palermo","1: 44","","1897"
kew-2451657,A,Cardiopteridaceae,,Villaresia,,"congonha",,"","Miers",Unresolved,,L,WCSP (in review),589176,,"Ann. Mag. Nat. Hist.","III, 9: 112","","1862"
kew-2451659,A,Cardiopteridaceae,,Villaresia,,"cuspidata",,"","Miers",Unresolved,,L,WCSP (in review),589178,608542-1,"Ann. Mag. Nat. Hist.","III, 9: 113","","1862"
kew-2451667,A,Cardiopteridaceae,,Villaresia,,"dichotoma",,"","Miers",Unresolved,,L,WCSP (in review),589186,608543-1,"Ann. Mag. Nat. Hist.","III, 9: 114","","1862"
kew-2451661,A,Cardiopteridaceae,,Villaresia,,"emarginata",,"","Ruiz & Pav.",Unresolved,,L,WCSP (in review),589180,608544-1,"Syst. Veg. Fl. Peruv. Chil.","64","","1798"
kew-2451663,A,Cardiopteridaceae,,Villaresia,,"grandiflora",,"","Fisch. ex Regel",Unresolved,,L,WCSP (in review),589182,,"Gartenflora","5: 61","","1856"
kew-2451664,A,Cardiopteridaceae,,Villaresia,,"grandifolia",,"","Fisch. & C.A.Mey. ex Engl.",Unresolved,,L,WCSP (in review),589183,,"Fl. Bras.","12(2): 52","","1872"
tro-50182464,A,Cardiopteridaceae,,Villaresia,,"ilicifolia",,"","Sleumer",Unresolved,,L,TRO,50182464,,"Notizbl. Bot. Gart. Berlin-Dahlem","15: 232","232","1940"
kew-2451665,A,Cardiopteridaceae,,Villaresia,,"macrocarpa",,"","Scheff.",Unresolved,,L,WCSP (in review),589184,608550-1,"Ann. Jard. Bot. Buitenzorg","1: 13","","1876"
