﻿ID,Major group,Family,Genus hybrid marker,Genus,Species hybrid marker,Species,Infraspecific rank,Infraspecific epithet,Authorship,Taxonomic status in TPL,Nomenclatural status from original data source,Confidence level,Source,Source id,IPNI id,Publication,Collation,Page,Date
kew-2629029,A,Casuarinaceae,,Allocasuarina,,"acuaria",,"","(F.Muell.) L.A.S.Johnson",Accepted,,H,WCSP,382112,909934-1,"J. Adelaide Bot. Gard.","6: 74","","1982"
kew-2629030,A,Casuarinaceae,,Allocasuarina,,"acutivalvis",,"","(F.Muell.) L.A.S.Johnson",Accepted,,H,WCSP,382113,909935-1,"J. Adelaide Bot. Gard.","6: 74","","1982"
kew-2629031,A,Casuarinaceae,,Allocasuarina,,"acutivalvis",subsp.,"prinsepiana","(C.R.P.Andrews) L.A.S.Johnson",Accepted,,L,WCSP,382114,920492-1,"J. Adelaide Bot. Gard.","6: 74","","1982"
kew-2629032,A,Casuarinaceae,,Allocasuarina,,"brachystachya",,"","L.A.S.Johnson",Accepted,,H,WCSP,382115,937327-1,"in Fl. Australia","3: 193","","1989"
kew-2629033,A,Casuarinaceae,,Allocasuarina,,"campestris",,"","(Diels) L.A.S.Johnson",Accepted,,H,WCSP,382116,909936-1,"J. Adelaide Bot. Gard.","6: 74","","1982"
kew-2629036,A,Casuarinaceae,,Allocasuarina,,"corniculata",,"","(F.Muell.) L.A.S.Johnson",Accepted,,H,WCSP,382119,909937-1,"J. Adelaide Bot. Gard.","6: 74","","1982"
kew-2629037,A,Casuarinaceae,,Allocasuarina,,"crassa",,"","L.A.S.Johnson",Accepted,,H,WCSP,382120,937328-1,"in Fl. Australia","3: 194","","1989"
kew-2629038,A,Casuarinaceae,,Allocasuarina,,"decaisneana",,"","(F.Muell.) L.A.S.Johnson",Accepted,,H,WCSP,382121,909938-1,"J. Adelaide Bot. Gard.","6: 74","","1982"
kew-2629039,A,Casuarinaceae,,Allocasuarina,,"decussata",,"","(Benth.) L.A.S.Johnson",Accepted,,H,WCSP,382122,909939-1,"J. Adelaide Bot. Gard.","6: 75","","1982"
kew-2629040,A,Casuarinaceae,,Allocasuarina,,"defungens",,"","L.A.S.Johnson",Accepted,,H,WCSP,382123,937329-1,"in Fl. Australia","3: 194","","1989"
kew-2629041,A,Casuarinaceae,,Allocasuarina,,"dielsiana",,"","(C.A.Gardner) L.A.S.Johnson",Accepted,,H,WCSP,382124,909940-1,"J. Adelaide Bot. Gard.","6: 75","","1982"
kew-2629042,A,Casuarinaceae,,Allocasuarina,,"diminuta",,"","L.A.S.Johnson",Accepted,,H,WCSP,382125,937330-1,"in Fl. Australia","3: 194","","1989"
kew-2629045,A,Casuarinaceae,,Allocasuarina,,"distyla",,"","(Vent.) L.A.S.Johnson",Accepted,,H,WCSP,382128,909941-1,"J. Adelaide Bot. Gard.","6: 75","","1982"
kew-2629046,A,Casuarinaceae,,Allocasuarina,,"drummondiana",,"","(Miq.) L.A.S.Johnson",Accepted,,H,WCSP,382129,909942-1,"J. Adelaide Bot. Gard.","6: 75","","1982"
kew-2629047,A,Casuarinaceae,,Allocasuarina,,"duncanii",,"","L.A.S.Johnson & D.I.Morris",Accepted,,H,WCSP,382130,976823-1,"Telopea","5: 793","","1994"
kew-2629048,A,Casuarinaceae,,Allocasuarina,,"emuina",,"","L.A.S.Johnson",Accepted,,H,WCSP,382131,937331-1,"in Fl. Australia","3: 195","","1989"
kew-2629049,A,Casuarinaceae,,Allocasuarina,,"eriochlamys",,"","(L.A.S.Johnson) L.A.S.Johnson",Accepted,,H,WCSP,382132,,"in Fl. Australia","3: 159","","1989"
kew-2629050,A,Casuarinaceae,,Allocasuarina,,"eriochlamys",subsp.,"grossa","(L.A.S.Johnson) L.A.S.Johnson",Accepted,,L,WCSP,382133,955348-1,"in Fl. Australia","3: 195","","1989"
kew-2629051,A,Casuarinaceae,,Allocasuarina,,"fibrosa",,"","(C.A.Gardner) L.A.S.Johnson",Accepted,,H,WCSP,382134,909943-1,"J. Adelaide Bot. Gard.","6: 75","","1982"
kew-2629052,A,Casuarinaceae,,Allocasuarina,,"filidens",,"","L.A.S.Johnson",Accepted,,H,WCSP,382135,937332-1,"in Fl. Australia","3: 195","","1989"
kew-2629053,A,Casuarinaceae,,Allocasuarina,,"fraseriana",,"","(Miq.) L.A.S.Johnson",Accepted,,H,WCSP,382136,909944-1,"J. Adelaide Bot. Gard.","6: 75","","1982"
kew-2629054,A,Casuarinaceae,,Allocasuarina,,"glareicola",,"","L.A.S.Johnson",Accepted,,H,WCSP,382137,937333-1,"in Fl. Australia","3: 195","","1989"
kew-2629055,A,Casuarinaceae,,Allocasuarina,,"globosa",,"","L.A.S.Johnson",Accepted,,H,WCSP,382138,937334-1,"in Fl. Australia","3: 196","","1989"
kew-2629056,A,Casuarinaceae,,Allocasuarina,,"grampiana",,"","L.A.S.Johnson",Accepted,,H,WCSP,382139,937335-1,"in Fl. Australia","3: 196","","1989"
kew-2629057,A,Casuarinaceae,,Allocasuarina,,"grevilleoides",,"","(Diels) L.A.S.Johnson",Accepted,,H,WCSP,382140,909945-1,"J. Adelaide Bot. Gard.","6: 75","","1982"
kew-2629058,A,Casuarinaceae,,Allocasuarina,,"gymnanthera",,"","L.A.S.Johnson",Accepted,,H,WCSP,382141,937336-1,"in Fl. Australia","3: 196","","1989"
kew-2629059,A,Casuarinaceae,,Allocasuarina,,"helmsii",,"","(Ewart & Gordon) L.A.S.Johnson",Accepted,,H,WCSP,382142,909946-1,"J. Adelaide Bot. Gard.","6: 75","","1982"
kew-2629060,A,Casuarinaceae,,Allocasuarina,,"huegeliana",,"","(Miq.) L.A.S.Johnson",Accepted,,H,WCSP,382143,909947-1,"J. Adelaide Bot. Gard.","6: 76","","1982"
kew-2629061,A,Casuarinaceae,,Allocasuarina,,"humilis",,"","(Otto & A.Dietr.) L.A.S.Johnson",Accepted,,H,WCSP,382144,909948-1,"J. Adelaide Bot. Gard.","6: 76","","1982"
kew-2606189,A,Casuarinaceae,,Allocasuarina,,"hystricosa",,"","Wege",Accepted,,H,WCSP,381481,77090766-1,"Nuytsia","17: 404","","2007"
kew-2629062,A,Casuarinaceae,,Allocasuarina,,"inophloia",,"","(F.Muell. & F.M.Bailey) L.A.S.Johnson",Accepted,,H,WCSP,382145,909949-1,"J. Adelaide Bot. Gard.","6: 76","","1982"
kew-2629063,A,Casuarinaceae,,Allocasuarina,,"lehmanniana",,"","(Miq.) L.A.S.Johnson",Accepted,,H,WCSP,382146,909950-1,"J. Adelaide Bot. Gard.","6: 76","","1982"
kew-2629065,A,Casuarinaceae,,Allocasuarina,,"littoralis",,"","(Salisb.) L.A.S.Johnson",Accepted,,H,WCSP,382148,909951-1,"J. Adelaide Bot. Gard.","6: 76","","1982"
kew-2629066,A,Casuarinaceae,,Allocasuarina,,"luehmannii",,"","(R.T.Baker) L.A.S.Johnson",Accepted,,H,WCSP,382149,909952-1,"J. Adelaide Bot. Gard.","6: 76","","1982"
kew-2629067,A,Casuarinaceae,,Allocasuarina,,"mackliniana",,"","L.A.S.Johnson",Accepted,,H,WCSP,382150,937337-1,"in Fl. Australia","3: 196","","1989"
kew-2629070,A,Casuarinaceae,,Allocasuarina,,"media",,"","L.A.S.Johnson",Accepted,,H,WCSP,382153,937338-1,"in Fl. Australia","3: 197","","1989"
kew-2629071,A,Casuarinaceae,,Allocasuarina,,"microstachya",,"","(Miq.) L.A.S.Johnson",Accepted,,H,WCSP,382154,909953-1,"J. Adelaide Bot. Gard.","6: 76","","1982"
kew-2629072,A,Casuarinaceae,,Allocasuarina,,"misera",,"","L.A.S.Johnson",Accepted,,H,WCSP,382155,937339-1,"in Fl. Australia","3: 197","","1989"
kew-2629073,A,Casuarinaceae,,Allocasuarina,,"monilifera",,"","(L.A.S.Johnson) L.A.S.Johnson",Accepted,,H,WCSP,382156,909954-1,"J. Adelaide Bot. Gard.","6: 76","","1982"
kew-2629074,A,Casuarinaceae,,Allocasuarina,,"muelleriana",,"","(Miq.) L.A.S.Johnson",Accepted,,H,WCSP,382157,909955-1,"J. Adelaide Bot. Gard.","6: 77","","1982"
kew-2629077,A,Casuarinaceae,,Allocasuarina,,"nana",,"","(Sieber ex Spreng.) L.A.S.Johnson",Accepted,,H,WCSP,382160,909956-1,"J. Adelaide Bot. Gard.","6: 77","","1982"
kew-2629078,A,Casuarinaceae,,Allocasuarina,,"ophiolitica",,"","L.A.S.Johnson",Accepted,,H,WCSP,382161,937340-1,"in Fl. Australia","3: 198","","1989"
kew-2629079,A,Casuarinaceae,,Allocasuarina,,"paludosa",,"","(Sieber ex Spreng.) L.A.S.Johnson",Accepted,,H,WCSP,382162,909957-1,"J. Adelaide Bot. Gard.","6: 77","","1982"
kew-2629080,A,Casuarinaceae,,Allocasuarina,,"paradoxa",,"","(Macklin) L.A.S.Johnson",Accepted,,H,WCSP,382163,909958-1,"J. Adelaide Bot. Gard.","6: 77","","1982"
kew-2629081,A,Casuarinaceae,,Allocasuarina,,"pinaster",,"","(C.A.Gardner) L.A.S.Johnson",Accepted,,H,WCSP,382164,909959-1,"J. Adelaide Bot. Gard.","6: 77","","1982"
kew-2629082,A,Casuarinaceae,,Allocasuarina,,"portuensis",,"","L.A.S.Johnson",Accepted,,H,WCSP,382165,937341-1,"in Fl. Australia","3: 198","","1989"
kew-2629083,A,Casuarinaceae,,Allocasuarina,,"pusilla",,"","(Macklin) L.A.S.Johnson",Accepted,,H,WCSP,382166,909960-1,"J. Adelaide Bot. Gard.","6: 77","","1982"
kew-2629084,A,Casuarinaceae,,Allocasuarina,,"ramosissima",,"","(C.A.Gardner) L.A.S.Johnson",Accepted,,H,WCSP,382167,909961-1,"J. Adelaide Bot. Gard.","6: 78","","1982"
kew-2629085,A,Casuarinaceae,,Allocasuarina,,"rigida",,"","(Miq.) L.A.S.Johnson",Accepted,,H,WCSP,382168,909962-1,"J. Adelaide Bot. Gard.","6: 78","","1982"
kew-2629087,A,Casuarinaceae,,Allocasuarina,,"robusta",,"","(Macklin) L.A.S.Johnson",Accepted,,H,WCSP,382170,909963-1,"J. Adelaide Bot. Gard.","6: 78","","1982"
kew-2629088,A,Casuarinaceae,,Allocasuarina,,"rupicola",,"","L.A.S.Johnson",Accepted,,H,WCSP,382171,937342-1,"in Fl. Australia","3: 199","","1989"
kew-2629089,A,Casuarinaceae,,Allocasuarina,,"scleroclada",,"","(L.A.S.Johnson) L.A.S.Johnson",Accepted,,H,WCSP,382172,909964-1,"J. Adelaide Bot. Gard.","6: 78","","1982"
kew-2629090,A,Casuarinaceae,,Allocasuarina,,"simulans",,"","L.A.S.Johnson",Accepted,,H,WCSP,382173,937343-1,"in Fl. Australia","3: 199","","1989"
kew-2629091,A,Casuarinaceae,,Allocasuarina,,"spinosissima",,"","(C.A.Gardner) L.A.S.Johnson",Accepted,,H,WCSP,382174,946798-1,"in Fl. Australia","3: 199","","1989"
kew-2629092,A,Casuarinaceae,,Allocasuarina,,"striata",,"","(Macklin) L.A.S.Johnson",Accepted,,H,WCSP,382175,909965-1,"J. Adelaide Bot. Gard.","6: 78","","1982"
kew-2629093,A,Casuarinaceae,,Allocasuarina,,"tessellata",,"","(C.A.Gardner) L.A.S.Johnson",Accepted,,H,WCSP,382176,909966-1,"J. Adelaide Bot. Gard.","6: 78","","1982"
kew-2629094,A,Casuarinaceae,,Allocasuarina,,"thalassoscopica",,"","L.A.S.Johnson",Accepted,,H,WCSP,382177,937344-1,"in Fl. Australia","3: 199","","1989"
kew-2629095,A,Casuarinaceae,,Allocasuarina,,"thuyoides",,"","(Miq.) L.A.S.Johnson",Accepted,,H,WCSP,382178,909967-1,"J. Adelaide Bot. Gard.","6: 78","","1982"
kew-2629096,A,Casuarinaceae,,Allocasuarina,,"tortiramula",,"","E.M.Benn.",Accepted,,H,WCSP,382179,937326-1,"in Fl. Australia","3: 190","","1989"
kew-2629097,A,Casuarinaceae,,Allocasuarina,,"torulosa",,"","(Aiton) L.A.S.Johnson",Accepted,,H,WCSP,382180,909968-1,"J. Adelaide Bot. Gard.","6: 79","","1982"
kew-2629098,A,Casuarinaceae,,Allocasuarina,,"trichodon",,"","(Miq.) L.A.S.Johnson",Accepted,,H,WCSP,382181,909969-1,"J. Adelaide Bot. Gard.","6: 79","","1982"
kew-2629099,A,Casuarinaceae,,Allocasuarina,,"verticillata",,"","(Lam.) L.A.S.Johnson",Accepted,,H,WCSP,382182,909970-1,"J. Adelaide Bot. Gard.","6: 79","","1982"
kew-2629100,A,Casuarinaceae,,Allocasuarina,,"zephyrea",,"","L.A.S.Johnson",Accepted,,H,WCSP,382183,937345-1,"in Fl. Australia","3: 199","","1989"
kew-2705426,A,Casuarinaceae,,Casuarina,,"collina",,"","Poiss. ex Pancher & Sebert",Accepted,,H,WCSP,382538,159842-1,"Not. Bois Nouv. Caléd.","174","","1873"
kew-2705428,A,Casuarinaceae,,Casuarina,,"cristata",,"","Miq.",Accepted,,H,WCSP,382540,,"Nieuwe Verh. Eerste Kl. Kon. Ned. Inst. Wetensch. Amsterdam","reimpr. 13: 70","","1848"
kew-2705430,A,Casuarinaceae,,Casuarina,,"cunninghamiana",,"","Miq.",Accepted,,H,WCSP,382542,,"Nieuwe Verh. Eerste Kl. Kon. Ned. Inst. Wetensch. Amsterdam","reimpr. 13: 56","","1848"
tro-50219267,A,Casuarinaceae,,Casuarina,,"defungens",,"","L.A.S. Johnson",Unresolved,,L,TRO,50219267,,"Fl. Australia","3: 194","194","1989"
kew-2705446,A,Casuarinaceae,,Casuarina,,"equisetifolia",,"","L.",Accepted,,H,WCSP,382558,159856-1,"Amoen. Acad.","4: 143","","1759"
kew-2705448,A,Casuarinaceae,,Casuarina,,"equisetifolia",subsp.,"incana","(Benth.) L.A.S.Johnson",Accepted,,L,WCSP,382560,920617-1,"J. Adelaide Bot. Gard.","6: 79","","1982"
kew-2705458,A,Casuarinaceae,,Casuarina,,"glauca",,"","Sieber ex Spreng.",Accepted,,H,WCSP,382570,,"Syst. Veg.","3: 803","","1826"
kew-2705460,A,Casuarinaceae,,Casuarina,,"grandis",,"","L.A.S.Johnson",Accepted,,H,WCSP,382572,899427-1,"J. Adelaide Bot. Gard.","6: 79","","1982"
kew-2705464,A,Casuarinaceae,,Casuarina,,"hexagona",,"","Dehnh.",Unresolved,,L,WCSP,382576,,"Rivista Napol.","1(3): 176","","1839"
kew-2705473,A,Casuarinaceae,,Casuarina,,"junghuhniana",,"","Miq.",Accepted,,H,WCSP,382585,159877-1,"Pl. Jungh.","7","","1851"
tro-50334490,A,Casuarinaceae,,Casuarina,,"litorea",,"","Rumph.",Unresolved,,L,TRO,50334490,,"Nova Acta Acad. Caes. Leop.-Carol. German. Nat. Cur.","6: index","index","1750"
kew-2705483,A,Casuarinaceae,,Casuarina,,"lucida",,"","Dehnh.",Unresolved,,L,WCSP,382595,,"Rivista Napol.","1(3): 175","","1839"
kew-2705500,A,Casuarinaceae,,Casuarina,,"obesa",,"","Miq.",Accepted,,H,WCSP,382612,159905-1,"Pl. Preiss.","1: 643","","1845"
kew-2705502,A,Casuarinaceae,,Casuarina,,"oligodon",,"","L.A.S.Johnson",Accepted,,H,WCSP,382614,899428-1,"J. Adelaide Bot. Gard.","6: 81","","1982"
kew-2705504,A,Casuarinaceae,,Casuarina,,"orophila",,"","L.A.S.Johnson",Accepted,,H,WCSP,382616,901673-1,"Alp. Fl. New Guinea","4: 2406","","1983"
kew-2705510,A,Casuarinaceae,,Casuarina,,"pauper",,"","F.Muell. ex L.A.S.Johnson",Accepted,,H,WCSP,382622,937346-1,"in Fl. Australia","3: 202","","1989"
kew-2705513,A,Casuarinaceae,,Casuarina,,"potamophila",,"","Schltr.",Accepted,,H,WCSP,382625,159914-1,"Bot. Jahrb. Syst.","40(92): 21","","1908"
tro-50219297,A,Casuarinaceae,,Casuarina,,"prisea",,"","Miq.",Unresolved,,L,TRO,50219297,,"Nieuwe Verh. Eerste Kl. Kon. Ned. Inst. Wetensch. Amsterdam","13: 345–346, t. 12","345","1848"
kew-2705546,A,Casuarinaceae,,Casuarina,,"tenella",,"","Schltr.",Accepted,,H,WCSP,382658,159938-1,"Bot. Jahrb. Syst.","40(92): 21","","1908"
kew-2705549,A,Casuarinaceae,,Casuarina,,"teres",,"","Schltr.",Accepted,,H,WCSP,382661,159941-1,"Bot. Jahrb. Syst.","40(92): 22","","1908"
kew-2713896,A,Casuarinaceae,,Ceuthostoma,,"palawanense",,"","L.A.S.Johnson",Accepted,,H,WCSP,382808,935296-1,"Telopea","3: 137","","1988"
kew-2713897,A,Casuarinaceae,,Ceuthostoma,,"terminale",,"","L.A.S.Johnson",Accepted,,H,WCSP,382809,935295-1,"Telopea","3: 135","","1988"
kew-2836342,A,Casuarinaceae,,Gymnostoma,,"australianum",,"","L.A.S.Johnson",Accepted,,H,WCSP,385493,937347-1,"in Fl. Australia","3: 202","","1989"
kew-2836343,A,Casuarinaceae,,Gymnostoma,,"chamaecyparis",,"","(Poiss.) L.A.S.Johnson",Accepted,,H,WCSP,385494,910712-1,"J. Adelaide Bot. Gard.","6: 83","","1982"
kew-2836344,A,Casuarinaceae,,Gymnostoma,,"deplancheanum",,"","(Miq.) L.A.S.Johnson",Accepted,,H,WCSP,385495,910713-1,"J. Adelaide Bot. Gard.","6: 83","","1982"
kew-2836345,A,Casuarinaceae,,Gymnostoma,,"glaucescens",,"","(Schltr.) L.A.S.Johnson",Accepted,,H,WCSP,385496,910714-1,"J. Adelaide Bot. Gard.","6: 83","","1982"
kew-2836346,A,Casuarinaceae,,Gymnostoma,,"intermedium",,"","(Poiss.) L.A.S.Johnson",Accepted,,H,WCSP,385497,910715-1,"J. Adelaide Bot. Gard.","6: 84","","1982"
kew-2836347,A,Casuarinaceae,,Gymnostoma,,"leucodon",,"","(Poiss.) L.A.S.Johnson",Accepted,,H,WCSP,385498,910716-1,"J. Adelaide Bot. Gard.","6: 84","","1982"
kew-2836348,A,Casuarinaceae,,Gymnostoma,,"nobile",,"","(Whitmore) L.A.S.Johnson",Accepted,,H,WCSP,385499,910717-1,"J. Adelaide Bot. Gard.","6: 84","","1982"
kew-2836349,A,Casuarinaceae,,Gymnostoma,,"nodiflorum",,"","(Thunb.) L.A.S.Johnson",Accepted,,H,WCSP,385500,159952-1,"Telopea","2: 83","","1980"
kew-2836350,A,Casuarinaceae,,Gymnostoma,,"papuanum",,"","(S.Moore) L.A.S.Johnson",Accepted,,H,WCSP,385501,910718-1,"J. Adelaide Bot. Gard.","6: 84","","1982"
kew-2836351,A,Casuarinaceae,,Gymnostoma,,"poissonianum",,"","(Schltr.) L.A.S.Johnson",Accepted,,H,WCSP,385502,910719-1,"J. Adelaide Bot. Gard.","6: 85","","1982"
kew-2836352,A,Casuarinaceae,,Gymnostoma,,"rumphianum",,"","(Miq.) L.A.S.Johnson",Accepted,,H,WCSP,385503,910720-1,"J. Adelaide Bot. Gard.","6: 85","","1982"
kew-2836353,A,Casuarinaceae,,Gymnostoma,,"sumatranum",,"","(Jungh. ex de Vriese) L.A.S.Johnson",Accepted,,H,WCSP,385504,910721-1,"J. Adelaide Bot. Gard.","6: 86","","1982"
kew-2836354,A,Casuarinaceae,,Gymnostoma,,"vitiense",,"","L.A.S.Johnson",Accepted,,H,WCSP,385505,159953-1,"Telopea","2: 84","","1980"
kew-2836355,A,Casuarinaceae,,Gymnostoma,,"webbianum",,"","(Miq.) L.A.S.Johnson",Accepted,,H,WCSP,385506,910722-1,"J. Adelaide Bot. Gard.","6: 86","","1982"
