﻿ID,Major group,Family,Genus hybrid marker,Genus,Species hybrid marker,Species,Infraspecific rank,Infraspecific epithet,Authorship,Taxonomic status in TPL,Nomenclatural status from original data source,Confidence level,Source,Source id,IPNI id,Publication,Collation,Page,Date
tro-50303740,A,Centrolepidaceae,,Alepyrum,,"viridum",,"","Kirk",Unresolved,,L,TRO,50303740,,"J. Linn. Soc., Bot.","19: 286","286","1884"
kew-220565,A,Centrolepidaceae,,Aphelia,,"brizula",,"","F.Muell.",Accepted,,H,WCSP,220565,162962-1,"Fragm.","5: 203","","1866"
kew-220566,A,Centrolepidaceae,,Aphelia,,"cyperoides",,"","R.Br.",Accepted,,H,WCSP,220566,162963-1,"Prodr. Fl. Nov. Holl.","252","","1810"
kew-220567,A,Centrolepidaceae,,Aphelia,,"drummondii",,"","(Hieron.) Benth.",Accepted,,H,WCSP,220567,162964-1,"Fl. Austral.","7: 201","","1878"
kew-220568,A,Centrolepidaceae,,Aphelia,,"gracilis",,"","Sond.",Accepted,,H,WCSP,220568,162965-1,"Linnaea","28: 227","","1856"
kew-220571,A,Centrolepidaceae,,Aphelia,,"nutans",,"","Hook.f. ex Benth.",Accepted,,H,WCSP,220571,162968-1,"Fl. Austral.","7: 200","","1878"
kew-220572,A,Centrolepidaceae,,Aphelia,,"pumilio",,"","F.Muell. ex Sond.",Accepted,,H,WCSP,220572,,"Linnaea","28: 226","","1856"
kew-232576,A,Centrolepidaceae,,Centrolepis,,"alepyroides",,"","(Nees) Walp.",Accepted,,H,WCSP,232576,162976-1,"Ann. Bot. Syst.","1: 897","","1849"
kew-232577,A,Centrolepidaceae,,Centrolepis,,"aristata",,"","(R.Br.) Roem. & Schult.",Accepted,,H,WCSP,232577,162977-1,"Syst. Veg.","1: 44","","1817"
kew-232580,A,Centrolepidaceae,,Centrolepis,,"banksii",,"","(R.Br.) Roem. & Schult.",Accepted,,H,WCSP,232580,162979-1,"Syst. Veg.","1: 44","","1817"
kew-232583,A,Centrolepidaceae,,Centrolepis,,"caespitosa",,"","D.A.Cooke",Accepted,,H,WCSP,232583,162982-1,"Muelleria","4: 269","","1980"
kew-232584,A,Centrolepidaceae,,Centrolepis,,"cambodiana",,"","Hance",Accepted,,H,WCSP,232584,162983-1,"J. Bot.","14: 14","","1876"
kew-232585,A,Centrolepidaceae,,Centrolepis,,"cephaloformis",,"","Reader",Accepted,,H,WCSP,232585,162984-1,"Victoria Naturalist","19: 97","","1902"
kew-232587,A,Centrolepidaceae,,Centrolepis,,"cephaloformis",subsp.,"murrayi","(J.M.Black) D.A.Cooke",Accepted,,L,WCSP,232587,876059-1,"Muelleria","4: 269","","1980"
kew-232588,A,Centrolepidaceae,,Centrolepis,,"ciliata",,"","(Hook.f.) Druce",Accepted,,H,WCSP,232588,162985-1,"Rep. Bot. Soc. Exch. Club Brit. Isles","1916: 614","","1917"
kew-232589,A,Centrolepidaceae,,Centrolepis,,"curta",,"","D.A.Cooke",Accepted,,H,WCSP,232589,961485-1,"J. Adelaide Bot. Gard.","15: 41","","1992"
kew-232591,A,Centrolepidaceae,,Centrolepis,,"drummondiana",,"","(Nees) Walp.",Accepted,,H,WCSP,232591,,"Ann. Bot. Syst.","1: 896","","1849"
tro-100377686,A,Centrolepidaceae,,Centrolepis,,"drummondii",,"","Walp.",Unresolved,,L,TRO,100377686,162987-1,"Ann. Bot. Syst.","1(5): 896","896","1849"
kew-232592,A,Centrolepidaceae,,Centrolepis,,"eremica",,"","D.A.Cooke",Accepted,,H,WCSP,232592,931213-1,"in Fl. S. Australia","4: 1826","","1986"
kew-232593,A,Centrolepidaceae,,Centrolepis,,"exserta",,"","(R.Br.) Roem. & Schult.",Accepted,,H,WCSP,232593,162988-1,"Syst. Veg.","1: 44","","1817"
kew-232594,A,Centrolepidaceae,,Centrolepis,,"fascicularis",,"","Labill.",Accepted,,H,WCSP,232594,162989-1,"Nov. Holl. Pl.","1: 7","","1804"
kew-232595,A,Centrolepidaceae,,Centrolepis,,"glabra",,"","(F.Muell.) Hieron.",Accepted,,H,WCSP,232595,162990-1,"Abh. Naturf. Ges. Halle","12: 209","","1873"
kew-232597,A,Centrolepidaceae,,Centrolepis,,"humillima",,"","F.Muell. ex Benth.",Accepted,,H,WCSP,232597,162992-1,"Fl. Austral.","7: 203","","1878"
kew-232598,A,Centrolepidaceae,,Centrolepis,,"inconspicua",,"","W.Fitzg.",Accepted,,H,WCSP,232598,,"Proc. Linn. Soc. New South Wales","28: 107","","1904"
kew-232602,A,Centrolepidaceae,,Centrolepis,,"minima",,"","Kirk",Accepted,,H,WCSP,232602,,"Trans. & Proc. New Zealand Inst.","23: 441","","1892"
kew-232603,A,Centrolepidaceae,,Centrolepis,,"monogyna",,"","(Hook.f.) Benth.",Accepted,,H,WCSP,232603,162997-1,"Fl. Austral.","7: 205","","1878"
kew-232605,A,Centrolepidaceae,,Centrolepis,,"monogyna",subsp.,"paludicola","(W.M.Curtis) D.A.Cooke",Accepted,,L,WCSP,232605,967752-1,"J. Adelaide Bot. Gard.","15: 22","","1992"
kew-232607,A,Centrolepidaceae,,Centrolepis,,"muscoides",,"","(Hook.f.) Hieron.",Accepted,,H,WCSP,232607,162999-1,"Abh. Naturf. Ges. Halle","12: 209","","1873"
kew-232608,A,Centrolepidaceae,,Centrolepis,,"mutica",,"","(R.Br.) Hieron.",Accepted,,H,WCSP,232608,163000-1,"Abh. Naturf. Ges. Halle","12: 211","","1873"
kew-232610,A,Centrolepidaceae,,Centrolepis,,"pallida",,"","(Hook.f.) Cheeseman",Accepted,,H,WCSP,232610,163002-1,"Man. New Zealand Fl.","757","","1906"
kew-232613,A,Centrolepidaceae,,Centrolepis,,"pedderensis",,"","W.M.Curtis",Accepted,,H,WCSP,232613,905834-1,"Brunonia","7: 299","","1985"
kew-232614,A,Centrolepidaceae,,Centrolepis,,"philippinensis",,"","Merr.",Accepted,,H,WCSP,232614,163004-1,"Philipp. J. Sci., C","2: 264","","1907"
kew-232615,A,Centrolepidaceae,,Centrolepis,,"pilosa",,"","Hieron.",Accepted,,H,WCSP,232615,163005-1,"Abh. Naturf. Ges. Halle","12: 216","","1873"
kew-232618,A,Centrolepidaceae,,Centrolepis,,"polygyna",,"","(R.Br.) Hieron.",Accepted,,H,WCSP,232618,163008-1,"Abh. Naturf. Ges. Halle","12: 210","","1873"
kew-456840,A,Centrolepidaceae,,Centrolepis,,"racemosa",,"","D.D.Sokoloff & Remizowa",Accepted,,H,WCSP,456840,77099161-1,"Bot. Zhurn. (Moscow & Leningrad)","94: 93","","2009"
kew-232622,A,Centrolepidaceae,,Centrolepis,,"strigosa",,"","(R.Br.) Roem. & Schult.",Accepted,,H,WCSP,232622,163012-1,"Syst. Veg.","1: 43","","1817"
kew-232624,A,Centrolepidaceae,,Centrolepis,,"strigosa",subsp.,"pulvinata","(R.Br.) D.A.Cooke",Accepted,,L,WCSP,232624,967753-1,"J. Adelaide Bot. Gard.","15: 28","","1992"
kew-246550,A,Centrolepidaceae,,Gaimardia,,"amblyphylla",,"","W.M.Curtis",Accepted,,H,WCSP,246550,906145-1,"Brunonia","7: 299","","1985"
kew-246551,A,Centrolepidaceae,,Gaimardia,,"australis",,"","Gaudich.",Accepted,,H,WCSP,246551,163030-1,"Voy. Uranie","419","","1829"
kew-246554,A,Centrolepidaceae,,Gaimardia,,"fitzgeraldii",,"","F.Muell. & Rodw.",Accepted,,H,WCSP,246554,163033-1,"Tasman. Fl.","233","","1903"
kew-246559,A,Centrolepidaceae,,Gaimardia,,"setacea",,"","Hook.f.",Accepted,,H,WCSP,246559,163038-1,"Fl. Nov.-Zel.","1: 267","","1853"
