﻿ID,Major group,Family,Genus hybrid marker,Genus,Species hybrid marker,Species,Infraspecific rank,Infraspecific epithet,Authorship,Taxonomic status in TPL,Nomenclatural status from original data source,Confidence level,Source,Source id,IPNI id,Publication,Collation,Page,Date
tro-35203304,B,Chonecoleaceae,,Chonecolea,,"acutiloba",,"","(Schiffner) R.M. Schust.",Accepted,,M,TRO,35203304,,"Hepat. Anthocerotae N. Amer.","4: 321","321","1980"
tro-35203324,B,Chonecoleaceae,,Chonecolea,,"andina",,"","Grolle & Váňa",Accepted,,M,TRO,35203324,,"J. Hattori Bot. Lab.","48: 229. f. 3","229","1980"
tro-35185052,B,Chonecoleaceae,,Chonecolea,,"doellingeri",,"","(Nees) Grolle",Accepted,,M,TRO,35185052,,"Rev. Bryol. Lichénol.","25: 295","295","1956"
tro-35202291,B,Chonecoleaceae,,Chonecolea,,"ruwenzorensis",,"","E.W. Jones",Accepted,,M,TRO,35202291,,"J. Bryol.","13: 498. f. 1","498","1985"
tro-35202009,B,Chonecoleaceae,,Chonecolea,,"schusteri",,"","Udar & Ad. Kumar",Accepted,,M,TRO,35202009,,"Bryologist","85: 315. f. 1–53","315","1982"
tro-35216739,B,Chonecoleaceae,,Chonecolea,,"verae",,"","Potemkin",Accepted,,M,TRO,35216739,,"Actual Probl. Bryol.","165","165","2005"
