﻿ID,Major group,Family,Genus hybrid marker,Genus,Species hybrid marker,Species,Infraspecific rank,Infraspecific epithet,Authorship,Taxonomic status in TPL,Nomenclatural status from original data source,Confidence level,Source,Source id,IPNI id,Publication,Collation,Page,Date
tro-35157573,B,Cinclidotaceae,,Cinclidotus,,"acutifolius",,"","Broth.",Accepted,,M,TRO,35157573,,"Acta Soc. Sci. Fenn.","24(2): 14","14","1899"
tro-35157574,B,Cinclidotaceae,,Cinclidotus,,"aquaticus",,"","(Hedw.) Bruch & Schimp.",Accepted,,M,TRO,35157574,,"Bryol. Eur.","3: 170. pl. 276 (fasc. 16. Mon. 8. pl. 1)","170","1842"
tro-35157576,B,Cinclidotaceae,,Cinclidotus,,"aquaticus",subsp.,"falcatus","(Kindb.) Giacom.",Accepted,,L,TRO,35157576,,"Ist. Bot. Reale Univ. Reale Lab. Crittog. Pavia, Atti","4: 218","218","1947"
tro-35205532,B,Cinclidotaceae,,Cinclidotus,,"bistratosus",,"","Kurschner & Lübenau-Nestle",Accepted,,M,TRO,35205532,,"Nova Hedwigia","70: 471. f. 1–22","471","2000"
tro-35209949,B,Cinclidotaceae,,Cinclidotus,,"confertus",,"","Luth",Accepted,,M,TRO,35209949,,"Cryptog. Bryol.","23: 12. f. 1–3","12","2002"
tro-35157582,B,Cinclidotaceae,,Cinclidotus,,"danubicus",,"","Schiffner & Baumgartner",Accepted,,M,TRO,35157582,,"Oesterr. Bot. Z.","56: 154","154","1906"
tro-35157585,B,Cinclidotaceae,,Cinclidotus,,"fontinaloides",,"","(Hedw.) P. Beauv.",Accepted,,M,TRO,35157585,,"Prodr. Aethéogam.","52","52","1805"
tro-35184352,B,Cinclidotaceae,,Cinclidotus,,"herzogii",,"","Pavletic",Accepted,,M,TRO,35184352,,"Mitt. Thüring. Bot. Ges.","1(2–3): 14. f. 2.4, 3–6","14","1955"
tro-35157597,B,Cinclidotaceae,,Cinclidotus,,"involutus",,"","Hilp.",Accepted,,M,TRO,35157597,,"Beih. Bot. Centralbl., Abt. 2","50(2): 637","637","1933"
tro-35157599,B,Cinclidotaceae,,Cinclidotus,,"mucronatus",,"","(Brid.) Guim.",Accepted,,M,TRO,35157599,,"Cat. Descr. Briol. Portug.","57","57","1919"
tro-35157600,B,Cinclidotaceae,,Cinclidotus,,"mucronatus",var.,"confertus","(Corb.) Podp.",Accepted,,L,TRO,35157600,,"Consp. Musc. Eur.","263","263","1954"
tro-35183740,B,Cinclidotaceae,,Cinclidotus,,"nyholmiae",,"","Çetin",Accepted,,M,TRO,35183740,,"J. Bryol.","15: 269. f. 1–2","269","1988"
tro-35157602,B,Cinclidotaceae,,Cinclidotus,,"pachyloma",,"","E.S. Salmon",Accepted,,M,TRO,35157602,,"Rev. Bryol.","27: 59. 1–10","59","1900"
tro-35157603,B,Cinclidotaceae,,Cinclidotus,,"pachylomoides",,"","Bizot",Accepted,,M,TRO,35157603,,"Rev. Bryol. Lichénol.","21: 11","11","1952"
tro-35157604,B,Cinclidotaceae,,Cinclidotus,,"riparius",,"","(Host ex Brid.) Arn.",Accepted,,M,TRO,35157604,,"Mém. Soc. Linn. Paris","7: 247","247","1827"
tro-35217988,B,Cinclidotaceae,,Cinclidotus,,"vardaranus",,"","Erdağ & Kürschner",Accepted,,M,TRO,35217988,,"Nova Hedwigia","88: 185","185","2009"
tro-35216730,B,Cinclidotaceae,,Cinclidotus,,"vivesii",,"","Ederra",Accepted,,M,TRO,35216730,,"Nova Hedwigia","81: 472","472","2005"
