﻿ID,Major group,Family,Genus hybrid marker,Genus,Species hybrid marker,Species,Infraspecific rank,Infraspecific epithet,Authorship,Taxonomic status in TPL,Nomenclatural status from original data source,Confidence level,Source,Source id,IPNI id,Publication,Collation,Page,Date
kew-2625968,A,Connaraceae,,Agelaea,,"annobonensis",,"","Schellenb.",Accepted,,M,WCSP (in review),758312,264044-1,"Bot. Jahrb. Syst.","58: 207","","1923"
kew-2625969,A,Connaraceae,,Agelaea,,"australis",,"","Schellenb.",Unresolved,,L,WCSP (in review),758313,264045-1,"Bot. Jahrb. Syst.","58: 218","","1923"
kew-2625970,A,Connaraceae,,Agelaea,,"baronii",,"","Schellenb.",Accepted,,M,WCSP (in review),758314,,"Pflanzenr.","IV, 127: 79","","1938"
kew-2625971,A,Connaraceae,,Agelaea,,"borneensis",,"","(Hook.f.) Merr.",Accepted,,M,WCSP (in review),758315,264047-1,"Philipp. J. Sci., C","4: 127","","1909"
kew-2625974,A,Connaraceae,,Agelaea,,"claessensii",,"","De Wild.",Accepted,,M,WCSP (in review),758318,264050-1,"Bull. Jard. Bot. État","3: 256","","1911"
kew-2625975,A,Connaraceae,,Agelaea,,"coccinea",,"","Exell",Accepted,,M,WCSP (in review),758319,264051-1,"Cat. Vasc. Pl. S. Tomé","147","","1944"
kew-2625976,A,Connaraceae,,Agelaea,,"conraui",,"","Schellenb.",Accepted,,M,WCSP (in review),758320,264052-1,"Bot. Jahrb. Syst.","58: 207","","1923"
kew-2625990,A,Connaraceae,,Agelaea,,"gabonensis",,"","Jongkind",Accepted,,M,WCSP (in review),758334,959283-1,"Bull. Jard. Bot. Natl. Belg.","61: 72","","1991"
kew-2626000,A,Connaraceae,,Agelaea,,"insignis",,"","(Schellenb.) Leenh.",Accepted,,M,WCSP (in review),758344,264074-1,"in Fl. Males.","5: 505","","1958"
kew-2626012,A,Connaraceae,,Agelaea,,"macrophylla",,"","(Zoll.) Leenh.",Accepted,,M,WCSP (in review),758356,264086-1,"in Fl. Males.","5: 502","","1958"
kew-2626024,A,Connaraceae,,Agelaea,,"palmata",,"","Jongkind",Accepted,,M,WCSP (in review),758368,1006699-1,"Bull. Jard. Bot. Natl. Belg.","66: 149","","1997"
kew-2626025,A,Connaraceae,,Agelaea,,"paradoxa",,"","Gilg",Accepted,,M,WCSP (in review),758369,264098-1,"Nat. Pflanzenfam.","3(3): 65","","1888"
kew-2626026,A,Connaraceae,,Agelaea,,"paradoxa",var.,"microcarpa","Jongkind",Accepted,,L,WCSP (in review),758370,951254-1,"Agric. Univ. Wageningen Pap.","89(6): 142","","1989"
kew-2626027,A,Connaraceae,,Agelaea,,"pentagyna",,"","(Lam.) Baill.",Accepted,,L,WCSP (in review),758371,264099-1,"Bull. Mens. Soc. Linn. Paris","1: 345","","1882"
kew-2626028,A,Connaraceae,,Agelaea,,"phaeocarpa",,"","Exell",Unresolved,,L,WCSP (in review),758372,264101-1,"Cat. Vasc. Pl. S. Tomé","148","","1944"
kew-2626033,A,Connaraceae,,Agelaea,,"poggeana",,"","Gilg",Accepted,,M,WCSP (in review),758377,264108-1,"Notizbl. Königl. Bot. Gart. Berlin","1: 65","","1895"
kew-2626035,A,Connaraceae,,Agelaea,,"principensis",,"","Exell",Unresolved,,L,WCSP (in review),758379,264110-1,"Cat. Vasc. Pl. S. Tomé","148","","1944"
kew-2626040,A,Connaraceae,,Agelaea,,"reticulata",,"","Exell",Unresolved,,L,WCSP (in review),758384,264115-1,"Cat. Vasc. Pl. S. Tomé","150","","1944"
kew-2626041,A,Connaraceae,,Agelaea,,"rubiginosa",,"","Gilg",Accepted,,M,WCSP (in review),758385,264116-1,"Bot. Jahrb. Syst.","14: 319","","1891"
kew-2626051,A,Connaraceae,,Agelaea,,"trinervis",,"","(Llanos) Merr.",Accepted,,M,WCSP (in review),758395,264126-1,"Sp. Blancoan.","164","","1918"
kew-2675041,A,Connaraceae,,Bernardinia,,"comans",,"","(Casar.) Schellenb.",Unresolved,,L,WCSP (in review),806867,31793-2,"Candollea","2: 103","","1925"
tro-8400167,A,Connaraceae,,Bernardinia,,"fluminensis",var.,"fluminensis","",Unresolved,,L,TRO,8400167,,"","","","1983"
kew-2675043,A,Connaraceae,,Bernardinia,,"fluminensis",var.,"villosa","(Schellenb.) Forero",Unresolved,,L,WCSP (in review),806869,921823-1,"Fl. Neotrop. Monogr.","36: 28","","1983"
kew-2675045,A,Connaraceae,,Bernardinia,,"suerrensis",,"","Schellenb.",Unresolved,,L,WCSP (in review),806871,31797-2,"Pflanzenr.","IV, 127: 103","","1938"
kew-2687712,A,Connaraceae,,Burttia,,"prunoides",,"","Baker f. & Exell",Accepted,,M,WCSP (in review),819383,264146-1,"J. Bot.","69: 249","","1931"
kew-2688057,A,Connaraceae,,Byrsocarpus,,"baronii",,"","Baker",Unresolved,,L,WCSP (in review),819716,264150-1,"J. Linn. Soc., Bot.","22: 462","","1887"
kew-2688058,A,Connaraceae,,Byrsocarpus,,"baumannii",,"","Schellenb.",Unresolved,,L,WCSP (in review),819717,264151-1,"Mitt. Bot. Mus. Univ. Zürich","50: 44","","1910"
kew-2688059,A,Connaraceae,,Byrsocarpus,,"boivinianus",,"","(Baill.) Baill.",Unresolved,,L,WCSP (in review),819718,264152-1,"Adansonia","7: 231","","1867"
kew-2688066,A,Connaraceae,,Byrsocarpus,,"ledermannii",,"","Schellenb.",Unresolved,,L,WCSP (in review),819725,264162-1,"Bot. Jahrb. Syst.","55: 451","","1919"
kew-2688073,A,Connaraceae,,Byrsocarpus,,"papillosus",,"","Schellenb.",Unresolved,,L,WCSP (in review),819732,264169-1,"Bot. Jahrb. Syst.","55: 453","","1919"
kew-2688076,A,Connaraceae,,Byrsocarpus,,"pervilleanus",,"","Baill.",Unresolved,,L,WCSP (in review),819735,264173-1,"Adansonia","7: 232","","1867"
kew-2688078,A,Connaraceae,,Byrsocarpus,,"pseudobaccatus",,"","Schellenb.",Unresolved,,L,WCSP (in review),819737,264175-1,"Mitt. Bot. Mus. Univ. Zürich","50: 45","","1910"
kew-2688079,A,Connaraceae,,Byrsocarpus,,"puberulus",,"","Schellenb.",Unresolved,,L,WCSP (in review),819738,,"Pflanzenr.","IV, 127: 150","","1938"
tro-50112987,A,Connaraceae,,Byrsocarpus,,"tisserantii",,"","Aubrév. & Pellegr.",Unresolved,,L,TRO,50112987,264180-1,"Notul. Syst. (Paris)","14(1): 59","59","1950"
kew-2688084,A,Connaraceae,,Byrsocarpus,,"usambaricus",,"","Schellenb.",Unresolved,,L,WCSP (in review),819743,,"Pflanzenr.","IV, 127: 154","","1938"
kew-2704727,A,Connaraceae,,Castanola,,"agamae",,"","(Merr.) Schellenb.",Unresolved,,L,WCSP (in review),835577,,"Pflanzenr.","IV, 127: 173","","1938"
kew-2704728,A,Connaraceae,,Castanola,,"everettii",,"","(Merr.) Schellenb.",Unresolved,,L,WCSP (in review),835578,,"Pflanzenr.","IV, 127: 176","","1938"
kew-2704731,A,Connaraceae,,Castanola,,"insignis",,"","(Schellenb.) Schellenb.",Unresolved,,L,WCSP (in review),835581,,"Pflanzenr.","IV, 127: 176","","1938"
kew-2704735,A,Connaraceae,,Castanola,,"sumatrana",,"","Schellenb.",Unresolved,,L,WCSP (in review),835585,,"Pflanzenr.","IV, 127: 174","","1938"
kew-2728830,A,Connaraceae,,Cnestidium,,"bakerianum",,"","(Britton) Schellenb.",Accepted,,M,WCSP (in review),859143,61746-2,"Candollea","2: 102","","1925"
kew-2728831,A,Connaraceae,,Cnestidium,,"froesii",,"","Pires",Accepted,,M,WCSP (in review),859144,61747-2,"Bol. Técn. Inst. Agron. N.","28: 47","","1954"
kew-2728832,A,Connaraceae,,Cnestidium,,"guianense",,"","(Schellenb.) Schellenb.",Accepted,,M,WCSP (in review),859145,61748-2,"Pflanzenr.","IV, 127: 194","","1938"
kew-2728834,A,Connaraceae,,Cnestidium,,"rufescens",,"","Planch.",Accepted,,M,WCSP (in review),859147,264202-1,"Linnaea","23: 440","","1850"
kew-2728838,A,Connaraceae,,Cnestis,,"americana",,"","Mart. ex Schellenb.",Unresolved,Invalid,L,WCSP (in review),859151,264205-1,"Pflanzenr.","IV, 127: 52, 196","","1938"
kew-2728841,A,Connaraceae,,Cnestis,,"aurantiaca",,"","Gilg",Unresolved,,L,WCSP (in review),859154,264208-1,"Bot. Jahrb. Syst.","23: 216","","1896"
kew-2728843,A,Connaraceae,,Cnestis,,"bomiensis",,"","Lemmens",Accepted,,M,WCSP (in review),859156,938311-1,"Agric. Univ. Wageningen Pap.","89(6): 179","","1989"
kew-2728852,A,Connaraceae,,Cnestis,,"corniculata",,"","Lam.",Accepted,,M,WCSP (in review),859165,264219-1,"Encycl.","3: 23","","1789"
kew-2728858,A,Connaraceae,,Cnestis,,"ferruginea",,"","Vahl ex DC.",Accepted,,M,WCSP (in review),859171,264225-1,"Prodr.","2: 87","","1825"
kew-2728882,A,Connaraceae,,Cnestis,,"macrantha",,"","Baill.",Accepted,,M,WCSP (in review),859195,264251-1,"Adansonia","7: 242","","1867"
kew-2728883,A,Connaraceae,,Cnestis,,"macrophylla",,"","Gilg ex Schellenb.",Accepted,,M,WCSP (in review),859196,264252-1,"Mitt. Bot. Mus. Univ. Zürich","50: 18","","1910"
kew-2728885,A,Connaraceae,,Cnestis,,"mannii",,"","Schellenb.",Accepted,,M,WCSP (in review),859198,264255-1,"Bot. Jahrb. Syst.","55: 436","","1919"
kew-2728886,A,Connaraceae,,Cnestis,,"mildbraedii",,"","Gilg",Accepted,,M,WCSP (in review),859199,264256-1,"Wiss. Erg. Deut. Zentr.-Afr. Exped., Bot.","2: 229","","1911"
kew-2728893,A,Connaraceae,,Cnestis,,"palala",,"","(Lour.) Merr.",Accepted,,M,WCSP (in review),859206,264264-1,"J. Straits Branch Roy. Asiat. Soc.","85: 201","","1922"
kew-2728900,A,Connaraceae,,Cnestis,,"polyphylla",,"","Lam.",Accepted,,M,WCSP (in review),859213,264269-1,"Encycl.","3: 23","","1789"
tro-50091969,A,Connaraceae,,Cnestis,,"prehensilis",,"","A. Chev.",Unresolved,,L,TRO,50091969,264272-1,"Explor. Bot. Afrique Occ. Franc.","167","167","1920"
kew-2728903,A,Connaraceae,,Cnestis,,"racemosa",,"","G.Don",Accepted,,M,WCSP (in review),859216,264275-1,"Gen. Hist.","2: 91","","1832"
kew-2728915,A,Connaraceae,,Cnestis,,"uncata",,"","Lemmens",Accepted,,M,WCSP (in review),859228,938312-1,"Agric. Univ. Wageningen Pap.","89(6): 228","","1989"
kew-2728916,A,Connaraceae,,Cnestis,,"urens",,"","Gilg",Accepted,,M,WCSP (in review),859229,264287-1,"Nat. Pflanzenfam.","3(3): 67","","1891"
kew-2728920,A,Connaraceae,,Cnestis,,"yangambiensis",,"","Louis ex Troupin",Accepted,,M,WCSP (in review),859233,264291-1,"Bull. Jard. Bot. État","21: 369","","1951"
kew-2734208,A,Connaraceae,,Connarus,,"africanus",,"","Lam.",Accepted,,M,WCSP (in review),864510,264294-1,"Encycl.","2: 95","","1786"
kew-2734210,A,Connaraceae,,Connarus,,"afzelii",,"","R.Br. ex Planch.",Unresolved,,L,WCSP (in review),864512,,"Linnaea","23: 418","","1850"
kew-2734211,A,Connaraceae,,Connarus,,"agamae",,"","Merr.",Accepted,,M,WCSP (in review),864513,264297-1,"Philipp. J. Sci., C","13: 68","","1918"
kew-2734214,A,Connaraceae,,Connarus,,"andamanicus",,"","M.S.Mondal",Accepted,,M,WCSP (in review),864516,960393-1,"J. Econ. Taxon. Bot.","15: 459","","1991"
kew-2734216,A,Connaraceae,,Connarus,,"annamensis",,"","Gagnep.",Accepted,,M,WCSP (in review),864518,264301-1,"Bull. Soc. Bot. France","99: 31","","1952"
kew-2734218,A,Connaraceae,,Connarus,,"asiaticus",,"","Willd.",Unresolved,,L,WCSP (in review),864520,264303-1,"Sp. Pl.","3: 692","","1800"
kew-2734221,A,Connaraceae,,Connarus,,"bariensis",,"","Pierre",Accepted,,M,WCSP (in review),864523,264306-1,"Fl. Forest. Cochinch.","t. 377","","1898"
kew-2734222,A,Connaraceae,,Connarus,,"beyrichii",,"","Planch.",Accepted,,M,WCSP (in review),864524,264307-1,"Linnaea","23: 430","","1850"
kew-2734223,A,Connaraceae,,Connarus,,"blanchetii",,"","Planch.",Accepted,,M,WCSP (in review),864525,264308-1,"Linnaea","23: 431","","1850"
kew-2734224,A,Connaraceae,,Connarus,,"blanchetii",var.,"laurifolius","(Baker) Forero",Accepted,,L,WCSP (in review),864526,921966-1,"Fl. Neotrop. Monogr.","36: 79","","1983"
kew-2734226,A,Connaraceae,,Connarus,,"brachybotryosus",,"","Donn.Sm.",Accepted,,M,WCSP (in review),864528,64161-2,"Bot. Gaz.","57: 417","","1914"
kew-2734227,A,Connaraceae,,Connarus,,"bracteatus",,"","Merr.",Unresolved,,L,WCSP (in review),864529,264311-1,"Philipp. J. Sci., C","4: 120","","1909"
kew-2734228,A,Connaraceae,,Connarus,,"bracteosovillosus",,"","Forero",Accepted,,M,WCSP (in review),864530,64162-2,"Ann. Missouri Bot. Gard.","68: 218","","1981"
kew-2734232,A,Connaraceae,,Connarus,,"celatus",,"","Forero",Accepted,,M,WCSP (in review),864534,64163-2,"Brittonia","32: 33","","1980"
kew-2734234,A,Connaraceae,,Connarus,,"championii",,"","Thwaites",Accepted,,M,WCSP (in review),864536,264317-1,"Enum. Pl. Zeyl.","80","","1858"
kew-2734235,A,Connaraceae,,Connarus,,"cochinchinensis",,"","(Baill.) Pierre",Accepted,,L,WCSP (in review),864537,264318-1,"Fl. Forest. Cochinch.","t. 378","","1898"
kew-2734236,A,Connaraceae,,Connarus,,"conchocarpus",,"","F.Muell.",Accepted,,M,WCSP (in review),864538,264319-1,"Fragm.","5: 105","","1866"
kew-2734237,A,Connaraceae,,Connarus,,"conchocarpus",subsp.,"schumannianus","(Gilg) Leenh.",Accepted,,L,WCSP (in review),864539,878562-1,"in Fl. Males.","6: 936","","1972"
kew-2734239,A,Connaraceae,,Connarus,,"congolanus",,"","Schellenb.",Accepted,,M,WCSP (in review),864541,,"Pflanzenr.","IV, 127: 289","","1938"
kew-2734240,A,Connaraceae,,Connarus,,"cordatus",,"","L.A.Vidal, Carbonó & Forero",Accepted,,M,WCSP (in review),864542,274855-2,"Revista Brasil. Bot.","7: 65","","1984"
kew-2734241,A,Connaraceae,,Connarus,,"coriaceus",,"","Schellenb.",Accepted,,M,WCSP (in review),864543,64164-2,"Candollea","2: 108","","1925"
kew-2734242,A,Connaraceae,,Connarus,,"costaricensis",,"","Schellenb.",Accepted,,M,WCSP (in review),864544,64165-2,"Pflanzenr.","IV, 127: 224","","1938"
kew-2734244,A,Connaraceae,,Connarus,,"culionensis",,"","Merr.",Accepted,,M,WCSP (in review),864546,264326-1,"Philipp. J. Sci., C","4: 120","","1909"
kew-2734245,A,Connaraceae,,Connarus,,"culionensis",var.,"stellatus","(Merr.) Leenh.",Accepted,,L,WCSP (in review),864547,,"in Fl. Males.","5: 533","","1958"
kew-2734246,A,Connaraceae,,Connarus,,"cuneifolius",,"","Baker",Accepted,,M,WCSP (in review),864548,264327-1,"Fl. Bras.","14(2): 194","","1871"
kew-2734250,A,Connaraceae,,Connarus,,"densiflorus",,"","Merr.",Unresolved,,L,WCSP (in review),864552,264330-1,"Philipp. J. Sci., C","13: 70","","1918"
kew-2734251,A,Connaraceae,,Connarus,,"detersoides",,"","Schellenb.",Accepted,,M,WCSP (in review),864553,64167-2,"Candollea","2: 118","","1925"
kew-2734252,A,Connaraceae,,Connarus,,"detersus",,"","Planch.",Accepted,,M,WCSP (in review),864554,264332-1,"Linnaea","23: 435","","1850"
kew-2734257,A,Connaraceae,,Connarus,,"ecuadorensis",,"","Schellenb.",Accepted,,M,WCSP (in review),864559,64168-2,"Pflanzenr.","IV, 127: 238","","1938"
tro-50300878,A,Connaraceae,,Connarus,,"ellipticus",,"","(Zoll.) G. Schellenb.",Accepted,,M,TRO,50300878,,"Pflanzenr.","IV. 127(Heft 103): 274","274","1938"
kew-2734260,A,Connaraceae,,Connarus,,"elsae",,"","Forero",Accepted,,M,WCSP (in review),864562,64169-2,"Ann. Missouri Bot. Gard.","68: 220","","1981"
kew-2734261,A,Connaraceae,,Connarus,,"englerianus",,"","Gilg",Unresolved,,L,WCSP (in review),864563,,"Bot. Jahrb. Syst.","14: 316","","1892"
tro-8400019,A,Connaraceae,,Connarus,,"equatorensis",,"","Schltr.",Unresolved,,L,TRO,8400019,,"","","",""
kew-2734262,A,Connaraceae,,Connarus,,"erianthus",,"","Benth. ex Baker",Accepted,,M,WCSP (in review),864564,264341-1,"Fl. Bras.","14(2): 191","","1871"
kew-2734266,A,Connaraceae,,Connarus,,"euphlebius",,"","Merr.",Accepted,,M,WCSP (in review),864568,264343-1,"J. Straits Branch Roy. Asiat. Soc.","85: 200","","1922"
kew-2734270,A,Connaraceae,,Connarus,,"fasciculatus",,"","(DC.) Planch.",Accepted,,M,WCSP (in review),864572,264345-1,"Linnaea","23: 432","","1850"
kew-2734271,A,Connaraceae,,Connarus,,"fasciculatus",subsp.,"pachyneurus","(Radlk.) Forero",Accepted,,L,WCSP (in review),864573,921967-1,"Fl. Neotrop. Monogr.","36: 54","","1983"
kew-2734272,A,Connaraceae,,Connarus,,"favosus",,"","Planch.",Accepted,,M,WCSP (in review),864574,264346-1,"Linnaea","23: 434","","1850"
kew-2734274,A,Connaraceae,,Connarus,,"fernandesianus",,"","Exell & Mendonça",Unresolved,,L,WCSP (in review),864576,264348-1,"Bol. Soc. Brot.","II, 26: 234","","1952"
kew-2734275,A,Connaraceae,,Connarus,,"ferrugineus",,"","Jack",Accepted,,M,WCSP (in review),864577,264349-1,"Malayan Misc.","2(7): 37","","1822"
kew-2734287,A,Connaraceae,,Connarus,,"gabonensis",,"","Lemmens",Accepted,,M,WCSP (in review),864589,938313-1,"Agric. Univ. Wageningen Pap.","89(6): 250","","1989"
kew-2734291,A,Connaraceae,,Connarus,,"gilgianus",,"","Pilg.",Unresolved,,L,WCSP (in review),864593,64174-2,"Bot. Jahrb. Syst.","30: 154","","1901"
kew-2734294,A,Connaraceae,,Connarus,,"grandifolius",,"","Planch.",Accepted,,M,WCSP (in review),864596,316365-2,"Linnaea","23: 432","","1850"
kew-2734295,A,Connaraceae,,Connarus,,"grandis",,"","Jack",Accepted,,M,WCSP (in review),864597,264368-1,"Malayan Misc.","2(7): 40","","1822"
kew-2734297,A,Connaraceae,,Connarus,,"griffonianus",,"","Baill.",Accepted,,L,WCSP (in review),864599,264370-1,"Adansonia","7: 235","","1866"
kew-2734298,A,Connaraceae,,Connarus,,"guggenheimii",,"","Forero",Accepted,,M,WCSP (in review),864600,64175-2,"Caldasia","13: 3","","1980"
kew-2734306,A,Connaraceae,,Connarus,,"igneus",,"","Wall.",Unresolved,Invalid,L,WCSP (in review),864608,,"Numer. List","8528","","1847"
kew-2734307,A,Connaraceae,,Connarus,,"impressinervis",,"","B.C.Stone",Accepted,,M,WCSP (in review),864609,264380-1,"Malaysian Forester","43: 255","","1980"
kew-2734308,A,Connaraceae,,Connarus,,"incomptus",,"","Planch.",Accepted,,M,WCSP (in review),864610,264381-1,"Linnaea","23: 433","","1850"
kew-2734310,A,Connaraceae,,Connarus,,"incurvatus",,"","Schellenb.",Unresolved,,L,WCSP (in review),864612,264382-1,"Bot. Jahrb. Syst.","58: 228","","1923"
kew-2734312,A,Connaraceae,,Connarus,,"jaramilloi",,"","Forero",Accepted,,M,WCSP (in review),864614,64178-2,"Caldasia","13: 5","","1980"
kew-2734313,A,Connaraceae,,Connarus,,"javanicus",,"","Blume",Unresolved,,L,WCSP (in review),864615,264386-1,"Bijdr.","1166","","1826"
kew-2734314,A,Connaraceae,,Connarus,,"juglandifolius",,"","Hook. & Arn.",Unresolved,,L,WCSP (in review),864616,264387-1,"Bot. Beechey Voy.","179","","1833"
kew-2734316,A,Connaraceae,,Connarus,,"kingii",,"","Schellenb.",Accepted,,M,WCSP (in review),864618,264389-1,"Candollea","2: 96","","1925"
kew-2734319,A,Connaraceae,,Connarus,,"lambertii",,"","(DC.) Britton",Accepted,,M,WCSP (in review),864621,64181-2,"N. Amer. Fl.","22: 234","","1908"
kew-2734320,A,Connaraceae,,Connarus,,"lamii",,"","Leenh.",Accepted,,M,WCSP (in review),864622,264393-1,"Blumea, Suppl.","4: 106","","1958"
kew-2734322,A,Connaraceae,,Connarus,,"latifolius",,"","Wall. ex Planch.",Accepted,,M,WCSP (in review),864624,,"Linnaea","23: 427","","1850"
kew-2734324,A,Connaraceae,,Connarus,,"lentiginosus",,"","Brandegee",Accepted,,M,WCSP (in review),864626,64183-2,"Univ. Calif. Publ. Bot.","6: 186","","1915"
kew-2734327,A,Connaraceae,,Connarus,,"longipetalus",,"","Gagnep.",Accepted,,M,WCSP (in review),864629,264399-1,"Bull. Soc. Bot. France","99: 29","","1952"
kew-2734328,A,Connaraceae,,Connarus,,"longistipitatus",,"","Gilg",Accepted,,M,WCSP (in review),864630,264400-1,"Pflanzenw. Ost-Afrikas","C: 191","","1895"
kew-2734329,A,Connaraceae,,Connarus,,"lucens",,"","Schellenb.",Accepted,,M,WCSP (in review),864631,264401-1,"Bot. Jahrb. Syst.","59(131): 36","","1924"
kew-2734330,A,Connaraceae,,Connarus,,"lucidus",,"","Jack",Unresolved,,L,WCSP (in review),864632,264403-1,"Malayan Misc.","2(7): 41","","1822"
kew-2734331,A,Connaraceae,,Connarus,,"lucidus",,"","Hassk.",Unresolved,,L,WCSP (in review),864633,264404-1,"Tijdschr. Natuurl. Gesch. Physiol.","10: 144","","1843"
kew-2734339,A,Connaraceae,,Connarus,,"marginatus",,"","Planch.",Accepted,,M,WCSP (in review),864641,264412-1,"Linnaea","23: 429","","1850"
kew-2734340,A,Connaraceae,,Connarus,,"marlenei",,"","Forero",Accepted,,M,WCSP (in review),864642,64186-2,"Brittonia","32: 35","","1980"
kew-2734341,A,Connaraceae,,Connarus,,"martii",,"","Schellenb.",Accepted,,M,WCSP (in review),864643,64187-2,"Candollea","2: 116","","1925"
kew-2734342,A,Connaraceae,,Connarus,,"megacarpus",,"","S.F.Blake",Accepted,,M,WCSP (in review),864644,64188-2,"Bull. Torrey Bot. Club","50: 273","","1923"
kew-2734350,A,Connaraceae,,Connarus,,"monocarpus",,"","L.",Accepted,,M,WCSP (in review),864652,,"Sp. Pl.","675","","1753"
kew-2734351,A,Connaraceae,,Connarus,,"monocarpus",,"","Wight & Arn.",Unresolved,,L,WCSP (in review),864653,,"Prodr. Fl. Ind. Orient.","143","","1834"
kew-2734352,A,Connaraceae,,Connarus,,"monocarpus",subsp.,"malayensis","Leenh.",Accepted,,L,WCSP (in review),864654,,"in Fl. Males.","5: 538","","1958"
kew-2734358,A,Connaraceae,,Connarus,,"nervatus",,"","Cuatrec.",Accepted,,M,WCSP (in review),864660,64192-2,"Fieldiana, Bot.","27: 100","","1951"
kew-2734360,A,Connaraceae,,Connarus,,"nicobaricus",,"","King",Accepted,,M,WCSP (in review),864662,264435-1,"J. Asiat. Soc. Bengal, Pt. 2, Nat. Hist.","66: 6","","1897"
kew-2734364,A,Connaraceae,,Connarus,,"nodosus",,"","Baker",Accepted,,M,WCSP (in review),864666,264440-1,"Fl. Bras.","14(2): 190","","1871"
kew-2734365,A,Connaraceae,,Connarus,,"obliquus",,"","C.Presl",Unresolved,,L,WCSP (in review),864667,264441-1,"Ann. Bot. Syst.","3: 844","","1852"
kew-2734367,A,Connaraceae,,Connarus,,"oblongus",,"","G.Schellenb.",Accepted,,M,WCSP (in review),864669,64193-2,"Pflanzenr.","IV, 127: 250","","1938"
kew-2734371,A,Connaraceae,,Connarus,,"odoratus",,"","Hook.f.",Accepted,,M,WCSP (in review),864673,,"Trans. Linn. Soc. London","23: 172","","1862"
kew-2734376,A,Connaraceae,,Connarus,,"ovatifolius",,"","(Mart. ex Baker) Schellenb.",Accepted,,M,WCSP (in review),864678,64195-2,"Pflanzenr.","IV, 127: 243","","1938"
kew-2734380,A,Connaraceae,,Connarus,,"panamensis",,"","Griseb.",Accepted,,M,WCSP (in review),864682,264457-1,"Bonplandia (Hannover)","6: 6","","1858"
kew-2734382,A,Connaraceae,,Connarus,,"paniculatus",,"","Roxb.",Accepted,,M,WCSP (in review),864684,264459-1,"Fl. Ind. ed. 1832","3: 139","","1832"
kew-2734384,A,Connaraceae,,Connarus,,"parameswaranii",,"","Ramam. & Rajan",Accepted,,M,WCSP (in review),864686,,"J. Bombay Nat. Hist. Soc.","85: 390","","1988"
kew-2734385,A,Connaraceae,,Connarus,,"patrisii",,"","(DC.) Planch.",Accepted,,M,WCSP (in review),864687,264460-1,"Linnaea","23: 432","","1850"
kew-2734386,A,Connaraceae,,Connarus,,"peekelii",,"","Schellenb.",Unresolved,,L,WCSP (in review),864688,264461-1,"Bot. Jahrb. Syst.","58: 180","","1923"
kew-2734387,A,Connaraceae,,Connarus,,"peltatus",,"","Forman",Accepted,,M,WCSP (in review),864689,994500-1,"Checklist Fl. Pl. Gymn. Brunei","435","","1996 publ. 1997"
kew-2734392,A,Connaraceae,,Connarus,,"perrottetii",,"","(DC.) Planch.",Accepted,,M,WCSP (in review),864694,264466-1,"Linnaea","23: 432","","1850"
kew-2734393,A,Connaraceae,,Connarus,,"perrottetii",var.,"angustifolius","Radlk.",Accepted,,L,WCSP (in review),864695,64198-2,"Sitzungsber. Math.-Phys. Cl. Königl. Bayer. Akad. Wiss. München","20: 194","","1890"
kew-2734395,A,Connaraceae,,Connarus,,"perturbatus",,"","Forero",Accepted,,M,WCSP (in review),864697,64200-2,"Caldasia","13: 7","","1980"
kew-2734396,A,Connaraceae,,Connarus,,"pickeringii",,"","A.Gray",Accepted,,M,WCSP (in review),864698,264468-1,"U.S. Expl. Exped., Phan.","1: 375","","1854"
kew-2734397,A,Connaraceae,,Connarus,,"pinnatus",,"","Lam.",Unresolved,,L,WCSP (in review),864699,264470-1,"Encycl.","2: 95","","1786"
kew-2734399,A,Connaraceae,,Connarus,,"planchonianus",,"","Schellenb.",Accepted,,M,WCSP (in review),864701,264471-1,"Bull. Misc. Inform. Kew","1927: 375","","1927"
kew-2734401,A,Connaraceae,,Connarus,,"poilanei",,"","Gagnep.",Accepted,,M,WCSP (in review),864703,264473-1,"Bull. Soc. Bot. France","99: 29","","1952"
kew-2734403,A,Connaraceae,,Connarus,,"polyphyllus",,"","Miq.",Unresolved,,L,WCSP (in review),864705,264475-1,"Fl. Ned. Ind., Eerste Bijv.","529","","1861"
kew-2734404,A,Connaraceae,,Connarus,,"popenoei",,"","Standl.",Accepted,,M,WCSP (in review),864706,64201-2,"Publ. Field Mus. Nat. Hist., Bot. Ser.","4: 307","","1929"
kew-2734405,A,Connaraceae,,Connarus,,"portosegurensis",,"","Forero",Accepted,,M,WCSP (in review),864707,64202-2,"Brittonia","32: 36","","1980"
kew-2734411,A,Connaraceae,,Connarus,,"punctatus",,"","Planch.",Accepted,,M,WCSP (in review),864713,264483-1,"Linnaea","23: 432","","1850"
tro-8400045,A,Connaraceae,,Connarus,,"purusanus",,"","Huber",Unresolved,,L,TRO,8400045,,"","","",""
kew-2734415,A,Connaraceae,,Connarus,,"regnellii",,"","Schellenb.",Accepted,,M,WCSP (in review),864717,64205-2,"Candollea","2: 114","","1925"
kew-2734416,A,Connaraceae,,Connarus,,"renteriae",,"","Carbonó, Forero & L.A.Vidal",Accepted,,M,WCSP (in review),864718,903934-1,"Revista Brasil. Bot.","7: 67","","1984"
kew-2734417,A,Connaraceae,,Connarus,,"reticulatus",,"","Griseb.",Accepted,,M,WCSP (in review),864719,264488-1,"Cat. Pl. Cub.","84","","1866"
kew-2734419,A,Connaraceae,,Connarus,,"rigidus",,"","Forero",Accepted,,M,WCSP (in review),864721,64206-2,"Brittonia","32: 38","","1980"
kew-2734422,A,Connaraceae,,Connarus,,"rostratus",,"","(Vell.) L.B.Sm.",Accepted,,L,WCSP (in review),864724,64207-2,"J. Wash. Acad. Sci.","45: 197","","1955"
kew-2734424,A,Connaraceae,,Connarus,,"ruber",,"","(Poepp.) Planch.",Accepted,,M,WCSP (in review),864726,264496-1,"Linnaea","23: 436","","1850"
kew-2734425,A,Connaraceae,,Connarus,,"ruber",var.,"acutissimus","(Schellenb.) Forero",Accepted,,L,WCSP (in review),864727,921968-1,"Fl. Neotrop. Monogr.","35: 115","","1983"
kew-2734426,A,Connaraceae,,Connarus,,"ruber",var.,"sprucei","(Baker) Forero",Accepted,,L,WCSP (in review),864728,921969-1,"Fl. Neotrop. Monogr.","36: 116","","1983"
kew-2734428,A,Connaraceae,,Connarus,,"rugosus",,"","Wall.",Unresolved,Invalid,L,WCSP (in review),864730,,"Numer. List","8527","","1847"
kew-2734430,A,Connaraceae,,Connarus,,"salomoniensis",,"","Schellenb.",Accepted,,M,WCSP (in review),864732,,"Pflanzenr.","IV, 127: 260","","1938"
kew-2734436,A,Connaraceae,,Connarus,,"schultesii",,"","Standl. ex R.E.Schult.",Accepted,,M,WCSP (in review),864738,64211-2,"Bot. Mus. Leafl.","9: 173","","1941"
kew-2734438,A,Connaraceae,,Connarus,,"sclerocarpus",,"","(Wight & Arn.) Schellenb.",Accepted,,M,WCSP (in review),864740,264509-1,"Candollea","2: 98","","1925"
kew-2734439,A,Connaraceae,,Connarus,,"semidecandrus",,"","Jack",Accepted,,M,WCSP (in review),864741,264510-1,"Malayan Misc.","2(7): 39","","1822"
kew-2734441,A,Connaraceae,,Connarus,,"silvanensis",,"","Cuatrec.",Accepted,,M,WCSP (in review),864743,64212-2,"Fieldiana, Bot.","27: 102","","1951"
kew-2734443,A,Connaraceae,,Connarus,,"smeathmannii",,"","(DC.) Planch.",Unresolved,,L,WCSP (in review),864745,264513-1,"Linnaea","23: 436","","1850"
kew-2734446,A,Connaraceae,,Connarus,,"staudtii",,"","Gilg",Accepted,,M,WCSP (in review),864748,264517-1,"Bot. Jahrb. Syst.","23: 208","","1896"
kew-2734448,A,Connaraceae,,Connarus,,"stenophyllus",,"","Standl. & L.O.Williams ex A.Molina",Accepted,,M,WCSP (in review),864750,,"Ceiba","14: 2","","1968"
kew-2734449,A,Connaraceae,,Connarus,,"steyermarkii",,"","Prance",Accepted,,M,WCSP (in review),864751,64215-2,"Mem. New York Bot. Gard.","15: 129","","1966"
kew-2734451,A,Connaraceae,,Connarus,,"striatus",,"","Nimmo",Unresolved,,L,WCSP (in review),864753,1004079-1,"Cat. Pl. Bombay","247","","1839"
kew-2734452,A,Connaraceae,,Connarus,,"strictinervis",,"","Schellenb.",Unresolved,,L,WCSP (in review),864754,264522-1,"Candollea","2: 100","","1925"
kew-2734454,A,Connaraceae,,Connarus,,"suberosus",,"","Planch.",Accepted,,M,WCSP (in review),864756,264524-1,"Linnaea","23: 433","","1850"
kew-2734456,A,Connaraceae,,Connarus,,"subfoveolatus",,"","Merr.",Accepted,,M,WCSP (in review),864758,264525-1,"Philipp. J. Sci., C","13: 15","","1918"
kew-2734457,A,Connaraceae,,Connarus,,"subinaequifolius",var.,"sericeus","Leenh.",Unresolved,,L,WCSP (in review),864759,,"in Fl. Males.","5: 530","","1958"
kew-2734458,A,Connaraceae,,Connarus,,"subinequifolius",,"","Elmer",Accepted,,M,WCSP (in review),864760,264526-1,"Leafl. Philipp. Bot.","1: 297","","1908"
kew-2734459,A,Connaraceae,,Connarus,,"subpeltatus",,"","Schellenb.",Accepted,,M,WCSP (in review),864761,64217-2,"Candollea","2: 111","","1925"
kew-2734460,A,Connaraceae,,Connarus,,"subsericeus",,"","Schellenb.",Unresolved,,L,WCSP (in review),864762,264528-1,"Bot. Jahrb. Syst.","58: 237","","1923"
kew-2734462,A,Connaraceae,,Connarus,,"thonningii",,"","(DC.) Schellenb.",Accepted,,M,WCSP (in review),864764,264531-1,"Veg. Erde","9(III 1): 316","","1915"
kew-2734464,A,Connaraceae,,Connarus,,"touranensis",,"","Gagnep.",Accepted,,M,WCSP (in review),864766,264533-1,"Bull. Soc. Bot. France","99: 30","","1952"
kew-2734466,A,Connaraceae,,Connarus,,"tricarpus",,"","Kuntze",Unresolved,,L,WCSP (in review),864768,64218-2,"Revis. Gen. Pl.","3(2): 47","","1898"
tro-50300832,A,Connaraceae,,Connarus,,"trichobolus",,"","G. Schellenb.",Unresolved,,L,TRO,50300832,,"Beitr. Anat. Syst. Connar.","75","75","1910"
kew-2734469,A,Connaraceae,,Connarus,,"turczaninowii",,"","Triana & Planch.",Accepted,,M,WCSP (in review),864771,64219-2,"Ann. Sci. Nat., Bot.","V, 16: 364","","1872"
kew-2734473,A,Connaraceae,,Connarus,,"venezuelanus",,"","Baill.",Accepted,,M,WCSP (in review),864775,264543-1,"Adansonia","9: 151","","1869"
kew-2734475,A,Connaraceae,,Connarus,,"venezuelanus",var.,"orinocensis","Forero",Accepted,,L,WCSP (in review),864777,878567-1,"Brittonia","32: 41","","1980"
kew-2734479,A,Connaraceae,,Connarus,,"villosus",,"","Jack",Accepted,,M,WCSP (in review),864781,264547-1,"Malayan Misc.","2(7): 38","","1822"
kew-2604032,A,Connaraceae,,Connarus,,"vulcanicus",,"","J.F.Morales",Accepted,,M,WCSP (in review),737265,60445918-2,"Rodriguésia","58: 45","","2007"
kew-2734483,A,Connaraceae,,Connarus,,"whitfordii",,"","Merr.",Accepted,,M,WCSP (in review),864785,264551-1,"Philipp. J. Sci., C","4: 123","","1909"
kew-2734484,A,Connaraceae,,Connarus,,"wightii",,"","Hook.f.",Accepted,,M,WCSP (in review),864786,264552-1,"Fl. Brit. India","2: 51","","1876"
kew-2734485,A,Connaraceae,,Connarus,,"williamsii",,"","Britton",Accepted,,M,WCSP (in review),864787,64220-2,"N. Amer. Fl.","22: 560","","1918"
kew-2734486,A,Connaraceae,,Connarus,,"williamsii",var.,"allenii","(Steyerm.) Forero",Accepted,,L,WCSP (in review),864788,921971-1,"Fl. Neotrop. Monogr.","36: 129","","1983"
kew-2734487,A,Connaraceae,,Connarus,,"winkleri",,"","Schellenb.",Accepted,,M,WCSP (in review),864789,264554-1,"Bot. Jahrb. Syst.","59(131): 38","","1924"
kew-2734489,A,Connaraceae,,Connarus,,"wurdackii",,"","Prance",Accepted,,M,WCSP (in review),864791,64222-2,"Brittonia","23: 443","","1971"
kew-2734490,A,Connaraceae,,Connarus,,"xylocarpus",,"","L.A.Vidal, Carbonó & Forero",Accepted,,M,WCSP (in review),864792,274857-2,"Revista Brasil. Bot.","7: 68","","1984"
kew-2734491,A,Connaraceae,,Connarus,,"yunnanensis",,"","Schellenb.",Accepted,,M,WCSP (in review),864793,,"Pflanzenr.","IV, 127: 228","","1938"
kew-2752428,A,Connaraceae,,Cynotoxicum,,"dispermum",,"","Vell.",Unresolved,,L,WCSP (in review),882181,264557-1,"Fl. Flumin.","198","","1829"
kew-2752429,A,Connaraceae,,Cynotoxicum,,"monospermum",,"","Vell.",Unresolved,,L,WCSP (in review),882182,264558-1,"Fl. Flumin.","198","","1829"
kew-2752430,A,Connaraceae,,Cynotoxicum,,"suffruticosum",,"","Vell.",Unresolved,,L,WCSP (in review),882183,264559-1,"Fl. Flumin.","198","","1829"
kew-2784889,A,Connaraceae,,Eichleria,,"lucida",,"","Progel",Unresolved,,L,WCSP (in review),912874,663079-1,"Fl. Bras.","12(2): 518","","1877"
kew-2787645,A,Connaraceae,,Ellipanthus,,"beccarii",,"","Pierre",Accepted,,M,WCSP (in review),915622,264561-1,"Fl. Forest. Cochinch.","t. 378","","1898"
kew-2787648,A,Connaraceae,,Ellipanthus,,"calophyllus",,"","Kurz",Accepted,,M,WCSP (in review),915625,264563-1,"J. Asiat. Soc. Bengal, Pt. 2, Nat. Hist.","41(2): 305","","1872"
kew-2787652,A,Connaraceae,,Ellipanthus,,"glabrifolius",,"","Merr.",Accepted,,M,WCSP (in review),915629,264567-1,"Philipp. J. Sci.","23: 246","","1923"
kew-2787655,A,Connaraceae,,Ellipanthus,,"hemandradenioides",,"","Brenan",Accepted,,M,WCSP (in review),915632,264571-1,"Hooker's Icon. Pl.","35: t. 3452","","1947"
kew-2787659,A,Connaraceae,,Ellipanthus,,"madagascariensis",,"","(Schellenb.) Capuron ex Keraudren",Accepted,,M,WCSP (in review),915636,,"in Fl. Madag.","97: 2","","1958"
kew-2903876,A,Connaraceae,,Ellipanthus,,"razanatsimae",,"","Randrian. & Lowry",Accepted,,M,WCSP (in review),1026334,,"Adansonia","III, 32: 230","","2010"
kew-2787665,A,Connaraceae,,Ellipanthus,,"scortechinii",,"","King",Unresolved,,L,WCSP (in review),915642,264580-1,"J. Asiat. Soc. Bengal, Pt. 2, Nat. Hist.","66: 8","","1897"
kew-2787668,A,Connaraceae,,Ellipanthus,,"tomentosus",,"","Kurz",Accepted,,M,WCSP (in review),915645,264583-1,"J. Asiat. Soc. Bengal, Pt. 2, Nat. Hist.","41(2): 305","","1872"
kew-2787670,A,Connaraceae,,Ellipanthus,,"tomentosus",var.,"kingii","(Boerl. & Koord.) Leenh.",Accepted,,L,WCSP (in review),915647,,"in Fl. Males.","5: 524","","1958"
tro-50300028,A,Connaraceae,,Ellipanthus,,"unifoliatus",,"","(Thwaites) Thwaites",Accepted,,M,TRO,50300028,,"Enum. Pl. Zeyl.","410","410","1864"
kew-2787672,A,Connaraceae,,Ellipanthus,,"unifoliolatus",,"","(Thwaites Thwaites) Thwaites",Accepted,,M,WCSP (in review),915649,,"Enum. Pl. Zeyl.","410","","1864"
kew-2844956,A,Connaraceae,,Hemandradenia,,"chevalieri",,"","Stapf",Accepted,,M,WCSP (in review),972197,264592-1,"Bull. Misc. Inform. Kew","1908: 289","","1908"
kew-2844959,A,Connaraceae,,Hemandradenia,,"mannii",,"","Stapf",Accepted,,M,WCSP (in review),972200,264595-1,"Bull. Misc. Inform. Kew","1908: 288","","1908"
tro-50091589,A,Connaraceae,,Jaundea,,"baumannii",,"","(Gilg) G. Schellenb.",Accepted,,M,TRO,50091589,264608-1,"Bot. Jahrb. Syst.","55: 460","460","1919"
kew-2468632,A,Connaraceae,,Jaundea,,"lescrauwaetii",,"","G.Schellenb.",Unresolved,,L,WCSP (in review),605853,,"Pl. Bequaert.","4: 546","","1929"
tro-50299947,A,Connaraceae,,Jaundea,,"leskrauwaetii",,"","(De Wild.) G. Schellenb.",Accepted,,M,TRO,50299947,264610-1,"Bot. Jahrb. Syst.","4: 461","461","1919"
kew-2332830,A,Connaraceae,,Jaundea,,"monticola",,"","(Gilg) G.Schellenb.",Unresolved,,L,WCSP (in review),472679,264611-1,"Bot. Jahrb. Syst.","55: 461","","1919"
tro-50299951,A,Connaraceae,,Jaundea,,"oddonii",,"","(De Wild.) G. Schellenb.",Accepted,,M,TRO,50299951,264612-1,"Bot. Jahrb. Syst.","4: 461","461","1919"
tro-50299953,A,Connaraceae,,Jaundea,,"pseudobaccata",,"","(Gilg) G. Schellenb.",Accepted,,M,TRO,50299953,264614-1,"Bot. Jahrb. Syst.","4: 462","462","1919"
kew-2332838,A,Connaraceae,,Jollydora,,"cinnabarina",,"","Gilg ex G.Schellenb.",Unresolved,,L,WCSP (in review),472687,264618-1,"Mitt. Bot. Mus. Univ. Zürich","50: 71","","1910"
kew-2332839,A,Connaraceae,,Jollydora,,"duparquetiana",,"","(Baill.) Pierre",Accepted,,M,WCSP (in review),472688,264619-1,"Bull. Mens. Soc. Linn. Paris","2: 1233","","1896"
kew-2332840,A,Connaraceae,,Jollydora,,"elimaboura",,"","Pierre ex Gilg",Unresolved,,L,WCSP (in review),472689,264620-1,"Bot. Jahrb. Syst.","23: 218","","1896"
kew-2332841,A,Connaraceae,,Jollydora,,"gigantophylla",,"","Gilg ex G.Schellenb.",Unresolved,,L,WCSP (in review),472690,264621-1,"Mitt. Bot. Mus. Univ. Zürich","50: 71","","1910"
tro-50092012,A,Connaraceae,,Jollydora,,"glandulosa",,"","G. Schellenb.",Accepted,,M,TRO,50092012,264622-1,"Bot. Jahrb. Syst.","55: 455","455","1919"
kew-2332843,A,Connaraceae,,Jollydora,,"pedunculosa",,"","Mildbr.",Unresolved,,L,WCSP (in review),472692,264623-1,"Notizbl. Bot. Gart. Berlin-Dahlem","10: 971","","1930"
tro-8400213,A,Connaraceae,,Jollydora,,"pierrei",,"","Gilg",Accepted,,M,TRO,8400213,264624-1,"Bot. Jahrb. Syst.","23: 218","218","1896"
kew-2332819,A,Connaraceae,,Jollydora,,"rufiobarbata",,"","Gilg ex G.Schellenb.",Unresolved,,L,WCSP (in review),472668,264625-1,"Mitt. Bot. Mus. Univ. Zürich","50: 71","","1910"
kew-2372692,A,Connaraceae,,Manotes,,"altiscandens",,"","Gilg ex G.Schellenb.",Unresolved,,L,WCSP (in review),511610,,"Pflanzenr.","IV, 127: 57","","1938"
kew-2372684,A,Connaraceae,,Manotes,,"aschersoniana",,"","Gilg",Unresolved,,L,WCSP (in review),511602,264627-1,"Bot. Jahrb. Syst.","14: 334","","1891"
kew-2372677,A,Connaraceae,,Manotes,,"asiatica",,"","Gagnep.",Unresolved,,L,WCSP (in review),511598,264628-1,"Bull. Soc. Bot. France","98: 207","","1952"
kew-2371209,A,Connaraceae,,Manotes,,"brevistyla",,"","Gilg",Unresolved,,L,WCSP (in review),510457,264629-1,"Bot. Jahrb. Syst.","14: 334","","1891"
kew-2371154,A,Connaraceae,,Manotes,,"cabrae",,"","De Wild. & T.Durand",Unresolved,,L,WCSP (in review),510402,264630-1,"Bull. Soc. Roy. Bot. Belgique","Compt. Rend. 39: 62","","1900"
kew-2371155,A,Connaraceae,,Manotes,,"expansa",,"","Sol. ex Planch.",Accepted,,M,WCSP (in review),510403,264631-1,"Linnaea","23: 439","","1850"
kew-2371156,A,Connaraceae,,Manotes,,"griffoniana",,"","Baill.",Accepted,,M,WCSP (in review),510404,264632-1,"Adansonia","7: 244","","1867"
kew-2371157,A,Connaraceae,,Manotes,,"laurentii",,"","De Wild.",Unresolved,,L,WCSP (in review),510405,264633-1,"Miss. Ém. Laurent","90","","1905"
kew-2371158,A,Connaraceae,,Manotes,,"leptothyrsa",,"","Gilg ex G.Schellenb.",Unresolved,,L,WCSP (in review),510406,264634-1,"Mitt. Bot. Mus. Univ. Zürich","50: 20","","1910"
tro-50300039,A,Connaraceae,,Manotes,,"lomamiensis",,"","Troupin",Accepted,,M,TRO,50300039,264635-1,"Bull. Jard. Bot. État Brux.","21: 366","366","1951"
tro-8400323,A,Connaraceae,,Manotes,,"macrantha",,"","(Gilg) G. Schellenb.",Accepted,,L,TRO,8400323,,"Mitt. Bot. Mus. Univ. Zürich","50: 21","21","1910"
kew-2371153,A,Connaraceae,,Manotes,,"macrophylla",,"","Hiern",Unresolved,,L,WCSP (in review),510401,264638-1,"Cat. Afr. Pl.","1: 190","","1896"
kew-2371163,A,Connaraceae,,Manotes,,"moandensis",,"","De Wild.",Unresolved,,L,WCSP (in review),510411,264639-1,"Ann. Mus. Congo Belge, Bot.","V, 3: 105","","1909"
kew-2371167,A,Connaraceae,,Manotes,,"rosea",,"","G.Schellenb.",Unresolved,,L,WCSP (in review),510415,264643-1,"Bot. Jahrb. Syst.","55: 445","","1919"
tro-8400218,A,Connaraceae,,Manotes,,"sanguineo-arillata",,"","Gilg",Accepted,,M,TRO,8400218,,"","","",""
tro-50300041,A,Connaraceae,,Manotes,,"soyauxii",,"","G. Schellenb.",Accepted,,M,TRO,50300041,264646-1,"Bot. Jahrb. Syst.","55: 446","446","1919"
kew-2371141,A,Connaraceae,,Manotes,,"tessmannii",,"","G.Schellenb.",Unresolved,,L,WCSP (in review),510389,264648-1,"Bot. Jahrb. Syst.","55: 443","","1919"
kew-2371142,A,Connaraceae,,Manotes,,"tomentosa",,"","Gilg",Unresolved,,L,WCSP (in review),510390,264649-1,"Bot. Jahrb. Syst.","14: 332","","1891"
tro-8400219,A,Connaraceae,,Manotes,,"zenkeri",,"","Gilg ex G. Schellenb.",Accepted,,M,TRO,8400219,264651-1,"Bot. Jahrb. Syst.","55: 444","444","1919"
kew-2387128,A,Connaraceae,,Omphalobium,,"lucidum",,"","Klotzsch",Unresolved,,L,WCSP (in review),525802,264662-1,"Reis. Br.-Guiana","3: 1188","","1849"
kew-2387126,A,Connaraceae,,Omphalobium,,"micranthum",,"","Klotzsch",Unresolved,,L,WCSP (in review),525800,264664-1,"Reis. Br.-Guiana","3: 1189","","1849"
kew-2387123,A,Connaraceae,,Omphalobium,,"opacum",,"","Klotzsch",Unresolved,,L,WCSP (in review),525797,264667-1,"Reis. Br.-Guiana","3: 1188","","1849"
kew-2387122,A,Connaraceae,,Omphalobium,,"ovatifolium",,"","Mart.",Unresolved,,L,WCSP (in review),525796,,"Herb. Fl. Bras.","1266","","1842"
kew-2387167,A,Connaraceae,,Omphalobium,,"scandens",,"","Bojer",Unresolved,,L,WCSP (in review),525834,264675-1,"Hortus Maurit.","84","","1837"
tro-13047698,A,Connaraceae,,Omphalobium,,"schotia",,"","Jacq. ex DC.",Unresolved,,L,TRO,13047698,,"Prodr.","2: 508","508","1825"
tro-13047699,A,Connaraceae,,Omphalobium,,"schotia",,"","Jacq.",Unresolved,,L,TRO,13047699,,"Ecl. Pl. Rar.","2: 6, pl. 126","6","1844"
tro-8400220,A,Connaraceae,,Paxia,,"calophylloides",,"","G. Schellenb.",Accepted,,M,TRO,8400220,264683-1,"Pflanzenr.","115","115","1938"
kew-2411116,A,Connaraceae,,Paxia,,"cinnabarina",,"","G.Schellenb.",Unresolved,,L,WCSP (in review),549504,264684-1,"Bot. Jahrb. Syst.","55: 449","","1919"
kew-2411115,A,Connaraceae,,Paxia,,"dewevrei",,"","De Wild. & T.Durand",Unresolved,,L,WCSP (in review),549503,264685-1,"Bull. Soc. Roy. Bot. Belgique","Compt. Rend. 38: 83","","1899"
kew-2411114,A,Connaraceae,,Paxia,,"klainiana",,"","Pierre ex G.Schellenb.",Unresolved,,L,WCSP (in review),549502,,"Pflanzenr.","IV, 127: 105","","1938"
kew-2411113,A,Connaraceae,,Paxia,,"lancea",,"","G.Schellenb.",Unresolved,,L,WCSP (in review),549501,264687-1,"Bot. Jahrb. Syst.","55: 450","","1919"
tro-50091576,A,Connaraceae,,Paxia,,"liberosepala",,"","(Baker f.) Schellenb. ex Hutch. & Dalziel",Accepted,,M,TRO,50091576,264688-1,"Fl. W. Trop. Afr.","1: 514","514","1928"
kew-2411110,A,Connaraceae,,Paxia,,"scandens",,"","Gilg",Unresolved,,L,WCSP (in review),549498,264690-1,"Bot. Jahrb. Syst.","14: 320","","1891"
kew-2411122,A,Connaraceae,,Paxia,,"soyauxii",,"","(Gilg) Pierre ex G.Schellenb.",Accepted,,M,WCSP (in review),549509,264691-1,"Mitt. Bot. Mus. Univ. Zürich","50: 31","","1910"
tro-8400222,A,Connaraceae,,Paxia,,"soyauxii",,"","Pierre",Unresolved,,L,TRO,8400222,,"","","",""
kew-2411108,A,Connaraceae,,Paxia,,"zenkeri",,"","G.Schellenb.",Unresolved,,L,WCSP (in review),549496,264692-1,"Bot. Jahrb. Syst.","55: 448","","1919"
kew-2411105,A,Connaraceae,,Pseudellipanthus,,"peltatus",,"","G.Schellenb.",Unresolved,,L,WCSP (in review),549493,264694-1,"Bot. Arch.","1: 314","","1922"
tro-8400059,A,Connaraceae,,Pseudoconnarus,,"agelaefolius",,"","Cuatrec.",Accepted,,M,TRO,8400059,,"Fieldiana, Bot.","27(2): 104","104","1951"
tro-8400250,A,Connaraceae,,Pseudoconnarus,,"agelaeoides",,"","(G. Schellenb.) Forero",Accepted,,L,TRO,8400250,913221-1,"Fl. Neotrop.","36: 131","131","1983"
kew-2411102,A,Connaraceae,,Pseudoconnarus,,"agelifolius",,"","Cuatrec.",Unresolved,,L,WCSP (in review),549490,,"Fieldiana, Bot.","27: 104","","1951"
kew-2411100,A,Connaraceae,,Pseudoconnarus,,"huebneri",,"","G.Schellenb.",Unresolved,,L,WCSP (in review),549488,211310-2,"Pflanzenr.","IV, 127: 96","","1938"
kew-2411134,A,Connaraceae,,Pseudoconnarus,,"macrophyllus",,"","(Poepp.) Radlk.",Accepted,,M,WCSP (in review),549521,211312-2,"Bull. Herb. Boissier","II, 1: 891","","1901"
tro-8400256,A,Connaraceae,,Pseudoconnarus,,"rhynchosioides",,"","(Standl.) Prance",Accepted,,M,TRO,8400256,211314-2,"Mem. New York Bot. Gard.","15: 132","132","1966"
kew-2415249,A,Connaraceae,,Pseudoconnarus,,"subtriplinervis",,"","(Radlk.) G.Schellenb.",Accepted,,M,WCSP (in review),553545,211315-2,"Bot. Jahrb. Syst.","56: 29","","1920"
tro-50184828,A,Connaraceae,,Pseudoconnarus,,"tricarpus",,"","Kuntze",Unresolved,,L,TRO,50184828,,"Revis. Gen. Pl.","3(3): 47","47","1898"
tro-8400257,A,Connaraceae,,Rourea,,"accrescens",,"","Forero",Accepted,,M,TRO,8400257,222720-2,"Mem. New York Bot. Gard.","26(1): 74–75, f. 25","74","1976"
tro-8400139,A,Connaraceae,,Rourea,,"adenophora",,"","S.F. Blake",Accepted,,M,TRO,8400139,222721-2,"Bull. Torrey Bot. Club","50(8): 273–274","273","1923"
kew-2415842,A,Connaraceae,,Rourea,,"albidoflavescens",,"","Gilg",Unresolved,,L,WCSP (in review),554123,264712-1,"Bot. Jahrb. Syst.","30: 316","","1901"
kew-2415834,A,Connaraceae,,Rourea,,"amazonica",,"","(Baker) Radlk.",Accepted,,M,WCSP (in review),554115,264713-1,"Sitzungsber. Math.-Phys. Cl. Königl. Bayer. Akad. Wiss. München","16: 375","","1886"
tro-8400064,A,Connaraceae,,Rourea,,"antioquensis",,"","Cuatrec.",Accepted,,M,TRO,8400064,222724-2,"Fieldiana, Bot.","27(2): 103","103","1951"
kew-2415847,A,Connaraceae,,Rourea,,"araguaensis",,"","Forero",Accepted,,M,WCSP (in review),554128,264717-1,"Mem. New York Bot. Gard.","26(1): 82","","1976"
tro-50300070,A,Connaraceae,,Rourea,,"asplenifolia",,"","(G. Schellenb.) Jongkind",Accepted,,M,TRO,50300070,947204-1,"Agric. Univ. Wageningen Pap.","89(6): 366","366","1989"
kew-2415826,A,Connaraceae,,Rourea,,"bahiensis",,"","Forero",Accepted,,M,WCSP (in review),554107,222726-2,"Mem. New York Bot. Gard.","26(1): 103","","1976"
kew-2415843,A,Connaraceae,,Rourea,,"bailloniana",,"","Gilg ex G.Schellenb.",Unresolved,,L,WCSP (in review),554124,264719-1,"Mitt. Bot. Mus. Univ. Zürich","50: 40","","1910"
kew-2415819,A,Connaraceae,,Rourea,,"balansaeana",,"","Baill.",Unresolved,,L,WCSP (in review),554100,264721-1,"Adansonia","11: 309","","1875"
kew-2415823,A,Connaraceae,,Rourea,,"blanchetiana",,"","(Progel) Kuhlm.",Accepted,,M,WCSP (in review),554104,222728-2,"Arq. Inst. Biol. Veg.","1: 40","","1934"
kew-2415833,A,Connaraceae,,Rourea,,"bowiniana",,"","Baill.",Unresolved,,L,WCSP (in review),554114,264726-1,"Adansonia","7: 231","","1867"
kew-2415827,A,Connaraceae,,Rourea,,"buchholzii",,"","Gilg",Unresolved,,L,WCSP (in review),554108,264729-1,"Notizbl. Königl. Bot. Gart. Berlin","1: 67","","1895"
kew-2415828,A,Connaraceae,,Rourea,,"calophylla",,"","(Gilg ex G.Schellenb.) Jongkind",Accepted,,M,WCSP (in review),554109,947200-1,"Agric. Univ. Wageningen Pap.","89(6): 317","","1989"
tro-50300050,A,Connaraceae,,Rourea,,"calophylloides",,"","(G. Schellenb.) Jongkind",Accepted,,M,TRO,50300050,947201-1,"Agric. Univ. Wageningen Pap.","89(6): 319","319","1989"
tro-8400131,A,Connaraceae,,Rourea,,"camptoneura",,"","Radlk.",Accepted,,M,TRO,8400131,222729-2,"Sitzungsber. Math.-Phys. Cl. Königl. Bayer. Akad. Wiss. München","16: 375","375","1886"
tro-50161297,A,Connaraceae,,Rourea,,"carvalhoi",,"","Forero, Carbonó & L.A. Vidal",Accepted,,M,TRO,50161297,905135-1,"Revista Brasil. Bot.","7(1): 72–74, f. 5","72","1984"
kew-2415824,A,Connaraceae,,Rourea,,"cassioides",,"","Hiern",Accepted,,M,WCSP (in review),554105,264732-1,"Cat. Afr. Pl.","1: 187","","1896"
tro-8400356,A,Connaraceae,,Rourea,,"caudata",,"","Planch.",Accepted,,M,TRO,8400356,264733-1,"Linnaea","23: 419","419","1850"
kew-2415868,A,Connaraceae,,Rourea,,"chiliantha",,"","Gilg",Unresolved,,L,WCSP (in review),554149,264734-1,"Bot. Jahrb. Syst.","23: 212","","1896"
kew-2415869,A,Connaraceae,,Rourea,,"chrysomalla",,"","Glaz. & G.Schellenb.",Accepted,,M,WCSP (in review),554150,,"Pflanzenr.","IV, 127: 196","","1938"
kew-2415870,A,Connaraceae,,Rourea,,"claessensii",,"","De Wild.",Unresolved,,L,WCSP (in review),554151,264738-1,"Bull. Jard. Bot. État","3: 258","","1911"
tro-8400066,A,Connaraceae,,Rourea,,"cnestidifolia",,"","G. Schellenb.",Accepted,,M,TRO,8400066,222731-2,"Pflanzenr.","IV. 127(Heft 103): 198","198","1938"
kew-2415872,A,Connaraceae,,Rourea,,"coccinea",,"","(Schumach. & Thonn.) Benth.",Accepted,,M,WCSP (in review),554153,,"Niger Fl.","290","","1849"
tro-8400386,A,Connaraceae,,Rourea,,"coccinea",subsp.,"boiviniana","(Baill.) Jongkind",Accepted,,L,TRO,8400386,955684-1,"Agric. Univ. Wageningen Pap.","89(6): 332–334, f. 156, 159","332","1989"
kew-2415874,A,Connaraceae,,Rourea,,"coccinea",var.,"viridis","(Gilg) Jongkind",Accepted,,L,WCSP (in review),554155,955683-1,"Agric. Univ. Wageningen Pap.","89(6): 328","","1989"
kew-2415867,A,Connaraceae,,Rourea,,"commutata",,"","Planch.",Unresolved,,L,WCSP (in review),554148,264742-1,"Linnaea","23: 420","","1850"
tro-50300072,A,Connaraceae,,Rourea,,"confundens",,"","(Leenh.) Jongkind",Accepted,,M,TRO,50300072,947205-1,"Agric. Univ. Wageningen Pap.","89(6): 366","366","1989"
kew-2415859,A,Connaraceae,,Rourea,,"cuspidata",,"","Benth. ex Baker",Accepted,,M,WCSP (in review),554140,264748-1,"Fl. Bras.","14(2): 181","","1871"
tro-8400260,A,Connaraceae,,Rourea,,"cuspidata",var.,"densiflora","(Steyerm.) Forero",Accepted,,L,TRO,8400260,222734-2,"Mem. New York Bot. Gard.","26(1): 48","48","1976"
tro-8400073,A,Connaraceae,,Rourea,,"discolor",,"","Baker",Accepted,,M,TRO,8400073,264753-1,"Fl. Bras.","14(2): 180","180","1871"
kew-2415866,A,Connaraceae,,Rourea,,"diversifolia",,"","Miq.",Unresolved,,L,WCSP (in review),554147,264754-1,"Fl. Ned. Ind., Eerste Bijv.","528","","1861"
tro-8400074,A,Connaraceae,,Rourea,,"doniana",,"","Baker",Accepted,,M,TRO,8400074,264755-1,"Fl. Bras.","14(2): 179","179","1871"
tro-50114755,A,Connaraceae,,Rourea,,"duckei",,"","Huber",Accepted,,M,TRO,50114755,222740-2,"Bol. Mus. Goeldi Hist. Nat. Ethnogr.","5: 373","373","1909"
kew-2415860,A,Connaraceae,,Rourea,,"ealaensis",,"","De Wild.",Unresolved,,L,WCSP (in review),554141,264757-1,"Ann. Mus. Congo Belge, Bot.","V, 3: 91","","1909"
kew-2415863,A,Connaraceae,,Rourea,,"erythrocalyx",,"","(Gilg ex G.Schellenb.) Jongkind",Accepted,,M,WCSP (in review),554144,947202-1,"Agric. Univ. Wageningen Pap.","89(6): 334","","1989"
kew-2416097,A,Connaraceae,,Rourea,,"florida",,"","Miq.",Unresolved,,L,WCSP (in review),554372,264760-1,"Fl. Ned. Ind., Eerste Bijv.","206","","1861"
tro-50300095,A,Connaraceae,,Rourea,,"fluminensis",,"","(Gardner) Jongkind",Accepted,,L,TRO,50300095,947207-1,"Agric. Univ. Wageningen Pap.","89(6): 367","367","1989"
kew-2416161,A,Connaraceae,,Rourea,,"foenum-graecum",,"","De Wild. & T.Durand",Unresolved,,L,WCSP (in review),554436,264762-1,"Ann. Mus. Congo Belge, Bot.","II, 1(1): 18","","1899"
kew-2416162,A,Connaraceae,,Rourea,,"foreroi",,"","Aymard & P.E.Berry",Accepted,,M,WCSP (in review),554437,994084-1,"Brittonia","48: 580","","1996 publ. 1997"
kew-2416164,A,Connaraceae,,Rourea,,"frutescens",,"","Aubl.",Accepted,,M,WCSP (in review),554439,264764-1,"Hist. Pl. Guiane","467","","1775"
tro-8400075,A,Connaraceae,,Rourea,,"gardneriana",,"","Planch.",Accepted,,M,TRO,8400075,264766-1,"Linnaea","23: 417","417","1850"
kew-2416176,A,Connaraceae,,Rourea,,"glabra",,"","Kunth",Accepted,,M,WCSP (in review),554451,264767-1,"Nov. Gen. Sp.","7: 41","","1824"
tro-50118826,A,Connaraceae,,Rourea,,"glazioui",,"","G. Schellenb.",Accepted,,M,TRO,50118826,297479-2,"Pflanzenr.","IV. 127(Heft 103): 289","289","1938"
kew-2429879,A,Connaraceae,,Rourea,,"glaziovii",,"","G.Schellenb.",Unresolved,,L,WCSP (in review),567862,297478-2,"Pflanzenr.","IV, 103: 289","","1938"
kew-2416171,A,Connaraceae,,Rourea,,"goetzei",,"","Gilg",Unresolved,,L,WCSP (in review),554446,264770-1,"Bot. Jahrb. Syst.","28: 394","","1900"
tro-8400079,A,Connaraceae,,Rourea,,"gracilis",,"","G. Schellenb.",Accepted,,M,TRO,8400079,222749-2,"Pflanzenr.","IV 127(Heft 103): 204","204","1938"
tro-8400081,A,Connaraceae,,Rourea,,"grandiflora",,"","G. Schellenb.",Unresolved,,L,TRO,8400081,,"","","",""
kew-2416174,A,Connaraceae,,Rourea,,"grosourdyana",,"","Baill.",Accepted,,M,WCSP (in review),554449,264774-1,"Adansonia","9: 149","","1868"
kew-2416149,A,Connaraceae,,Rourea,,"humilis",,"","Blume",Unresolved,,L,WCSP (in review),554424,264780-1,"Mus. Bot.","1: 262","","1851"
tro-50231449,A,Connaraceae,,Rourea,,"hypovallera",,"","Gilg ex Schellenb.",Unresolved,,L,TRO,50231449,,"Mitt. Bot. Mus. Univ. Zürich","1: 144","144","1910"
kew-2416159,A,Connaraceae,,Rourea,,"imbricata",,"","Elmer",Unresolved,,L,WCSP (in review),554434,264782-1,"Leafl. Philipp. Bot.","7: 2597","","1915"
tro-8400083,A,Connaraceae,,Rourea,,"induta",,"","Planch.",Accepted,,M,TRO,8400083,222753-2,"Linnaea","23: 417","417","1850"
tro-50109110,A,Connaraceae,,Rourea,,"induta",var.,"reticulata","(Planch.) Baker",Accepted,,L,TRO,50109110,222755-2,"Fl. Bras.","14(2): 178","178","1871"
kew-2416145,A,Connaraceae,,Rourea,,"inodora",,"","De Wild. & T.Durand",Unresolved,,L,WCSP (in review),554420,264784-1,"Ann. Mus. Congo Belge, Bot.","1: 71","","1899"
kew-2416154,A,Connaraceae,,Rourea,,"intermedia",,"","Ridl.",Unresolved,,L,WCSP (in review),554429,264785-1,"J. Fed. Malay States Mus.","10: 88","","1920"
kew-2416156,A,Connaraceae,,Rourea,,"javanica",,"","Blume",Unresolved,,L,WCSP (in review),554431,264788-1,"Mus. Bot.","1: 262","","1851"
tro-50115977,A,Connaraceae,,Rourea,,"kappleri",,"","Lanj.",Accepted,,M,TRO,50115977,222756-2,"Recueil Trav. Bot. Néerl.","37: 291","291","1940"
kew-2416183,A,Connaraceae,,Rourea,,"krukovii",,"","Steyerm.",Accepted,,M,WCSP (in review),554458,264790-1,"Publ. Field Mus. Nat. Hist., Bot. Ser.","22: 142","","1940"
tro-8400086,A,Connaraceae,,Rourea,,"lancifolia",,"","Schnellenberg",Unresolved,,L,TRO,8400086,,"","","",""
tro-8400377,A,Connaraceae,,Rourea,,"latifoliolata",,"","Standl. & L.O. Williams",Accepted,,M,TRO,8400377,222758-2,"Ceiba","3(3): 201","201","1953"
kew-2416175,A,Connaraceae,,Rourea,,"laurentii",,"","De Wild.",Unresolved,,L,WCSP (in review),554450,,"Ann. Mus. Congo Belge, Bot.","V, 3: 90","","1909"
kew-2416194,A,Connaraceae,,Rourea,,"laurifolia",,"","G.Schellenb.",Accepted,,M,WCSP (in review),554469,222759-2,"Pflanzenr.","IV, 127: 210","","1938"
tro-8400087,A,Connaraceae,,Rourea,,"ligulata",,"","Baker",Accepted,,M,TRO,8400087,222761-2,"Fl. Bras.","14(2): 181","181","1871"
kew-2416198,A,Connaraceae,,Rourea,,"lucida",,"","Planch.",Unresolved,,L,WCSP (in review),554473,264799-1,"Linnaea","23: 423","","1850"
tro-50161299,A,Connaraceae,,Rourea,,"luizalbertoi",,"","Forero, L.A. Vidal & Carbonó",Accepted,,M,TRO,50161299,284425-2,"Revista Brasil. Bot.","7(1): 74, 76–77, f. 7","74","1984"
kew-2416201,A,Connaraceae,,Rourea,,"macrantha",,"","Gilg",Unresolved,,L,WCSP (in review),554476,264801-1,"Bot. Jahrb. Syst.","28: 393","","1900"
tro-50161296,A,Connaraceae,,Rourea,,"macrocalyx",,"","Carbonó, Forero & L.A. Vidal",Accepted,,M,TRO,50161296,905137-1,"Revista Brasil. Bot.","7(1): 68, 71–72, f. 4","68","1984"
tro-8400088,A,Connaraceae,,Rourea,,"martiana",,"","Baker",Accepted,,M,TRO,8400088,264804-1,"Fl. Bras.","14(2): 178","178","1871"
kew-2416206,A,Connaraceae,,Rourea,,"maxima",,"","Gilg",Unresolved,,L,WCSP (in review),554481,264805-1,"Pflanzenw. Ost-Afrikas","C: 192","","1895"
kew-2416207,A,Connaraceae,,Rourea,,"microcarpa",,"","Elmer",Unresolved,,L,WCSP (in review),554482,264806-1,"Leafl. Philipp. Bot.","7: 2599","","1915"
tro-8400354,A,Connaraceae,,Rourea,,"microphylla",,"","(Hook. & Arn.) Planch.",Accepted,,L,TRO,8400354,264807-1,"Linnaea","23: 421","421","1850"
kew-2423620,A,Connaraceae,,Rourea,,"millettii",,"","Planch.",Unresolved,,L,WCSP (in review),561715,264808-1,"Linnaea","23: 420","","1850"
kew-2423621,A,Connaraceae,,Rourea,,"mimosoides",,"","Planch.",Unresolved,,L,WCSP (in review),561716,264809-1,"Linnaea","23: 420","","1850"
kew-2423622,A,Connaraceae,,Rourea,,"minor",,"","(Gaertn.) Alston",Accepted,,M,WCSP (in review),561717,264810-1,"Handb. Fl. Ceylon","6(Suppl.): 67","","1931"
kew-2423627,A,Connaraceae,,Rourea,,"monticola",,"","Gilg",Accepted,,M,WCSP (in review),561721,264813-1,"Notizbl. Königl. Bot. Gart. Berlin","1: 68","","1895"
kew-2423628,A,Connaraceae,,Rourea,,"multiflora",,"","Planch.",Unresolved,,L,WCSP (in review),561722,264814-1,"Linnaea","23: 418","","1850"
kew-2423629,A,Connaraceae,,Rourea,,"myriantha",,"","Baill.",Accepted,,M,WCSP (in review),561723,264815-1,"Adansonia","8: 198","","1868"
kew-2423630,A,Connaraceae,,Rourea,,"neglecta",,"","G.Schellenb.",Accepted,,M,WCSP (in review),561724,297315-2,"Pflanzenr.","IV, 127: 289","","1938"
kew-2423729,A,Connaraceae,,Rourea,,"nitida",,"","Planch.",Unresolved,,L,WCSP (in review),561825,264818-1,"Linnaea","23: 423","","1850"
kew-2423828,A,Connaraceae,,Rourea,,"nivea",,"","Gilg",Unresolved,,L,WCSP (in review),561924,264819-1,"Bot. Jahrb. Syst.","28: 210","","1900"
kew-2423713,A,Connaraceae,,Rourea,,"obliquifoliolata",,"","Gilg",Accepted,,M,WCSP (in review),561809,264820-1,"Bot. Jahrb. Syst.","14: 328","","1891"
kew-2423800,A,Connaraceae,,Rourea,,"oligophlebia",,"","Merr.",Unresolved,,L,WCSP (in review),561896,264824-1,"Pap. Michigan Acad. Sci.","23: 178","","1938"
tro-8400261,A,Connaraceae,,Rourea,,"omissa",,"","Forero",Accepted,,M,TRO,8400261,222766-2,"Mem. New York Bot. Gard.","26(1): 64–65, f. 22","64","1976"
tro-8400108,A,Connaraceae,,Rourea,,"orientalis",,"","Baill.",Accepted,,M,TRO,8400108,264826-1,"Adansonia","7: 230","230","1867"
kew-2423812,A,Connaraceae,,Rourea,,"ovalifoliolata",,"","Gilg",Unresolved,,L,WCSP (in review),561908,264827-1,"Abh. Königl. Akad. Wiss. Berlin","1894: 25","","1894"
kew-2423804,A,Connaraceae,,Rourea,,"ovalis",,"","(G.Schellenb.) Leenh.",Unresolved,,L,WCSP (in review),561900,264828-1,"in Fl. Males.","5: 520","","1958"
kew-2423797,A,Connaraceae,,Rourea,,"ovatifolia",,"","Gilg",Unresolved,,L,WCSP (in review),561893,264829-1,"Pflanzenw. Ost-Afrikas","C: 192","","1895"
tro-8400089,A,Connaraceae,,Rourea,,"paraensis",,"","Forero",Accepted,,M,TRO,8400089,222767-2,"Mem. New York Bot. Gard.","26(1): 62–64, f. 21","62","1976"
kew-2423809,A,Connaraceae,,Rourea,,"parallela",,"","Planch.",Unresolved,,L,WCSP (in review),561905,264833-1,"Linnaea","23: 421","","1850"
kew-2423810,A,Connaraceae,,Rourea,,"parviflora",,"","Gilg",Accepted,,M,WCSP (in review),561906,264834-1,"Bot. Jahrb. Syst.","14: 322","","1891"
kew-2423789,A,Connaraceae,,Rourea,,"parvifolia",,"","Planch.",Unresolved,,L,WCSP (in review),561885,264835-1,"Linnaea","23: 420","","1850"
kew-2423803,A,Connaraceae,,Rourea,,"paucifoliata",,"","Planch.",Unresolved,,L,WCSP (in review),561899,264837-1,"Linnaea","23: 415","","1850"
tro-8400091,A,Connaraceae,,Rourea,,"pittieri",,"","S.F. Blake",Accepted,,M,TRO,8400091,222769-2,"Bull. Torrey Bot. Club","50(8): 274–275","274","1923"
kew-2423781,A,Connaraceae,,Rourea,,"polyphylla",,"","G.Schellenb.",Unresolved,,L,WCSP (in review),561877,298750-2,"Pflanzenr.","IV, 127: 197","","1938"
kew-2423788,A,Connaraceae,,Rourea,,"polyphylla",,"","Blume",Unresolved,,L,WCSP (in review),561884,264844-1,"Mus. Bot.","1: 264","","1851"
kew-2423791,A,Connaraceae,,Rourea,,"prancei",,"","Forero",Accepted,,M,WCSP (in review),561887,222770-2,"Mem. New York Bot. Gard.","26(1): 78","","1976"
tro-50116434,A,Connaraceae,,Rourea,,"psammophila",,"","Forero",Accepted,,M,TRO,50116434,222771-2,"Mem. New York Bot. Gard.","26(1): 97","97","1976"
tro-50161298,A,Connaraceae,,Rourea,,"pseudogardneriana",,"","Forero, Carbonó & L.A. Vidal",Accepted,,M,TRO,50161298,905138-1,"Revista Brasil. Bot.","7(1): 74, f. 6","74","1984"
kew-2423814,A,Connaraceae,,Rourea,,"pseudospadicea",,"","G.Schellenb.",Accepted,,M,WCSP (in review),561910,222772-2,"Pflanzenr.","IV, 127: 207","","1938"
tro-8400093,A,Connaraceae,,Rourea,,"puberula",,"","Baker",Accepted,,M,TRO,8400093,,"Fl. Bras.","14(2): 178","178","1871"
kew-2423811,A,Connaraceae,,Rourea,,"pubescens",,"","(DC.) Radlk.",Accepted,,M,WCSP (in review),561907,222774-2,"Sitzungsber. Math.-Phys. Cl. Königl. Bayer. Akad. Wiss. München","16: 375","","1886"
tro-50116409,A,Connaraceae,,Rourea,,"pubescens",var.,"spadicea","(Radlk.) Forero",Accepted,,L,TRO,50116409,222775-2,"Mem. New York Bot. Gard.","26(1): 88","88","1976"
kew-2423834,A,Connaraceae,,Rourea,,"quocensis",,"","Pierre",Unresolved,,L,WCSP (in review),561930,264856-1,"Fl. Forest. Cochinch.","t. 379C","","1898"
tro-8400097,A,Connaraceae,,Rourea,,"schippii",,"","Standl.",Accepted,,M,TRO,8400097,222781-2,"Publ. Carnegie Inst. Wash.","461(4): 58","58","1935"
tro-50300850,A,Connaraceae,,Rourea,,"sclerocarpus",,"","Wight & Arn.",Unresolved,,L,TRO,50300850,,"Cat. Indian Pl.","934","934",""
kew-2416187,A,Connaraceae,,Rourea,,"simulans",,"","Merr. & L.M.Perry",Unresolved,,L,WCSP (in review),554462,264870-1,"J. Arnold Arbor.","23: 391","","1942"
kew-2416188,A,Connaraceae,,Rourea,,"solanderi",,"","Baker",Accepted,,M,WCSP (in review),554463,264871-1,"Fl. Trop. Afr.","1: 456","","1868"
kew-2416189,A,Connaraceae,,Rourea,,"sookurthoontee",,"","Voigt",Unresolved,,L,WCSP (in review),554464,264872-1,"Hort. Suburb. Calcutt.","265","","1845"
kew-2416190,A,Connaraceae,,Rourea,,"sororia",,"","Planch.",Unresolved,,L,WCSP (in review),554465,264873-1,"Linnaea","23: 421","","1850"
kew-2416158,A,Connaraceae,,Rourea,,"sprucei",,"","G.Schellenb.",Accepted,,M,WCSP (in review),554433,222783-2,"Pflanzenr.","IV, 127: 205","","1938"
kew-2416100,A,Connaraceae,,Rourea,,"stenopetala",,"","Hook.f.",Unresolved,,L,WCSP (in review),554375,264878-1,"Fl. Brit. India","2: 49","","1876"
kew-2416101,A,Connaraceae,,Rourea,,"striata",,"","De Wild.",Unresolved,,L,WCSP (in review),554376,264879-1,"Ann. Mus. Congo Belge, Bot.","V, 3: 94","","1909"
kew-2416102,A,Connaraceae,,Rourea,,"strigulosa",,"","Gilg",Unresolved,,L,WCSP (in review),554377,264880-1,"Bot. Jahrb. Syst.","23: 211","","1896"
kew-2416104,A,Connaraceae,,Rourea,,"subvolubilis",,"","Elmer",Unresolved,,L,WCSP (in review),554379,264882-1,"Leafl. Philipp. Bot.","7: 2600","","1915"
tro-8400140,A,Connaraceae,,Rourea,,"suerrensis",,"","Donn. Sm.",Accepted,,M,TRO,8400140,222787-2,"Bot. Gaz.","23(1): 5–6","5","1897"
kew-2416106,A,Connaraceae,,Rourea,,"surinamensis",,"","Miq.",Accepted,,M,WCSP (in review),554381,264884-1,"Linnaea","26: 221","","1854"
kew-2416108,A,Connaraceae,,Rourea,,"tenuis",,"","G.Schellenb.",Accepted,,M,WCSP (in review),554383,222789-2,"Pflanzenr.","IV, 127: 199","","1938"
kew-2416109,A,Connaraceae,,Rourea,,"thomsonii",,"","(Baker) Jongkind",Accepted,,M,WCSP (in review),554384,947203-1,"Agric. Univ. Wageningen Pap.","89(6): 359","","1989"
tro-8400104,A,Connaraceae,,Rourea,,"tomentella",,"","G. Schellenb.",Unresolved,,L,TRO,8400104,,"","","",""
kew-2416103,A,Connaraceae,,Rourea,,"usaramensis",,"","Gilg",Unresolved,,L,WCSP (in review),554378,264890-1,"Pflanzenw. Ost-Afrikas","C: 192","","1895"
kew-2416082,A,Connaraceae,,Rourea,,"verruculosa",,"","De Wild.",Unresolved,,L,WCSP (in review),554357,264892-1,"Ann. Mus. Congo Belge, Bot.","V, 3: 95","","1909"
kew-2416085,A,Connaraceae,,Rourea,,"volubilis",,"","Merr.",Unresolved,,L,WCSP (in review),554360,264895-1,"Publ. Bur. Sci. Gov. Lab.","27: 36","","1905"
tro-50299959,A,Connaraceae,,Rourea,,"vulcanicola",,"","Forero",Accepted,,M,TRO,50299959,77088560-1,"Caldasia","29(1): 19–21, f. 1","19","2007"
kew-2416089,A,Connaraceae,,Roureopsis,,"acutipetala",,"","(Miq.) Leenh.",Unresolved,,L,WCSP (in review),554364,264898-1,"in Fl. Males.","5: 509","","1958"
tro-50300483,A,Connaraceae,,Roureopsis,,"birmanica",,"","(Prain) G. Schellenb.",Accepted,,M,TRO,50300483,264900-1,"Beitr. Anat. Syst. Connar.","27","27","1910"
tro-50300485,A,Connaraceae,,Roureopsis,,"breviracemosa",,"","(Gamble) G. Schellenb.",Accepted,,M,TRO,50300485,264901-1,"Pflanzenr.","IV. 127(Heft 103): 113","113","1938"
tro-50300517,A,Connaraceae,,Roureopsis,,"cinnabarina",,"","G. Schellenb.",Unresolved,,L,TRO,50300517,,"Bot. Jahrb. Syst.","55: 449","449","1919"
tro-8400359,A,Connaraceae,,Roureopsis,,"emarginata",,"","(Jack) Merr.",Accepted,,L,TRO,8400359,264903-1,"J. Arnold Arbor.","33(3): 220","220","1952"
kew-2416111,A,Connaraceae,,Roureopsis,,"fasciculata",,"","G.Schellenb.",Unresolved,,L,WCSP (in review),554386,264905-1,"Mitt. Bot. Mus. Univ. Zürich","50: 28","","1910"
kew-2416129,A,Connaraceae,,Roureopsis,,"incurva",,"","Pierre",Unresolved,,L,WCSP (in review),554404,264906-1,"Fl. Forest. Cochinch.","t. 379A","","1898"
tro-50300518,A,Connaraceae,,Roureopsis,,"lancea",,"","G. Schellenb.",Unresolved,,L,TRO,50300518,,"Bot. Jahrb. Syst.","55: 450","450","1919"
tro-50300092,A,Connaraceae,,Roureopsis,,"pinnata",,"","(King) Leenh.",Accepted,,L,TRO,50300092,264909-1,"Fl. Malesiana, Ser. 1, Spermatoph.","5: 510","510","1958"
kew-2416144,A,Connaraceae,,Roureopsis,,"scortechinii",,"","King",Unresolved,,L,WCSP (in review),554419,264912-1,"J. Asiat. Soc. Bengal, Pt. 2, Nat. Hist.","66: 16","","1897"
tro-50300479,A,Connaraceae,,Roureopsis,,"stenopetala",,"","(Griff.) G. Schellenb.",Accepted,,M,TRO,50300479,,"Bull. Misc. Inform. Kew","1927(9): 375","375","1927"
kew-2416128,A,Connaraceae,,Roureopsis,,"thonneri",,"","(De Wild.) G.Schellenb.",Accepted,,M,WCSP (in review),554403,264914-1,"Bot. Jahrb. Syst.","55: 447","","1919"
tro-50300514,A,Connaraceae,,Roureopsis,,"zenkeri",,"","G. Schellenb.",Unresolved,,L,TRO,50300514,,"Bot. Jahrb. Syst.","55: 448","448","1919"
kew-2484569,A,Connaraceae,,Santalodes,,"acuminatum",,"","Kuntze",Unresolved,,L,WCSP (in review),621350,264916-1,"Revis. Gen. Pl.","1: 155","","1891"
kew-2484570,A,Connaraceae,,Santalodes,,"acutipetalum",,"","Kuntze",Unresolved,,L,WCSP (in review),621351,264917-1,"Revis. Gen. Pl.","1: 155","","1891"
kew-2484573,A,Connaraceae,,Santalodes,,"bakeri",,"","Kuntze",Unresolved,,L,WCSP (in review),621354,264920-1,"Revis. Gen. Pl.","1: 155","","1891"
kew-2484552,A,Connaraceae,,Santalodes,,"dasyphyllum",,"","Kuntze",Unresolved,,L,WCSP (in review),621333,264931-1,"Revis. Gen. Pl.","1: 155","","1891"
tro-50300904,A,Connaraceae,,Santalodes,,"desmos",,"","Guillaumin",Unresolved,,L,TRO,50300904,,"Bull. Mus. Natl. Hist. Nat., sér. 2","9: 283","283","1937"
kew-2484554,A,Connaraceae,,Santalodes,,"dinklagei",,"","Kuntze",Unresolved,,L,WCSP (in review),621335,264933-1,"Deutsche Bot. Monatsschr.","21: 173","","1903"
kew-2484588,A,Connaraceae,,Santalodes,,"fulgens",,"","Kuntze",Unresolved,,L,WCSP (in review),621369,264943-1,"Revis. Gen. Pl.","1: 155","","1891"
kew-2484602,A,Connaraceae,,Santalodes,,"hermannianum",,"","Kuntze",Unresolved,Illegitimate,L,WCSP (in review),621383,264949-1,"Revis. Gen. Pl.","1: 155","","1891"
kew-2484603,A,Connaraceae,,Santalodes,,"heterophyllum",,"","Kuntze",Unresolved,,L,WCSP (in review),621384,264950-1,"Revis. Gen. Pl.","1: 155","","1891"
tro-50186257,A,Connaraceae,,Santalodes,,"ligulatum",,"","(Baker) Kuntze",Accepted,,M,TRO,50186257,227418-2,"Revis. Gen. Pl.","1: 155","155","1891"
kew-2484611,A,Connaraceae,,Santalodes,,"mimusodes",,"","Kuntze",Unresolved,,L,WCSP (in review),621392,264958-1,"Revis. Gen. Pl.","1: 155","","1891"
kew-2484587,A,Connaraceae,,Santalodes,,"phyllanthodes",,"","Kuntze",Unresolved,,L,WCSP (in review),621368,264967-1,"Revis. Gen. Pl.","1: 155","","1891"
kew-2484504,A,Connaraceae,,Santalodes,,"simile",,"","Kuntze",Unresolved,,L,WCSP (in review),621286,,"Revis. Gen. Pl.","1: 155","","1891"
tro-50300583,A,Connaraceae,,Santaloides,,"acropetalum",,"","(Pierre) G. Schellenb.",Accepted,,M,TRO,50300583,264915-1,"Pflanzenr.","IV. 127(Heft 103): 127","127","1938"
tro-50300597,A,Connaraceae,,Santaloides,,"acuninatum",,"","(Hook. f.) Kuntze",Accepted,,M,TRO,50300597,,"Revis. Gen. Pl.","1: 155","155","1891"
tro-50300586,A,Connaraceae,,Santaloides,,"anomalum",,"","(King) G. Schellenb.",Accepted,,M,TRO,50300586,264919-1,"Beitr. Anat. Syst. Connar.","50","50","1910"
tro-8400304,A,Connaraceae,,Santaloides,,"balansaeanum",,"","(Baill.) G. Schellenb.",Accepted,,M,TRO,8400304,,"Bot. Jahrb. Syst.","58: 180","180","1923"
tro-50300604,A,Connaraceae,,Santaloides,,"bamangense",,"","(De Wild.) G. Schellenb.",Accepted,,M,TRO,50300604,,"Bot. Jahrb. Syst.","55: 455","455","1919"
kew-2484576,A,Connaraceae,,Santaloides,,"beccarii",,"","G.Schellenb.",Unresolved,,L,WCSP (in review),621357,264923-1,"Bot. Jahrb. Syst.","59(131): 30","","1924"
tro-50300579,A,Connaraceae,,Santaloides,,"brachyandrum",,"","(F. Muell.) G. Schellenb.",Accepted,,M,TRO,50300579,,"Beitr. Anat. Syst. Connar.","50","50","1910"
kew-2484558,A,Connaraceae,,Santaloides,,"celebicum",,"","G.Schellenb.",Unresolved,,L,WCSP (in review),621339,,"Pflanzenr.","IV, 127: 130","","1938"
tro-50300612,A,Connaraceae,,Santaloides,,"concolor",,"","(Blume) Kuntze",Accepted,,M,TRO,50300612,,"Revis. Gen. Pl.","1: 155","155","1891"
kew-2484572,A,Connaraceae,,Santaloides,,"cordatum",,"","G.Schellenb.",Unresolved,,L,WCSP (in review),621353,264929-1,"Bot. Jahrb. Syst.","59(131): 29","","1924"
kew-2484565,A,Connaraceae,,Santaloides,,"discolor",,"","G.Schellenb.",Unresolved,,L,WCSP (in review),621346,,"Pflanzenr.","IV, 127: 136","","1938"
kew-2484559,A,Connaraceae,,Santaloides,,"elmeri",,"","G.Schellenb.",Unresolved,,L,WCSP (in review),621340,,"Pflanzenr.","IV, 127: 289","","1938"
tro-50300611,A,Connaraceae,,Santaloides,,"filgens",,"","(Planch.) Kuntze",Accepted,,M,TRO,50300611,,"Revis. Gen. Pl.","1: 155","155","1891"
tro-50300613,A,Connaraceae,,Santaloides,,"harmandianum",,"","(Pierre) G. Schellenb.",Accepted,,M,TRO,50300613,,"Pflanzenr.","IV. 127(Heft 103): 144–145","144","1938"
kew-2484601,A,Connaraceae,,Santaloides,,"havilandii",,"","G.Schellenb.",Unresolved,,L,WCSP (in review),621382,264948-1,"Bot. Jahrb. Syst.","59(131): 32","","1924"
tro-50300599,A,Connaraceae,,Santaloides,,"luzoniense",,"","(Merr.) G. Schellenb.",Accepted,,M,TRO,50300599,,"Pflanzenr.","IV. 127(Heft 103): 137","137","1938"
tro-50300608,A,Connaraceae,,Santaloides,,"mimosoides",,"","(Vahl) Kuntze",Accepted,,M,TRO,50300608,,"Revis. Gen. Pl.","1: 155","155","1891"
tro-50300522,A,Connaraceae,,Santaloides,,"monadelphum",,"","(Roxb.) Kuntze",Accepted,,M,TRO,50300522,,"Revis. Gen. Pl.","1: 155","155","1891"
kew-2484585,A,Connaraceae,,Santaloides,,"ovale",,"","G.Schellenb.",Unresolved,,L,WCSP (in review),621366,,"Bot. Jahrb. Syst.","59(131): 29","","1924"
tro-50300577,A,Connaraceae,,Santaloides,,"pauanum",,"","G. Schellenb.",Unresolved,,L,TRO,50300577,,"Bot. Jahrb. Syst.","58: 179","179","1923"
tro-50300609,A,Connaraceae,,Santaloides,,"phyllanthoides",,"","(Blume) Kuntze",Accepted,,M,TRO,50300609,,"Revis. Gen. Pl.","1: 155","155","1891"
kew-2484597,A,Connaraceae,,Santaloides,,"pierreanum",,"","G.Schellenb.",Unresolved,,L,WCSP (in review),621378,264968-1,"Candollea","2: 93","","1925"
tro-50300582,A,Connaraceae,,Santaloides,,"prainianum",,"","(Talbot) G. Schellenb.",Accepted,,M,TRO,50300582,264971-1,"Pflanzenr.","IV. 127(Heft 103): 127","127","1938"
tro-50300581,A,Connaraceae,,Santaloides,,"pulchellum",,"","(Planch.) Kuntze",Accepted,,M,TRO,50300581,,"Revis. Gen. Pl.","1: 155","155","1891"
tro-50300590,A,Connaraceae,,Santaloides,,"radlkoferanum",,"","(Schum.) G. Schellenb.",Accepted,,M,TRO,50300590,264974-1,"Beitr. Anat. Syst. Connar.","53","53","1910"
tro-50300593,A,Connaraceae,,Santaloides,,"rubellum",,"","(Pierre) G. Schellenb.",Accepted,,M,TRO,50300593,264977-1,"Bull. Misc. Inform. Kew","1927: 376","376","1927"
tro-50300607,A,Connaraceae,,Santaloides,,"rugosum",,"","(Planch.) Kuntze",Accepted,,M,TRO,50300607,,"Revis. Gen. Pl.","1: 155","155","1891"
tro-50300524,A,Connaraceae,,Santaloides,,"samoense",,"","(Lauterb.) G. Schellenb.",Accepted,,M,TRO,50300524,,"Bot. Jahrb. Syst.","58: 180","180","1923"
kew-2484503,A,Connaraceae,,Santaloides,,"siamense",,"","G.Schellenb.",Unresolved,,L,WCSP (in review),621285,,"Bull. Misc. Inform. Kew","1927: 376","","1927"
tro-50300614,A,Connaraceae,,Santaloides,,"similus",,"","(Blume) Kuntze",Accepted,,M,TRO,50300614,,"Revis. Gen. Pl.","1: 155","155","1891"
tro-50300587,A,Connaraceae,,Santaloides,,"simplicifolium",,"","(Blume) Kuntze",Accepted,,M,TRO,50300587,,"Revis. Gen. Pl.","1: 155","155","1891"
kew-2484509,A,Connaraceae,,Santaloides,,"sumatrense",,"","G.Schellenb.",Unresolved,,L,WCSP (in review),621291,,"Pflanzenr.","IV, 127: 132","","1938"
tro-50300580,A,Connaraceae,,Santaloides,,"veillardii",,"","G. Schellenb.",Unresolved,,L,TRO,50300580,264989-1,"Pflanzenr.","IV. 127(Heft 103): 125","125","1938"
tro-50300610,A,Connaraceae,,Santaloides,,"villosum",,"","(Planch.) Kuntze",Accepted,,M,TRO,50300610,,"Revis. Gen. Pl.","1: 155","155","1891"
kew-2484514,A,Connaraceae,,Santaloides,,"vitiense",,"","G.Schellenb.",Unresolved,,L,WCSP (in review),621295,,"Pflanzenr.","IV, 127: 135","","1938"
tro-50231880,A,Connaraceae,,Santaloides,,"volubile",,"","(Blanco) G. Schellenb.",Accepted,,L,TRO,50231880,,"Mitt. Bot. Mus. Univ. Zürich","1: 51","51","1910"
tro-50300615,A,Connaraceae,,Santaloides,,"wallichianum",,"","(Planch.) Kuntze",Accepted,,M,TRO,50300615,,"Revis. Gen. Pl.","1: 155","155","1891"
kew-2484494,A,Connaraceae,,Spiropetalum,,"calophyllum",,"","Gilg ex G.Schellenb.",Unresolved,,L,WCSP (in review),621277,264998-1,"Mitt. Bot. Mus. Univ. Zürich","50: 32","","1910"
kew-2484495,A,Connaraceae,,Spiropetalum,,"erythrocarpum",,"","Gilg ex De Wild.",Unresolved,,L,WCSP (in review),621278,264999-1,"Ann. Mus. Congo Belge, Bot.","V, 3: 95","","1909"
kew-2484496,A,Connaraceae,,Spiropetalum,,"erythrosepalum",,"","Gilg ex G.Schellenb.",Unresolved,,L,WCSP (in review),621279,265000-1,"Mitt. Bot. Mus. Univ. Zürich","50: 32","","1910"
kew-2484498,A,Connaraceae,,Spiropetalum,,"klainianum",,"","Pierre ex G.Schellenb.",Unresolved,,L,WCSP (in review),621281,,"Pflanzenr.","IV, 127: 105","","1938"
tro-8400237,A,Connaraceae,,Spiropetalum,,"odoratum",,"","Gilg",Accepted,,M,TRO,8400237,265005-1,"Nat. Pflanzenfam.","3(2): 70","70","1891"
kew-2484535,A,Connaraceae,,Spiropetalum,,"phaeosepalum",,"","Gilg ex G.Schellenb.",Unresolved,,L,WCSP (in review),621316,265006-1,"Mitt. Bot. Mus. Univ. Zürich","50: 32","","1910"
tro-50092001,A,Connaraceae,,Spiropetalum,,"triplinerve",,"","Stapf",Accepted,,M,TRO,50092001,,"J. Linn. Soc., Bot.","37: 93","93","1906"
tro-50300758,A,Connaraceae,,Taeniochlaena,,"acutipetala",,"","(Miq.) Kurz",Accepted,,M,TRO,50300758,,"J. Asiat. Soc. Bengal","39(2): 76","76","1870"
kew-2434768,A,Connaraceae,,Taeniochlaena,,"borneensis",,"","G.Schellenb.",Unresolved,,L,WCSP (in review),572510,265015-1,"Bot. Jahrb. Syst.","59(131): 23","","1924"
kew-2434737,A,Connaraceae,,Taeniochlaena,,"griffithii",,"","Hook.f.",Unresolved,,L,WCSP (in review),572500,265016-1,"Gen. Pl.","1: 434","","1865"
kew-2434779,A,Connaraceae,,Taeniochlaena,,"polyneura",,"","G.Schellenb.",Unresolved,,L,WCSP (in review),572521,265018-1,"Bot. Jahrb. Syst.","59(131): 24","","1924"
kew-2434781,A,Connaraceae,,Tali,,"minor",,"","(Gaertn.) M.R.Almeida",Unresolved,,L,WCSP (in review),572523,20008345-1,"Fl. Maharashtra","1: 283","","1996"
kew-2434782,A,Connaraceae,,Tali,,"prainiana",,"","(Talbot) M.R.Almeida",Unresolved,,L,WCSP (in review),572524,20008346-1,"Fl. Maharashtra","1: 284","","1996"
kew-2434785,A,Connaraceae,,Thysanus,,"cochinchinensis",,"","DC.",Unresolved,,L,WCSP (in review),572527,265019-1,"Prodr.","2: 91","","1825"
kew-2434788,A,Connaraceae,,Tricholobus,,"africanus",,"","Heckel",Unresolved,,L,WCSP (in review),572530,265021-1,"Ann. Fac. Sci. Marseille","1: 16","","1891"
kew-2434791,A,Connaraceae,,Tricholobus,,"connaroides",,"","F.Muell.",Unresolved,,L,WCSP (in review),572533,265024-1,"Fragm.","8: 224","","1874"
kew-2434770,A,Connaraceae,,Tricholobus,,"ferrugineus",,"","Blume",Unresolved,,L,WCSP (in review),572512,265025-1,"Mus. Bot.","1: 237","","1850"
kew-2434786,A,Connaraceae,,Tricholobus,,"fulvus",,"","Blume",Unresolved,,L,WCSP (in review),572528,265026-1,"Mus. Bot.","1: 237","","1850"
kew-2520340,A,Connaraceae,,Trichostephania,,"chevalieri",,"","Tardieu",Unresolved,,L,WCSP (in review),656480,825685-1,"Bull. Soc. Bot. France","95: 308","","1949"
kew-2434765,A,Connaraceae,,Troostwykia,,"singularis",,"","Miq.",Unresolved,,L,WCSP (in review),572507,265028-1,"Fl. Ned. Ind., Eerste Bijv.","531","","1861"
tro-8400312,A,Connaraceae,,Vismianthus,,"punctatus",,"","Mildbr.",Accepted,,M,TRO,8400312,265029-1,"Notizbl. Bot. Gart. Berlin-Dahlem","12: 706","706","1935"
tro-50300098,A,Connaraceae,,Vismianthus,,"sterculiifolius",,"","(Prain) Breteler & Brouwer",Accepted,,M,TRO,50300098,947208-1,"Agric. Univ. Wageningen Pap.","89(6): 373–374","373","1989"
