﻿ID,Major group,Family,Genus hybrid marker,Genus,Species hybrid marker,Species,Infraspecific rank,Infraspecific epithet,Authorship,Taxonomic status in TPL,Nomenclatural status from original data source,Confidence level,Source,Source id,IPNI id,Publication,Collation,Page,Date
tro-35185073,B,Conocephalaceae,,Conocephalum,,"conicum",,"","(L.) Underw.",Accepted,,M,TRO,35185073,,"Bot. Gaz.","20: 67","67","1895"
tro-35200546,B,Conocephalaceae,,Conocephalum,,"japonicum",,"","(Thunb.) Grolle",Accepted,,M,TRO,35200546,,"J. Hattori Bot. Lab.","55: 501","501","1984"
tro-35216419,B,Conocephalaceae,,Conocephalum,,"salebrosum",,"","Szweyk., Buczkowska & Odrzykoski",Accepted,,M,TRO,35216419,,"Pl. Syst. Evol.","253: 146","146","2005"
tro-35188163,B,Conocephalaceae,,Conocephalum,,"supradecompositum",,"","Stephani",Unresolved,,L,TRO,35188163,,"Sp. Hepat.","1: 1412","1412","1899"
tro-35215091,B,Conocephalaceae,,Conocephalum,,"trioicum",,"","F. Weber",Unresolved,,L,TRO,35215091,,"Prim. Fl. Holsat.","82","82","1780"
tro-35208072,B,Conocephalaceae,,Hepatica,,"supradecomposita",,"","Stephani ex C. Massal.",Unresolved,,L,TRO,35208072,,"Mem. Accad. Agric. Verona","72(3): 52","52","1897"
tro-35210298,B,Conocephalaceae,,Nemoursia,,"tuberculata",,"","Mérat",Unresolved,,L,TRO,35210298,,"Ann. Agric. Franc.","2(7): 12","12","1840"
