﻿ID,Major group,Family,Genus hybrid marker,Genus,Species hybrid marker,Species,Infraspecific rank,Infraspecific epithet,Authorship,Taxonomic status in TPL,Nomenclatural status from original data source,Confidence level,Source,Source id,IPNI id,Publication,Collation,Page,Date
kew-343820,A,Costaceae,,Chamaecostus,,"congestiflorus",,"","(Rich. ex Gagnep.) C.D.Specht & D.W.Stev.",Accepted,,H,WCSP,343820,77074289-1,"Taxon","55: 158","","2006"
kew-343821,A,Costaceae,,Chamaecostus,,"curcumoides",,"","(Maas) C.D.Specht & D.W.Stev.",Accepted,,H,WCSP,343821,77074284-1,"Taxon","55: 158","","2006"
kew-343822,A,Costaceae,,Chamaecostus,,"cuspidatus",,"","(Nees & Mart.) C.D.Specht & D.W.Stev.",Accepted,,H,WCSP,343822,77074283-1,"Taxon","55: 158","","2006"
kew-343823,A,Costaceae,,Chamaecostus,,"fragilis",,"","(Maas) C.D.Specht & D.W.Stev.",Accepted,,H,WCSP,343823,77074286-1,"Taxon","55: 158","","2006"
kew-343824,A,Costaceae,,Chamaecostus,,"fusiformis",,"","(Maas) C.D.Specht & D.W.Stev.",Accepted,,H,WCSP,343824,77074285-1,"Taxon","55: 158","","2006"
kew-343825,A,Costaceae,,Chamaecostus,,"lanceolatus",,"","(Petersen) C.D.Specht & D.W.Stev.",Accepted,,H,WCSP,343825,77074287-1,"Taxon","55: 158","","2006"
kew-343826,A,Costaceae,,Chamaecostus,,"lanceolatus",subsp.,"pulchriflorus","(Ducke) C.D.Specht & D.W.Stev.",Accepted,,L,WCSP,343826,77074288-1,"Taxon","55: 158","","2006"
kew-343827,A,Costaceae,,Chamaecostus,,"subsessilis",,"","(Nees & Mart.) C.D.Specht & D.W.Stev.",Accepted,,H,WCSP,343827,77074282-1,"Taxon","55: 158","","2006"
kew-462794,A,Costaceae,,Cheilocostus,,"borneensis",,"","A.D.Poulsen",Accepted,,H,WCSP,462794,,"Gard. Bull. Singapore","62: 136","","2010"
kew-343832,A,Costaceae,,Cheilocostus,,"globosus",,"","(Blume) C.D.Specht",Accepted,,H,WCSP,343832,77074293-1,"Taxon","55: 160","","2006"
kew-343833,A,Costaceae,,Cheilocostus,,"lacerus",,"","(Gagnep.) C.D.Specht",Accepted,,H,WCSP,343833,77074292-1,"Taxon","55: 160","","2006"
kew-343834,A,Costaceae,,Cheilocostus,,"sopuensis",,"","(Maas & H.Maas) C.D.Specht",Accepted,,H,WCSP,343834,77074294-1,"Taxon","55: 160","","2006"
kew-343835,A,Costaceae,,Cheilocostus,,"speciosus",,"","(J.Koenig) C.D.Specht",Accepted,,H,WCSP,343835,77074291-1,"Taxon","55: 159","","2006"
kew-234549,A,Costaceae,,Costus,,"acanthocephalus",,"","K.Schum.",Accepted,,H,WCSP,234549,796258-1,"Bot. Jahrb. Syst.","27: 345","","1899"
kew-234551,A,Costaceae,,Costus,,"acreanus",,"","(Loes.) Maas",Accepted,,H,WCSP,234551,66815-2,"Fl. Neotrop. Monogr.","8: 66","","1972"
kew-234552,A,Costaceae,,Costus,,"adolphi-friderici",,"","Loes.",Accepted,,H,WCSP,234552,872278-1,"Wiss. Erg. Deut. Zentr.-Afr. Exped., Bot.","2: 66","","1910"
kew-234553,A,Costaceae,,Costus,,"afer",,"","Ker Gawl.",Accepted,,H,WCSP,234553,796260-1,"Bot. Reg.","8: t. 683","","1823"
kew-234556,A,Costaceae,,Costus,,"allenii",,"","Maas",Accepted,,H,WCSP,234556,66816-2,"Fl. Neotrop. Monogr.","8: 61","","1972"
kew-234557,A,Costaceae,,Costus,,"amazonicus",,"","(Loes.) J.F.Macbr.",Accepted,,H,WCSP,234557,872282-1,"Publ. Field Mus. Nat. Hist., Bot. Ser.","11: 13","","1931"
kew-461299,A,Costaceae,,Costus,,"amazonicus",,"","Linden ex K.Koch",Unresolved,,L,WCSP,461299,60454906-2,"Wochenschr. Vereines Beford. Gartenbaues Konigl. Preuss. Staaten","14: 157","","1871"
kew-234565,A,Costaceae,,Costus,,"arabicus",,"","L.",Accepted,,H,WCSP,234565,796267-1,"Sp. Pl.","2","","1753"
kew-234566,A,Costaceae,,Costus,,"araneosus",,"","Gagnep.",Accepted,,H,WCSP,234566,796269-1,"Bull. Soc. Bot. France","49: 95","","1902"
kew-234570,A,Costaceae,,Costus,,"asplundii",,"","(Maas) Maas",Accepted,,H,WCSP,234570,66821-2,"Acta Bot. Neerl.","24: 470","","1975 publ. 1976"
kew-234571,A,Costaceae,,Costus,,"asteranthus",,"","Maas & H.Maas",Accepted,,H,WCSP,234571,939119-1,"Notes Roy. Bot. Gard. Edinburgh","46: 307","","1990"
kew-234573,A,Costaceae,,Costus,,"barbatus",,"","Suess.",Accepted,,H,WCSP,234573,66823-2,"Bot. Jahrb. Syst.","72: 295","","1942"
kew-234574,A,Costaceae,,Costus,,"beckii",,"","Maas & H.Maas",Accepted,,H,WCSP,234574,275162-2,"Notes Roy. Bot. Gard. Edinburgh","46: 309","","1990"
kew-234575,A,Costaceae,,Costus,,"bicolor",,"","J.Braun & K.Schum.",Accepted,,H,WCSP,234575,796274-1,"Ber. Deutsch. Schutzgeb.","2: 151","","1889"
kew-234577,A,Costaceae,,Costus,,"bracteatus",,"","Rowlee",Accepted,,H,WCSP,234577,66825-2,"Bull. Torrey Bot. Club","49: 285","","1922"
kew-346583,A,Costaceae,,Costus,,"bullatus",,"","Meekiong, Muliati & Ipor",Accepted,,H,WCSP,346583,,"Folia Malaysiana","7: 65","","2006"
kew-234580,A,Costaceae,,Costus,,"chartaceus",,"","Maas",Accepted,,H,WCSP,234580,66828-2,"Fl. Neotrop. Monogr.","8: 98","","1972"
kew-234582,A,Costaceae,,Costus,,"chrysocephalus",,"","K.Schum.",Accepted,,H,WCSP,234582,,"Pflanzenr.","IV, 46: 410","","1904"
kew-234585,A,Costaceae,,Costus,,"claviger",,"","Benoist",Accepted,,H,WCSP,234585,66830-2,"Bull. Mus. Natl. Hist. Nat.","33: 270","","1927"
kew-234586,A,Costaceae,,Costus,,"clemensiae",,"","Ridl.",Accepted,,H,WCSP,234586,872292-1,"Philipp. J. Sci., C","4: 193","","1909"
kew-234587,A,Costaceae,,Costus,,"comosus",,"","(Jacq.) Roscoe",Accepted,,H,WCSP,234587,796280-1,"Trans. Linn. Soc. London","8: 350","","1807"
kew-234588,A,Costaceae,,Costus,,"comosus",var.,"bakeri","(K.Schum.) Maas",Accepted,,L,WCSP,234588,66831-2,"Fl. Neotrop. Monogr.","8: 85","","1972"
kew-234594,A,Costaceae,,Costus,,"cordatus",,"","Maas",Accepted,,H,WCSP,234594,66835-2,"Acta Bot. Neerl.","24: 472","","1975 publ. 1976"
kew-234596,A,Costaceae,,Costus,,"cupreifolius",,"","Maas",Accepted,,H,WCSP,234596,66836-2,"Acta Bot. Neerl.","24: 471","","1975 publ. 1976"
kew-234598,A,Costaceae,,Costus,,"curvibracteatus",,"","Maas",Accepted,,H,WCSP,234598,66838-2,"Acta Bot. Neerl.","24: 473","","1975 publ. 1976"
kew-234605,A,Costaceae,,Costus,,"deistelii",,"","K.Schum.",Accepted,,H,WCSP,234605,,"Pflanzenr.","IV, 46: 393","","1904"
kew-234606,A,Costaceae,,Costus,,"dendrophilus",,"","K.Schum.",Accepted,,H,WCSP,234606,,"Pflanzenr.","IV, 46: 416","","1904"
kew-234607,A,Costaceae,,Costus,,"dewevrei",,"","De Wild. & T.Durand",Accepted,,H,WCSP,234607,796288-1,"Bull. Soc. Roy. Bot. Belgique","Compt. Rend. 38: 139","","1899"
tro-34500385,A,Costaceae,,Costus,,"dewevrei",,"","De Wildemann & T. Durand",Unresolved,,L,TRO,34500385,,"","","",""
kew-234609,A,Costaceae,,Costus,,"dinklagei",,"","K.Schum.",Accepted,,H,WCSP,234609,,"Pflanzenr.","IV, 46: 408","","1904"
kew-234610,A,Costaceae,,Costus,,"dirzoi",,"","García-Mend. & G.Ibarra",Accepted,,H,WCSP,234610,960216-1,"Ann. Missouri Bot. Gard.","78: 1081","","1991"
kew-234612,A,Costaceae,,Costus,,"dubius",,"","(Afzel.) K.Schum.",Accepted,,H,WCSP,234612,,"Pflanzenr.","IV, 46: 409","","1904"
kew-346584,A,Costaceae,,Costus,,"eburneus",,"","Meekiong, Muliati & Tawan",Accepted,,H,WCSP,346584,,"Folia Malaysiana","7: 66","","2006"
kew-234618,A,Costaceae,,Costus,,"erythrocoryne",,"","K.Schum.",Accepted,,H,WCSP,234618,66844-2,"Pflanzenr.","IV, 46: 410","","1904"
kew-234619,A,Costaceae,,Costus,,"erythrophyllus",,"","Loes.",Accepted,,H,WCSP,234619,66845-2,"Notizbl. Bot. Gart. Berlin-Dahlem","10: 707","","1929"
kew-234620,A,Costaceae,,Costus,,"erythrothyrsus",,"","Loes.",Accepted,,H,WCSP,234620,66846-2,"Notizbl. Bot. Gart. Berlin-Dahlem","10: 713","","1929"
kew-457006,A,Costaceae,,Costus,,"fissicalyx",,"","N.R.Salinas, Clavijo & Betancur",Accepted,,H,WCSP,457006,,"Caldasia","29: 196","","2007"
kew-234622,A,Costaceae,,Costus,,"fissiligulatus",,"","Gagnep.",Accepted,,H,WCSP,234622,796298-1,"Bull. Soc. Bot. France","49: 93","","1902"
kew-234626,A,Costaceae,,Costus,,"foliaceus",,"","Lock & A.D.Poulsen",Accepted,,H,WCSP,234626,997852-1,"Kew Bull.","52: 614","","1997"
kew-234629,A,Costaceae,,Costus,,"fortalezae",,"","K.Schum.",Accepted,,H,WCSP,234629,872304-1,"Notizbl. Bot. Gart. Berlin-Dahlem","10: 708","","1929"
kew-234633,A,Costaceae,,Costus,,"gabonensis",,"","Koechlin",Accepted,,H,WCSP,234633,872305-1,"in Fl. Gabon","9: 82","","1964"
kew-234635,A,Costaceae,,Costus,,"geothyrsus",,"","K.Schum.",Accepted,,H,WCSP,234635,66852-2,"Pflanzenr.","IV, 46: 410","","1904"
kew-234636,A,Costaceae,,Costus,,"giganteus",,"","Welw. ex Ridl.",Accepted,,H,WCSP,234636,796304-1,"J. Bot.","25: 131","","1887"
kew-234641,A,Costaceae,,Costus,,"glaucus",,"","Maas",Accepted,,H,WCSP,234641,66854-2,"Acta Bot. Neerl.","24: 470","","1975 publ. 1976"
kew-234648,A,Costaceae,,Costus,,"guanaiensis",,"","Rusby",Accepted,,H,WCSP,234648,796308-1,"Bull. Torrey Bot. Club","29: 694","","1902"
kew-234651,A,Costaceae,,Costus,,"guanaiensis",var.,"macrostrobilus","(K.Schum.) Maas",Accepted,,L,WCSP,234651,66858-2,"Fl. Neotrop. Monogr.","8: 52","","1972"
kew-234652,A,Costaceae,,Costus,,"guanaiensis",var.,"tarmicus","(Loes.) Maas",Accepted,,L,WCSP,234652,66859-2,"Fl. Neotrop. Monogr.","8: 56","","1972"
kew-234658,A,Costaceae,,Costus,,"juruanus",,"","K.Schum.",Accepted,,H,WCSP,234658,66860-2,"Pflanzenr.","IV, 46: 389","","1904"
kew-234665,A,Costaceae,,Costus,,"laevis",,"","Ruiz & Pav.",Accepted,,H,WCSP,234665,796315-1,"Fl. Peruv.","1: 3","","1798"
kew-234670,A,Costaceae,,Costus,,"lasius",,"","Loes.",Accepted,,H,WCSP,234670,66866-2,"Notizbl. Bot. Gart. Berlin-Dahlem","10: 710","","1929"
kew-234671,A,Costaceae,,Costus,,"lateriflorus",,"","Baker",Accepted,,H,WCSP,234671,796318-1,"Fl. Trop. Afr.","7: 301","","1898"
kew-234675,A,Costaceae,,Costus,,"le-testui",,"","Pellegr.",Accepted,,H,WCSP,234675,872316-1,"Bull. Mus. Natl. Hist. Nat.","II, 1: 219","","1929"
kew-234674,A,Costaceae,,Costus,,"ledermannii",,"","Loes.",Accepted,,H,WCSP,234674,872317-1,"Bot. Jahrb. Syst.","43: 391","","1909"
kew-234676,A,Costaceae,,Costus,,"leucanthus",,"","Maas",Accepted,,H,WCSP,234676,66869-2,"Acta Bot. Neerl.","24: 469","","1975 publ. 1976"
kew-234677,A,Costaceae,,Costus,,"ligularis",,"","Baker",Accepted,,H,WCSP,234677,796321-1,"Fl. Trop. Afr.","7: 298","","1898"
kew-234678,A,Costaceae,,Costus,,"lima",,"","K.Schum.",Accepted,,H,WCSP,234678,66870-2,"Pflanzenr.","IV, 46: 388","","1904"
kew-234684,A,Costaceae,,Costus,,"longibracteolatus",,"","Maas",Accepted,,H,WCSP,234684,66873-2,"Fl. Neotrop. Monogr.","8: 72","","1972"
kew-234687,A,Costaceae,,Costus,,"lucanusianus",,"","J.Braun & K.Schum.",Accepted,,H,WCSP,234687,,"Ber. Deutsch. Schutzgeb.","2: 151","","1889"
kew-234690,A,Costaceae,,Costus,,"maboumiensis",,"","Pellegr.",Accepted,,H,WCSP,234690,872322-1,"Bull. Mus. Natl. Hist. Nat.","II, 1: 220","","1929"
kew-234691,A,Costaceae,,Costus,,"macranthus",,"","K.Schum.",Accepted,,H,WCSP,234691,796328-1,"Bot. Jahrb. Syst.","30: 279","","1901"
kew-234693,A,Costaceae,,Costus,,"maculatus",,"","Roscoe",Accepted,,H,WCSP,234693,,"Monandr. Pl. Scitam.","t. 82","","1825"
kew-234695,A,Costaceae,,Costus,,"malortieanus",,"","H.Wendl.",Accepted,,H,WCSP,234695,796333-1,"Hamburger Garten- Blumenzeitung","19: 30","","1863"
kew-234699,A,Costaceae,,Costus,,"megalobractea",,"","K.Schum.",Accepted,,H,WCSP,234699,,"Pflanzenr.","IV, 46: 407","","1904"
kew-234702,A,Costaceae,,Costus,,"microcephalus",,"","K.Schum.",Accepted,,H,WCSP,234702,,"Pflanzenr.","IV, 46: 412","","1904"
tro-34500575,A,Costaceae,,Costus,,"monosperma",,"","Miq.",Unresolved,,L,TRO,34500575,,"Linnaea","22: 80","80","1849"
kew-234703,A,Costaceae,,Costus,,"montanus",,"","Maas",Accepted,,H,WCSP,234703,66881-2,"Fl. Neotrop. Monogr.","8: 119","","1972"
kew-234705,A,Costaceae,,Costus,,"mosaicus",,"","W.Bull",Accepted,,H,WCSP,234705,796339-1,"Cat.","1887: 10","","1887"
kew-346585,A,Costaceae,,Costus,,"muluensis",,"","Meekiong, Ipor & Tawan",Accepted,,H,WCSP,346585,,"Folia Malaysiana","7: 60","","2006"
kew-462314,A,Costaceae,,Costus,,"mulus",,"","Meekiong, Ipor & Tawan",Accepted,,H,WCSP,462314,77107243-1,"Rheedea","18: 87","","2008"
kew-234706,A,Costaceae,,Costus,,"nemotrichus",,"","K.Schum.",Accepted,,H,WCSP,234706,,"Pflanzenr.","IV, 46: 414","","1904"
kew-234709,A,Costaceae,,Costus,,"nitidus",,"","Maas",Accepted,,H,WCSP,234709,66883-2,"Acta Bot. Neerl.","24: 473","","1975 publ. 1976"
kew-234712,A,Costaceae,,Costus,,"nudicaulis",,"","Baker",Accepted,,H,WCSP,234712,796345-1,"Fl. Trop. Afr.","7: 300","","1898"
kew-234715,A,Costaceae,,Costus,,"oblongus",,"","S.Q.Tong",Accepted,,H,WCSP,234715,937727-1,"Acta Phytotax. Sin.","27: 291","","1989"
kew-234716,A,Costaceae,,Costus,,"oligophyllus",,"","K.Schum.",Accepted,,H,WCSP,234716,,"Pflanzenr.","IV, 46: 408","","1904"
kew-234717,A,Costaceae,,Costus,,"osae",,"","Maas & H.Maas",Accepted,,H,WCSP,234717,996685-1,"Brittonia","49: 277","","1997"
kew-234721,A,Costaceae,,Costus,,"phaeotrichus",,"","Loes.",Accepted,,H,WCSP,234721,872327-1,"Bot. Jahrb. Syst.","43: 392","","1909"
kew-234723,A,Costaceae,,Costus,,"phyllocephalus",,"","K.Schum.",Accepted,,H,WCSP,234723,796353-1,"Bot. Jahrb. Syst.","15: 420","","1892"
kew-234724,A,Costaceae,,Costus,,"pictus",,"","D.Don",Accepted,,H,WCSP,234724,,"Edwards's Bot. Reg.","19: t. 1594","","1833"
kew-234729,A,Costaceae,,Costus,,"plicatus",,"","Maas",Accepted,,H,WCSP,234729,66890-2,"Acta Bot. Neerl.","24: 472","","1975 publ. 1976"
kew-234730,A,Costaceae,,Costus,,"plowmanii",,"","Maas",Accepted,,H,WCSP,234730,66891-2,"Acta Bot. Neerl.","24: 470","","1975 publ. 1976"
tro-34500407,A,Costaceae,,Costus,,"prodigiosus",,"","A. Chev.",Unresolved,,L,TRO,34500407,,"","","",""
kew-234733,A,Costaceae,,Costus,,"productus",,"","Gleason ex Maas",Accepted,,H,WCSP,234733,66892-2,"Acta Bot. Neerl.","24: 471","","1975 publ. 1976"
kew-234735,A,Costaceae,,Costus,,"productus",var.,"strigosus","(Maas) Maas",Accepted,,L,WCSP,234735,66893-2,"Acta Bot. Neerl.","24: 472","","1975 publ. 1976"
kew-234743,A,Costaceae,,Costus,,"pulverulentus",,"","C.Presl",Accepted,,H,WCSP,234743,796364-1,"Reliq. Haenk.","1(1): 41","","1825"
tro-34500080,A,Costaceae,,Costus,,"purpurascens",,"","Huber",Unresolved,,L,TRO,34500080,,"","","",""
kew-234748,A,Costaceae,,Costus,,"quasi-appendiculatus",,"","Woodson ex Maas",Accepted,,H,WCSP,234748,66901-2,"Fl. Neotrop. Monogr.","8: 85","","1972"
kew-234752,A,Costaceae,,Costus,,"registrator",,"","Büsgen",Unresolved,,L,WCSP,234752,,"Ber. Deutsch. Bot. Ges.","21: 437","","1903"
kew-234753,A,Costaceae,,Costus,,"ricus",,"","Maas & H.Maas",Accepted,,H,WCSP,234753,996684-1,"Brittonia","49: 274","","1997"
kew-234757,A,Costaceae,,Costus,,"rumphianus",,"","Valeton ex K.Heyne",Accepted,,H,WCSP,234757,,"Nutt. Pl. Ned.-Ind.","ed. 2, 1: 559","","1927"
kew-234760,A,Costaceae,,Costus,,"sarmentosus",,"","Bojer",Accepted,,H,WCSP,234760,796375-1,"Ann. Sci. Nat., Bot.","II, 4: 262","","1835"
kew-234761,A,Costaceae,,Costus,,"scaber",,"","Ruiz & Pav.",Accepted,,H,WCSP,234761,796376-1,"Fl. Peruv.","1: 2","","1798"
kew-234763,A,Costaceae,,Costus,,"schlechteri",,"","H.J.P.Winkl.",Accepted,,H,WCSP,234763,872338-1,"Bot. Jahrb. Syst.","41: 275","","1908"
kew-234765,A,Costaceae,,Costus,,"sepacuitensis",,"","Rowlee",Accepted,,H,WCSP,234765,66907-2,"Bull. Torrey Bot. Club","49: 286","","1922"
kew-234780,A,Costaceae,,Costus,,"spectabilis",,"","(Fenzl) K.Schum.",Accepted,,H,WCSP,234780,796384-1,"Bot. Jahrb. Syst.","15: 422","","1892"
kew-234781,A,Costaceae,,Costus,,"spicatus",,"","(Jacq.) Sw.",Accepted,,H,WCSP,234781,329964-2,"Prodr. Veg. Ind. Occ.","11","","1788"
kew-234783,A,Costaceae,,Costus,,"spiralis",,"","(Jacq.) Roscoe",Accepted,,H,WCSP,234783,796387-1,"Trans. Linn. Soc. London","8: 350","","1807"
kew-234790,A,Costaceae,,Costus,,"sprucei",,"","Maas",Accepted,,H,WCSP,234790,66917-2,"Fl. Neotrop. Monogr.","8: 96","","1972"
kew-234792,A,Costaceae,,Costus,,"stenophyllus",,"","Standl. & L.O.Williams",Accepted,,H,WCSP,234792,66919-2,"Ceiba","3: 38","","1952"
kew-234793,A,Costaceae,,Costus,,"subbiflorus",,"","K.Schum.",Accepted,,H,WCSP,234793,,"Pflanzenr.","IV, 46: 394","","1904"
kew-234795,A,Costaceae,,Costus,,"sulfureus",,"","K.Schum.",Accepted,,H,WCSP,234795,,"Pflanzenr.","IV, 46: 412","","1904"
kew-234796,A,Costaceae,,Costus,,"talbotii",,"","Ridl.",Accepted,,H,WCSP,234796,872346-1,"Cat. Pl. Oban","111","","1913"
kew-234797,A,Costaceae,,Costus,,"tappenbeckianus",,"","J.Braun & K.Schum.",Accepted,,H,WCSP,234797,796391-1,"Ber. Deutsch. Schutzgeb.","2: 152","","1889"
tro-34500410,A,Costaceae,,Costus,,"tappenbeckianus",,"","Braun-Blanq. & K. Schum.",Unresolved,,L,TRO,34500410,,"","","",""
kew-234801,A,Costaceae,,Costus,,"tonkinensis",,"","Gagnep.",Accepted,,H,WCSP,234801,796392-1,"Bull. Soc. Bot. France","49: 248","","1902"
kew-234803,A,Costaceae,,Costus,,"ubangiensis",,"","Gagnep.",Accepted,,H,WCSP,234803,796394-1,"Bull. Soc. Bot. France","49: 97","","1902"
kew-234804,A,Costaceae,,Costus,,"ulei",,"","Loes.",Accepted,,H,WCSP,234804,66924-2,"Notizbl. Bot. Gart. Berlin-Dahlem","10: 709","","1929"
kew-234810,A,Costaceae,,Costus,,"vargasii",,"","Maas & H.Maas",Accepted,,H,WCSP,234810,939121-1,"Notes Roy. Bot. Gard. Edinburgh","46: 311","","1990"
kew-234811,A,Costaceae,,Costus,,"varzearum",,"","Maas",Accepted,,H,WCSP,234811,66927-2,"Acta Bot. Neerl.","24: 471","","1975 publ. 1976"
kew-234814,A,Costaceae,,Costus,,"villosissimus",,"","Jacq.",Accepted,,H,WCSP,234814,796399-1,"Fragm. Bot.","55","","1806"
kew-234815,A,Costaceae,,Costus,,"vinosus",,"","Maas",Accepted,,H,WCSP,234815,66928-2,"Acta Bot. Neerl.","24: 470","","1975 publ. 1976"
kew-234816,A,Costaceae,,Costus,,"violaceus",,"","Koechlin",Accepted,,H,WCSP,234816,872356-1,"in Fl. Gabon","9: 88","","1964"
kew-234817,A,Costaceae,,Costus,,"viridis",,"","S.Q.Tong",Accepted,,H,WCSP,234817,937726-1,"Acta Phytotax. Sin.","27: 289","","1989"
kew-234820,A,Costaceae,,Costus,,"wilsonii",,"","Maas",Accepted,,H,WCSP,234820,66931-2,"Acta Bot. Neerl.","24: 472","","1975 publ. 1976"
kew-234821,A,Costaceae,,Costus,,"woodsonii",,"","Maas",Accepted,,H,WCSP,234821,66932-2,"Fl. Neotrop. Monogr.","8: 101","","1972"
kew-234822,A,Costaceae,,Costus,,"zamoranus",,"","Steyerm.",Accepted,,H,WCSP,234822,66933-2,"Phytologia","9: 339","","1963"
kew-234825,A,Costaceae,,Costus,,"zingiberoides",,"","J.F.Macbr.",Accepted,,H,WCSP,234825,66934-2,"Publ. Field Mus. Nat. Hist., Bot. Ser.","11: 49","","1931"
kew-239705,A,Costaceae,,Dimerocostus,,"argenteus",,"","(Ruiz & Pav.) Maas",Accepted,,H,WCSP,239705,272112-1,"Rev. Palaeobot. Palynol.","7: 37","","1968"
kew-332571,A,Costaceae,,Dimerocostus,,"cryptocalyx",,"","N.R.Salinas & Betancur",Accepted,,H,WCSP,332571,,"Revista Acad. Colomb. Ci. Exact.","28: 466","","2004"
kew-239710,A,Costaceae,,Dimerocostus,,"strobilaceus",,"","Kuntze",Accepted,,H,WCSP,239710,80399-2,"Revis. Gen. Pl.","2: 687","","1891"
kew-239712,A,Costaceae,,Dimerocostus,,"strobilaceus",subsp.,"gutierrezii","(Kuntze) Maas",Accepted,,L,WCSP,239712,80401-2,"Fl. Neotrop. Monogr.","8: 23","","1972"
kew-254575,A,Costaceae,,Monocostus,,"uniflorus",,"","(Poepp. ex Petersen) Maas",Accepted,,H,WCSP,254575,163776-2,"Rev. Palaeobot. Palynol.","7: 37","","1968"
kew-344563,A,Costaceae,,Paracostus,,"englerianus",,"","(K.Schum.) C.D.Specht",Accepted,,H,WCSP,344563,77074397-1,"Taxon","55: 162","","2006"
kew-344564,A,Costaceae,,Paracostus,,"paradoxus",,"","(K.Schum.) C.D.Specht",Accepted,,H,WCSP,344564,77074398-1,"Taxon","55: 162","","2006"
kew-267921,A,Costaceae,,Tapeinochilos,,"acaulis",,"","K.Schum.",Accepted,,H,WCSP,267921,798229-1,"Fl. Kais. Wilh. Land","27","","1889"
kew-267922,A,Costaceae,,Tapeinochilos,,"ananassae",,"","(Hassk.) K.Schum.",Accepted,,H,WCSP,267922,873025-1,"Bot. Jahrb. Syst.","27: 349","","1899"
kew-267924,A,Costaceae,,Tapeinochilos,,"beccarii",,"","K.Schum.",Accepted,,H,WCSP,267924,798220-1,"Bot. Jahrb. Syst.","27: 348","","1899"
kew-267925,A,Costaceae,,Tapeinochilos,,"dahlii",,"","K.Schum.",Accepted,,H,WCSP,267925,798221-1,"Notizbl. Königl. Bot. Gart. Berlin","2: 101","","1898"
kew-267926,A,Costaceae,,Tapeinochilos,,"densus",,"","K.Schum.",Accepted,,H,WCSP,267926,798222-1,"Bot. Jahrb. Syst.","27: 349","","1899"
kew-267927,A,Costaceae,,Tapeinochilos,,"fissilabrum",,"","Gagnep.",Accepted,,H,WCSP,267927,873026-1,"Bull. Soc. Bot. France","55: 435","","1908"
kew-267928,A,Costaceae,,Tapeinochilos,,"globiceps",,"","K.Schum.",Accepted,,H,WCSP,267928,798223-1,"Bot. Jahrb. Syst.","27: 349","","1899"
kew-267929,A,Costaceae,,Tapeinochilos,,"hollrungii",,"","K.Schum.",Accepted,,H,WCSP,267929,798230-1,"Fl. Kais. Wilh. Land","26","","1889"
kew-267931,A,Costaceae,,Tapeinochilos,,"lauterbachii",,"","K.Schum.",Accepted,,H,WCSP,267931,798224-1,"Bot. Jahrb. Syst.","27: 348","","1899"
kew-267932,A,Costaceae,,Tapeinochilos,,"naumannii",,"","Warb.",Accepted,,H,WCSP,267932,798231-1,"Bot. Jahrb. Syst.","13: 278","","1891"
kew-267933,A,Costaceae,,Tapeinochilos,,"piniformis",,"","Warb.",Accepted,,H,WCSP,267933,798232-1,"Bot. Jahrb. Syst.","13: 277","","1891"
kew-267934,A,Costaceae,,Tapeinochilos,,"pubescens",,"","Ridl.",Accepted,,H,WCSP,267934,798233-1,"J. Bot.","24: 356","","1886"
kew-267938,A,Costaceae,,Tapeinochilos,,"recurvatus",,"","K.Schum.",Accepted,,H,WCSP,267938,798227-1,"Bot. Jahrb. Syst.","27: 349","","1899"
kew-267939,A,Costaceae,,Tapeinochilos,,"spectabilis",,"","K.Schum.",Accepted,,H,WCSP,267939,798228-1,"Bot. Jahrb. Syst.","27: 348","","1899"
kew-267941,A,Costaceae,,Tapeinochilos,,"tomentosus",,"","Valeton",Accepted,,H,WCSP,267941,873027-1,"Nova Guinea","8: 985","","1913"
kew-267942,A,Costaceae,,Tapeinochilos,,"versteegii",,"","Valeton",Accepted,,H,WCSP,267942,873028-1,"Nova Guinea","8: 984","","1913"
