﻿ID,Major group,Family,Genus hybrid marker,Genus,Species hybrid marker,Species,Infraspecific rank,Infraspecific epithet,Authorship,Taxonomic status in TPL,Nomenclatural status from original data source,Confidence level,Source,Source id,IPNI id,Publication,Collation,Page,Date
tro-26600002,P,Cystopteridaceae,,Acystopteris,,"japonica",,"","(Luerss.) Nakai",Accepted,,M,TRO,26600002,1115100-2,"Bot. Mag. (Tokyo)","47(555): 180","180","1933"
tro-26626088,P,Cystopteridaceae,,Acystopteris,,"taiwaniana",,"","(Tagawa) Á. Löve & D. Löve",Accepted,,M,TRO,26626088,17553650-1,"Taxon","26(2–3): 326","326","1977"
tro-26600004,P,Cystopteridaceae,,Acystopteris,,"tenuisecta",,"","(Blume) Tagawa",Accepted,,M,TRO,26600004,17367820-1,"Acta Phytotax. Geobot.","7(2): 73","73","1938"
ifn-55031,P,Cystopteridaceae,,Cyclopteris,,"dentata",,"","Gray",Unresolved,,L,IPNI,17075700-1,17075700-1,"Nat. Arr. Brit. Pl.","2. in corr. 1821","","1821"
ifn-55033,P,Cystopteridaceae,,Cyclopteris,,"regia",,"","Gray",Unresolved,,L,IPNI,17075720-1,17075720-1,"Nat. Arr. Brit. Pl.","2. in corr. 1821","","1821"
ifn-88547,P,Cystopteridaceae,,Cystea,,"alpina",,"","Sm.",Unresolved,,L,IPNI,17076120-1,17076120-1,"Engl. Fl.","4. 291. 1828","","1828"
ifn-55041,P,Cystopteridaceae,,Cystea,,"montana",,"","Watt",Unresolved,,L,IPNI,17318140-1,17318140-1,"Canad. Naturalist","II. 13. 160. 1867.","","1867"
ifn-88597,P,Cystopteridaceae,,Cystea,,"regia",,"","Sm.",Unresolved,,L,IPNI,17268440-1,17268440-1,"Engl. Fl.","4: 275, 302","","1828"
tro-26617899,P,Cystopteridaceae,,Cystoathyrium,,"chinense",,"","Ching",Accepted,,M,TRO,26617899,17434670-1,"Acta Phytotax. Sin.","11(1): 23–24, pl. 4","23","1966"
ifn-55052,P,Cystopteridaceae,,Cystopteris,,"abyssinica",,"","F",Unresolved,,L,IPNI,17076220-1,17076220-1,"M","300. 1850-52","","1850"
ifn-55054,P,Cystopteridaceae,,Cystopteris,,"affinis",,"","F",Unresolved,,L,IPNI,17076240-1,17076240-1,"M","299. 1850-52","","1850"
ifn-55056,P,Cystopteridaceae,,Cystopteris,,"albescens",,"","Link",Unresolved,,L,IPNI,17076250-1,17076250-1,"Fil. sp.","47. 1841","","1841"
tro-26610731,P,Cystopteridaceae,,Cystopteris,,"almaatensis",,"","Kotukhov",Unresolved,,L,TRO,26610731,17434680-1,"Bot. Mater. Gerb. Bot. Inst. Bot. Akad. Nauk Kazakhsk. S.S.R.","4: 27, fig. 1","27","1966"
tro-50042552,P,Cystopteridaceae,,Cystopteris,,"alpina",,"","(Jacq.) Desv.",Accepted,,M,TRO,50042552,17076270-1,"Mém. Soc. Linn. Paris","6: 264","264","1827"
ifn-55061,P,Cystopteridaceae,,Cystopteris,,"anthriscifolia",,"","Fomin in Kusn. & al.Fl.",Unresolved,,L,IPNI,17387140-1,17387140-1,"Fl. Caucas. Crit.","1(1): 15. 1911.","","1911"
ifn-55062,P,Cystopteridaceae,,Cystopteris,,"apiiformis",,"","Gand.",Unresolved,,L,IPNI,75662-2,75662-2,"Bull. Soc. Bot. France","60: 28","","1913"
ifn-55065,P,Cystopteridaceae,,Cystopteris,,"atrovirescens",,"","C.Presl",Unresolved,,L,IPNI,17076300-1,17076300-1,"Tent. Pterid.","93. 1836; Epim. 66. 1849 (atrovirens)","","1836"
ifn-55066,P,Cystopteridaceae,,Cystopteris,,"azorica",,"","F",Unresolved,,L,IPNI,17076310-1,17076310-1,"M","300. 1850-52","","1850"
ifn-55068,P,Cystopteridaceae,,Cystopteris,,"blindi",,"","P.Parm.",Unresolved,,L,IPNI,17076330-1,17076330-1,"Bull. Acad. Geogr. Bot. Le Mans","9. 40 c. tab. 1900","","1900"
tro-100367860,P,Cystopteridaceae,,Cystopteris,,"brasiliana",,"","C. Presl",Unresolved,,L,TRO,100367860,17076340-1,"Tent. Pterid.","93","93","1836"
ifn-55070,P,Cystopteridaceae,,Cystopteris,,"brevinervis",,"","F",Unresolved,,L,IPNI,17076350-1,17076350-1,"M","300. 1850-52; 7 mem. 65 t. 26 f. 2","","1850"
tro-26602771,P,Cystopteridaceae,,Cystopteris,,"bulbifera",,"","(L.) Bernh.",Accepted,,M,TRO,26602771,17076360-1,"Neues J. Bot.","1(2): 10","10","1806"
ifn-55077,P,Cystopteridaceae,,Cystopteris,,"caucasica",,"","F",Unresolved,,L,IPNI,17076380-1,17076380-1,"M","299. 1850-52","","1850"
ifn-55078,P,Cystopteridaceae,,Cystopteris,,"chilensis",,"","F",Unresolved,,L,IPNI,17076390-1,17076390-1,"M","300. 1850-52","","1850"
ifn-55079,P,Cystopteridaceae,,Cystopteris,,"christii",,"","Hahne",Unresolved,,L,IPNI,17244810-1,17244810-1,"Allg. Bot. Z. Syst.","10. 103. 1904","","1904"
ifn-55080,P,Cystopteridaceae,,Cystopteris,,"comosa",,"","C.Presl",Unresolved,,L,IPNI,17076400-1,17076400-1,"Tent. Pterid.","93. 1836","","1836"
ifn-55081,P,Cystopteridaceae,,Cystopteris,,"crenata",,"","Fr.",Unresolved,,L,IPNI,17076410-1,17076410-1,"Novit. Fl. Suec. Mant.","3(11): 165","","1845"
ifn-55082,P,Cystopteridaceae,,Cystopteris,,"dalhousiana",,"","F",Unresolved,,L,IPNI,17076420-1,17076420-1,"","","","1857"
tro-50073145,P,Cystopteridaceae,,Cystopteris,,"deqinensis",,"","Z.R. Wang",Accepted,,M,TRO,50073145,17563530-1,"Acta Phytotax. Sin.","32(1): 84–85, pl. 1, f. 6","84","1994"
tro-26621005,P,Cystopteridaceae,,Cystopteris,,"dimidiata",,"","Decne.",Unresolved,,L,TRO,26621005,,"Voy. Inde","4: 177–178, t. 178","177","1844"
tro-26602772,P,Cystopteridaceae,,Cystopteris,,"douglasii",,"","Hook.",Unresolved,,L,TRO,26602772,,"","","",""
ifn-55093,P,Cystopteridaceae,,Cystopteris,,"emarginata",,"","Hook.",Unresolved,,L,IPNI,17076480-1,17076480-1,"Sp. Fil.","1. 201. 1846","","1846"
ifn-55095,P,Cystopteridaceae,,Cystopteris,,"emarginulata",,"","C.Presl",Unresolved,,L,IPNI,17076490-1,17076490-1,"Tent. Pterid.","93. 1836; Epim. 65. 1849","","1849"
ifn-55104,P,Cystopteridaceae,,Cystopteris,,"filix fragilis",,"","Chiov.",Unresolved,,L,IPNI,17076510-1,17076510-1,"Ann. di Bot.","1: 210","","1903"
tro-26603560,P,Cystopteridaceae,,Cystopteris,,"filix-femina",,"","Coss. & Germ.",Unresolved,,L,TRO,26603560,,"Fl. Env. Paris","670","670","1845"
tro-26600121,P,Cystopteridaceae,,Cystopteris,,"fragilis",,"","(L.) Bernh.",Accepted,,M,TRO,26600121,,"Neues J. Bot.","1(2): 27","27","1806"
tro-100362461,P,Cystopteridaceae,,Cystopteris,,"fragilis",var.,"altajensis","(Gureeva) Stepanov",Accepted,,L,TRO,100362461,17562420-1,"Sibirsk. Biol. Žurn.","1993(1): 50","50","1993"
tro-50069059,P,Cystopteridaceae,,Cystopteris,,"fragilis",subsp.,"canariensis","Christ",Accepted,,L,TRO,50069059,,"","","",""
ifn-55225,P,Cystopteridaceae,,Cystopteris,,"fragilis x asplenium trichomanes",,"","",Unresolved,,L,IPNI,17076540-1,17076540-1,"","","",""
ifn-55226,P,Cystopteridaceae,,Cystopteris,,"fragilis x montana",,"","Christ",Unresolved,,L,IPNI,17076530-1,17076530-1,"Farnkr. d. Schweiz","162 f. 28. 1900","","1900"
tro-50210567,P,Cystopteridaceae,,Cystopteris,,"fumarioides",,"","(C. Presl) Kunze",Accepted,,M,TRO,50210567,,"Linnaea","9(1): 97","97","1834"
ifn-55153,P,Cystopteridaceae,,Cystopteris,,"gigantea",,"","C.Presl",Unresolved,,L,IPNI,17076560-1,17076560-1,"Tent. Pterid.","93. 1836","","1836"
tro-50109826,P,Cystopteridaceae,,Cystopteris,,"guizhouensis",,"","X.Y. Wang & P.S. Wang",Accepted,,M,TRO,50109826,17568380-1,"Acta Bot. Yunnan.","19(2): 141–142, f. 1","141","1997"
ifn-55156,P,Cystopteridaceae,,Cystopteris,,"hirta",,"","Klotzsch",Unresolved,,L,IPNI,17076570-1,17076570-1,"Linnaea","20. 361. 1847","","1847"
tro-26605936,P,Cystopteridaceae,,Cystopteris,×,"illinoensis",,"","R.C. Moran",Accepted,,M,TRO,26605936,17503320-1,"Amer. Fern J.","72: 43, f. s.n.","43","1982"
tro-50042559,P,Cystopteridaceae,,Cystopteris,,"javensis",,"","(Willd.) Desv.",Accepted,,M,TRO,50042559,17076600-1,"Mém. Soc. Linn. Paris","6: 265","265","1827"
tro-26623362,P,Cystopteridaceae,,Cystopteris,,"kansuana",,"","C. Chr.",Accepted,,M,TRO,26623362,17318220-1,"J. Wash. Acad. Sci.","17(19): 499–500","499","1927"
ifn-55163,P,Cystopteridaceae,,Cystopteris,,"laciniata",,"","Col.",Unresolved,,L,IPNI,17076610-1,17076610-1,"Trans. New Zealand Inst.","31. 265. 1899","","1899"
ifn-55164,P,Cystopteridaceae,,Cystopteris,×,"laurentiana",,"","Blasdell",Unresolved,,L,IPNI,17434730-1,17434730-1,"Mem. Torrey Bot. Club","21: 51. 1963.","","1963"
tro-26602775,P,Cystopteridaceae,,Cystopteris,,"laurentiana",,"","(Weath.) Blasdell (pro hybr.)",Accepted,,M,TRO,26602775,,"Mem. Torrey Bot. Club","21(4): 51","51","1963"
ifn-55165,P,Cystopteridaceae,,Cystopteris,,"leptophylla",,"","C.Presl",Unresolved,,L,IPNI,17076620-1,17076620-1,"Tent. Pterid.","93. 1836","","1836"
ifn-55167,P,Cystopteridaceae,,Cystopteris,,"maborasensis",,"","Masam.",Unresolved,,L,IPNI,17387180-1,17387180-1,"Trans. Nat. Hist. Soc. Formosa","28: 141. 1938.","","1938"
tro-26607790,P,Cystopteridaceae,,Cystopteris,,"membranifolia",,"","Mickel",Accepted,,M,TRO,26607790,75698-2,"Amer. Fern J.","62: 93, f. 1","93","1972"
ifn-55170,P,Cystopteridaceae,,Cystopteris,,"mexicana",,"","F",Unresolved,,L,IPNI,17076640-1,17076640-1,"M","30. 1850-52","","1850"
tro-50268159,P,Cystopteridaceae,,Cystopteris,,"millefolia",,"","Mickel & Tejero",Accepted,,M,TRO,50268159,60430498-2,"Brittonia","56(2): 115–117, f. 1A–C","115","2004"
tro-26618421,P,Cystopteridaceae,,Cystopteris,,"modesta",,"","Ching",Accepted,,M,TRO,26618421,17387190-1,"Bull. Fan Mem. Inst. Biol., Bot.","10(1): 5–6","5","1940"
tro-26602776,P,Cystopteridaceae,,Cystopteris,,"montana",,"","(Lam.) Bernh. ex Desv.",Accepted,,M,TRO,26602776,60451528-2,"Neues J. Bot.","1(2): 26","26","1806"
ifn-55175,P,Cystopteridaceae,,Cystopteris,×,"montserratii",,"","Prada & Salvo",Unresolved,,L,IPNI,17510860-1,17510860-1,"Anales Jard. Bot. Madrid","41(2): 466","","1985 [1984 publ. 1985]"
tro-26617849,P,Cystopteridaceae,,Cystopteris,,"moupinensis",,"","Franch.",Accepted,,M,TRO,26617849,17291340-1,"Nouv. Arch. Mus. Hist. Nat., sér. 2,","10: 111","111","1887"
ifn-55178,P,Cystopteridaceae,,Cystopteris,,"nivalis",,"","Pic.Serm.",Unresolved,,L,IPNI,17434750-1,17434750-1,"Webbia","23: 173. 1968.","","1968"
ifn-55179,P,Cystopteridaceae,,Cystopteris,,"nodosa",,"","Mett.",Unresolved,,L,IPNI,17076680-1,17076680-1,"Ann. Mus. Bot. Lugduno-Batavi","1. 241. 1864","","1864"
ifn-55180,P,Cystopteridaceae,,Cystopteris,,"novae-zealandicae",,"","J.B.Armstr.",Unresolved,,L,IPNI,17076690-1,17076690-1,"Trans. & Proc. New Zealand Inst.","13: 360","","1881 [Apr1881]"
ifn-55181,P,Cystopteridaceae,,Cystopteris,,"obovata",,"","C.Presl",Unresolved,,L,IPNI,17076700-1,17076700-1,"Tent. Pterid.","93. 1836","","1836"
tro-26604059,P,Cystopteridaceae,,Cystopteris,,"obtusa",,"","C.Presl",Unresolved,,L,TRO,26604059,17076710-1,"Tent. Pterid.","93","93","1836"
tro-26612722,P,Cystopteridaceae,,Cystopteris,,"pellucida",,"","(Franch.) Ching",Accepted,,M,TRO,26612722,17318230-1,"Index Filic., Suppl. 3,","67","67","1934"
ifn-55186,P,Cystopteridaceae,,Cystopteris,,"perriniana",,"","Link",Unresolved,,L,IPNI,17076740-1,17076740-1,"Hort. Berol.","2. 131. 1833","","1833"
ifn-55188,P,Cystopteridaceae,,Cystopteris,,"pontederae",,"","Link",Unresolved,,L,IPNI,17076750-1,17076750-1,"Fil. sp.","45. 1841","","1841"
tro-26602777,P,Cystopteridaceae,,Cystopteris,,"protrusa",,"","(Weath.) Blasdell",Accepted,,M,TRO,26602777,75699-2,"Mem. Torrey Bot. Club","21(4): 41","41","1963"
ifn-55190,P,Cystopteridaceae,,Cystopteris,,"pseudoregia",,"","Rivas Mart.",Unresolved,,L,IPNI,20009255-1,20009255-1,"Itinera Geobot.","15(2): 700 (2002)","","2002"
tro-26600122,P,Cystopteridaceae,,Cystopteris,,"reevesiana",,"","Lellinger",Accepted,,M,TRO,26600122,295161-2,"Amer. Fern J.","71: 92","92","1981"
tro-26610734,P,Cystopteridaceae,,Cystopteris,,"regia",,"","(L.) Desv.",Accepted,,M,TRO,26610734,17076760-1,"Mém. Soc. Linn. Paris","6: 264","264","1827"
ifn-55194,P,Cystopteridaceae,,Cystopteris,,"retusa",,"","Decne.",Unresolved,,L,IPNI,17076770-1,17076770-1,"in Jacquem. Voy. Bot.","4. 176 t. 177. 1844","","1844"
ifn-55195,P,Cystopteridaceae,,Cystopteris,,"rhaetica",,"","Link",Unresolved,,L,IPNI,17076780-1,17076780-1,"Hort. Berol.","2. 131. 1833","","1833"
tro-26625377,P,Cystopteridaceae,,Cystopteris,,"rufescens",,"","Fée",Unresolved,,L,TRO,26625377,,"Mém. Foug.","5: 300","300","1852"
ifn-55197,P,Cystopteridaceae,,Cystopteris,,"sandwicensis",,"","Brack.",Unresolved,,L,IPNI,17076800-1,17076800-1,"U.S. Expl. Exped., Filic.","16: 234","","1854"
tro-50050796,P,Cystopteridaceae,,Cystopteris,,"stipellata",,"","Alderw.",Unresolved,,L,TRO,50050796,17244830-1,"Bull. Jard. Bot. Buitenzorg, sér. 2,","1: 4","4","1911"
tro-26610735,P,Cystopteridaceae,,Cystopteris,,"sudetica",,"","A. Braun & Milde",Accepted,,M,TRO,26610735,,"Jahresber. Schles. Ges. Vaterl. Cult.","1855: 92","92","1855"
tro-50306003,P,Cystopteridaceae,,Cystopteris,,"tasmanica",,"","Hook.",Unresolved,,L,TRO,50306003,,"","","",""
ifn-55208,P,Cystopteridaceae,,Cystopteris,,"taygetensis",,"","Heldr. & Sart.in Heldr.",Unresolved,,L,IPNI,17076870-1,17076870-1,"Herb. norm.","n. 35; Salom Nom. 147. 1883","","1883"
tro-26602778,P,Cystopteridaceae,,Cystopteris,,"tennesseensis",,"","Shaver",Accepted,,M,TRO,26602778,17387210-1,"J. Tennessee Acad. Sci.","25(2): 107","107","1950"
ifn-55210,P,Cystopteridaceae,,Cystopteris,,"tenuifolia",,"","Alderw.",Unresolved,,L,IPNI,17318250-1,17318250-1,"Bull. Buit.","II no. 28. 16. 1918.","","1918"
tro-26604230,P,Cystopteridaceae,,Cystopteris,,"tenuis",,"","(Michx.) Desv.",Accepted,,M,TRO,26604230,17076880-1,"Mém. Soc. Linn. Paris","6: 263","263","1827"
ifn-55213,P,Cystopteridaceae,,Cystopteris,,"termale",,"","A.P.Khokhr.",Unresolved,,L,IPNI,17507370-1,17507370-1,"Byull. Mosk. Obshch. Isp-t. Prir., Biol.","88(5): 95 (1983)","","1983"
tro-50073146,P,Cystopteridaceae,,Cystopteris,,"tibetica",,"","Z.R. Wang",Accepted,,M,TRO,50073146,17563540-1,"Acta Phytotax. Sin.","32(1): 85, pl. 1, f. 7","85","1994"
ifn-55217,P,Cystopteridaceae,,Cystopteris,,"tristis",,"","Mett.",Unresolved,,L,IPNI,17076910-1,17076910-1,"Ann. Mus. Bot. Lugduno-Batavi","1. 241. 1864","","1864"
ifn-88549,P,Cystopteridaceae,,Cystopteris,,"ulei",,"","Christ in Schwacke",Unresolved,,L,IPNI,17076920-1,17076920-1,"Pl. Nov. Mineiras","2. 30. 1900; Bull. Boiss. II. 2. 637. 1902","","1900"
tro-26613856,P,Cystopteridaceae,,Cystopteris,,"utahensis",,"","Windham & Haufler",Accepted,,M,TRO,26613856,275634-2,"Amer. Fern J.","81(1): 13–14","13","1991"
ifn-55220,P,Cystopteridaceae,,Cystopteris,,"vestita",,"","C.Presl",Unresolved,,L,IPNI,17076930-1,17076930-1,"Tent. Pterid.","93. 1836","","1836"
tro-50042549,P,Cystopteridaceae,,Cystopteris,,"villosa",,"","(Bory ex Willd.) Desv.",Accepted,,M,TRO,50042549,17076940-1,"Mém. Soc. Linn. Paris","6: 263","263","1827"
tro-26600123,P,Cystopteridaceae,,Cystopteris,×,"wagneri",,"","R.C. Moran",Accepted,,M,TRO,26600123,17507380-1,"Castanea","48: 224, f.","224","1983"
tro-26615194,P,Cystopteridaceae,,Cystopteris,,"wagneri",,"","R.C. Moran",Unresolved,,L,TRO,26615194,,"Castanea","","",""
tro-100376239,P,Cystopteridaceae,,Gymnocarpium,×,"achriosporum",,"","Sarvela",Unresolved,,L,TRO,100376239,17550980-1,"Ann. Bot. Fenn.","15(2): 104","104","1978"
tro-26613860,P,Cystopteridaceae,,Gymnocarpium,,"appalachianum",,"","Pryer & Haufler",Accepted,,M,TRO,26613860,301167-2,"Syst. Bot.","18: ?","?","1993"
ifn-56428,P,Cystopteridaceae,,Gymnocarpium,×,"bipinnatifidum",,"","Miyam.",Unresolved,,L,IPNI,17527950-1,17527950-1,"J. Jap. Bot.","63(1): 19 (1988)","","1988"
ifn-56429,P,Cystopteridaceae,,Gymnocarpium,,"brittonianum",,"","Sarvela",Unresolved,,L,IPNI,1125186-2,1125186-2,"Syst. Bot.","18: 168-169","","1993"
tro-100376238,P,Cystopteridaceae,,Gymnocarpium,×,"brittonianum",,"","(Sarvela) Pryer & Haufler",Accepted,,M,TRO,100376238,17547570-1,"Syst. Bot.","18(1): 168","168","1993"
tro-26610347,P,Cystopteridaceae,,Gymnocarpium,,"disjunctum",,"","(Rupr.) Ching",Accepted,,M,TRO,26610347,17440270-1,"Acta Phytotax. Sin.","10(4): 304","304","1965"
tro-26600166,P,Cystopteridaceae,,Gymnocarpium,,"dryopteris",,"","(L.) Newman",Accepted,,M,TRO,26600166,17112110-1,"Phytologist","4: append. xxiv","append. xxiv","1851"
tro-26613866,P,Cystopteridaceae,,Gymnocarpium,,"ehrenbergiana",,"","Klotzsch",Unresolved,,L,TRO,26613866,,"","","",""
tro-26610348,P,Cystopteridaceae,,Gymnocarpium,,"fedtschenkoanum",,"","Pojark.",Unresolved,,L,TRO,26610348,,"","","",""
tro-26602285,P,Cystopteridaceae,,Gymnocarpium,×,"heterosporum",,"","W.H. Wagner (pro. sp.)",Unresolved,,L,TRO,26602285,115524-2,"Rhodora","68: 132, f. 2–7","132","1966"
tro-26610349,P,Cystopteridaceae,,Gymnocarpium,,"heterosporum",,"","Wagner",Accepted,,M,TRO,26610349,,"","","",""
tro-26604933,P,Cystopteridaceae,,Gymnocarpium,×,"intermedium",,"","Sarvela",Unresolved,,L,TRO,26604933,17550990-1,"Ann. Bot. Fenn.","15(2): 105","105","1978"
tro-26604919,P,Cystopteridaceae,,Gymnocarpium,,"jessoense",,"","(Koidz.) Koidz.",Accepted,,M,TRO,26604919,17396800-1,"Acta Phytotax. Geobot.","5(1): 40","40","1936"
tro-26610351,P,Cystopteridaceae,,Gymnocarpium,,"jessoense",subsp.,"parvulum","Sarvela",Accepted,,L,TRO,26610351,292163-2,"Ann. Bot. Fenn.","15: 103","103","1978"
ifn-56449,P,Cystopteridaceae,,Gymnocarpium,,"obtusifolium",,"","O.Schwarz",Unresolved,,L,IPNI,115525-2,115525-2,"Mitt. Th","1, heft 1: 84","","1949"
tro-26611868,P,Cystopteridaceae,,Gymnocarpium,,"oyamense",,"","(Baker) Ching",Accepted,,M,TRO,26611868,17332560-1,"Contr. Biol. Lab. Sci. Soc. China","9(1): 40, f. 3","40","1933"
tro-26604887,P,Cystopteridaceae,,Gymnocarpium,,"remotepinnatum",,"","(Hayata) Ching",Accepted,,M,TRO,26604887,,"Bull. Chin. Bot. Soc.","1(2): 14","14","1935"
tro-26618898,P,Cystopteridaceae,,Gymnocarpium,,"remotum",,"","Ching",Unresolved,,L,TRO,26618898,17332580-1,"Contr. Biol. Lab. Chin. Assoc. Advancem. Sci., Sect. Bot.","9(1): 41","41","1933"
tro-26602286,P,Cystopteridaceae,,Gymnocarpium,,"robertianum",,"","(Hoffm.) Newman",Accepted,,M,TRO,26602286,17112130-1,"Phytologist","4: 371, append. 24","371","1851"
tro-50173242,P,Cystopteridaceae,,Rhizomatopteris,,"sudetica",,"","A.P. Khokhr.",Unresolved,,L,TRO,50173242,17519130-1,"Fl. Magadan. Obl.","347","347","1985"
