﻿ID,Major group,Family,Genus hybrid marker,Genus,Species hybrid marker,Species,Infraspecific rank,Infraspecific epithet,Authorship,Taxonomic status in TPL,Nomenclatural status from original data source,Confidence level,Source,Source id,IPNI id,Publication,Collation,Page,Date
tro-35102433,B,Daltoniaceae,,Actinodontium,,"adscendens",,"","Schwägr.",Accepted,,M,TRO,35102433,,"Sp. Musc. Frond., Suppl. 2","2(1): 75. pl. 174","75","1826"
tro-35102434,B,Daltoniaceae,,Actinodontium,,"dusenii",,"","Broth.",Accepted,,M,TRO,35102434,,"Bot. Jahrb. Syst.","24: 260","260","1897"
tro-35201314,B,Daltoniaceae,,Actinodontium,,"integrifolium",,"","(Broth.) S.P. Churchill",Accepted,,M,TRO,35201314,,"Mem. New York Bot. Gard.","82: 49","49","1998"
tro-35201315,B,Daltoniaceae,,Actinodontium,,"pygmaeum",,"","W.R. Buck",Accepted,,M,TRO,35201315,,"Mem. New York Bot. Gard.","82: 48. pl. 16: f. 9–14","48","1998"
tro-35102438,B,Daltoniaceae,,Actinodontium,,"rhaphidostegum",,"","(Müll. Hal.) Bosch & Sande Lac.",Accepted,,M,TRO,35102438,,"Bryol. Jav.","2: 37. 160","37","1862"
tro-35102439,B,Daltoniaceae,,Actinodontium,,"sprucei",,"","(Mitt.) A. Jaeger",Accepted,,M,TRO,35102439,,"Ber. Thätigk. St. Gallischen Naturwiss. Ges.","1875–76: 325 (Gen. Sp. Musc. 2: 229)","325 ","1877"
tro-35102440,B,Daltoniaceae,,Actinodontium,,"standleyi",,"","E.B. Bartram",Accepted,,M,TRO,35102440,,"Bryologist","49: 119","119","1946"
tro-35102442,B,Daltoniaceae,,Actinodontium,,"streptopogoneum",,"","Broth.",Accepted,,M,TRO,35102442,,"Bot. Jahrb. Syst.","24: 260","260","1897"
tro-35102447,B,Daltoniaceae,,Adelothecium,,"bogotense",,"","(Hampe) Mitt.",Accepted,,M,TRO,35102447,,"J. Linn. Soc., Bot.","12: 391","391","1869"
tro-35103353,B,Daltoniaceae,,Amblytropis,,"gemmacea",,"","(Mitt.) Broth.",Accepted,,M,TRO,35103353,,"Nat. Pflanzenfam.","I(3): 954","954","1907"
tro-35103354,B,Daltoniaceae,,Amblytropis,,"hispidula",,"","(Mitt.) Broth.",Accepted,,M,TRO,35103354,,"Nat. Pflanzenfam.","I(3): 954","954","1907"
tro-35103355,B,Daltoniaceae,,Amblytropis,,"ovata",,"","(Mitt.) Broth.",Accepted,,M,TRO,35103355,,"Nat. Pflanzenfam.","I(3): 954","954","1907"
tro-35103356,B,Daltoniaceae,,Amblytropis,,"setosa",,"","(Mitt.) Broth.",Accepted,,M,TRO,35103356,,"Nat. Pflanzenfam.","I(3): 954","954","1907"
tro-35214039,B,Daltoniaceae,,Benitotania,,"elimbata",,"","H. Akiy., T. Yamag. & Suleiman",Accepted,,M,TRO,35214039,,"Bryologist","106. f. 1–4, 7–18: 456","456","2003"
tro-35140382,B,Daltoniaceae,,Callicosta,,"andersonii",,"","(Crosby) Crosby",Accepted,,M,TRO,35140382,,"Bryologist","81: 436","436","1978"
tro-35140383,B,Daltoniaceae,,Callicosta,,"armata",,"","(Broth.) Crosby",Accepted,,M,TRO,35140383,,"Bryologist","81: 436","436","1978"
tro-35140384,B,Daltoniaceae,,Callicosta,,"asperifolia",,"","(Mitt.) Crosby",Accepted,,M,TRO,35140384,,"Bryologist","81: 436","436","1978"
tro-35153176,B,Daltoniaceae,,Callicosta,,"bipinnata",,"","(Schwägr.) Müll. Hal.",Accepted,,M,TRO,35153176,,"Linnaea","21: 189","189","1848"
tro-35140385,B,Daltoniaceae,,Callicosta,,"corrugata",,"","(Renauld & Cardot) Crosby",Accepted,,M,TRO,35140385,,"Bryologist","81: 437","437","1978"
tro-35140386,B,Daltoniaceae,,Callicosta,,"cristata",,"","(Mitt.) Crosby",Accepted,,M,TRO,35140386,,"Bryologist","81: 437","437","1978"
tro-35140387,B,Daltoniaceae,,Callicosta,,"debilis",,"","(Besch.) Crosby",Accepted,,M,TRO,35140387,,"Bryologist","81: 436","436","1978"
tro-35140388,B,Daltoniaceae,,Callicosta,,"divaricata",,"","(Mitt.) Crosby",Accepted,,M,TRO,35140388,,"Bryologist","81: 436","436","1978"
tro-35140389,B,Daltoniaceae,,Callicosta,,"fendleri",,"","(Müll. Hal.) Crosby",Accepted,,M,TRO,35140389,,"Bryologist","81: 436","436","1978"
tro-35153180,B,Daltoniaceae,,Callicosta,,"filiformis",,"","(Hook. & Grev.) Müll. Hal.",Accepted,,M,TRO,35153180,,"Linnaea","21: 189","189","1848"
tro-35140390,B,Daltoniaceae,,Callicosta,,"husnotii",,"","(Schimp. ex Besch.) Crosby",Accepted,,M,TRO,35140390,,"Bryologist","81: 436","436","1978"
tro-35140391,B,Daltoniaceae,,Callicosta,,"longicaulis",,"","(Broth.) Crosby",Accepted,,M,TRO,35140391,,"Bryologist","81: 437","437","1978"
tro-35140392,B,Daltoniaceae,,Callicosta,,"lophophylla",,"","(Sull.) Crosby",Accepted,,M,TRO,35140392,,"Bryologist","81: 436","436","1978"
tro-35140393,B,Daltoniaceae,,Callicosta,,"luciae",,"","(Crosby) Crosby",Accepted,,M,TRO,35140393,,"Bryologist","81: 436","436","1978"
tro-35140394,B,Daltoniaceae,,Callicosta,,"procera",,"","(Mitt.) Crosby",Accepted,,M,TRO,35140394,,"Bryologist","81: 436","436","1978"
tro-35140395,B,Daltoniaceae,,Callicosta,,"ramosissima",,"","(Mitt.) Crosby",Accepted,,M,TRO,35140395,,"Bryologist","81: 436","436","1978"
tro-35140396,B,Daltoniaceae,,Callicosta,,"rugifolia",,"","(Müll. Hal.) Crosby",Accepted,,M,TRO,35140396,,"Bryologist","81: 437","437","1978"
tro-35183906,B,Daltoniaceae,,Calyptrochaeta,,"albescens",,"","(Hampe) W.R. Buck",Accepted,,M,TRO,35183906,,"Brittonia","39: 223","223","1987"
tro-35140407,B,Daltoniaceae,,Calyptrochaeta,,"apiculata",,"","(Hook. f. & Wilson) Vitt",Accepted,,M,TRO,35140407,,"Canad. J. Bot.","57: 2251","2251","1979"
tro-35140408,B,Daltoniaceae,,Calyptrochaeta,,"asplenioides",,"","(Brid.) Crosby",Accepted,,M,TRO,35140408,,"Rev. Bryol. Lichénol.","42: 712","712","1976"
tro-35188538,B,Daltoniaceae,,Calyptrochaeta,,"boniana",,"","(Besch.) B.C. Tan & Z. Iwats.",Accepted,,M,TRO,35188538,,"J. Hattori Bot. Lab.","74: 338","338","1993"
tro-35206942,B,Daltoniaceae,,Calyptrochaeta,,"brassii",,"","(E.B. Bartram) Streimann",Accepted,,M,TRO,35206942,,"J. Hattori Bot. Lab.","88: 108","108","2000"
tro-35183204,B,Daltoniaceae,,Calyptrochaeta,,"brownii",,"","(Dixon) J.K. Bartlett",Accepted,,M,TRO,35183204,,"Auckland Bot. Soc. Bull.","15: 15","15","1985"
tro-35154116,B,Daltoniaceae,,Calyptrochaeta,,"cristata",,"","(Hedw.) Desv.",Accepted,,M,TRO,35154116,,"Mém. Soc. Linn. Paris","3: 226","226","1825"
tro-35184141,B,Daltoniaceae,,Calyptrochaeta,,"deflexa",,"","(Müll. Hal.) S.P. Churchill",Accepted,,M,TRO,35184141,,"Trop. Bryol.","1: 119","119","1989"
tro-35140409,B,Daltoniaceae,,Calyptrochaeta,,"enervis",,"","(Nog. & Z. Iwats.) A. Touw",Accepted,,M,TRO,35140409,,"J. Hattori Bot. Lab.","44: 150","150","1978"
tro-35140410,B,Daltoniaceae,,Calyptrochaeta,,"flaccida",,"","(Broth.) Z. Iwats., B.C. Tan & A. Touw",Accepted,,M,TRO,35140410,,"J. Hattori Bot. Lab.","44: 150","150","1978"
tro-35140419,B,Daltoniaceae,,Calyptrochaeta,,"flexicollis",,"","(Mitt.) Vitt",Accepted,,M,TRO,35140419,,"Canad. J. Bot.","57: 2251","2251","1979"
tro-35140420,B,Daltoniaceae,,Calyptrochaeta,,"grandiretis",,"","(Broth.) H. Rob.",Accepted,,M,TRO,35140420,,"Smithsonian Contr. Bot.","27: 71","71","1975"
tro-35140421,B,Daltoniaceae,,Calyptrochaeta,,"haitensis",,"","(H.A. Crum & Steere) Crosby",Accepted,,M,TRO,35140421,,"Brenesia","4: 10","10","1974"
tro-35186451,B,Daltoniaceae,,Calyptrochaeta,,"isophylla",,"","H. Akiy.",Accepted,,M,TRO,35186451,,"J. Fac. Sci. Univ. Tokyo, Sect. 3, Bot.","14: 403. f. 43–47","403","1990"
tro-35140422,B,Daltoniaceae,,Calyptrochaeta,,"japonica",,"","(Cardot & Thér.) Z. Iwats. & Nog.",Accepted,,M,TRO,35140422,,"J. Hattori Bot. Lab.","46: 236","236","1979"
tro-35140423,B,Daltoniaceae,,Calyptrochaeta,,"leptoloma",,"","(Broth.) H. Rob.",Accepted,,M,TRO,35140423,,"Smithsonian Contr. Bot.","27: 72","72","1975"
tro-35211628,B,Daltoniaceae,,Calyptrochaeta,,"lucida",,"","(Thwaites & Mitt.) O'Shea",Accepted,,M,TRO,35211628,,"J. Hattori Bot. Lab.","92: 126","126","2002"
tro-35100050,B,Daltoniaceae,,Calyptrochaeta,,"marginata",,"","(Thér.) Pursell & W.D. Reese",Accepted,,M,TRO,35100050,,"J. Hattori Bot. Lab.","53: 466","466","1982"
tro-35186461,B,Daltoniaceae,,Calyptrochaeta,,"microblasta",,"","(Broth.) B.C. Tan & H. Rob.",Accepted,,M,TRO,35186461,,"Smithsonian Contr. Bot.","75: 9","9","1990"
tro-35201028,B,Daltoniaceae,,Calyptrochaeta,,"mniadelphus",,"","(Spruce ex Mitt.) S.P. Churchill",Accepted,,M,TRO,35201028,,"AAU Rep.","35: 170","170","1994"
tro-35204552,B,Daltoniaceae,,Calyptrochaeta,,"mollis",,"","(Besch.) Matteri",Accepted,,M,TRO,35204552,,"Fragm. Florist. Geobot.","43: 299","299","1998"
tro-35184142,B,Daltoniaceae,,Calyptrochaeta,,"nutans",,"","(Hampe) S.P. Churchill",Accepted,,M,TRO,35184142,,"Trop. Bryol.","1: 119","119","1989"
tro-35186298,B,Daltoniaceae,,Calyptrochaeta,,"odontoloma",,"","(Dusén ex Matteri) Matteri",Accepted,,M,TRO,35186298,,"Transecta Bot. Patagonia Austral","272","272","1985"
tro-35206941,B,Daltoniaceae,,Calyptrochaeta,,"otwayensis",,"","Streimann",Accepted,,M,TRO,35206941,,"J. Hattori Bot. Lab.","88: 116. f. 9","116","2000"
tro-35140424,B,Daltoniaceae,,Calyptrochaeta,,"parviretis",,"","(M. Fleisch.) Z. Iwats., B.C. Tan & A. Touw",Accepted,,M,TRO,35140424,,"J. Hattori Bot. Lab.","44: 150","150","1978"
tro-35216620,B,Daltoniaceae,,Calyptrochaeta,,"perlimbata",,"","(Dixon) B.C. Tan & B.C.Ho",Accepted,,M,TRO,35216620,,"J. Hattori Bot. Lab.","98: 220","220","2005"
tro-35186462,B,Daltoniaceae,,Calyptrochaeta,,"ramosa",,"","(M. Fleisch.) B.C. Tan & H. Rob.",Accepted,,M,TRO,35186462,,"Smithsonian Contr. Bot.","75: 10","10","1990"
tro-35190155,B,Daltoniaceae,,Calyptrochaeta,,"ramosa",subsp.,"spinosa","(Nog.) P.J. Lin & B.C. Tan",Accepted,,L,TRO,35190155,,"Harvard Pap. Bot.","7: 29","29","1995"
tro-35140425,B,Daltoniaceae,,Calyptrochaeta,,"remotifolia",,"","(Müll. Hal.) Z. Iwats., B.C. Tan & A. Touw",Accepted,,M,TRO,35140425,,"J. Hattori Bot. Lab.","44: 150","150","1978"
tro-35140426,B,Daltoniaceae,,Calyptrochaeta,,"rotundifolia",,"","(Nog. & Z. Iwats.) A. Touw",Accepted,,M,TRO,35140426,,"J. Hattori Bot. Lab.","44: 150","150","1978"
tro-35183905,B,Daltoniaceae,,Calyptrochaeta,,"setigera",,"","(Mitt.) W.R. Buck",Accepted,,M,TRO,35183905,,"Brittonia","39: 223","223","1987"
tro-35167802,B,Daltoniaceae,,Calyptrochaeta,,"spinosa",,"","(Nog.) Ninh",Accepted,,M,TRO,35167802,,"Acta Bot. Acad. Sci. Hung.","27: 159","159","1981"
tro-100376017,B,Daltoniaceae,,Calyptrochaeta,,"subremotifolia",,"","(Broth.) Fife",Accepted,,M,TRO,100376017,,"Telopea","13(3): 500","500","2011"
tro-35157127,B,Daltoniaceae,,Catharomnion,,"ciliatum",,"","(Hedw.) Wilson",Accepted,,M,TRO,35157127,,"Fl. Nov.-Zel.","2: 119","119","1855"
tro-35158804,B,Daltoniaceae,,Cyathophorella,,"adiantum",,"","(Griff.) M. Fleisch.",Accepted,,M,TRO,35158804,,"Musci Buitenzorg","3: 1094","1094","1908"
tro-35158805,B,Daltoniaceae,,Cyathophorella,,"africana",,"","(Dixon) Broth.",Accepted,,M,TRO,35158805,,"Nat. Pflanzenfam. (ed. 2)","11: 278","278","1925"
tro-35158809,B,Daltoniaceae,,Cyathophorella,,"burkillii",,"","(Dixon) Broth.",Accepted,,M,TRO,35158809,,"Nat. Pflanzenfam. (ed. 2)","11: 278","278","1925"
tro-35158813,B,Daltoniaceae,,Cyathophorella,,"hookeriana",,"","(Griff.) M. Fleisch.",Accepted,,M,TRO,35158813,,"Musci Buitenzorg","3: 1094","1094","1908"
tro-35158814,B,Daltoniaceae,,Cyathophorella,,"intermedia",,"","(Mitt.) Broth.",Accepted,,M,TRO,35158814,,"Nat. Pflanzenfam. (ed. 2)","11: 277","277","1925"
tro-35158815,B,Daltoniaceae,,Cyathophorella,,"japonica",,"","(Broth.) Broth.",Accepted,,M,TRO,35158815,,"Oefvers. Förh. Finska Vetensk.-Soc.","62A(9): 31","31","1921"
tro-35158825,B,Daltoniaceae,,Cyathophorella,,"parvifolia",,"","(Bosch & Sande Lac.) M. Fleisch.",Accepted,,M,TRO,35158825,,"Musci Buitenzorg","3: 1094","1094","1908"
tro-35158826,B,Daltoniaceae,,Cyathophorella,,"penicillata",,"","(Müll. Hal.) M. Fleisch.",Accepted,,M,TRO,35158826,,"Hedwigia","63: 212","212","1922"
tro-35158828,B,Daltoniaceae,,Cyathophorella,,"spinosa",,"","(Müll. Hal.) M. Fleisch.",Accepted,,M,TRO,35158828,,"Musci Buitenzorg","3: 1091","1091","1908"
tro-35158829,B,Daltoniaceae,,Cyathophorella,,"sublimbata",,"","(Thwaites & Mitt.) M. Fleisch.",Accepted,,M,TRO,35158829,,"Musci Buitenzorg","3: 1094","1094","1908"
tro-35158832,B,Daltoniaceae,,Cyathophorella,,"tahitensis",,"","(Besch.) M. Fleisch.",Accepted,,M,TRO,35158832,,"Musci Buitenzorg","3: 1096","1096","1908"
tro-35158833,B,Daltoniaceae,,Cyathophorella,,"tenera",,"","(Bosch & Sande Lac.) M. Fleisch.",Accepted,,M,TRO,35158833,,"Musci Buitenzorg","3: 1095","1095","1908"
tro-35158834,B,Daltoniaceae,,Cyathophorella,,"tonkinensis",,"","(Broth. & Paris) Broth.",Accepted,,M,TRO,35158834,,"Nat. Pflanzenfam. (ed. 2)","11: 278","278","1925"
tro-35100688,B,Daltoniaceae,,Daltonia,,"androgyna",,"","Geh. & Hampe",Accepted,,M,TRO,35100688,,"Flora","64: 405","405","1881"
tro-35100689,B,Daltoniaceae,,Daltonia,,"angustifolia",,"","Dozy & Molk.",Accepted,,M,TRO,35100689,,"Ann. Sci. Nat., Bot., sér. 3,","2: 302","302","1844"
tro-35100694,B,Daltoniaceae,,Daltonia,,"apiculata",,"","Mitt.",Accepted,,M,TRO,35100694,,"J. Proc. Linn. Soc., Bot., Suppl.","2: 145","145","1859"
tro-35100696,B,Daltoniaceae,,Daltonia,,"aristata",,"","Geh. & Hampe",Accepted,,M,TRO,35100696,,"Vidensk. Meddel. Dansk Naturhist. Foren. Kjøbenhavn","1: 121","121","1879"
tro-35100697,B,Daltoniaceae,,Daltonia,,"aristifolia",,"","Renauld & Cardot",Accepted,,M,TRO,35100697,,"Rev. Bryol.","23: 105","105","1896"
tro-35100700,B,Daltoniaceae,,Daltonia,,"armata",,"","E.B. Bartram",Accepted,,M,TRO,35100700,,"Farlowia","1: 508. f. 21–24","508","1944"
tro-35100701,B,Daltoniaceae,,Daltonia,,"baldwinii",,"","Broth.",Accepted,,M,TRO,35100701,,"Bernice P. Bishop Mus. Bull.","40: 24. 6 f. 21","24","1927"
tro-35100702,B,Daltoniaceae,,Daltonia,,"baumgartneri",,"","J. Froehl.",Accepted,,M,TRO,35100702,,"Ann. Naturhist. Mus. Wien","59: 97","97","1953"
tro-35100703,B,Daltoniaceae,,Daltonia,,"bilimbata",,"","Hampe",Accepted,,M,TRO,35100703,,"Linnaea","32: 151","151","1863"
tro-35100706,B,Daltoniaceae,,Daltonia,,"brasiliensis",,"","Mitt.",Accepted,,M,TRO,35100706,,"J. Linn. Soc., Bot.","12: 399","399","1869"
tro-35100709,B,Daltoniaceae,,Daltonia,,"brevinervis",,"","E.B. Bartram",Accepted,,M,TRO,35100709,,"Bull. Torrey Bot. Club","58: 37. f. 7","37","1931"
tro-35100710,B,Daltoniaceae,,Daltonia,,"brevipedunculata",,"","Mitt.",Accepted,,M,TRO,35100710,,"J. Proc. Linn. Soc., Bot., Suppl.","2: 146","146","1859"
tro-35140501,B,Daltoniaceae,,Daltonia,,"cardotii",,"","Bizot & Onr.",Accepted,,M,TRO,35140501,,"Rev. Bryol. Lichénol.","42: 851","851","1976"
tro-35100711,B,Daltoniaceae,,Daltonia,,"composita",,"","(Hedw.) Arn.",Accepted,,M,TRO,35100711,,"Mém. Soc. Linn. Paris","5: 295","295","1827"
tro-35100713,B,Daltoniaceae,,Daltonia,,"constricta",,"","P. de la Varde",Accepted,,M,TRO,35100713,,"Rev. Bryol. Lichénol.","26: 4. 3. f 1–7","4","1957"
tro-35100714,B,Daltoniaceae,,Daltonia,,"contorta",,"","Müll. Hal.",Accepted,,M,TRO,35100714,,"Syn. Musc. Frond.","2: 660","660","1851"
tro-35100715,B,Daltoniaceae,,Daltonia,,"contorta",subsp.,"mac-gregorii","(Broth.) M. Fleisch.",Accepted,,L,TRO,35100715,,"Musci Buitenzorg","3: 962","962","1908"
tro-35100719,B,Daltoniaceae,,Daltonia,,"cucullata",,"","Hampe",Accepted,,M,TRO,35100719,,"Linnaea","32: 151","151","1863"
tro-35140502,B,Daltoniaceae,,Daltonia,,"decolyi",,"","Broth. ex Gangulee",Accepted,,M,TRO,35140502,,"Mosses E. India","6: 1473. f. 733","1473","1977"
tro-35100722,B,Daltoniaceae,,Daltonia,,"disticha",,"","(Hedw.) Arn.",Accepted,,M,TRO,35100722,,"Mém. Soc. Linn. Paris","5: 295","295","1827"
tro-35100723,B,Daltoniaceae,,Daltonia,,"dusenii",,"","Müll. Hal. ex Broth.",Accepted,,M,TRO,35100723,,"Bot. Jahrb. Syst.","24: 259","259","1897"
tro-35100726,B,Daltoniaceae,,Daltonia,,"euryloma",,"","P. de la Varde",Accepted,,M,TRO,35100726,,"Rev. Bryol. Lichénol.","18: 18. 5","18","1949"
tro-35100729,B,Daltoniaceae,,Daltonia,,"filicina",,"","(Hedw.) Arn.",Accepted,,M,TRO,35100729,,"Mém. Soc. Linn. Paris","5: 295","295","1827"
tro-35100730,B,Daltoniaceae,,Daltonia,,"filiformis",,"","(Hedw.) Arn.",Accepted,,M,TRO,35100730,,"Mém. Soc. Linn. Paris","5: 296","296","1827"
tro-35100732,B,Daltoniaceae,,Daltonia,,"forsythii",,"","Broth. ex Cardot",Accepted,,M,TRO,35100732,,"Hist. Phys. Madagascar, Mousses","406","406","1915"
tro-35100734,B,Daltoniaceae,,Daltonia,,"gemmipara",,"","Dixon",Accepted,,M,TRO,35100734,,"J. Bombay Nat. Hist. Soc.","39: 786. 1 f. 14","786","1937"
tro-35140503,B,Daltoniaceae,,Daltonia,,"gomezii",,"","Crosby",Accepted,,M,TRO,35140503,,"Brenesia","4: 10. f. 15","10","1974"
tro-35100736,B,Daltoniaceae,,Daltonia,,"gracilis",,"","Mitt.",Accepted,,M,TRO,35100736,,"J. Linn. Soc., Bot.","12: 402","402","1869"
tro-35100738,B,Daltoniaceae,,Daltonia,,"heteromalla",,"","(Hedw.) Hook. & Taylor",Accepted,,M,TRO,35100738,,"Muscol. Brit.","81","81","1818"
tro-35100740,B,Daltoniaceae,,Daltonia,,"heterophylla",,"","(Brid.) Arn.",Accepted,,M,TRO,35100740,,"Mém. Soc. Linn. Paris","5: 296","296","1827"
tro-35100741,B,Daltoniaceae,,Daltonia,,"himalayensis",,"","Dixon & Herzog",Accepted,,M,TRO,35100741,,"Ann. Bryol.","12: 92. 12 a–e","92","1939"
tro-35100746,B,Daltoniaceae,,Daltonia,,"jamesonii",,"","Taylor",Accepted,,M,TRO,35100746,,"London J. Bot.","7: 283","283","1848"
tro-35100749,B,Daltoniaceae,,Daltonia,,"lamyana",,"","Mont.",Accepted,,M,TRO,35100749,,"Ann. Sci. Nat., Bot., sér. 2,","6: 327. pl. 18: f. 2","327","1836"
tro-35100750,B,Daltoniaceae,,Daltonia,,"latimarginata",,"","Besch.",Accepted,,M,TRO,35100750,,"Ann. Sci. Nat., Bot., sér. 6,","10: 277","277","1880"
tro-35100751,B,Daltoniaceae,,Daltonia,,"latolimbata",,"","Broth.",Accepted,,M,TRO,35100751,,"Biblioth. Bot.","87: 129","129","1916"
tro-35100753,B,Daltoniaceae,,Daltonia,,"leucoloma",,"","Hampe",Unresolved,,L,TRO,35100753,,"Vidensk. Meddel. Dansk Naturhist. Foren. Kjøbenhavn","6: 152","152","1875"
tro-35100754,B,Daltoniaceae,,Daltonia,,"lindigiana",,"","Hampe",Accepted,,M,TRO,35100754,,"Ann. Sci. Nat., Bot., sér. 5,","4: 363","363","1865"
tro-35100755,B,Daltoniaceae,,Daltonia,,"longicuspidata",,"","Müll. Hal.",Accepted,,M,TRO,35100755,,"Bull. Herb. Boissier","5: 201","201","1897"
tro-35100756,B,Daltoniaceae,,Daltonia,,"longifolia",,"","Taylor",Accepted,,M,TRO,35100756,,"London J. Bot.","7: 284","284","1848"
tro-35100757,B,Daltoniaceae,,Daltonia,,"longinervis",,"","Mitt.",Accepted,,M,TRO,35100757,,"J. Proc. Linn. Soc., Bot.","7: 163","163","1863"
tro-35100762,B,Daltoniaceae,,Daltonia,,"macrotheca",,"","Mitt.",Accepted,,M,TRO,35100762,,"J. Linn. Soc., Bot.","12: 402","402","1869"
tro-35100764,B,Daltoniaceae,,Daltonia,,"marginata",,"","Griff.",Accepted,,M,TRO,35100764,,"Calcutta J. Nat. Hist.","3: 270","270","1843"
tro-35100765,B,Daltoniaceae,,Daltonia,,"mildbraedii",,"","Broth.",Accepted,,M,TRO,35100765,,"Wiss. Erg. Deut. Zentr.-Afr. Exped., Bot.","2: 164. 14 f. 31","164","1910"
tro-35100767,B,Daltoniaceae,,Daltonia,,"minor",,"","Besch.",Unresolved,,L,TRO,35100767,,"Ann. Sci. Nat., Bot., sér. 6,","10: 277","277","1880"
tro-35100768,B,Daltoniaceae,,Daltonia,,"minuta",,"","Thér.",Accepted,,M,TRO,35100768,,"Rev. Bryol., n.s.","3: 39. 7 f. 1–8","39","1930"
tro-35188830,B,Daltoniaceae,,Daltonia,,"mittenii",,"","Kis",Accepted,,M,TRO,35188830,,"Proc. Third Meeting Bryol. C. & E. Europe","220","220","1984"
tro-35100775,B,Daltoniaceae,,Daltonia,,"ovalis",,"","Taylor",Accepted,,M,TRO,35100775,,"London J. Bot.","5: 66. 16k","66","1846"
tro-35100777,B,Daltoniaceae,,Daltonia,,"patula",,"","(Hedw.) Spreng.",Accepted,,M,TRO,35100777,,"Syst. Veg.","4(1): 187","187","1827"
tro-35186842,B,Daltoniaceae,,Daltonia,,"pellucida",,"","Herzog",Accepted,,M,TRO,35186842,,"Biblioth. Bot.","87: 128","128","1916"
tro-35100783,B,Daltoniaceae,,Daltonia,,"peruviana",,"","Mitt.",Accepted,,M,TRO,35100783,,"J. Linn. Soc., Bot.","12: 401","401","1869"
tro-35100784,B,Daltoniaceae,,Daltonia,,"plicata",,"","P. de la Varde",Accepted,,M,TRO,35100784,,"Ark. Bot., n.s.,","3: 181. f. 28","181","1955"
tro-35100785,B,Daltoniaceae,,Daltonia,,"polytrichoides",,"","(Hedw.) Arn.",Accepted,,M,TRO,35100785,,"Mém. Soc. Linn. Paris","5: 296","296","1827"
tro-35217616,B,Daltoniaceae,,Daltonia,,"prorata",,"","Kis",Accepted,,M,TRO,35217616,,"Acta Bot. Hung.","49: 105","105","2007"
tro-35100786,B,Daltoniaceae,,Daltonia,,"pseudostenophylla",,"","E.B. Bartram",Accepted,,M,TRO,35100786,,"Bernice P. Bishop Mus. Bull.","101: 189. 140 a–f","189","1933"
tro-35100787,B,Daltoniaceae,,Daltonia,,"pulvinata",,"","Mitt.",Accepted,,M,TRO,35100787,,"J. Linn. Soc., Bot.","12: 398","398","1869"
tro-35100789,B,Daltoniaceae,,Daltonia,,"reticulata",,"","Müll. Hal.",Accepted,,M,TRO,35100789,,"Linnaea","36: 20","20","1869"
tro-35186467,B,Daltoniaceae,,Daltonia,,"robbinsii",,"","(E.B. Bartram) B.C. Tan & H. Rob.",Accepted,,M,TRO,35186467,,"Smithsonian Contr. Bot.","75: 27","27","1990"
tro-35100792,B,Daltoniaceae,,Daltonia,,"rufescens",,"","Broth.",Accepted,,M,TRO,35100792,,"Bernice P. Bishop Mus. Bull.","40: 24. 6 f. 20","24","1927"
tro-35100795,B,Daltoniaceae,,Daltonia,,"scabriseta",,"","(Schwägr.) Arn.",Accepted,,M,TRO,35100795,,"Mém. Soc. Linn. Paris","5: 296","296","1827"
tro-35100796,B,Daltoniaceae,,Daltonia,,"schiffneri",,"","J. Froehl.",Accepted,,M,TRO,35100796,,"Ann. Naturhist. Mus. Wien","59: 99","99","1953"
tro-35100797,B,Daltoniaceae,,Daltonia,,"semitorta",,"","Mitt.",Accepted,,M,TRO,35100797,,"J. Proc. Linn. Soc., Bot., Suppl.","2: 146","146","1859"
tro-35100800,B,Daltoniaceae,,Daltonia,,"sphaerica",,"","Besch.",Accepted,,M,TRO,35100800,,"Bull. Soc. Bot. France","45: 119","119","1898"
tro-35100802,B,Daltoniaceae,,Daltonia,,"splachnoides",,"","(Sm.) Hook. & Taylor",Accepted,,M,TRO,35100802,,"Muscol. Brit.","80","80","1818"
tro-35100805,B,Daltoniaceae,,Daltonia,,"stenophylla",,"","Mitt.",Accepted,,M,TRO,35100805,,"J. Linn. Soc., Bot.","12: 402","402","1869"
tro-35100809,B,Daltoniaceae,,Daltonia,,"subangustifolia",,"","Renauld & Cardot",Accepted,,M,TRO,35100809,,"Bull. Soc. Roy. Bot. Belgique","41(1): 84","84","1905"
tro-35140505,B,Daltoniaceae,,Daltonia,,"subapiculata",,"","Hampe ex Gangulee",Accepted,,M,TRO,35140505,,"Mosses E. India","6: 1478. f. 737","1478","1977"
tro-35100812,B,Daltoniaceae,,Daltonia,,"tenuifolia",,"","Mitt.",Accepted,,M,TRO,35100812,,"J. Linn. Soc., Bot.","12: 402","402","1869"
tro-35100813,B,Daltoniaceae,,Daltonia,,"tortifolia",,"","Demaret & P. de la Varde",Accepted,,M,TRO,35100813,,"Bull. Jard. Bot. État Brux.","25: 353. 9","353","1955"
tro-35100815,B,Daltoniaceae,,Daltonia,,"trachyodonta",,"","Mitt.",Accepted,,M,TRO,35100815,,"J. Linn. Soc., Bot.","12: 400","400","1869"
tro-35162076,B,Daltoniaceae,,Daltonia,,"tristaniensis",,"","Dixon",Accepted,,M,TRO,35162076,,"Results Norweg. Sci. Exped. Tristan da Cunha","48: 39","39","1960"
tro-35100816,B,Daltoniaceae,,Daltonia,,"tuberculosa",,"","E.B. Bartram",Accepted,,M,TRO,35100816,,"Lloydia","5: 277. 40","277","1942"
tro-35100818,B,Daltoniaceae,,Daltonia,,"undulata",,"","(Hedw.) Arn.",Accepted,,M,TRO,35100818,,"Mém. Soc. Linn. Paris","5: 295","295","1827"
tro-35132457,B,Daltoniaceae,,Distichophyllidium,,"africanum",,"","Demaret & P. de la Varde",Accepted,,M,TRO,35132457,,"Bull. Jard. Bot. État Brux.","25: 354. 10","354","1955"
tro-35168365,B,Daltoniaceae,,Distichophyllidium,,"antarense",,"","Zanten",Accepted,,M,TRO,35168365,,"Nova Guinea, Bot.","10(16): 310. pl. 27: f. 1","310","1964"
tro-35132458,B,Daltoniaceae,,Distichophyllidium,,"jungermanniaceum",,"","Müll. Hal. ex M. Fleisch.",Accepted,,M,TRO,35132458,,"Musci Buitenzorg","3: 970","970","1908"
tro-35132459,B,Daltoniaceae,,Distichophyllidium,,"muticum",,"","Broth. & Paris",Accepted,,M,TRO,35132459,,"Oefvers. Förh. Finska Vetensk.-Soc.","53A (11): 30","30","1911"
tro-35132460,B,Daltoniaceae,,Distichophyllidium,,"nymanianum",,"","M. Fleisch.",Accepted,,M,TRO,35132460,,"Musci Buitenzorg","3: 967. f. 167: a–e","967","1908"
tro-35138463,B,Daltoniaceae,,Lepidopilum,,"adscendens",,"","(Schwägr.) Broth.",Accepted,,M,TRO,35138463,,"Nat. Pflanzenfam.","I(3): 959","959","1907"
tro-35138448,B,Daltoniaceae,,Lepidopilum,,"affine",,"","Müll. Hal.",Accepted,,M,TRO,35138448,,"Linnaea","21: 192","192","1848"
tro-35138451,B,Daltoniaceae,,Lepidopilum,,"ambiguum",,"","Broth.",Accepted,,M,TRO,35138451,,"Hedwigia","45: 282","282","1906"
tro-35138452,B,Daltoniaceae,,Lepidopilum,,"amplirete",,"","(Sull.) Mitt.",Accepted,,M,TRO,35138452,,"J. Linn. Soc., Bot.","12: 382","382","1869"
tro-35138454,B,Daltoniaceae,,Lepidopilum,,"angolense",,"","(Welw. & Duby) A. Jaeger",Accepted,,M,TRO,35138454,,"Ber. Thätigk. St. Gallischen Naturwiss. Ges.","1875–76: 330 (Gen. Sp. Musc. 2: 234)","330 ","1877"
tro-35138455,B,Daltoniaceae,,Lepidopilum,,"angustifrons",,"","Hampe",Accepted,,M,TRO,35138455,,"Linnaea","32: 153","153","1863"
tro-35138457,B,Daltoniaceae,,Lepidopilum,,"apiculatum",,"","E.B. Bartram",Unresolved,,L,TRO,35138457,,"J. Wash. Acad. Sci.","24(11): 477. f. 3","477","1934"
tro-35138458,B,Daltoniaceae,,Lepidopilum,,"apollinairei",,"","Broth. & Paris",Accepted,,M,TRO,35138458,,"Rev. Bryol.","33: 104","104","1906"
tro-35138459,B,Daltoniaceae,,Lepidopilum,,"apophysatum",,"","Hampe",Accepted,,M,TRO,35138459,,"Mém. Soc. Sci. Nat. Cherbourg","16: 229","229","1872"
tro-35138460,B,Daltoniaceae,,Lepidopilum,,"arcuatum",,"","Mitt.",Accepted,,M,TRO,35138460,,"J. Linn. Soc., Bot.","12: 374","374","1869"
tro-35138462,B,Daltoniaceae,,Lepidopilum,,"armatum",,"","Mitt.",Accepted,,M,TRO,35138462,,"J. Linn. Soc., Bot.","12: 380","380","1869"
tro-35138469,B,Daltoniaceae,,Lepidopilum,,"aurifolium",,"","Mitt.",Accepted,,M,TRO,35138469,,"J. Linn. Soc., Bot.","12: 371","371","1869"
tro-35138471,B,Daltoniaceae,,Lepidopilum,,"ballivianii",,"","Herzog",Accepted,,M,TRO,35138471,,"Biblioth. Bot.","87: 136. 59 b–d","136","1916"
tro-35138477,B,Daltoniaceae,,Lepidopilum,,"brevifolium",,"","Mitt.",Accepted,,M,TRO,35138477,,"J. Linn. Soc., Bot.","12: 385","385","1869"
tro-35138478,B,Daltoniaceae,,Lepidopilum,,"brevipes",,"","Mitt.",Accepted,,M,TRO,35138478,,"J. Linn. Soc., Bot.","12: 376","376","1869"
tro-35138479,B,Daltoniaceae,,Lepidopilum,,"brunneolum",,"","Müll. Hal.",Accepted,,M,TRO,35138479,,"Linnaea","40: 251","251","1876"
tro-35138482,B,Daltoniaceae,,Lepidopilum,,"calvum",,"","Mitt.",Accepted,,M,TRO,35138482,,"J. Linn. Soc., Bot.","12: 377","377","1869"
tro-35138483,B,Daltoniaceae,,Lepidopilum,,"carionis",,"","(Müll. Hal.) Paris",Accepted,,M,TRO,35138483,,"Index Bryol. Suppl.","221","221","1900"
tro-35138486,B,Daltoniaceae,,Lepidopilum,,"caudatum",,"","Müll. Hal.",Accepted,,M,TRO,35138486,,"Flora","58: 548","548","1875"
tro-35138487,B,Daltoniaceae,,Lepidopilum,,"caudicaule",,"","Müll. Hal.",Accepted,,M,TRO,35138487,,"Hedwigia","39: 272","272","1900"
tro-35138488,B,Daltoniaceae,,Lepidopilum,,"caviusculum",,"","Mitt.",Accepted,,M,TRO,35138488,,"J. Linn. Soc., Bot.","12: 383","383","1869"
tro-35138489,B,Daltoniaceae,,Lepidopilum,,"cespitosum",,"","Besch.",Accepted,,M,TRO,35138489,,"Ann. Sci. Nat., Bot., sér. 6,","10: 279","279","1880"
tro-35138490,B,Daltoniaceae,,Lepidopilum,,"chenagonii",,"","Renauld & Cardot",Accepted,,M,TRO,35138490,,"Suppl. Prodr. Fl. Bryol. Madagascar","80","80","1909"
tro-35138491,B,Daltoniaceae,,Lepidopilum,,"chloroneuron",,"","(Taylor) Hampe & Lorentz",Accepted,,M,TRO,35138491,,"Bot. Zeitung (Berlin)","26: 816","816","1868"
tro-35138493,B,Daltoniaceae,,Lepidopilum,,"contiguum",,"","Renauld & Cardot",Unresolved,,L,TRO,35138493,,"Bull. Soc. Roy. Bot. Belgique","32(1): 193","193","1894"
tro-35138494,B,Daltoniaceae,,Lepidopilum,,"convallium",,"","(Brid.) Mitt.",Accepted,,M,TRO,35138494,,"J. Linn. Soc., Bot.","12: 377","377","1869"
tro-35138496,B,Daltoniaceae,,Lepidopilum,,"crassisetum",,"","R.S. Williams",Accepted,,M,TRO,35138496,,"Bryologist","27: 42. 8","42","1924"
tro-35138498,B,Daltoniaceae,,Lepidopilum,,"cristatum",,"","(Hedw.) Hampe",Accepted,,M,TRO,35138498,,"Ann. Sci. Nat., Bot., sér. 5,","4: 367","367","1865"
tro-35138500,B,Daltoniaceae,,Lepidopilum,,"curvifolium",,"","Mitt.",Accepted,,M,TRO,35138500,,"J. Linn. Soc., Bot.","12: 374","374","1869"
tro-35138501,B,Daltoniaceae,,Lepidopilum,,"curvirameum",,"","(Müll. Hal.) Paris",Accepted,,M,TRO,35138501,,"Index Bryol. Suppl.","223","223","1900"
tro-35138502,B,Daltoniaceae,,Lepidopilum,,"cuspidans",,"","Mitt.",Accepted,,M,TRO,35138502,,"J. Linn. Soc., Bot.","12: 378","378","1869"
tro-35138504,B,Daltoniaceae,,Lepidopilum,,"daltoniaceum",,"","Hampe",Accepted,,M,TRO,35138504,,"Linnaea","32: 52","52","1863"
tro-35188299,B,Daltoniaceae,,Lepidopilum,,"denticulatum",,"","(Thér.) F.D. Bowers",Accepted,,M,TRO,35188299,,"Mem. New York Bot. Gard.","69: 801","801","1994"
tro-35138510,B,Daltoniaceae,,Lepidopilum,,"deppeanum",,"","(Müll. Hal.) Mitt.",Accepted,,M,TRO,35138510,,"J. Linn. Soc., Bot.","12: 383","383","1869"
tro-35138512,B,Daltoniaceae,,Lepidopilum,,"devexum",,"","Mitt.",Accepted,,M,TRO,35138512,,"J. Proc. Linn. Soc., Bot.","7: 159","159","1863"
tro-35138513,B,Daltoniaceae,,Lepidopilum,,"diaphanum",,"","(Sw. ex Hedw.) Mitt.",Accepted,,M,TRO,35138513,,"J. Linn. Soc., Bot.","12: 382","382","1869"
tro-35138515,B,Daltoniaceae,,Lepidopilum,,"divaricatum",,"","(Dozy & Molk.) Mitt.",Accepted,,M,TRO,35138515,,"J. Linn. Soc., Bot.","12: 379","379","1869"
tro-35138519,B,Daltoniaceae,,Lepidopilum,,"dusenii",,"","Müll. Hal. ex Broth.",Accepted,,M,TRO,35138519,,"Bot. Jahrb. Syst.","20: 202","202","1894"
tro-35138521,B,Daltoniaceae,,Lepidopilum,,"epiphyllum",,"","Mitt.",Accepted,,M,TRO,35138521,,"J. Linn. Soc., Bot.","12: 370","370","1869"
tro-35138522,B,Daltoniaceae,,Lepidopilum,,"erectiusculum",,"","(Taylor) Mitt.",Accepted,,M,TRO,35138522,,"J. Linn. Soc., Bot.","12: 372","372","1869"
tro-100364534,B,Daltoniaceae,,Lepidopilum,,"exiguum",,"","B. H. Allen",Accepted,,M,TRO,100364534,,"Monogr. Syst. Bot. Missouri Bot. Gard.","117: 568","568","2010"
tro-35138525,B,Daltoniaceae,,Lepidopilum,,"falcatulum",,"","Müll. Hal.",Accepted,,M,TRO,35138525,,"Linnaea","38: 648","648","1874"
tro-35138526,B,Daltoniaceae,,Lepidopilum,,"filiferum",,"","Besch.",Accepted,,M,TRO,35138526,,"Mexic. Pl.","1(Crypt.): 42","42","1872"
tro-35138528,B,Daltoniaceae,,Lepidopilum,,"filosum",,"","Herzog",Accepted,,M,TRO,35138528,,"Biblioth. Bot.","87: 136. 59a","136","1916"
tro-35138531,B,Daltoniaceae,,Lepidopilum,,"flavescens",,"","Geh. & Hampe",Accepted,,M,TRO,35138531,,"Vidensk. Meddel. Dansk Naturhist. Foren. Kjøbenhavn","1: 124","124","1879"
tro-35138532,B,Daltoniaceae,,Lepidopilum,,"flexicaule",,"","Hampe",Accepted,,M,TRO,35138532,,"Vidensk. Meddel. Dansk Naturhist. Foren. Kjøbenhavn","6: 153","153","1875"
tro-35138534,B,Daltoniaceae,,Lepidopilum,,"flexuosum",,"","Besch.",Accepted,,M,TRO,35138534,,"Ann. Sci. Nat., Bot., sér. 6,","10: 280","280","1880"
tro-35138535,B,Daltoniaceae,,Lepidopilum,,"floresianum",,"","Renauld & Cardot",Accepted,,M,TRO,35138535,,"Bull. Soc. Roy. Bot. Belgique","32(1): 194","194","1894"
tro-35138536,B,Daltoniaceae,,Lepidopilum,,"fontanum",,"","Mitt.",Accepted,,M,TRO,35138536,,"J. Proc. Linn. Soc., Bot.","8: 4","4","1864"
tro-35138537,B,Daltoniaceae,,Lepidopilum,,"frondosum",,"","Mitt.",Accepted,,M,TRO,35138537,,"J. Linn. Soc., Bot.","12: 381","381","1869"
tro-35138539,B,Daltoniaceae,,Lepidopilum,,"furcatum",,"","Thwaites & Mitt.",Accepted,,M,TRO,35138539,,"J. Linn. Soc., Bot.","13: 310","310","1873"
tro-35138540,B,Daltoniaceae,,Lepidopilum,,"fuscidulum",,"","Mitt.",Accepted,,M,TRO,35138540,,"J. Linn. Soc., Bot.","12: 372","372","1869"
tro-35138544,B,Daltoniaceae,,Lepidopilum,,"glaziovii",,"","Hampe",Accepted,,M,TRO,35138544,,"Vidensk. Meddel. Dansk Naturhist. Foren. Kjøbenhavn","1: 122","122","1879"
tro-35138547,B,Daltoniaceae,,Lepidopilum,,"grevilleanum",,"","Mitt.",Accepted,,M,TRO,35138547,,"J. Linn. Soc., Bot.","12: 381","381","1869"
tro-35138550,B,Daltoniaceae,,Lepidopilum,,"haplociliatum",,"","(Müll. Hal.) Paris",Accepted,,M,TRO,35138550,,"Index Bryol. Suppl.","223","223","1900"
tro-35138553,B,Daltoniaceae,,Lepidopilum,,"hirsutum",,"","(Besch.) Broth.",Accepted,,M,TRO,35138553,,"Nat. Pflanzenfam.","I(3): 902","902","1907"
tro-35138555,B,Daltoniaceae,,Lepidopilum,,"huallagense",,"","Broth.",Accepted,,M,TRO,35138555,,"Hedwigia","45: 282","282","1906"
tro-35138558,B,Daltoniaceae,,Lepidopilum,,"imbricatifolium",,"","Mitt.",Accepted,,M,TRO,35138558,,"J. Linn. Soc., Bot.","12: 372","372","1869"
tro-35138559,B,Daltoniaceae,,Lepidopilum,,"incurvum",,"","(Hornsch.) Müll. Hal.",Accepted,,M,TRO,35138559,,"Linnaea","21: 195","195","1848"
tro-35138560,B,Daltoniaceae,,Lepidopilum,,"inflexum",,"","Mitt.",Accepted,,M,TRO,35138560,,"J. Linn. Soc., Bot.","12: 375","375","1869"
tro-35138563,B,Daltoniaceae,,Lepidopilum,,"integrifolium",,"","Broth.",Accepted,,M,TRO,35138563,,"Symb. Antill.","3: 427","427","1903"
tro-35138564,B,Daltoniaceae,,Lepidopilum,,"intermedium",,"","(Müll. Hal.) Mitt.",Accepted,,M,TRO,35138564,,"J. Linn. Soc., Bot.","12: 377","377","1869"
tro-35138565,B,Daltoniaceae,,Lepidopilum,,"isleanum",,"","Besch.",Accepted,,M,TRO,35138565,,"Ann. Sci. Nat., Bot., sér. 6,","10: 279","279","1880"
tro-35138566,B,Daltoniaceae,,Lepidopilum,,"krauseanum",,"","Müll. Hal.",Accepted,,M,TRO,35138566,,"Linnaea","38: 608","608","1874"
tro-35138571,B,Daltoniaceae,,Lepidopilum,,"langsdorffii",,"","(Hook.) Müll. Hal.",Accepted,,M,TRO,35138571,,"Bot. Zeitung (Berlin)","5: 829","829","1847"
tro-35138572,B,Daltoniaceae,,Lepidopilum,,"lastii",,"","Mitt.",Accepted,,M,TRO,35138572,,"J. Linn. Soc., Bot.","22: 309","309","1886"
tro-35138573,B,Daltoniaceae,,Lepidopilum,,"latifolium",,"","(Müll. Hal.) Mitt.",Accepted,,M,TRO,35138573,,"J. Linn. Soc., Bot.","12: 380","380","1869"
tro-35138576,B,Daltoniaceae,,Lepidopilum,,"leiomitrium",,"","Müll. Hal.",Accepted,,M,TRO,35138576,,"Linnaea","42: 495","495","1879"
tro-35138580,B,Daltoniaceae,,Lepidopilum,,"leucomioides",,"","Broth.",Accepted,,M,TRO,35138580,,"Rev. Bryol.","47: 40","40","1921"
tro-35138583,B,Daltoniaceae,,Lepidopilum,,"longifolium",,"","Hampe",Accepted,,M,TRO,35138583,,"Ann. Sci. Nat., Bot., sér. 5,","4: 365","365","1865"
tro-35138584,B,Daltoniaceae,,Lepidopilum,,"lorifolium",,"","Hampe",Accepted,,M,TRO,35138584,,"Vidensk. Meddel. Dansk Naturhist. Foren. Kjøbenhavn","6: 154","154","1875"
tro-35138587,B,Daltoniaceae,,Lepidopilum,,"maculatum",,"","Müll. Hal.",Accepted,,M,TRO,35138587,,"Flora","58: 546","546","1875"
tro-35138591,B,Daltoniaceae,,Lepidopilum,,"membranaceum",,"","(Müll. Hal.) Mitt.",Accepted,,M,TRO,35138591,,"J. Linn. Soc., Bot.","12: 369","369","1869"
tro-35138594,B,Daltoniaceae,,Lepidopilum,,"mniaceum",,"","Müll. Hal.",Accepted,,M,TRO,35138594,,"Flora","58: 546","546","1875"
tro-35138597,B,Daltoniaceae,,Lepidopilum,,"mohrianum",,"","Müll. Hal.",Accepted,,M,TRO,35138597,,"Linnaea","38: 649","649","1874"
tro-35138600,B,Daltoniaceae,,Lepidopilum,,"mosenii",,"","Broth.",Accepted,,M,TRO,35138600,,"Bih. Kongl. Svenska Vetensk.-Akad. Handl.","21 Afd. 3(3): 34","34","1895"
tro-35138601,B,Daltoniaceae,,Lepidopilum,,"muelleri",,"","(Hampe) Hampe",Accepted,,M,TRO,35138601,,"Ann. Sci. Nat., Bot., sér. 5,","4: 365","365","1865"
tro-35138605,B,Daltoniaceae,,Lepidopilum,,"nitidum",,"","Besch.",Accepted,,M,TRO,35138605,,"Mém. Soc. Sci. Nat. Cherbourg","16: 229","229","1872"
tro-35138606,B,Daltoniaceae,,Lepidopilum,,"niveum",,"","(Müll. Hal.) Kindb.",Accepted,,M,TRO,35138606,,"Enum. Bryin. Exot., suppl. 2,","100","100","1891"
tro-35162774,B,Daltoniaceae,,Lepidopilum,,"novae-guineae",,"","E.B. Bartram",Accepted,,M,TRO,35162774,,"Brittonia","13: 373","373","1961"
tro-35138608,B,Daltoniaceae,,Lepidopilum,,"nutans",,"","Hampe",Accepted,,M,TRO,35138608,,"Linnaea","32: 153","153","1863"
tro-35138612,B,Daltoniaceae,,Lepidopilum,,"ovalifolium",,"","(Duby) Broth.",Accepted,,M,TRO,35138612,,"Bih. Kongl. Svenska Vetensk.-Akad. Handl.","21 Afd. 3(3): 34","34","1895"
tro-35138615,B,Daltoniaceae,,Lepidopilum,,"pallido-nitens",,"","(Müll. Hal.) Paris",Accepted,,M,TRO,35138615,,"Index Bryol. Suppl.","223","223","1900"
tro-35138618,B,Daltoniaceae,,Lepidopilum,,"patrisiae",,"","(Brid.) Mitt.",Accepted,,M,TRO,35138618,,"J. Linn. Soc., Bot.","12: 369","369","1869"
tro-35138619,B,Daltoniaceae,,Lepidopilum,,"pectinatum",,"","Mitt.",Accepted,,M,TRO,35138619,,"J. Linn. Soc., Bot.","12: 381","381","1869"
tro-35138620,B,Daltoniaceae,,Lepidopilum,,"pergracile",,"","Müll. Hal.",Accepted,,M,TRO,35138620,,"Flora","58: 548","548","1875"
tro-35138622,B,Daltoniaceae,,Lepidopilum,,"permarginatum",,"","R.S. Williams",Accepted,,M,TRO,35138622,,"Bryologist","28: 60","60","1925"
tro-35138624,B,Daltoniaceae,,Lepidopilum,,"phyllophilum",,"","Broth.",Accepted,,M,TRO,35138624,,"Rev. Bryol.","47: 39","39","1920"
tro-35138631,B,Daltoniaceae,,Lepidopilum,,"polytrichoides",,"","(Hedw.) Brid.",Accepted,,M,TRO,35138631,,"Bryol. Univ.","2: 269","269","1827"
tro-35138634,B,Daltoniaceae,,Lepidopilum,,"portoricense",,"","(Müll. Hal.) Broth.",Accepted,,M,TRO,35138634,,"Nat. Pflanzenfam.","I(3): 901","901","1907"
tro-35138635,B,Daltoniaceae,,Lepidopilum,,"pringlei",,"","Cardot",Accepted,,M,TRO,35138635,,"Rev. Bryol.","37: 51","51","1910"
tro-35138638,B,Daltoniaceae,,Lepidopilum,,"pungens",,"","(Mitt.) Müll. Hal.",Accepted,,M,TRO,35138638,,"Flora","58: 549","549","1875"
tro-35138642,B,Daltoniaceae,,Lepidopilum,,"purpurissatum",,"","Müll. Hal.",Accepted,,M,TRO,35138642,,"Flora","83: 337","337","1897"
tro-35138646,B,Daltoniaceae,,Lepidopilum,,"rhaphidostegum",,"","(Müll. Hal.) Broth.",Accepted,,M,TRO,35138646,,"Nat. Pflanzenfam.","I(3): 959","959","1907"
tro-35138650,B,Daltoniaceae,,Lepidopilum,,"rupestre",,"","Broth.",Accepted,,M,TRO,35138650,,"Mitt. Inst. Allg. Bot. Hamburg","8: 405","405","1931"
tro-35138652,B,Daltoniaceae,,Lepidopilum,,"scabrisetum",,"","(Schwägr.) Steere",Accepted,,M,TRO,35138652,,"Bryologist","51: 140","140","1948"
tro-35138654,B,Daltoniaceae,,Lepidopilum,,"secundum",,"","(Griff.) Mitt.",Accepted,,M,TRO,35138654,,"J. Proc. Linn. Soc., Bot., Suppl.","2: 116","116","1859"
tro-35138655,B,Daltoniaceae,,Lepidopilum,,"semilaeve",,"","Mitt.",Unresolved,,L,TRO,35138655,,"J. Linn. Soc., Bot.","12: 385","385","1869"
tro-35138657,B,Daltoniaceae,,Lepidopilum,,"skutchii",,"","E.B. Bartram",Unresolved,,L,TRO,35138657,,"Bryologist","54: 239","239","1952"
tro-35138659,B,Daltoniaceae,,Lepidopilum,,"spinosum",,"","(Müll. Hal.) A. Jaeger",Accepted,,M,TRO,35138659,,"Ber. Thätigk. St. Gallischen Naturwiss. Ges.","1875–76: 328 (Gen. Sp. Musc. 2: 232)","328 ","1877"
tro-35138660,B,Daltoniaceae,,Lepidopilum,,"splendens",,"","Broth.",Accepted,,M,TRO,35138660,,"Bot. Jahrb. Syst.","56 (Beibl. 123): 19","19","1920"
tro-35138661,B,Daltoniaceae,,Lepidopilum,,"splendidissimum",,"","(Mont.) Mitt.",Accepted,,M,TRO,35138661,,"J. Linn. Soc., Bot.","12: 378","378","1869"
tro-35138662,B,Daltoniaceae,,Lepidopilum,,"splitgerberi",,"","(Mont.) Mitt.",Accepted,,M,TRO,35138662,,"J. Linn. Soc., Bot.","12: 370","370","1869"
tro-35138663,B,Daltoniaceae,,Lepidopilum,,"sprucei",,"","Mitt.",Accepted,,M,TRO,35138663,,"J. Linn. Soc., Bot.","12: 370","370","1869"
tro-35138665,B,Daltoniaceae,,Lepidopilum,,"stillicidiorum",,"","Mitt.",Accepted,,M,TRO,35138665,,"J. Linn. Soc., Bot.","12: 373","373","1869"
tro-35138680,B,Daltoniaceae,,Lepidopilum,,"subobtusulum",,"","Broth.",Accepted,,M,TRO,35138680,,"Hedwigia","45: 281","281","1906"
tro-35138683,B,Daltoniaceae,,Lepidopilum,,"subrevolutum",,"","Renauld & Cardot",Accepted,,M,TRO,35138683,,"Suppl. Prodr. Fl. Bryol. Madagascar","20: 80. 20 f. 2","80","1909"
tro-35138684,B,Daltoniaceae,,Lepidopilum,,"subsubulatum",,"","Geh. & Hampe",Accepted,,M,TRO,35138684,,"Vidensk. Meddel. Dansk Naturhist. Foren. Kjøbenhavn","1: 123","123","1879"
tro-35138686,B,Daltoniaceae,,Lepidopilum,,"subulatum",,"","Mitt.",Accepted,,M,TRO,35138686,,"J. Linn. Soc., Bot.","12: 380","380","1869"
tro-35138688,B,Daltoniaceae,,Lepidopilum,,"surinamense",,"","Müll. Hal.",Accepted,,M,TRO,35138688,,"Linnaea","21: 193","193","1848"
tro-35138689,B,Daltoniaceae,,Lepidopilum,,"swartzii",,"","(Schwägr.) Schimp.",Accepted,,M,TRO,35138689,,"Ber. Thätigk. St. Gallischen Naturwiss. Ges.","1875–76: 334 (Gen. Sp. Musc. 2: 238)","334 ","1877"
tro-35138690,B,Daltoniaceae,,Lepidopilum,,"tenuifolium",,"","Mitt.",Accepted,,M,TRO,35138690,,"J. Linn. Soc., Bot.","12: 382","382","1869"
tro-35138691,B,Daltoniaceae,,Lepidopilum,,"tenuissimum",,"","Herzog",Accepted,,M,TRO,35138691,,"Biblioth. Bot.","87: 137. 59e–g","137","1916"
tro-35138692,B,Daltoniaceae,,Lepidopilum,,"thwaitesianum",,"","Mitt.",Accepted,,M,TRO,35138692,,"J. Proc. Linn. Soc., Bot., Suppl.","2: 116","116","1859"
tro-35138694,B,Daltoniaceae,,Lepidopilum,,"tortifolium",,"","Mitt.",Accepted,,M,TRO,35138694,,"J. Linn. Soc., Bot.","12: 374","374","1869"
tro-100364535,B,Daltoniaceae,,Lepidopilum,,"ultramarginatum",,"","B. H. Allen",Accepted,,M,TRO,100364535,,"Monogr. Syst. Bot. Missouri Bot. Gard.","117: 598","598","2010"
tro-35138695,B,Daltoniaceae,,Lepidopilum,,"undatum",,"","(Hedw.) Müll. Hal.",Accepted,,M,TRO,35138695,,"Bot. Zeitung (Berlin)","5: 829","829","1847"
tro-35138698,B,Daltoniaceae,,Lepidopilum,,"utacamundianum",,"","(Mont.) Mitt.",Accepted,,M,TRO,35138698,,"J. Proc. Linn. Soc., Bot., Suppl.","2: 116","116","1859"
tro-35138699,B,Daltoniaceae,,Lepidopilum,,"venustum",,"","Mitt.",Accepted,,M,TRO,35138699,,"J. Linn. Soc., Bot.","12: 371","371","1869"
tro-35138700,B,Daltoniaceae,,Lepidopilum,,"verrucipes",,"","Cardot",Accepted,,M,TRO,35138700,,"Hist. Phys. Madagascar, Mousses","416","416","1915"
tro-35138702,B,Daltoniaceae,,Lepidopilum,,"virens",,"","Cardot",Accepted,,M,TRO,35138702,,"Bull. Herb. Boissier, sér. 2,","5: 312. pl. 2: f. 20–31","312","1905"
tro-35138703,B,Daltoniaceae,,Lepidopilum,,"wallisii",,"","Müll. Hal.",Accepted,,M,TRO,35138703,,"Flora","58: 549","549","1875"
tro-35130142,B,Daltoniaceae,,Leskeodon,,"acuminatus",,"","(Bosch & Sande Lac.) M. Fleisch.",Accepted,,M,TRO,35130142,,"Musci Buitenzorg","3: 971","971","1908"
tro-35130143,B,Daltoniaceae,,Leskeodon,,"andicola",,"","(Spruce ex Mitt.) Broth.",Accepted,,M,TRO,35130143,,"Nat. Pflanzenfam.","I(3): 926","926","1907"
tro-35130144,B,Daltoniaceae,,Leskeodon,,"aristatus",,"","(Geh. & Hampe) Broth.",Accepted,,M,TRO,35130144,,"Nat. Pflanzenfam.","I(3): 926","926","1907"
tro-35130146,B,Daltoniaceae,,Leskeodon,,"auratus",,"","(Müll. Hal.) Broth.",Accepted,,M,TRO,35130146,,"Nat. Pflanzenfam.","I(3): 926","926","1907"
tro-35186464,B,Daltoniaceae,,Leskeodon,,"brevicuspidatus",,"","(E.B. Bartram) B.C. Tan & H. Rob.",Accepted,,M,TRO,35186464,,"Smithsonian Contr. Bot.","75: 27","27","1990"
tro-35211903,B,Daltoniaceae,,Leskeodon,,"caducifolius",,"","W.R. Buck, A.J. Shaw & C. J. Cox",Accepted,,M,TRO,35211903,,"Brittonia","54: 178. f. 1–8","178","2002"
tro-35130147,B,Daltoniaceae,,Leskeodon,,"cubensis",,"","(Mitt.) Thér.",Accepted,,M,TRO,35130147,,"Mem. Soc. Cub. Hist. Nat. ""Felipe Poey""","14: 364","364","1940"
tro-35130148,B,Daltoniaceae,,Leskeodon,,"densiretis",,"","(Broth.) Broth.",Accepted,,M,TRO,35130148,,"Nat. Pflanzenfam.","I(3): 926","926","1907"
tro-35130149,B,Daltoniaceae,,Leskeodon,,"dussii",,"","(Besch.) E.B. Bartram",Accepted,,M,TRO,35130149,,"Bull. Brit. Mus. (Nat. Hist.), Bot.","2: 45","45","1955"
tro-35191555,B,Daltoniaceae,,Leskeodon,,"elongatus",,"","(Mitt.) S.P. Churchill & E. Linares",Accepted,,M,TRO,35191555,,"Bibliot. José Jerónimo Triana","12: 307","307","1995"
tro-35130150,B,Daltoniaceae,,Leskeodon,,"gracilis",,"","(Ångström) Broth. ex Paris",Accepted,,M,TRO,35130150,,"Coll. Nom. Broth.","19","19","1909"
tro-35130151,B,Daltoniaceae,,Leskeodon,,"longicaulis",,"","Broth.",Accepted,,M,TRO,35130151,,"Ergebn. Bot. Exped. Südbras., Musci","324","324","1924"
tro-35130152,B,Daltoniaceae,,Leskeodon,,"longipilus",,"","(Besch.) E.B. Bartram",Accepted,,M,TRO,35130152,,"Bull. Brit. Mus. (Nat. Hist.), Bot.","2: 45","45","1955"
tro-35130153,B,Daltoniaceae,,Leskeodon,,"mariei",,"","(Besch.) Broth.",Accepted,,M,TRO,35130153,,"Nat. Pflanzenfam.","I(3): 926. 677","926","1907"
tro-35130154,B,Daltoniaceae,,Leskeodon,,"mexicanus",,"","Cardot",Accepted,,M,TRO,35130154,,"Rev. Bryol.","38: 41","41","1911"
tro-35130155,B,Daltoniaceae,,Leskeodon,,"minusculus",,"","(Müll. Hal.) M. Fleisch.",Accepted,,M,TRO,35130155,,"Hedwigia","63: 214","214","1922"
tro-35130156,B,Daltoniaceae,,Leskeodon,,"minutus",,"","(Müll. Hal.) M. Fleisch.",Accepted,,M,TRO,35130156,,"Hedwigia","63: 214","214","1922"
tro-35140800,B,Daltoniaceae,,Leskeodon,,"mniifolius",,"","(Hornsch.) Bizot",Accepted,,M,TRO,35140800,,"Egri Tanárképzö Föisk. Tud. Közlem.","12: 436","436","1974"
tro-35183544,B,Daltoniaceae,,Leskeodon,,"paisa",,"","S.P. Churchill",Accepted,,M,TRO,35183544,,"Actual. Biol.","15: 88. f. 11","88","1986"
tro-35130157,B,Daltoniaceae,,Leskeodon,,"palmarum",,"","(Mitt.) Broth.",Accepted,,M,TRO,35130157,,"Nat. Pflanzenfam.","I(3): 926","926","1907"
tro-35130158,B,Daltoniaceae,,Leskeodon,,"pandurifolius",,"","M. Fleisch.",Accepted,,M,TRO,35130158,,"Musci Buitenzorg","3: 973","973","1908"
tro-35162795,B,Daltoniaceae,,Leskeodon,,"parvifolius",,"","E.B. Bartram",Accepted,,M,TRO,35162795,,"Mem. New York Bot. Gard.","10(2): 8","8","1960"
tro-35130159,B,Daltoniaceae,,Leskeodon,,"parvulus",,"","(Schimp. ex Besch.) Broth.",Accepted,,M,TRO,35130159,,"Nat. Pflanzenfam.","I(3): 926","926","1907"
tro-35130160,B,Daltoniaceae,,Leskeodon,,"philippinensis",,"","Broth.",Accepted,,M,TRO,35130160,,"Philipp. J. Sci.","13: 213","213","1918"
tro-35140801,B,Daltoniaceae,,Leskeodon,,"ponapensis",,"","H.A. Mill.",Accepted,,M,TRO,35140801,,"Phytologia","40: 257. f. 1","257","1978"
tro-35130161,B,Daltoniaceae,,Leskeodon,,"pungens",,"","(Mitt.) Broth.",Accepted,,M,TRO,35130161,,"Nat. Pflanzenfam.","I(3): 926","926","1907"
tro-35130162,B,Daltoniaceae,,Leskeodon,,"pusillus",,"","(Mitt.) Broth.",Accepted,,M,TRO,35130162,,"Nat. Pflanzenfam.","I(3): 926","926","1907"
tro-35162796,B,Daltoniaceae,,Leskeodon,,"robbinsii",,"","E.B. Bartram",Accepted,,M,TRO,35162796,,"Rev. Bryol. Lichénol.","30: 200","200","1962"
tro-35186452,B,Daltoniaceae,,Leskeodon,,"seramensis",,"","H. Akiy.",Accepted,,M,TRO,35186452,,"J. Fac. Sci. Univ. Tokyo, Sect. 3, Bot.","14: 409. f. 48–53","409","1990"
tro-35130164,B,Daltoniaceae,,Leskeodon,,"wallisii",,"","(Müll. Hal.) Broth.",Accepted,,M,TRO,35130164,,"Rev. Bryol. Lichénol.","10: 12","12","1937"
tro-35168367,B,Daltoniaceae,,Leskeodontopsis,,"pustulata",,"","Zanten",Accepted,,M,TRO,35168367,,"Nova Guinea, Bot.","10(16): 311. pl. 27: f. 3","311","1964"
tro-35144232,B,Daltoniaceae,,Puiggaria,,"ovalifolia",,"","Duby",Accepted,,M,TRO,35144232,,"Flora","63: 172","172","1880"
tro-35176577,B,Daltoniaceae,,Stenodesmus,,"tenuicuspis",,"","(Mitt.) A. Jaeger",Accepted,,M,TRO,35176577,,"Ber. Thätigk. St. Gallischen Naturwiss. Ges.","1875–76: 358 (Gen. Sp. Musc. 2: 262)","358 ","1877"
tro-35177604,B,Daltoniaceae,,Symphyodon,,"acuminatus",,"","Dixon & P. de la Varde",Accepted,,M,TRO,35177604,,"Ann. Cryptog. Exot.","3: 180. pl. 4: f. 4","180","1930"
tro-35177605,B,Daltoniaceae,,Symphyodon,,"angustus",,"","(Müll. Hal.) A. Jaeger",Accepted,,M,TRO,35177605,,"Ber. Thätigk. St. Gallischen Naturwiss. Ges.","1876–77: 296 (Gen. Sp. Musc. 2: 362)","296 ","1878"
tro-35177606,B,Daltoniaceae,,Symphyodon,,"asper",,"","(Mitt.) A. Jaeger",Accepted,,M,TRO,35177606,,"Ber. Thätigk. St. Gallischen Naturwiss. Ges.","1876–77: 296 (Gen. Sp. Musc. 2: 1114)","296 ","1878"
tro-35177607,B,Daltoniaceae,,Symphyodon,,"complanatus",,"","Dixon",Accepted,,M,TRO,35177607,,"Rec. Bot. Surv. India","6(3): 65. 2","65","1914"
tro-35177608,B,Daltoniaceae,,Symphyodon,,"copelandii",,"","Broth.",Accepted,,M,TRO,35177608,,"Philipp. J. Sci.","31: 291","291","1926"
tro-35177611,B,Daltoniaceae,,Symphyodon,,"echinatus",,"","(Mitt.) A. Jaeger",Accepted,,M,TRO,35177611,,"Ber. Thätigk. St. Gallischen Naturwiss. Ges.","1876–77: 296 (Gen. Sp. Musc. 2: 362)","296 ","1878"
tro-35177612,B,Daltoniaceae,,Symphyodon,,"erinaceus",,"","(Mitt.) A. Jaeger",Accepted,,M,TRO,35177612,,"Ber. Thätigk. St. Gallischen Naturwiss. Ges.","1876–77: 296 (Gen. Sp. Musc. 2: 362)","296 ","1878"
tro-35177613,B,Daltoniaceae,,Symphyodon,,"erraticus",,"","(Mitt.) A. Jaeger",Accepted,,M,TRO,35177613,,"Ber. Thätigk. St. Gallischen Naturwiss. Ges.","1876–77: 296 (Gen. Sp. Musc. 2: 362)","296 ","1878"
tro-35169514,B,Daltoniaceae,,Symphyodon,,"gollanioides",,"","Nog.",Accepted,,M,TRO,35169514,,"Lindbergia","1: 180. f. 4","180","1972"
tro-35200610,B,Daltoniaceae,,Symphyodon,,"imbricatifolius",,"","(Mitt.) S.P. Churchill",Accepted,,M,TRO,35200610,,"AAU Rep.","35: 194","194","1994"
tro-35177614,B,Daltoniaceae,,Symphyodon,,"japonicus",,"","Cardot",Accepted,,M,TRO,35177614,,"Bull. Soc. Bot. Genève","4: 378","378","1912"
tro-35218219,B,Daltoniaceae,,Symphyodon,,"leiocarpus",,"","H. Akiy. & Tsubota",Accepted,,M,TRO,35218219,,"Acta Phytotax. Geobot.","60: 93","93","2009"
tro-35186810,B,Daltoniaceae,,Symphyodon,,"machrisianus",,"","(H.A. Crum) W.R. Buck & R.R. Ireland",Accepted,,M,TRO,35186810,,"Bryologist","95: 433","433","1992"
tro-35177616,B,Daltoniaceae,,Symphyodon,,"novae-caledoniae",,"","(Broth. & Paris) Broth.",Accepted,,M,TRO,35177616,,"Nat. Pflanzenfam.","I(3): 1231","1231","1909"
tro-35177617,B,Daltoniaceae,,Symphyodon,,"oblongifolius",,"","(Renauld & Cardot) Broth.",Accepted,,M,TRO,35177617,,"Nat. Pflanzenfam.","I(3): 877","877","1907"
tro-35177618,B,Daltoniaceae,,Symphyodon,,"orientalis",,"","(Mitt.) Broth. ex Paris",Accepted,,M,TRO,35177618,,"Coll. Nom. Broth.","33","33","1909"
tro-35177619,B,Daltoniaceae,,Symphyodon,,"pennatulus",,"","(Mitt. ex Dixon) Dixon",Accepted,,M,TRO,35177619,,"Nat. Pflanzenfam. (ed. 2)","11: 267","267","1925"
tro-35177620,B,Daltoniaceae,,Symphyodon,,"perrottetii",,"","Mont.",Accepted,,M,TRO,35177620,,"Ann. Sci. Nat., Bot., sér. 2,","16: 279. 17","279","1841"
tro-35177621,B,Daltoniaceae,,Symphyodon,,"planulus",,"","(Mitt.) A. Jaeger",Accepted,,M,TRO,35177621,,"Ber. Thätigk. St. Gallischen Naturwiss. Ges.","1876–77: 296 (Gen. Sp. Musc. 2: 362)","296 ","1878"
tro-35186527,B,Daltoniaceae,,Symphyodon,,"pygmaeus",,"","(Broth.) S. He & Snider",Accepted,,M,TRO,35186527,,"Bryobrothera","1: 285","285","1992"
tro-35186528,B,Daltoniaceae,,Symphyodon,,"scaber",,"","(Tixier) S. He & Snider",Accepted,,M,TRO,35186528,,"Bryobrothera","1: 285","285","1992"
tro-35177623,B,Daltoniaceae,,Symphyodon,,"scabrisetus",,"","Dixon",Accepted,,M,TRO,35177623,,"Rec. Bot. Surv. India","6(3): 66. 1 f. 3","66","1914"
tro-35177624,B,Daltoniaceae,,Symphyodon,,"weymouthioides",,"","Cardot & Thér.",Accepted,,M,TRO,35177624,,"Bull. Géogr. Bot.","21: 271","271","1911"
tro-35177625,B,Daltoniaceae,,Symphyodon,,"yuennanensis",,"","Broth.",Accepted,,M,TRO,35177625,,"Symb. Sin.","4: 90","90","1929"
