﻿ID,Major group,Family,Genus hybrid marker,Genus,Species hybrid marker,Species,Infraspecific rank,Infraspecific epithet,Authorship,Taxonomic status in TPL,Nomenclatural status from original data source,Confidence level,Source,Source id,IPNI id,Publication,Collation,Page,Date
kew-56340,A,Daphniphyllaceae,,Daphniphyllum,,"atrobadium",,"","Croizat & Metcalf",Accepted,,H,WCSP,56340,344206-1,"Lingnan Sci. J.","20: 108","","1941"
kew-56342,A,Daphniphyllaceae,,Daphniphyllum,,"beddomei",,"","Craib",Accepted,,H,WCSP,56342,344208-1,"Bull. Misc. Inform. Kew","1916: 268","","1916"
kew-56346,A,Daphniphyllaceae,,Daphniphyllum,,"borneense",,"","Stapf",Accepted,,H,WCSP,56346,344212-1,"Trans. Linn. Soc. London, Bot.","4: 224","","1894"
kew-56347,A,Daphniphyllaceae,,Daphniphyllum,,"buchananiifolium",,"","Hallier f.",Accepted,,H,WCSP,56347,344213-1,"Meded. Rijks-Herb.","37: 13","","1918"
kew-56350,A,Daphniphyllaceae,,Daphniphyllum,,"calycinum",,"","Benth.",Accepted,,H,WCSP,56350,344216-1,"Fl. Hongk.","316","","1861"
kew-56353,A,Daphniphyllaceae,,Daphniphyllum,,"cavaleriei",,"","H.Lév.",Unresolved,,L,WCSP,56353,344219-1,"Repert. Spec. Nov. Regni Veg.","9: 460","","1911"
kew-56354,A,Daphniphyllaceae,,Daphniphyllum,,"celebense",,"","K.Rosenthal",Accepted,,H,WCSP,56354,,"Pflanzenr.","IV, 147a: 5","","1919"
kew-56355,A,Daphniphyllaceae,,Daphniphyllum,,"ceramense",,"","(T.C.Huang) T.C.Huang",Accepted,,H,WCSP,56355,989552-1,"Blumea","41: 237","","1996"
kew-56359,A,Daphniphyllaceae,,Daphniphyllum,,"dichotomum",,"","(T.C.Huang) T.C.Huang",Accepted,,H,WCSP,56359,989553-1,"Blumea","41: 238","","1996"
kew-56360,A,Daphniphyllaceae,,Daphniphyllum,,"divaricatum",,"","(T.C.Huang) J.X.Wang",Accepted,,H,WCSP,56360,908660-1,"Acta Phytotax. Sin.","19: 82","","1981"
kew-56364,A,Daphniphyllaceae,,Daphniphyllum,,"glaucescens",,"","Blume",Accepted,,H,WCSP,56364,344227-1,"Bijdr.","1153","","1827"
kew-56368,A,Daphniphyllaceae,,Daphniphyllum,,"glaucescens",var.,"blumeanum","(Baill. ex Müll.Arg.) J.J.Sm.",Accepted,,L,WCSP,56368,,"Bijdr. Boomsoort. Java","12: 328","","1910"
kew-372546,A,Daphniphyllaceae,,Daphniphyllum,,"glaucescens",var.,"lancifolium","(Hook.f.) Rafidah",Accepted,,L,WCSP,372546,77093294-1,"Blumea","53: 444","","2008"
kew-56395,A,Daphniphyllaceae,,Daphniphyllum,,"gracile",,"","Gage",Accepted,,H,WCSP,56395,344229-1,"Nova Guinea","12: 480","","1917"
kew-343943,A,Daphniphyllaceae,,Daphniphyllum,,"griffithianum",,"","(Wight) Noltie",Accepted,,H,WCSP,343943,60440839-2,"Regnum Veg.","145: 246","","2005"
kew-56400,A,Daphniphyllaceae,,Daphniphyllum,,"himalayense",,"","(Benth.) Müll.Arg.",Accepted,,H,WCSP,56400,344230-1,"Prodr.","16(1): 4","","1869"
kew-56401,A,Daphniphyllaceae,,Daphniphyllum,,"himalayense",subsp.,"angustifolium","(Hutch.) T.C.Huang",Accepted,,L,WCSP,56401,,"Taiwania","12: 211","","1966"
tro-10100001,A,Daphniphyllaceae,,Daphniphyllum,,"himalense",,"","(Benth.) Müll. Arg.",Accepted,,M,TRO,10100001,,"Prodr.","16(1): 4","4","1869"
kew-56417,A,Daphniphyllaceae,,Daphniphyllum,,"luzonense",,"","Elmer",Accepted,,H,WCSP,56417,344241-1,"Leafl. Philipp. Bot.","1: 309","","1908"
kew-56418,A,Daphniphyllaceae,,Daphniphyllum,,"macropodum",,"","Miq.",Accepted,,H,WCSP,56418,344242-1,"Ann. Mus. Bot. Lugduno-Batavi","3: 129","","1867"
kew-56426,A,Daphniphyllaceae,,Daphniphyllum,,"majus",,"","Müll.Arg.",Accepted,,H,WCSP,56426,344243-1,"Linnaea","34: 76","","1865"
kew-56429,A,Daphniphyllaceae,,Daphniphyllum,,"majus",var.,"phanrangense","(Gagnep.) T.C.Huang",Accepted,,L,WCSP,56429,,"Taiwania","12: 151","","1966"
kew-56430,A,Daphniphyllaceae,,Daphniphyllum,,"majus",var.,"pierrei","(Hance) T.C.Huang",Accepted,,L,WCSP,56430,,"Taiwania","12: 151","","1966"
kew-56433,A,Daphniphyllaceae,,Daphniphyllum,,"neilgherrense",,"","(Wight) K.Rosenthal",Accepted,,H,WCSP,56433,,"Pflanzenr.","IV, 147a: 7","","1919"
tro-10100005,A,Daphniphyllaceae,,Daphniphyllum,,"nilgerensis",,"","Rosenst.",Unresolved,,L,TRO,10100005,,"","","",""
kew-56440,A,Daphniphyllaceae,,Daphniphyllum,,"papuanum",,"","Hallier f.",Accepted,,H,WCSP,56440,344251-1,"Meded. Rijks-Herb.","37: 13","","1918"
kew-56442,A,Daphniphyllaceae,,Daphniphyllum,,"papuanum",var.,"tuberculatum","(T.C.Huang) T.C.Huang",Accepted,,L,WCSP,56442,989555-1,"Blumea","41: 240","","1996"
kew-56443,A,Daphniphyllaceae,,Daphniphyllum,,"parvifolium",,"","Quisumb. & Merr.",Accepted,,H,WCSP,56443,344252-1,"Philipp. J. Sci.","37: 161","","1928"
kew-56444,A,Daphniphyllaceae,,Daphniphyllum,,"paxianum",,"","K.Rosenthal",Accepted,,H,WCSP,56444,,"Pflanzenr.","IV, 147a: 13","","1919"
kew-56446,A,Daphniphyllaceae,,Daphniphyllum,,"pentandrum",,"","Hayata",Accepted,,H,WCSP,56446,344255-1,"J. Coll. Sci. Imp. Univ. Tokyo","30(1): 265","","1911"
kew-56454,A,Daphniphyllaceae,,Daphniphyllum,,"scortechinii",,"","Hook.f.",Accepted,,H,WCSP,56454,344263-1,"Fl. Brit. India","5: 354","","1887"
kew-56455,A,Daphniphyllaceae,,Daphniphyllum,,"subverticillatum",,"","Merr.",Accepted,,H,WCSP,56455,344264-1,"Lingnan Sci. J.","13: 34","","1934"
kew-56456,A,Daphniphyllaceae,,Daphniphyllum,,"sumatraense",,"","(T.C.Huang) T.C.Huang",Accepted,,H,WCSP,56456,989556-1,"Blumea","41: 241","","1996"
kew-56457,A,Daphniphyllaceae,,Daphniphyllum,,"teysmannii",,"","Kurz ex Teijsm. & Binn.",Accepted,,H,WCSP,56457,344265-1,"Natuurk. Tijdschr. Ned.-Indië","27: 52","","1864"
kew-56464,A,Daphniphyllaceae,,Daphniphyllum,,"timorianum",,"","(T.C.Huang) T.C.Huang",Accepted,,H,WCSP,56464,989557-1,"Blumea","41: 242","","1996"
kew-56465,A,Daphniphyllaceae,,Daphniphyllum,,"woodsonianum",,"","T.C.Huang",Accepted,,H,WCSP,56465,316088-1,"Ann. Missouri Bot. Gard.","53: 28","","1966"
kew-56466,A,Daphniphyllaceae,,Daphniphyllum,,"yunnanense",,"","C.C.Huang",Accepted,,H,WCSP,56466,316089-1,"in Fl. Reipubl. Popul. Sin.","45(1): 139","","1980"
kew-2836966,A,Daphniphyllaceae,,Gyrandra,,"brachycalyx",,"","(Standl. & L.O.Williams) G.Mans.",Accepted,,M,WCSP (in review),964259,77061729-1,"Taxon","53: 722","","2004"
kew-2836967,A,Daphniphyllaceae,,Gyrandra,,"chironioides",,"","Griseb.",Accepted,,M,WCSP (in review),964260,369434-1,"Prodr.","9: 44","","1845"
kew-2836968,A,Daphniphyllaceae,,Gyrandra,,"pauciflora",,"","(M.Martens & Galeotti) G.Mans.",Accepted,,M,WCSP (in review),964261,77061730-1,"Taxon","53: 722","","2004"
kew-2836969,A,Daphniphyllaceae,,Gyrandra,,"pterocaulis",,"","(C.R.Broome) G.Mans.",Accepted,,M,WCSP (in review),964262,77061731-1,"Taxon","53: 723","","2004"
kew-2836971,A,Daphniphyllaceae,,Gyrandra,,"tenuifolia",,"","(M.Martens & Galeotti) G.Mans.",Accepted,,M,WCSP (in review),964264,77061732-1,"Taxon","53: 723","","2004"
