﻿ID,Major group,Family,Genus hybrid marker,Genus,Species hybrid marker,Species,Infraspecific rank,Infraspecific epithet,Authorship,Taxonomic status in TPL,Nomenclatural status from original data source,Confidence level,Source,Source id,IPNI id,Publication,Collation,Page,Date
tro-35179032,B,Ditrichaceae,,Aschistodon,,"conicus",,"","Mont.",Accepted,,M,TRO,35179032,,"Ann. Sci. Nat., Bot., sér. 3,","4: 110","110","1845"
tro-35186489,B,Ditrichaceae,,Astomiopsis,×,"altivallis",,"","Delgad.",Accepted,,M,TRO,35186489,,"Bryologist","92: 227. f. 2","227","1989"
tro-35179049,B,Ditrichaceae,,Astomiopsis,,"amblyocalyx",,"","Müll. Hal.",Accepted,,M,TRO,35179049,,"Linnaea","43: 391","391","1882"
tro-35184076,B,Ditrichaceae,,Astomiopsis,,"exserta",,"","(E.B. Bartram) Snider",Accepted,,M,TRO,35184076,,"Bryologist","90: 316","316","1987"
tro-35203631,B,Ditrichaceae,,Astomiopsis,,"julacea",,"","(Besch.) K. L. Yip & Snider",Accepted,,M,TRO,35203631,,"Bryologist","100: 87","87","1998"
tro-35182644,B,Ditrichaceae,,Astomiopsis,,"kieneri",,"","(E.B. Bartram) Delgad. & see Cárdenas Soriano, María de los Angeles",Accepted,,M,TRO,35182644,,"Bryologist","87: 344","344","1984"
tro-35204413,B,Ditrichaceae,,Astomiopsis,,"magilliana",,"","Snider, K. L. Yip & J. R. Clark",Accepted,,M,TRO,35204413,,"Bryologist","102: 119. f. 1–14","119","1999"
tro-35100339,B,Ditrichaceae,,Astomiopsis,,"pacifica",,"","W.R. Buck & L.R. Landrum",Accepted,,M,TRO,35100339,,"Bryologist","80: 359. f. 1–6","359","1977"
tro-35100340,B,Ditrichaceae,,Astomiopsis,,"radiculosa",,"","(Herzog) W.R. Buck & R.H. Zander",Accepted,,M,TRO,35100340,,"Bryologist","83: 255","255","1980"
tro-35179051,B,Ditrichaceae,,Astomiopsis,,"sinensis",,"","Broth.",Accepted,,M,TRO,35179051,,"Symb. Sin.","4: 12","12","1929"
tro-35179052,B,Ditrichaceae,,Astomiopsis,,"subulata",,"","Müll. Hal.",Accepted,,M,TRO,35179052,,"Linnaea","43: 391","391","1882"
tro-35200505,B,Ditrichaceae,,Austrophilibertiella,,"ditrichoidea",,"","(Cardot) Ochyra",Accepted,,M,TRO,35200505,,"Fragm. Florist. Geobot.","41: 478","478","1996"
tro-35200506,B,Ditrichaceae,,Austrophilibertiella,,"nitens",,"","(Herzog) Ochyra",Accepted,,M,TRO,35200506,,"Fragm. Florist. Geobot.","41: 478","478","1996"
tro-35100373,B,Ditrichaceae,,Bryomanginia,,"radiculosa",,"","(Herzog) R.H. Zander",Accepted,,M,TRO,35100373,,"Bryologist","81: 333","333","1978"
tro-35115795,B,Ditrichaceae,,Bryomanginia,,"saint-pierrei",,"","Thér.",Accepted,,M,TRO,35115795,,"Trav. Cryptog. Déd. L. Mangin","8. 2","8","1931"
tro-35157168,B,Ditrichaceae,,Ceratodon,,"bryophilus",,"","Besch.",Accepted,,M,TRO,35157168,,"J. Bot. (Morot)","15: 381","381","1901"
tro-35157172,B,Ditrichaceae,,Ceratodon,,"cedricola",,"","J.J. Amann",Unresolved,,L,TRO,35157172,,"Rev. Bryol.","51: 57","57","1924"
tro-35157173,B,Ditrichaceae,,Ceratodon,,"chilensis",,"","(Mont.) Paris",Accepted,,M,TRO,35157173,,"Index Bryol. (ed. 2)","1: 337","337","1904"
tro-35157174,B,Ditrichaceae,,Ceratodon,,"chloropus",,"","(Brid.) Brid.",Accepted,,M,TRO,35157174,,"Bryol. Univ.","1: 486","486","1826"
tro-35157182,B,Ditrichaceae,,Ceratodon,,"corniculatus",,"","(Wahlenb.) Fürnr.",Accepted,,M,TRO,35157182,,"Flora","12(2) Erganzungsblatter: 31","31","1829"
tro-35157183,B,Ditrichaceae,,Ceratodon,,"corralensis",,"","(Lorentz) A. Jaeger",Accepted,,M,TRO,35157183,,"Ber. Thätigk. St. Gallischen Naturwiss. Ges.","1870–71: 461 (Gen. Sp. Musc. 1: 309)","461 ","1872"
tro-35157187,B,Ditrichaceae,,Ceratodon,,"cylindricus",,"","(Hedw.) Fürnr.",Accepted,,M,TRO,35157187,,"Flora","12(2) Erganzungsblatter: 31","31","1829"
tro-35157194,B,Ditrichaceae,,Ceratodon,,"flavisetus",,"","(Limpr.) Müll. Hal.",Accepted,,M,TRO,35157194,,"Gen. Musc. Frond.","402","402","1900"
tro-35157195,B,Ditrichaceae,,Ceratodon,,"graefii",,"","Schlieph.",Accepted,,M,TRO,35157195,,"Laubm. Deutschl.","1: 487","487","1887"
tro-35157198,B,Ditrichaceae,,Ceratodon,,"heterophyllus",,"","Kindb.",Accepted,,M,TRO,35157198,,"Ottawa Naturalist","5: 179","179","1892"
tro-35157199,B,Ditrichaceae,,Ceratodon,,"inclinatus",,"","(Hedw.) Huebener",Accepted,,M,TRO,35157199,,"Muscol. Germ.","273","273","1833"
tro-35157206,B,Ditrichaceae,,Ceratodon,,"microcarpus",,"","Müll. Hal.",Accepted,,M,TRO,35157206,,"Flora","82: 449","449","1896"
tro-35157210,B,Ditrichaceae,,Ceratodon,,"mollis",,"","J.J. Amann",Unresolved,,L,TRO,35157210,,"Bull. Murith. Soc. Valais. Sci. Nat.","40: 44","44","1919"
tro-35157213,B,Ditrichaceae,,Ceratodon,,"novo-granatensis",,"","Hampe",Accepted,,M,TRO,35157213,,"Ann. Sci. Nat., Bot., sér. 5,","3: 352","352","1865"
tro-35157219,B,Ditrichaceae,,Ceratodon,,"purpureus",,"","(Hedw.) Brid.",Accepted,,M,TRO,35157219,,"Bryol. Univ.","1: 480","480","1826"
tro-35157231,B,Ditrichaceae,,Ceratodon,,"purpureus",var.,"arcticus","(Kindb.) Podp.",Accepted,,L,TRO,35157231,,"Consp. Musc. Eur.","99","99","1954"
tro-35157222,B,Ditrichaceae,,Ceratodon,,"purpureus",subsp.,"conicus","(Hampe) Dixon",Unresolved,,L,TRO,35157222,,"Stud. Handb. Brit. Mosses","68","68","1896"
tro-35157246,B,Ditrichaceae,,Ceratodon,,"purpureus",var.,"conicus","(Hampe) Husn.",Accepted,,L,TRO,35157246,,"Muscol. Gall.","60","60","1884"
tro-35184466,B,Ditrichaceae,,Ceratodon,,"purpureus",subsp.,"convolutus","(Reichardt) Burley",Accepted,,L,TRO,35184466,,"Harvard Pap. Bot.","2: 57","57","1990"
tro-35157254,B,Ditrichaceae,,Ceratodon,,"purpureus",var.,"dimorphus","(H. Philib.) Mönk.",Accepted,,L,TRO,35157254,,"Allg. Bot. Z. Syst.","15: 92","92","1909"
tro-35157274,B,Ditrichaceae,,Ceratodon,,"purpureus",var.,"microphyllus","(Cardot & Rechin) Podp.",Accepted,,L,TRO,35157274,,"Consp. Musc. Eur.","100","100","1954"
tro-35157226,B,Ditrichaceae,,Ceratodon,,"purpureus",subsp.,"stenocarpus","(Bruch & Schimp.) Dixon",Accepted,,L,TRO,35157226,,"New Zealand Inst. Bull.","3(2): 50","50","1914"
tro-35157302,B,Ditrichaceae,,Ceratodon,,"purpureus",var.,"wallyanus","(Giacom.) Podp.",Accepted,,L,TRO,35157302,,"Consp. Musc. Eur.","100","100","1954"
tro-35157304,B,Ditrichaceae,,Ceratodon,,"semilunaris",,"","Müll. Hal.",Accepted,,M,TRO,35157304,,"Linnaea","42: 481","481","1879"
tro-35157306,B,Ditrichaceae,,Ceratodon,,"stenocarpus",,"","Bruch & Schimp.",Accepted,,M,TRO,35157306,,"Bryol. Eur.","2: 146 (fasc. 29/30. Mon. 4)","647","1849"
tro-35157307,B,Ditrichaceae,,Ceratodon,,"stenocarpus",var.,"corsicus","(Bruch & Schimp.) Podp.",Accepted,,L,TRO,35157307,,"Consp. Musc. Eur.","100","100","1954"
tro-35157313,B,Ditrichaceae,,Ceratodon,,"viridatus",,"","(Müll. Hal.) Broth.",Accepted,,M,TRO,35157313,,"Nat. Pflanzenfam.","I(3): 459","459","1902"
tro-35157316,B,Ditrichaceae,,Ceratodon,,"xanthocarpus",,"","(Schimp. ex Müll. Hal.) A. Jaeger",Accepted,,M,TRO,35157316,,"Ber. Thätigk. St. Gallischen Naturwiss. Ges.","1870–71: 462 (Gen. Sp. Musc. 1: 310)","462 ","1872"
tro-35157431,B,Ditrichaceae,,Cheilothela,,"chilensis",,"","(Mont.) Broth.",Accepted,,M,TRO,35157431,,"Nat. Pflanzenfam.","I(3): 301","301","1901"
tro-35157432,B,Ditrichaceae,,Cheilothela,,"chloropus",,"","(Brid.) Broth.",Accepted,,M,TRO,35157432,,"Nat. Pflanzenfam.","I(3): 301","301","1901"
tro-35140477,B,Ditrichaceae,,Cheilothela,,"jaegeri",,"","Bizot",Accepted,,M,TRO,35140477,,"Rev. Bryol. Lichénol.","42: 847","847","1976"
tro-35157468,B,Ditrichaceae,,Chrysoblastella,,"chilensis",,"","(Mont.) Reimers",Accepted,,M,TRO,35157468,,"Hedwigia","66: 51","51","1926"
tro-35157469,B,Ditrichaceae,,Chrysoblastella,,"dubia",,"","(Dusén) Reimers",Accepted,,M,TRO,35157469,,"Hedwigia","66: 51","51","1926"
tro-35157470,B,Ditrichaceae,,Chrysoblastella,,"novae-seelandiae",,"","(Broth.) Reimers",Accepted,,M,TRO,35157470,,"Hedwigia","66: 51","51","1926"
tro-35157671,B,Ditrichaceae,,Cladastomum,,"robustum",,"","Broth.",Accepted,,M,TRO,35157671,,"Ergebn. Bot. Exped. Südbras., Musci","256","256","1924"
tro-35157673,B,Ditrichaceae,,Cladastomum,,"ulei",,"","Müll. Hal.",Accepted,,M,TRO,35157673,,"Bull. Herb. Boissier","6: 21","21","1898"
tro-35215559,B,Ditrichaceae,,Cleistocarpidium,,"japonicum",,"","(Deguchi, Matsui & Z. Iwats.) K. L. Yip",Accepted,,M,TRO,35215559,,"J. Hattori Bot. Lab.","96: 216","216","2004"
tro-35200816,B,Ditrichaceae,,Cleistocarpidium,,"palustre",,"","(Bruch & Schimp.) Ochyra & Bednarek-Ochyra",Accepted,,M,TRO,35200816,,"Fragm. Florist. Geobot.","41: 1035","1035","1996"
tro-35186412,B,Ditrichaceae,,Crumuscus,,"vitalis",,"","W.R. Buck & Snider",Accepted,,M,TRO,35186412,,"Contr. Univ. Michigan Herb.","18: 39. f. 1–10","39","1992"
tro-35183564,B,Ditrichaceae,,Cygniella,,"sharpii",,"","H.A. Crum",Accepted,,M,TRO,35183564,,"Bryologist","89: 23. f. 1–7","23","1986"
tro-35159223,B,Ditrichaceae,,Cynodon,,"flexicaulis",,"","(Schwägr.) Steud.",Accepted,,M,TRO,35159223,,"Nomencl. Bot.","2: 141","141","1824"
tro-35159224,B,Ditrichaceae,,Cynodon,,"inclinatus",,"","(Hedw.) Brid.",Accepted,,M,TRO,35159224,,"Muscol. Recent. Suppl.","4: 99","99","1819"
tro-35159374,B,Ditrichaceae,,Cynontodium,,"affine",,"","(Müll. Hal.) Mitt.",Accepted,,M,TRO,35159374,,"J. Linn. Soc., Bot.","12: 42","42","1869"
tro-35159380,B,Ditrichaceae,,Cynontodium,,"conicum",,"","(Mont.) Mitt.",Accepted,,M,TRO,35159380,,"J. Linn. Soc., Bot.","12: 44","44","1869"
tro-35159382,B,Ditrichaceae,,Cynontodium,,"elongatum",,"","(Hook. f. & Wilson) Mitt.",Accepted,,M,TRO,35159382,,"J. Linn. Soc., Bot.","12: 43","43","1869"
tro-35159384,B,Ditrichaceae,,Cynontodium,,"gracile",,"","(Mitt.) Mitt.",Accepted,,M,TRO,35159384,,"J. Linn. Soc., Bot.","12: 43","43","1869"
tro-35159385,B,Ditrichaceae,,Cynontodium,,"hookeri",,"","(Müll. Hal.) Mitt.",Accepted,,M,TRO,35159385,,"J. Linn. Soc., Bot.","12: 42","42","1869"
tro-35159386,B,Ditrichaceae,,Cynontodium,,"hyalinum",,"","(Mitt.) Mitt.",Accepted,,M,TRO,35159386,,"J. Linn. Soc., Bot.","12: 43","43","1869"
tro-35162069,B,Ditrichaceae,,Cynontodium,,"pallidum",,"","(Hedw.) Mitt.",Accepted,,M,TRO,35162069,,"J. Linn. Soc., Bot.","12: 42","42","1869"
tro-35159388,B,Ditrichaceae,,Cynontodium,,"rufescens",,"","(Hampe) Mitt.",Accepted,,M,TRO,35159388,,"J. Linn. Soc., Bot.","12: 44","44","1869"
tro-35159389,B,Ditrichaceae,,Cynontodium,,"strictum",,"","(Sw. ex F. Weber & D. Mohr) Mitt.",Accepted,,M,TRO,35159389,,"J. Linn. Soc., Bot.","12: 42","42","1869"
tro-35120646,B,Ditrichaceae,,Diaphanophyllum,,"boryanum",,"","(Müll. Hal.) Lindb.",Accepted,,M,TRO,35120646,,"Öfvers. Förh. Kongl. Svenska Vetensk.-Akad.","19: 605","605","1863"
tro-35120647,B,Ditrichaceae,,Diaphanophyllum,,"flexicaule",,"","(Schwägr.) Lindb.",Accepted,,M,TRO,35120647,,"Öfvers. Förh. Kongl. Svenska Vetensk.-Akad.","19: 605","605","1863"
tro-35120648,B,Ditrichaceae,,Diaphanophyllum,,"glaucescens",,"","(Hedw.) Lindb.",Accepted,,M,TRO,35120648,,"Öfvers. Förh. Kongl. Svenska Vetensk.-Akad.","19: 605","605","1863"
tro-35120649,B,Ditrichaceae,,Diaphanophyllum,,"homomallum",,"","(Hedw.) Lindb.",Accepted,,M,TRO,35120649,,"Öfvers. Förh. Kongl. Svenska Vetensk.-Akad.","19: 605","605","1863"
tro-35120650,B,Ditrichaceae,,Diaphanophyllum,,"longifolium",,"","(Brid.) Lindb.",Accepted,,M,TRO,35120650,,"Öfvers. Förh. Kongl. Svenska Vetensk.-Akad.","19: 605","605","1863"
tro-35120651,B,Ditrichaceae,,Diaphanophyllum,,"pallidum",,"","(Hedw.) Lindb.",Accepted,,M,TRO,35120651,,"Öfvers. Förh. Kongl. Svenska Vetensk.-Akad.","19: 605","605","1863"
tro-35120652,B,Ditrichaceae,,Diaphanophyllum,,"setosum",,"","(Hook. f. & Wilson) Lindb.",Accepted,,M,TRO,35120652,,"Öfvers. Förh. Kongl. Svenska Vetensk.-Akad.","19: 605","605","1863"
tro-35120655,B,Ditrichaceae,,Diaphanophyllum,,"tortile",,"","(Schrad.) Lindb.",Accepted,,M,TRO,35120655,,"Öfvers. Förh. Kongl. Svenska Vetensk.-Akad.","19: 605","605","1863"
tro-35120656,B,Ditrichaceae,,Diaphanophyllum,,"vaginans",,"","(Sull.) Lindb.",Accepted,,M,TRO,35120656,,"Öfvers. Förh. Kongl. Svenska Vetensk.-Akad.","19: 605","605","1863"
tro-35132417,B,Ditrichaceae,,Distichium,,"asperrimum",,"","Müll. Hal.",Accepted,,M,TRO,35132417,,"Nuovo Giorn. Bot. Ital., n.s.,","3: 90","90","1896"
tro-35132419,B,Ditrichaceae,,Distichium,,"austroinclinatum",,"","Müll. Hal.",Accepted,,M,TRO,35132419,,"Linnaea","43: 396","396","1882"
tro-35132420,B,Ditrichaceae,,Distichium,,"brachyphyllum",,"","Müll. Hal.",Accepted,,M,TRO,35132420,,"Nuovo Giorn. Bot. Ital., n.s.,","3: 91","91","1896"
tro-35132421,B,Ditrichaceae,,Distichium,,"brachystegium",,"","Müll. Hal.",Accepted,,M,TRO,35132421,,"Nuovo Giorn. Bot. Ital., n.s.,","3: 91","91","1896"
tro-35132422,B,Ditrichaceae,,Distichium,,"brevifolium",,"","Müll. Hal.",Accepted,,M,TRO,35132422,,"Nuovo Giorn. Bot. Ital., n.s.,","3: 91","91","1896"
tro-35167844,B,Ditrichaceae,,Distichium,,"brevisetum",,"","C. Gao",Accepted,,M,TRO,35167844,,"Acta Bot. Yunnan.","3: 391. f. 2: 15–22","391","1981"
tro-35167845,B,Ditrichaceae,,Distichium,,"bryoxiphioidium",,"","C. Gao",Accepted,,M,TRO,35167845,,"Acta Bot. Yunnan.","3: 392. f. 2: 1–14","392","1981"
tro-35132423,B,Ditrichaceae,,Distichium,,"capillaceum",,"","(Hedw.) Bruch & Schimp.",Accepted,,M,TRO,35132423,,"Bryol. Eur.","2: 156 (fasc. 29–31. Monogr. 4)","156","1846"
tro-35132432,B,Ditrichaceae,,Distichium,,"crispatum",,"","Müll. Hal.",Accepted,,M,TRO,35132432,,"Nuovo Giorn. Bot. Ital., n.s.,","3: 91","91","1896"
tro-35132434,B,Ditrichaceae,,Distichium,,"hagenii",,"","Ryan ex H. Philib.",Accepted,,M,TRO,35132434,,"Rev. Bryol.","23: 36. pl. 1: f. 2, 3","36","1896"
tro-35132435,B,Ditrichaceae,,Distichium,,"inclinatum",,"","(Hedw.) Bruch & Schimp.",Accepted,,M,TRO,35132435,,"Bryol. Eur.","2: 157. (fasc. 29–30 Mon. 5)","157","1846"
tro-35132444,B,Ditrichaceae,,Distichium,,"inclinatum",var.,"tenue","Bruch & Schimp.",Accepted,,L,TRO,35132444,,"Bryol. Eur.","2: 157. 194b (fasc. 29–31 Mon. 5. 2b)","157","1846"
tro-35132446,B,Ditrichaceae,,Distichium,,"lorentzii",,"","Müll. Hal.",Accepted,,M,TRO,35132446,,"Linnaea","43: 395","395","1882"
tro-35132451,B,Ditrichaceae,,Distichium,,"remotifolium",,"","Müll. Hal.",Accepted,,M,TRO,35132451,,"Nuovo Giorn. Bot. Ital., n.s.,","3: 91","91","1896"
tro-35132452,B,Ditrichaceae,,Distichium,,"setifolium",,"","Müll. Hal.",Accepted,,M,TRO,35132452,,"Linnaea","43: 396","396","1882"
tro-35132453,B,Ditrichaceae,,Distichium,,"strictifolium",,"","Müll. Hal.",Accepted,,M,TRO,35132453,,"Nuovo Giorn. Bot. Ital., n.s.,","4: 6","6","1897"
tro-35132456,B,Ditrichaceae,,Distichium,,"vernicosum",,"","Müll. Hal.",Accepted,,M,TRO,35132456,,"Nuovo Giorn. Bot. Ital., n.s.,","3: 90","90","1896"
tro-100367525,B,Ditrichaceae,,Ditrichopsis,,"baikalensis",,"","Ignatova & O.M. Afonina",Accepted,,M,TRO,100367525,,"Arctoa","19: 241","241","2010"
tro-35132652,B,Ditrichaceae,,Ditrichopsis,,"clausa",,"","Broth.",Accepted,,M,TRO,35132652,,"Symb. Sin.","4: 13","13","1929"
tro-35132653,B,Ditrichaceae,,Ditrichopsis,,"gymnostoma",,"","Broth.",Accepted,,M,TRO,35132653,,"Akad. Wiss. Wien Sitzungsber., Math.-Naturwiss. Kl., Abt. 1,","133: 560","560","1924"
tro-35132668,B,Ditrichaceae,,Ditrichum,,"ambiguum",,"","Best",Accepted,,M,TRO,35132668,,"Bull. Torrey Bot. Club","20: 117","117","1893"
tro-35132669,B,Ditrichaceae,,Ditrichum,,"amoenum",,"","(Thwaites & Mitt.) Paris",Accepted,,M,TRO,35132669,,"Index Bryol.","391","391","1896"
tro-35132670,B,Ditrichaceae,,Ditrichum,,"apophysatum",,"","Hampe ex Gangulee",Accepted,,M,TRO,35132670,,"Bull. Bot. Soc. Bengal","13: 4. f. 25","4","1959"
tro-35132672,B,Ditrichaceae,,Ditrichum,,"astomoides",,"","Limpr.",Accepted,,M,TRO,35132672,,"Laubm. Deutschl.","1: 511. 157","511","1887"
tro-35183303,B,Ditrichaceae,,Ditrichum,,"atlanticum",,"","(Thér. & Trab.) J.-P. Frahm & Seppelt",Accepted,,M,TRO,35183303,,"Cryptog. Bryol. Lichénol.","8: 150","150","1987"
tro-35132673,B,Ditrichaceae,,Ditrichum,,"aureum",,"","E.B. Bartram",Accepted,,M,TRO,35132673,,"Ann. Bryol.","8: 7. f. 1","7","1936"
tro-35167847,B,Ditrichaceae,,Ditrichum,,"austrogeorgicum",,"","(Cardot) Seppelt",Accepted,,M,TRO,35167847,,"Lindbergia","6: 128","128","1980"
tro-35132678,B,Ditrichaceae,,Ditrichum,,"blindioides",,"","Broth.",Accepted,,M,TRO,35132678,,"Oefvers. Förh. Finska Vetensk.-Soc.","40: 164","164","1898"
tro-35132679,B,Ditrichaceae,,Ditrichum,,"bogotense",,"","(Hampe) Broth.",Accepted,,M,TRO,35132679,,"Nat. Pflanzenfam.","I(3): 299","299","1901"
tro-35132682,B,Ditrichaceae,,Ditrichum,,"boryanum",,"","(Müll. Hal.) Hampe",Accepted,,M,TRO,35132682,,"Flora","50: 182","182","1867"
tro-35132684,B,Ditrichaceae,,Ditrichum,,"brachycarpum",,"","Hampe",Accepted,,M,TRO,35132684,,"Linnaea","37: 514","514","1872"
tro-35132685,B,Ditrichaceae,,Ditrichum,,"brachypodum",,"","(Müll. Hal.) Broth.",Accepted,,M,TRO,35132685,,"Nat. Pflanzenfam.","I(3): 300","300","1901"
tro-35132686,B,Ditrichaceae,,Ditrichum,,"breidleri",,"","Limpr.",Accepted,,M,TRO,35132686,,"Laubm. Deutschl.","1: 508. 156","508","1887"
tro-35182609,B,Ditrichaceae,,Ditrichum,,"brevidens",,"","Nog.",Accepted,,M,TRO,35182609,,"J. Jap. Bot.","20: 255","255","1944"
tro-35132689,B,Ditrichaceae,,Ditrichum,,"brevirostre",,"","(R. Br. bis) Broth.",Accepted,,M,TRO,35132689,,"Nat. Pflanzenfam.","I(3): 300","300","1901"
tro-35208650,B,Ditrichaceae,,Ditrichum,,"brevisetum",,"","Kiguchi, Tad. Suzuki & Z. Iwats.",Accepted,,M,TRO,35208650,,"Hikobia","13: 521. f. 1","521","2001"
tro-35167849,B,Ditrichaceae,,Ditrichum,,"brotherusii",,"","(R. Br. bis) Seppelt",Accepted,,M,TRO,35167849,,"Lindbergia","6: 128","128","1980"
tro-35132690,B,Ditrichaceae,,Ditrichum,,"buchananii",,"","(R. Br. bis) Broth.",Accepted,,M,TRO,35132690,,"Nat. Pflanzenfam.","I(3): 300","300","1901"
tro-35132693,B,Ditrichaceae,,Ditrichum,,"canadense",,"","(Mitt.) Kuntze",Accepted,,M,TRO,35132693,,"Revis. Gen. Pl.","2: 835","835","1891"
tro-35132694,B,Ditrichaceae,,Ditrichum,,"canariense",,"","Bryhn",Accepted,,M,TRO,35132694,,"Kongel. Norske Vidensk. Selsk. Skr. (Trondheim)","1908(8): 18","18","1908"
tro-35132695,B,Ditrichaceae,,Ditrichum,,"capense",,"","(Müll. Hal.) Kuntze",Accepted,,M,TRO,35132695,,"Revis. Gen. Pl.","2: 835","835","1891"
tro-35132698,B,Ditrichaceae,,Ditrichum,,"capillaceum",,"","(Hedw.) Watts & Whitel.",Accepted,,M,TRO,35132698,,"Proc. Linn. Soc. New South Wales","27(Suppl.): 35","35","1902"
tro-35132699,B,Ditrichaceae,,Ditrichum,,"capillare",,"","(Müll. Hal.) Paris",Accepted,,M,TRO,35132699,,"Index Bryol. Suppl.","131","131","1900"
tro-35132701,B,Ditrichaceae,,Ditrichum,,"colijnii",,"","Dixon",Accepted,,M,TRO,35132701,,"Farlowia","1: 26","26","1943"
tro-35132702,B,Ditrichaceae,,Ditrichum,,"conicum",,"","(Mont.) Mitt.",Accepted,,M,TRO,35132702,,"Philos. Trans.","168(extra vol.): 25","25","1879"
tro-35140577,B,Ditrichaceae,,Ditrichum,,"cornubicum",,"","Paton",Accepted,,M,TRO,35140577,,"J. Bryol.","9: 171. f. 1","171","1976"
tro-35132705,B,Ditrichaceae,,Ditrichum,,"crinale",,"","(Taylor) Kuntze",Accepted,,M,TRO,35132705,,"Revis. Gen. Pl.","2: 835","835","1891"
tro-35190980,B,Ditrichaceae,,Ditrichum,,"crispatissimum",var.,"sinense","(Müll. Hal.) T. Cao",Unresolved,,L,TRO,35190980,,"Fl. Bryophyt. Sin.","1: 85","85","1994"
tro-35132708,B,Ditrichaceae,,Ditrichum,,"cylindricarpum",,"","(Müll. Hal.) F. Muell.",Accepted,,M,TRO,35132708,,"Frag. Suppl.","109","109","1881"
tro-35132712,B,Ditrichaceae,,Ditrichum,,"darjeelingense",,"","Renauld & Cardot",Accepted,,M,TRO,35132712,,"Bull. Soc. Roy. Bot. Belgique","41 (1): 51","51","1905"
tro-35132714,B,Ditrichaceae,,Ditrichum,,"difficile",,"","(Duby) M. Fleisch.",Accepted,,M,TRO,35132714,,"Musci Buitenzorg","1: 300","300","1904"
tro-35132715,B,Ditrichaceae,,Ditrichum,,"difficile",var.,"robustum","(Besch.) Paris",Accepted,,L,TRO,35132715,,"Coll. Nom. Broth.","9:","","1909"
tro-35132716,B,Ditrichaceae,,Ditrichum,,"difficile",var.,"tenellum","(Müll. Hal.) Wijk & Margad.",Accepted,,L,TRO,35132716,,"Taxon","9: 189","189","1960"
tro-35217957,B,Ditrichaceae,,Ditrichum,,"ditrichoideum",,"","(Cardot) Ochyra",Accepted,,M,TRO,35217957,,"Ill. Moss Fl. Antarctica","p. 142","","2008"
tro-35132717,B,Ditrichaceae,,Ditrichum,,"divaricatum",,"","Mitt.",Accepted,,M,TRO,35132717,,"Trans. Linn. Soc. London, Bot.","3: 155","155","1891"
tro-35132887,B,Ditrichaceae,,Ditrichum,,"elatum",var.,"gracile","(Roll) Roll",Unresolved,,L,TRO,35132887,,"Hedwigia","56: 114","114","1915"
tro-35132723,B,Ditrichaceae,,Ditrichum,,"elongatum",,"","(Hook. f. & Wilson) Mitt.",Accepted,,M,TRO,35132723,,"Trans. Roy. Soc. Victoria","19: 51","51","1882"
tro-35132726,B,Ditrichaceae,,Ditrichum,,"ferrugineum",,"","(Wilson) Paris",Accepted,,M,TRO,35132726,,"Index Bryol.","392","392","1896"
tro-35132730,B,Ditrichaceae,,Ditrichum,,"flexicaule",,"","(Schwägr.) Hampe",Accepted,,M,TRO,35132730,,"Flora","50: 182","182","1867"
tro-35186512,B,Ditrichaceae,,Ditrichum,,"flexicaule",f.,"brevifolium","(Kindb.) Grout",Accepted,,L,TRO,35186512,,"Moss Fl. N. Amer.","1: 46","46","1936"
tro-35204762,B,Ditrichaceae,,Ditrichum,,"flexicaule",f.,"densum","(Bruch & Schimp.) Mönk.",Accepted,,L,TRO,35204762,,"Laubm. Eur.","152","152","1927"
tro-35132736,B,Ditrichaceae,,Ditrichum,,"flexicaule",var.,"longifolium","(J.E. Zetterst.) I. Hagen",Accepted,,L,TRO,35132736,,"Tromsø Mus. Aarsh.","21–22: 40","40","1899"
tro-35169051,B,Ditrichaceae,,Ditrichum,,"flexicaule",f.,"sterile","(De Not.) Smirnova",Accepted,,L,TRO,35169051,,"Novosti Syst. Niza. Rast.","6: 255","255","1969"
tro-35132742,B,Ditrichaceae,,Ditrichum,,"fontanum",,"","Herzog",Accepted,,M,TRO,35132742,,"Rev. Bryol. Lichénol.","23: 70","70","1954"
tro-35132745,B,Ditrichaceae,,Ditrichum,,"francii",,"","Thér.",Accepted,,M,TRO,35132745,,"Diagn. Esp. Var. Nouv. Mouss. 8:","1","1","1910"
tro-35203754,B,Ditrichaceae,,Ditrichum,,"gemmiferum",,"","Ochyra & Lewis-Smith",Accepted,,M,TRO,35203754,,"Ann. Bot. Fenn.","35: 46. f. 7–8","46","1998"
tro-35132747,B,Ditrichaceae,,Ditrichum,,"glaciale",,"","(Müll. Hal.) Kuntze",Accepted,,M,TRO,35132747,,"Revis. Gen. Pl.","2: 835","835","1891"
tro-35132750,B,Ditrichaceae,,Ditrichum,,"glowackii",,"","Podp.",Accepted,,M,TRO,35132750,,"Consp. Musc. Eur.","96","96","1954"
tro-35132751,B,Ditrichaceae,,Ditrichum,,"gracile",,"","(Mitt.) Kuntze",Accepted,,M,TRO,35132751,,"Revis. Gen. Pl.","2: 835","835","1891"
tro-35132752,B,Ditrichaceae,,Ditrichum,,"hallei",,"","Cardot & Broth.",Accepted,,M,TRO,35132752,,"Kongl. Svenska Vetensk. Acad. Handl., n.s.","63(10): 17. 1 f. 4","17","1923"
tro-35132755,B,Ditrichaceae,,Ditrichum,,"heteromallum",,"","(Hedw.) E. Britton",Accepted,,M,TRO,35132755,,"N. Amer. Fl.","15: 64","64","1913"
tro-35132757,B,Ditrichaceae,,Ditrichum,,"heteromallum",var.,"julifiliforme","(Grebe) Podp.",Accepted,,L,TRO,35132757,,"Consp. Musc. Eur.","93","93","1954"
tro-35132758,B,Ditrichaceae,,Ditrichum,,"heteromallum",var.,"subalpinum","(Bruch & Schimp.) Podp.",Accepted,,L,TRO,35132758,,"Consp. Musc. Eur.","93","93","1954"
tro-35132759,B,Ditrichaceae,,Ditrichum,,"heteromallum",var.,"zonatum","(Brid.) Podp.",Accepted,,L,TRO,35132759,,"Consp. Musc. Eur.","93","93","1954"
tro-35132763,B,Ditrichaceae,,Ditrichum,,"homomallum",subsp.,"zonatum","(Brid.) Kindb.",Unresolved,,L,TRO,35132763,,"Eur. N. Amer. Bryin.","2: 181","181","1897"
tro-35132769,B,Ditrichaceae,,Ditrichum,,"hookeri",,"","(Müll. Hal.) Hampe",Accepted,,M,TRO,35132769,,"Flora","50: 182","182","1867"
tro-35132772,B,Ditrichaceae,,Ditrichum,,"hyalinocuspidatum",,"","Cardot",Accepted,,M,TRO,35132772,,"Bull. Herb. Boissier, sér. 2,","6: 5","5","1906"
tro-35132773,B,Ditrichaceae,,Ditrichum,,"hyalinum",,"","(Mitt.) Kuntze",Accepted,,M,TRO,35132773,,"Revis. Gen. Pl.","2: 835","835","1891"
tro-35169376,B,Ditrichaceae,,Ditrichum,,"immersum",,"","Zanten",Accepted,,M,TRO,35169376,,"Marion & Prince Edward Isl.","184. f. 3: 1","1","1971"
tro-35132776,B,Ditrichaceae,,Ditrichum,,"itatiaiae",,"","(Müll. Hal.) Paris",Accepted,,M,TRO,35132776,,"Index Bryol. Suppl.","131","131","1900"
tro-35132778,B,Ditrichaceae,,Ditrichum,,"javense",,"","M. Fleisch.",Accepted,,M,TRO,35132778,,"Musci Buitenzorg","1: 299","299","1904"
tro-35132779,B,Ditrichaceae,,Ditrichum,,"julaceum",,"","(Dozy & Molk.) I. Hagen",Accepted,,M,TRO,35132779,,"Kongel. Norske Vidensk. Selsk. Skr. (Trondheim)","1914(1): 44","44","1915"
tro-35132782,B,Ditrichaceae,,Ditrichum,,"knappii",,"","(Jur.) Limpr.",Accepted,,M,TRO,35132782,,"Laubm. Deutschl.","1: 508","508","1887"
tro-35132785,B,Ditrichaceae,,Ditrichum,,"laxissimum",,"","(Mitt.) Kuntze",Accepted,,M,TRO,35132785,,"Revis. Gen. Pl.","2: 835","835","1891"
tro-35132788,B,Ditrichaceae,,Ditrichum,,"levieri",,"","(Herzog) Hilp.",Accepted,,M,TRO,35132788,,"Beih. Bot. Centralbl., Abt. 2","50 (2): 691","691","1933"
tro-35200864,B,Ditrichaceae,,Ditrichum,,"lewis-smithii",,"","Ochyra",Accepted,,M,TRO,35200864,,"Ann. Bot. Fenn.","33: 304. f. 1","304","1996"
tro-35132789,B,Ditrichaceae,,Ditrichum,,"liliputanum",,"","(Müll. Hal.) Paris",Accepted,,M,TRO,35132789,,"Index Bryol. Suppl.","131","131","1900"
tro-35132790,B,Ditrichaceae,,Ditrichum,,"lineare",,"","(Sw.) Lindb.",Accepted,,M,TRO,35132790,,"Acta Soc. Sci. Fenn.","10: 108","108","1871"
tro-35132793,B,Ditrichaceae,,Ditrichum,,"lineare",var.,"lamyi","(Boulay) Wijk & Margad.",Accepted,,L,TRO,35132793,,"Taxon","9: 50","50","1960"
tro-35132796,B,Ditrichaceae,,Ditrichum,,"longicrure",,"","Renauld & Cardot",Unresolved,,L,TRO,35132796,,"Bull. Soc. Roy. Bot. Belgique","38 (1): 10","10","1900"
tro-35132798,B,Ditrichaceae,,Ditrichum,,"longisetum",,"","(Lorentz) Hampe",Accepted,,M,TRO,35132798,,"Flora","50: 182","182","1867"
tro-35132799,B,Ditrichaceae,,Ditrichum,,"luteum",,"","Dixon & Thér.",Accepted,,M,TRO,35132799,,"Recueil Publ. Soc. Havraise Études Diverses","92: 6","6","1926"
tro-35132801,B,Ditrichaceae,,Ditrichum,,"macounii",,"","(Müll. Hal. & Kindb.) Kindb.",Accepted,,M,TRO,35132801,,"Eur. N. Amer. Bryin.","2: 181","181","1897"
tro-35132802,B,Ditrichaceae,,Ditrichum,,"macrorhynchum",,"","Broth.",Accepted,,M,TRO,35132802,,"Bull. Soc. Bot. Genève","1: 121","121","1909"
tro-35132803,B,Ditrichaceae,,Ditrichum,,"madagassum",,"","(Renauld & Cardot) Paris",Accepted,,M,TRO,35132803,,"Index Bryol.","395","395","1896"
tro-35132805,B,Ditrichaceae,,Ditrichum,,"mexicanum",,"","(Schimp. ex Besch.) Kuntze",Accepted,,M,TRO,35132805,,"Revis. Gen. Pl.","2: 835","835","1891"
tro-35132808,B,Ditrichaceae,,Ditrichum,,"mittenii",,"","(Besch.) Kuntze",Accepted,,M,TRO,35132808,,"Revis. Gen. Pl.","2: 835","835","1891"
tro-35132809,B,Ditrichaceae,,Ditrichum,,"montanum",,"","Leiberg",Accepted,,M,TRO,35132809,,"Bull. Torrey Bot. Club","20: 112. 143","112","1893"
tro-35132812,B,Ditrichaceae,,Ditrichum,,"nivale",,"","(Müll. Hal.) Limpr.",Accepted,,M,TRO,35132812,,"Laubm. Deutschl.","1: 498","498","1887"
tro-35132813,B,Ditrichaceae,,Ditrichum,,"oblongum",,"","(Lindb.) Kindb.",Accepted,,M,TRO,35132813,,"Eur. N. Amer. Bryin.","2: 178","178","1879"
tro-35132814,B,Ditrichaceae,,Ditrichum,,"oldfieldii",,"","(Mitt.) Mitt.",Accepted,,M,TRO,35132814,,"Frag. Suppl.","109","109","1881"
tro-35132816,B,Ditrichaceae,,Ditrichum,,"pallidum",var.,"knappii","(Jur.) Cas.-Gil",Unresolved,,L,TRO,35132816,,"Fl. Ibér. Brióf., Musg.","84","84","1932"
tro-35132819,B,Ditrichaceae,,Ditrichum,,"pallidum x pleuridium alternifolium",,"","Glow.",Unresolved,,L,TRO,35132819,,"Jahrb. Naturhist. Landesmus. Kärnten","27: 102","102","1904"
tro-35132821,B,Ditrichaceae,,Ditrichum,,"pancheri",,"","(Müll. Hal.) Paris",Accepted,,M,TRO,35132821,,"Index Bryol. Suppl.","131","131","1900"
tro-35132822,B,Ditrichaceae,,Ditrichum,,"paulense",,"","Geh. & Hampe",Accepted,,M,TRO,35132822,,"Flora","64: 340","340","1881"
tro-35132823,B,Ditrichaceae,,Ditrichum,,"perporodictyon",,"","Dixon",Accepted,,M,TRO,35132823,,"Kongel. Norske Vidensk. Selsk. Forh.","4 (47): 179","179","1932"
tro-35132825,B,Ditrichaceae,,Ditrichum,,"pinetorum",,"","(Müll. Hal.) Paris",Accepted,,M,TRO,35132825,,"Index Bryol.","395","395","1896"
tro-35132826,B,Ditrichaceae,,Ditrichum,,"plagiacron",,"","(Müll. Hal.) Kuntze",Accepted,,M,TRO,35132826,,"Revis. Gen. Pl.","2: 835","835","1891"
tro-35132827,B,Ditrichaceae,,Ditrichum,,"plicatum",,"","(Müll. Hal.) Hampe",Accepted,,M,TRO,35132827,,"Nuovo Giorn. Bot. Ital.","4: 273","273","1872"
tro-35140578,B,Ditrichaceae,,Ditrichum,,"plumbicola",,"","Crundw.",Accepted,,M,TRO,35140578,,"J. Bryol.","9: 167. f. 1","167","1976"
tro-35132829,B,Ditrichaceae,,Ditrichum,,"praealtum",,"","(Mitt.) Kuntze",Accepted,,M,TRO,35132829,,"Revis. Gen. Pl.","2: 835","835","1891"
tro-35132832,B,Ditrichaceae,,Ditrichum,,"pseudorufescens",,"","(Müll. Hal.) Paris",Accepted,,M,TRO,35132832,,"Index Bryol. Suppl.","132","132","1900"
tro-35132833,B,Ditrichaceae,,Ditrichum,,"punctulatum",,"","Mitt.",Accepted,,M,TRO,35132833,,"Philos. Trans.","168(extra vol.): 25","25","1879"
tro-35132834,B,Ditrichaceae,,Ditrichum,,"pusillum",,"","(Hedw.) Hampe",Accepted,,M,TRO,35132834,,"Flora","50: 182","182","1867"
tro-35132835,B,Ditrichaceae,,Ditrichum,,"pusillum",var.,"glaciale","(Schimp.) Wijk & Margad.",Accepted,,L,TRO,35132835,,"Taxon","9: 50","50","1960"
tro-35132837,B,Ditrichaceae,,Ditrichum,,"pusillum",var.,"semivaginans","(G. Roth) Podp.",Accepted,,L,TRO,35132837,,"Consp. Musc. Eur.","95","95","1954"
tro-35132841,B,Ditrichaceae,,Ditrichum,,"rhynchostegium",,"","Kindb.",Accepted,,M,TRO,35132841,,"Rev. Bryol.","37: 14","14","1910"
tro-35132840,B,Ditrichaceae,,Ditrichum,,"roivanenii",,"","E.B. Bartram & Roiv.",Accepted,,M,TRO,35132840,,"Ann. Bot. Soc. Zool.-Bot. Fenn. ""Vanamo""","9: 19. 10","19","1937"
tro-35132842,B,Ditrichaceae,,Ditrichum,,"rufescens",,"","(Hampe) Hampe",Accepted,,M,TRO,35132842,,"Flora","50: 182","182","1867"
tro-35132843,B,Ditrichaceae,,Ditrichum,,"rufo-aureum",,"","(Hampe) J. H. Willis",Accepted,,M,TRO,35132843,,"Victorian Naturalist","72: 7","7","1955"
tro-35132845,B,Ditrichaceae,,Ditrichum,,"schimperi",,"","(Lesq.) Kuntze",Accepted,,M,TRO,35132845,,"Revis. Gen. Pl.","2: 835","835","1891"
tro-35132846,B,Ditrichaceae,,Ditrichum,,"schimperi",subsp.,"flexifolium","(Renauld & Cardot) Kindb.",Accepted,,L,TRO,35132846,,"Eur. N. Amer. Bryin.","2: 179","179","1897"
tro-35185587,B,Ditrichaceae,,Ditrichum,,"sekii",,"","Ando & Deguchi ex Matsui & Z. Iwats.",Accepted,,M,TRO,35185587,,"J. Hattori Bot. Lab.","68: 344. f. 14","344","1990"
tro-35132847,B,Ditrichaceae,,Ditrichum,,"semilunare",,"","(Müll. Hal.) Paris",Accepted,,M,TRO,35132847,,"Index Bryol. Suppl.","132","132","1900"
tro-35132848,B,Ditrichaceae,,Ditrichum,,"sericeum",,"","E.B. Bartram",Accepted,,M,TRO,35132848,,"Lloydia","5: 247. 1","247","1942"
tro-35132851,B,Ditrichaceae,,Ditrichum,,"spinulosum",,"","Dixon",Accepted,,M,TRO,35132851,,"J. Linn. Soc., Bot.","50: 67. 1 f. 2","67","1935"
tro-35132855,B,Ditrichaceae,,Ditrichum,,"strictiusculum",,"","(Müll. Hal.) Paris",Accepted,,M,TRO,35132855,,"Index Bryol. Suppl.","132","132","1900"
tro-35132856,B,Ditrichaceae,,Ditrichum,,"strictum",,"","(Hook. f. & Wilson) Hampe",Accepted,,M,TRO,35132856,,"Flora","50: 182","182","1867"
tro-35132858,B,Ditrichaceae,,Ditrichum,,"subaustrale",,"","Broth.",Accepted,,M,TRO,35132858,,"Deutsche Südpolar-Exped. 1901--1903","8: 84. f. 1","84","1908"
tro-35132861,B,Ditrichaceae,,Ditrichum,,"subcapillaceum",,"","(Müll. Hal.) Watts & Whitel.",Accepted,,M,TRO,35132861,,"Proc. Linn. Soc. New South Wales","27(Suppl.): 37","37","1902"
tro-35132864,B,Ditrichaceae,,Ditrichum,,"submersum",,"","Cardot & Herzog",Accepted,,M,TRO,35132864,,"Biblioth. Bot.","87: 11. 1 f. 2","11","1916"
tro-35132865,B,Ditrichaceae,,Ditrichum,,"subrufescens",,"","Broth.",Accepted,,M,TRO,35132865,,"Acta Soc. Sci. Fenn.","19(5): 6","6","1891"
tro-35132867,B,Ditrichaceae,,Ditrichum,,"subulatum",,"","Hampe",Accepted,,M,TRO,35132867,,"Flora","50: 182","182","1867"
tro-35132868,B,Ditrichaceae,,Ditrichum,,"tenue",,"","(Hedw.) Hampe",Accepted,,M,TRO,35132868,,"Flora","50: 182","182","1867"
tro-35132870,B,Ditrichaceae,,Ditrichum,,"tenuifolium",,"","Lindb.",Accepted,,M,TRO,35132870,,"Musci Scand.","27","27","1879"
tro-35162238,B,Ditrichaceae,,Ditrichum,,"tenuinerve",,"","Dixon",Accepted,,M,TRO,35162238,,"Results Norweg. Sci. Exped. Tristan da Cunha","48: 10","10","1960"
tro-35132873,B,Ditrichaceae,,Ditrichum,,"tisserantii",,"","P. de la Varde",Accepted,,M,TRO,35132873,,"Rev. Bryol. Lichénol.","20: 245","245","1951"
tro-35132874,B,Ditrichaceae,,Ditrichum,,"tomentosum",,"","(Kindb.) Paris",Accepted,,M,TRO,35132874,,"Index Bryol.","396","396","1896"
tro-35132879,B,Ditrichaceae,,Ditrichum,,"tortipes",,"","(Mitt.) Kuntze",Accepted,,M,TRO,35132879,,"Revis. Gen. Pl.","2: 835","835","1891"
tro-35132881,B,Ditrichaceae,,Ditrichum,,"tortuloides",,"","Grout",Accepted,,M,TRO,35132881,,"Bryologist","30: 4","4","1927"
tro-35132882,B,Ditrichaceae,,Ditrichum,,"ulei",,"","(Müll. Hal.) Paris",Accepted,,M,TRO,35132882,,"Index Bryol. Suppl.","132","132","1900"
tro-35132895,B,Ditrichaceae,,Ditrichum,,"validinervium",,"","Kaal.",Accepted,,M,TRO,35132895,,"Nyt Mag. Naturvidensk.","50: 98","98","1912"
tro-35132897,B,Ditrichaceae,,Ditrichum,,"viride",,"","(Müll. Hal.) Paris",Accepted,,M,TRO,35132897,,"Index Bryol. Suppl.","132","132","1900"
tro-35133655,B,Ditrichaceae,,Eccremidium,,"arcuatum",,"","(Hook. f. & Wilson) Müll. Hal.",Accepted,,M,TRO,35133655,,"Syn. Musc. Frond.","1: 425","425","1848"
tro-35169718,B,Ditrichaceae,,Eccremidium,,"brisbanicum",,"","(Broth.) Steere & G.A.M. Scott",Accepted,,M,TRO,35169718,,"J. Bryol.","7: 603","603","1973"
tro-35133656,B,Ditrichaceae,,Eccremidium,,"exiguum",,"","(Hook. f. & Wilson) Wilson",Accepted,,M,TRO,35133656,,"Rev. Bryol.","27: 85","85","1900"
tro-35100062,B,Ditrichaceae,,Eccremidium,,"floridanum",,"","H.A. Crum",Accepted,,M,TRO,35100062,,"Bryologist","84: 531. f. 1–10","531","1981"
tro-35169719,B,Ditrichaceae,,Eccremidium,,"minutum",,"","(Mitt.) Steere & G.A.M. Scott",Accepted,,M,TRO,35169719,,"J. Bryol.","7: 603","603","1973"
tro-35133657,B,Ditrichaceae,,Eccremidium,,"pulchellum",,"","(Hook. f. & Wilson) Müll. Hal.",Accepted,,M,TRO,35133657,,"Syn. Musc. Frond.","1: 425","425","1848"
tro-35133658,B,Ditrichaceae,,Eccremidium,,"whiteleggei",,"","Broth.",Accepted,,M,TRO,35133658,,"Nat. Pflanzenfam.","I(3): 297. f. 175","297","1901"
tro-35145731,B,Ditrichaceae,,Garckea,,"abbreviata",,"","Dixon & P. de la Varde",Accepted,,M,TRO,35145731,,"Arch. Bot. Bull. Mens.","1(8–9): 163","163","1927"
tro-35145732,B,Ditrichaceae,,Garckea,,"bescherellei",,"","Müll. Hal.",Unresolved,,L,TRO,35145732,,"Ann. Sci. Nat., Bot., sér. 6,","9: 340","340","1880"
tro-35145733,B,Ditrichaceae,,Garckea,,"comosa",,"","(Dozy & Molk.) Wijk & Margad.",Accepted,,M,TRO,35145733,,"Taxon","9: 190","190","1960"
tro-35145734,B,Ditrichaceae,,Garckea,,"elongata",,"","Renauld & Cardot",Accepted,,M,TRO,35145734,,"Bull. Soc. Roy. Bot. Belgique","39(2): 108","108","1900"
tro-35169669,B,Ditrichaceae,,Garckea,,"flexuosa",,"","(Griff.) Margad. & Nork.",Accepted,,M,TRO,35169669,,"J. Bryol.","7: 440","440","1973"
tro-35145735,B,Ditrichaceae,,Garckea,,"hildebrandtii",,"","Müll. Hal.",Unresolved,,L,TRO,35145735,,"Flora","69: 510","510","1886"
tro-35145736,B,Ditrichaceae,,Garckea,,"mathieui",,"","Thér.",Accepted,,M,TRO,35145736,,"Bull. Soc. Linn. Seine-Marit.","12 bis: 237. ic","237","1925"
tro-35145737,B,Ditrichaceae,,Garckea,,"moenkemeyeri",,"","Müll. Hal.",Accepted,,M,TRO,35145737,,"Flora","69: 509","509","1886"
tro-35145738,B,Ditrichaceae,,Garckea,,"phascoides",,"","(Hook.) Müll. Hal.",Accepted,,M,TRO,35145738,,"Bot. Zeitung (Berlin)","3: 865","865","1845"
tro-35139199,B,Ditrichaceae,,Leptotrichum,,"amoenum",,"","(Thwaites & Mitt.) Müll. Hal.",Accepted,,M,TRO,35139199,,"Gen. Musc. Frond.","312","312","1900"
tro-35139200,B,Ditrichaceae,,Leptotrichum,,"amplexans",,"","Mitt.",Accepted,,M,TRO,35139200,,"J. Proc. Linn. Soc., Bot., Suppl.","1: 9","9","1859"
tro-35139204,B,Ditrichaceae,,Leptotrichum,,"astomoides",,"","(Limpr.) G. Roth",Accepted,,M,TRO,35139204,,"Eur. Laubm.","1: 278","278","1903"
tro-35139210,B,Ditrichaceae,,Leptotrichum,,"bogotense",,"","(Hampe) Müll. Hal.",Accepted,,M,TRO,35139210,,"Gen. Musc. Frond.","313","313","1900"
tro-35139215,B,Ditrichaceae,,Leptotrichum,,"brachycarpum",,"","(Hampe) Kindb.",Accepted,,M,TRO,35139215,,"Enum. Bryin. Exot.","63","63","1888"
tro-35139226,B,Ditrichaceae,,Leptotrichum,,"capillaceum",,"","(Hedw.) Mitt.",Accepted,,M,TRO,35139226,,"J. Proc. Linn. Soc., Bot.","4: 67","67","1859"
tro-35139227,B,Ditrichaceae,,Leptotrichum,,"capillare",,"","Müll. Hal.",Accepted,,M,TRO,35139227,,"Nuovo Giorn. Bot. Ital., n.s.,","4: 37","37","1897"
tro-35139229,B,Ditrichaceae,,Leptotrichum,,"cerviculatum",,"","(Hedw.) Mitt.",Accepted,,M,TRO,35139229,,"J. Proc. Linn. Soc., Bot., Suppl.","1: 9","9","1859"
tro-35139231,B,Ditrichaceae,,Leptotrichum,,"confertum",,"","Stirt.",Unresolved,,L,TRO,35139231,,"Ann. Scott. Nat. Hist.","15(58): 112","112","1906"
tro-35139233,B,Ditrichaceae,,Leptotrichum,,"crinale",,"","(Taylor) Mitt.",Accepted,,M,TRO,35139233,,"Hooker's J. Bot. Kew Gard. Misc.","3: 53","53","1851"
tro-35139236,B,Ditrichaceae,,Leptotrichum,,"crispum",,"","(Hedw.) Mitt.",Accepted,,M,TRO,35139236,,"J. Proc. Linn. Soc., Bot., Suppl.","2: 158","158","1859"
tro-35139237,B,Ditrichaceae,,Leptotrichum,,"cyclophyllum",,"","Stirt.",Unresolved,,L,TRO,35139237,,"Ann. Scott. Nat. Hist.","18(72): 242","242","1909"
tro-35139238,B,Ditrichaceae,,Leptotrichum,,"cylindricarpum",,"","Müll. Hal.",Accepted,,M,TRO,35139238,,"Bot. Zeitung (Berlin)","9: 551","551","1851"
tro-35139242,B,Ditrichaceae,,Leptotrichum,,"difficile",,"","(Duby) Müll. Hal.",Accepted,,M,TRO,35139242,,"Gen. Musc. Frond.","313","313","1900"
tro-35139243,B,Ditrichaceae,,Leptotrichum,,"divaricatum",,"","Mitt.",Accepted,,M,TRO,35139243,,"J. Proc. Linn. Soc., Bot., Suppl.","1: 9","9","1859"
tro-35139245,B,Ditrichaceae,,Leptotrichum,,"elongatum",,"","(Hook. f. & Wilson) A. Jaeger",Accepted,,M,TRO,35139245,,"Ber. Thätigk. St. Gallischen Naturwiss. Ges.","1871–72: 382 (Gen. Sp. Musc. 1: 230)","382 ","1873"
tro-35139247,B,Ditrichaceae,,Leptotrichum,,"euphorocladum",,"","(Müll. Hal.) Mitt.",Accepted,,M,TRO,35139247,,"J. Proc. Linn. Soc., Bot., Suppl.","1: 8","8","1859"
tro-35139248,B,Ditrichaceae,,Leptotrichum,,"exiguum",,"","(Schwägr.) Mitt.",Accepted,,M,TRO,35139248,,"J. Proc. Linn. Soc., Bot., Suppl.","1: 9","9","1859"
tro-35139249,B,Ditrichaceae,,Leptotrichum,,"ferrugineum",,"","(Wilson) Mitt.",Accepted,,M,TRO,35139249,,"J. Proc. Linn. Soc., Bot.","4: 67","67","1859"
tro-35139250,B,Ditrichaceae,,Leptotrichum,,"flaccidulum",,"","Mitt.",Accepted,,M,TRO,35139250,,"Bonplandia","9: 365","365","1861"
tro-35139261,B,Ditrichaceae,,Leptotrichum,,"glaucescens",,"","(Hedw.) Hampe",Accepted,,M,TRO,35139261,,"Syn. Musc. Eur.","146","146","1860"
tro-35139264,B,Ditrichaceae,,Leptotrichum,,"griffithii",,"","Mitt.",Accepted,,M,TRO,35139264,,"J. Proc. Linn. Soc., Bot., Suppl.","1: 9","9","1859"
tro-35139267,B,Ditrichaceae,,Leptotrichum,,"homomallum",,"","(Hedw.) Hampe",Accepted,,M,TRO,35139267,,"Syn. Musc. Frond.","1: 453","453","1848"
tro-35139271,B,Ditrichaceae,,Leptotrichum,,"hookeri",,"","Müll. Hal.",Accepted,,M,TRO,35139271,,"Syn. Musc. Frond.","1: 450","450","1848"
tro-35139273,B,Ditrichaceae,,Leptotrichum,,"hyalinum",,"","Mitt.",Accepted,,M,TRO,35139273,,"J. Proc. Linn. Soc., Bot.","4: 67","67","1859"
tro-35139274,B,Ditrichaceae,,Leptotrichum,,"inclinatum",,"","(Hedw.) Mitt.",Accepted,,M,TRO,35139274,,"J. Proc. Linn. Soc., Bot., Suppl.","1: 10","10","1859"
tro-35139276,B,Ditrichaceae,,Leptotrichum,,"infuscatum",,"","Stirt.",Unresolved,,L,TRO,35139276,,"Ann. Scott. Nat. Hist.","12(46): 112","112","1903"
tro-35139277,B,Ditrichaceae,,Leptotrichum,,"itatiaiae",,"","Müll. Hal.",Accepted,,M,TRO,35139277,,"Bull. Herb. Boissier","6: 41","41","1898"
tro-35139280,B,Ditrichaceae,,Leptotrichum,,"khasianum",,"","(Griffiths) Mitt.",Accepted,,M,TRO,35139280,,"J. Proc. Linn. Soc., Bot., Suppl.","1: 8","8","1859"
tro-35139282,B,Ditrichaceae,,Leptotrichum,,"kunzeanum",,"","Müll. Hal.",Accepted,,M,TRO,35139282,,"Bot. Zeitung (Berlin)","5: 806","806","1847"
tro-35139283,B,Ditrichaceae,,Leptotrichum,,"laxifolium",,"","(Hook. f. & Wilson) Müll. Hal.",Accepted,,M,TRO,35139283,,"Gen. Musc. Frond.","313","313","1900"
tro-35139284,B,Ditrichaceae,,Leptotrichum,,"laxissimum",,"","Mitt.",Accepted,,M,TRO,35139284,,"J. Proc. Linn. Soc., Bot., Suppl.","1: 10","10","1859"
tro-35139285,B,Ditrichaceae,,Leptotrichum,,"leptocarpum",,"","Schimp. ex Besch.",Accepted,,M,TRO,35139285,,"Mém. Soc. Sci. Nat. Cherbourg","16: 174","174","1872"
tro-35139287,B,Ditrichaceae,,Leptotrichum,,"liliputanum",,"","Müll. Hal.",Accepted,,M,TRO,35139287,,"Bull. Herb. Boissier","6: 42","42","1898"
tro-35139288,B,Ditrichaceae,,Leptotrichum,,"longirostre",,"","(Schwägr.) Müll. Hal.",Accepted,,M,TRO,35139288,,"Bot. Zeitung (Berlin)","5: 806","806","1847"
tro-35139294,B,Ditrichaceae,,Leptotrichum,,"mexicanum",,"","Schimp. ex Besch.",Accepted,,M,TRO,35139294,,"Mém. Soc. Sci. Nat. Cherbourg","16: 174","174","1872"
tro-35139297,B,Ditrichaceae,,Leptotrichum,,"molliculum",,"","Mitt.",Accepted,,M,TRO,35139297,,"J. Proc. Linn. Soc., Bot., Suppl.","1: 11","11","1859"
tro-35139303,B,Ditrichaceae,,Leptotrichum,,"nitidulum",,"","Mitt.",Accepted,,M,TRO,35139303,,"Trans. Linn. Soc. London","23: 51. pl. 5: f. 1","51","1860"
tro-35139304,B,Ditrichaceae,,Leptotrichum,,"nivale",,"","Müll. Hal.",Accepted,,M,TRO,35139304,,"Syn. Musc. Frond.","2: 611","611","1851"
tro-35139305,B,Ditrichaceae,,Leptotrichum,,"oldfieldii",,"","(Mitt.) Mitt.",Accepted,,M,TRO,35139305,,"J. Proc. Linn. Soc., Bot.","4: 67","67","1859"
tro-35139306,B,Ditrichaceae,,Leptotrichum,,"pallidum",,"","(Hedw.) Hampe",Accepted,,M,TRO,35139306,,"Syn. Musc. Frond.","1: 451","451","1848"
tro-35139308,B,Ditrichaceae,,Leptotrichum,,"pancheri",,"","Müll. Hal.",Accepted,,M,TRO,35139308,,"Hedwigia","37: 111","111","1898"
tro-35139311,B,Ditrichaceae,,Leptotrichum,,"paulense",,"","(Geh. & Hampe) Kindb.",Accepted,,M,TRO,35139311,,"Enum. Bryin. Exot., Suppl. 1","91","91","1889"
tro-35139312,B,Ditrichaceae,,Leptotrichum,,"phascoides",,"","(Müll. Hal.) Mitt.",Accepted,,M,TRO,35139312,,"J. Proc. Linn. Soc., Bot., Suppl.","1: 8","8","1859"
tro-35139317,B,Ditrichaceae,,Leptotrichum,,"pomiforme",,"","(Griff.) Mitt.",Accepted,,M,TRO,35139317,,"J. Proc. Linn. Soc., Bot., Suppl.","1: 8","8","1859"
tro-35139318,B,Ditrichaceae,,Leptotrichum,,"praealtum",,"","Mitt.",Accepted,,M,TRO,35139318,,"J. Proc. Linn. Soc., Bot.","4: 66","66","1859"
tro-35139319,B,Ditrichaceae,,Leptotrichum,,"pruinosum",,"","Müll. Hal.",Accepted,,M,TRO,35139319,,"Nuovo Giorn. Bot. Ital., n.s.,","3: 97","97","1896"
tro-35139320,B,Ditrichaceae,,Leptotrichum,,"pseudorufescens",,"","Müll. Hal.",Accepted,,M,TRO,35139320,,"Bull. Herb. Boissier","5: 554","554","1897"
tro-35139322,B,Ditrichaceae,,Leptotrichum,,"reinwardtii",,"","(Dozy & Molk.) Mitt.",Accepted,,M,TRO,35139322,,"J. Proc. Linn. Soc., Bot., Suppl.","1: 12","12","1859"
tro-35139326,B,Ditrichaceae,,Leptotrichum,,"schmidii",,"","(Müll. Hal.) Mitt.",Accepted,,M,TRO,35139326,,"J. Proc. Linn. Soc., Bot., Suppl.","1: 11","11","1859"
tro-35139331,B,Ditrichaceae,,Leptotrichum,,"setiferum",,"","Mitt.",Accepted,,M,TRO,35139331,,"J. Proc. Linn. Soc., Bot., Suppl.","1: 11","11","1859"
tro-35139332,B,Ditrichaceae,,Leptotrichum,,"setosum",,"","(Hook. f. & Wilson) Müll. Hal.",Accepted,,M,TRO,35139332,,"Gen. Musc. Frond.","313","313","1900"
tro-35139333,B,Ditrichaceae,,Leptotrichum,,"spirale",,"","Mitt.",Accepted,,M,TRO,35139333,,"J. Proc. Linn. Soc., Bot., Suppl.","2: 158","158","1859"
tro-35139337,B,Ditrichaceae,,Leptotrichum,,"subcapillaceum",,"","Müll. Hal.",Accepted,,M,TRO,35139337,,"Gen. Musc. Frond.","314","314","1900"
tro-35139339,B,Ditrichaceae,,Leptotrichum,,"subglaucescens",,"","Müll. Hal.",Accepted,,M,TRO,35139339,,"Nuovo Giorn. Bot. Ital., n.s.,","3: 97","97","1896"
tro-35139340,B,Ditrichaceae,,Leptotrichum,,"subrufescens",,"","(Broth.) Müll. Hal.",Accepted,,M,TRO,35139340,,"Gen. Musc. Frond.","312","312","1900"
tro-35139343,B,Ditrichaceae,,Leptotrichum,,"tenue",,"","(Hedw.) Müll. Hal.",Accepted,,M,TRO,35139343,,"Syn. Musc. Frond.","1: 447","447","1848"
tro-35139347,B,Ditrichaceae,,Leptotrichum,,"tortile",,"","(Schrad.) Hampe",Accepted,,M,TRO,35139347,,"Syn. Musc. Frond.","1: 454","454","1848"
tro-35139352,B,Ditrichaceae,,Leptotrichum,,"tortipes",,"","Mitt.",Accepted,,M,TRO,35139352,,"J. Proc. Linn. Soc., Bot., Suppl.","1: 10","10","1859"
tro-35139355,B,Ditrichaceae,,Leptotrichum,,"ulei",,"","Müll. Hal.",Accepted,,M,TRO,35139355,,"Bull. Herb. Boissier","6: 41","41","1898"
tro-35139356,B,Ditrichaceae,,Leptotrichum,,"vaginans",,"","(Sull.) Molendo",Unresolved,,L,TRO,35139356,,"Jahres-Ber. Naturhist. Vereins Passau","10: 109","109","1875"
tro-35139364,B,Ditrichaceae,,Leptotrichum,,"vallis-gratiae",,"","(Lindb.) Hampe",Accepted,,M,TRO,35139364,,"Ber. Thätigk. St. Gallischen Naturwiss. Ges.","1871–72: 462 (Gen. Sp. Musc. 2: 310)","462 ","1873"
tro-35139365,B,Ditrichaceae,,Leptotrichum,,"virens",,"","(Hedw.) Mitt.",Accepted,,M,TRO,35139365,,"J. Proc. Linn. Soc., Bot., Suppl.","1: 11","11","1859"
tro-35139367,B,Ditrichaceae,,Leptotrichum,,"wahlenbergii",,"","(Brid.) Mitt.",Accepted,,M,TRO,35139367,,"J. Proc. Linn. Soc., Bot., Suppl.","1: 12","12","1859"
tro-35160564,B,Ditrichaceae,,Lophiodon,,"muelleri",,"","(Hampe) A. Jaeger",Accepted,,M,TRO,35160564,,"Ber. Thätigk. St. Gallischen Naturwiss. Ges.","1871–72: 327 (Gen. Sp. Musc. 1: 175)","327 ","1873"
tro-35160565,B,Ditrichaceae,,Lophiodon,,"rufescens",,"","(Hampe) Paris",Accepted,,M,TRO,35160565,,"Index Bryol. (ed. 2)","3: 195","195","1905"
tro-35160567,B,Ditrichaceae,,Lophiodon,,"subrufescens",,"","(Broth.) Paris",Accepted,,M,TRO,35160567,,"Index Bryol. (ed. 2)","3: 196","196","1905"
tro-35107420,B,Ditrichaceae,,Philibertiella,,"ditrichoidea",,"","Cardot",Accepted,,M,TRO,35107420,,"Rev. Bryol.","41: 37","37","1914"
tro-35162926,B,Ditrichaceae,,Philibertiella,,"nitens",,"","Herzog",Accepted,,M,TRO,35162926,,"Rev. Bryol. Lichénol.","29: 195. f: 5a–d","195","1960"
tro-35162975,B,Ditrichaceae,,Pleuriditrichum,,"marylandicum",,"","A.L. Andrews & F.J. Herm.",Accepted,,M,TRO,35162975,,"Bryologist","62: 120. 1–4","120","1959"
tro-35124675,B,Ditrichaceae,,Pleuridium,,"acuminatum",,"","Lindb.",Accepted,,M,TRO,35124675,,"Öfvers. Förh. Kongl. Svenska Vetensk.-Akad.","20: 406","406","1863"
tro-35124684,B,Ditrichaceae,,Pleuridium,,"andinum",,"","Herzog",Accepted,,M,TRO,35124684,,"Biblioth. Bot.","87: 11","11","1916"
tro-35124686,B,Ditrichaceae,,Pleuridium,,"arnoldii",,"","(R. Br. bis) Paris",Accepted,,M,TRO,35124686,,"Index Bryol.","971","971","1898"
tro-35183780,B,Ditrichaceae,,Pleuridium,,"aurantiacum",,"","Snider & Delgad.",Accepted,,M,TRO,35183780,,"Bryologist","91: 181. f. 1–17","181","1988"
tro-35124694,B,Ditrichaceae,,Pleuridium,,"brachycaulon",,"","(Müll. Hal.) Kindb.",Accepted,,M,TRO,35124694,,"Enum. Bryin. Exot., Suppl. 1","94","94","1889"
tro-35124699,B,Ditrichaceae,,Pleuridium,,"costesii",,"","Thér.",Accepted,,M,TRO,35124699,,"Revista Chilena Hist. Nat.","25: 289. 23 f. 1","289","1921"
tro-35140992,B,Ditrichaceae,,Pleuridium,,"curvisetum",,"","I.G. Stone",Accepted,,M,TRO,35140992,,"J. Bryol.","9: 229. f. 1–2: a–k. pl. 1: a–c","229","1976"
tro-35124702,B,Ditrichaceae,,Pleuridium,,"denticulatum",,"","(Müll. Hal.) Mitt.",Accepted,,M,TRO,35124702,,"J. Proc. Linn. Soc., Bot., Suppl.","1: 7","7","1859"
tro-35140993,B,Ditrichaceae,,Pleuridium,,"ecklonii",,"","(Hampe ex Mitt.) Snider",Accepted,,M,TRO,35140993,,"J. Hattori Bot. Lab.","39: 155","155","1975"
tro-35162977,B,Ditrichaceae,,Pleuridium,,"holdridgei",,"","H.A. Crum & Steere",Accepted,,M,TRO,35162977,,"Amer. Midl. Naturalist","60: 7. f. 1–10","7","1958"
tro-35188873,B,Ditrichaceae,,Pleuridium,,"japonicum",,"","Deguchi, Matsui & Z. Iwats.",Accepted,,M,TRO,35188873,,"J. Hattori Bot. Lab.","75: 23. f. 1, 2: d, 3, 4: g, 5, 6: d","23","1994"
tro-35124709,B,Ditrichaceae,,Pleuridium,,"julaceum",,"","Besch.",Accepted,,M,TRO,35124709,,"J. Bot. (Morot)","12: 294","294","1898"
tro-35124714,B,Ditrichaceae,,Pleuridium,,"laxirete",,"","Broth. ex G. Roth",Accepted,,M,TRO,35124714,,"Hedwigia","54: 269. 10. f. 9","269","1914"
tro-35183639,B,Ditrichaceae,,Pleuridium,,"lindigianum",,"","(Hampe) S.P. Churchill",Accepted,,M,TRO,35183639,,"Bryologist","91: 117","117","1988"
tro-35124716,B,Ditrichaceae,,Pleuridium,,"longirostre",,"","Dixon",Accepted,,M,TRO,35124716,,"New Zealand Inst. Bull.","3(2): 37. pl. 5: f. 1","37","1914"
tro-35124717,B,Ditrichaceae,,Pleuridium,,"macrothecium",,"","Dusén",Accepted,,M,TRO,35124717,,"Ark. Bot.","4(1): 2. 1 f. 1–7","2","1905"
tro-35124721,B,Ditrichaceae,,Pleuridium,,"nervosum",,"","(Hook.) Mitt.",Accepted,,M,TRO,35124721,,"Hooker's J. Bot. Kew Gard. Misc.","8: 257","257","1856"
tro-35100180,B,Ditrichaceae,,Pleuridium,,"papillosum",,"","Magill",Accepted,,M,TRO,35100180,,"Fl. S. Africa, Bryophyta","1: 88. f. 22: 1–12","88","1981"
tro-35124731,B,Ditrichaceae,,Pleuridium,,"pappeanum",,"","(Müll. Hal.) A. Jaeger",Accepted,,M,TRO,35124731,,"Ber. Thätigk. St. Gallischen Naturwiss. Ges.","1868–69: 70","70","1869"
tro-35124733,B,Ditrichaceae,,Pleuridium,,"ravenelii",,"","Austin",Accepted,,M,TRO,35124733,,"Bull. Torrey Bot. Club","6: 142","142","1877"
tro-35184143,B,Ditrichaceae,,Pleuridium,,"subenerve",,"","(Hampe) S.P. Churchill",Accepted,,M,TRO,35184143,,"Trop. Bryol.","1: 102","102","1989"
tro-35124738,B,Ditrichaceae,,Pleuridium,,"subnervosum",,"","(Müll. Hal.) A. Jaeger ex Paris",Accepted,,M,TRO,35124738,,"Index Bryol.","973","973","1898"
tro-35124739,B,Ditrichaceae,,Pleuridium,,"subulatum",,"","(Hedw.) Rabenh.",Accepted,,M,TRO,35124739,,"Deutschl. Krypt.-Fl.","2(3): 79","79","1848"
tro-35124746,B,Ditrichaceae,,Pleuridium,,"sullivantii",,"","Austin",Accepted,,M,TRO,35124746,,"Bull. Torrey Bot. Club","6: 142","142","1877"
tro-35124748,B,Ditrichaceae,,Pleuridium,,"tenue",,"","Mitt.",Accepted,,M,TRO,35124748,,"J. Proc. Linn. Soc., Bot., Suppl.","1: 7","7","1859"
tro-35124751,B,Ditrichaceae,,Pleuridium,,"valetonii",,"","M. Fleisch.",Accepted,,M,TRO,35124751,,"Musci Buitenzorg","4: 1633. 257","1633","1923"
tro-35183578,B,Ditrichaceae,,Pleuridium,,"venezuelanum",,"","D.G. Griffin",Accepted,,M,TRO,35183578,,"Bull. Torrey Bot. Club","114: 18. f. 1","18","1987"
tro-35124752,B,Ditrichaceae,,Pleuridium,,"viride",,"","(Müll. Hal.) Kindb.",Accepted,,M,TRO,35124752,,"Enum. Bryin. Exot., Suppl. 1","94","94","1889"
tro-35142855,B,Ditrichaceae,,Pringleella,,"pleuridioides",,"","Cardot",Accepted,,M,TRO,35142855,,"Rev. Bryol.","36: 68","68","1909"
tro-35142856,B,Ditrichaceae,,Pringleella,,"sinensis",,"","Broth.",Accepted,,M,TRO,35142856,,"Symb. Sin.","4: 11. 1 f. 4","11","1929"
tro-35142857,B,Ditrichaceae,,Pringleella,,"subulata",,"","(Müll. Hal.) Broth.",Accepted,,M,TRO,35142857,,"Ergebn. Bot. Exped. Südbras., Musci","255","255","1924"
tro-35142970,B,Ditrichaceae,,Pseudodistichium,,"brotherusii",,"","(R. Br. bis) Dixon",Accepted,,M,TRO,35142970,,"New Zealand Inst. Bull.","3(3): 54. 5 f. 11","54","1923"
tro-35142971,B,Ditrichaceae,,Pseudodistichium,,"buchananii",,"","(R. Br. bis) Dixon",Accepted,,M,TRO,35142971,,"New Zealand Inst. Bull.","3(3): 53","53","1923"
tro-35145169,B,Ditrichaceae,,Rhamphidium,,"borinquense",,"","H.A. Crum & Steere",Accepted,,M,TRO,35145169,,"Bryologist","9: 249","249","1956"
tro-35145170,B,Ditrichaceae,,Rhamphidium,,"brasiliense",,"","Broth.",Accepted,,M,TRO,35145170,,"Ergebn. Bot. Exped. Südbras., Musci","283","283","1924"
tro-35145171,B,Ditrichaceae,,Rhamphidium,,"brevifolium",,"","Broth.",Accepted,,M,TRO,35145171,,"Nat. Pflanzenfam.","I(3): 393","393","1902"
tro-35183378,B,Ditrichaceae,,Rhamphidium,,"crispifolium",,"","Dixon",Accepted,,M,TRO,35183378,,"Anniv. Vol. Bot. Gard. Calcutta","179","179","1942"
tro-35145173,B,Ditrichaceae,,Rhamphidium,,"dicranoides",,"","Paris",Accepted,,M,TRO,35145173,,"Index Bryol. (ed. 2)","4: 164","164","1905"
tro-35145174,B,Ditrichaceae,,Rhamphidium,,"dixonii",,"","E.B. Bartram",Accepted,,M,TRO,35145174,,"Philipp. J. Sci.","68: 109. f. 129","109","1939"
tro-35145175,B,Ditrichaceae,,Rhamphidium,,"fendleri",,"","(Müll. Hal.) Broth.",Accepted,,M,TRO,35145175,,"Nat. Pflanzenfam.","I(3): 393","393","1902"
tro-35145176,B,Ditrichaceae,,Rhamphidium,,"hyophilaceum",,"","(Müll. Hal.) Broth.",Accepted,,M,TRO,35145176,,"Nat. Pflanzenfam.","I(3): 393","393","1902"
tro-35145177,B,Ditrichaceae,,Rhamphidium,,"inclinans",,"","(Schimp. ex Besch.) Broth.",Accepted,,M,TRO,35145177,,"Nat. Pflanzenfam.","I(3): 393","393","1902"
tro-35145178,B,Ditrichaceae,,Rhamphidium,,"laetum",,"","(Kunze ex Müll. Hal.) Broth.",Accepted,,M,TRO,35145178,,"Nat. Pflanzenfam.","I(3): 393","393","1902"
tro-35163093,B,Ditrichaceae,,Rhamphidium,,"laticuspe",,"","Dixon",Accepted,,M,TRO,35163093,,"Anniv. Vol. Bot. Gard. Calcutta","179","179","1942"
tro-35145179,B,Ditrichaceae,,Rhamphidium,,"levieri",,"","Herzog",Accepted,,M,TRO,35145179,,"Beih. Bot. Centralbl., Abt. 2","27(2): 350","350","1910"
tro-35145180,B,Ditrichaceae,,Rhamphidium,,"macrostegium",,"","(Sull.) Mitt.",Accepted,,M,TRO,35145180,,"J. Linn. Soc., Bot.","12: 45","45","1869"
tro-35145181,B,Ditrichaceae,,Rhamphidium,,"madurense",,"","Dixon & P. de la Varde",Accepted,,M,TRO,35145181,,"Mouss. Oubangui","1(8–9): 165 3 f. 3","165 3 f","1929"
tro-35188813,B,Ditrichaceae,,Rhamphidium,,"montanum",,"","(Mitt.) R.H. Zander",Accepted,,M,TRO,35188813,,"Bull. Buffalo Soc. Nat. Sci.","32: 278","278","1993"
tro-35163094,B,Ditrichaceae,,Rhamphidium,,"mussuriense",,"","Dixon",Accepted,,M,TRO,35163094,,"Anniv. Vol. Bot. Gard. Calcutta","179","179","1942"
tro-35184400,B,Ditrichaceae,,Rhamphidium,,"novoguineensis",,"","D.H. Norris & T.J. Kop.",Accepted,,M,TRO,35184400,,"Acta Bot. Fenn.","137: 98. f. 4: f–k","98","1989"
tro-35145182,B,Ditrichaceae,,Rhamphidium,,"ovale",,"","E.B. Bartram",Accepted,,M,TRO,35145182,,"J. Wash. Acad. Sci.","42: 179","179","1952"
tro-35145183,B,Ditrichaceae,,Rhamphidium,,"purpuratum",,"","Mitt.",Accepted,,M,TRO,35145183,,"Nat. Hist. Azores","290","290","1870"
tro-35145184,B,Ditrichaceae,,Rhamphidium,,"pygmaeolum",,"","(Müll. Hal.) Broth.",Accepted,,M,TRO,35145184,,"Nat. Pflanzenfam.","I(3): 393","393","1902"
tro-35145186,B,Ditrichaceae,,Rhamphidium,,"vaginatum",,"","Mitt.",Accepted,,M,TRO,35145186,,"J. Linn. Soc., Bot.","12: 45","45","1869"
tro-35163095,B,Ditrichaceae,,Rhamphidium,,"veitchii",,"","Dixon",Accepted,,M,TRO,35163095,,"Proc. Linn. Soc. New South Wales","55: 276. 8 f. 12","276","1930"
tro-35149088,B,Ditrichaceae,,Saelania,,"caesia",,"","(Vill. ex P. Beauv.) Lindb.",Accepted,,M,TRO,35149088,,"Utkast Eur. Bladmoss.","35","35","1878"
tro-35149089,B,Ditrichaceae,,Saelania,,"glaucescens",,"","(Hedw.) Broth.",Accepted,,M,TRO,35149089,,"Herb. Mus. Fenn. (ed. 2), Musci","53","53","1894"
tro-35149091,B,Ditrichaceae,,Saelania,,"pruinosa",,"","(Müll. Hal.) Broth.",Accepted,,M,TRO,35149091,,"Nat. Pflanzenfam.","I(3): 300","300","1901"
tro-35149092,B,Ditrichaceae,,Saelania,,"subglaucescens",,"","(Müll. Hal.) Broth.",Accepted,,M,TRO,35149092,,"Nat. Pflanzenfam.","I(3): 300","300","1901"
tro-35165968,B,Ditrichaceae,,Skottsbergia,,"paradoxa",,"","Cardot",Accepted,,M,TRO,35165968,,"Rev. Bryol.","32: 47","47","1905"
tro-35168069,B,Ditrichaceae,,Strombulidens,,"longirostris",,"","(M. Fleisch.) W.R. Buck",Accepted,,M,TRO,35168069,,"Brittonia","33: 454","454","1981"
tro-35177543,B,Ditrichaceae,,Swartzia,,"capillacea",,"","(Hedw.) Brid.",Accepted,,M,TRO,35177543,,"J. Bot. (Schrader)","1800(2): 289","289","1801"
tro-35177547,B,Ditrichaceae,,Swartzia,,"longicollis",,"","(Michx.) Poir.",Accepted,,M,TRO,35177547,,"Nomencl. Bot.","2: 406","406","1824"
tro-35177552,B,Ditrichaceae,,Swartzia,,"pilifera",,"","Brid.",Accepted,,M,TRO,35177552,,"J. Bot. (Schrader)","1800(2): 289","289","1801"
tro-35120375,B,Ditrichaceae,,Trichodon,,"cylindricus",,"","(Hedw.) Schimp.",Accepted,,M,TRO,35120375,,"Coroll. Bryol. Eur.","36","36","1856"
tro-35120376,B,Ditrichaceae,,Trichodon,,"cylindricus",var.,"oblongus","(Lindb.) Podp.",Accepted,,L,TRO,35120376,,"Consp. Musc. Eur.","97","97","1954"
tro-35120378,B,Ditrichaceae,,Trichodon,,"muricatus",,"","Herzog",Accepted,,M,TRO,35120378,,"Hedwigia","65: 148. 1","148","1925"
tro-35183004,B,Ditrichaceae,,Tristichium,,"apodum",,"","(Herzog) H.A. Crum",Accepted,,M,TRO,35183004,,"Bryologist","87: 203","203","1984"
tro-35126441,B,Ditrichaceae,,Tristichium,,"lorentzii",,"","Müll. Hal.",Accepted,,M,TRO,35126441,,"Linnaea","42: 235","235","1879"
tro-35126443,B,Ditrichaceae,,Tristichium,,"mirabile",,"","(Müll. Hal.) Herzog",Accepted,,M,TRO,35126443,,"Flora","107: 324","324","1914"
tro-35126444,B,Ditrichaceae,,Tristichium,,"sinense",,"","Broth.",Accepted,,M,TRO,35126444,,"Akad. Wiss. Wien Sitzungsber., Math.-Naturwiss. Kl., Abt. 1,","1, 133: 560","560","1924"
tro-35128199,B,Ditrichaceae,,Wilsoniella,,"blindioides",,"","(Broth.) Sainsbury",Accepted,,M,TRO,35128199,,"Rev. Bryol. Lichénol.","21: 215","215","1952"
tro-35128200,B,Ditrichaceae,,Wilsoniella,,"bornensis",,"","Broth.",Accepted,,M,TRO,35128200,,"Bot. Jahrb. Syst.","49: 349","349","1912"
tro-35128202,B,Ditrichaceae,,Wilsoniella,,"crispidens",,"","Müll. Hal. ex Broth.",Accepted,,M,TRO,35128202,,"Bot. Jahrb. Syst.","24: 244","244","1897"
tro-35128203,B,Ditrichaceae,,Wilsoniella,,"decipiens",,"","(Mitt.) Alston",Accepted,,M,TRO,35128203,,"J. Bot.","68: 2","2","1930"
tro-35128204,B,Ditrichaceae,,Wilsoniella,,"decipiens",var.,"acutifolia","(Dixon) Wijk & Margad.",Accepted,,L,TRO,35128204,,"Taxon","10: 26","26","1961"
tro-35128205,B,Ditrichaceae,,Wilsoniella,,"flaccida",,"","(R.S. Williams) Broth.",Accepted,,M,TRO,35128205,,"Nat. Pflanzenfam.","I(3): 1175. 826 F–J","1175","1909"
tro-35128206,B,Ditrichaceae,,Wilsoniella,,"hampeana",,"","(Müll. Hal.) E.S. Salmon",Accepted,,M,TRO,35128206,,"J. Bot.","40: 275. 440","275","1902"
tro-35128207,B,Ditrichaceae,,Wilsoniella,,"jardinii",,"","Besch.",Accepted,,M,TRO,35128207,,"Ann. Sci. Nat., Bot., sér. 7,","20: 54","54","1894"
tro-35128208,B,Ditrichaceae,,Wilsoniella,,"karsteniana",,"","Müll. Hal.",Accepted,,M,TRO,35128208,,"Bot. Centralbl.","7: 345","345","1881"
tro-35128215,B,Ditrichaceae,,Wilsoniella,,"subvaginans",,"","H.A. Crum & Steere",Accepted,,M,TRO,35128215,,"Bryologist","59: 248","248","1956"
tro-35128216,B,Ditrichaceae,,Wilsoniella,,"tonkinensis",,"","Besch.",Accepted,,M,TRO,35128216,,"J. Bot. (Morot)","4: 21","21","1890"
