﻿ID,Major group,Family,Genus hybrid marker,Genus,Species hybrid marker,Species,Infraspecific rank,Infraspecific epithet,Authorship,Taxonomic status in TPL,Nomenclatural status from original data source,Confidence level,Source,Source id,IPNI id,Publication,Collation,Page,Date
tro-35100369,B,Encalyptaceae,,Bryobrittonia,,"longipes",,"","(Mitt.) D.G. Horton",Accepted,,M,TRO,35100369,,"Brittonia","30: 19","19","1978"
tro-35134246,B,Encalyptaceae,,Encalypta,,"affinis",,"","R. Hedw.",Accepted,,M,TRO,35134246,,"Beitr. Naturk.","1: 121. pl. 4","121","1805"
tro-35134248,B,Encalyptaceae,,Encalypta,,"alpina",,"","Sm.",Accepted,,M,TRO,35134248,,"Engl. Bot.","20: 1419","1419","1805"
tro-35134249,B,Encalyptaceae,,Encalypta,,"alpina",var.,"fimbriata","(Kindb.) Podp.",Accepted,,L,TRO,35134249,,"Consp. Musc. Eur.","160","160","1954"
tro-35134256,B,Encalyptaceae,,Encalypta,,"armata",,"","Broth. ex Dusén",Accepted,,M,TRO,35134256,,"Ark. Bot.","6(8): 32. 12 f. 12–14","32","1906"
tro-35217377,B,Encalyptaceae,,Encalypta,,"asiatica",,"","J.C. Zhao & L. Li",Accepted,,M,TRO,35217377,,"Hikobia","14: 383","383","2006"
tro-35134257,B,Encalyptaceae,,Encalypta,,"asperifolia",,"","Mitt.",Accepted,,M,TRO,35134257,,"J. Linn. Soc., Bot.","12: 181","181","1869"
tro-35134263,B,Encalyptaceae,,Encalypta,,"brevicollis",,"","(Bruch & Schimp.) Ångström",Accepted,,M,TRO,35134263,,"Nova Acta Regiae Soc. Sci. Upsal.","12: 362","362","1844"
tro-35183811,B,Encalyptaceae,,Encalypta,,"brevipes",,"","Schljakov",Accepted,,M,TRO,35183811,,"Bot. Mater. Otd. Sporov. Rast., Bot. Inst. Komarova Akad Nauk SSSR","7: 227. pl. 1","227","1951"
tro-35186258,B,Encalyptaceae,,Encalypta,,"buxbaumioidea",,"","T. Cao, C. Gao & X.L. Bai",Accepted,,M,TRO,35186258,,"Acta Bryol. Asiat.","2: 1. f. 1","1","1990"
tro-35134268,B,Encalyptaceae,,Encalypta,,"ciliata",,"","Hedw.",Accepted,,M,TRO,35134268,,"Sp. Musc. Frond.","61","61","1801"
tro-35134285,B,Encalyptaceae,,Encalypta,,"cirrata",,"","(Hedw.) Sw.",Accepted,,M,TRO,35134285,,"Monthly Rev.","34: 538","538","1801"
tro-35134300,B,Encalyptaceae,,Encalypta,,"cuspidata",,"","Bruch & Schimp. ex Müll. Hal.",Accepted,,M,TRO,35134300,,"Syn. Musc. Frond.","1: 515","515","1849"
tro-35134302,B,Encalyptaceae,,Encalypta,,"daviesii",,"","(Dicks. ex With.) Sm.",Accepted,,M,TRO,35134302,,"Fl. Brit.","3: 1183","1183","1804"
tro-35140587,B,Encalyptaceae,,Encalypta,,"flowersiana",,"","D.G. Horton",Accepted,,M,TRO,35140587,,"Bryologist","82: 374. f. 12–23","374","1979"
tro-35134320,B,Encalyptaceae,,Encalypta,,"grandis",,"","Sw. ex Wahlenb.",Unresolved,,L,TRO,35134320,,"Fl. Suec. (ed. 2)","2: 791","791","1831"
tro-35134321,B,Encalyptaceae,,Encalypta,,"hedbergii",,"","P. de la Varde",Accepted,,M,TRO,35134321,,"Ark. Bot., n.s.,","3: 139. f. 6","139","1955"
tro-35134329,B,Encalyptaceae,,Encalypta,,"laevigata",,"","Bruch",Unresolved,,L,TRO,35134329,,"Flora","9: 275","275","1826"
tro-35134333,B,Encalyptaceae,,Encalypta,,"leiocarpa",,"","Kindb.",Unresolved,,L,TRO,35134333,,"Bull. Torrey Bot. Club","17: 273","273","1890"
tro-35134335,B,Encalyptaceae,,Encalypta,,"leiomitra",,"","(Kindb.) Kindb.",Accepted,,M,TRO,35134335,,"Cat. Canad. Pl., Musci","94","94","1892"
tro-35134341,B,Encalyptaceae,,Encalypta,,"litardierei",,"","Thér. & Trab.",Unresolved,,L,TRO,35134341,,"Bull. Soc. Hist. Nat. Afrique N.","21: 28","28","1930"
tro-35134342,B,Encalyptaceae,,Encalypta,,"longicollis",,"","Bruch",Accepted,,M,TRO,35134342,,"Abh. Math.-Phys. Cl. Königl. Bayer. Akad. Wiss.","1: 282. 10","282","1832"
tro-35134347,B,Encalyptaceae,,Encalypta,,"microphylla",,"","Nees & Hornsch.",Accepted,,M,TRO,35134347,,"Bryol. Germ.","2(1): 44. 14 f. 3","44","1827"
tro-35134348,B,Encalyptaceae,,Encalypta,,"microstoma",,"","Bals.-Criv. & De Not.",Accepted,,M,TRO,35134348,,"Mem. Reale Accad. Sci. Torino","40: 342","342","1838"
tro-35134349,B,Encalyptaceae,,Encalypta,,"mutica",,"","I. Hagen",Accepted,,M,TRO,35134349,,"Tromsø Mus. Aarsh.","21–22: 91. 1 f. 4","91","1899"
tro-35134350,B,Encalyptaceae,,Encalypta,,"novae-valesiae",,"","Hampe",Accepted,,M,TRO,35134350,,"Linnaea","37: 513","513","1872"
tro-35200556,B,Encalyptaceae,,Encalypta,,"obovatifolia",,"","Nyholm",Accepted,,M,TRO,35200556,,"Lindbergia","20: 83, f. 1","83","1995"
tro-35134353,B,Encalyptaceae,,Encalypta,,"obtusata",,"","Cardot & Broth.",Accepted,,M,TRO,35134353,,"Kongl. Svenska Vetensk. Acad. Handl., n.s.","63(10): 25. 1 f. 17","25","1923"
tro-35134356,B,Encalyptaceae,,Encalypta,,"patagonica",,"","Broth.",Accepted,,M,TRO,35134356,,"Bot. Not.","1905: 301","301","1905"
tro-35134357,B,Encalyptaceae,,Encalypta,,"peruviana",,"","Broth.",Accepted,,M,TRO,35134357,,"Bot. Jahrb. Syst.","56 Beibl. 123: 10","10","1921"
tro-35134358,B,Encalyptaceae,,Encalypta,,"pilifera",,"","Funck",Accepted,,M,TRO,35134358,,"Deutschl. Fl., Abt. II, Cryptog.","17: [ 7] ic??","[ 7] ic??","1819"
tro-35134360,B,Encalyptaceae,,Encalypta,,"procera",,"","Bruch",Accepted,,M,TRO,35134360,,"Abh. Math.-Phys. Cl. Königl. Bayer. Akad. Wiss.","1: 283. 11","283","1832"
tro-35162324,B,Encalyptaceae,,Encalypta,,"rauhii",,"","Buchloh",Accepted,,M,TRO,35162324,,"Nova Hedwigia","3: 508. 2","508","1961"
tro-35134368,B,Encalyptaceae,,Encalypta,,"rhabdocarpa",subsp.,"leiomitra","(Kindb.) Kindb.",Unresolved,,L,TRO,35134368,,"Eur. N. Amer. Bryin.","2: 296","296","1897"
tro-35134387,B,Encalyptaceae,,Encalypta,,"rhabdocarpa",var.,"trachymitria","(Ripart) Wijk & Margad.",Unresolved,,L,TRO,35134387,,"Taxon","9: 50","50","1960"
tro-35162326,B,Encalyptaceae,,Encalypta,,"rhaptocarpa",,"","Schwägr.",Accepted,,M,TRO,35162326,,"Sp. Musc. Frond., Suppl. 1","1: 56. pl. 16","56","1811"
tro-35134388,B,Encalyptaceae,,Encalypta,,"sandwicensis",,"","Sull.",Accepted,,M,TRO,35134388,,"U.S. Expl. Exped., Musci","6. 3B","6","1859"
tro-35134391,B,Encalyptaceae,,Encalypta,,"serbica",,"","Katić",Accepted,,M,TRO,35134391,,"Hedwigia","45: 95","95","1906"
tro-35134392,B,Encalyptaceae,,Encalypta,,"sibirica",,"","(Weinm.) Warnst.",Accepted,,M,TRO,35134392,,"Hedwigia","53: 316","316","1913"
tro-35204677,B,Encalyptaceae,,Encalypta,,"sinica",,"","J.C. Zhao & Li Min",Accepted,,M,TRO,35204677,,"Arctoa","8: 1. f. 1–181","1","1999"
tro-35134393,B,Encalyptaceae,,Encalypta,,"spathulata",,"","Müll. Hal.",Accepted,,M,TRO,35134393,,"Syn. Musc. Frond.","1: 519","519","1849"
tro-35134395,B,Encalyptaceae,,Encalypta,,"streptocarpa",,"","Hedw.",Accepted,,M,TRO,35134395,,"Sp. Musc. Frond.","62. pl. 10: f. 10–15","62","1801"
tro-35134396,B,Encalyptaceae,,Encalypta,,"streptocarpa",var.,"adpressa","(Schiffner) Podp.",Accepted,,L,TRO,35134396,,"Consp. Musc. Eur.","164","164","1954"
tro-35216890,B,Encalyptaceae,,Encalypta,,"texana",,"","Magill",Accepted,,M,TRO,35216890,,"Bryologist","109: 399, f. 1–11","399","2006"
tro-35201194,B,Encalyptaceae,,Encalypta,,"tianschanica",,"","J.C. Zhao, S. He & R.L. Hu",Accepted,,M,TRO,35201194,,"Novon","7: 320. f. 1–12","320","1997"
tro-35134400,B,Encalyptaceae,,Encalypta,,"tibetana",,"","Mitt.",Accepted,,M,TRO,35134400,,"J. Proc. Linn. Soc., Bot., Suppl.","1: 42","42","1859"
tro-35140588,B,Encalyptaceae,,Encalypta,,"vittiana",,"","D.G. Horton",Accepted,,M,TRO,35140588,,"Bryologist","82: 369. f. 1–10","369","1979"
tro-35134403,B,Encalyptaceae,,Encalypta,,"vulcanica",,"","Müll. Hal.",Accepted,,M,TRO,35134403,,"Gen. Musc. Frond.","381","381","1900"
tro-35134404,B,Encalyptaceae,,Encalypta,,"vulgaris",,"","Hedw.",Accepted,,M,TRO,35134404,,"Sp. Musc. Frond.","60","60","1801"
tro-35134417,B,Encalyptaceae,,Encalypta,,"vulgaris",var.,"obtusifolia","(Funck) Husn.",Accepted,,L,TRO,35134417,,"Muscol. Gall.","197","197","1887"
tro-35134425,B,Encalyptaceae,,Encalypta,,"yakushimensis",,"","Horik.",Unresolved,,L,TRO,35134425,,"Bot. Mag. (Tokyo)","48: 603. 3","603","1934"
tro-35138297,B,Encalyptaceae,,Leersia,,"lanceolata",,"","Hedw.",Unresolved,,L,TRO,35138297,,"Nov. Stirp. Pug.","","","1789"
tro-35138298,B,Encalyptaceae,,Leersia,,"longicollis",,"","(Bruch) Lindb.",Accepted,,M,TRO,35138298,,"Musci Scand.","43","43","1879"
tro-35138300,B,Encalyptaceae,,Leersia,,"mutica",,"","(I. Hagen) H. Möller",Accepted,,M,TRO,35138300,,"Bot. Not.","1907: 142","142","1907"
tro-35138301,B,Encalyptaceae,,Leersia,,"procera",,"","(Bruch) Lindb.",Accepted,,M,TRO,35138301,,"Musci Scand.","19","19","1879"
tro-35138303,B,Encalyptaceae,,Leersia,,"rhabdocarpa",,"","Lindb.",Accepted,,M,TRO,35138303,,"Musci Scand.","20","20","1879"
tro-35138308,B,Encalyptaceae,,Leersia,,"selwynii",,"","(Austin) E. Britton",Accepted,,M,TRO,35138308,,"Bull. Torrey Bot. Club","18: 50","50","1891"
tro-35138310,B,Encalyptaceae,,Leersia,,"spathulata",,"","(Müll. Hal.) Lindb.",Accepted,,M,TRO,35138310,,"Musci Scand.","20","20","1879"
tro-35138311,B,Encalyptaceae,,Leersia,,"streptocarpa",,"","(Hedw.) Brid.",Accepted,,M,TRO,35138311,,"J. Bot. (Schrader)","1800(1): 275","275","1801"
tro-35144431,B,Encalyptaceae,,Pyramitrium,,"aristatum",,"","(Hampe) Mitt.",Accepted,,M,TRO,35144431,,"Trans. Roy. Soc. Victoria","19: 61","61","1882"
tro-35144433,B,Encalyptaceae,,Pyramitrium,,"novae-valesiae",,"","(Hampe) Mitt.",Accepted,,M,TRO,35144433,,"Trans. Roy. Soc. Victoria","19: 61","61","1883"
tro-35144434,B,Encalyptaceae,,Pyromitrium,,"vulgare",,"","(Hedw.) Hampe",Accepted,,M,TRO,35144434,,"Fl. Hercyn.","344","344","1873"
