﻿ID,Major group,Family,Genus hybrid marker,Genus,Species hybrid marker,Species,Infraspecific rank,Infraspecific epithet,Authorship,Taxonomic status in TPL,Nomenclatural status from original data source,Confidence level,Source,Source id,IPNI id,Publication,Collation,Page,Date
tro-12500008,A,Erythroxylaceae,,Aneulophus,,"africana",,"","Benth.",Unresolved,,L,TRO,12500008,,"","","",""
kew-2638964,A,Erythroxylaceae,,Aneulophus,,"africanus",,"","Benth.",Accepted,,M,WCSP (in review),771069,543892-1,"Gen. Pl.","1: 244","","1862"
kew-2638965,A,Erythroxylaceae,,Aneulophus,,"congoensis",,"","Gram",Accepted,,M,WCSP (in review),771070,336870-1,"Bot. Tidsskr.","42: 416","","1934"
kew-2801231,A,Erythroxylaceae,,Erythroxylum,,"acrobeles",,"","W.A.Gentner",Accepted,,M,WCSP (in review),928981,96866-2,"J. Wash. Acad. Sci.","47: 6","","1957"
kew-2801232,A,Erythroxylaceae,,Erythroxylum,,"acuminatum",,"","Ruiz & Pav.",Accepted,,M,WCSP (in review),928982,330119-2,"Fl. Peruv.","4: t. 399, f. b","","1830"
kew-2801235,A,Erythroxylaceae,,Erythroxylum,,"acutum",,"","W.A.Gentner",Accepted,,M,WCSP (in review),928985,96867-2,"J. Wash. Acad. Sci.","47: 6","","1957"
kew-2801236,A,Erythroxylaceae,,Erythroxylum,,"affine",,"","A.St.-Hil.",Accepted,,M,WCSP (in review),928986,330121-2,"Fl. Bras. Merid.","2: 97","","1829"
kew-2801238,A,Erythroxylaceae,,Erythroxylum,,"alaternifolium",,"","A.Rich.",Accepted,,M,WCSP (in review),928988,96869-2,"Hist. Phys. Cuba, Pl. Vasc.","256","","1841"
kew-2801244,A,Erythroxylaceae,,Erythroxylum,,"amazonicum",,"","Peyr.",Accepted,,M,WCSP (in review),928994,276833-2,"Fl. Bras.","12(1): 167","","1878"
kew-2801245,A,Erythroxylaceae,,Erythroxylum,,"ambiguum",,"","Peyr.",Accepted,,M,WCSP (in review),928995,330122-2,"Fl. Bras.","12(1): 142","","1878"
kew-2801247,A,Erythroxylaceae,,Erythroxylum,,"amplifolium",,"","Baill.",Accepted,,M,WCSP (in review),928997,,"Bull. Mens. Soc. Linn. Paris","1: 599","","1886"
kew-2801251,A,Erythroxylaceae,,Erythroxylum,,"amplum",,"","Benth.",Accepted,,M,WCSP (in review),929001,330123-2,"London J. Bot.","2: 372","","1843"
kew-2801252,A,Erythroxylaceae,,Erythroxylum,,"ampullaceum",,"","Baker",Accepted,,M,WCSP (in review),929002,543993-1,"J. Linn. Soc., Bot.","22: 455","","1887"
kew-2801253,A,Erythroxylaceae,,Erythroxylum,,"anceps",,"","O.E.Schulz",Accepted,,M,WCSP (in review),929003,336889-1,"Pflanzenr.","IV, 134: 134","","1907"
kew-2801254,A,Erythroxylaceae,,Erythroxylum,,"andrei",,"","Plowman",Accepted,,M,WCSP (in review),929004,276834-2,"Fieldiana, Bot.","n.s., 19: 2","","1987"
kew-2801255,A,Erythroxylaceae,,Erythroxylum,,"anguifugum",,"","Mart.",Accepted,,M,WCSP (in review),929005,543994-1,"Flora","21(2 Beibl.): 84","","1838"
kew-2801257,A,Erythroxylaceae,,Erythroxylum,,"annamense",,"","Tardieu",Accepted,,M,WCSP (in review),929007,336890-1,"Notul. Syst. (Paris)","11: 134","","1943"
kew-2801258,A,Erythroxylaceae,,Erythroxylum,,"apiculatum",,"","Diogo",Accepted,,M,WCSP (in review),929008,96881-2,"Bol. Mus. Nac. Rio de Janeiro","1: 358","","1924"
kew-2801259,A,Erythroxylaceae,,Erythroxylum,,"areolatum",,"","L.",Accepted,,M,WCSP (in review),929009,330124-2,"Syst. Nat. ed. 10","2: 1035","","1759"
kew-2801261,A,Erythroxylaceae,,Erythroxylum,,"areolatum",,"","Billb. ex Beurl.",Unresolved,,L,WCSP (in review),929011,543998-1,"Kongl. Vetensk. Acad. Handl.","1854: 136","","1856"
kew-2801265,A,Erythroxylaceae,,Erythroxylum,,"argentinum",,"","O.E.Schulz",Accepted,,M,WCSP (in review),929015,96883-2,"Pflanzenr.","IV, 134: 99","","1907"
kew-2801269,A,Erythroxylaceae,,Erythroxylum,,"armatum",,"","Oviedo & Borhidi",Accepted,,M,WCSP (in review),929019,306770-2,"Acta Bot. Hung.","37: 92","","1992"
tro-12500030,A,Erythroxylaceae,,Erythroxylum,,"arrajodoi",,"","O.E. Schulz",Unresolved,,L,TRO,12500030,,"","","",""
kew-2801270,A,Erythroxylaceae,,Erythroxylum,,"arrojadoi",,"","O.E.Schulz",Accepted,,M,WCSP (in review),929020,336895-1,"Notizbl. Bot. Gart. Berlin-Dahlem","8: 426","","1923"
kew-2801271,A,Erythroxylaceae,,Erythroxylum,,"australe",,"","F.Muell.",Accepted,,M,WCSP (in review),929021,544000-1,"Trans. & Proc. Philos. Inst. Victoria","3: 22","","1859"
kew-2801272,A,Erythroxylaceae,,Erythroxylum,,"badium",,"","O.E.Schulz",Accepted,,M,WCSP (in review),929022,,"Pflanzenr.","IV, 134: 128","","1907"
kew-2801274,A,Erythroxylaceae,,Erythroxylum,,"banaoense",,"","Oviedo",Accepted,,M,WCSP (in review),929024,70029235-1,"Willdenowia","33: 189","","2003"
kew-2801276,A,Erythroxylaceae,,Erythroxylum,,"bangii",,"","Rusby",Accepted,,M,WCSP (in review),929026,96887-2,"Mem. Torrey Bot. Club","3(3): 11","","1893"
kew-2801277,A,Erythroxylaceae,,Erythroxylum,,"baracoense",,"","Borhidi",Accepted,,M,WCSP (in review),929027,96888-2,"Acta Bot. Acad. Sci. Hung.","22: 303","","1976 publ. 1977"
kew-2801278,A,Erythroxylaceae,,Erythroxylum,,"barahonense",,"","O.E.Schulz & Ekman",Accepted,,M,WCSP (in review),929028,96889-2,"Ark. Bot.","22A(8): 53","","1929"
kew-2801279,A,Erythroxylaceae,,Erythroxylum,,"barbatum",,"","O.E.Schulz",Accepted,,M,WCSP (in review),929029,276838-2,"Pflanzenr.","IV, 134: 21","","1907"
kew-2801281,A,Erythroxylaceae,,Erythroxylum,,"bequaertii",,"","Standl.",Accepted,,M,WCSP (in review),929031,96892-2,"J. Arnold Arbor.","11: 47","","1930"
kew-2801282,A,Erythroxylaceae,,Erythroxylum,,"betulaceum",,"","Mart.",Accepted,,M,WCSP (in review),929032,330126-2,"Abh. Math.-Phys. Cl. Königl. Bayer. Akad. Wiss.","3(2): 339","","1843"
kew-2801283,A,Erythroxylaceae,,Erythroxylum,,"bezerrae",,"","Plowman",Accepted,,M,WCSP (in review),929033,276839-2,"Brittonia","38: 196","","1986"
kew-2801284,A,Erythroxylaceae,,Erythroxylum,,"bicolor",,"","O.E.Schulz",Accepted,,M,WCSP (in review),929034,96893-2,"Pflanzenr.","IV, 134: 107","","1907"
kew-2801286,A,Erythroxylaceae,,Erythroxylum,,"boinense",,"","H.Perrier",Accepted,,M,WCSP (in review),929036,336905-1,"Mém. Inst. Sci. Madagascar, Sér. B, Biol. Vég.","2: 254","","1950"
kew-2801287,A,Erythroxylaceae,,Erythroxylum,,"boivinianum",,"","Baill.",Accepted,,M,WCSP (in review),929037,,"Bull. Mens. Soc. Linn. Paris","1: 599","","1886"
kew-2801291,A,Erythroxylaceae,,Erythroxylum,,"bradeanum",,"","O.E.Schulz",Accepted,,M,WCSP (in review),929041,96896-2,"Notizbl. Bot. Gart. Berlin-Dahlem","11: 722","","1933"
kew-2801292,A,Erythroxylaceae,,Erythroxylum,,"brennae",,"","D'Arcy & Schanen",Accepted,,M,WCSP (in review),929042,96897-2,"Ann. Missouri Bot. Gard.","62: 31","","1975"
kew-2801294,A,Erythroxylaceae,,Erythroxylum,,"brevipes",,"","DC.",Accepted,,M,WCSP (in review),929044,330127-2,"Prodr.","1: 573","","1824"
kew-2801298,A,Erythroxylaceae,,Erythroxylum,,"brownianum",,"","Burtt Davy",Unresolved,,L,WCSP (in review),929048,336913-1,"Bull. Misc. Inform. Kew","1924: 230","","1924"
kew-2801300,A,Erythroxylaceae,,Erythroxylum,,"buxifolium",,"","Lam.",Accepted,,M,WCSP (in review),929050,544008-1,"Encycl.","2: 394","","1786"
kew-2801301,A,Erythroxylaceae,,Erythroxylum,,"buxus",,"","Peyr.",Accepted,,M,WCSP (in review),929051,330128-2,"Fl. Bras.","12(1): 137","","1878"
kew-2801302,A,Erythroxylaceae,,Erythroxylum,,"caatingae",,"","Plowman",Accepted,,M,WCSP (in review),929052,276841-2,"Fieldiana, Bot.","n.s., 19: 5","","1987"
kew-2801304,A,Erythroxylaceae,,Erythroxylum,,"cambodianum",,"","Pierre",Accepted,,M,WCSP (in review),929054,336915-1,"Fl. Forest. Cochinch.","t. 282","","1893"
kew-2801306,A,Erythroxylaceae,,Erythroxylum,,"campestre",,"","A.St.-Hil.",Accepted,,M,WCSP (in review),929056,323901-2,"Fl. Bras. Merid.","2: 97","","1829"
kew-2801311,A,Erythroxylaceae,,Erythroxylum,,"campinense",,"","Amaral",Accepted,,M,WCSP (in review),929061,336916-1,"Acta Amazon.","6: 213","","1976"
tro-12500372,A,Erythroxylaceae,,Erythroxylum,,"capense",,"","Stapf",Unresolved,,L,TRO,12500372,,"","","",""
kew-2801312,A,Erythroxylaceae,,Erythroxylum,,"capitatum",,"","Baker",Accepted,,M,WCSP (in review),929062,,"J. Linn. Soc., Bot.","25: 302","","1890"
kew-2801313,A,Erythroxylaceae,,Erythroxylum,,"carthagenense",,"","Jacq.",Accepted,,M,WCSP (in review),929063,544013-1,"Enum. Syst. Pl.","21","","1760"
kew-2801315,A,Erythroxylaceae,,Erythroxylum,,"cassinoides",,"","Planch. & Linden ex Triana & Planch.",Accepted,,M,WCSP (in review),929065,544014-1,"Ann. Sci. Nat., Bot.","IV, 18: 340","","1862"
kew-2801316,A,Erythroxylaceae,,Erythroxylum,,"cataractarum",,"","Spruce ex Peyr.",Accepted,,M,WCSP (in review),929066,276842-2,"Fl. Bras.","12(1): 149","","1878"
kew-2801317,A,Erythroxylaceae,,Erythroxylum,,"catharinense",,"","Amaral",Accepted,,M,WCSP (in review),929067,896487-1,"in Fl. Ilustr. Catar.","1(Eritroc.): 41","","1980"
kew-2801318,A,Erythroxylaceae,,Erythroxylum,,"catuaba",,"","A.J.Silva",Unresolved,,L,WCSP (in review),929068,336918-1,"Estud. Bot. Chim. Catuaba","","","1904"
kew-2801323,A,Erythroxylaceae,,Erythroxylum,,"cincinnatum",,"","Mart.",Accepted,,M,WCSP (in review),929073,544016-1,"Abh. Math.-Phys. Cl. Königl. Bayer. Akad. Wiss.","3(2): 357","","1843"
kew-2801324,A,Erythroxylaceae,,Erythroxylum,,"citrifolium",,"","A.St.-Hil.",Accepted,,M,WCSP (in review),929074,330131-2,"Fl. Bras. Merid.","2: 94","","1829"
kew-2801327,A,Erythroxylaceae,,Erythroxylum,,"clarense",,"","Borhidi",Accepted,,M,WCSP (in review),929077,336924-1,"Acta Bot. Acad. Sci. Hung.","22: 303","","1976 publ. 1977"
kew-2801328,A,Erythroxylaceae,,Erythroxylum,,"coca",,"","Lam.",Accepted,,M,WCSP (in review),929078,330132-2,"Encycl.","2: 393","","1786"
kew-2801332,A,Erythroxylaceae,,Erythroxylum,,"coelophlebium",,"","Mart.",Accepted,,M,WCSP (in review),929082,330133-2,"Abh. Math.-Phys. Cl. Königl. Bayer. Akad. Wiss.","3(2): 396","","1843"
kew-2801337,A,Erythroxylaceae,,Erythroxylum,,"columbinum",,"","Mart.",Accepted,,M,WCSP (in review),929087,330134-2,"Abh. Math.-Phys. Cl. Königl. Bayer. Akad. Wiss.","3(2): 379","","1843"
kew-2801341,A,Erythroxylaceae,,Erythroxylum,,"compressum",,"","Peyr.",Accepted,,M,WCSP (in review),929091,330135-2,"Fl. Bras.","12(1): 163","","1878"
kew-2801342,A,Erythroxylaceae,,Erythroxylum,,"confusum",,"","Britton",Accepted,,M,WCSP (in review),929092,296482-2,"Bahama Fl.","199","","1920"
kew-2801344,A,Erythroxylaceae,,Erythroxylum,,"cordato-ovatum",,"","Huber",Accepted,,M,WCSP (in review),929094,96922-2,"Bol. Mus. Goeldi Hist. Nat. Ethnogr.","5: 418","","1909"
kew-2801345,A,Erythroxylaceae,,Erythroxylum,,"coriaceum",,"","Britton & P.Wilson",Accepted,,M,WCSP (in review),929095,96923-2,"Mem. Torrey Bot. Club","16: 71","","1920"
kew-2801347,A,Erythroxylaceae,,Erythroxylum,,"corymbosum",,"","Boivin ex Baill.",Accepted,,M,WCSP (in review),929097,,"Bull. Mens. Soc. Linn. Paris","1: 606","","1886"
kew-2801350,A,Erythroxylaceae,,Erythroxylum,,"couveleense",,"","Guillaumin",Accepted,,M,WCSP (in review),929100,336931-1,"Mém. Mus. Natl. Hist. Nat., B, Bot.","15: 56","","1964"
kew-2801354,A,Erythroxylaceae,,Erythroxylum,,"cumanense",,"","Kunth",Accepted,,M,WCSP (in review),929104,330136-2,"Nov. Gen. Sp.","5: 177","","1822"
kew-2801355,A,Erythroxylaceae,,Erythroxylum,,"cuneatum",,"","(Miq.) Kurz",Accepted,,M,WCSP (in review),929105,544029-1,"J. Asiat. Soc. Bengal, Pt. 2, Nat. Hist.","43(2): 135","","1874"
tro-50255264,A,Erythroxylaceae,,Erythroxylum,,"cuneifolioides",,"","E.W. Berry",Accepted,,M,TRO,50255264,,"Johns Hopkins Univ. Stud. Geol.","6: 206, t. 5, f. 1","206","1925"
kew-2801357,A,Erythroxylaceae,,Erythroxylum,,"cuneifolium",,"","(Mart.) O.E.Schulz",Accepted,,M,WCSP (in review),929107,96927-2,"Pflanzenr.","IV, 134: 121","","1907"
kew-2801360,A,Erythroxylaceae,,Erythroxylum,,"cuspidifolium",,"","Mart.",Accepted,,M,WCSP (in review),929110,330137-2,"Abh. Math.-Phys. Cl. Königl. Bayer. Akad. Wiss.","3(2): 359","","1843"
kew-2801361,A,Erythroxylaceae,,Erythroxylum,,"cyclophyllum",,"","O.E.Schulz",Accepted,,M,WCSP (in review),929111,96930-2,"Pflanzenr.","IV, 134: 93","","1907"
kew-2801362,A,Erythroxylaceae,,Erythroxylum,,"daphnites",,"","Mart.",Accepted,,M,WCSP (in review),929112,276844-2,"Abh. Math.-Phys. Cl. Königl. Bayer. Akad. Wiss.","3(2): 363","","1843"
kew-2801363,A,Erythroxylaceae,,Erythroxylum,,"davidii",,"","D'Arcy & Schanen",Accepted,,M,WCSP (in review),929113,96931-2,"Ann. Missouri Bot. Gard.","62: 30","","1975"
kew-2801364,A,Erythroxylaceae,,Erythroxylum,,"deciduum",,"","A.St.-Hil.",Accepted,,M,WCSP (in review),929114,544033-1,"Fl. Bras. Merid.","2: 95","","1829"
kew-2801369,A,Erythroxylaceae,,Erythroxylum,,"dekindtii",,"","(Engl.) O.E.Schulz",Accepted,,M,WCSP (in review),929119,336940-1,"Pflanzenr.","IV, 134: 134","","1907"
kew-2801370,A,Erythroxylaceae,,Erythroxylum,,"delagoense",,"","Schinz",Accepted,,M,WCSP (in review),929120,544034-1,"Bull. Herb. Boissier","II, 1: 876","","1901"
tro-12500090,A,Erythroxylaceae,,Erythroxylum,,"densiflorum",,"","Bong. ex O.E. Schulz",Unresolved,,L,TRO,12500090,,"","","",""
kew-2801372,A,Erythroxylaceae,,Erythroxylum,,"densum",,"","Rusby",Accepted,,M,WCSP (in review),929122,96936-2,"Descr. S. Amer. Pl.","33","","1920"
kew-2902655,A,Erythroxylaceae,,Erythroxylum,,"dillonii",,"","Plowman ex Jara",Unresolved,,L,WCSP (in review),1025112,77116470-1,"Brittonia","63: 227","","2011"
kew-2801373,A,Erythroxylaceae,,Erythroxylum,,"discolor",,"","Bojer",Accepted,,M,WCSP (in review),929123,544035-1,"Ann. Sci. Nat., Bot.","II, 18: 184","","1842"
kew-2801374,A,Erythroxylaceae,,Erythroxylum,,"distortum",,"","Mart.",Accepted,,M,WCSP (in review),929124,330138-2,"Abh. Math.-Phys. Cl. Königl. Bayer. Akad. Wiss.","3(2): 346","","1843"
kew-2801376,A,Erythroxylaceae,,Erythroxylum,,"divaricatum",,"","Peyr.",Accepted,,M,WCSP (in review),929126,276845-2,"Fl. Bras.","12(1): 146","","1878"
kew-2801377,A,Erythroxylaceae,,Erythroxylum,,"domingense",,"","Oviedo",Accepted,,M,WCSP (in review),929127,329341-2,"Willdenowia","33: 191","","2003"
kew-2801380,A,Erythroxylaceae,,Erythroxylum,,"dumosum",,"","Alain",Accepted,,M,WCSP (in review),929130,96939-2,"Candollea","17: 115","","1960"
kew-2801382,A,Erythroxylaceae,,Erythroxylum,,"ecarinatum",,"","Hochr.",Accepted,,M,WCSP (in review),929132,544039-1,"Pl. Bogor. Exs.","39","","1904"
kew-2801385,A,Erythroxylaceae,,Erythroxylum,,"elegans",,"","Baill.",Accepted,,M,WCSP (in review),929135,,"Bull. Mens. Soc. Linn. Paris","1: 600","","1886"
kew-2801386,A,Erythroxylaceae,,Erythroxylum,,"eligulatum",,"","H.Perrier",Accepted,,M,WCSP (in review),929136,336949-1,"Mém. Inst. Sci. Madagascar, Sér. B, Biol. Vég.","2: 246","","1950"
kew-2801387,A,Erythroxylaceae,,Erythroxylum,,"ellipticum",,"","R.Br. ex Benth.",Accepted,,M,WCSP (in review),929137,544042-1,"Fl. Austral.","1: 284","","1863"
kew-2801390,A,Erythroxylaceae,,Erythroxylum,,"emarginatum",,"","Thonn.",Accepted,,M,WCSP (in review),929140,544043-1,"Beskr. Guin. Pl.","224","","1827"
kew-2801394,A,Erythroxylaceae,,Erythroxylum,,"engleri",,"","O.E.Schulz",Accepted,,M,WCSP (in review),929144,96944-2,"Pflanzenr.","IV, 134: 46","","1907"
tro-12500440,A,Erythroxylaceae,,Erythroxylum,,"falletenianum",,"","A. St.-Hil.",Unresolved,,L,TRO,12500440,,"","","",""
kew-2801401,A,Erythroxylaceae,,Erythroxylum,,"ferrugineum",,"","Cav.",Accepted,,M,WCSP (in review),929151,,"Diss.","8: 404","","1789"
kew-2801404,A,Erythroxylaceae,,Erythroxylum,,"fimbriatum",,"","Peyr.",Accepted,,M,WCSP (in review),929154,330146-2,"Fl. Bras.","12(1): 162","","1878"
kew-2801405,A,Erythroxylaceae,,Erythroxylum,,"firmum",,"","Baker",Accepted,,M,WCSP (in review),929155,544050-1,"J. Linn. Soc., Bot.","21: 327","","1884"
kew-2801407,A,Erythroxylaceae,,Erythroxylum,,"fischeri",,"","Engl.",Accepted,,M,WCSP (in review),929157,336958-1,"Pflanzenw. Ost-Afrikas","C: 226","","1895"
kew-2801408,A,Erythroxylaceae,,Erythroxylum,,"flaccidum",,"","Salzm. ex Peyr.",Accepted,,M,WCSP (in review),929158,330148-2,"Fl. Bras.","12(1): 141","","1878"
kew-2801409,A,Erythroxylaceae,,Erythroxylum,,"flavicans",,"","Borhidi",Accepted,,M,WCSP (in review),929159,96950-2,"Acta Bot. Acad. Sci. Hung.","22: 303","","1976 publ. 1977"
kew-2801414,A,Erythroxylaceae,,Erythroxylum,,"foetidum",,"","Plowman",Accepted,,M,WCSP (in review),929164,276846-2,"Brittonia","40: 256","","1988"
kew-2801417,A,Erythroxylaceae,,Erythroxylum,,"gaudichaudii",,"","Peyr.",Accepted,,M,WCSP (in review),929167,330150-2,"Fl. Bras.","12(1): 169","","1878"
kew-2903877,A,Erythroxylaceae,,Erythroxylum,,"gentryi",,"","Jara",Unresolved,,L,WCSP (in review),1026335,77116471-1,"Brittonia","63: 229","","2011"
kew-2801418,A,Erythroxylaceae,,Erythroxylum,,"gerrardii",,"","Baker",Accepted,,M,WCSP (in review),929168,544056-1,"J. Linn. Soc., Bot.","20: 109","","1883"
kew-2801420,A,Erythroxylaceae,,Erythroxylum,,"glaucum",,"","O.E.Schulz",Unresolved,,L,WCSP (in review),929170,96953-2,"Pflanzenr.","IV, 134: 96","","1907"
tro-12500118,A,Erythroxylaceae,,Erythroxylum,,"glazioui",,"","O.E. Schulz",Accepted,,M,TRO,12500118,96955-2,"Pflanzenr.","IV. 134(Heft 29): 103","103","1907"
kew-2801422,A,Erythroxylaceae,,Erythroxylum,,"glaziovii",,"","O.E.Schulz",Accepted,,M,WCSP (in review),929172,,"Pflanzenr.","IV, 134: 103","","1907"
kew-2801424,A,Erythroxylaceae,,Erythroxylum,,"gonoclados",,"","(Mart.) O.E.Schulz",Accepted,,L,WCSP (in review),929174,96956-2,"Pflanzenr.","IV, 134: 122","","1907"
kew-2801429,A,Erythroxylaceae,,Erythroxylum,,"gracile",,"","O.E.Schulz",Accepted,,M,WCSP (in review),929179,,"Pflanzenr.","IV, 134: 142","","1907"
kew-2801430,A,Erythroxylaceae,,Erythroxylum,,"gracilipes",,"","Peyr.",Accepted,,M,WCSP (in review),929180,276848-2,"Fl. Bras.","12(1): 159","","1878"
kew-2801432,A,Erythroxylaceae,,Erythroxylum,,"grandifolium",,"","Peyr.",Accepted,,M,WCSP (in review),929182,330152-2,"Fl. Bras.","12(1): 161","","1878"
kew-2801433,A,Erythroxylaceae,,Erythroxylum,,"grisebachii",,"","Peyr.",Accepted,,M,WCSP (in review),929183,96961-2,"Fl. Bras.","12(1): 161","","1878"
kew-2801434,A,Erythroxylaceae,,Erythroxylum,,"guanchezii",,"","Plowman",Accepted,,M,WCSP (in review),929184,276849-2,"Brittonia","40: 261","","1988"
kew-2801435,A,Erythroxylaceae,,Erythroxylum,,"guatemalense",,"","Lundell",Accepted,,M,WCSP (in review),929185,96962-2,"Wrightia","4: 176","","1971"
kew-2801436,A,Erythroxylaceae,,Erythroxylum,,"hamigerum",,"","O.E.Schulz",Accepted,,M,WCSP (in review),929186,96963-2,"Pflanzenr.","IV, 134: 23","","1907"
kew-2801441,A,Erythroxylaceae,,Erythroxylum,,"haughtii",,"","W.A.Gentner",Accepted,,M,WCSP (in review),929191,96968-2,"J. Wash. Acad. Sci.","47: 6","","1957"
kew-2801442,A,Erythroxylaceae,,Erythroxylum,,"havanense",,"","Jacq.",Accepted,,M,WCSP (in review),929192,330154-2,"Enum. Syst. Pl.","21","","1760"
kew-2801450,A,Erythroxylaceae,,Erythroxylum,,"hildebrandtii",,"","O.E.Schulz",Accepted,,M,WCSP (in review),929200,,"Pflanzenr.","IV, 134: 136","","1907"
kew-2801451,A,Erythroxylaceae,,Erythroxylum,,"hondense",,"","Kunth",Accepted,,M,WCSP (in review),929201,330155-2,"Nov. Gen. Sp.","5: 176","","1822"
kew-2801452,A,Erythroxylaceae,,Erythroxylum,,"horridum",,"","Borhidi & Oviedo",Accepted,,M,WCSP (in review),929202,96972-2,"Acta Bot. Acad. Sci. Hung.","22: 302","","1976 publ. 1977"
kew-2801454,A,Erythroxylaceae,,Erythroxylum,,"hypericifolium",,"","Lam.",Accepted,,M,WCSP (in review),929204,544068-1,"Encycl.","2: 394","","1786"
kew-2801456,A,Erythroxylaceae,,Erythroxylum,,"hypoleucum",,"","Plowman",Accepted,,M,WCSP (in review),929206,276850-2,"Bot. Mus. Leafl.","29: 280","","1983"
kew-2801457,A,Erythroxylaceae,,Erythroxylum,,"impressum",,"","O.E.Schulz",Accepted,,M,WCSP (in review),929207,276851-2,"Symb. Antill.","5: 202","","1907"
kew-2801458,A,Erythroxylaceae,,Erythroxylum,,"incrassatum",,"","O.E.Schulz",Accepted,,M,WCSP (in review),929208,96974-2,"Symb. Antill.","5: 210","","1907"
kew-2896144,A,Erythroxylaceae,,Erythroxylum,,"jaimei",,"","Jara",Accepted,,M,WCSP (in review),1018999,77096024-1,"Caldasia","30: 95","","2008"
kew-2801463,A,Erythroxylaceae,,Erythroxylum,,"jamaicense",,"","Fawc. & Rendle",Accepted,,M,WCSP (in review),929213,96975-2,"J. Bot.","55: 38","","1917"
kew-2801464,A,Erythroxylaceae,,Erythroxylum,,"jossinioides",,"","Bojer",Unresolved,,L,WCSP (in review),929214,544071-1,"Ann. Sci. Nat., Bot.","II, 18: 184","","1842"
kew-2801465,A,Erythroxylaceae,,Erythroxylum,,"kapplerianum",,"","Peyr.",Accepted,,M,WCSP (in review),929215,276852-2,"Fl. Bras.","12(1): 159","","1878"
kew-2801466,A,Erythroxylaceae,,Erythroxylum,,"kassneri",,"","(Engl.) E.Phillips",Unresolved,,L,WCSP (in review),929216,336980-1,"S. African J. Sci.","32: 308","","1935"
kew-2801468,A,Erythroxylaceae,,Erythroxylum,,"kochummenii",,"","Ng",Accepted,,M,WCSP (in review),929218,336982-1,"Gard. Bull. Singapore","28: 235","","1976"
kew-2801469,A,Erythroxylaceae,,Erythroxylum,,"kunthianum",,"","A.St.-Hil.",Unresolved,,L,WCSP (in review),929219,330157-2,"Fl. Bras. Merid.","2: 96","","1829"
kew-2801470,A,Erythroxylaceae,,Erythroxylum,,"kunthianum",,"","Kurz",Unresolved,Illegitimate,L,WCSP (in review),929220,,"J. Asiat. Soc. Bengal, Pt. 2, Nat. Hist.","42(2): 294","","1872"
kew-2801474,A,Erythroxylaceae,,Erythroxylum,,"laetevirens",,"","O.E.Schulz",Accepted,,M,WCSP (in review),929224,276853-2,"Pflanzenr.","IV, 134: 42","","1907"
kew-2801475,A,Erythroxylaceae,,Erythroxylum,,"lamprocarpum",,"","O.E.Schulz",Accepted,,M,WCSP (in review),929225,,"Pflanzenr.","IV, 134: 155","","1907"
kew-2801476,A,Erythroxylaceae,,Erythroxylum,,"lanceolatum",,"","(Wight) Walp.",Accepted,,M,WCSP (in review),929226,544075-1,"Repert. Bot. Syst.","1: 407","","1842"
kew-2801477,A,Erythroxylaceae,,Erythroxylum,,"lanceum",,"","Bojer",Accepted,,M,WCSP (in review),929227,544076-1,"Ann. Sci. Nat., Bot.","II, 18: 185","","1842"
kew-2801478,A,Erythroxylaceae,,Erythroxylum,,"lancifolium",,"","Peyr.",Accepted,,M,WCSP (in review),929228,330158-2,"Fl. Bras.","12(1): 144","","1878"
kew-2801481,A,Erythroxylaceae,,Erythroxylum,,"laurel",,"","Baill.",Accepted,,M,WCSP (in review),929231,,"Bull. Mens. Soc. Linn. Paris","1: 600","","1886"
kew-2801483,A,Erythroxylaceae,,Erythroxylum,,"laurifolium",,"","Lam.",Accepted,,M,WCSP (in review),929233,544078-1,"Encycl.","2: 394","","1786"
kew-2801485,A,Erythroxylaceae,,Erythroxylum,,"leal-costae",,"","Plowman",Accepted,,M,WCSP (in review),929235,276855-2,"Bot. Mus. Leafl.","29: 273","","1983"
kew-2801486,A,Erythroxylaceae,,Erythroxylum,,"leandrianum",,"","Payens",Accepted,,M,WCSP (in review),929236,336988-1,"in Fl. Males.","5: 549","","1958"
kew-2801487,A,Erythroxylaceae,,Erythroxylum,,"lenticellosum",,"","Huber",Accepted,,M,WCSP (in review),929237,96980-2,"Bol. Mus. Goeldi Hist. Nat. Ethnogr.","5: 420","","1909"
kew-2801488,A,Erythroxylaceae,,Erythroxylum,,"leptoneurum",,"","O.E.Schulz",Accepted,,M,WCSP (in review),929238,276856-2,"Pflanzenr.","IV, 134: 101","","1907"
kew-2801489,A,Erythroxylaceae,,Erythroxylum,,"ligustrinum",,"","DC.",Accepted,,M,WCSP (in review),929239,330159-2,"Prodr.","1: 574","","1824"
kew-2801493,A,Erythroxylaceae,,Erythroxylum,,"lindemanii",,"","Plowman",Accepted,,M,WCSP (in review),929243,276859-2,"Phytologia","58: 172","","1985"
kew-2801494,A,Erythroxylaceae,,Erythroxylum,,"lineolatum",,"","DC.",Accepted,,M,WCSP (in review),929244,330160-2,"Prodr.","1: 575","","1824"
kew-2801496,A,Erythroxylaceae,,Erythroxylum,,"loefgrenii",,"","Diogo",Accepted,,M,WCSP (in review),929246,96985-2,"Bol. Mus. Nac. Rio de Janeiro","1: 30","","1923"
kew-2801497,A,Erythroxylaceae,,Erythroxylum,,"longifolium",,"","Lam.",Accepted,,M,WCSP (in review),929247,544082-1,"Encycl.","2: 394","","1786"
tro-12500411,A,Erythroxylaceae,,Erythroxylum,,"longifolium",,"","Cav.",Unresolved,,L,TRO,12500411,,"Diss.","t. 231, f. 1","",""
kew-2801498,A,Erythroxylaceae,,Erythroxylum,,"longipes",,"","O.E.Schulz",Accepted,,M,WCSP (in review),929248,96986-2,"Symb. Antill.","5: 195","","1907"
kew-2896145,A,Erythroxylaceae,,Erythroxylum,,"longisetulosum",,"","Loiola & M.F.Sales",Accepted,,M,WCSP (in review),1019000,,"Kew Bull.","63: 655","","2008 publ. 2009"
kew-2801500,A,Erythroxylaceae,,Erythroxylum,,"loretense",,"","Plowman",Accepted,,M,WCSP (in review),929250,276860-2,"Candollea","43: 421","","1988"
kew-2801504,A,Erythroxylaceae,,Erythroxylum,,"luculentum",,"","J.F.Macbr.",Unresolved,,L,WCSP (in review),929254,96988-2,"Candollea","5: 372","","1934"
kew-2801505,A,Erythroxylaceae,,Erythroxylum,,"lygoides",,"","O.E.Schulz",Accepted,,M,WCSP (in review),929255,96989-2,"Pflanzenr.","IV, 134: 46","","1907"
kew-2801506,A,Erythroxylaceae,,Erythroxylum,,"macrocalyx",,"","Mart.",Accepted,,M,WCSP (in review),929256,330162-2,"Abh. Math.-Phys. Cl. Königl. Bayer. Akad. Wiss.","3(2): 384","","1843"
kew-2801507,A,Erythroxylaceae,,Erythroxylum,,"macrocarpum",,"","O.E.Schulz",Accepted,,M,WCSP (in review),929257,,"Pflanzenr.","IV, 134: 157","","1907"
kew-2801508,A,Erythroxylaceae,,Erythroxylum,,"macrochaetum",,"","Miq.",Accepted,,M,WCSP (in review),929258,330166-2,"Linnaea","22: 798","","1849"
kew-2801511,A,Erythroxylaceae,,Erythroxylum,,"macrophyllum",,"","Cav.",Accepted,,M,WCSP (in review),929261,330167-2,"Diss.","8: 401","","1789"
kew-2801514,A,Erythroxylaceae,,Erythroxylum,,"macrophyllum",var.,"macrocnemium","(Mart.) Plowman",Accepted,,L,WCSP (in review),929264,276862-2,"Candollea","43: 429","","1988"
kew-2801516,A,Erythroxylaceae,,Erythroxylum,,"magnoliifolium",,"","A.St.-Hil.",Accepted,,M,WCSP (in review),929266,330168-2,"Fl. Bras. Merid.","2: 93","","1829"
kew-2801517,A,Erythroxylaceae,,Erythroxylum,,"mamacoca",,"","Mart.",Accepted,,M,WCSP (in review),929267,330169-2,"Abh. Math.-Phys. Cl. Königl. Bayer. Akad. Wiss.","3(2): 365","","1843"
kew-2801519,A,Erythroxylaceae,,Erythroxylum,,"mangorense",,"","H.Perrier",Accepted,,M,WCSP (in review),929269,337000-1,"Mém. Inst. Sci. Madagascar, Sér. B, Biol. Vég.","2: 260","","1950"
kew-2801520,A,Erythroxylaceae,,Erythroxylum,,"mannii",,"","Oliv.",Accepted,,M,WCSP (in review),929270,544093-1,"Fl. Trop. Afr.","1: 274","","1868"
kew-2801522,A,Erythroxylaceae,,Erythroxylum,,"maracasense",,"","Plowman",Accepted,,M,WCSP (in review),929272,276864-2,"Fieldiana, Bot.","n.s., 19: 8","","1987"
kew-2801523,A,Erythroxylaceae,,Erythroxylum,,"martii",,"","Peyr.",Accepted,,M,WCSP (in review),929273,330170-2,"Fl. Bras.","12(1): 160","","1878"
kew-2801525,A,Erythroxylaceae,,Erythroxylum,,"mattos-silvae",,"","Plowman",Accepted,,M,WCSP (in review),929275,276865-2,"Fieldiana, Bot.","n.s., 19: 12","","1987"
kew-2801526,A,Erythroxylaceae,,Erythroxylum,,"membranaceum",,"","Plowman",Accepted,,M,WCSP (in review),929276,276866-2,"Fieldiana, Bot.","n.s., 19: 17","","1987"
kew-2801527,A,Erythroxylaceae,,Erythroxylum,,"mexicanum",,"","Kunth",Accepted,,M,WCSP (in review),929277,330171-2,"Nov. Gen. Sp.","5: 178","","1822"
kew-2801529,A,Erythroxylaceae,,Erythroxylum,,"microphyllum",,"","A.St.-Hil.",Accepted,,M,WCSP (in review),929279,330172-2,"Fl. Bras. Merid.","2: 100","","1829"
kew-2801540,A,Erythroxylaceae,,Erythroxylum,,"mikanii",,"","Peyr.",Accepted,,M,WCSP (in review),929289,330173-2,"Fl. Bras.","12(1): 138","","1878"
kew-2801541,A,Erythroxylaceae,,Erythroxylum,,"minutifolium",,"","Griseb.",Accepted,,M,WCSP (in review),929290,330174-2,"Cat. Pl. Cub.","41","","1866"
kew-2801543,A,Erythroxylaceae,,Erythroxylum,,"mocquerysii",,"","DC.",Accepted,,M,WCSP (in review),929292,544102-1,"Bull. Herb. Boissier","II, 1: 562","","1901"
kew-2801544,A,Erythroxylaceae,,Erythroxylum,,"mogotense",,"","Oviedo",Accepted,,M,WCSP (in review),929293,329339-2,"Willdenowia","33: 189","","2003"
kew-2801546,A,Erythroxylaceae,,Erythroxylum,,"monogynum",,"","Roxb.",Accepted,,M,WCSP (in review),929295,544103-1,"Pl. Coromandel","1: 61","","1798"
kew-2801548,A,Erythroxylaceae,,Erythroxylum,,"moonii",,"","Hochr.",Accepted,,M,WCSP (in review),929297,544104-1,"Bull. Inst. Bot. Buitenzorg","22: 54","","1905"
kew-2801549,A,Erythroxylaceae,,Erythroxylum,,"mucronatum",,"","Benth.",Accepted,,M,WCSP (in review),929298,330175-2,"London J. Bot.","2: 372","","1843"
kew-2801552,A,Erythroxylaceae,,Erythroxylum,,"myrsinites",,"","Mart.",Accepted,,M,WCSP (in review),929301,330176-2,"Abh. Math.-Phys. Cl. Königl. Bayer. Akad. Wiss.","3(2): 345","","1843"
kew-2801553,A,Erythroxylaceae,,Erythroxylum,,"myrtoides",,"","Bojer",Accepted,,M,WCSP (in review),929302,544107-1,"Ann. Sci. Nat., Bot.","II, 18: 185","","1842"
kew-2801555,A,Erythroxylaceae,,Erythroxylum,,"nelson-rosae",,"","Plowman",Accepted,,M,WCSP (in review),929304,276868-2,"Acta Amazon.","14(1-2 Suppl.): 124","","1984 publ. 1986"
kew-2801557,A,Erythroxylaceae,,Erythroxylum,,"nitidulum",,"","Baker",Accepted,,M,WCSP (in review),929306,544109-1,"J. Linn. Soc., Bot.","20: 110","","1883"
kew-2801564,A,Erythroxylaceae,,Erythroxylum,,"nobile",,"","O.E.Schulz",Accepted,,M,WCSP (in review),929313,97003-2,"Pflanzenr.","IV, 134: 37","","1907"
kew-2801565,A,Erythroxylaceae,,Erythroxylum,,"nossibeense",,"","Baill.",Accepted,,M,WCSP (in review),929314,,"Bull. Mens. Soc. Linn. Paris","1: 600","","1886"
kew-2801566,A,Erythroxylaceae,,Erythroxylum,,"novocaledonicum",,"","O.E.Schulz",Accepted,,M,WCSP (in review),929315,,"Pflanzenr.","IV, 134: 140","","1907"
kew-2801567,A,Erythroxylaceae,,Erythroxylum,,"novogranatense",,"","(D.Morris) Hieron.",Accepted,,M,WCSP (in review),929316,97004-2,"Bot. Jahrb. Syst.","20(49): 35","","1895"
kew-2801571,A,Erythroxylaceae,,Erythroxylum,,"novogranatense",var.,"truxillense","(Rusby) Plowman",Accepted,,L,WCSP (in review),929320,1015328-2,"Bot. Mus. Leafl.","27: 56","","1979"
kew-2801572,A,Erythroxylaceae,,Erythroxylum,,"nummularia",,"","Peyr.",Accepted,,M,WCSP (in review),929321,330179-2,"Fl. Bras.","12(1): 133","","1878"
kew-2801574,A,Erythroxylaceae,,Erythroxylum,,"oblanceolatum",,"","Craib",Accepted,,M,WCSP (in review),929323,337010-1,"Bull. Misc. Inform. Kew","1926: 155","","1926"
kew-2801576,A,Erythroxylaceae,,Erythroxylum,,"obtusifolium",,"","(Wight) Hook.f.",Accepted,,M,WCSP (in review),929325,544114-1,"Fl. Brit. India","1: 415","","1874"
kew-2801578,A,Erythroxylaceae,,Erythroxylum,,"occultum",,"","Plowman",Accepted,,M,WCSP (in review),929327,276869-2,"Bot. Mus. Leafl.","29: 277","","1983"
kew-2801579,A,Erythroxylaceae,,Erythroxylum,,"ochranthum",,"","Mart.",Accepted,,M,WCSP (in review),929328,544116-1,"Abh. Math.-Phys. Cl. Königl. Bayer. Akad. Wiss.","3(2): 871","","1843"
kew-2801580,A,Erythroxylaceae,,Erythroxylum,,"opacum",,"","Rusby",Accepted,,M,WCSP (in review),929329,97012-2,"Mem. New York Bot. Gard.","7: 270","","1927"
kew-2801581,A,Erythroxylaceae,,Erythroxylum,,"oreophilum",,"","(O.E.Schulz ex Pilg.) Steyerm. & Maguire",Accepted,,M,WCSP (in review),929330,337012-1,"Mem. New York Bot. Gard.","17(1): 445","","1967"
kew-2801582,A,Erythroxylaceae,,Erythroxylum,,"orinocense",,"","Kunth",Accepted,,M,WCSP (in review),929331,97014-2,"Nov. Gen. Sp.","5: 178","","1822"
kew-2801583,A,Erythroxylaceae,,Erythroxylum,,"ovalifolium",,"","Peyr.",Accepted,,M,WCSP (in review),929332,330181-2,"Fl. Bras.","12(1): 135","","1878"
kew-2801587,A,Erythroxylaceae,,Erythroxylum,,"oxycarpum",,"","O.E.Schulz",Accepted,,M,WCSP (in review),929336,97017-2,"Symb. Antill.","5: 203","","1907"
kew-2801588,A,Erythroxylaceae,,Erythroxylum,,"oxypetalum",,"","O.E.Schulz",Accepted,,M,WCSP (in review),929337,97018-2,"Pflanzenr.","IV, 134: 100","","1907"
kew-2801589,A,Erythroxylaceae,,Erythroxylum,,"pachyneurum",,"","O.E.Schulz",Accepted,,M,WCSP (in review),929338,97019-2,"Repert. Spec. Nov. Regni Veg.","6: 352","","1909"
kew-2801590,A,Erythroxylaceae,,Erythroxylum,,"pacificum",,"","D.R.Simpson",Accepted,,M,WCSP (in review),929339,97020-2,"Fieldiana, Bot.","36: 7","","1972"
kew-2801592,A,Erythroxylaceae,,Erythroxylum,,"panamense",,"","Turcz.",Accepted,,M,WCSP (in review),929341,,"Bull. Soc. Imp. Naturalistes Moscou","26(1): 581","","1853"
kew-2801595,A,Erythroxylaceae,,Erythroxylum,,"paraguariense",,"","(Chodat & Hassl.) O.E.Schulz",Accepted,,M,WCSP (in review),929344,97023-2,"Pflanzenr.","IV, 134: 59","","1907"
kew-2801598,A,Erythroxylaceae,,Erythroxylum,,"parvistipulatum",,"","Peyr.",Accepted,,M,WCSP (in review),929347,330184-2,"Fl. Bras.","12(1): 136","","1878"
kew-2801599,A,Erythroxylaceae,,Erythroxylum,,"passerinum",,"","Mart.",Accepted,,M,WCSP (in review),929348,330185-2,"Abh. Math.-Phys. Cl. Königl. Bayer. Akad. Wiss.","3(2): 386","","1843"
kew-2801601,A,Erythroxylaceae,,Erythroxylum,,"patentissimum",,"","O.E.Schulz",Accepted,,M,WCSP (in review),929350,97025-2,"Pflanzenr.","IV, 134: 119","","1907"
kew-2801602,A,Erythroxylaceae,,Erythroxylum,,"pauciflorum",,"","Rusby",Accepted,,M,WCSP (in review),929351,97026-2,"Mem. Torrey Bot. Club","6: 13","","1896"
kew-2801603,A,Erythroxylaceae,,Erythroxylum,,"pauferrense",,"","Plowman",Accepted,,M,WCSP (in review),929352,276871-2,"Brittonia","38: 193","","1986"
kew-2801604,A,Erythroxylaceae,,Erythroxylum,,"pedicellare",,"","(Griseb.) O.E.Schulz",Accepted,,M,WCSP (in review),929353,97027-2,"Symb. Antill.","5: 211","","1907"
kew-2801605,A,Erythroxylaceae,,Erythroxylum,,"pelleterianum",,"","A.St.-Hil.",Accepted,,M,WCSP (in review),929354,544126-1,"Fl. Bras. Merid.","2: 100","","1829"
kew-2801608,A,Erythroxylaceae,,Erythroxylum,,"pervillei",,"","Baill.",Accepted,,M,WCSP (in review),929357,,"Bull. Mens. Soc. Linn. Paris","1: 606","","1886"
kew-2801610,A,Erythroxylaceae,,Erythroxylum,,"petrae-caballi",,"","Plowman",Accepted,,M,WCSP (in review),929359,276872-2,"Fieldiana, Bot.","n.s., 19: 20","","1987"
kew-2801611,A,Erythroxylaceae,,Erythroxylum,×,"peyritschii",,"","O.E.Schulz",Accepted,,M,WCSP (in review),929360,288199-2,"Pflanzenr.","IV, 134: 55","","1907"
kew-2801612,A,Erythroxylaceae,,Erythroxylum,,"pictum",,"","E.Mey. ex Harv. & Sond.",Accepted,,M,WCSP (in review),929361,,"Fl. Cap.","1: 234","","1860"
tro-12500226,A,Erythroxylaceae,,Erythroxylum,,"pictum",,"","Meyer ex Sonder",Unresolved,,L,TRO,12500226,,"","","",""
tro-12500434,A,Erythroxylaceae,,Erythroxylum,,"platyclados",,"","Bojer",Accepted,,M,TRO,12500434,544130-1,"Ann. Sci. Nat., Bot., sér. 2,","18: 186","186","1842"
kew-2801614,A,Erythroxylaceae,,Erythroxylum,,"platycladum",,"","Bojer",Accepted,,M,WCSP (in review),929363,,"Ann. Sci. Nat., Bot.","II, 18: 186","","1842"
kew-2801616,A,Erythroxylaceae,,Erythroxylum,,"plowmanianum",,"","Cogollo & Pipoly",Accepted,,M,WCSP (in review),929365,302717-2,"Novon","3: 126","","1993"
kew-2801617,A,Erythroxylaceae,,Erythroxylum,,"plowmanii",,"","Amaral",Accepted,,M,WCSP (in review),929366,,"Naturalia","15: 148","","1990"
kew-2801618,A,Erythroxylaceae,,Erythroxylum,,"polygonoides",,"","Mart.",Accepted,,M,WCSP (in review),929367,544131-1,"Abh. Math.-Phys. Cl. Königl. Bayer. Akad. Wiss.","3(2): 360","","1843"
kew-2801620,A,Erythroxylaceae,,Erythroxylum,,"popayanense",,"","Kunth",Accepted,,M,WCSP (in review),929369,330187-2,"Nov. Gen. Sp.","5: 179","","1822"
kew-2801623,A,Erythroxylaceae,,Erythroxylum,,"pruinosum",,"","O.E.Schulz",Accepted,,M,WCSP (in review),929372,276873-2,"Pflanzenr.","IV, 134: 76","","1907"
kew-2801625,A,Erythroxylaceae,,Erythroxylum,,"pulchrum",,"","A.St.-Hil.",Accepted,,M,WCSP (in review),929374,330188-2,"Fl. Bras. Merid.","2: 94","","1829"
kew-2801627,A,Erythroxylaceae,,Erythroxylum,,"pungens",,"","O.E.Schulz",Accepted,,M,WCSP (in review),929376,276874-2,"Pflanzenr.","IV, 134: 49","","1907"
kew-2801628,A,Erythroxylaceae,,Erythroxylum,,"pyrifolium",,"","Baker",Accepted,,M,WCSP (in review),929377,544137-1,"J. Linn. Soc., Bot.","20: 109","","1883"
kew-2801629,A,Erythroxylaceae,,Erythroxylum,,"raimondii",,"","O.E.Schulz",Accepted,,M,WCSP (in review),929378,97034-2,"Notizbl. Bot. Gart. Berlin-Dahlem","10: 727","","1929"
kew-2801632,A,Erythroxylaceae,,Erythroxylum,,"reticulatum",,"","Northr.",Accepted,,M,WCSP (in review),929381,97036-2,"Mem. Torrey Bot. Club","12: 43","","1902"
kew-2801636,A,Erythroxylaceae,,Erythroxylum,,"revolutum",,"","Mart.",Accepted,,M,WCSP (in review),929385,544140-1,"Abh. Math.-Phys. Cl. Königl. Bayer. Akad. Wiss.","3(2): 351","","1843"
kew-2801641,A,Erythroxylaceae,,Erythroxylum,,"rignyanum",,"","Baill.",Accepted,,M,WCSP (in review),929390,,"Bull. Mens. Soc. Linn. Paris","1: 605","","1886"
kew-2801642,A,Erythroxylaceae,,Erythroxylum,,"rimosum",,"","O.E.Schulz",Accepted,,M,WCSP (in review),929391,97039-2,"Pflanzenr.","IV, 134: 53","","1907"
kew-2801643,A,Erythroxylaceae,,Erythroxylum,,"roigii",,"","Britton & P.Wilson",Accepted,,M,WCSP (in review),929392,97040-2,"Mem. Torrey Bot. Club","16: 71","","1920"
kew-2801644,A,Erythroxylaceae,,Erythroxylum,,"roraimae",,"","Klotzsch ex O.E.Schulz",Accepted,,M,WCSP (in review),929393,276875-2,"Pflanzenr.","IV, 134: 104","","1907"
kew-2801645,A,Erythroxylaceae,,Erythroxylum,,"rosuliferum",,"","O.E.Schulz",Accepted,,M,WCSP (in review),929394,97041-2,"Pflanzenr.","IV, 134: 77","","1907"
kew-2801646,A,Erythroxylaceae,,Erythroxylum,,"rotundifolium",,"","Lunan",Accepted,,M,WCSP (in review),929395,330190-2,"Hort. Jamaic.","2: 116","","1814"
kew-2801648,A,Erythroxylaceae,,Erythroxylum,,"rufum",,"","Cav.",Accepted,,M,WCSP (in review),929397,330191-2,"Diss.","8: 404","","1789"
kew-2801649,A,Erythroxylaceae,,Erythroxylum,,"ruizii",,"","Peyr.",Accepted,,M,WCSP (in review),929398,330192-2,"Fl. Bras.","12(1): 152","","1878"
kew-2801650,A,Erythroxylaceae,,Erythroxylum,,"ruryi",,"","Plowman",Accepted,,M,WCSP (in review),929399,276877-2,"Candollea","43: 426","","1988"
kew-2801652,A,Erythroxylaceae,,Erythroxylum,,"santosii",,"","Plowman",Accepted,,M,WCSP (in review),929401,276878-2,"Fieldiana, Bot.","n.s., 19: 25","","1987"
kew-2801653,A,Erythroxylaceae,,Erythroxylum,,"sarawakanum",,"","R.C.K.Chung",Accepted,,M,WCSP (in review),929402,991543-1,"Sandakania","7: 78","","1996"
kew-2801654,A,Erythroxylaceae,,Erythroxylum,,"schliebenii",,"","O.E.Schulz",Accepted,,M,WCSP (in review),929403,337044-1,"Notizbl. Bot. Gart. Berlin-Dahlem","11: 667","","1932"
kew-2801655,A,Erythroxylaceae,,Erythroxylum,,"schomburgkii",,"","Peyr.",Accepted,,M,WCSP (in review),929404,276879-2,"Fl. Bras.","12(1): 148","","1878"
kew-2801656,A,Erythroxylaceae,,Erythroxylum,,"schunkei",,"","Plowman",Accepted,,M,WCSP (in review),929405,276880-2,"Acta Amazon.","14(1-2 Suppl.): 127","","1984 publ. 1986"
kew-2801657,A,Erythroxylaceae,,Erythroxylum,,"sechellarum",,"","O.E.Schulz",Accepted,,M,WCSP (in review),929406,,"Pflanzenr.","IV, 134: 158","","1907"
kew-2801660,A,Erythroxylaceae,,Erythroxylum,,"seyrigi",,"","H.Perrier",Accepted,,M,WCSP (in review),929409,337048-1,"Mém. Inst. Sci. Madagascar, Sér. B, Biol. Vég.","2: 250","","1950"
kew-2801661,A,Erythroxylaceae,,Erythroxylum,,"shatona",,"","J.F.Macbr.",Accepted,,M,WCSP (in review),929410,97043-2,"Candollea","5: 371","","1934"
kew-2801662,A,Erythroxylaceae,,Erythroxylum,,"sideroxyloides",,"","Lam.",Accepted,,M,WCSP (in review),929411,544148-1,"Encycl.","2: 393","","1786"
kew-2801664,A,Erythroxylaceae,,Erythroxylum,,"simonis",,"","Plowman",Accepted,,M,WCSP (in review),929413,276881-2,"Brittonia","38: 189","","1986"
kew-2801665,A,Erythroxylaceae,,Erythroxylum,,"sinense",,"","Y.C.Wu",Accepted,,M,WCSP (in review),929414,,"Bot. Jahrb. Syst.","71: 189","","1940"
kew-2801666,A,Erythroxylaceae,,Erythroxylum,,"skutchii",,"","Standl.",Accepted,,M,WCSP (in review),929415,97044-2,"Publ. Field Mus. Nat. Hist., Bot. Ser.","22: 344","","1940"
kew-2801667,A,Erythroxylaceae,,Erythroxylum,,"socotranum",,"","Thulin",Accepted,,M,WCSP (in review),929416,993607-1,"Nordic J. Bot.","16: 301","","1996 publ. 1997"
kew-2801668,A,Erythroxylaceae,,Erythroxylum,,"sparsiflorum",,"","Baker",Accepted,,M,WCSP (in review),929417,544149-1,"J. Linn. Soc., Bot.","22: 455","","1887"
kew-2801671,A,Erythroxylaceae,,Erythroxylum,,"sphaeranthum",,"","H.Perrier",Accepted,,M,WCSP (in review),929420,337054-1,"Mém. Inst. Sci. Madagascar, Sér. B, Biol. Vég.","2: 264","","1950"
kew-2801672,A,Erythroxylaceae,,Erythroxylum,,"spinescens",,"","A.Rich.",Accepted,,M,WCSP (in review),929421,97046-2,"Hist. Phys. Cuba, Pl. Vasc.","255","","1841"
kew-2801673,A,Erythroxylaceae,,Erythroxylum,,"splendidum",,"","Plowman",Accepted,,M,WCSP (in review),929422,276882-2,"Fieldiana, Bot.","n.s., 19: 25","","1987"
kew-2801674,A,Erythroxylaceae,,Erythroxylum,,"spruceanum",,"","Peyr.",Accepted,,M,WCSP (in review),929423,276883-2,"Fl. Bras.","12(1): 160","","1878"
kew-2801675,A,Erythroxylaceae,,Erythroxylum,,"squamatum",,"","Sw.",Accepted,,M,WCSP (in review),929424,276884-2,"Prodr. Veg. Ind. Occ.","75","","1788"
kew-2801679,A,Erythroxylaceae,,Erythroxylum,,"steyermarkii",,"","Plowman",Accepted,,M,WCSP (in review),929428,97049-2,"Brittonia","34: 442","","1982"
kew-2801680,A,Erythroxylaceae,,Erythroxylum,,"stipulosum",,"","Plowman",Accepted,,M,WCSP (in review),929429,276886-2,"Fieldiana, Bot.","n.s., 19: 31","","1987"
kew-2801681,A,Erythroxylaceae,,Erythroxylum,,"striiflorum",,"","H.Perrier",Accepted,,M,WCSP (in review),929430,337055-1,"Mém. Inst. Sci. Madagascar, Sér. B, Biol. Vég.","2: 253","","1950"
kew-2801682,A,Erythroxylaceae,,Erythroxylum,,"striolatum",,"","O.E.Schulz",Accepted,,M,WCSP (in review),929431,97050-2,"Pflanzenr.","IV, 134: 44","","1907"
kew-2801683,A,Erythroxylaceae,,Erythroxylum,,"strobilaceum",,"","Peyr.",Accepted,,M,WCSP (in review),929432,544153-1,"Fl. Bras.","12(1): 140","","1878"
kew-2801689,A,Erythroxylaceae,,Erythroxylum,,"suberosum",,"","A.St.-Hil.",Accepted,,M,WCSP (in review),929438,276887-2,"Pl. Usuel. Bras.","t. 69","","1828"
kew-2801693,A,Erythroxylaceae,,Erythroxylum,,"subglaucescens",,"","Mart. ex Peyr.",Accepted,,M,WCSP (in review),929442,544156-1,"Fl. Bras.","12(1): 144","","1878"
tro-12500268,A,Erythroxylaceae,,Erythroxylum,,"subglaucescens",,"","Peyr. ex O.E. Schulz",Unresolved,,L,TRO,12500268,276888-2,"Pflanzenr.","IV. 134(Heft 29): 98","98","1907"
kew-2801694,A,Erythroxylaceae,,Erythroxylum,,"subracemosum",,"","Turcz.",Accepted,,M,WCSP (in review),929443,330193-2,"Bull. Soc. Imp. Naturalistes Moscou","31(1): 390","","1858"
kew-2801695,A,Erythroxylaceae,,Erythroxylum,,"subrotundum",,"","A.St.-Hil.",Accepted,,M,WCSP (in review),929444,544158-1,"Fl. Bras. Merid.","2: 99","","1829"
kew-2801696,A,Erythroxylaceae,,Erythroxylum,,"subsessile",,"","(Mart.) O.E.Schulz",Accepted,,M,WCSP (in review),929445,97057-2,"Pflanzenr.","IV, 134: 82","","1907"
kew-2801697,A,Erythroxylaceae,,Erythroxylum,,"substriatum",,"","O.E.Schulz",Accepted,,M,WCSP (in review),929446,97058-2,"Pflanzenr.","IV, 134: 62","","1907"
kew-2801698,A,Erythroxylaceae,,Erythroxylum,,"subumbellatum",,"","O.E.Schulz",Accepted,,M,WCSP (in review),929447,,"Pflanzenr.","IV, 134: 138","","1907"
kew-2801700,A,Erythroxylaceae,,Erythroxylum,,"surinamense",,"","Miq.",Unresolved,,L,WCSP (in review),929449,330196-2,"Tijdschr. Natuurl. Gesch. Physiol.","10: 86","","1843"
kew-2801702,A,Erythroxylaceae,,Erythroxylum,,"tenue",,"","Plowman",Accepted,,M,WCSP (in review),929451,276889-2,"Fieldiana, Bot.","n.s., 19: 35","","1987"
kew-2801705,A,Erythroxylaceae,,Erythroxylum,,"tianguanum",,"","Plowman",Accepted,,M,WCSP (in review),929454,276891-2,"Brittonia","38: 198","","1986"
kew-2896146,A,Erythroxylaceae,,Erythroxylum,,"timothei",,"","Loiola & M.F.Sales",Accepted,,M,WCSP (in review),1019001,,"Kew Bull.","63: 657","","2008 publ. 2009"
kew-2801707,A,Erythroxylaceae,,Erythroxylum,,"tortuosum",,"","Mart.",Accepted,,M,WCSP (in review),929456,323904-2,"Abh. Math.-Phys. Cl. Königl. Bayer. Akad. Wiss.","3(2): 399","","1843"
kew-2801712,A,Erythroxylaceae,,Erythroxylum,,"tucuruiense",,"","Plowman",Accepted,,M,WCSP (in review),929461,276892-2,"Acta Amazon.","14(1-2 Suppl.): 131","","1984 publ. 1986"
kew-2801713,A,Erythroxylaceae,,Erythroxylum,,"ulei",,"","O.E.Schulz",Accepted,,M,WCSP (in review),929462,276893-2,"Pflanzenr.","IV, 134: 62","","1907"
kew-2801714,A,Erythroxylaceae,,Erythroxylum,,"undulatum",,"","Plowman",Accepted,,M,WCSP (in review),929463,97065-2,"Brittonia","34: 446","","1982"
kew-2801716,A,Erythroxylaceae,,Erythroxylum,,"urbanii",,"","O.E.Schulz",Accepted,,M,WCSP (in review),929465,97067-2,"Symb. Antill.","4: 314","","1905"
kew-2801719,A,Erythroxylaceae,,Erythroxylum,,"vaccinifolium",,"","Mart.",Accepted,,M,WCSP (in review),929468,323905-2,"Abh. Math.-Phys. Cl. Königl. Bayer. Akad. Wiss.","3(2): 387","","1843"
kew-2801720,A,Erythroxylaceae,,Erythroxylum,,"vaginatum",,"","O.E.Schulz",Accepted,,M,WCSP (in review),929469,97069-2,"Pflanzenr.","IV, 134: 82","","1907"
kew-2801721,A,Erythroxylaceae,,Erythroxylum,,"vasquezii",,"","Plowman",Accepted,,M,WCSP (in review),929470,276894-2,"Candollea","43: 424","","1988"
kew-2801724,A,Erythroxylaceae,,Erythroxylum,,"vernicosum",,"","O.E.Schulz",Accepted,,M,WCSP (in review),929473,276895-2,"Pflanzenr.","IV, 134: 106","","1907"
kew-2801727,A,Erythroxylaceae,,Erythroxylum,,"virgultosum",,"","Mart.",Accepted,,M,WCSP (in review),929476,544166-1,"Abh. Math.-Phys. Cl. Königl. Bayer. Akad. Wiss.","3(2): 389","","1843"
kew-2801728,A,Erythroxylaceae,,Erythroxylum,,"wallichii",,"","O.E.Schulz",Unresolved,,L,WCSP (in review),929477,,"Pflanzenr.","IV, 134: 144","","1907"
kew-2801731,A,Erythroxylaceae,,Erythroxylum,,"williamsii",,"","Standl. ex Plowman",Accepted,,M,WCSP (in review),929480,97075-2,"Brittonia","34: 453","","1982"
kew-2801732,A,Erythroxylaceae,,Erythroxylum,,"xerophilum",,"","H.Perrier",Accepted,,M,WCSP (in review),929481,337075-1,"Mém. Inst. Sci. Madagascar, Sér. B, Biol. Vég.","2: 246","","1950"
kew-2801733,A,Erythroxylaceae,,Erythroxylum,,"zambesiacum",,"","N.Robson",Accepted,,M,WCSP (in review),929482,337076-1,"Bol. Soc. Brot.","II, 36: 7","","1962"
kew-2801735,A,Erythroxylaceae,,Erythroxylum,,"zeylanicum",,"","O.E.Schulz",Accepted,,M,WCSP (in review),929484,,"Pflanzenr.","IV, 134: 145","","1907"
tro-18700315,A,Erythroxylaceae,,Nectaropetalum,,"acuminatum",,"","Verdc.",Accepted,,M,TRO,18700315,898286-1,"Kew Bull.","36: 43, f. 1","43","1981"
tro-18700050,A,Erythroxylaceae,,Nectaropetalum,,"capense",,"","Stapf",Accepted,,M,TRO,18700050,544803-1,"Kew Bull.","1909, 189","1909","1909"
kew-2379319,A,Erythroxylaceae,,Nectaropetalum,,"carvalhoi",,"","Engl.",Unresolved,,L,WCSP (in review),518165,544804-1,"Bot. Jahrb. Syst.","32: 109","","1902"
kew-2379316,A,Erythroxylaceae,,Nectaropetalum,,"evrardii",,"","Bamps",Unresolved,,L,WCSP (in review),518162,337080-1,"Bull. Jard. Bot. Natl. Belg.","47: 261","","1977"
tro-18700052,A,Erythroxylaceae,,Nectaropetalum,,"kaessneri",,"","Engl.",Accepted,,M,TRO,18700052,544806-1,"Bot. Jahrb. Syst.","34: 151","151","1904"
tro-50044247,A,Erythroxylaceae,,Nectaropetalum,,"lebrunii",,"","G.C.C. Gilbert",Accepted,,M,TRO,50044247,544807-1,"Bull. Jard. Bot. État Brux.","28: 375","375","1958"
tro-18700054,A,Erythroxylaceae,,Nectaropetalum,,"zuluense",,"","(Schönland) Corbishley",Accepted,,L,TRO,18700054,337081-1,"Bull. Misc. Inform. Kew","1919: 449, f.","449","1919"
kew-2410518,A,Erythroxylaceae,,Peglera,,"capensis",,"","Bolus",Unresolved,,L,WCSP (in review),548907,719785-1,"Bull. Misc. Inform. Kew","1907: 362","","1907"
kew-2410527,A,Erythroxylaceae,,Pinacopodium,,"congolense",,"","(S.Moore) Exell & Mendonça",Accepted,,M,WCSP (in review),548915,603641-1,"Bol. Soc. Brot.","II, 25: 105","","1951"
tro-12500382,A,Erythroxylaceae,,Pinacopodium,,"gabonense",,"","Normand & Cavaco",Accepted,,L,TRO,12500382,,"","","",""
kew-2590024,A,Erythroxylaceae,,Sethia,,"kunthiana",,"","Wall.",Unresolved,,L,WCSP (in review),723405,544911-1,"Numer. List","6849","","1832"
kew-2590026,A,Erythroxylaceae,,Sethia,,"magnoliifolia",,"","G.Don",Unresolved,,L,WCSP (in review),723407,544913-1,"Gen. Hist.","1: 633","","1831"
