﻿ID,Major group,Family,Genus hybrid marker,Genus,Species hybrid marker,Species,Infraspecific rank,Infraspecific epithet,Authorship,Taxonomic status in TPL,Nomenclatural status from original data source,Confidence level,Source,Source id,IPNI id,Publication,Collation,Page,Date
kew-2641395,A,Escalloniaceae,,Anopterus,,"glandulosus",,"","Labill.",Accepted,,M,WCSP (in review),773499,,"Nov. Holl. Pl.","1: 86","","1805"
kew-2641396,A,Escalloniaceae,,Anopterus,,"macleayanus",,"","F.Muell.",Accepted,,M,WCSP (in review),773500,,"Quart. J. Trans. Pharm. Soc. Victoria","2(5): 43","","1859"
kew-2714560,A,Escalloniaceae,,Chalepoa,,"magellanica",,"","Hook.f.",Unresolved,,L,WCSP (in review),845097,684300-1,"Hooker's Icon. Pl.","11: t. 1082","","1871"
kew-2792394,A,Escalloniaceae,,Eremosyne,,"pectinata",,"","Endl.",Accepted,,M,WCSP (in review),920211,790973-1,"Enum. Pl. Hügel","53","","1837"
kew-2801745,A,Escalloniaceae,,Escallonia,,"alpina",,"","Poepp. ex DC.",Accepted,,M,WCSP (in review),929494,,"Prodr.","4: 665","","1830"
kew-2801746,A,Escalloniaceae,,Escallonia,,"alpina",var.,"carmelitana","(Meyen) Acevedo & Kausel",Accepted,,L,WCSP (in review),929495,97079-2,"Darwiniana","10: 247","","1953"
kew-2801748,A,Escalloniaceae,,Escallonia,,"alpina",var.,"glabrata","(Phil.) Sleumer",Accepted,,L,WCSP (in review),929497,97081-2,"Verh. Kon. Ned. Akad. Wetensch., Afd. Natuurk., Sect. 2","58(2): 50","","1968"
kew-2801750,A,Escalloniaceae,,Escallonia,,"angustifolia",,"","C.Presl",Accepted,,M,WCSP (in review),929499,790980-1,"Reliq. Haenk.","2: 47","","1832"
kew-2801754,A,Escalloniaceae,,Escallonia,,"arguta",,"","C.Presl",Unresolved,,L,WCSP (in review),929503,790982-1,"Reliq. Haenk.","2: 48","","1832"
kew-2801760,A,Escalloniaceae,,Escallonia,,"bifida",,"","Link & Otto",Accepted,,M,WCSP (in review),929509,,"Icon. Pl. Rar.","4: 45","","1828"
kew-2801761,A,Escalloniaceae,,Escallonia,×,"bracteata",,"","Phil.",Accepted,,M,WCSP (in review),929510,97086-2,"Anales Univ. Chile","85: 500","","1894"
kew-2801764,A,Escalloniaceae,,Escallonia,,"callcottiae",,"","Hook. & Arn.",Accepted,,M,WCSP (in review),929513,790993-1,"Bot. Misc.","3: 342","","1833"
kew-2801772,A,Escalloniaceae,,Escallonia,,"chlorophylla",,"","Cham. & Schltdl.",Accepted,,M,WCSP (in review),929521,791000-1,"Linnaea","1: 542","","1826"
kew-2801774,A,Escalloniaceae,,Escallonia,,"ciliata",,"","(Poir.) Schult.",Unresolved,,L,WCSP (in review),929523,791002-1,"Syst. Veg.","5: 329","","1819"
kew-2801775,A,Escalloniaceae,,Escallonia,,"claudii",,"","Killip",Unresolved,,L,WCSP (in review),929524,97094-2,"J. Wash. Acad. Sci.","16: 567","","1926"
kew-2801781,A,Escalloniaceae,,Escallonia,,"cordobensis",,"","(Kuntze) Hosseus",Accepted,,M,WCSP (in review),929530,97098-2,"Bol. Acad. Ci. (Córdoba)","26: 120","","1921"
kew-2801786,A,Escalloniaceae,,Escallonia,×,"demissa",,"","Eastw.",Accepted,,M,WCSP (in review),929535,791013-1,"Leafl. W. Bot.","1: 68","","1933"
kew-2801788,A,Escalloniaceae,,Escallonia,,"discolor",,"","Vent.",Accepted,,M,WCSP (in review),929537,791015-1,"Choix Pl.","t. 54","","1808"
kew-2801792,A,Escalloniaceae,,Escallonia,×,"exoniensis",,"","H.J.Veitch",Unresolved,,L,WCSP (in review),929541,,"J. Hort. Cottage Gard.","III, 23: 18","","1891"
kew-2801794,A,Escalloniaceae,,Escallonia,,"farinacea",,"","A.St.-Hil.",Accepted,,M,WCSP (in review),929543,791021-1,"Arch. Bot. (Paris)","2: 225","","1833"
kew-2801801,A,Escalloniaceae,,Escallonia,,"florida",,"","Poepp. ex DC.",Accepted,,M,WCSP (in review),929550,,"Prodr.","4: 665","","1830"
kew-2801804,A,Escalloniaceae,,Escallonia,×,"franciscana",,"","Eastw.",Unresolved,,L,WCSP (in review),929553,288198-2,"Proc. Calif. Acad. Sci.","IV, 18: 386","","1929"
kew-2801805,A,Escalloniaceae,,Escallonia,,"gayana",,"","Acevedo & Kausel",Accepted,,M,WCSP (in review),929554,97108-2,"Darwiniana","10: 185","","1953"
kew-2801813,A,Escalloniaceae,,Escallonia,,"herrerae",,"","Mattf.",Accepted,,M,WCSP (in review),929562,97111-2,"Notizbl. Bot. Gart. Berlin-Dahlem","10: 748","","1929"
kew-2801816,A,Escalloniaceae,,Escallonia,,"hispida",,"","(Vell.) Sleumer",Accepted,,M,WCSP (in review),929565,337085-1,"Verh. Kon. Ned. Akad. Wetensch., Afd. Natuurk., Sect. 2","58(2): 85","","1968"
kew-2801818,A,Escalloniaceae,,Escallonia,,"hypoglauca",,"","Herzog",Accepted,,M,WCSP (in review),929567,97113-2,"Meded. Rijks-Herb.","27: 88","","1915"
kew-2801820,A,Escalloniaceae,,Escallonia,,"illinita",,"","C.Presl",Accepted,,M,WCSP (in review),929569,791044-1,"Reliq. Haenk.","2: 49","","1832"
kew-2801821,A,Escalloniaceae,,Escallonia,,"illinita",var.,"andina","(Phil.) Reiche",Unresolved,,L,WCSP (in review),929570,97116-2,"Anales Univ. Chile","103: 806","","1899"
kew-2801826,A,Escalloniaceae,,Escallonia,,"illinita",var.,"pubicalyx","Briq.",Accepted,,L,WCSP (in review),929575,,"Annuaire Conserv. Jard. Bot. Genève","20: 417","","1919"
kew-2801828,A,Escalloniaceae,,Escallonia,×,"iveyi",,"","E.Thurst.",Unresolved,,L,WCSP (in review),929577,,"Brit. For. Trees Cornwall","115","","1930"
kew-2801830,A,Escalloniaceae,,Escallonia,,"laevis",,"","(Vell.) Sleumer",Accepted,,M,WCSP (in review),929579,337086-1,"Verh. Kon. Ned. Akad. Wetensch., Afd. Natuurk., Sect. 2","58(2): 82","","1968"
kew-2801832,A,Escalloniaceae,,Escallonia,,"ledifolia",,"","Sleumer",Accepted,,M,WCSP (in review),929581,337087-1,"Verh. Kon. Ned. Akad. Wetensch., Afd. Natuurk., Sect. 2","58(2): 88","","1968"
kew-2801833,A,Escalloniaceae,,Escallonia,×,"lepidota",,"","Killip",Accepted,,M,WCSP (in review),929582,97123-2,"J. Wash. Acad. Sci.","19: 191","","1929"
kew-2801834,A,Escalloniaceae,,Escallonia,,"leucantha",,"","Remy",Accepted,,M,WCSP (in review),929583,,"Fl. Chil.","3: 53","","1848"
kew-2801839,A,Escalloniaceae,,Escallonia,,"macrantha",,"","Wedd.",Unresolved,Illegitimate,L,WCSP (in review),929588,791054-1,"Chlor. Andina","2: 312","","1861"
kew-2801843,A,Escalloniaceae,,Escallonia,,"megapotamica",,"","Spreng.",Accepted,,M,WCSP (in review),929592,791056-1,"Syst. Veg.","4(2): 94","","1827"
kew-2801846,A,Escalloniaceae,,Escallonia,,"micrantha",,"","Mattf.",Accepted,,M,WCSP (in review),929595,97132-2,"Notizbl. Bot. Gart. Berlin-Dahlem","10: 747","","1929"
kew-2801847,A,Escalloniaceae,,Escallonia,,"microcarpa",,"","Gillies ex Hook. & Arn.",Unresolved,Invalid,L,WCSP (in review),929596,791059-1,"Bot. Misc.","3: 342","","1833"
kew-2801848,A,Escalloniaceae,,Escallonia,,"millegrana",,"","Griseb.",Accepted,,M,WCSP (in review),929597,791060-1,"Abh. Königl. Ges. Wiss. Göttingen","24: 141","","1879"
kew-2801851,A,Escalloniaceae,,Escallonia,×,"mollis",,"","Phil.",Accepted,,M,WCSP (in review),929600,791063-1,"Linnaea","28: 692","","1856"
kew-2801855,A,Escalloniaceae,,Escallonia,,"myrtilloides",,"","L.f.",Accepted,,M,WCSP (in review),929604,791067-1,"Suppl. Pl.","156","","1782"
kew-2801856,A,Escalloniaceae,,Escallonia,,"myrtilloides",var.,"patens","(Ruiz & Pav.) Sleumer",Accepted,,L,WCSP (in review),929605,97135-2,"Verh. Kon. Ned. Akad. Wetensch., Afd. Natuurk., Sect. 2","58(2): 39","","1968"
kew-2801857,A,Escalloniaceae,,Escallonia,,"myrtoidea",,"","Bertero ex DC.",Accepted,,M,WCSP (in review),929606,,"Prodr.","4: 665","","1830"
kew-2801858,A,Escalloniaceae,,Escallonia,,"obtusissima",,"","A.St.-Hil.",Accepted,,M,WCSP (in review),929607,791069-1,"Fl. Bras. Merid.","3: 91","","1833"
kew-2801860,A,Escalloniaceae,,Escallonia,,"paniculata",,"","(Ruiz & Pav.) Schult.",Accepted,,M,WCSP (in review),929609,791071-1,"Syst. Veg.","5: 328","","1819"
kew-2801863,A,Escalloniaceae,,Escallonia,,"paniculata",var.,"floribunda","(Kunth) J.F.Macbr.",Accepted,,L,WCSP (in review),929612,97138-2,"Publ. Field Mus. Nat. Hist., Bot. Ser.","13: 1029","","1938"
kew-2801866,A,Escalloniaceae,,Escallonia,,"pendula",,"","(Ruiz & Pav.) Pers.",Accepted,,M,WCSP (in review),929615,791075-1,"Syn. Pl.","1: 235","","1805"
kew-2801869,A,Escalloniaceae,,Escallonia,,"petrophila",,"","Rambo & Sleumer",Accepted,,M,WCSP (in review),929618,97143-2,"Willdenowia","1: 342","","1956"
kew-2801872,A,Escalloniaceae,,Escallonia,,"piurensis",,"","Mattf.",Accepted,,M,WCSP (in review),929621,97146-2,"Notizbl. Bot. Gart. Berlin-Dahlem","10: 749","","1929"
kew-2801875,A,Escalloniaceae,,Escallonia,,"polifolia",,"","Hook.",Accepted,,M,WCSP (in review),929624,791082-1,"Hooker's Icon. Pl.","2: t. 114","","1837"
kew-2801876,A,Escalloniaceae,,Escallonia,×,"promaucana",,"","Phil.",Accepted,,M,WCSP (in review),929625,97149-2,"Anales Univ. Chile","85: 500","","1894"
kew-2801879,A,Escalloniaceae,,Escallonia,,"pulverulenta",,"","(Ruiz & Pav.) Pers.",Accepted,,M,WCSP (in review),929628,791086-1,"Syn. Pl.","1: 235","","1805"
kew-2801885,A,Escalloniaceae,,Escallonia,×,"rebecae",,"","Kausel",Accepted,,M,WCSP (in review),929634,97155-2,"Darwiniana","10: 196","","1953"
kew-2801886,A,Escalloniaceae,,Escallonia,,"reflexa",,"","Gillies ex Hook. & Arn.",Unresolved,Invalid,L,WCSP (in review),929635,791091-1,"Bot. Misc.","3: 342","","1833"
kew-2801888,A,Escalloniaceae,,Escallonia,,"resinosa",,"","(Ruiz & Pav.) Pers.",Accepted,,M,WCSP (in review),929637,791093-1,"Syn. Pl.","1: 235","","1805"
kew-2801891,A,Escalloniaceae,,Escallonia,,"reticulata",,"","Sleumer",Accepted,,M,WCSP (in review),929640,97158-2,"Willdenowia","1: 343","","1956"
kew-2801892,A,Escalloniaceae,,Escallonia,,"revoluta",,"","(Ruiz & Pav.) Pers.",Accepted,,M,WCSP (in review),929641,791095-1,"Syn. Pl.","1: 235","","1805"
kew-2801895,A,Escalloniaceae,,Escallonia,×,"rigida",,"","Phil.",Accepted,,M,WCSP (in review),929644,97161-2,"Anales Univ. Chile","85: 503","","1894"
kew-2801896,A,Escalloniaceae,,Escallonia,×,"rockii",,"","Eastw.",Unresolved,,L,WCSP (in review),929645,288197-2,"Proc. Calif. Acad. Sci.","IV, 18: 386","","1929"
kew-2801897,A,Escalloniaceae,,Escallonia,,"rosea",,"","Griseb.",Accepted,,M,WCSP (in review),929646,791100-1,"Abh. Königl. Ges. Wiss. Göttingen","6: 121","","1854"
kew-2801900,A,Escalloniaceae,,Escallonia,,"rubra",,"","(Ruiz & Pav.) Pers.",Accepted,,M,WCSP (in review),929649,,"Syn. Pl.","2: 235","","1806"
kew-2801904,A,Escalloniaceae,,Escallonia,,"rubra",var.,"dumetorum","(Phil.) Acevedo & Kausel",Accepted,,L,WCSP (in review),929653,97167-2,"Darwiniana","10: 232","","1953"
kew-2801906,A,Escalloniaceae,,Escallonia,,"rubra",var.,"glutinosa","(Phil.) Reiche",Accepted,,L,WCSP (in review),929655,,"Fl. Chile","3: 22","","1899"
kew-2801907,A,Escalloniaceae,,Escallonia,,"rubra",var.,"macrantha","(Hook. & Arn.) Reiche",Accepted,,L,WCSP (in review),929656,,"Fl. Chile","3: 22","","1899"
kew-2801917,A,Escalloniaceae,,Escallonia,,"salicifolia",,"","Mattf.",Accepted,,M,WCSP (in review),929666,97178-2,"Notizbl. Bot. Gart. Berlin-Dahlem","10: 750","","1929"
kew-2801919,A,Escalloniaceae,,Escallonia,,"schreiteri",,"","Sleumer",Accepted,,M,WCSP (in review),929668,97179-2,"Willdenowia","1: 343","","1956"
kew-2801924,A,Escalloniaceae,,Escallonia,,"serrata",,"","Sm.",Accepted,,M,WCSP (in review),929673,791110-1,"Pl. Icon. Ined.","2: t. 31","","1790"
kew-2801933,A,Escalloniaceae,,Escallonia,×,"stricta",,"","Remy",Accepted,,M,WCSP (in review),929682,,"Fl. Chil.","3: 53","","1848"
kew-2801937,A,Escalloniaceae,,Escallonia,,"tucumanensis",,"","Hosseus",Accepted,,M,WCSP (in review),929686,791121-1,"Bol. Acad. Ci. (Córdoba)","26: 120","","1921"
kew-2801940,A,Escalloniaceae,,Escallonia,,"virgata",,"","(Ruiz & Pav.) Pers.",Accepted,,M,WCSP (in review),929689,791123-1,"Syn. Pl.","1: 234","","1805"
kew-2813714,A,Escalloniaceae,,Forgesia,,"racemosa",,"","J.F.Gmel.",Accepted,,M,WCSP (in review),941221,791174-1,"Syst. Nat.","353","","1791"
tro-22103212,A,Escalloniaceae,,Platyspermation,,"crassifolium",,"","Guillaumin",Unresolved,,L,TRO,22103212,,"","","",""
kew-2410513,A,Escalloniaceae,,Polyosma,,"adangensis",,"","Craib",Unresolved,,L,WCSP (in review),548902,792377-1,"Bull. Misc. Inform. Kew","1929: 110","","1929"
kew-2410512,A,Escalloniaceae,,Polyosma,,"alangiacea",,"","F.Muell.",Unresolved,,L,WCSP (in review),548901,792378-1,"Fragm.","8: 8","","1872"
kew-2410511,A,Escalloniaceae,,Polyosma,,"amygdaloides",,"","Reeder",Unresolved,,L,WCSP (in review),548900,792379-1,"J. Arnold Arbor.","27: 283","","1946"
kew-2410510,A,Escalloniaceae,,Polyosma,,"annamensis",,"","Gagnep.",Unresolved,,L,WCSP (in review),548899,792380-1,"Bull. Soc. Bot. France","98: 121","","1951"
kew-2410509,A,Escalloniaceae,,Polyosma,,"apoensis",,"","Elmer",Unresolved,,L,WCSP (in review),548898,792381-1,"Leafl. Philipp. Bot.","5: 1633","","1913"
kew-2410508,A,Escalloniaceae,,Polyosma,,"arguta",,"","Craib",Unresolved,,L,WCSP (in review),548897,792382-1,"Bull. Misc. Inform. Kew","1929: 110","","1929"
kew-2410507,A,Escalloniaceae,,Polyosma,,"aulacocarpa",,"","Gagnep.",Unresolved,,L,WCSP (in review),548896,792383-1,"Bull. Soc. Bot. France","98: 121","","1951"
kew-2410506,A,Escalloniaceae,,Polyosma,,"blaoensis",,"","O.Lecompte",Unresolved,,L,WCSP (in review),548895,792384-1,"in Fl. Camb., Laos & Vietn.","4: 47","","1965"
kew-2410607,A,Escalloniaceae,,Polyosma,,"borneensis",,"","Schltr.",Unresolved,,L,WCSP (in review),548995,792385-1,"Bot. Jahrb. Syst.","52: 134","","1914"
kew-2410664,A,Escalloniaceae,,Polyosma,,"brachyandra",,"","Domin",Unresolved,,L,WCSP (in review),549052,792386-1,"Biblioth. Bot.","89: 152","","1925"
kew-2536318,A,Escalloniaceae,,Polyosma,,"brachyandrum",,"","Domin",Unresolved,,L,WCSP (in review),672228,,"Biblioth. Bot.","89: 706","","1926"
kew-2410558,A,Escalloniaceae,,Polyosma,,"brachyantha",,"","Merr.",Unresolved,,L,WCSP (in review),548946,792387-1,"Philipp. J. Sci., C","11: 273","","1916"
kew-2410648,A,Escalloniaceae,,Polyosma,,"brachystachys",,"","Schltr.",Unresolved,,L,WCSP (in review),549036,792388-1,"Bot. Jahrb. Syst.","39: 117","","1906"
kew-2410647,A,Escalloniaceae,,Polyosma,,"bracteolata",,"","Craib",Unresolved,,L,WCSP (in review),549035,792389-1,"Bull. Misc. Inform. Kew","1929: 111","","1929"
kew-2410646,A,Escalloniaceae,,Polyosma,,"bracteosum",,"","Stapf",Unresolved,,L,WCSP (in review),549034,792390-1,"Trans. Linn. Soc. London, Bot.","4: 148","","1894"
kew-2410645,A,Escalloniaceae,,Polyosma,,"buxea",,"","Mattf.",Unresolved,,L,WCSP (in review),549033,792391-1,"Bot. Jahrb. Syst.","69: 274","","1938"
tro-50077906,A,Escalloniaceae,,Polyosma,,"cambodiana",,"","Gagnep.",Accepted,,M,TRO,50077906,,"Notul. Syst. (Paris)","3: 223","223","1914"
kew-2410643,A,Escalloniaceae,,Polyosma,,"cestroides",,"","Schltr.",Unresolved,,L,WCSP (in review),549031,792393-1,"Bot. Jahrb. Syst.","52: 129","","1914"
kew-2410642,A,Escalloniaceae,,Polyosma,,"chinensis",,"","Walp.",Unresolved,,L,WCSP (in review),549030,792394-1,"Repert. Bot. Syst.","2: 937","","1843"
kew-2410641,A,Escalloniaceae,,Polyosma,,"comptonii",,"","Baker f.",Unresolved,,L,WCSP (in review),549029,792395-1,"J. Linn. Soc., Bot.","45: 305","","1921"
kew-2410640,A,Escalloniaceae,,Polyosma,,"conocarpa",,"","Ridl.",Unresolved,,L,WCSP (in review),549028,792396-1,"J. Straits Branch Roy. Asiat. Soc.","75: 31","","1917"
kew-2410639,A,Escalloniaceae,,Polyosma,,"coriacea",,"","King",Unresolved,,L,WCSP (in review),549027,792397-1,"J. Asiat. Soc. Bengal, Pt. 2, Nat. Hist.","66: 300","","1897"
kew-2410626,A,Escalloniaceae,,Polyosma,,"crassifolia",,"","Kaneh. & Hatus.",Unresolved,,L,WCSP (in review),549014,792398-1,"Bot. Mag. (Tokyo)","56: 304","","1942"
kew-2410637,A,Escalloniaceae,,Polyosma,,"cunninghamii",,"","Benn.",Unresolved,,L,WCSP (in review),549025,792399-1,"Pl. Jav. Rar.","196","","1840"
kew-2410650,A,Escalloniaceae,,Polyosma,,"cyanea",,"","Elmer",Unresolved,,L,WCSP (in review),549038,792400-1,"Leafl. Philipp. Bot.","5: 1637","","1913"
kew-2410635,A,Escalloniaceae,,Polyosma,,"dentata",,"","Schltr.",Unresolved,,L,WCSP (in review),549023,792401-1,"Bot. Jahrb. Syst.","52: 132","","1914"
kew-2410634,A,Escalloniaceae,,Polyosma,,"discolor",,"","Baill.",Unresolved,,L,WCSP (in review),549022,792402-1,"Adansonia","10: 343","","1872"
kew-2410633,A,Escalloniaceae,,Polyosma,,"dolichocarpa",,"","Merr.",Unresolved,,L,WCSP (in review),549021,792403-1,"J. Arnold Arbor.","19: 32","","1938"
kew-2410632,A,Escalloniaceae,,Polyosma,,"elongata",,"","Geddes",Unresolved,,L,WCSP (in review),549020,792404-1,"Bull. Misc. Inform. Kew","1928: 66","","1928"
kew-2410631,A,Escalloniaceae,,Polyosma,,"fasciculata",,"","Ridl.",Unresolved,,L,WCSP (in review),549019,792406-1,"J. Straits Branch Roy. Asiat. Soc.","75: 31","","1917"
kew-2410630,A,Escalloniaceae,,Polyosma,,"finisterrae",,"","Schltr.",Unresolved,,L,WCSP (in review),549018,792407-1,"Bot. Jahrb. Syst.","52: 131","","1914"
kew-2410629,A,Escalloniaceae,,Polyosma,,"flavovirens",,"","Ridl.",Unresolved,,L,WCSP (in review),549017,792408-1,"J. Straits Branch Roy. Asiat. Soc.","75: 32","","1917"
kew-2410628,A,Escalloniaceae,,Polyosma,,"forbesii",,"","Valeton ex Lauterb.",Unresolved,,L,WCSP (in review),549016,792409-1,"Nova Guinea","8: 821","","1912"
kew-2410636,A,Escalloniaceae,,Polyosma,,"fragrans",,"","Benn.",Unresolved,,L,WCSP (in review),549024,792411-1,"Pl. Jav. Rar.","196","","1840"
kew-2410662,A,Escalloniaceae,,Polyosma,,"fragrans",,"","Wall.",Unresolved,,L,WCSP (in review),549050,792410-1,"Numer. List","8472","","1847"
kew-2410638,A,Escalloniaceae,,Polyosma,,"gigantea",,"","Baker f.",Unresolved,,L,WCSP (in review),549026,792412-1,"J. Bot.","61(Suppl.): 13","","1923"
kew-2410675,A,Escalloniaceae,,Polyosma,,"gitingensis",,"","Elmer",Unresolved,,L,WCSP (in review),549063,792413-1,"Leafl. Philipp. Bot.","5: 1634","","1913"
kew-2410674,A,Escalloniaceae,,Polyosma,,"glaucescens",,"","Ridl.",Unresolved,,L,WCSP (in review),549062,792414-1,"J. Straits Branch Roy. Asiat. Soc.","75: 31","","1917"
kew-2410673,A,Escalloniaceae,,Polyosma,,"grandis",,"","Ridl.",Unresolved,,L,WCSP (in review),549061,792415-1,"J. Straits Branch Roy. Asiat. Soc.","75: 30","","1917"
kew-2410672,A,Escalloniaceae,,Polyosma,,"havilandii",,"","Schltr.",Unresolved,,L,WCSP (in review),549060,792416-1,"Bot. Jahrb. Syst.","52: 134","","1914"
kew-2410671,A,Escalloniaceae,,Polyosma,,"heliciiformis",,"","Kaneh. & Hatus.",Unresolved,,L,WCSP (in review),549059,792417-1,"Bot. Mag. (Tokyo)","56: 305","","1942"
kew-2410670,A,Escalloniaceae,,Polyosma,,"helicioides",,"","F.Muell.",Unresolved,,L,WCSP (in review),549058,792418-1,"Descr. Notes Papuan Pl.","2: 8","","1885"
kew-2536301,A,Escalloniaceae,,Polyosma,,"hirsuta",,"","C.T.White",Unresolved,,L,WCSP (in review),672211,792419-1,"Bot. Bull. Dept. Agric., Queensland","20: 14","","1918"
kew-2410668,A,Escalloniaceae,,Polyosma,,"hookeri",,"","Stapf",Unresolved,,L,WCSP (in review),549056,792420-1,"Hooker's Icon. Pl.","23: t. 2296","","1894"
tro-100355002,A,Escalloniaceae,,Polyosma,,"illicifolia",,"","Blume",Unresolved,,L,TRO,100355002,792421-1,"Bijdr. Fl. Ned. Ind.","13: 658","658","1826"
kew-2410666,A,Escalloniaceae,,Polyosma,,"induta",,"","Reeder",Unresolved,,L,WCSP (in review),549054,792422-1,"J. Arnold Arbor.","27: 284","","1946"
tro-50103178,A,Escalloniaceae,,Polyosma,,"integrifolia",,"","Blume",Accepted,,M,TRO,50103178,,"Bijdr. Fl. Ned. Ind.","658","658","1825"
kew-2410651,A,Escalloniaceae,,Polyosma,,"kingiana",,"","Schltr.",Unresolved,,L,WCSP (in review),549039,792424-1,"Bot. Jahrb. Syst.","52: 135","","1914"
kew-2410676,A,Escalloniaceae,,Polyosma,,"laetevirens",,"","Griff. ex C.B.Clarke",Unresolved,,L,WCSP (in review),549064,792426-1,"Fl. Brit. India","2: 409","","1878"
kew-2410661,A,Escalloniaceae,,Polyosma,,"lagunensis",,"","Merr.",Unresolved,,L,WCSP (in review),549049,792427-1,"Philipp. J. Sci., C","10: 5","","1915"
kew-2410660,A,Escalloniaceae,,Polyosma,,"latifolia",,"","Schltr.",Unresolved,,L,WCSP (in review),549048,792428-1,"Bot. Jahrb. Syst.","52: 135","","1914"
kew-2410659,A,Escalloniaceae,,Polyosma,,"le-ratii",,"","Guillaumin",Unresolved,,L,WCSP (in review),549047,792429-1,"Bull. Mus. Natl. Hist. Nat.","26: 176","","1920"
kew-2410658,A,Escalloniaceae,,Polyosma,,"linearibractea",,"","Merr.",Unresolved,,L,WCSP (in review),549046,792430-1,"Philipp. J. Sci., C","10: 6","","1915"
kew-2410657,A,Escalloniaceae,,Polyosma,,"longibracteolata",,"","O.C.Schmidt",Unresolved,,L,WCSP (in review),549045,792431-1,"Nova Guinea","14: 149","","1924"
kew-2410656,A,Escalloniaceae,,Polyosma,,"longipedicellata",,"","King",Unresolved,,L,WCSP (in review),549044,792432-1,"J. Asiat. Soc. Bengal, Pt. 2, Nat. Hist.","66: 305","","1897"
kew-2410655,A,Escalloniaceae,,Polyosma,,"longipes",,"","Koord. & Valeton",Unresolved,,L,WCSP (in review),549043,792433-1,"Meded. Lands Plantentuin","33: 891","","1900"
kew-2410653,A,Escalloniaceae,,Polyosma,,"longipetiolata",,"","Merr.",Unresolved,,L,WCSP (in review),549041,792435-1,"Philipp. J. Sci.","14: 400","","1919"
kew-2410652,A,Escalloniaceae,,Polyosma,,"macrobotrys",,"","Mattf.",Unresolved,,L,WCSP (in review),549040,792436-1,"Bot. Jahrb. Syst.","69: 273","","1938"
kew-2415346,A,Escalloniaceae,,Polyosma,,"maliauensis",,"","Saw",Unresolved,,L,WCSP (in review),553642,60434414-2,"Sandakania","14: 57","","2004"
kew-2410613,A,Escalloniaceae,,Polyosma,,"mjoebergii",,"","Merr.",Unresolved,,L,WCSP (in review),549001,792437-1,"Sarawak Mus. J.","3: 523","","1928"
kew-2410584,A,Escalloniaceae,,Polyosma,,"mucronata",,"","Reeder",Unresolved,,L,WCSP (in review),548972,792438-1,"J. Arnold Arbor.","27: 282","","1946"
kew-2410606,A,Escalloniaceae,,Polyosma,,"mutabilis",,"","C.B.Clarke",Unresolved,,L,WCSP (in review),548994,792440-1,"Fl. Brit. India","2: 409","","1878"
kew-2410627,A,Escalloniaceae,,Polyosma,,"mutabilis",,"","Blume",Unresolved,,L,WCSP (in review),549015,792439-1,"Mus. Bot.","1: 261","","1851"
kew-2410605,A,Escalloniaceae,,Polyosma,,"nhatrangensis",,"","Gagnep.",Unresolved,,L,WCSP (in review),548993,792441-1,"Bull. Soc. Bot. France","98: 122","","1951"
kew-2410604,A,Escalloniaceae,,Polyosma,,"nullii",,"","B.C.Stone",Unresolved,,L,WCSP (in review),548992,792442-1,"Malaysian Forester","43: 258","","1980"
kew-2410603,A,Escalloniaceae,,Polyosma,,"oblonga",,"","Craib",Unresolved,,L,WCSP (in review),548991,792443-1,"Bull. Misc. Inform. Kew","1929: 112","","1929"
kew-2410602,A,Escalloniaceae,,Polyosma,,"occulta",,"","Reeder",Unresolved,,L,WCSP (in review),548990,792444-1,"J. Arnold Arbor.","27: 285","","1946"
kew-2410601,A,Escalloniaceae,,Polyosma,,"odorans",,"","Geddes",Unresolved,,L,WCSP (in review),548989,792445-1,"Bull. Misc. Inform. Kew","1928: 67","","1928"
kew-2410600,A,Escalloniaceae,,Polyosma,,"oligantha",,"","Reeder",Unresolved,,L,WCSP (in review),548988,792446-1,"J. Arnold Arbor.","27: 286","","1946"
kew-2410599,A,Escalloniaceae,,Polyosma,,"oligodonta",,"","Merr.",Unresolved,,L,WCSP (in review),548987,792447-1,"Contr. Arnold Arbor.","8: 66","","1934"
kew-2410598,A,Escalloniaceae,,Polyosma,,"pancheri",,"","Baill.",Unresolved,,L,WCSP (in review),548986,792448-1,"Adansonia","10: 342","","1872"
kew-2410597,A,Escalloniaceae,,Polyosma,,"parviflora",,"","King",Unresolved,,L,WCSP (in review),548985,792449-1,"J. Asiat. Soc. Bengal, Pt. 2, Nat. Hist.","66: 300","","1897"
kew-2410583,A,Escalloniaceae,,Polyosma,,"penibukanensis",,"","Heine",Unresolved,,L,WCSP (in review),548971,792450-1,"Mitt. Bot. Staatssamml. München","6: 216","","1953"
kew-2410595,A,Escalloniaceae,,Polyosma,,"philippinensis",,"","Merr.",Unresolved,,L,WCSP (in review),548983,792451-1,"Publ. Bur. Sci. Gov. Lab.","29: 16","","1905"
tro-50184015,A,Escalloniaceae,,Polyosma,,"philippines",,"","Merr.",Unresolved,,L,TRO,50184015,,"Publ. Bur. Sci. Gov. Lab.","29: 16–17","16","1905"
kew-2410608,A,Escalloniaceae,,Polyosma,,"piperi",,"","Merr.",Unresolved,,L,WCSP (in review),548996,792452-1,"Philipp. J. Sci., C","7: 271","","1912"
kew-2410593,A,Escalloniaceae,,Polyosma,,"pisocarpa",,"","Ridl.",Unresolved,,L,WCSP (in review),548981,792453-1,"J. Straits Branch Roy. Asiat. Soc.","75: 33","","1917"
kew-2410592,A,Escalloniaceae,,Polyosma,,"podophylla",,"","Schltr.",Unresolved,,L,WCSP (in review),548980,792454-1,"Bot. Jahrb. Syst.","39: 117","","1906"
kew-2410591,A,Escalloniaceae,,Polyosma,,"poilanei",,"","Gagnep.",Unresolved,,L,WCSP (in review),548979,792455-1,"Bull. Soc. Bot. France","98: 122","","1951"
kew-2410590,A,Escalloniaceae,,Polyosma,,"pubescens",,"","Ridl.",Unresolved,,L,WCSP (in review),548978,792456-1,"Trans. Linn. Soc. London, Bot.","9: 38","","1916"
kew-2410589,A,Escalloniaceae,,Polyosma,,"pulgarensis",,"","Elmer",Unresolved,,L,WCSP (in review),548977,792457-1,"Leafl. Philipp. Bot.","5: 1636","","1913"
kew-2605260,A,Escalloniaceae,,Polyosma,,"rampae",,"","W.N.Takeuchi",Unresolved,,L,WCSP (in review),738404,77084103-1,"Edinburgh J. Bot.","64: 159","","2007"
kew-2410588,A,Escalloniaceae,,Polyosma,,"reducta",,"","F.Muell.",Unresolved,,L,WCSP (in review),548976,792458-1,"Victoria Naturalist","9: 42","","1892"
kew-2410587,A,Escalloniaceae,,Polyosma,,"retusa",,"","C.B.Rob.",Unresolved,,L,WCSP (in review),548975,792459-1,"Philipp. J. Sci., C","6: 321","","1911"
kew-2410586,A,Escalloniaceae,,Polyosma,,"rhytophloia",,"","C.T.White & W.D.Francis",Unresolved,,L,WCSP (in review),548974,792460-1,"Proc. Roy. Soc. Queensland","37: 158","","1925 publ. 1926"
kew-2410585,A,Escalloniaceae,,Polyosma,,"ridleyi",,"","King",Unresolved,,L,WCSP (in review),548973,792461-1,"J. Asiat. Soc. Bengal, Pt. 2, Nat. Hist.","66: 304","","1897"
kew-2541364,A,Escalloniaceae,,Polyosma,,"rigidiuscula",,"","F.M.Bailey",Unresolved,,L,WCSP (in review),677225,792462-1,"Bot. Bull. Dept. Agric., Queensland","1: 4","","1890"
kew-2410594,A,Escalloniaceae,,Polyosma,,"robusta",,"","(Ridl.) Saw",Unresolved,,L,WCSP (in review),548982,946925-1,"Tree Fl. Malaya","4: 468","","1989"
kew-2410596,A,Escalloniaceae,,Polyosma,,"scortechinii",,"","King",Unresolved,,L,WCSP (in review),548984,792463-1,"J. Asiat. Soc. Bengal, Pt. 2, Nat. Hist.","66: 301","","1897"
kew-2410624,A,Escalloniaceae,,Polyosma,,"serrulata",,"","Blume",Unresolved,,L,WCSP (in review),549012,792464-1,"Bijdr.","659","","1826"
kew-2410623,A,Escalloniaceae,,Polyosma,,"sorsogonensis",,"","Elmer",Unresolved,,L,WCSP (in review),549011,792465-1,"Leafl. Philipp. Bot.","10: 3790","","1925"
kew-2410622,A,Escalloniaceae,,Polyosma,,"spicata",,"","Baill.",Unresolved,,L,WCSP (in review),549010,792466-1,"Adansonia","10: 343","","1872"
kew-2410621,A,Escalloniaceae,,Polyosma,,"stenosiphon",,"","Schltr.",Unresolved,,L,WCSP (in review),549009,792467-1,"Bot. Jahrb. Syst.","52: 128","","1914"
kew-2410620,A,Escalloniaceae,,Polyosma,,"subalpina",,"","Schulze-Menz ex P.Royen",Unresolved,,L,WCSP (in review),549008,902828-1,"Alp. Fl. New Guinea","4: 2520","","1983"
kew-2410619,A,Escalloniaceae,,Polyosma,,"torricellensis",,"","Schltr.",Unresolved,,L,WCSP (in review),549007,792468-1,"Bot. Jahrb. Syst.","52: 130","","1914"
kew-2410618,A,Escalloniaceae,,Polyosma,,"trimeniifolia",,"","Kaneh. & Hatus.",Unresolved,,L,WCSP (in review),549006,792469-1,"Bot. Mag. (Tokyo)","56: 307","","1942"
kew-2410617,A,Escalloniaceae,,Polyosma,,"tubulosa",,"","Schltr.",Unresolved,,L,WCSP (in review),549005,792470-1,"Bot. Jahrb. Syst.","52: 130","","1914"
kew-2410616,A,Escalloniaceae,,Polyosma,,"turfosa",,"","Gagnep.",Unresolved,,L,WCSP (in review),549004,792471-1,"Bull. Soc. Bot. France","98: 121","","1951"
kew-2410615,A,Escalloniaceae,,Polyosma,,"urdanetensis",,"","Elmer",Unresolved,,L,WCSP (in review),549003,792472-1,"Leafl. Philipp. Bot.","5: 1638","","1913"
kew-2410614,A,Escalloniaceae,,Polyosma,,"velutina",,"","Blume",Unresolved,,L,WCSP (in review),549002,792473-1,"Mus. Bot.","1: 261","","1851"
kew-2410609,A,Escalloniaceae,,Polyosma,,"verticillata",,"","Merr.",Unresolved,,L,WCSP (in review),548997,792474-1,"Philipp. J. Sci., C","7: 272","","1912"
kew-2410612,A,Escalloniaceae,,Polyosma,,"villosa",,"","Merr.",Unresolved,,L,WCSP (in review),549000,792475-1,"Philipp. J. Sci.","14: 399","","1919"
kew-2410625,A,Escalloniaceae,,Polyosma,,"vochysioides",,"","Reeder",Unresolved,,L,WCSP (in review),549013,792476-1,"J. Arnold Arbor.","27: 285","","1946"
kew-2410610,A,Escalloniaceae,,Polyosma,,"wallichii",,"","Benn.",Unresolved,,L,WCSP (in review),548998,792477-1,"Pl. Jav. Rar.","196","","1840"
tro-29100828,A,Escalloniaceae,,Tribeles,,"australis",,"","Phil.",Accepted,,M,TRO,29100828,684787-1,"Linnaea","33: 307","307","1864"
kew-2521693,A,Escalloniaceae,,Tribeles,,"philippii",,"","Macloskie",Unresolved,,L,WCSP (in review),657794,256664-2,"Rep. Princeton Univ. Exped. Patagonia, Botany","8: 461","","1905"
tro-29100829,A,Escalloniaceae,,Valdivia,,"gayana",,"","Remy",Accepted,,M,TRO,29100829,,"","","",""
