﻿ID,Major group,Family,Genus hybrid marker,Genus,Species hybrid marker,Species,Infraspecific rank,Infraspecific epithet,Authorship,Taxonomic status in TPL,Nomenclatural status from original data source,Confidence level,Source,Source id,IPNI id,Publication,Collation,Page,Date
tro-35189442,B,Fossombroniaceae,,Austrofossombronia,,"australis",,"","(Mitt.) R.M. Schust.",Accepted,,M,TRO,35189442,,"Hikobia","11: 445","445","1994"
tro-35189441,B,Fossombroniaceae,,Austrofossombronia,,"marionensis",,"","R.M. Schust.",Accepted,,M,TRO,35189441,,"Hikobia","11: 441. f. 1","441","1994"
tro-35204809,B,Fossombroniaceae,,Austrofossombronia,,"peruviana",,"","(Gottsche & Hampe) R.M. Schust. ex Crand.-Stot., Stotler & A. V. Freire",Accepted,,M,TRO,35204809,,"Haussknechtia Beih.","9: 76","76","1999"
tro-35215155,B,Fossombroniaceae,,Fossombronia,,"akiensis",,"","Horik.",Unresolved,,L,TRO,35215155,,"Bot. Mag. (Tokyo)","48: 453","453","1834"
tro-35185101,B,Fossombroniaceae,,Fossombronia,,"alaskana",,"","Steere & Inoue",Accepted,,M,TRO,35185101,,"Bryologist","77: 66. f. 1–26","66","1974"
tro-35202841,B,Fossombroniaceae,,Fossombronia,,"alata",,"","G.A.M. Scott & D. C. Pike",Accepted,,M,TRO,35202841,,"J. Hattori Bot. Lab.","56: 340. f. 1–2, 13","340","1984"
tro-35203979,B,Fossombroniaceae,,Fossombronia,,"angulifolia",,"","Perold",Accepted,,M,TRO,35203979,,"Bothalia","28: 159. f. 1–3","159","1998"
tro-35185102,B,Fossombroniaceae,,Fossombronia,,"angulosa",,"","(Dicks.) Raddi",Accepted,,M,TRO,35185102,,"Jungermanniogr. Etrusca","29","29","1818"
tro-35203155,B,Fossombroniaceae,,Fossombronia,,"areolata",,"","G.A.M. Scott & D. C. Pike",Accepted,,M,TRO,35203155,,"J. Hattori Bot. Lab.","62: 368. f. 3–4, 30","368","1987"
tro-35208788,B,Fossombroniaceae,,Fossombronia,,"australinipponica",,"","Horik.",Accepted,,M,TRO,35208788,,"J. Sci. Hiroshima Univ., Ser. B, Div. 2, Bot.","2: 138. f. 8","138","1934"
tro-35185103,B,Fossombroniaceae,,Fossombronia,,"brasiliensis",,"","Stephani",Accepted,,M,TRO,35185103,,"Sp. Hepat.","1: 382","382","1900"
tro-35188251,B,Fossombroniaceae,,Fossombronia,,"caespitiformis",,"","De Not. ex Rabenh.",Accepted,,M,TRO,35188251,,"Hepat. Eur. Exsicc.","123","123","1860"
tro-35212762,B,Fossombroniaceae,,Fossombronia,,"caespitiformis",subsp.,"multispira","(Schiffner) Bray, J. R. & D. Cargill",Accepted,,L,TRO,35212762,,"Bryologist","106: 131","131","2003"
tro-35213865,B,Fossombroniaceae,,Fossombronia,,"caledonica",,"","Stephani",Unresolved,,L,TRO,35213865,,"Sp. Hepat.","6: 71","71","1917"
tro-35203266,B,Fossombroniaceae,,Fossombronia,,"capensis",,"","S.W. Arnell",Unresolved,,L,TRO,35203266,,"Bot. Not.","1952: 314","314","1952"
tro-35187981,B,Fossombroniaceae,,Fossombronia,,"carinata",,"","Gottsche",Unresolved,,L,TRO,35187981,,"Syn. Hepat.","469","469","1846"
tro-35203817,B,Fossombroniaceae,,Fossombronia,,"cederbergensis",,"","Perold",Accepted,,M,TRO,35203817,,"Bothalia","28: 1. f. 1–3","1","1998"
tro-35202753,B,Fossombroniaceae,,Fossombronia,,"cerebriformis",,"","G.A.M. Scott & D. C. Pike",Accepted,,M,TRO,35202753,,"J. Hattori Bot. Lab.","56: 343. f. 7–8, 16","343","1984"
tro-35191011,B,Fossombroniaceae,,Fossombronia,,"crassifolia",,"","Spruce",Accepted,,M,TRO,35191011,,"Trans. & Proc. Bot. Soc. Edinburgh","15: 527","527","1885"
tro-35203288,B,Fossombroniaceae,,Fossombronia,,"crispa",,"","Nees",Accepted,,M,TRO,35203288,,"Syn. Hepat.","469","469","1846"
tro-35204927,B,Fossombroniaceae,,Fossombronia,,"crispula",,"","(Brot.) R.M. Schust.",Accepted,,M,TRO,35204927,,"Hepat. Anthocerotae N. Amer.","5: 383","383","1992"
tro-35215350,B,Fossombroniaceae,,Fossombronia,,"cristata",,"","Lindb.",Unresolved,,L,TRO,35215350,,"Helsingfors Dagblad","1873(353): 2","2","1873"
tro-35185104,B,Fossombroniaceae,,Fossombronia,,"cristula",,"","Austin",Accepted,,M,TRO,35185104,,"Proc. Acad. Nat. Sci. Philadelphia","21: 228","228","1869"
tro-35206401,B,Fossombroniaceae,,Fossombronia,,"crozalsii",,"","Corb.",Accepted,,M,TRO,35206401,,"Rev. Bryol.","30: 13","13","1903"
tro-35203198,B,Fossombroniaceae,,Fossombronia,,"cultriformis",,"","G.A.M. Scott & D. C. Pike",Accepted,,M,TRO,35203198,,"J. Hattori Bot. Lab.","62: 371. f. 7–8, 32","371","1987"
tro-35203220,B,Fossombroniaceae,,Fossombronia,,"densa",,"","G.A.M. Scott & D. C. Pike",Accepted,,M,TRO,35203220,,"J. Hattori Bot. Lab.","62: 372. f. 9–10, 33","372","1987"
tro-35203310,B,Fossombroniaceae,,Fossombronia,,"densilamellata",,"","S.W. Arnell",Unresolved,,L,TRO,35203310,,"Bot. Not.","1952: 317","317","1952"
tro-35206402,B,Fossombroniaceae,,Fossombronia,,"echinata",,"","Macvicar",Accepted,,M,TRO,35206402,,"Rev. Bryol.","38: 73","73","1911"
tro-35204542,B,Fossombroniaceae,,Fossombronia,,"elsieae",,"","Perold",Accepted,,M,TRO,35204542,,"Bothalia","29: 25. f. 1–3","25","1999"
tro-35206404,B,Fossombroniaceae,,Fossombronia,,"fimbriata",,"","Paton",Accepted,,M,TRO,35206404,,"J. Bryol.","8: 1. f. 1","1","1974"
tro-35185105,B,Fossombroniaceae,,Fossombronia,,"foveolata",,"","Lindb.",Accepted,,M,TRO,35185105,,"Not. Sällsk. Fauna Fl. Fenn. Förh.","13: 382","382","1874"
tro-35203242,B,Fossombroniaceae,,Fossombronia,,"fuhreri",,"","G.A.M. Scott & D. C. Pike",Accepted,,M,TRO,35203242,,"J. Hattori Bot. Lab.","62: 374. f. 11–12, 34","374","1987"
tro-35201121,B,Fossombroniaceae,,Fossombronia,,"gemmifera",,"","Perold",Accepted,,M,TRO,35201121,,"Bothalia","27: 19. f. 1–3","19","1997"
tro-35201122,B,Fossombroniaceae,,Fossombronia,,"glenii",,"","Perold",Accepted,,M,TRO,35201122,,"Bothalia","27: 20. f. 5–7","20","1997"
tro-35216496,B,Fossombroniaceae,,Fossombronia,,"grandis",,"","Stephani",Unresolved,,L,TRO,35216496,,"Sp. Hepat.","1: 383","383","1900"
tro-35206737,B,Fossombroniaceae,,Fossombronia,,"herzogii",,"","K.I. Goebel",Accepted,,M,TRO,35206737,,"Biblioth. Bot.","87: 269","269","1916"
tro-35203264,B,Fossombroniaceae,,Fossombronia,,"hewsoniae",,"","G.A.M. Scott & D. C. Pike",Accepted,,M,TRO,35203264,,"J. Hattori Bot. Lab.","62: 375. f. 13–14, 35","375","1987"
tro-35204190,B,Fossombroniaceae,,Fossombronia,,"himalayensis",,"","Kashyap",Unresolved,,L,TRO,35204190,,"New Phytol.","14: 4","4","1915"
tro-35185106,B,Fossombroniaceae,,Fossombronia,,"hispidissima",,"","Stephani",Accepted,,M,TRO,35185106,,"Sp. Hepat.","1: 3899","3899","1900"
tro-35200614,B,Fossombroniaceae,,Fossombronia,,"husnotii",,"","Corb.",Accepted,,M,TRO,35200614,,"Rev. Bryol.","17: 3","3","1890"
tro-35204545,B,Fossombroniaceae,,Fossombronia,,"hyalorhiza",,"","Perold",Accepted,,M,TRO,35204545,,"Bothalia","29: 83. f. 1–3","83","1999"
tro-35206403,B,Fossombroniaceae,,Fossombronia,,"incurva",,"","Lindb.",Accepted,,M,TRO,35206403,,"Bot. Not.","1873: 152","152","1873"
tro-35216497,B,Fossombroniaceae,,Fossombronia,,"indica",,"","Stephani",Unresolved,,L,TRO,35216497,,"Sp. Hepat.","6: 73","73","1917"
tro-35216498,B,Fossombroniaceae,,Fossombronia,,"intestinalis",,"","Taylor",Unresolved,,L,TRO,35216498,,"London J. Bot.","5: 408","408","1846"
tro-35210984,B,Fossombroniaceae,,Fossombronia,,"kashyapii",,"","S.C. Srivast. & Udar",Accepted,,M,TRO,35210984,,"Nova Hedwigia","26: 816. pl. 2, f. 1–6, 19–20; pl. 8, f. 1–10","816","1975"
tro-35203287,B,Fossombroniaceae,,Fossombronia,,"laciniata",,"","G.A.M. Scott & D. C. Pike",Accepted,,M,TRO,35203287,,"J. Hattori Bot. Lab.","62: 375. f. 15–16, 36","375","1987"
tro-35185107,B,Fossombroniaceae,,Fossombronia,,"lamellata",,"","Stephani",Accepted,,M,TRO,35185107,,"Hedwigia","33: 9","9","1894"
tro-35216499,B,Fossombroniaceae,,Fossombronia,,"leucoxantha",,"","(Lehm.) Gottsche, Lindenb. & Nees",Accepted,,M,TRO,35216499,,"Syn. Hepat.","469","469","1845"
tro-35208789,B,Fossombroniaceae,,Fossombronia,,"levieri",,"","Stephani",Accepted,,M,TRO,35208789,,"Sp. Hepat.","6: 74","74","1917"
tro-35185108,B,Fossombroniaceae,,Fossombronia,,"longiseta",,"","Austin",Accepted,,M,TRO,35185108,,"Proc. Acad. Nat. Sci. Philadelphia","1869: 228","228","1869"
tro-35191012,B,Fossombroniaceae,,Fossombronia,,"lophoclada",,"","Spruce",Accepted,,M,TRO,35191012,,"Trans. & Proc. Bot. Soc. Edinburgh","15: 529","529","1885"
tro-35217797,B,Fossombroniaceae,,Fossombronia,,"lophoscypha",,"","Hässel de Menéndez",Accepted,,M,TRO,35217797,,"Nova Hedwigia Beih.","131: 16","16","2007"
tro-35204391,B,Fossombroniaceae,,Fossombronia,,"macrocalyx",,"","Stephani",Unresolved,,L,TRO,35204391,,"Sp. Hepat.","6: 74","74","1917"
tro-35204546,B,Fossombroniaceae,,Fossombronia,,"marindae",,"","Perold",Accepted,,M,TRO,35204546,,"Bothalia","29: 86. f. 5–7","86","1999"
tro-35189512,B,Fossombroniaceae,,Fossombronia,,"maritima",,"","(Paton) Paton",Accepted,,M,TRO,35189512,,"J. Bryol.","18: 367","367","1994"
tro-100362610,B,Fossombroniaceae,,Fossombronia,,"marshii",,"","J. R. Bray & Stotler",Accepted,,M,TRO,100362610,,"Phytologia","92(2): 230","230","2010"
tro-35202796,B,Fossombroniaceae,,Fossombronia,,"microlamellata",,"","G.A.M. Scott & D. C. Pike",Accepted,,M,TRO,35202796,,"J. Hattori Bot. Lab.","56: 347. f. 9–10, 18","347","1984"
tro-35203331,B,Fossombroniaceae,,Fossombronia,,"montaguensis",,"","S.W. Arnell",Unresolved,,L,TRO,35203331,,"Bot. Not.","1952: 316","316","1952"
tro-35204547,B,Fossombroniaceae,,Fossombronia,,"monticola",,"","Perold",Accepted,,M,TRO,35204547,,"Bothalia","29: 87. f. 8–10","87","1999"
tro-35209699,B,Fossombroniaceae,,Fossombronia,,"myrioides",,"","Inoue",Accepted,,M,TRO,35209699,,"Bryologist","","",""
tro-35208014,B,Fossombroniaceae,,Fossombronia,,"nyikaensis",,"","Perold",Accepted,,M,TRO,35208014,,"Bothalia","31: 48","48","2001"
tro-35216501,B,Fossombroniaceae,,Fossombronia,,"occidento-africana",,"","S.W. Arnell",Unresolved,,L,TRO,35216501,,"Bot. Not.","105: 317","317","1952"
tro-35216502,B,Fossombroniaceae,,Fossombronia,,"porphyrorhiza",,"","(Nees) Prosk.",Accepted,,M,TRO,35216502,,"Bryologist","58: 197","197","1955"
tro-35191013,B,Fossombroniaceae,,Fossombronia,,"ptycholophylla",,"","Spruce",Accepted,,M,TRO,35191013,,"Trans. & Proc. Bot. Soc. Edinburgh","15: 529","529","1885"
tro-35216503,B,Fossombroniaceae,,Fossombronia,,"pulvinata",,"","Stephani",Unresolved,,L,TRO,35216503,,"Wiss. Erg. Deut. Zentr.-Afr. Exped., Bot.","2: 113","113","1911"
tro-35202885,B,Fossombroniaceae,,Fossombronia,,"punctata",,"","G.A.M. Scott & D. C. Pike",Accepted,,M,TRO,35202885,,"J. Hattori Bot. Lab.","56: 341. f. 3–4, 14","341","1984"
tro-35185109,B,Fossombroniaceae,,Fossombronia,,"pusilla",,"","(L.) Dumort.",Accepted,,M,TRO,35185109,,"Recueil Observ. Jungerm.","11","11","1835"
tro-35204544,B,Fossombroniaceae,,Fossombronia,,"renateae",,"","Perold",Accepted,,M,TRO,35204544,,"Bothalia","29: 77. f. 1–3","77","1999"
tro-35203818,B,Fossombroniaceae,,Fossombronia,,"rwandaensis",,"","Perold",Accepted,,M,TRO,35203818,,"Bothalia","28: 45. f. 1–7","45","1998"
tro-35202863,B,Fossombroniaceae,,Fossombronia,,"scrobiculata",,"","G.A.M. Scott & D. C. Pike",Accepted,,M,TRO,35202863,,"J. Hattori Bot. Lab.","56: 341. f. 5–6, 15","341","1984"
tro-35203377,B,Fossombroniaceae,,Fossombronia,,"spinifolia",,"","Stephani",Unresolved,,L,TRO,35203377,,"Sp. Hepat.","1: 389","389","1900"
tro-35204543,B,Fossombroniaceae,,Fossombronia,,"spinosa",,"","Perold",Accepted,,M,TRO,35204543,,"Bothalia","29: 29. f. 5–8","29","1999"
tro-35215349,B,Fossombroniaceae,,Fossombronia,,"stephanii",,"","Schiffner ex Stephani",Accepted,,M,TRO,35215349,,"Sp. Hepat.","1: 381","381","1900"
tro-35201123,B,Fossombroniaceae,,Fossombronia,,"straussiana",,"","Perold",Accepted,,M,TRO,35201123,,"Bothalia","27: 24. f. 8–10","24","1997"
tro-35203980,B,Fossombroniaceae,,Fossombronia,,"swaziensis",,"","Perold",Accepted,,M,TRO,35203980,,"Bothalia","28: 162. f. 5–7","162","1998"
tro-35191015,B,Fossombroniaceae,,Fossombronia,,"tenuifolia",,"","Spruce",Accepted,,M,TRO,35191015,,"Trans. & Proc. Bot. Soc. Edinburgh","15: 528","528","1885"
tro-35203400,B,Fossombroniaceae,,Fossombronia,,"tesselata",,"","G.A.M. Scott & D. C. Pike",Accepted,,M,TRO,35203400,,"J. Hattori Bot. Lab.","62: 382. f. 25–26, 41","382","1987"
tro-35187980,B,Fossombroniaceae,,Fossombronia,,"texana",,"","Lindb.",Accepted,,M,TRO,35187980,,"Acta Soc. Sci. Fenn.","10: 533","533","1875"
tro-35203402,B,Fossombroniaceae,,Fossombronia,,"tumida",,"","Mitt.",Unresolved,,L,TRO,35203402,,"Syn. Hepat.","","",""
tro-35217796,B,Fossombroniaceae,,Fossombronia,,"valparaisiana",,"","Hässel de Menéndez",Accepted,,M,TRO,35217796,,"Nova Hedwigia Beih.","131: 14","14","2007"
tro-35202773,B,Fossombroniaceae,,Fossombronia,,"vermiculata",,"","G.A.M. Scott & D. C. Pike",Accepted,,M,TRO,35202773,,"J. Hattori Bot. Lab.","56: 345. f. 11–12, 17","345","1984"
tro-35185110,B,Fossombroniaceae,,Fossombronia,,"wondraczekii",,"","(Corda) Dumort.",Accepted,,M,TRO,35185110,,"Recueil Observ. Jungerm.","11","11","1835"
tro-35209587,B,Fossombroniaceae,,Fossombronia,,"wondraczekii",var.,"loitlesbergeri","(Schiffner) K. Müller",Accepted,,L,TRO,35209587,,"Leberm. Eur.","6: 545","545","1954"
tro-35203425,B,Fossombroniaceae,,Fossombronia,,"zeyherii",,"","Stephani",Unresolved,,L,TRO,35203425,,"Sp. Hepat.","1: 386","386","1900"
tro-35208013,B,Fossombroniaceae,,Fossombronia,,"zuurbergensis",,"","Perold",Accepted,,M,TRO,35208013,,"Bothalia","31: 25","25","2001"
tro-35211725,B,Fossombroniaceae,,Petalophyllum,,"americanum",,"","C. H. Ford & Crand.-Stot.",Accepted,,M,TRO,35211725,,"Novon","12: 335","335","2002"
tro-35211864,B,Fossombroniaceae,,Petalophyllum,,"australe",,"","Colenso",Unresolved,,L,TRO,35211864,,"Trans. & Proc. New Zealand Inst.","17: 261","261","1885"
tro-35206154,B,Fossombroniaceae,,Petalophyllum,,"bolivianum",,"","Steph.",Unresolved,,L,TRO,35206154,,"Biblioth. Bot.","87: 181. f. 92","181","1916"
tro-35211726,B,Fossombroniaceae,,Petalophyllum,,"hodgsoniae",,"","C. H. Ford & Crand.-Stot.",Accepted,,M,TRO,35211726,,"Novon","12: 336","336","2002"
tro-35211865,B,Fossombroniaceae,,Petalophyllum,,"indicum",,"","Kashyap",Unresolved,,L,TRO,35211865,,"J. Indian Bot.","7: 14","14","1928"
tro-35211869,B,Fossombroniaceae,,Petalophyllum,,"lamellatum",,"","(Nees) Lindb.",Accepted,,M,TRO,35211869,,"Not. Sällsk. Fauna Fl. Fenn. Förh.","13: 390","390","1874"
tro-35211866,B,Fossombroniaceae,,Petalophyllum,,"macrocalyx",,"","Colenso",Unresolved,,L,TRO,35211866,,"Trans. & Proc. New Zealand Inst.","18: 249","249","1886"
tro-35185697,B,Fossombroniaceae,,Petalophyllum,,"ralfsii",,"","(Wilson) Nees & Gottsche",Accepted,,M,TRO,35185697,,"Nov. Stirp. Pug.","8: 30","30","1844"
tro-35210440,B,Fossombroniaceae,,Simodon,,"incurva",,"","(Lindb.) Lindb.",Accepted,,M,TRO,35210440,,"","","",""
