﻿ID,Major group,Family,Genus hybrid marker,Genus,Species hybrid marker,Species,Infraspecific rank,Infraspecific epithet,Authorship,Taxonomic status in TPL,Nomenclatural status from original data source,Confidence level,Source,Source id,IPNI id,Publication,Collation,Page,Date
tro-35103410,B,Funariaceae,,Amphoritheca,,"acidota",,"","(Taylor) A. Jaeger",Accepted,,M,TRO,35103410,,"Ber. Thätigk. St. Gallischen Naturwiss. Ges.","1872–73: 219 (Gen. Sp. Musc. 1: 497)","219 ","1874"
tro-35103411,B,Funariaceae,,Amphoritheca,,"andicola",,"","(Mitt.) A. Jaeger",Accepted,,M,TRO,35103411,,"Ber. Thätigk. St. Gallischen Naturwiss. Ges.","1872–73: 219 (Gen. Sp. Musc. 1: 497)","219 ","1874"
tro-35103412,B,Funariaceae,,Amphoritheca,,"angustifolia",,"","(Jur. & Milde) A. Jaeger",Accepted,,M,TRO,35103412,,"Ber. Thätigk. St. Gallischen Naturwiss. Ges.","1872–73: 221 (Gen. Sp. Musc. 1: 499)","221 ","1874"
tro-35103413,B,Funariaceae,,Amphoritheca,,"balansae",,"","(Besch.) A. Jaeger",Accepted,,M,TRO,35103413,,"Ber. Thätigk. St. Gallischen Naturwiss. Ges.","1877–78: 432 (Gen. Sp. Musc. 2: 696)","432 ","1880"
tro-35103414,B,Funariaceae,,Amphoritheca,,"beccarii",,"","Hampe",Accepted,,M,TRO,35103414,,"Nuovo Giorn. Bot. Ital.","4: 273","273","1872"
tro-35103415,B,Funariaceae,,Amphoritheca,,"bonplandii",,"","(Hook.) A. Jaeger",Accepted,,M,TRO,35103415,,"Ber. Thätigk. St. Gallischen Naturwiss. Ges.","1872–73: 219 (Gen. Sp. Musc. 1: 497)","219 ","1874"
tro-35103416,B,Funariaceae,,Amphoritheca,,"buseana",,"","(Dozy & Molk.) A. Jaeger",Accepted,,M,TRO,35103416,,"Ber. Thätigk. St. Gallischen Naturwiss. Ges.","1872–73: 218 (Gen. Sp. Musc. 1: 496)","218 ","1874"
tro-35103417,B,Funariaceae,,Amphoritheca,,"clavellata",,"","(Mitt.) A. Jaeger",Accepted,,M,TRO,35103417,,"Ber. Thätigk. St. Gallischen Naturwiss. Ges.","1872–73: 220 (Gen. Sp. Musc. 1: 498)","220 ","1874"
tro-35103418,B,Funariaceae,,Amphoritheca,,"curviseta",,"","(Schwägr.) A. Jaeger",Accepted,,M,TRO,35103418,,"Ber. Thätigk. St. Gallischen Naturwiss. Ges.","1877–78: 432 (Gen. Sp. Musc. 2: 696)","432 ","1880"
tro-35103419,B,Funariaceae,,Amphoritheca,,"diversinervis",,"","(Müll. Hal.) A. Jaeger",Accepted,,M,TRO,35103419,,"Ber. Thätigk. St. Gallischen Naturwiss. Ges.","1872–73: 220 (Gen. Sp. Musc. 1: 498)","220 ","1874"
tro-35103420,B,Funariaceae,,Amphoritheca,,"dozyana",,"","(Müll. Hal.) A. Jaeger",Accepted,,M,TRO,35103420,,"Ber. Thätigk. St. Gallischen Naturwiss. Ges.","1877–78: 432 (Gen. Sp. Musc. 2: 696)","432 ","1880"
tro-35103425,B,Funariaceae,,Amphoritheca,,"fascicularis",,"","(Hedw.) Hampe",Accepted,,M,TRO,35103425,,"Fl. Hercyn.","341","341","1873"
tro-35103426,B,Funariaceae,,Amphoritheca,,"jamesonii",,"","(Taylor) Hampe",Accepted,,M,TRO,35103426,,"Ann. Sci. Nat., Bot., sér. 5,","3: 340","340","1865"
tro-35103428,B,Funariaceae,,Amphoritheca,,"longicollis",,"","(Mitt.) A. Jaeger",Accepted,,M,TRO,35103428,,"Ber. Thätigk. St. Gallischen Naturwiss. Ges.","1872–73: 220 (Gen. Sp. Musc. 1: 498)","220 ","1874"
tro-35103429,B,Funariaceae,,Amphoritheca,,"longiseta",,"","(Schimp.) A. Jaeger",Accepted,,M,TRO,35103429,,"Ber. Thätigk. St. Gallischen Naturwiss. Ges.","1872–73: 221 (Gen. Sp. Musc. 1: 499)","221 ","1874"
tro-35103431,B,Funariaceae,,Amphoritheca,,"nutans",,"","(Mitt.) A. Jaeger",Accepted,,M,TRO,35103431,,"Ber. Thätigk. St. Gallischen Naturwiss. Ges.","1872–73: 221 (Gen. Sp. Musc. 1: 499)","221 ","1874"
tro-35103432,B,Funariaceae,,Amphoritheca,,"obtusifolia",,"","(Hook. f.) A. Jaeger",Accepted,,M,TRO,35103432,,"Ber. Thätigk. St. Gallischen Naturwiss. Ges.","1872–73: 220 (Gen. Sp. Musc. 1: 498)","220 ","1874"
tro-35161054,B,Funariaceae,,Amphoritheca,,"papillosa",,"","(Müll. Hal.) Kindb.",Accepted,,M,TRO,35161054,,"Enum. Bryin. Exot., Suppl. 1","85","85","1889"
tro-35103433,B,Funariaceae,,Amphoritheca,,"pilifera",,"","(Mitt.) A. Jaeger",Accepted,,M,TRO,35103433,,"Ber. Thätigk. St. Gallischen Naturwiss. Ges.","1877–78: 432 (Gen. Sp. Musc. 2: 696)","432 ","1880"
tro-35103434,B,Funariaceae,,Amphoritheca,,"planifolia",,"","(Thwaites & Mitt.) A. Jaeger",Accepted,,M,TRO,35103434,,"Ber. Thätigk. St. Gallischen Naturwiss. Ges.","1872–73: 219 (Gen. Sp. Musc. 1: 497)","219 ","1874"
tro-35103437,B,Funariaceae,,Amphoritheca,,"riparia",,"","(Lindb.) A. Jaeger",Accepted,,M,TRO,35103437,,"Ber. Thätigk. St. Gallischen Naturwiss. Ges.","1872–73: 221 (Gen. Sp. Musc. 1: 499)","221 ","1874"
tro-35103438,B,Funariaceae,,Amphoritheca,,"submarginata",,"","(Müll. Hal.) A. Jaeger",Accepted,,M,TRO,35103438,,"Ber. Thätigk. St. Gallischen Naturwiss. Ges.","1872–73: 217 (Gen. Sp. Musc. 1: 495)","217 ","1874"
tro-35161137,B,Funariaceae,,Aphanorrhegma,,"aubertii",,"","(Besch.) Kindb.",Accepted,,M,TRO,35161137,,"Enum. Bryin. Exot., Suppl. 1","85","85","1889"
tro-35161138,B,Funariaceae,,Aphanorrhegma,,"cubense",,"","(Mitt.) Kindb.",Accepted,,M,TRO,35161138,,"Enum. Bryin. Exot.","40","40","1888"
tro-35178812,B,Funariaceae,,Aphanorrhegma,,"hampei",,"","(Limpr.) Kindb.",Accepted,,M,TRO,35178812,,"Eur. N. Amer. Bryin.","2: 403","403","1897"
tro-35183080,B,Funariaceae,,Aphanorrhegma,,"magdalenae",,"","(De Sloover) Ochyra",Accepted,,M,TRO,35183080,,"Acta Bot. Hung.","29: 178","178","1983"
tro-35178813,B,Funariaceae,,Aphanorrhegma,,"niloticum",,"","(Delile) Lindb.",Accepted,,M,TRO,35178813,,"Abh. Königl. Akad. Wiss. Berlin","1867: 37","37","1867"
tro-35190652,B,Funariaceae,,Aphanorrhegma,,"patens x physcomitrium eurystomum",,"","R.M. Schust. ex Váňa",Accepted,,M,TRO,35190652,,"J. Hattori Bot. Lab.","see J. Bryol. 11: 651. 1981","651",""
tro-35178816,B,Funariaceae,,Aphanorrhegma,,"serratum",,"","(Hook. & Wilson) Sull.",Accepted,,M,TRO,35178816,,"Manual","647","647","1848"
tro-35178817,B,Funariaceae,,Aphanorrhegma,,"serratum x physcomitrium turbinatum",,"","E. Britton",Unresolved,,L,TRO,35178817,,"Bull. Torrey Bot. Club","22: 65","65","1895"
tro-35113880,B,Funariaceae,,Brachymeniopsis,,"gymnostoma",,"","Broth.",Accepted,,M,TRO,35113880,,"Symb. Sin.","4: 48. 1 f. 13","48","1929"
tro-35182786,B,Funariaceae,,Bryobeckettia,,"bartlettii",,"","(Fife) Fife",Accepted,,M,TRO,35182786,,"J. Hattori Bot. Lab.","58: 191","191","1985"
tro-35217527,B,Funariaceae,,Clavitheca,,"poeltii",,"","(Ochyra) O. Werner, Ros & Goffinet",Accepted,,M,TRO,35217527,,"Bryologist","110: 113","113","2007"
tro-35186336,B,Funariaceae,,Corynotheca,,"poeltii",,"","Ochyra",Accepted,,M,TRO,35186336,,"Polish Bot. Stud.","1: 60","60","1990"
tro-35100054,B,Funariaceae,,Cygnicollum,,"immersum",,"","Fife & Magill",Accepted,,M,TRO,35100054,,"Bryologist","85: 99. f. 1–19","99","1982"
tro-100367508,B,Funariaceae,,Entosthodon,,"abramovae",,"","Fedosov & Ignatova",Accepted,,M,TRO,100367508,,"Arctoa","19: 76","76","2010"
tro-35182788,B,Funariaceae,,Entosthodon,,"acaulis",,"","(Hampe) Fife",Accepted,,M,TRO,35182788,,"J. Hattori Bot. Lab.","58: 192","192","1985"
tro-35134896,B,Funariaceae,,Entosthodon,,"acidotus",,"","(Taylor) Müll. Hal.",Accepted,,M,TRO,35134896,,"Syn. Musc. Frond.","2: 597","597","1851"
tro-35134903,B,Funariaceae,,Entosthodon,,"andicola",,"","Mitt.",Accepted,,M,TRO,35134903,,"J. Linn. Soc., Bot.","12: 244","244","1869"
tro-35134904,B,Funariaceae,,Entosthodon,,"angustifolius",,"","Jur. & Milde",Accepted,,M,TRO,35134904,,"Verh. Zool.-Bot. Ges. Wien","20: 595","595","1870"
tro-35134909,B,Funariaceae,,Entosthodon,,"apophysatus",,"","(Taylor) Mitt.",Accepted,,M,TRO,35134909,,"J. Proc. Linn. Soc., Bot.","4: 80","80","1859"
tro-35134911,B,Funariaceae,,Entosthodon,,"aristatus",,"","(Broth.) Paris",Accepted,,M,TRO,35134911,,"Index Bryol.","422","422","1896"
tro-35134912,B,Funariaceae,,Entosthodon,,"attenuatus",,"","(Dicks.) Bryhn",Accepted,,M,TRO,35134912,,"Kongel. Norske Vidensk. Selsk. Skr. (Trondheim)","1908(8): 25","25","1908"
tro-35134913,B,Funariaceae,,Entosthodon,,"balansae",,"","Besch.",Accepted,,M,TRO,35134913,,"Mém. Soc. Sci. Nat. Cherbourg","21: 263","263","1877"
tro-35134915,B,Funariaceae,,Entosthodon,,"beccarii",,"","(Hampe) Paris",Accepted,,M,TRO,35134915,,"Index Bryol.","422","422","1896"
tro-35134916,B,Funariaceae,,Entosthodon,,"bergianus",,"","(Hornsch.) Müll. Hal.",Accepted,,M,TRO,35134916,,"Syn. Musc. Frond.","1: 126","126","1848"
tro-35134919,B,Funariaceae,,Entosthodon,,"bescherellei",,"","Müll. Hal.",Unresolved,,L,TRO,35134919,,"Gen. Musc. Frond.","109","109","1900"
tro-35134920,B,Funariaceae,,Entosthodon,,"bolanderi",,"","Lesq.",Accepted,,M,TRO,35134920,,"Trans. Amer. Philos. Soc.","13: 10","10","1865"
tro-35134921,B,Funariaceae,,Entosthodon,,"bonplandii",,"","(Hook.) Mitt.",Accepted,,M,TRO,35134921,,"J. Linn. Soc., Bot.","12: 245","245","1869"
tro-35134922,B,Funariaceae,,Entosthodon,,"borbonicus",,"","Besch.",Accepted,,M,TRO,35134922,,"Ann. Sci. Nat., Bot., sér. 6,","9: 375","375","1880"
tro-35168832,B,Funariaceae,,Entosthodon,,"borneensis",,"","(Dixon) Z. Iwats.",Accepted,,M,TRO,35168832,,"J. Hattori Bot. Lab.","32: 272","272","1969"
tro-35134926,B,Funariaceae,,Entosthodon,,"buseanus",,"","Dozy & Molk.",Accepted,,M,TRO,35134926,,"Bryol. Jav.","1: 31. 22 f. 1–23","31","1855"
tro-35134928,B,Funariaceae,,Entosthodon,,"californicus",,"","(Sull. & Lesq.) H.A. Crum & L.E. Anderson",Accepted,,M,TRO,35134928,,"Bryologist","58: 13","13","1955"
tro-35134931,B,Funariaceae,,Entosthodon,,"cartilagineus",,"","Müll. Hal.",Accepted,,M,TRO,35134931,,"Nuovo Giorn. Bot. Ital., n.s.,","4: 9","9","1897"
tro-35134934,B,Funariaceae,,Entosthodon,,"chiloensis",,"","Mitt.",Accepted,,M,TRO,35134934,,"J. Linn. Soc., Bot.","12: 245","245","1869"
tro-35134937,B,Funariaceae,,Entosthodon,,"clavatus",,"","Mitt.",Accepted,,M,TRO,35134937,,"Thes. Cap.","1: 63. pl. 100, f. B","63","1859"
tro-35134939,B,Funariaceae,,Entosthodon,,"commutatus",,"","Durieu & Mont.",Accepted,,M,TRO,35134939,,"Ann. Sci. Nat., Bot., sér. 3,","12: 317","317","1849"
tro-35207895,B,Funariaceae,,Entosthodon,,"convexus",,"","(Spruce) Brugués",Accepted,,M,TRO,35207895,,"Orsis","15: 115","115","2000"
tro-35134943,B,Funariaceae,,Entosthodon,,"curviapiculatus",,"","Müll. Hal.",Accepted,,M,TRO,35134943,,"Flora","57: 483","483","1874"
tro-35134944,B,Funariaceae,,Entosthodon,,"curvipes",,"","(Müll. Hal.) Müll. Hal.",Accepted,,M,TRO,35134944,,"Syn. Musc. Frond.","1: 123","123","1848"
tro-35134946,B,Funariaceae,,Entosthodon,,"curvisetus",,"","(Schwägr.) Müll. Hal.",Accepted,,M,TRO,35134946,,"Syn. Musc. Frond.","1: 121","121","1848"
tro-35134947,B,Funariaceae,,Entosthodon,,"curvisetus",var.,"xanthocarpus","(P. de la Varde) Jelenc",Accepted,,L,TRO,35134947,,"Bull. Soc. Géogr. Archéol. Oran","75: 77","77","1952"
tro-100367509,B,Funariaceae,,Entosthodon,,"dagestanicus",,"","Fedosov & Ignatova",Accepted,,M,TRO,100367509,,"Arctoa","19: 76","76","2010"
tro-35134950,B,Funariaceae,,Entosthodon,,"deserticola",,"","(Trab.) Jelenc",Accepted,,M,TRO,35134950,,"Bull. Soc. Géogr. Archéol. Oran","75: 74","74","1952"
tro-35134952,B,Funariaceae,,Entosthodon,,"diversinervis",,"","Müll. Hal.",Accepted,,M,TRO,35134952,,"Bot. Zeitung (Berlin)","11: 20","20","1853"
tro-35134953,B,Funariaceae,,Entosthodon,,"dixonii",,"","Sim",Accepted,,M,TRO,35134953,,"Trans. Roy. Soc. South Africa","15: 296. ic","296","1926"
tro-35134954,B,Funariaceae,,Entosthodon,,"dozyanus",,"","Müll. Hal.",Accepted,,M,TRO,35134954,,"Bot. Zeitung (Berlin)","14: 210","210","1856"
tro-35134955,B,Funariaceae,,Entosthodon,,"drummondii",,"","Sull.",Accepted,,M,TRO,35134955,,"Musci Hep. U.S. (repr.)","156b [Schedae 35]","156","1856"
tro-35134957,B,Funariaceae,,Entosthodon,,"duriaei",,"","Mont.",Accepted,,M,TRO,35134957,,"Ann. Sci. Nat., Bot., sér. 3,","11: 33","33","1849"
tro-35134960,B,Funariaceae,,Entosthodon,,"ericetorum",,"","(De Not.) Müll. Hal.",Accepted,,M,TRO,35134960,,"Syn. Musc. Frond.","1: 122","122","1848"
tro-35134964,B,Funariaceae,,Entosthodon,,"eurystomus",,"","Mitt.",Accepted,,M,TRO,35134964,,"J. Linn. Soc., Bot.","12: 245","245","1869"
tro-35134965,B,Funariaceae,,Entosthodon,,"fascicularis",,"","(Hedw.) Müll. Hal.",Accepted,,M,TRO,35134965,,"Syn. Musc. Frond.","1: 120","120","1848"
tro-35134967,B,Funariaceae,,Entosthodon,,"fascicularis x funaria hygrometrica",,"","Limpr.",Accepted,,M,TRO,35134967,,"Laubm. Deutschl.","2: 200","200","1891"
tro-35134970,B,Funariaceae,,Entosthodon,,"flavus",,"","(Müll. Hal.) Paris",Accepted,,M,TRO,35134970,,"Index Bryol. (ed. 2)","2: 142","142","1900"
tro-35134971,B,Funariaceae,,Entosthodon,,"flexisetus",,"","Müll. Hal.",Accepted,,M,TRO,35134971,,"Linnaea","42: 263","263","1879"
tro-35134976,B,Funariaceae,,Entosthodon,,"gracilis",,"","Hook. f. & Wilson",Accepted,,M,TRO,35134976,,"Fl. Nov.-Zel.","2: 91. pl. 86: f. 7","91","1854"
tro-35134977,B,Funariaceae,,Entosthodon,,"handelii",,"","(Schiffner) Lazarenko",Accepted,,M,TRO,35134977,,"Žurn. Inst. Bot. Vseukrajins'k. Akad. Nauk","26. 27: 207","207","1938"
tro-35134978,B,Funariaceae,,Entosthodon,,"helmsii",,"","(Broth.) Paris",Accepted,,M,TRO,35134978,,"Index Bryol. Suppl.","141","141","1900"
tro-35134979,B,Funariaceae,,Entosthodon,,"hildebrandtii",,"","Müll. Hal.",Accepted,,M,TRO,35134979,,"Flora","62: 379","379","1879"
tro-35134980,B,Funariaceae,,Entosthodon,,"holstii",,"","(Broth.) Paris",Accepted,,M,TRO,35134980,,"Index Bryol.","424","424","1896"
tro-35134981,B,Funariaceae,,Entosthodon,,"hungaricus",,"","(Boros) Loeske",Accepted,,M,TRO,35134981,,"Repert. Spec. Nov. Regni Veg. Sonderbeih. B","3(2): 115","115","1929"
tro-35134983,B,Funariaceae,,Entosthodon,,"hybridus",,"","(R. Ruthe) Loeske",Accepted,,M,TRO,35134983,,"Repert. Spec. Nov. Regni Veg. Sonderbeih. B","B(2): 56","56","1929"
tro-35162358,B,Funariaceae,,Entosthodon,,"integer",,"","(Müll. Hal.) Kindb.",Accepted,,M,TRO,35162358,,"Enum. Bryin. Exot.","56","56","1888"
tro-35134985,B,Funariaceae,,Entosthodon,,"italicus",,"","Rota",Accepted,,M,TRO,35134985,,"Atti Reale Univ. Genova","1: 753","753","1869"
tro-35134986,B,Funariaceae,,Entosthodon,,"jamesonii",,"","(Taylor) Mitt.",Accepted,,M,TRO,35134986,,"Hooker's J. Bot. Kew Gard. Misc.","3: 354","354","1851"
tro-35134992,B,Funariaceae,,Entosthodon,,"kochii",,"","H.A. Crum & L.E. Anderson",Accepted,,M,TRO,35134992,,"Bryologist","58: 12. 16–19","12","1955"
tro-35134993,B,Funariaceae,,Entosthodon,,"krausei",,"","Besch.",Accepted,,M,TRO,35134993,,"J. Bot. (Morot)","8: 44. 1 f. 5–8","44","1894"
tro-100359285,B,Funariaceae,,Entosthodon,,"kroonkurk",,"","Dirkse & Brugués",Accepted,,M,TRO,100359285,,"J. Bryol.","32(2): 133","133","2010"
tro-35182818,B,Funariaceae,,Entosthodon,,"laevis",,"","(Mitt.) Fife",Accepted,,M,TRO,35182818,,"J. Hattori Bot. Lab.","58: 191","191","1985"
tro-35134995,B,Funariaceae,,Entosthodon,,"latifolius",,"","Hook. f.",Accepted,,M,TRO,35134995,,"Icon. Pl.","3: pl. 245c","245c","1840"
tro-35134996,B,Funariaceae,,Entosthodon,,"laxus",,"","(Hook. f. & Wilson) Mitt.",Accepted,,M,TRO,35134996,,"Hooker's J. Bot. Kew Gard. Misc.","8: 259","259","1856"
tro-35134998,B,Funariaceae,,Entosthodon,,"lepervanchei",,"","Besch.",Accepted,,M,TRO,35134998,,"Ann. Sci. Nat., Bot., sér. 6,","9: 375","375","1880"
tro-35134999,B,Funariaceae,,Entosthodon,,"limbatus",,"","Müll. Hal.",Accepted,,M,TRO,35134999,,"Bot. Zeitung (Berlin)","16: 155","155","1858"
tro-35135000,B,Funariaceae,,Entosthodon,,"lindigii",,"","(Hampe) Mitt.",Accepted,,M,TRO,35135000,,"J. Linn. Soc., Bot.","12: 243","243","1869"
tro-35135007,B,Funariaceae,,Entosthodon,,"marginatulus",,"","Müll. Hal.",Accepted,,M,TRO,35135007,,"Abh. Naturwiss. Vereine Bremen","7: 204","204","1881"
tro-35204463,B,Funariaceae,,Entosthodon,,"maroccanus",,"","(Meyl.) Hebr. & Lo Giudice",Accepted,,M,TRO,35204463,,"Bull. Soc. Linn. Provence","48: 145","145","1997"
tro-35135011,B,Funariaceae,,Entosthodon,,"mathewsii",,"","Hook. f.",Accepted,,M,TRO,35135011,,"Icon. Pl.","3: pl. 245B","245B","1840"
tro-35135015,B,Funariaceae,,Entosthodon,,"mauritianus",,"","Schimp. ex Besch.",Accepted,,M,TRO,35135015,,"Ann. Sci. Nat., Bot., sér. 6,","9: 375","375","1880"
tro-35135019,B,Funariaceae,,Entosthodon,,"minimus",,"","Hunt",Unresolved,,L,TRO,35135019,,"Mem. Lit. Soc. Manchester","5: 100","100","1872"
tro-35135023,B,Funariaceae,,Entosthodon,,"monticola",,"","(Broth.) Paris",Accepted,,M,TRO,35135023,,"Index Bryol. Suppl.","141","141","1900"
tro-35135024,B,Funariaceae,,Entosthodon,,"mouretii",,"","(Corb.) Jelenc",Accepted,,M,TRO,35135024,,"Bull. Soc. Géogr. Archéol. Oran","75: 76","76","1952"
tro-35182824,B,Funariaceae,,Entosthodon,,"muhlenbergii",,"","(Turner) Fife",Accepted,,M,TRO,35182824,,"J. Hattori Bot. Lab.","58: 192","192","1985"
tro-35135026,B,Funariaceae,,Entosthodon,,"neoscoticus",,"","M.S. Br.",Unresolved,,L,TRO,35135026,,"Bryologist","35: 17. f. 1","17","1932"
tro-35135027,B,Funariaceae,,Entosthodon,,"niloticus",,"","(Delile) Schimp.",Accepted,,M,TRO,35135027,,"Bot. Zeitung (Berlin)","13: 747","747","1855"
tro-35135030,B,Funariaceae,,Entosthodon,,"nutans",,"","Mitt.",Accepted,,M,TRO,35135030,,"J. Proc. Linn. Soc., Bot., Suppl.","1: 55","55","1859"
tro-35183711,B,Funariaceae,,Entosthodon,,"obtusatus",,"","(Schimp.) Fife",Accepted,,M,TRO,35183711,,"Mem. New York Bot. Gard.","45: 309","309","1987"
tro-35135031,B,Funariaceae,,Entosthodon,,"obtusifolius",,"","Hook. f.",Accepted,,M,TRO,35135031,,"Icon. Pl.","3: pl. 245A","245A","1840"
tro-35135034,B,Funariaceae,,Entosthodon,,"obtuso-apiculatus",,"","Müll. Hal.",Accepted,,M,TRO,35135034,,"Hedwigia","39: 245","245","1900"
tro-35135035,B,Funariaceae,,Entosthodon,,"obtusus",,"","(Hedw.) Lindb.",Accepted,,M,TRO,35135035,,"Öfvers. Förh. Kongl. Svenska Vetensk.-Akad.","21: 221","221","1865"
tro-35135039,B,Funariaceae,,Entosthodon,,"obtusus",var.,"ahnfeltii","(Fr.) H. Möller",Accepted,,L,TRO,35135039,,"Ark. Bot.","28A(4): 38","38","1936"
tro-35135044,B,Funariaceae,,Entosthodon,,"orthocarpus",,"","(Mitt.) A. Jaeger",Accepted,,M,TRO,35135044,,"Ber. Thätigk. St. Gallischen Naturwiss. Ges.","1872–73: 223 (Gen. Sp. Musc. 1: 501)","223 ","1874"
tro-35135045,B,Funariaceae,,Entosthodon,,"ouropratensis",,"","Paris",Accepted,,M,TRO,35135045,,"Index Bryol. (ed. 2)","2: 145","145","1904"
tro-35135048,B,Funariaceae,,Entosthodon,,"papillosus",,"","Müll. Hal.",Accepted,,M,TRO,35135048,,"Linnaea","43: 358","358","1882"
tro-35182622,B,Funariaceae,,Entosthodon,,"paraguensis",,"","(Broth.) W.R. Buck",Accepted,,M,TRO,35182622,,"Candollea","40: 203","203","1985"
tro-35135052,B,Funariaceae,,Entosthodon,,"perrottetii",,"","Müll. Hal.",Accepted,,M,TRO,35135052,,"Bot. Zeitung (Berlin)","11: 19","19","1853"
tro-35188834,B,Funariaceae,,Entosthodon,,"pertenella",,"","(Broth.) Kis",Accepted,,M,TRO,35188834,,"Proc. Third Meeting Bryol. C. & E. Europe","220","220","1984"
tro-35135053,B,Funariaceae,,Entosthodon,,"physcomitrioides",,"","(Mont.) Mitt.",Accepted,,M,TRO,35135053,,"J. Proc. Linn. Soc., Bot., Suppl.","1: 55","55","1859"
tro-35135056,B,Funariaceae,,Entosthodon,,"pilifer",,"","Mitt.",Accepted,,M,TRO,35135056,,"J. Proc. Linn. Soc., Bot., Suppl.","1: 55","55","1859"
tro-35135057,B,Funariaceae,,Entosthodon,,"plagiostomus",,"","(Müll. Hal.) Sim",Accepted,,M,TRO,35135057,,"Trans. Roy. Soc. South Africa","15: 297","297","1926"
tro-35135058,B,Funariaceae,,Entosthodon,,"plagiothecius",,"","Müll. Hal.",Accepted,,M,TRO,35135058,,"Linnaea","42: 261","261","1879"
tro-35135059,B,Funariaceae,,Entosthodon,,"planifolius",,"","Thwaites & Mitt.",Accepted,,M,TRO,35135059,,"J. Linn. Soc., Bot.","13: 304","304","1873"
tro-35135060,B,Funariaceae,,Entosthodon,,"planoconvexus",,"","(E.B. Bartram) Grout",Accepted,,M,TRO,35135060,,"Moss Fl. N. Amer.","2: 80","80","1935"
tro-35135061,B,Funariaceae,,Entosthodon,,"productus",,"","Mitt.",Accepted,,M,TRO,35135061,,"Fl. Tasman.","2: 197","197","1859"
tro-35135062,B,Funariaceae,,Entosthodon,,"pseudomarginatus",,"","(Hampe) Mitt.",Accepted,,M,TRO,35135062,,"J. Linn. Soc., Bot.","12: 243","243","1869"
tro-35135063,B,Funariaceae,,Entosthodon,,"puiggarii",,"","Geh. & Hampe",Accepted,,M,TRO,35135063,,"Flora","64: 337","337","1881"
tro-35207896,B,Funariaceae,,Entosthodon,,"pulchellus",,"","(H. Philib.) Brugués",Accepted,,M,TRO,35207896,,"Orsis","15: 115","115","2000"
tro-35135064,B,Funariaceae,,Entosthodon,,"radians",,"","(Hedw.) Müll. Hal.",Accepted,,M,TRO,35135064,,"Syn. Musc. Frond.","1: 122","122","1848"
tro-35135066,B,Funariaceae,,Entosthodon,,"renauldii",,"","Thér.",Accepted,,M,TRO,35135066,,"Suppl. Prodr. Fl. Bryol. Madagascar","53. 23 f. 1","53","1909"
tro-35135069,B,Funariaceae,,Entosthodon,,"riparius",,"","(Lindb.) Paris",Accepted,,M,TRO,35135069,,"Index Bryol. (ed. 2)","2: 146","146","1904"
tro-35162360,B,Funariaceae,,Entosthodon,,"robustior",,"","(Müll. Hal.) Kindb.",Accepted,,M,TRO,35162360,,"Enum. Bryin. Exot.","57","57","1888"
tro-35135071,B,Funariaceae,,Entosthodon,,"rottleri",,"","(Schwägr.) Müll. Hal.",Accepted,,M,TRO,35135071,,"Syn. Musc. Frond.","1: 121","121","1848"
tro-35135072,B,Funariaceae,,Entosthodon,,"rubiginosus",,"","(R.S. Williams) Grout",Accepted,,M,TRO,35135072,,"Moss Fl. N. Amer.","2: 82","82","1935"
tro-35135073,B,Funariaceae,,Entosthodon,,"rubrisetus",,"","(E.B. Bartram) Grout",Accepted,,M,TRO,35135073,,"Moss Fl. N. Amer.","2: 80","80","1935"
tro-35135075,B,Funariaceae,,Entosthodon,,"saharae",,"","(Trab.) Jelenc",Accepted,,M,TRO,35135075,,"Bull. Soc. Géogr. Archéol. Oran","75: 76","76","1952"
tro-35208526,B,Funariaceae,,Entosthodon,,"schimperi",,"","Brugués",Accepted,,M,TRO,35208526,,"Cryptog. Bryol.","22: 252","252","2001"
tro-35182825,B,Funariaceae,,Entosthodon,,"serratus",,"","(Brid.) Fife",Accepted,,M,TRO,35182825,,"J. Hattori Bot. Lab.","58: 192","192","1985"
tro-35135079,B,Funariaceae,,Entosthodon,,"serricola",,"","(Müll. Hal.) Paris",Accepted,,M,TRO,35135079,,"Index Bryol. (ed. 2)","2: 146","146","1904"
tro-35135080,B,Funariaceae,,Entosthodon,,"sinensis",,"","Müll. Hal.",Unresolved,,L,TRO,35135080,,"Nuovo Giorn. Bot. Ital., n.s.,","3: 108","108","1896"
tro-35135082,B,Funariaceae,,Entosthodon,,"smithhurstii",,"","(Broth. & Geh.) Paris",Accepted,,M,TRO,35135082,,"Index Bryol.","506","506","1896"
tro-35135083,B,Funariaceae,,Entosthodon,,"soleirolii",,"","(Mont.) De Not.",Accepted,,M,TRO,35135083,,"Erb. Crittog. Ital.","9","9","1860"
tro-35135084,B,Funariaceae,,Entosthodon,,"sonorae",,"","(Cardot) Steere",Accepted,,M,TRO,35135084,,"Bryologist","41: 39","39","1938"
tro-35135086,B,Funariaceae,,Entosthodon,,"spathulatus",,"","(Schimp. ex Müll. Hal.) Sim",Accepted,,M,TRO,35135086,,"Trans. Roy. Soc. South Africa","15: 298","298","1926"
tro-35135088,B,Funariaceae,,Entosthodon,,"squarrifolius",,"","(Broth.) Paris",Accepted,,M,TRO,35135088,,"Index Bryol. Suppl.","142","142","1900"
tro-100367510,B,Funariaceae,,Entosthodon,,"stenophyllus",,"","Fedosov & Ignatova",Accepted,,M,TRO,100367510,,"Arctoa","19: 79","79","2010"
tro-35216184,B,Funariaceae,,Entosthodon,,"subaloma",,"","(Herzog) S.P. Churchill",Accepted,,M,TRO,35216184,,"Trop. Bryol.","26: 128","128","2005"
tro-35135089,B,Funariaceae,,Entosthodon,,"subattenuatus",,"","(Broth.) Paris",Accepted,,M,TRO,35135089,,"Index Bryol. Suppl.","142","142","1900"
tro-35140594,B,Funariaceae,,Entosthodon,,"subintegrus",,"","(Broth.) H.A. Mill., H. Whittier & B. Whittier",Accepted,,M,TRO,35140594,,"Bryophyt. Biblioth.","16: 125","125","1978"
tro-35182826,B,Funariaceae,,Entosthodon,,"subnudus",,"","(Taylor) Fife",Accepted,,M,TRO,35182826,,"J. Hattori Bot. Lab.","58: 192","192","1985"
tro-35182827,B,Funariaceae,,Entosthodon,,"subnudus",var.,"gracilis","(Hook. f. & Wilson) Fife",Accepted,,L,TRO,35182827,,"J. Hattori Bot. Lab.","58: 192","192","1985"
tro-35208646,B,Funariaceae,,Entosthodon,,"subnudus",var.,"phymatodeus","(Catches.) Fife & Seppelt",Accepted,,L,TRO,35208646,,"Hikobia","13: 483","483","2001"
tro-35135093,B,Funariaceae,,Entosthodon,,"subpallescens",,"","Lazarenko",Accepted,,M,TRO,35135093,,"Žurn. Inst. Bot. Vseukrajins'k. Akad. Nauk","26–27: 207","207","1938"
tro-35135099,B,Funariaceae,,Entosthodon,,"trumpffii",,"","Müll. Hal.",Accepted,,M,TRO,35135099,,"Bot. Zeitung (Berlin)","17: 198","198","1859"
tro-35135100,B,Funariaceae,,Entosthodon,,"tucsoni",,"","(E.B. Bartram) Grout",Accepted,,M,TRO,35135100,,"Moss Fl. N. Amer.","2: 81","81","1935"
tro-35135102,B,Funariaceae,,Entosthodon,,"undulatus",,"","(Hampe) Mitt.",Accepted,,M,TRO,35135102,,"J. Linn. Soc., Bot.","12: 243","243","1869"
tro-35135103,B,Funariaceae,,Entosthodon,,"urceolatus",,"","Mitt.",Accepted,,M,TRO,35135103,,"Thes. Cap.","1: 63. pl. 100, f. C","63","1859"
tro-35135104,B,Funariaceae,,Entosthodon,,"usambaricus",,"","(Broth.) Paris",Accepted,,M,TRO,35135104,,"Index Bryol.","427","427","1896"
tro-35135106,B,Funariaceae,,Entosthodon,,"verrucosus",,"","Müll. Hal.",Accepted,,M,TRO,35135106,,"Nuovo Giorn. Bot. Ital., n.s.,","4: 10","10","1897"
tro-35135108,B,Funariaceae,,Entosthodon,,"volkensii",,"","(Broth.) Paris",Accepted,,M,TRO,35135108,,"Index Bryol. Suppl.","142","142","1900"
tro-35135109,B,Funariaceae,,Entosthodon,,"wallichii",,"","Mitt.",Accepted,,M,TRO,35135109,,"J. Proc. Linn. Soc., Bot., Suppl.","1: 55","55","1859"
tro-35135110,B,Funariaceae,,Entosthodon,,"wichurae",,"","M. Fleisch.",Accepted,,M,TRO,35135110,,"Musci Buitenzorg","2: 481","481","1904"
tro-35135111,B,Funariaceae,,Entosthodon,,"wigginsii",,"","Steere",Accepted,,M,TRO,35135111,,"Bryologist","41: 36. 1–8","36","1938"
tro-35160192,B,Funariaceae,,Funaria,,"acicularis",,"","Müll. Hal.",Accepted,,M,TRO,35160192,,"Flora","69: 279","279","1886"
tro-35160193,B,Funariaceae,,Funaria,,"acidota",,"","(Taylor) Broth.",Accepted,,M,TRO,35160193,,"Nat. Pflanzenfam.","I(3): 523","523","1903"
tro-35160194,B,Funariaceae,,Funaria,,"acutifolia",,"","(Hampe) Broth.",Accepted,,M,TRO,35160194,,"Nat. Pflanzenfam.","I(3): 524","524","1903"
tro-35160195,B,Funariaceae,,Funaria,,"aequidens",,"","Lindb. ex Broth.",Accepted,,M,TRO,35160195,,"Acta Soc. Sci. Fenn.","19(12): 32","32","1892"
tro-35160197,B,Funariaceae,,Funaria,,"altiseta",,"","(Herzog) Broth.",Accepted,,M,TRO,35160197,,"Nat. Pflanzenfam. (ed. 2)","10: 328","328","1924"
tro-35160198,B,Funariaceae,,Funaria,,"altissima",,"","Dixon",Accepted,,M,TRO,35160198,,"J. Bot.","69: 285","285","1931"
tro-35160199,B,Funariaceae,,Funaria,,"americana",,"","Lindb.",Accepted,,M,TRO,35160199,,"Öfvers. Förh. Kongl. Svenska Vetensk.-Akad.","20: 398","398","1863"
tro-35160200,B,Funariaceae,,Funaria,,"ampliretis",,"","(Rehmann ex Müll. Hal.) Broth.",Accepted,,M,TRO,35160200,,"Nat. Pflanzenfam.","I(3): 525","525","1903"
tro-35160203,B,Funariaceae,,Funaria,,"andicola",,"","(Mitt.) Broth.",Accepted,,M,TRO,35160203,,"Nat. Pflanzenfam.","I(3): 524","524","1903"
tro-35160208,B,Funariaceae,,Funaria,,"anomala",,"","Jur.",Accepted,,M,TRO,35160208,,"Ins. Cypern","170","170","1865"
tro-35160209,B,Funariaceae,,Funaria,,"antarctica",,"","(Müll. Hal.) Broth.",Accepted,,M,TRO,35160209,,"Nat. Pflanzenfam.","I(3): 523","523","1903"
tro-35160210,B,Funariaceae,,Funaria,,"apiahyensis",,"","(Müll. Hal.) Broth.",Accepted,,M,TRO,35160210,,"Nat. Pflanzenfam.","I(3): 524","524","1903"
tro-35160211,B,Funariaceae,,Funaria,,"apiculatopilosa",,"","Cardot",Accepted,,M,TRO,35160211,,"Rev. Bryol.","40: 37","37","1913"
tro-35160212,B,Funariaceae,,Funaria,,"apophysata",,"","(Taylor) Broth.",Accepted,,M,TRO,35160212,,"Nat. Pflanzenfam.","I(3): 523. 379","523","1903"
tro-35160213,B,Funariaceae,,Funaria,,"arctica",,"","(Berggr.) Kindb.",Accepted,,M,TRO,35160213,,"Eur. N. Amer. Bryin.","2: 330","330","1897"
tro-35160214,B,Funariaceae,,Funaria,,"arenicola",,"","(Lazarenko) Loeske",Accepted,,M,TRO,35160214,,"Repert. Spec. Nov. Regni Veg. Sonderbeih. B","2: 114","114","1929"
tro-35160216,B,Funariaceae,,Funaria,,"aristatula",,"","Müll. Hal.",Accepted,,M,TRO,35160216,,"Linnaea","42: 254","254","1879"
tro-35160219,B,Funariaceae,,Funaria,,"balansae",,"","(Besch.) Broth.",Accepted,,M,TRO,35160219,,"Bih. Kongl. Svenska Vetensk.-Akad. Handl.","26 Afd. 3(7): 24","24","1900"
tro-35160220,B,Funariaceae,,Funaria,,"beccarii",,"","(Hampe) Broth.",Accepted,,M,TRO,35160220,,"Nat. Pflanzenfam.","I(3): 524","524","1903"
tro-35160221,B,Funariaceae,,Funaria,,"bergiana",,"","(Hornsch.) Broth.",Accepted,,M,TRO,35160221,,"Nat. Pflanzenfam.","I(3): 524","524","1903"
tro-35160222,B,Funariaceae,,Funaria,,"berteroana",,"","Hampe ex Müll. Hal.",Accepted,,M,TRO,35160222,,"Bot. Zeitung (Berlin)","20: 327","327","1862"
tro-35160225,B,Funariaceae,,Funaria,,"beyrichii",,"","Hampe",Accepted,,M,TRO,35160225,,"Vidensk. Meddel. Dansk Naturhist. Foren. Kjøbenhavn","1: 77","77","1879"
tro-35160226,B,Funariaceae,,Funaria,,"bogosica",,"","Müll. Hal.",Accepted,,M,TRO,35160226,,"Nuovo Giorn. Bot. Ital.","4: 16","16","1872"
tro-35160230,B,Funariaceae,,Funaria,,"bonplandii",,"","(Hook.) Broth.",Accepted,,M,TRO,35160230,,"Nat. Pflanzenfam.","I(3): 524","524","1903"
tro-35160231,B,Funariaceae,,Funaria,,"borbonica",,"","(Besch.) Broth.",Accepted,,M,TRO,35160231,,"Nat. Pflanzenfam.","I(3): 524","524","1903"
tro-35160232,B,Funariaceae,,Funaria,,"borneensis",,"","Dixon",Accepted,,M,TRO,35160232,,"J. Linn. Soc., Bot.","50: 92. pl. 2: f. 19","92","1935"
tro-35183123,B,Funariaceae,,Funaria,,"brassii",,"","(E.B. Bartram) W. Schultze-Motel",Accepted,,M,TRO,35183123,,"Taxon","12: 127","127","1963"
tro-35160235,B,Funariaceae,,Funaria,,"buseana",,"","(Dozy & Molk.) Broth.",Accepted,,M,TRO,35160235,,"Nat. Pflanzenfam.","I(3): 524","524","1903"
tro-35160248,B,Funariaceae,,Funaria,,"calcarea",var.,"sinistra","(Schiffner) Wijk & Margad.",Unresolved,,L,TRO,35160248,,"Taxon","9: 50","50","1960"
tro-35145358,B,Funariaceae,,Funaria,,"calvescens",,"","Schwägr.",Accepted,,M,TRO,35145358,,"Sp. Musc. Frond., Suppl. 1","2: 77. pl. 65","77","1816"
tro-35145362,B,Funariaceae,,Funaria,,"cameruniae",,"","Dixon",Accepted,,M,TRO,35145362,,"Ann. Bryol.","6: 23","23","1933"
tro-35145363,B,Funariaceae,,Funaria,,"campylopodioides",,"","(Müll. Hal.) Broth.",Accepted,,M,TRO,35145363,,"Nat. Pflanzenfam.","I(3): 525","525","1903"
tro-35145365,B,Funariaceae,,Funaria,,"capillaris",,"","Warnst.",Accepted,,M,TRO,35145365,,"Hedwigia","57: 92. 27 1, k","92","1915"
tro-35145366,B,Funariaceae,,Funaria,,"capillipes",,"","Broth.",Accepted,,M,TRO,35145366,,"Acta Soc. Sci. Fenn.","24(7): 20","20","1899"
tro-35145368,B,Funariaceae,,Funaria,,"cartilaginea",,"","(Müll. Hal.) Broth.",Accepted,,M,TRO,35145368,,"Nat. Pflanzenfam.","I(3): 523","523","1903"
tro-35145371,B,Funariaceae,,Funaria,,"chevalieri",,"","P. de la Varde",Accepted,,M,TRO,35145371,,"Bull. Mus. Natl. Hist. Nat.","15: 242. 4","242","1943"
tro-35145372,B,Funariaceae,,Funaria,,"chilensis",,"","(Thér.) Thér.",Accepted,,M,TRO,35145372,,"Revista Chilena Hist. Nat.","30: 344. 25 f. 4","344","1926"
tro-35145373,B,Funariaceae,,Funaria,,"chiloensis",,"","(Mitt.) Broth.",Accepted,,M,TRO,35145373,,"Nat. Pflanzenfam.","I(3): 524","524","1903"
tro-35145374,B,Funariaceae,,Funaria,,"clavaeformis",,"","(Müll. Hal. & Hampe) Broth.",Accepted,,M,TRO,35145374,,"Nat. Pflanzenfam.","I(3): 525. 384","525","1903"
tro-35183512,B,Funariaceae,,Funaria,,"clavata",,"","(Mitt.) Magill",Accepted,,M,TRO,35183512,,"Fl. S. Africa, Bryophyta","2: 326","326","1987"
tro-35145375,B,Funariaceae,,Funaria,,"clavellata",,"","(Mitt.) Broth.",Accepted,,M,TRO,35145375,,"Nat. Pflanzenfam.","I(3): 523","523","1903"
tro-35145377,B,Funariaceae,,Funaria,,"commixta",,"","Thér.",Accepted,,M,TRO,35145377,,"Revista Chilena Hist. Nat.","30: 344. 25 f. 5","344","1926"
tro-35145378,B,Funariaceae,,Funaria,,"commutata",,"","(Durieu & Mont.) Lindb.",Accepted,,M,TRO,35145378,,"Nat. Pflanzenfam.","I(3): 524","524","1903"
tro-35183124,B,Funariaceae,,Funaria,,"contorta",,"","(E.B. Bartram) W. Schultze-Motel",Accepted,,M,TRO,35183124,,"Taxon","12: 127","127","1963"
tro-35145380,B,Funariaceae,,Funaria,,"convexa",,"","Spruce",Accepted,,M,TRO,35145380,,"Musci Pyren.","149","149","1847"
tro-35145382,B,Funariaceae,,Funaria,,"costesii",,"","Thér.",Accepted,,M,TRO,35145382,,"Revista Chilena Hist. Nat.","25: 303. 27 f. 3","303","1921"
tro-35145384,B,Funariaceae,,Funaria,,"curvi-apiculata",,"","(Müll. Hal.) Broth.",Accepted,,M,TRO,35145384,,"Nat. Pflanzenfam.","I(3): 524","524","1903"
tro-35145385,B,Funariaceae,,Funaria,,"curvipes",,"","(Müll. Hal.) Broth.",Accepted,,M,TRO,35145385,,"Nat. Pflanzenfam.","I(3): 525","525","1903"
tro-35145386,B,Funariaceae,,Funaria,,"curviseta",,"","(Schwägr.) Milde",Accepted,,M,TRO,35145386,,"Bryol. Siles.","196","196","1869"
tro-35145390,B,Funariaceae,,Funaria,,"decaryi",,"","Thér.",Accepted,,M,TRO,35145390,,"Recueil Publ. Soc. Havraise Études Diverses","1926: 47. ic","47","1927"
tro-35145391,B,Funariaceae,,Funaria,,"delicatula",,"","Thér.",Accepted,,M,TRO,35145391,,"Recueil Publ. Soc. Havraise Études Diverses","87: 99. 1","99","1920"
tro-35145393,B,Funariaceae,,Funaria,,"dentata",subsp.,"hibernica","(Hook.) Giacom.",Unresolved,,L,TRO,35145393,,"Ist. Bot. Reale Univ. Reale Lab. Crittog. Pavia, Atti","4: 228","228","1947"
tro-35145403,B,Funariaceae,,Funaria,,"deserticola",,"","Trab.",Accepted,,M,TRO,35145403,,"Rev. Bryol.","49: 65. f. b","65","1922"
tro-35145405,B,Funariaceae,,Funaria,,"discelioides",,"","Müll. Hal.",Accepted,,M,TRO,35145405,,"Nuovo Giorn. Bot. Ital., n.s.,","4: 245","245","1897"
tro-35145407,B,Funariaceae,,Funaria,,"diversinervis",,"","(Müll. Hal.) Broth.",Accepted,,M,TRO,35145407,,"Nat. Pflanzenfam.","I(3): 522","522","1903"
tro-35145408,B,Funariaceae,,Funaria,,"dozyana",,"","(Müll. Hal.) Broth.",Accepted,,M,TRO,35145408,,"Nat. Pflanzenfam.","I(3): 524","524","1903"
tro-35145410,B,Funariaceae,,Funaria,,"duriaei",,"","Schimp.",Unresolved,,L,TRO,35145410,,"Cat. Mous. Algérie","23","23","1882"
tro-35145413,B,Funariaceae,,Funaria,,"eberhardtii",,"","(Broth. & Paris) Broth.",Accepted,,M,TRO,35145413,,"Nat. Pflanzenfam.","I(3): 1204","1204","1909"
tro-35145415,B,Funariaceae,,Funaria,,"epipedostegia",,"","Cardot",Unresolved,,L,TRO,35145415,,"Rev. Bryol.","36: 109","109","1909"
tro-35145416,B,Funariaceae,,Funaria,,"erectiuscula",,"","Mitt.",Accepted,,M,TRO,35145416,,"J. Linn. Soc., Bot.","12: 247","247","1869"
tro-35162478,B,Funariaceae,,Funaria,,"euryloma",,"","Dixon",Accepted,,M,TRO,35162478,,"Results Norweg. Sci. Exped. Tristan da Cunha","48: 26","26","1960"
tro-35145419,B,Funariaceae,,Funaria,,"eurystoma",,"","(Mitt.) Broth.",Accepted,,M,TRO,35145419,,"Nat. Pflanzenfam.","I(3): 524","524","1903"
tro-35145420,B,Funariaceae,,Funaria,,"excurrentinervis",,"","Cardot & P. de la Varde",Accepted,,M,TRO,35145420,,"Rev. Bryol.","50: 18. f. 4","18","1923"
tro-35145422,B,Funariaceae,,Funaria,,"fascicularis",var.,"minor","(De Not.) Grav.",Unresolved,,L,TRO,35145422,,"Rev. Bryol.","10: 27","27","1883"
tro-35145423,B,Funariaceae,,Funaria,,"faucium",,"","(Herzog) Broth.",Accepted,,M,TRO,35145423,,"Nat. Pflanzenfam. (ed. 2)","10: 328","328","1924"
tro-35145424,B,Funariaceae,,Funaria,,"flava",,"","(Müll. Hal.) Broth.",Accepted,,M,TRO,35145424,,"Nat. Pflanzenfam.","I(3): 524","524","1903"
tro-35145425,B,Funariaceae,,Funaria,,"flavicans",,"","Michx.",Accepted,,M,TRO,35145425,,"Fl. Bor.-Amer.","2: 303","303","1803"
tro-35145429,B,Funariaceae,,Funaria,,"flexiseta",,"","(Müll. Hal.) Broth.",Accepted,,M,TRO,35145429,,"Nat. Pflanzenfam.","I(3): 525","525","1903"
tro-35145430,B,Funariaceae,,Funaria,,"fontana",,"","(Herzog) Broth.",Accepted,,M,TRO,35145430,,"Nat. Pflanzenfam. (ed. 2)","10: 327","327","1924"
tro-35145431,B,Funariaceae,,Funaria,,"fontanesii",,"","Schwägr.",Accepted,,M,TRO,35145431,,"Sp. Musc. Frond., Suppl. 1","2: 80. pl. 66","80","1816"
tro-35145433,B,Funariaceae,,Funaria,,"fritzei",,"","Geh.",Accepted,,M,TRO,35145433,,"Biblioth. Bot.","73: 57. 8","57","1910"
tro-35145435,B,Funariaceae,,Funaria,,"fuscescens",,"","Mitt.",Accepted,,M,TRO,35145435,,"Hooker's J. Bot. Kew Gard. Misc.","3: 54","54","1851"
tro-35145437,B,Funariaceae,,Funaria,,"glabripes",,"","(Müll. Hal.) Broth.",Accepted,,M,TRO,35145437,,"Nat. Pflanzenfam.","I(3): 526","526","1903"
tro-35145442,B,Funariaceae,,Funaria,,"gracilis",,"","(Hook. f. & Wilson) Broth.",Accepted,,M,TRO,35145442,,"Nat. Pflanzenfam.","I(3): 524","524","1903"
tro-35145443,B,Funariaceae,,Funaria,,"grossidens",,"","Broth.",Accepted,,M,TRO,35145443,,"Bot. Jahrb. Syst.","56 (Beibl. 123): 12","12","1920"
tro-35145450,B,Funariaceae,,Funaria,,"hildebrandtii",,"","(Müll. Hal.) Broth.",Accepted,,M,TRO,35145450,,"Bot. Jahrb. Syst.","20: 187","187","1894"
tro-35145451,B,Funariaceae,,Funaria,,"holstii",,"","Broth.",Accepted,,M,TRO,35145451,,"Bot. Jahrb. Syst.","20: 187","187","1894"
tro-35145452,B,Funariaceae,,Funaria,,"hookeriana",,"","Thér.",Accepted,,M,TRO,35145452,,"Rev. Bryol., n.s.","2: 177","177","1930"
tro-35145453,B,Funariaceae,,Funaria,,"hosseusii",,"","E.B. Bartram",Accepted,,M,TRO,35145453,,"Musci Eur. & Amer. Exsic.","46, App.: 2. pl. 4","2","1939"
tro-35145455,B,Funariaceae,,Funaria,,"husnotii",,"","(Schimp. ex Besch.) Broth.",Accepted,,M,TRO,35145455,,"Nat. Pflanzenfam.","I(3): 525","525","1903"
tro-35145457,B,Funariaceae,,Funaria,,"hygrometrica",,"","Hedw.",Accepted,,M,TRO,35145457,,"Sp. Musc. Frond.","172","172","1801"
tro-35187056,B,Funariaceae,,Funaria,,"hygrometrica",f.,"breviseta","(Broth.) Cufod.",Accepted,,L,TRO,35187056,,"Oesterr. Bot. Z.","98: 228","228","1951"
tro-35145466,B,Funariaceae,,Funaria,,"hygrometrica",var.,"calvescens","(Schwägr.) Mont.",Accepted,,L,TRO,35145466,,"Ann. Sci. Nat., Bot., sér. 2,","12: 54","54","1839"
tro-35162482,B,Funariaceae,,Funaria,,"hygrometrica x physcomitrium acuminatum",,"","L. Bauer & Broseg",Accepted,,M,TRO,35162482,,"Z. Indukt. Abstammungs- Vererbungsl.","90: 400. 1–3","400","1959"
tro-35145493,B,Funariaceae,,Funaria,,"hygrometrica x physcomitrium pyriforme",,"","Györffy",Unresolved,,L,TRO,35145493,,"Magyar Bot. Lapok","15: 87","87","1916"
tro-35145491,B,Funariaceae,,Funaria,,"hygrometrica x calcarea",,"","Glow.",Unresolved,,L,TRO,35145491,,"Mitt. Naturwiss. Vereines Steiermark","50: 180","180","1914"
tro-35145492,B,Funariaceae,,Funaria,,"hygrometrica x mediterranea",,"","F. Wettst.",Unresolved,,L,TRO,35145492,,"Biol. Zentralbl.","44: 156","156","1924"
tro-35145495,B,Funariaceae,,Funaria,,"imerinensis",,"","Cardot",Accepted,,M,TRO,35145495,,"Hist. Phys. Madagascar, Mousses","270","270","1915"
tro-35145496,B,Funariaceae,,Funaria,,"incompleta",,"","Müll. Hal.",Accepted,,M,TRO,35145496,,"Linnaea","42: 253","253","1879"
tro-35145497,B,Funariaceae,,Funaria,,"incurvifolia",,"","Müll. Hal. ex E. Britton",Accepted,,M,TRO,35145497,,"Bull. Torrey Bot. Club","","","1896"
tro-35145498,B,Funariaceae,,Funaria,,"inflata",,"","Müll. Hal.",Accepted,,M,TRO,35145498,,"Nuovo Giorn. Bot. Ital., n.s.,","4: 8","8","1897"
tro-35145500,B,Funariaceae,,Funaria,,"integra",,"","(Müll. Hal.) Broth.",Accepted,,M,TRO,35145500,,"Nat. Pflanzenfam.","I(3): 525","525","1903"
tro-35145504,B,Funariaceae,,Funaria,,"jamesonii",,"","(Taylor) Taylor",Accepted,,M,TRO,35145504,,"London J. Bot.","7: 189","189","1848"
tro-35145505,B,Funariaceae,,Funaria,,"japonica",,"","Broth.",Accepted,,M,TRO,35145505,,"Hedwigia","38: 216","216","1899"
tro-35145506,B,Funariaceae,,Funaria,,"javanica",,"","(Dozy & Molk.) Broth.",Accepted,,M,TRO,35145506,,"Nat. Pflanzenfam.","I(3): 524","524","1903"
tro-35145511,B,Funariaceae,,Funaria,,"kilimandscharica",,"","Müll. Hal.",Accepted,,M,TRO,35145511,,"Flora","73: 471","471","1890"
tro-35162483,B,Funariaceae,,Funaria,,"koelzei",,"","E.B. Bartram",Accepted,,M,TRO,35162483,,"Rev. Bryol. Lichénol.","29: 167","167","1961"
tro-35145512,B,Funariaceae,,Funaria,,"krausei",,"","(Besch.) Geh. & Herzog",Accepted,,M,TRO,35145512,,"Biblioth. Bot.","73: 57","57","1910"
tro-35145513,B,Funariaceae,,Funaria,,"laevis",,"","Mitt.",Accepted,,M,TRO,35145513,,"J. Linn. Soc., Bot.","12: 248","248","1869"
tro-35145516,B,Funariaceae,,Funaria,,"laxissima",,"","Müll. Hal.",Accepted,,M,TRO,35145516,,"Syn. Musc. Frond.","2: 541","541","1851"
tro-35145517,B,Funariaceae,,Funaria,,"leibergii",,"","(E. Britton) Broth.",Accepted,,M,TRO,35145517,,"Nat. Pflanzenfam.","I(3): 523","523","1903"
tro-35145518,B,Funariaceae,,Funaria,,"lepervanchei",,"","(Besch.) Broth.",Accepted,,M,TRO,35145518,,"Nat. Pflanzenfam. (ed. 2)","10: 329","329","1924"
tro-35145521,B,Funariaceae,,Funaria,,"lignicola",,"","Broth.",Accepted,,M,TRO,35145521,,"Symb. Sin.","4: 48","48","1929"
tro-35145522,B,Funariaceae,,Funaria,,"limbata",,"","(Müll. Hal.) Broth.",Accepted,,M,TRO,35145522,,"Nat. Pflanzenfam.","I(3): 524","524","1903"
tro-35145523,B,Funariaceae,,Funaria,,"lindigii",,"","(Hampe) Broth.",Accepted,,M,TRO,35145523,,"Nat. Pflanzenfam.","I(3): 525","525","1903"
tro-35145524,B,Funariaceae,,Funaria,,"linearidens",,"","Müll. Hal.",Accepted,,M,TRO,35145524,,"Linnaea","42: 252","252","1879"
tro-35145526,B,Funariaceae,,Funaria,,"longicollis",,"","Dixon",Accepted,,M,TRO,35145526,,"S. African J. Sci.","18: 318","318","1922"
tro-35145527,B,Funariaceae,,Funaria,,"longiseta",,"","(Schimp.) Broth.",Accepted,,M,TRO,35145527,,"Nat. Pflanzenfam.","I(3): 523","523","1903"
tro-35145529,B,Funariaceae,,Funaria,,"ludoviciae",,"","Broth. & Paris",Accepted,,M,TRO,35145529,,"Oefvers. Förh. Finska Vetensk.-Soc.","53A(11): 18","18","1911"
tro-35145530,B,Funariaceae,,Funaria,,"luteo-limbata",,"","Broth.",Accepted,,M,TRO,35145530,,"Bih. Kongl. Svenska Vetensk.-Akad. Handl.","26 Afd. 3(7): 24","24","1900"
tro-35145531,B,Funariaceae,,Funaria,,"lutescens",,"","(Hampe) Broth.",Accepted,,M,TRO,35145531,,"Nat. Pflanzenfam.","I(3): 523","523","1903"
tro-35188815,B,Funariaceae,,Funaria,,"macrocarpa",,"","(Schimp.) R.H. Zander",Accepted,,M,TRO,35188815,,"Bull. Buffalo Soc. Nat. Sci.","32: 278","278","1993"
tro-35145534,B,Funariaceae,,Funaria,,"macrospora",,"","R.S. Williams",Accepted,,M,TRO,35145534,,"Bull. New York Bot. Gard.","3(9): 133","133","1903"
tro-35145537,B,Funariaceae,,Funaria,,"maireana",,"","Copp.",Accepted,,M,TRO,35145537,,"Bull. Soc. Vaud. Sci. Nat.","8: 323. 2k–9, 4","323","1908"
tro-35145542,B,Funariaceae,,Funaria,,"marginatula",,"","(Müll. Hal.) Cardot",Accepted,,M,TRO,35145542,,"Hist. Phys. Madagascar, Mousses","269","269","1915"
tro-35145543,B,Funariaceae,,Funaria,,"mathwesii",,"","(Hook. f.) Broth.",Accepted,,M,TRO,35145543,,"Nat. Pflanzenfam.","I(3): 524","524","1903"
tro-35145545,B,Funariaceae,,Funaria,,"mauritiana",,"","(Schimp. ex Besch.) Broth.",Accepted,,M,TRO,35145545,,"Nat. Pflanzenfam.","I(3): 523","523","1903"
tro-35145546,B,Funariaceae,,Funaria,,"mayottensis",,"","(Besch.) Broth.",Accepted,,M,TRO,35145546,,"Nat. Pflanzenfam.","I(3): 419","419","1904"
tro-35145555,B,Funariaceae,,Funaria,,"meeseacea",,"","Müll. Hal.",Accepted,,M,TRO,35145555,,"Linnaea","43: 357","357","1882"
tro-35145556,B,Funariaceae,,Funaria,,"megalostoma",,"","Mitt.",Accepted,,M,TRO,35145556,,"J. Linn. Soc., Bot.","12: 246","246","1869"
tro-35145559,B,Funariaceae,,Funaria,,"microcarpa",,"","(Müll. Hal.) Broth.",Accepted,,M,TRO,35145559,,"Nat. Pflanzenfam.","I(3): 524","524","1903"
tro-35145560,B,Funariaceae,,Funaria,,"micropyxis",,"","(Müll. Hal.) Broth.",Accepted,,M,TRO,35145560,,"Nat. Pflanzenfam.","I(3): 524","524","1903"
tro-35145561,B,Funariaceae,,Funaria,,"microstoma",,"","Bruch ex Schimp.",Accepted,,M,TRO,35145561,,"Flora","23: 850","850","1840"
tro-35145564,B,Funariaceae,,Funaria,,"minuticaulis",,"","(Müll. Hal. ex Geh.) Watts & Whitel.",Accepted,,M,TRO,35145564,,"Proc. Linn. Soc. New South Wales","30(Suppl.): 115","115","1906"
tro-35145565,B,Funariaceae,,Funaria,,"mittenii",,"","(Dozy & Molk.) Broth.",Accepted,,M,TRO,35145565,,"Nat. Pflanzenfam.","I(3): 522. 378","522","1903"
tro-35145570,B,Funariaceae,,Funaria,,"muhlenbergii",,"","Turner",Accepted,,M,TRO,35145570,,"Ann. Bot. (König & Sims)","2: 198","198","1804"
tro-35168591,B,Funariaceae,,Funaria,,"muhlenbergii",var.,"alpina","(J.J. Amann) Castelli",Accepted,,L,TRO,35168591,,"Rev. Bryol. Lichénol.","34: 718","718","1966"
tro-35145583,B,Funariaceae,,Funaria,,"nilotica",,"","Broth.",Accepted,,M,TRO,35145583,,"Nat. Pflanzenfam.","I(3): 523","523","1903"
tro-35145584,B,Funariaceae,,Funaria,,"noumeana",,"","(Besch.) Broth.",Accepted,,M,TRO,35145584,,"Nat. Pflanzenfam.","I(3): 524","524","1903"
tro-35145586,B,Funariaceae,,Funaria,,"nubica",,"","Müll. Hal.",Accepted,,M,TRO,35145586,,"Hedwigia","38: 61","61","1899"
tro-35145588,B,Funariaceae,,Funaria,,"obtusa",,"","(Hedw.) Lindb.",Accepted,,M,TRO,35145588,,"Not. Sällsk. Fauna Fl. Fenn. Förh.","11: 65","65","1870"
tro-35145589,B,Funariaceae,,Funaria,,"obtusa",var.,"ahnfeltii","(Fr.) Kindb.",Accepted,,L,TRO,35145589,,"Kongl. Svenska Vetensk. Acad. Handl., n.s.","7(9): 80","80","1883"
tro-35145591,B,Funariaceae,,Funaria,,"obtusa",var.,"notarisii","(Schimp.) Pavletic",Accepted,,L,TRO,35145591,,"Prodr. Fl. Briof. Jugoslav.","279","279","1955"
tro-35145592,B,Funariaceae,,Funaria,,"obtusata",,"","Schimp.",Accepted,,M,TRO,35145592,,"Syn. Musc. Frond.","2: 540","540","1851"
tro-35145596,B,Funariaceae,,Funaria,,"obtuso-apiculata",,"","(Müll. Hal.) Broth.",Accepted,,M,TRO,35145596,,"Nat. Pflanzenfam.","I(3): 524","524","1903"
tro-35145597,B,Funariaceae,,Funaria,,"oligophylla",,"","(Müll. Hal.) Broth.",Accepted,,M,TRO,35145597,,"Nat. Pflanzenfam.","I(3): 523","523","1903"
tro-35145599,B,Funariaceae,,Funaria,,"orizabensis",,"","Müll. Hal.",Accepted,,M,TRO,35145599,,"Linnaea","38: 621","621","1874"
tro-35145600,B,Funariaceae,,Funaria,,"orthocarpa",,"","Mitt.",Accepted,,M,TRO,35145600,,"J. Proc. Linn. Soc., Bot., Suppl.","1: 56","56","1859"
tro-35145602,B,Funariaceae,,Funaria,,"ouropratensis",,"","(Paris) Thér.",Accepted,,M,TRO,35145602,,"Rev. Bryol., n.s.","4: 177","177","1932"
tro-35145606,B,Funariaceae,,Funaria,,"pallescens",var.,"mitratus","(Cas.-Gil) Wijk & Margad.",Unresolved,,L,TRO,35145606,,"Taxon","9: 50","50","1960"
tro-35145608,B,Funariaceae,,Funaria,,"papillosa",,"","(Müll. Hal.) Wijk & Margad.",Accepted,,M,TRO,35145608,,"Taxon","9: 50","50","1960"
tro-35145612,B,Funariaceae,,Funaria,,"paucifolia",,"","(Müll. Hal.) Broth.",Accepted,,M,TRO,35145612,,"Nat. Pflanzenfam.","I(3): 524","524","1903"
tro-35145613,B,Funariaceae,,Funaria,,"pellucida",,"","(Müll. Hal.) Broth.",Accepted,,M,TRO,35145613,,"Nat. Pflanzenfam.","I(3): 523","523","1903"
tro-35145614,B,Funariaceae,,Funaria,,"perlaxa",,"","Thér.",Accepted,,M,TRO,35145614,,"Rev. Bryol., n.s.","3: 34. 3","34","1930"
tro-35145616,B,Funariaceae,,Funaria,,"perrottetii",,"","(Müll. Hal.) Broth.",Accepted,,M,TRO,35145616,,"Nat. Pflanzenfam.","I((3)): 523","523","1903"
tro-35145620,B,Funariaceae,,Funaria,,"pilifera",,"","(Mitt.) Broth.",Accepted,,M,TRO,35145620,,"Nat. Pflanzenfam.","I(3): 523","523","1903"
tro-35145623,B,Funariaceae,,Funaria,,"plagiothecia",,"","(Müll. Hal.) Broth.",Accepted,,M,TRO,35145623,,"Nat. Pflanzenfam.","I(3): 525","525","1903"
tro-35145624,B,Funariaceae,,Funaria,,"planifolia",,"","(Thwaites & Mitt.) Broth.",Accepted,,M,TRO,35145624,,"Nat. Pflanzenfam.","I(3): 523","523","1903"
tro-35145626,B,Funariaceae,,Funaria,,"polaris",,"","Bryhn",Accepted,,M,TRO,35145626,,"Rep. Second Norweg. Arctic Exped. Fram 1898--1902","2(11): 70","70","1907"
tro-35145627,B,Funariaceae,,Funaria,,"porteri",,"","Thér.",Accepted,,M,TRO,35145627,,"Revista Chilena Hist. Nat.","32: 252. f. 45","252","1929"
tro-35145628,B,Funariaceae,,Funaria,,"producta",,"","(Mitt.) Broth.",Accepted,,M,TRO,35145628,,"Nat. Pflanzenfam.","I(3): 522","522","1903"
tro-35145629,B,Funariaceae,,Funaria,,"puiggarii",,"","(Geh. & Hampe) Broth.",Accepted,,M,TRO,35145629,,"Nat. Pflanzenfam.","I(3): 525","525","1903"
tro-35145630,B,Funariaceae,,Funaria,,"pulchella",,"","H. Philib.",Accepted,,M,TRO,35145630,,"Rev. Bryol.","11: 41","41","1884"
tro-35145631,B,Funariaceae,,Funaria,,"pulchra",,"","Dixon & P. de la Varde",Accepted,,M,TRO,35145631,,"Arch. Bot. Bull. Mens.","1(8–9): 169. 5 f. 3","169","1927"
tro-35145632,B,Funariaceae,,Funaria,,"pulchricolor",,"","Müll. Hal.",Accepted,,M,TRO,35145632,,"Linnaea","42: 251","251","1879"
tro-35145638,B,Funariaceae,,Funaria,,"ramulosa",,"","(Hampe) Paris",Accepted,,M,TRO,35145638,,"Index Bryol.","506","506","1896"
tro-35145641,B,Funariaceae,,Funaria,,"renauldii",,"","(Thér.) Cardot",Accepted,,M,TRO,35145641,,"Hist. Phys. Madagascar, Mousses","269","269","1915"
tro-35145642,B,Funariaceae,,Funaria,,"rhizomatica",,"","(Müll. Hal.) Broth.",Accepted,,M,TRO,35145642,,"Nat. Pflanzenfam.","I(3): 524","524","1903"
tro-35145643,B,Funariaceae,,Funaria,,"rhizophylla",,"","(Sakurai) Sakurai",Accepted,,M,TRO,35145643,,"Muscol. Jap.","68","68","1954"
tro-35145644,B,Funariaceae,,Funaria,,"rhomboidea",,"","J. Shaw",Accepted,,M,TRO,35145644,,"Cape Monthly Mag.","17: 315","315","1878"
tro-35145645,B,Funariaceae,,Funaria,,"riparia",,"","Lindb.",Accepted,,M,TRO,35145645,,"Not. Sällsk. Fauna Fl. Fenn. Förh.","11: 58","58","1870"
tro-35145646,B,Funariaceae,,Funaria,,"robustior",,"","(Müll. Hal.) Broth.",Accepted,,M,TRO,35145646,,"Nat. Pflanzenfam.","I(3): 525","525","1903"
tro-35145647,B,Funariaceae,,Funaria,,"rottleri",,"","(Schwägr.) Broth.",Accepted,,M,TRO,35145647,,"Nat. Pflanzenfam.","I(3): 525","525","1903"
tro-35145651,B,Funariaceae,,Funaria,,"saharae",,"","Trab.",Accepted,,M,TRO,35145651,,"Bull. Soc. Hist. Nat. Afrique N.","18(1): 13","13","1927"
tro-35145653,B,Funariaceae,,Funaria,,"sartorii",,"","Müll. Hal.",Accepted,,M,TRO,35145653,,"Linnaea","38: 620","620","1874"
tro-35145655,B,Funariaceae,,Funaria,,"schinzii",,"","(Geh.) Broth.",Accepted,,M,TRO,35145655,,"Nat. Pflanzenfam.","I(3): 524","524","1903"
tro-35145656,B,Funariaceae,,Funaria,,"schnyderi",,"","Müll. Hal.",Accepted,,M,TRO,35145656,,"Linnaea","43: 356","356","1882"
tro-35145658,B,Funariaceae,,Funaria,,"serrata",,"","Brid.",Accepted,,M,TRO,35145658,,"Muscol. Recent. Suppl.","3: 70","70","1817"
tro-35145660,B,Funariaceae,,Funaria,,"serricola",,"","(Müll. Hal.) Broth.",Accepted,,M,TRO,35145660,,"Nat. Pflanzenfam.","I(3): 524","524","1903"
tro-35145661,B,Funariaceae,,Funaria,,"sickenbergeri",,"","Müll. Hal.",Accepted,,M,TRO,35145661,,"Gen. Musc. Frond.","105","105","1900"
tro-35145663,B,Funariaceae,,Funaria,,"sinuato-limbata",,"","Cardot & P. de la Varde",Accepted,,M,TRO,35145663,,"Rev. Bryol.","50: 19. f. 2","19","1923"
tro-35145664,B,Funariaceae,,Funaria,,"sipascoyae",,"","(Herzog) Broth.",Accepted,,M,TRO,35145664,,"Nat. Pflanzenfam. (ed. 2)","10: 327","327","1924"
tro-35145671,B,Funariaceae,,Funaria,,"sovatensis",,"","Schimp. ex Müll. Hal.",Accepted,,M,TRO,35145671,,"Linnaea","42: 255","255","1879"
tro-35145672,B,Funariaceae,,Funaria,,"spathulata",,"","Schimp. ex Müll. Hal.",Accepted,,M,TRO,35145672,,"Hedwigia","38: 61","61","1899"
tro-35145673,B,Funariaceae,,Funaria,,"spathulifolia",,"","(Cardot & Thér.) Broth.",Accepted,,M,TRO,35145673,,"Nat. Pflanzenfam.","I(3): 1204","1204","1909"
tro-35145676,B,Funariaceae,,Funaria,,"styriaca",,"","Glow.",Unresolved,,L,TRO,35145676,,"Mitt. Naturwiss. Vereines Steiermark","50: 180","180","1914"
tro-35145680,B,Funariaceae,,Funaria,,"subcuspidata",,"","Broth.",Accepted,,M,TRO,35145680,,"Oefvers. Förh. Finska Vetensk.-Soc.","40: 171","171","1898"
tro-35145681,B,Funariaceae,,Funaria,,"suberecta",,"","Mitt.",Accepted,,M,TRO,35145681,,"J. Linn. Soc., Bot.","12: 248","248","1869"
tro-35145682,B,Funariaceae,,Funaria,,"subimmarginata",,"","Cardot & P. de la Varde",Accepted,,M,TRO,35145682,,"Rev. Bryol.","50: 19. f. 3","19","1923"
tro-35145684,B,Funariaceae,,Funaria,,"subleptopoda",,"","Hampe",Accepted,,M,TRO,35145684,,"Linnaea","38: 207","207","1874"
tro-35145685,B,Funariaceae,,Funaria,,"submarginata",,"","(Müll. Hal.) Broth.",Accepted,,M,TRO,35145685,,"Nat. Pflanzenfam.","I(3): 524","524","1903"
tro-35145687,B,Funariaceae,,Funaria,,"subnuda",,"","Taylor",Accepted,,M,TRO,35145687,,"London J. Bot.","5: 57","57","1846"
tro-35145689,B,Funariaceae,,Funaria,,"subplanifolia",,"","Broth.",Accepted,,M,TRO,35145689,,"Hedwigia","50: 129","129","1910"
tro-35145691,B,Funariaceae,,Funaria,,"subtilis",,"","(Müll. Hal.) Broth.",Accepted,,M,TRO,35145691,,"Nat. Pflanzenfam.","I(3): 523","523","1903"
tro-35184372,B,Funariaceae,,Funaria,,"subulata",,"","(E.B. Bartram) W. Schultze-Motel",Accepted,,M,TRO,35184372,,"Taxon","12: 127","127","1963"
tro-35145692,B,Funariaceae,,Funaria,,"succuleata",,"","(Wager & C.H. Wright) Broth. ex Magill",Accepted,,M,TRO,35145692,,"Fl. S. Africa, Bryophyta","2: 321","321","1987"
tro-35145698,B,Funariaceae,,Funaria,,"tenella",,"","Müll. Hal.",Accepted,,M,TRO,35145698,,"Linnaea","42: 250","250","1879"
tro-35145702,B,Funariaceae,,Funaria,,"trumpffii",,"","(Müll. Hal.) Broth.",Accepted,,M,TRO,35145702,,"Nat. Pflanzenfam.","I(3): 524","524","1903"
tro-35145705,B,Funariaceae,,Funaria,,"uleana",,"","(Müll. Hal.) Broth.",Accepted,,M,TRO,35145705,,"Nat. Pflanzenfam.","I(3): 524","524","1903"
tro-35145706,B,Funariaceae,,Funaria,,"undulata",,"","(Hampe) Broth.",Accepted,,M,TRO,35145706,,"Nat. Pflanzenfam.","I(3): 523","523","1903"
tro-35140679,B,Funariaceae,,Funaria,,"urceolata",,"","(Mitt.) Magill",Accepted,,M,TRO,35140679,,"Mem. Bot. Surv. S. Africa","43: 7","7","1979"
tro-35145707,B,Funariaceae,,Funaria,,"usambarica",,"","Broth.",Accepted,,M,TRO,35145707,,"Bot. Jahrb. Syst.","20: 187","187","1894"
tro-35145708,B,Funariaceae,,Funaria,,"valdiviae",,"","Müll. Hal.",Accepted,,M,TRO,35145708,,"Gen. Musc. Frond.","105","105","1900"
tro-35145709,B,Funariaceae,,Funaria,,"varia",,"","(Mitt.) Broth.",Accepted,,M,TRO,35145709,,"Nat. Pflanzenfam.","I(3): 523","523","1903"
tro-35145711,B,Funariaceae,,Funaria,,"verrucosa",,"","(Müll. Hal.) Broth.",Accepted,,M,TRO,35145711,,"Nat. Pflanzenfam.","I(3): 525. 386","525","1903"
tro-35145713,B,Funariaceae,,Funaria,,"volkensii",,"","Broth.",Accepted,,M,TRO,35145713,,"Bot. Jahrb. Syst.","24: 243","243","1897"
tro-35145714,B,Funariaceae,,Funaria,,"wallichii",,"","(Mitt.) Broth.",Accepted,,M,TRO,35145714,,"Nat. Pflanzenfam.","I(3): 525","525","1903"
tro-35145716,B,Funariaceae,,Funaria,,"wichurae",,"","(M. Fleisch.) Broth.",Accepted,,M,TRO,35145716,,"Nat. Pflanzenfam.","I(3): 1204","1204","1909"
tro-35140680,B,Funariaceae,,Funaria,,"wijkii",,"","R.S. Chopra",Accepted,,M,TRO,35140680,,"Taxon. Indian Mosses","185","185","1975"
tro-35183786,B,Funariaceae,,Funariella,,"curviseta",,"","(Schwägr.) Sérgio",Accepted,,M,TRO,35183786,,"Orsis","3: 10","10","1988"
tro-35145720,B,Funariaceae,,Funariophyscomitrella,,"bivalens",,"","F. Wettst.",Unresolved,,L,TRO,35145720,,"Biol. Centralbl.","33: 129. 43 g–i, 44a, 45, 46","129","1924"
tro-35145721,B,Funariaceae,,Funariophyscomitrella,,"hybrida",,"","F. Wettst.",Unresolved,,L,TRO,35145721,,"Z. Indukt. Abstammungs- Vererbungsl.","33: 135","135","1924"
tro-35145722,B,Funariaceae,,Funariophyscomitrella,,"octovalens",,"","F. Wettst.",Unresolved,,L,TRO,35145722,,"Bibliogr. Genet.","2: 7","7","1925"
tro-35145723,B,Funariaceae,,Funariophyscomitrella,,"quadrivalens",,"","F. Wettst.",Unresolved,,L,TRO,35145723,,"Biol. Centralbl.","44: 145","145","1924"
tro-35162486,B,Funariaceae,,Funariophyscomitrella,,"univalens",,"","F. Wettst.",Unresolved,,L,TRO,35162486,,"Z. Indukt. Abstammungs- Vererbungsl.","33: 135","135","1924"
tro-35146208,B,Funariaceae,,Goniomitrium,,"acuminatum",,"","Hook. & Wilson",Accepted,,M,TRO,35146208,,"London J. Bot.","5: 143. pl. 3: b","143","1846"
tro-35146209,B,Funariaceae,,Goniomitrium,,"africanum",,"","(Müll. Hal.) Broth.",Accepted,,M,TRO,35146209,,"Nat. Pflanzenfam.","I(3): 521. 376","521","1903"
tro-35146211,B,Funariaceae,,Goniomitrium,,"enerve",,"","Hook. & Wilson",Accepted,,M,TRO,35146211,,"London J. Bot.","5: 142. 3A","142","1846"
tro-35141314,B,Funariaceae,,Goniomitrium,,"seroi",,"","Casas",Accepted,,M,TRO,35141314,,"Orsis","8: 151","151","1993"
tro-35146212,B,Funariaceae,,Goniomitrium,,"speluncae",,"","P. de la Varde",Accepted,,M,TRO,35146212,,"Rev. Bryol. Lichénol.","15: 141. 1, 2","141","1946"
tro-35112420,B,Funariaceae,,Jonesia,,"sphaerocarpa",,"","Bizot",Accepted,,M,TRO,35112420,,"Rev. Bryol. Lichénol.","40: 25. pl. 1","25","1974"
tro-35183955,B,Funariaceae,,Koehlreutera,,"hygrometrica",,"","(Hedw.) Grindel",Accepted,,M,TRO,35183955,,"Bot. Taschenb.","317","317","1803"
tro-35182829,B,Funariaceae,,Loiseaubryum,,"nutans",,"","(Mitt.) Fife",Accepted,,M,TRO,35182829,,"J. Hattori Bot. Lab.","58: 192","192","1985"
tro-35165494,B,Funariaceae,,Micropoma,,"bukobensis",,"","Broth.",Accepted,,M,TRO,35165494,,"Wiss. Erg. Deut. Zentr.-Afr. Exped., Bot.","2: 151. pl. 13: f. 21","151","1910"
tro-35165495,B,Funariaceae,,Micropoma,,"niloticum",,"","(Delile) Lindb.",Accepted,,M,TRO,35165495,,"Nat. Pflanzenfam.","I(3): 518. 372","518","1903"
tro-35165497,B,Funariaceae,,Microstegium,,"niloticum",,"","(Delile) Lindb.",Accepted,,M,TRO,35165497,,"Öfvers. Förh. Kongl. Svenska Vetensk.-Akad.","21: 593","593","1865"
tro-35171249,B,Funariaceae,,Nanomitriella,,"ciliata",,"","E.B. Bartram",Accepted,,M,TRO,35171249,,"Rev. Bryol. Lichénol.","23: 247","247","1954"
tro-35167988,B,Funariaceae,,Physcomitrella,,"bartlettii",,"","Fife",Accepted,,M,TRO,35167988,,"Lindbergia","8: 103. f. 11–21","103","1982"
tro-35140972,B,Funariaceae,,Physcomitrella,,"magdalenae",,"","De Sloover",Accepted,,M,TRO,35140972,,"Bull. Jard. Bot. Belg.","45: 131. f. 1–22","131","1975"
tro-35108841,B,Funariaceae,,Physcomitrella,,"patens",,"","(Hedw.) Bruch & Schimp.",Accepted,,M,TRO,35108841,,"Bryol. Eur.","1: 13. pl. 3: patens (fasc. 42. Monogr. 1. pl. 2: patens)","13","1849"
tro-35108847,B,Funariaceae,,Physcomitrella,,"patens x funaria hygrometrica",,"","Podp.",Unresolved,,L,TRO,35108847,,"Spisy PYír. Fak. Masarykovy Univ.","1921, 5: 6, 7","6, 7","1921"
tro-35108848,B,Funariaceae,,Physcomitrella,,"patens x physcomitrium eurystomum",,"","F. Wettst.",Unresolved,,L,TRO,35108848,,"Z. Indukt. Abstammungs- Vererbungsl.","33: 136","136","1924"
tro-35169721,B,Funariaceae,,Physcomitrella,,"readeri",,"","(Müll. Hal.) I.G. Stone & G.A.M. Scott",Accepted,,M,TRO,35169721,,"J. Bryol.","7: 604","604","1973"
tro-35108851,B,Funariaceae,,Physcomitrellopsis,,"africana",,"","Wager & Broth. ex Dixon",Accepted,,M,TRO,35108851,,"J. Bot.","60: 107. 564 f. 3","107","1922"
tro-35108852,B,Funariaceae,,Physcomitrellopsis,,"indica",,"","Dixon",Accepted,,M,TRO,35108852,,"J. Indian Bot. Soc.","12: 122. pl. 1–5","122","1933"
tro-35108853,B,Funariaceae,,Physcomitridium,,"readeri",,"","(Müll. Hal.) G. Roth",Accepted,,M,TRO,35108853,,"Aussereur. Laubm.","250. 21 f. 4","250","1911"
tro-35108872,B,Funariaceae,,Physcomitrium,,"acutifolium",,"","Broth.",Accepted,,M,TRO,35108872,,"Bih. Kongl. Svenska Vetensk.-Akad. Handl.","26 Afd. 3(7): 26","26","1900"
tro-35108876,B,Funariaceae,,Physcomitrium,,"arenicola",,"","Lazarenko",Accepted,,M,TRO,35108876,,"Ukrajins'k. Bot. Žurn.","4: 37","37","1928"
tro-35108877,B,Funariaceae,,Physcomitrium,,"argentinicum",,"","Paris",Accepted,,M,TRO,35108877,,"Index Bryol.","934","934","1897"
tro-35108878,B,Funariaceae,,Physcomitrium,,"aubertii",,"","Besch.",Accepted,,M,TRO,35108878,,"Ann. Sci. Nat., Bot., sér. 6,","9: 374","374","1880"
tro-35108880,B,Funariaceae,,Physcomitrium,,"badium",,"","Broth.",Accepted,,M,TRO,35108880,,"Bih. Kongl. Svenska Vetensk.-Akad. Handl.","26 Afd. 3(7): 25","25","1900"
tro-35108883,B,Funariaceae,,Physcomitrium,,"bolanderi",,"","(Lesq.) Kindb.",Accepted,,M,TRO,35108883,,"Eur. N. Amer. Bryin.","2: 335","335","1897"
tro-35108884,B,Funariaceae,,Physcomitrium,,"bonplandii",,"","(Hook.) De Not.",Accepted,,M,TRO,35108884,,"Syllab. Musc.","283","283","1838"
tro-35108886,B,Funariaceae,,Physcomitrium,,"breutelii",,"","Müll. Hal.",Accepted,,M,TRO,35108886,,"Bot. Zeitung (Berlin)","13: 749","749","1855"
tro-35108887,B,Funariaceae,,Physcomitrium,,"brevirostre",,"","Broth.",Accepted,,M,TRO,35108887,,"Bih. Kongl. Svenska Vetensk.-Akad. Handl.","26 Afd. 3(7): 27","27","1900"
tro-35108888,B,Funariaceae,,Physcomitrium,,"brevisetum",,"","Mitt.",Accepted,,M,TRO,35108888,,"J. Linn. Soc., Bot.","15: 65","65","1876"
tro-35108889,B,Funariaceae,,Physcomitrium,,"brisbanicum",,"","Müll. Hal.",Accepted,,M,TRO,35108889,,"Linnaea","37: 146","146","1872"
tro-35167989,B,Funariaceae,,Physcomitrium,,"bukobense",,"","(Broth.) Fife",Accepted,,M,TRO,35167989,,"Lindbergia","8: 76","76","1982"
tro-35108891,B,Funariaceae,,Physcomitrium,,"capillipes",,"","Müll. Hal. ex Broth.",Accepted,,M,TRO,35108891,,"Hedwigia","34: 127","127","1895"
tro-35108893,B,Funariaceae,,Physcomitrium,,"chlorodictyon",,"","Müll. Hal.",Accepted,,M,TRO,35108893,,"Linnaea","42: 258","258","1879"
tro-35108894,B,Funariaceae,,Physcomitrium,,"coarctatum",,"","Müll. Hal. ex Cardot",Accepted,,M,TRO,35108894,,"Hist. Phys. Madagascar, Mousses","268","268","1915"
tro-35108895,B,Funariaceae,,Physcomitrium,,"collenchymatum",,"","Gier",Accepted,,M,TRO,35108895,,"Trans. Kansas Acad. Sci.","58: 330","330","1955"
tro-35108900,B,Funariaceae,,Physcomitrium,,"coorgense",,"","Broth.",Accepted,,M,TRO,35108900,,"Rec. Bot. Surv. India","1(12): 319","319","1899"
tro-35108901,B,Funariaceae,,Physcomitrium,,"courtoisii",,"","Paris & Broth.",Accepted,,M,TRO,35108901,,"Rev. Bryol.","36: 9","9","1909"
tro-35108904,B,Funariaceae,,Physcomitrium,,"cupulare",,"","Müll. Hal.",Accepted,,M,TRO,35108904,,"Linnaea","42: 259","259","1879"
tro-35108906,B,Funariaceae,,Physcomitrium,,"cupuliferum",,"","Mitt.",Accepted,,M,TRO,35108906,,"J. Linn. Soc., Bot.","12: 242","242","1869"
tro-35108908,B,Funariaceae,,Physcomitrium,,"curvipes",,"","Müll. Hal.",Accepted,,M,TRO,35108908,,"Linnaea","18: 697","697","1845"
tro-35108909,B,Funariaceae,,Physcomitrium,,"curvisetum",,"","(Schwägr.) Bruch & Schimp.",Accepted,,M,TRO,35108909,,"Bryol. Eur.","3: 249. 301 (fasc. 11. Monogr. 14. 4)","249","1841"
tro-35108911,B,Funariaceae,,Physcomitrium,,"delicatulum",,"","H.A. Crum & L.E. Anderson",Accepted,,M,TRO,35108911,,"Bryologist","58: 1. f. 6–9","1","1955"
tro-35108913,B,Funariaceae,,Physcomitrium,,"dilatatum",,"","Renauld & Cardot",Accepted,,M,TRO,35108913,,"Bull. Soc. Roy. Bot. Belgique","29(1): 175","175","1890"
tro-35108916,B,Funariaceae,,Physcomitrium,,"enerve",,"","(Hook. & Wilson) Müll. Hal.",Accepted,,M,TRO,35108916,,"Syn. Musc. Frond.","2: 545","545","1851"
tro-35108917,B,Funariaceae,,Physcomitrium,,"ericetorum",,"","(De Not.) Bruch & Schimp.",Accepted,,M,TRO,35108917,,"Bryol. Eur.","3: 249. 300 (fasc. 11 Mon. 13. 3)","249","1841"
tro-35108919,B,Funariaceae,,Physcomitrium,,"eurystomum",,"","Sendtn.",Accepted,,M,TRO,35108919,,"Denkschr. Bayer. Bot. Ges. Regensburg","3: 142","142","1841"
tro-35169065,B,Funariaceae,,Physcomitrium,,"eurystomum",f.,"subpatulum","(Lindb. & Arnell) Smirnova",Accepted,,L,TRO,35169065,,"Novosti Syst. Niza. Rast.","6: 256","256","1969"
tro-35108923,B,Funariaceae,,Physcomitrium,,"eurystomum x funaria hygrometrica",,"","F. Wettst.",Unresolved,,L,TRO,35108923,,"Biol. Centralbl.","44: 156","156","1924"
tro-35108924,B,Funariaceae,,Physcomitrium,,"eurystomum x physcomitrella patens",,"","F. Wettst.",Unresolved,,L,TRO,35108924,,"Biol. Centralbl.","44: 156","156","1924"
tro-35108925,B,Funariaceae,,Physcomitrium,,"eurystomum x physcomitrium pyriforme",,"","F. Wettst.",Unresolved,,L,TRO,35108925,,"Z. Indukt. Abstammungs- Vererbungsl.","33: 148","148","1924"
tro-35108926,B,Funariaceae,,Physcomitrium,,"falcifolium",,"","Müll. Hal. ex Broth.",Accepted,,M,TRO,35108926,,"Hedwigia","34: 127","127","1895"
tro-35108929,B,Funariaceae,,Physcomitrium,,"felipponei",,"","Thér.",Accepted,,M,TRO,35108929,,"Revista Sudamer. Bot.","6: 108","108","1941"
tro-35108931,B,Funariaceae,,Physcomitrium,,"flaccidum",,"","Mitt.",Accepted,,M,TRO,35108931,,"Trans. Roy. Soc. Victoria","19: 67","67","1882"
tro-35108933,B,Funariaceae,,Physcomitrium,,"flexifolium",,"","Mitt.",Accepted,,M,TRO,35108933,,"St. Helena","361","361","1875"
tro-35108935,B,Funariaceae,,Physcomitrium,,"germanillae",,"","Müll. Hal.",Accepted,,M,TRO,35108935,,"Linnaea","42: 259","259","1879"
tro-35162940,B,Funariaceae,,Physcomitrium,,"gibertii",,"","Mitt.",Accepted,,M,TRO,35162940,,"Rep. Challenger, Bot.","1(3): 171","171","1885"
tro-35108937,B,Funariaceae,,Physcomitrium,,"gonoi",,"","Broth. ex Cardot",Accepted,,M,TRO,35108937,,"Bull. Soc. Bot. Genève","1: 122","122","1909"
tro-35108939,B,Funariaceae,,Physcomitrium,,"hampei",,"","(Limpr.) Loeske & Györffy",Accepted,,M,TRO,35108939,,"Repert. Spec. Nov. Regni Veg. Sonderbeih. B","B 2: 21","21","1929"
tro-35108941,B,Funariaceae,,Physcomitrium,,"hemisphaericum",,"","Thér. & P. de la Varde",Accepted,,M,TRO,35108941,,"Rev. Gén. Bot.","29: 298. 24. f. 7","298","1917"
tro-35108942,B,Funariaceae,,Physcomitrium,,"herteri",,"","Thér.",Accepted,,M,TRO,35108942,,"Revista Sudamer. Bot.","6: 108","108","1941"
tro-35108943,B,Funariaceae,,Physcomitrium,,"hians",,"","Lindb.",Unresolved,,L,TRO,35108943,,"Not. Sällsk. Fauna Fl. Fenn. Förh.","11: 51","51","1871"
tro-35108946,B,Funariaceae,,Physcomitrium,,"hookeri",,"","Hampe",Accepted,,M,TRO,35108946,,"Icon. Musc.","30 (adnot.)","30","1844"
tro-35108948,B,Funariaceae,,Physcomitrium,,"immersum",,"","Sull.",Accepted,,M,TRO,35108948,,"Manual","648","648","1848"
tro-35108950,B,Funariaceae,,Physcomitrium,,"immersum x turbinatum",,"","A.L. Andrews",Accepted,,M,TRO,35108950,,"Bryologist","45: 176","176","1942"
tro-35169169,B,Funariaceae,,Physcomitrium,,"indicum",,"","(Dixon) Gangulee",Accepted,,M,TRO,35169169,,"Bull. Bot. Soc. Bengal","23: 131","131","1969"
tro-35108951,B,Funariaceae,,Physcomitrium,,"insigne",,"","Dixon & P. de la Varde",Accepted,,M,TRO,35108951,,"Arch. Bot. Bull. Mens.","1(8–9): 168. 3 f. 5","168","1927"
tro-35108952,B,Funariaceae,,Physcomitrium,,"integrifolium",,"","Hampe & Müll. Hal.",Accepted,,M,TRO,35108952,,"Linnaea","26: 490","490","1855"
tro-35108954,B,Funariaceae,,Physcomitrium,,"jamesonii",,"","Taylor",Accepted,,M,TRO,35108954,,"London J. Bot.","6: 329","329","1847"
tro-35108955,B,Funariaceae,,Physcomitrium,,"japonicum",,"","(Hedw.) Mitt.",Accepted,,M,TRO,35108955,,"Trans. Linn. Soc. London, Bot.","3: 164","164","1891"
tro-35108960,B,Funariaceae,,Physcomitrium,,"langloisii",,"","(Renauld & Cardot) Kindb.",Accepted,,M,TRO,35108960,,"Eur. N. Amer. Bryin.","2: 334","334","1897"
tro-35108961,B,Funariaceae,,Physcomitrium,,"latifolium",,"","(Brid.) Bruch & Schimp.",Accepted,,M,TRO,35108961,,"Bryol. Eur.","3: 251 (fasc. 11 Mon. 15)","251 ","1841"
tro-35108963,B,Funariaceae,,Physcomitrium,,"laxum",,"","(Hook. f. & Wilson) Müll. Hal.",Accepted,,M,TRO,35108963,,"Syn. Musc. Frond.","2: 546","546","1851"
tro-35108967,B,Funariaceae,,Physcomitrium,,"lindmannii",,"","Broth.",Accepted,,M,TRO,35108967,,"Bih. Kongl. Svenska Vetensk.-Akad. Handl.","26 Afd. 3(7): 26","26","1900"
tro-35108968,B,Funariaceae,,Physcomitrium,,"longicolle",,"","Trab.",Accepted,,M,TRO,35108968,,"Rev. Bryol.","49: 64. icon.","64","1922"
tro-35108970,B,Funariaceae,,Physcomitrium,,"lorentzii",,"","Müll. Hal.",Accepted,,M,TRO,35108970,,"Linnaea","42: 260","260","1879"
tro-35108971,B,Funariaceae,,Physcomitrium,,"luteolum",,"","Besch.",Accepted,,M,TRO,35108971,,"Mém. Soc. Sci. Nat. Cherbourg","21: 263","263","1877"
tro-35141343,B,Funariaceae,,Physcomitrium,,"mahui",,"","H. Rob.",Accepted,,M,TRO,35141343,,"Phytologia","20: 329. f. 1–2","329","1970"
tro-35108982,B,Funariaceae,,Physcomitrium,,"minutulum",,"","Müll. Hal.",Accepted,,M,TRO,35108982,,"Linnaea","37: 147","147","1872"
tro-35188816,B,Funariaceae,,Physcomitrium,,"mirabile",,"","(Broth. & Paris) R.H. Zander",Accepted,,M,TRO,35188816,,"Bull. Buffalo Soc. Nat. Sci.","32: 278","278","1993"
tro-35108985,B,Funariaceae,,Physcomitrium,,"niloticum",,"","(Delile) Müll. Hal.",Accepted,,M,TRO,35108985,,"Bot. Zeitung (Berlin)","16: 154","154","1858"
tro-35108988,B,Funariaceae,,Physcomitrium,,"nodulifolium",,"","Mitt.",Accepted,,M,TRO,35108988,,"Trans. Roy. Soc. Victoria","19: 66","66","1882"
tro-35108994,B,Funariaceae,,Physcomitrium,,"orbignyanum",,"","(Mont.) Mont.",Accepted,,M,TRO,35108994,,"Voy. Amér. Mérid., Bot.","87. 3 f. 2","87","1839"
tro-35108995,B,Funariaceae,,Physcomitrium,,"paraguense",,"","Besch.",Accepted,,M,TRO,35108995,,"Mém. Soc. Sci. Nat. Cherbourg","21: 262","262","1877"
tro-35108996,B,Funariaceae,,Physcomitrium,,"patens",,"","(Hedw.) Mitt.",Accepted,,M,TRO,35108996,,"Ann. Mag. Nat. Hist., ser. 2","8: 363","363","1851"
tro-35108997,B,Funariaceae,,Physcomitrium,,"perflaccidum",,"","Broth. ex P. de la Varde",Accepted,,M,TRO,35108997,,"Rev. Gén. Bot.","29: 299","299","1917"
tro-35108999,B,Funariaceae,,Physcomitrium,,"piriforme",,"","De Not.",Unresolved,,L,TRO,35108999,,"Bull. Soc. Bot. France","12: 136","136","1865"
tro-35109000,B,Funariaceae,,Physcomitrium,,"platyphylloides",,"","Paris",Accepted,,M,TRO,35109000,,"Index Bryol. (ed. 2)","3: 394","394","1905"
tro-35109006,B,Funariaceae,,Physcomitrium,,"puiggarii",,"","Geh. & Hampe",Accepted,,M,TRO,35109006,,"Vidensk. Meddel. Dansk Naturhist. Foren. Kjøbenhavn","1: 76","76","1879"
tro-35109007,B,Funariaceae,,Physcomitrium,,"pulchellum",,"","(Griff.) Mitt.",Accepted,,M,TRO,35109007,,"J. Proc. Linn. Soc., Bot., Suppl.","1: 54","54","1859"
tro-35109008,B,Funariaceae,,Physcomitrium,,"pusillum",,"","Wilson",Accepted,,M,TRO,35109008,,"Fl. Nov.-Zel.","2: 92. 87 f. 1","92","1854"
tro-35109011,B,Funariaceae,,Physcomitrium,,"pyriforme",,"","(Hedw.) Hampe",Accepted,,M,TRO,35109011,,"Linnaea","11: 80","80","1837"
tro-35217625,B,Funariaceae,,Physcomitrium,,"pyriforme",f.,"cucullatum","(Schiffner) Podp.",Accepted,,L,TRO,35217625,,"Consp. Musc. Eur.","307","307","1954"
tro-35217626,B,Funariaceae,,Physcomitrium,,"pyriforme",f.,"limbatum","(Warnst.) Podp.",Accepted,,L,TRO,35217626,,"Consp. Musc. Eur.","307","307","1954"
tro-35109026,B,Funariaceae,,Physcomitrium,,"pyriforme x funaria hygrometrica",,"","F. Wettst.",Unresolved,,L,TRO,35109026,,"Biol. Centralbl.","44: 156","156","1924"
tro-35109028,B,Funariaceae,,Physcomitrium,,"repandum",,"","(Griff.) Mitt.",Accepted,,M,TRO,35109028,,"J. Proc. Linn. Soc., Bot., Suppl.","1: 54","54","1859"
tro-35109029,B,Funariaceae,,Physcomitrium,,"repens",,"","(Hook.) Müll. Hal.",Accepted,,M,TRO,35109029,,"Syn. Musc. Frond.","2: 544","544","1851"
tro-35109031,B,Funariaceae,,Physcomitrium,,"rivale",,"","(Geh.) Broth.",Accepted,,M,TRO,35109031,,"Nat. Pflanzenfam.","I(3): 519","519","1903"
tro-35162943,B,Funariaceae,,Physcomitrium,,"rooperi",,"","Mitt.",Accepted,,M,TRO,35162943,,"Rep. Challenger, Bot.","1(3): 171","171","1885"
tro-35109032,B,Funariaceae,,Physcomitrium,,"roseae",,"","R.S. Williams",Accepted,,M,TRO,35109032,,"Bull. Torrey Bot. Club","42: 400. pl. 25: f. 1–9","400","1915"
tro-35109035,B,Funariaceae,,Physcomitrium,,"sahapurense",,"","Müll. Hal. ex P. de la Varde",Accepted,,M,TRO,35109035,,"Rev. Gén. Bot.","29: 299","299","1917"
tro-35109039,B,Funariaceae,,Physcomitrium,,"serratum",,"","(Hook. & Wilson) Sull.",Accepted,,M,TRO,35109039,,"Proc. Amer. Acad. Arts","3: 60","60","1847"
tro-35109040,B,Funariaceae,,Physcomitrium,,"serratum x turbinatum",,"","E. Britton",Unresolved,,L,TRO,35109040,,"Bull. Torrey Bot. Club","65. 231","65","1895"
tro-35109042,B,Funariaceae,,Physcomitrium,,"serrifolium",,"","Müll. Hal.",Accepted,,M,TRO,35109042,,"Linnaea","42: 257","257","1879"
tro-35109043,B,Funariaceae,,Physcomitrium,,"serrulatum",,"","Mitt.",Accepted,,M,TRO,35109043,,"J. Linn. Soc., Bot.","12: 241","241","1869"
tro-35109046,B,Funariaceae,,Physcomitrium,,"sinensi-sphaericum",,"","Müll. Hal.",Accepted,,M,TRO,35109046,,"Nuovo Giorn. Bot. Ital., n.s.,","5: 160","160","1898"
tro-35109048,B,Funariaceae,,Physcomitrium,,"spathulatum",,"","Müll. Hal.",Accepted,,M,TRO,35109048,,"Linnaea","18: 695","695","1845"
tro-35183511,B,Funariaceae,,Physcomitrium,,"spathulatum",var.,"sessile","(J. Shaw) Magill",Accepted,,L,TRO,35183511,,"Fl. S. Africa, Bryophyta","2: 319","319","1987"
tro-35109051,B,Funariaceae,,Physcomitrium,,"sphaericum",,"","(C.F. Ludw.) Fürnr.",Accepted,,M,TRO,35109051,,"Flora","20: 285","285","1837"
tro-35109060,B,Funariaceae,,Physcomitrium,,"sphaericum x physcomitrella patens",,"","Limpr.",Accepted,,M,TRO,35109060,,"Laubm. Deutschl.","1: 175","175","1885"
tro-35109062,B,Funariaceae,,Physcomitrium,,"splachoideum",,"","(P. Beauv.) Brid.",Accepted,,M,TRO,35109062,,"Bryol. Univ.","2: 815","815","1827"
tro-35109063,B,Funariaceae,,Physcomitrium,,"spurio-acuminatum",,"","Dixon",Accepted,,M,TRO,35109063,,"Rev. Bryol. Lichénol.","7: 107","107","1934"
tro-35109068,B,Funariaceae,,Physcomitrium,,"subminutulum",,"","Broth. & Paris",Accepted,,M,TRO,35109068,,"Oefvers. Förh. Finska Vetensk.-Soc.","53 A(11): 18","18","1911"
tro-35109072,B,Funariaceae,,Physcomitrium,,"subspathulatum",,"","Thér. & Naveau",Accepted,,M,TRO,35109072,,"Bull. Soc. Roy. Bot. Belgique","60: 32. 13","32","1927"
tro-35109074,B,Funariaceae,,Physcomitrium,,"subsphaericum",,"","Schimp.",Accepted,,M,TRO,35109074,,"Syn. Musc. Frond.","2: 544","544","1851"
tro-35109078,B,Funariaceae,,Physcomitrium,,"sumatranum",,"","Baumgartner & J. Froehl.",Accepted,,M,TRO,35109078,,"Ann. Naturhist. Mus. Wien","59: 79","79","1953"
tro-35109079,B,Funariaceae,,Physcomitrium,,"sylvestre",,"","Müll. Hal.",Accepted,,M,TRO,35109079,,"Hedwigia","39: 246","246","1900"
tro-35109081,B,Funariaceae,,Physcomitrium,,"templetonii",,"","(Sm.) Müll. Hal.",Accepted,,M,TRO,35109081,,"Linnaea","18: 696","696","1845"
tro-35109082,B,Funariaceae,,Physcomitrium,,"tetragonum",,"","(Brid.) Fürnr.",Accepted,,M,TRO,35109082,,"Flora","20: 285","285","1837"
tro-35109083,B,Funariaceae,,Physcomitrium,,"thieleanum",,"","Hampe",Accepted,,M,TRO,35109083,,"Icon. Musc.","30","30","1844"
tro-35109096,B,Funariaceae,,Physcomitrium,,"turgidum",,"","Mitt.",Accepted,,M,TRO,35109096,,"J. Linn. Soc., Bot.","12: 241","241","1869"
tro-35109097,B,Funariaceae,,Physcomitrium,,"umbonatum",,"","Mitt.",Accepted,,M,TRO,35109097,,"J. Linn. Soc., Bot.","12: 241","241","1869"
tro-35109099,B,Funariaceae,,Physcomitrium,,"washingtoniense",,"","H.A. Crum & L.E. Anderson",Accepted,,M,TRO,35109099,,"Bryologist","58: 9. f. 10–15","9","1955"
tro-35144426,B,Funariaceae,,Pyramidium,,"tetragonum",,"","(Brid.) Brid.",Accepted,,M,TRO,35144426,,"Bryol. Univ.","1: 108","108","1826"
tro-35144429,B,Funariaceae,,Pyramidula,,"tetragona",,"","(Brid.) Brid.",Accepted,,M,TRO,35144429,,"Muscol. Recent. Suppl.","4: 20","20","1819"
tro-35168916,B,Funariaceae,,Steppomitra,,"hadacii",,"","Vondr.",Accepted,,M,TRO,35168916,,"Bull. Soc. Amis Sci. Lett. Poznań, Sér. D, Sci. Biol.","6: 118. f. 1","118","1965"
tro-35168917,B,Funariaceae,,Steppomitra,,"hungarica",,"","(Boros) Vondr.",Accepted,,M,TRO,35168917,,"Bull. Soc. Amis Sci. Lett. Poznań, Sér. D, Sci. Biol.","6: 118","118","1965"
