﻿ID,Major group,Family,Genus hybrid marker,Genus,Species hybrid marker,Species,Infraspecific rank,Infraspecific epithet,Authorship,Taxonomic status in TPL,Nomenclatural status from original data source,Confidence level,Source,Source id,IPNI id,Publication,Collation,Page,Date
tro-35207852,B,Geocalycaceae,,Amphilophocolea,,"sciaphila",,"","R.M. Schust.",Accepted,,M,TRO,35207852,,"Nova Hedwigia","72: 98","98","2001"
tro-35191587,B,Geocalycaceae,,Anomylia,,"cuneifolia",,"","(Hook.) R.M. Schust.",Accepted,,M,TRO,35191587,,"Amer. Midl. Naturalist","62: 51","51","1959"
tro-35207556,B,Geocalycaceae,,Arctoscyphus,,"fuegiensis",,"","(C. Massal.) Hässel de Menéndez",Accepted,,M,TRO,35207556,,"Cryptog. Bryol. Lichénol.","17: 164","164","1996"
tro-35186988,B,Geocalycaceae,,Arctoscyphus,,"ronsmithii",,"","Hässel de Menéndez",Accepted,,M,TRO,35186988,,"Lindbergia","16: 133. f. 1–14, 25","133","1990"
tro-35201128,B,Geocalycaceae,,Campanocolea,,"fragmentissima",,"","(R.M. Schust.) R.M. Schust.",Accepted,,M,TRO,35201128,,"J. Hattori Bot. Lab.","82: 253","253","1997"
tro-35212195,B,Geocalycaceae,,Clasmatocolea,,"alpina",,"","(Rodway) Grolle",Accepted,,M,TRO,35212195,,"J. Jap. Bot.","41: 226","226","1966"
tro-35206835,B,Geocalycaceae,,Clasmatocolea,,"amplectens",,"","(Mitt.) J.J. Engel",Accepted,,M,TRO,35206835,,"J. Hattori Bot. Lab.","68: 303","303","1990"
tro-35208300,B,Geocalycaceae,,Clasmatocolea,,"cookiana",,"","(C. Massal.) J.J. Engel",Accepted,,M,TRO,35208300,,"J. Hattori Bot. Lab.","36: 156","156","1972"
tro-35185327,B,Geocalycaceae,,Clasmatocolea,,"exigua",,"","Stephani",Accepted,,M,TRO,35185327,,"Bull. Herb. Boissier, sér. 2,","6: 391 [Sp. Hep. 3: 48]","391 [Sp","1906"
tro-35201799,B,Geocalycaceae,,Clasmatocolea,,"fasciculata",,"","(Nees) Grolle",Accepted,,M,TRO,35201799,,"Rev. Bryol. Lichénol.","29: 72","72","1960"
tro-35190956,B,Geocalycaceae,,Clasmatocolea,,"fragillima",,"","Spruce",Accepted,,M,TRO,35190956,,"Trans. & Proc. Bot. Soc. Edinburgh","15: 440","440","1885"
tro-35201268,B,Geocalycaceae,,Clasmatocolea,,"fulvella",,"","(Hook. f. & Taylor) Grolle",Accepted,,M,TRO,35201268,,"Rev. Bryol. Lichénol.","29: 72","72","1960"
tro-35208303,B,Geocalycaceae,,Clasmatocolea,,"gayana",,"","(Mont.) Grolle",Accepted,,M,TRO,35208303,,"Rev. Bryol. Lichénol.","29: 72","72","1960"
tro-35190958,B,Geocalycaceae,,Clasmatocolea,,"heterostipa",,"","Spruce",Accepted,,M,TRO,35190958,,"Trans. & Proc. Bot. Soc. Edinburgh","15: 441","441","1885"
tro-35204176,B,Geocalycaceae,,Clasmatocolea,,"humilis",,"","(Hook. f. & Taylor) Grolle",Accepted,,M,TRO,35204176,,"Rev. Bryol. Lichénol.","29: 72","72","1960"
tro-35211520,B,Geocalycaceae,,Clasmatocolea,,"humilis",var.,"suspecta","(C. Massal.) J.J. Engel",Accepted,,L,TRO,35211520,,"Phytologia","41: 309","309","1979"
tro-35207186,B,Geocalycaceae,,Clasmatocolea,,"inflexispina",,"","(Hook. f. & Taylor) J.J. Engel",Accepted,,M,TRO,35207186,,"Bryologist","94: 436","436","1991"
tro-35208656,B,Geocalycaceae,,Clasmatocolea,,"innovata",,"","Herzog",Unresolved,,L,TRO,35208656,,"J. Hattori Bot. Lab.","14: 39. f. 7","39","1955"
tro-35200702,B,Geocalycaceae,,Clasmatocolea,,"minutiretis",,"","J.J. Engel & Grolle",Accepted,,M,TRO,35200702,,"Phytologia","41: 309","309","1979"
tro-35211527,B,Geocalycaceae,,Clasmatocolea,,"moniliformis",,"","J.J. Engel",Accepted,,M,TRO,35211527,,"Phytologia","41: 310","310","1979"
tro-35208305,B,Geocalycaceae,,Clasmatocolea,,"navistipula",,"","(Stephani) Grolle",Accepted,,M,TRO,35208305,,"Feddes Repert.","82: 88","88","1971"
tro-35212143,B,Geocalycaceae,,Clasmatocolea,,"notophylla",,"","(Hook. f. & Taylor) Grolle",Accepted,,M,TRO,35212143,,"J. Jap. Bot.","41: 228","228","1966"
tro-35208306,B,Geocalycaceae,,Clasmatocolea,,"obvoluta",,"","(Hook. f. & Taylor) Grolle",Accepted,,M,TRO,35208306,,"Rev. Bryol. Lichénol.","29: 72","72","1960"
tro-35208307,B,Geocalycaceae,,Clasmatocolea,,"puccioana",,"","(De Not.) Grolle",Accepted,,M,TRO,35208307,,"Rev. Bryol. Lichénol.","29: 72","72","1960"
tro-35201270,B,Geocalycaceae,,Clasmatocolea,,"rigens",,"","(Hook. f. & Taylor) J.J. Engel",Accepted,,M,TRO,35201270,,"J. Hattori Bot. Lab.","36: 156","156","1972"
tro-35201273,B,Geocalycaceae,,Clasmatocolea,,"trachypus",,"","(Hook. f. & Taylor) Grolle",Accepted,,M,TRO,35201273,,"Rev. Bryol. Lichénol.","29: 73","73","1960"
tro-35190959,B,Geocalycaceae,,Clasmatocolea,,"vermicularis",,"","(Lehm.) Grolle",Accepted,,M,TRO,35190959,,"Rev. Bryol. Lichénol.","29: 78","78","1960"
tro-35200723,B,Geocalycaceae,,Clasmatocolea,,"verrucosa",,"","J.J. Engel",Accepted,,M,TRO,35200723,,"Bryologist","83: 220. f. 1–19","220","1980"
tro-35207935,B,Geocalycaceae,,Conoscyphus,,"trapezioides",,"","(Sande Lac.) Schiffner",Accepted,,M,TRO,35207935,,"Consp. Hepat. Arch. Ind.","125","125","1898"
tro-35207855,B,Geocalycaceae,,Cyanolophocolea,,"echinella",,"","(Lindenb. & Gottsche) R.M. Schust.",Accepted,,M,TRO,35207855,,"Nova Hedwigia","72: 102","102","2001"
tro-35208308,B,Geocalycaceae,,Evansianthus,,"georgiensis",,"","(Gottsche) R.M. Schust. & J.J. Engel",Accepted,,M,TRO,35208308,,"Bryologist","78: 518","518","1973"
tro-35204961,B,Geocalycaceae,,Geocalyx,,"caledonicus",,"","Stephani",Unresolved,,L,TRO,35204961,,"Sp. Hepat.","3: 265","265",""
tro-35185176,B,Geocalycaceae,,Geocalyx,,"graveolens",,"","(Schrad.) Nees",Accepted,,M,TRO,35185176,,"Naturgesch. Eur. Leberm.","2: 397","397","1836"
tro-35204966,B,Geocalycaceae,,Geocalyx,,"lancistipulus",,"","(Stephani) S. Hatt.",Accepted,,M,TRO,35204966,,"","","",""
tro-35204962,B,Geocalycaceae,,Geocalyx,,"novaezelandiae",,"","Herzog",Unresolved,,L,TRO,35204962,,"Trans. & Proc. Roy. Soc. New Zealand","65: 355","355","1935"
tro-35215260,B,Geocalycaceae,,Geocalyx,,"orientalis",,"","Besch. & Spruce",Accepted,,M,TRO,35215260,,"Bull. Soc. Bot. France","36(suppl.): 189","189","1890"
tro-35204963,B,Geocalycaceae,,Geocalyx,,"yakusimensis",,"","S. Hatt.",Unresolved,,L,TRO,35204963,,"J. Hattori Bot. Lab.","3: 18. f. 21","18","1948"
tro-35185193,B,Geocalycaceae,,Harpanthus,,"drummondii",,"","(Taylor) Grolle",Accepted,,M,TRO,35185193,,"Oesterr. Bot. Z.","112: 274","274","1965"
tro-35185194,B,Geocalycaceae,,Harpanthus,,"flotovianus",,"","(Nees) Nees",Accepted,,M,TRO,35185194,,"Naturgesch. Eur. Leberm.","2: 353","353","1836"
tro-35185195,B,Geocalycaceae,,Harpanthus,,"scutatus",,"","(F. Weber & D. Mohr) Spruce",Accepted,,M,TRO,35185195,,"Trans. Bot. Soc. Edinburgh","3: 209","209","1850"
tro-35211385,B,Geocalycaceae,,Hepatostolonophora,,"abnormis",,"","(Besch. & C. Massal.) J.J. Engel & R.M. Schust.",Accepted,,M,TRO,35211385,,"J. Hattori Bot. Lab.","46: 94","94","1979"
tro-35202302,B,Geocalycaceae,,Hepatostolonophora,,"conica",,"","(Stephani) Hässel de Menéndez",Accepted,,M,TRO,35202302,,"Bol. Soc. Argent. Bot.","22: 123","123","1983"
tro-35211389,B,Geocalycaceae,,Hepatostolonophora,,"paucistipula",,"","(Rodway) J.J. Engel",Accepted,,M,TRO,35211389,,"J. Hattori Bot. Lab.","46: 103","103","1979"
tro-35211393,B,Geocalycaceae,,Hepatostolonophora,,"rotata",,"","(Hook. f. & Taylor) J.J. Engel",Accepted,,M,TRO,35211393,,"J. Hattori Bot. Lab.","46: 98","98","1979"
tro-35211395,B,Geocalycaceae,,Hepatostolonophora,,"rotata",var.,"perssonii","(R.M. Schust.) J.J. Engel",Accepted,,L,TRO,35211395,,"J. Hattori Bot. Lab.","46: 103","103","1979"
tro-35202701,B,Geocalycaceae,,Heteroscyphus,,"affinis",,"","(Gottsche) J.J. Engel & R.M. Schust.",Accepted,,M,TRO,35202701,,"Nova Hedwigia","39: 399","399","1984"
tro-35202726,B,Geocalycaceae,,Heteroscyphus,,"allodontus",,"","(Hook. f. & Taylor) J.J. Engel & R.M. Schust.",Accepted,,M,TRO,35202726,,"Nova Hedwigia","39: 399","399","1984"
tro-35201173,B,Geocalycaceae,,Heteroscyphus,,"argutus",,"","(Nees) Schiffner",Accepted,,L,TRO,35201173,,"Oesterr. Bot. Z.","60: 172","172","1910"
tro-35208959,B,Geocalycaceae,,Heteroscyphus,,"argutus",var.,"brevidens","(Schiffner) Schiffner",Accepted,,L,TRO,35208959,,"J. Hattori Bot. Lab.","14: 40","40","1955"
tro-35211060,B,Geocalycaceae,,Heteroscyphus,,"arnellii",,"","Fulford",Accepted,,M,TRO,35211060,,"Mem. New York Bot. Gard.","11: 489","489","1976"
tro-35208960,B,Geocalycaceae,,Heteroscyphus,,"aselliformis",,"","(Reinw., Blume & Nees) Schiffner",Accepted,,M,TRO,35208960,,"Oesterr. Bot. Z.","60: 172","172","1910"
tro-35191649,B,Geocalycaceae,,Heteroscyphus,,"balnetii",,"","(Herzog) Grolle",Accepted,,M,TRO,35191649,,"Acta Bot. Fenn.","125: 68","68","1984"
tro-35205846,B,Geocalycaceae,,Heteroscyphus,,"bescherellei",,"","(Stephani) S. Hatt.",Accepted,,M,TRO,35205846,,"Bot. Mag. (Tokyo)","58: 39","39","1944"
tro-35206581,B,Geocalycaceae,,Heteroscyphus,,"biciliatus",,"","(Hook. f. & Taylor) J.J. Engel",Accepted,,M,TRO,35206581,,"J. Hattori Bot. Lab.","70: 71","71","1991"
tro-35203063,B,Geocalycaceae,,Heteroscyphus,,"brassii",,"","(Grolle) Grolle",Accepted,,M,TRO,35203063,,"Acta Bot. Fenn.","125: 68","68","1984"
tro-35191665,B,Geocalycaceae,,Heteroscyphus,,"cambewarranus",,"","(Stephani) J.J. Engel & R.M. Schust.",Accepted,,M,TRO,35191665,,"Nova Hedwigia","39: 399","399","1984"
tro-35202768,B,Geocalycaceae,,Heteroscyphus,,"circumdentatus",,"","(W. Martin & E.A. Hodgs.) J.J. Engel & R.M. Schust.",Accepted,,M,TRO,35202768,,"Nova Hedwigia","39: 399","399","1984"
tro-35200937,B,Geocalycaceae,,Heteroscyphus,,"coalitus",,"","(Hook.) Schiffner",Accepted,,M,TRO,35200937,,"Oesterr. Bot. Z.","60: 172","172","1910"
tro-35187149,B,Geocalycaceae,,Heteroscyphus,,"combinatus",,"","(Nees) Schiffner",Accepted,,M,TRO,35187149,,"Oesterr. Bot. Z.","60: 172","172","1910"
tro-35202627,B,Geocalycaceae,,Heteroscyphus,,"comptonii",,"","(Pearson) J.J. Engel & R.M. Schust.",Accepted,,M,TRO,35202627,,"Nova Hedwigia","39: 402","402","1984"
tro-35202793,B,Geocalycaceae,,Heteroscyphus,,"conjugatus",,"","(Mitt.) J.J. Engel & R.M. Schust.",Accepted,,M,TRO,35202793,,"Nova Hedwigia","39: 399","399","1984"
tro-35202217,B,Geocalycaceae,,Heteroscyphus,,"contortuplicatus",,"","(Nees & Mont.) Grolle",Accepted,,M,TRO,35202217,,"J. Hattori Bot. Lab.","55: 504","504","1984"
tro-35202651,B,Geocalycaceae,,Heteroscyphus,,"cymbalifer",,"","(Hook. f. & Taylor) J.J. Engel & R.M. Schust.",Accepted,,M,TRO,35202651,,"Nova Hedwigia","39: 402","402","1984"
tro-35213070,B,Geocalycaceae,,Heteroscyphus,,"darjeelingensis",,"","A. Srivast. & S.C. Srivast.",Accepted,,M,TRO,35213070,,"Indian Geocalycaceae","115","115","2002"
tro-35202677,B,Geocalycaceae,,Heteroscyphus,,"decipiens",,"","(Gottsche) J.J. Engel & R.M. Schust.",Accepted,,M,TRO,35202677,,"Nova Hedwigia","39: 402","402","1984"
tro-35215442,B,Geocalycaceae,,Heteroscyphus,,"decurrens",,"","(Nees) Schiffner",Accepted,,M,TRO,35215442,,"Oesterr. Bot. Z.","60: 171","171","1910"
tro-35208473,B,Geocalycaceae,,Heteroscyphus,,"denticulatus",,"","(Mitt.) Schiffner",Accepted,,M,TRO,35208473,,"","","",""
tro-35203088,B,Geocalycaceae,,Heteroscyphus,,"diestianus",,"","(Sande Lac.) Piippo",Accepted,,M,TRO,35203088,,"Acta Bot. Fenn.","131: 165","165","1985"
tro-35211061,B,Geocalycaceae,,Heteroscyphus,,"divergenticiliatus",,"","(Stephani) Fulford",Accepted,,M,TRO,35211061,,"Mem. New York Bot. Gard.","11: 501","501","1976"
tro-35207936,B,Geocalycaceae,,Heteroscyphus,,"dubius",,"","(Gradst.) Schiffner",Accepted,,M,TRO,35207936,,"Oesterr. Bot. Z.","60: 172","172","1910"
tro-100355215,B,Geocalycaceae,,Heteroscyphus,,"echinellus",,"","(Lindenb. & Gottsche) J.J. Engel & X.-L. He",Accepted,,M,TRO,100355215,,"Bryologist","113(1): 155","155","2010"
tro-35187151,B,Geocalycaceae,,Heteroscyphus,,"elliottii",,"","(Stephani) Pagan",Accepted,,M,TRO,35187151,,"Bryologist","42: 7","7","1939"
tro-35202816,B,Geocalycaceae,,Heteroscyphus,,"erraticus",,"","(W. Martin & E.A. Hodgs.) J.J. Engel & R.M. Schust.",Accepted,,M,TRO,35202816,,"Nova Hedwigia","39: 399","399","1984"
tro-35208962,B,Geocalycaceae,,Heteroscyphus,,"flaccidus",,"","Stephani",Accepted,,M,TRO,35208962,,"Nuovo Giorn. Bot. Ital.","","",""
tro-35213078,B,Geocalycaceae,,Heteroscyphus,,"flaccidus",,"","(Mitt.) A. Srivast. & S.C. Srivast.",Unresolved,,L,TRO,35213078,,"Indian Geocalycaceae","85","85","2002"
tro-35202835,B,Geocalycaceae,,Heteroscyphus,,"furcistipulus",,"","(E.A. Hodgs.) J.J. Engel & R.M. Schust.",Accepted,,M,TRO,35202835,,"Nova Hedwigia","39: 400","400","1984"
tro-35203785,B,Geocalycaceae,,Heteroscyphus,,"giganteus",,"","(Stephani) Hürl.",Accepted,,M,TRO,35203785,,"Bauhinia","12: 114","114","1998"
tro-35202403,B,Geocalycaceae,,Heteroscyphus,,"graeffei",,"","(J.B. Jack & Stephani) Grolle",Accepted,,M,TRO,35202403,,"Wiss. Z. Friedrich-Schiller-Univ. Jena, Math.-Naturwiss. Reihe","29: 645","645","1980"
tro-35203786,B,Geocalycaceae,,Heteroscyphus,,"grandiflorus",,"","(Stephani) Hürl.",Accepted,,M,TRO,35203786,,"Bauhinia","12: 114","114","1998"
tro-35215441,B,Geocalycaceae,,Heteroscyphus,,"grandistipus",,"","(Stephani) Schiffner",Accepted,,M,TRO,35215441,,"Oesterr. Bot. Z.","60: 172","172","1910"
tro-35216590,B,Geocalycaceae,,Heteroscyphus,,"grandistipus",subsp.,"henkelii","(Sim)",Unresolved,,L,TRO,35216590,,"","","",""
tro-35202857,B,Geocalycaceae,,Heteroscyphus,,"gunnianus",,"","(Mitt.) J.J. Engel & R.M. Schust.",Accepted,,M,TRO,35202857,,"Nova Hedwigia","39: 400","400","1984"
tro-35216589,B,Geocalycaceae,,Heteroscyphus,,"hamatistipulus",,"","(Stephani) Schiffner",Accepted,,M,TRO,35216589,,"Oesterr. Bot. Z.","60: 172","172","1910"
tro-35202882,B,Geocalycaceae,,Heteroscyphus,,"hastatus",,"","(E.A. Hodgs.) J.J. Engel & R.M. Schust.",Accepted,,M,TRO,35202882,,"Nova Hedwigia","39: 400","400","1984"
tro-35202902,B,Geocalycaceae,,Heteroscyphus,,"heterophyllus",,"","(Stephani) J.J. Engel & R.M. Schust.",Accepted,,M,TRO,35202902,,"Nova Hedwigia","39: 400","400","1984"
tro-35213077,B,Geocalycaceae,,Heteroscyphus,,"hyalinus",,"","(Stephani) A. Srivast. & S.C. Srivast.",Accepted,,M,TRO,35213077,,"Indian Geocalycaceae","118","118","2002"
tro-35207204,B,Geocalycaceae,,Heteroscyphus,,"inflatus",,"","(Stephani) S.C. Srivast. & A. Srivast.",Accepted,,M,TRO,35207204,,"Lindbergia","15: 195","195","1989"
tro-35208868,B,Geocalycaceae,,Heteroscyphus,,"integrifolius",,"","(Lehm. & Lindenb.) Fulford",Accepted,,M,TRO,35208868,,"Mem. New York Bot. Gard.","11: 495","495","1976"
tro-35205592,B,Geocalycaceae,,Heteroscyphus,,"irregularis",,"","(Stephani) S. Hatt.",Accepted,,M,TRO,35205592,,"Bull. Tokyo Sci. Mus.","11: 43","43","1944"
tro-35207180,B,Geocalycaceae,,Heteroscyphus,,"iwatsukii",,"","(S. Hatt.) Piippo",Accepted,,M,TRO,35207180,,"Willdenowia","18: 522","522","1989"
tro-35201733,B,Geocalycaceae,,Heteroscyphus,,"knightii",,"","(Stephani) Grolle",Accepted,,M,TRO,35201733,,"J. Hattori Bot. Lab.","61: 251","251","1986"
tro-35202922,B,Geocalycaceae,,Heteroscyphus,,"lingulatus",,"","(Colenso) J.J. Engel & R.M. Schust.",Accepted,,M,TRO,35202922,,"Nova Hedwigia","39: 400","400","1984"
tro-35216588,B,Geocalycaceae,,Heteroscyphus,,"loangensis",,"","(Stephani) Schiffner",Accepted,,M,TRO,35216588,,"Oesterr. Bot. Z.","60: 172","172","1910"
tro-35205594,B,Geocalycaceae,,Heteroscyphus,,"lophocoleoides",,"","S. Hatt.",Accepted,,M,TRO,35205594,,"Bull. Tokyo Sci. Mus.","11: 45. f. 26","45","1944"
tro-35202945,B,Geocalycaceae,,Heteroscyphus,,"magellanicus",,"","(Stephani) J.J. Engel & R.M. Schust.",Accepted,,M,TRO,35202945,,"Nova Hedwigia","39: 400","400","1984"
tro-35211063,B,Geocalycaceae,,Heteroscyphus,,"marginatus",,"","(Stephani) Fulford",Accepted,,M,TRO,35211063,,"Mem. New York Bot. Gard.","11: 491","491","1976"
tro-35202967,B,Geocalycaceae,,Heteroscyphus,,"maximus",,"","(Stephani) J.J. Engel & R.M. Schust.",Accepted,,M,TRO,35202967,,"Nova Hedwigia","39: 400","400","1984"
tro-35188272,B,Geocalycaceae,,Heteroscyphus,,"merapiensis",,"","(Stephani) Piippo",Accepted,,M,TRO,35188272,,"Ann. Bot. Fenn.","30: 200","200","1993"
tro-35187152,B,Geocalycaceae,,Heteroscyphus,,"miradorensis",,"","(Stephani) Schiffner",Accepted,,M,TRO,35187152,,"Nov. Stirp. Pug.","","","1910"
tro-35207976,B,Geocalycaceae,,Heteroscyphus,,"mononuculus",,"","J.J. Engel",Accepted,,M,TRO,35207976,,"J. Hattori Bot. Lab.","90: 241","241","2001"
tro-35211064,B,Geocalycaceae,,Heteroscyphus,,"montagnei",,"","(Stephani) Fulford",Accepted,,M,TRO,35211064,,"Mem. New York Bot. Gard.","11: 497","497","1976"
tro-35202984,B,Geocalycaceae,,Heteroscyphus,,"montanus",,"","(Colenso) J.J. Engel & R.M. Schust.",Accepted,,M,TRO,35202984,,"Nova Hedwigia","39: 400","400","1984"
tro-35203004,B,Geocalycaceae,,Heteroscyphus,,"moorei",,"","(Stephani) J.J. Engel & R.M. Schust.",Accepted,,M,TRO,35203004,,"Nova Hedwigia","39: 400","400","1984"
tro-35203023,B,Geocalycaceae,,Heteroscyphus,,"muelleri",,"","(Gottsche) J.J. Engel & R.M. Schust.",Accepted,,M,TRO,35203023,,"Nova Hedwigia","39: 400","400","1984"
tro-35203049,B,Geocalycaceae,,Heteroscyphus,,"multifidus",,"","(Stephani) J.J. Engel & R.M. Schust.",Accepted,,M,TRO,35203049,,"Nova Hedwigia","39: 400","400","1984"
tro-35203074,B,Geocalycaceae,,Heteroscyphus,,"multispinus",,"","(E.A. Hodgs. & Allison) J.J. Engel & R.M. Schust.",Accepted,,M,TRO,35203074,,"Nova Hedwigia","39: 400","400","1984"
tro-35213071,B,Geocalycaceae,,Heteroscyphus,,"orbiculatus",,"","A. Srivast. & S.C. Srivast.",Accepted,,M,TRO,35213071,,"Indian Geocalycaceae","140","140","2002"
tro-35213072,B,Geocalycaceae,,Heteroscyphus,,"palniensis",,"","A. Srivast. & S.C. Srivast.",Accepted,,M,TRO,35213072,,"Indian Geocalycaceae","130","130","2002"
tro-35207203,B,Geocalycaceae,,Heteroscyphus,,"pandei",,"","S.C. Srivast. & A. Srivast.",Accepted,,M,TRO,35207203,,"Lindbergia","15: 195. f. 2–3","195","1989"
tro-35213073,B,Geocalycaceae,,Heteroscyphus,,"parvus",,"","A. Srivast. & S.C. Srivast.",Accepted,,M,TRO,35213073,,"Indian Geocalycaceae","112","112","2002"
tro-35207500,B,Geocalycaceae,,Heteroscyphus,,"perfoliatus",,"","(Mont.) Schiffner",Accepted,,M,TRO,35207500,,"Oesterr. Bot. Z.","60: 171","171","1910"
tro-35211065,B,Geocalycaceae,,Heteroscyphus,,"pertusus",,"","(Lehm.) Fulford",Accepted,,M,TRO,35211065,,"Mem. New York Bot. Gard.","11: 505","505","1976"
tro-35206837,B,Geocalycaceae,,Heteroscyphus,,"planiusculus",,"","(Hook. f. & Taylor) J.J. Engel",Accepted,,M,TRO,35206837,,"J. Hattori Bot. Lab.","68: 315","315","1990"
tro-35205595,B,Geocalycaceae,,Heteroscyphus,,"planus",,"","(Mitt.) Schiffner",Accepted,,M,TRO,35205595,,"Oesterr. Bot. Z.","60: 171","171","1910"
tro-35190899,B,Geocalycaceae,,Heteroscyphus,,"polyblepharis",,"","(Spruce) Schiffner",Accepted,,M,TRO,35190899,,"Oesterr. Bot. Z.","60: 172","172","1910"
tro-35217783,B,Geocalycaceae,,Heteroscyphus,,"polychaetus",,"","(Spruce) Hentschel & J. Heinrichs",Accepted,,M,TRO,35217783,,"Taxon","56: 1139","1139","2007"
tro-35188273,B,Geocalycaceae,,Heteroscyphus,,"rectangulatus",,"","(Herzog) Piippo",Accepted,,M,TRO,35188273,,"Ann. Bot. Fenn.","30: 200","200","1993"
tro-35208963,B,Geocalycaceae,,Heteroscyphus,,"saccogynoides",,"","Herzog",Accepted,,M,TRO,35208963,,"J. Hattori Bot. Lab.","14: 40. f. 8","40","1955"
tro-35202310,B,Geocalycaceae,,Heteroscyphus,,"sarawaketanus",,"","Piippo",Accepted,,M,TRO,35202310,,"Acta Bot. Fenn.","131: 143. f. 8","143","1985"
tro-35188356,B,Geocalycaceae,,Heteroscyphus,,"sexdentatus",,"","(Stephani) J.J. Engel",Accepted,,M,TRO,35188356,,"J. Hattori Bot. Lab.","74: 33","33","1993"
tro-35203101,B,Geocalycaceae,,Heteroscyphus,,"simillimus",,"","(Stephani) J.J. Engel & R.M. Schust.",Accepted,,M,TRO,35203101,,"Nova Hedwigia","39: 400","400","1984"
tro-35211805,B,Geocalycaceae,,Heteroscyphus,,"spectabilis",,"","(Stephani) Schiffner",Accepted,,M,TRO,35211805,,"Oesterr. Bot. Z.","60: 172","172","1910"
tro-35215136,B,Geocalycaceae,,Heteroscyphus,,"spiniferus",,"","C. Gao, T. Cao & Y.H. Wu",Accepted,,M,TRO,35215136,,"J. Bryol.","26: 97. f. 1","97","2004"
tro-35203112,B,Geocalycaceae,,Heteroscyphus,,"splendens",,"","(Lehm. & Lindenb.) Grolle",Accepted,,M,TRO,35203112,,"Acta Bot. Fenn.","125: 68","68","1984"
tro-35206826,B,Geocalycaceae,,Heteroscyphus,,"splendens",var.,"chinensis","(C. Massal.) Piippo",Accepted,,L,TRO,35206826,,"J. Hattori Bot. Lab.","68: 134","134","1990"
tro-35203124,B,Geocalycaceae,,Heteroscyphus,,"splendidus",,"","(E.A. Hodgs.) J.J. Engel & R.M. Schust.",Accepted,,M,TRO,35203124,,"Nova Hedwigia","39: 400","400","1984"
tro-35203149,B,Geocalycaceae,,Heteroscyphus,,"tasmanicus",,"","(Stephani) J.J. Engel & R.M. Schust.",Accepted,,M,TRO,35203149,,"Nova Hedwigia","39: 400","400","1984"
tro-35208964,B,Geocalycaceae,,Heteroscyphus,,"tener",,"","(Stephani) Schiffner",Accepted,,M,TRO,35208964,,"Oesterr. Bot. Z.","60: 172","172","1910"
tro-35192056,B,Geocalycaceae,,Heteroscyphus,,"thraustus",,"","(Spruce) Fulford",Accepted,,M,TRO,35192056,,"Mem. New York Bot. Gard.","11: 495","495","1976"
tro-35207353,B,Geocalycaceae,,Heteroscyphus,,"timppae",,"","Piippo",Accepted,,M,TRO,35207353,,"Ann. Bot. Fenn.","29: 246. f. 3","246","1992"
tro-35203160,B,Geocalycaceae,,Heteroscyphus,,"tridentatus",,"","(Sande Lac.) Grolle",Accepted,,M,TRO,35203160,,"Acta Bot. Fenn.","125: 68","68","1984"
tro-35201607,B,Geocalycaceae,,Heteroscyphus,,"udarii",,"","S.C. Srivast. & A. Srivast.",Accepted,,M,TRO,35201607,,"Geophytology","16: 129. f. 1–11","129","1986"
tro-35208292,B,Geocalycaceae,,Heteroscyphus,,"valdiviensis",,"","(Mont.) Schiffner",Accepted,,M,TRO,35208292,,"Oesterr. Bot. Z.","60: 172","172","1910"
tro-35206839,B,Geocalycaceae,,Heteroscyphus,,"varians",,"","(Stephani) J.J. Engel",Accepted,,M,TRO,35206839,,"J. Hattori Bot. Lab.","68: 315","315","1990"
tro-35209710,B,Geocalycaceae,,Heteroscyphus,,"wettsteinii",,"","Schiffner",Accepted,,M,TRO,35209710,,"Oesterr. Bot. Z.","60: 172","172","1910"
tro-35208965,B,Geocalycaceae,,Heteroscyphus,,"zollingeri",,"","(Gottsche) Schiffner",Accepted,,M,TRO,35208965,,"Oesterr. Bot. Z.","60: 171","171","1910"
tro-35206584,B,Geocalycaceae,,Lamellocolea,,"granditexta",,"","(Stephani) J.J. Engel",Accepted,,M,TRO,35206584,,"J. Hattori Bot. Lab.","70: 66","66","1991"
tro-100370141,B,Geocalycaceae,,Lamellocolea,,"integrostia",,"","J.J. Engel & Glenny",Accepted,,M,TRO,100370141,,"Bryologist","114(1): 23","23","2011"
tro-35211053,B,Geocalycaceae,,Leioscyphus,,"bilobatus",,"","Stephani",Unresolved,,L,TRO,35211053,,"Kongl. Svenska Vetensk. Acad. Handl., n.s.","46(9): 35","35","1911"
tro-35206247,B,Geocalycaceae,,Leioscyphus,,"campanulatus",,"","Steph.",Accepted,,M,TRO,35206247,,"Biblioth. Bot.","87: 216. f. 153","216","1916"
tro-35208270,B,Geocalycaceae,,Leioscyphus,,"fernandeziensis",,"","Stephani",Unresolved,,L,TRO,35208270,,"Kongl. Svenska Vetensk. Acad. Handl., n.s.","46(9): 35. f. 14: a","35","1911"
tro-35216674,B,Geocalycaceae,,Leioscyphus,,"gottscheanus",,"","(Lindenb. ex Lehm.) Stephani",Accepted,,M,TRO,35216674,,"Sp. Hepat.","3: 27","27","1906"
tro-35187158,B,Geocalycaceae,,Leioscyphus,,"liebmannianus",,"","(Lindenb. & Gottsche) Gottsche",Accepted,,M,TRO,35187158,,"Mexik. Leverm.","122","122","1863"
tro-35216678,B,Geocalycaceae,,Leioscyphus,,"motleyi",,"","Mitt.",Unresolved,,L,TRO,35216678,,"J. Linn. Soc., Bot.","22: 321","321","1886"
tro-35191386,B,Geocalycaceae,,Leioscyphus,,"obcordatus",,"","Spruce",Accepted,,M,TRO,35191386,,"Trans. & Proc. Bot. Soc. Edinburgh","15: 446","446","1885"
tro-35187156,B,Geocalycaceae,,Leioscyphus,,"pringlei",,"","Stephani",Unresolved,,L,TRO,35187156,,"Rev. Bryol.","36: 139","139","1909"
tro-35207554,B,Geocalycaceae,,Leioscyphus,,"repens",,"","Mitt.",Unresolved,,L,TRO,35207554,,"Fl. Nov.-Zel.","2: 134","134","1854"
tro-35191387,B,Geocalycaceae,,Leioscyphus,,"schizostomus",,"","Spruce",Accepted,,M,TRO,35191387,,"Trans. & Proc. Bot. Soc. Edinburgh","15: 446","446","1885"
tro-35213874,B,Geocalycaceae,,Leioscyphus,,"taylorii",,"","(Hook.) Mitt.",Accepted,,M,TRO,35213874,,"J. Proc. Linn. Soc., Bot.","5: 99","99","1860"
tro-35213876,B,Geocalycaceae,,Leioscyphus,,"turgescens",,"","(Hook. f. & Taylor) Mitt.",Accepted,,M,TRO,35213876,,"Handb. N. Zeal. Fl.","508","508","1867"
tro-35214041,B,Geocalycaceae,,Leioscyphus,,"verrucosus",,"","(Lindb.) Stephani",Accepted,,M,TRO,35214041,,"Bull. Herb. Boissier, sér. 2,","6: 281 [Sp. Hepat. 3: 18]","281 [Sp","1906"
tro-35206983,B,Geocalycaceae,,Leptophyllopsis,,"irregularis",,"","(Stephani) J.J. Engel",Accepted,,M,TRO,35206983,,"Bryologist","76: 533","533","1973"
tro-35212359,B,Geocalycaceae,,Leptophyllopsis,,"laxa",,"","(Mitt.) Hamlin",Accepted,,M,TRO,35212359,,"Rec. Domin. Mus.","7: 284","284","1972"
tro-35211529,B,Geocalycaceae,,Leptoscyphopsis,,"paradoxus",,"","R.M. Schust.",Accepted,,M,TRO,35211529,,"Phytologia","39: 246","246","1978"
tro-35208310,B,Geocalycaceae,,Leptoscyphus,,"abditus",,"","(Sull.) Dugas",Accepted,,M,TRO,35208310,,"Ann. Sci. Nat., Bot., sér. 10,","11: 8","8","1929"
tro-35208684,B,Geocalycaceae,,Leptoscyphus,,"aequatus",,"","(Hook. & Taylor) Mitt.",Accepted,,M,TRO,35208684,,"Hooker's J. Bot. Kew Gard. Misc.","3: 358","358","1851"
tro-35187733,B,Geocalycaceae,,Leptoscyphus,,"amphibolius",,"","(Nees) Grolle",Accepted,,M,TRO,35187733,,"Nova Acta Leop.","25: 54","54","1962"
tro-35202284,B,Geocalycaceae,,Leptoscyphus,,"antarcticus",,"","(C. Massal.) Solari",Accepted,,M,TRO,35202284,,"Cryptog. Bryol. Lichénol.","7: 219","219","1986"
tro-35208471,B,Geocalycaceae,,Leptoscyphus,,"azoricus",,"","Grolle",Accepted,,M,TRO,35208471,,"Moss Fl. N. Amer.","","","1963"
tro-100378257,B,Geocalycaceae,,Leptoscyphus,,"beckettianus",,"","R.M. Schust. ex J.J. Engel",Accepted,,M,TRO,100378257,,"Nova Hedwigia","93(3–4): 402","402","2011"
tro-35206950,B,Geocalycaceae,,Leptoscyphus,,"belmoranus",,"","(Stephani) J.J. Engel",Accepted,,M,TRO,35206950,,"J. Hattori Bot. Lab.","74: 33","33","1993"
tro-35208328,B,Geocalycaceae,,Leptoscyphus,,"chilensis",,"","(De Not.) Grolle",Accepted,,M,TRO,35208328,,"Rev. Bryol. Lichénol.","29: 187","187","1960"
tro-35206426,B,Geocalycaceae,,Leptoscyphus,,"cleefii",,"","Fulford",Accepted,,M,TRO,35206426,,"Mem. New York Bot. Gard.","11: 534. pl. 159, f. 19: a–i","534","1976"
tro-35185370,B,Geocalycaceae,,Leptoscyphus,,"cuneifolius",,"","(Hook.) Mitt.",Accepted,,M,TRO,35185370,,"Hooker's J. Bot. Kew Gard. Misc.","3: 358","358","1851"
tro-35206427,B,Geocalycaceae,,Leptoscyphus,,"cuneifolius",subsp.,"fragilis","(J.B. Jack & Stephani) Grolle",Accepted,,L,TRO,35206427,,"Nova Acta Leop.","25(161): 28","28","1963"
tro-35211091,B,Geocalycaceae,,Leptoscyphus,,"difficilis",,"","(Steph.) Fulford",Accepted,,M,TRO,35211091,,"Mem. New York Bot. Gard.","11: 534","534","1976"
tro-35203528,B,Geocalycaceae,,Leptoscyphus,,"diversifolius",,"","(Gottsche) S.W. Arnell",Accepted,,M,TRO,35203528,,"Nova Acta Leop.","25: 58","58","1962"
tro-35206951,B,Geocalycaceae,,Leptoscyphus,,"excipulatus",,"","(Stephani) J.J. Engel",Accepted,,M,TRO,35206951,,"J. Hattori Bot. Lab.","74: 33","33","1993"
tro-35203551,B,Geocalycaceae,,Leptoscyphus,,"expansus",,"","(Lehm.) Grolle",Accepted,,M,TRO,35203551,,"Nova Acta Leop.","25: 60","60","1962"
tro-35206430,B,Geocalycaceae,,Leptoscyphus,,"gibbosus",,"","(Taylor) Mitt.",Accepted,,M,TRO,35206430,,"Hooker's J. Bot. Kew Gard. Misc.","3: 358.","358","1851"
tro-100354470,B,Geocalycaceae,,Leptoscyphus,,"gradsteinii",,"","Vanderpoorten, A. Schäfer-Verwimp & D.G. Long",Accepted,,M,TRO,100354470,,"Taxon","59(1): 182","182","2010"
tro-35211092,B,Geocalycaceae,,Leptoscyphus,,"hatcheri",,"","Fulford",Accepted,,M,TRO,35211092,,"Mem. New York Bot. Gard.","11: 531. pl. 158, f. 17: a–4","531","1976"
tro-35216676,B,Geocalycaceae,,Leptoscyphus,,"hedbergii",,"","(S.W. Arnell) R.M. Schust.",Accepted,,M,TRO,35216676,,"Amer. Midl. Naturalist","62: 13","13","1959"
tro-35208313,B,Geocalycaceae,,Leptoscyphus,,"horizontalis",,"","(Hook.) Herzog",Accepted,,M,TRO,35208313,,"Geogr. Moose","195","195","1926"
tro-35202353,B,Geocalycaceae,,Leptoscyphus,,"huonicus",,"","Piippo",Accepted,,M,TRO,35202353,,"Acta Bot. Fenn.","131: 152. f. 12","152","1985"
tro-35207937,B,Geocalycaceae,,Leptoscyphus,,"infuscatus",,"","(Mitt.) E.W. Jones",Accepted,,M,TRO,35207937,,"Nova Acta Leop.","25: 52","52","1963"
tro-35206952,B,Geocalycaceae,,Leptoscyphus,,"innovatus",,"","(E.A. Hodgs.) J.J. Engel",Accepted,,M,TRO,35206952,,"J. Hattori Bot. Lab.","74: 33","33","1993"
tro-35187735,B,Geocalycaceae,,Leptoscyphus,,"intermedius",,"","Grolle",Unresolved,,L,TRO,35187735,,"Bot. Jahrb. Syst.","","",""
tro-35203570,B,Geocalycaceae,,Leptoscyphus,,"iversenii",,"","(Pearson) Sim",Accepted,,M,TRO,35203570,,"Trans. Roy. Soc. South Africa","15: 104","104","1926"
tro-35206432,B,Geocalycaceae,,Leptoscyphus,,"jackii",,"","(Stephani) Grolle",Accepted,,M,TRO,35206432,,"Nova Acta Leop.","25 (161): 48.","48","1963"
tro-100354465,B,Geocalycaceae,,Leptoscyphus,,"lambinonii",,"","Vanderpoorten, A. Schäfer-Verwimp & D.G. Long",Accepted,,M,TRO,100354465,,"Taxon","59(1): 179","179","2010"
tro-35190957,B,Geocalycaceae,,Leptoscyphus,,"liebmannianus",,"","(Lindenb. & Gottsche) Mitt.",Accepted,,M,TRO,35190957,,"Hooker's J. Bot. Kew Gard. Misc.","3: 358","358","1851"
tro-35207184,B,Geocalycaceae,,Leptoscyphus,,"longistipulus",,"","(Stephani) J.J. Engel",Accepted,,M,TRO,35207184,,"Bryologist","94: 436","436","1991"
tro-35209378,B,Geocalycaceae,,Leptoscyphus,,"magellanicus",,"","(Gola) Hässel de Menéndez",Accepted,,M,TRO,35209378,,"J. Hattori Bot. Lab.","91: 214","214","2001"
tro-35211626,B,Geocalycaceae,,Leptoscyphus,,"monoicus",,"","Solari",Accepted,,M,TRO,35211626,,"Boll. Mus. Civico Storia Nat. Verona","10: 207","207","1983"
tro-35191388,B,Geocalycaceae,,Leptoscyphus,,"obcordatus",,"","(Spruce) Grolle",Accepted,,M,TRO,35191388,,"Nova Acta Leop.","161: 33","33","1962"
tro-35211093,B,Geocalycaceae,,Leptoscyphus,,"pallidovirens",,"","(Hook. f. & Taylor) Fulford",Accepted,,M,TRO,35211093,,"Mem. New York Bot. Gard.","11: 523","523","1976"
tro-35208314,B,Geocalycaceae,,Leptoscyphus,,"patagonicus",,"","(Stephani) Grolle",Accepted,,M,TRO,35208314,,"Nova Acta Leop.","25: 59","59","1962"
tro-35206434,B,Geocalycaceae,,Leptoscyphus,,"physocalyx",,"","(Hampe & Gottsche) Gottsche",Accepted,,M,TRO,35206434,,"Bot. Zeitung (Berlin)","16: (Beil.) 33.","","1858"
tro-35187683,B,Geocalycaceae,,Leptoscyphus,,"porphyrius",,"","Grolle",Accepted,,M,TRO,35187683,,"Oesterr. Bot. Z.","117: 3","3","1969"
tro-100354468,B,Geocalycaceae,,Leptoscyphus,,"porphyrius",subsp.,"azoricus","(H. Buch & generic PERSSON) Vanderp., J. Heinrichs & H. Buch",Accepted,,L,TRO,100354468,,"Taxon","59(1): 181","181","2010"
tro-100354472,B,Geocalycaceae,,Leptoscyphus,,"sotiauxii",,"","Vanderpoorten, A. Schäfer-Verwimp & D.G. Long",Accepted,,M,TRO,100354472,,"Taxon","59(1): 183","183","2010"
tro-35203089,B,Geocalycaceae,,Leptoscyphus,,"spectabilis",,"","(Stephani) Grolle",Accepted,,M,TRO,35203089,,"J. Bryol.","11: 328","328","1980"
tro-35207183,B,Geocalycaceae,,Leptoscyphus,,"subemarginatus",,"","(Hook. f. & Taylor) J.J. Engel",Accepted,,M,TRO,35207183,,"Bryologist","94: 436","436","1991"
tro-35215938,B,Geocalycaceae,,Pachyglossa,,"grolleana",,"","Váňa",Accepted,,M,TRO,35215938,,"Cryptog. Bryol.","26: 86","86","2005"
tro-35212082,B,Geocalycaceae,,Pachyglossa,,"tristicha",,"","Herzog ex S. Hatt. & Mizut.",Unresolved,,L,TRO,35212082,,"J. Jap. Bot.","33: 360","360","1958"
tro-35203574,B,Geocalycaceae,,Pedinophyllopsis,,"abdita",,"","(Sull.) R.M. Schust. & Inoue",Accepted,,M,TRO,35203574,,"Phytologia","47: 311","311","1981"
tro-35185440,B,Geocalycaceae,,Perdusenia,,"rheophila",,"","Hässel de Menéndez",Accepted,,M,TRO,35185440,,"Revista Mus. Argent. Ci. Nat., Bernardino Rivadavia Inst. Nac. Invest. Ci. Nat., Bot.","7: 11. f. 1–2: 11","11","1989"
tro-35214491,B,Geocalycaceae,,Physotheca,,"autoica",,"","J.J. Engel & Gradst.",Accepted,,M,TRO,35214491,,"Taxon","52: 764","764","2003"
tro-35211545,B,Geocalycaceae,,Platycaulis,,"renifolia",,"","R.M. Schust.",Accepted,,M,TRO,35211545,,"Phytologia","39: 245","245","1978"
kew-2564241,B,Geocalycaceae,,Pleuranthe,,"amplexicaulis",,"","Knight",Unresolved,,L,WCSP (in review),698665,705577-1,"Cult. Prot.","51","","1809"
kew-2564219,B,Geocalycaceae,,Pleuranthe,,"bupleurifolia",,"","Knight",Unresolved,,L,WCSP (in review),698643,705578-1,"Cult. Prot.","51","","1809"
kew-2564220,B,Geocalycaceae,,Pleuranthe,,"cordifolia",,"","Knight",Unresolved,,L,WCSP (in review),698644,705579-1,"Cult. Prot.","51","","1809"
kew-2564221,B,Geocalycaceae,,Pleuranthe,,"ericifolia",,"","Knight",Unresolved,,L,WCSP (in review),698645,705580-1,"Cult. Prot.","50","","1809"
kew-2564223,B,Geocalycaceae,,Pleuranthe,,"subulifolia",,"","Knignt",Unresolved,,L,WCSP (in review),698647,,"Cult. Prot.","50","","1809"
tro-35202203,B,Geocalycaceae,,Pseudolophocolea,,"denticulata",,"","R.M. Schust. & J.J. Engel",Accepted,,M,TRO,35202203,,"Phytologia","47: 311","311","1981"
tro-35213378,B,Geocalycaceae,,Saccogyna,,"armata",,"","Stephani",Unresolved,,L,TRO,35213378,,"Sp. Hepat.","6: 317","317","1922"
tro-35209513,B,Geocalycaceae,,Saccogyna,,"bidentula",,"","Horik.",Accepted,,M,TRO,35209513,,"J. Sci. Hiroshima Univ., Ser. B, Div. 2, Bot.","2: 174. pl. 14: 17–21","174","1934"
tro-35209514,B,Geocalycaceae,,Saccogyna,,"curiosissima",,"","Horik.",Accepted,,M,TRO,35209514,,"J. Sci. Hiroshima Univ., Ser. B, Div. 2, Bot.","1: 79. f. 3; pl. 11: 1–5","79","1932"
tro-35210012,B,Geocalycaceae,,Saccogyna,,"subacuta",,"","Stephani",Accepted,,M,TRO,35210012,,"Sp. Hepat.","6: 316","316","1922"
tro-35213377,B,Geocalycaceae,,Saccogyna,,"subalternifolia",,"","Stephani",Unresolved,,L,TRO,35213377,,"Sp. Hepat.","6: 317","317","1922"
tro-35209515,B,Geocalycaceae,,Saccogyna,,"subcuriosissima",,"","Horik.",Accepted,,M,TRO,35209515,,"J. Sci. Hiroshima Univ., Ser. B, Div. 2, Bot.","2: 173. f. 23","173","1934"
tro-35213376,B,Geocalycaceae,,Saccogyna,,"trilobata",,"","Stephani",Unresolved,,L,TRO,35213376,,"Sp. Hepat.","3: 270","270","1908"
tro-35207884,B,Geocalycaceae,,Saccogyna,,"viticulosa",,"","(L.) Dumort.",Accepted,,M,TRO,35207884,,"Syll. Jungerm. Europ.",": 74.","74","1831"
tro-35213375,B,Geocalycaceae,,Saccogyna,,"weberi",,"","Dumort.",Unresolved,,L,TRO,35213375,,"Comment. Bot.","133","133","1822"
tro-35209517,B,Geocalycaceae,,Saccogynidium,,"australe",,"","(Mitt.) Grolle",Accepted,,M,TRO,35209517,,"J. Hattori Bot. Lab.","23: 49","49","1960"
tro-35209518,B,Geocalycaceae,,Saccogynidium,,"bidentulum",,"","(Horik.) P.C. Chen",Accepted,,M,TRO,35209518,,"","","",""
tro-35212505,B,Geocalycaceae,,Saccogynidium,,"caldense",,"","(Ångström) Grolle",Accepted,,M,TRO,35212505,,"J. Hattori Bot. Lab.","23: 44","44","1960"
tro-35214705,B,Geocalycaceae,,Saccogynidium,,"chiloscyphoides",,"","R.M. Schust.",Unresolved,,L,TRO,35214705,,"J. Hattori Bot. Lab.","26: 272","272","1963"
tro-35212513,B,Geocalycaceae,,Saccogynidium,,"decurvum",,"","(Mitt.) Grolle",Accepted,,M,TRO,35212513,,"J. Hattori Bot. Lab.","23: 59","59","1960"
tro-35212510,B,Geocalycaceae,,Saccogynidium,,"goebelii",,"","(Herzog) Grolle",Accepted,,M,TRO,35212510,,"J. Hattori Bot. Lab.","23: 52","52","1960"
tro-35212512,B,Geocalycaceae,,Saccogynidium,,"jugatum",,"","(Mitt.) Grolle",Accepted,,M,TRO,35212512,,"J. Hattori Bot. Lab.","23: 57","57","1960"
tro-35209519,B,Geocalycaceae,,Saccogynidium,,"muricellum",,"","(De Not.) Grolle",Accepted,,M,TRO,35209519,,"J. Hattori Bot. Lab.","36: 80","80","1972"
tro-35209520,B,Geocalycaceae,,Saccogynidium,,"rigidulum",,"","(Nees) Grolle",Accepted,,M,TRO,35209520,,"J. Hattori Bot. Lab.","23: 52","52","1960"
tro-35212360,B,Geocalycaceae,,Saccogynidium,,"schiloscyphoides",,"","R.M. Schust.",Unresolved,,L,TRO,35212360,,"J. Hattori Bot. Lab.","26: 272","272","1963"
tro-35208330,B,Geocalycaceae,,Saccogynidium,,"vasculosum",,"","(Hook. f. & Taylor) Grolle",Accepted,,M,TRO,35208330,,"J. Hattori Bot. Lab.","23: 46","46","1960"
tro-35218014,B,Geocalycaceae,,Stolonivector,,"clasmatocoleoides",,"","J.J. Engel",Accepted,,M,TRO,35218014,,"Nova Hedwigia","88: 339","339","2009"
tro-35185544,B,Geocalycaceae,,Stolonivector,,"fiordlandiae",,"","(E.A. Hodgs.) J.J. Engel",Accepted,,M,TRO,35185544,,"J. Hattori Bot. Lab.","69: 82","82","1991"
tro-35218013,B,Geocalycaceae,,Stolonivector,,"obtusilobus",,"","J.J. Engel",Accepted,,M,TRO,35218013,,"Nova Hedwigia","88: 337","337","2009"
tro-35212709,B,Geocalycaceae,,Stolonivector,,"waipouensis",,"","J.J. Engel",Accepted,,M,TRO,35212709,,"J. Hattori Bot. Lab.","93: 70. f. 1","70","2003"
tro-35208332,B,Geocalycaceae,,Stolonophora,,"abnormis",,"","(Besch. & C. Massal.) J.J. Engel & R.M. Schust.",Accepted,,M,TRO,35208332,,"Fieldiana, Bot.","36: 114","114","1975"
tro-35210142,B,Geocalycaceae,,Stolonophora,,"perssonii",,"","(R.M. Schust.) J.J. Engel & R.M. Schust.",Accepted,,M,TRO,35210142,,"Fieldiana, Bot.","36: 118","118","1975"
tro-35211703,B,Geocalycaceae,,Tetracymbaliella,,"comptonii",,"","(Pearson) Grolle",Accepted,,M,TRO,35211703,,"Rev. Bryol. Lichénol.","32: 164","164","1963"
tro-35212061,B,Geocalycaceae,,Tetracymbaliella,,"ratiana",,"","Grolle",Unresolved,,L,TRO,35212061,,"Nova Hedwigia","3: 51","51","1961"
tro-35212060,B,Geocalycaceae,,Tetracymbaliella,,"rodwayana",,"","Grolle",Unresolved,,L,TRO,35212060,,"Nova Hedwigia","3: 52","52","1961"
