﻿ID,Major group,Family,Genus hybrid marker,Genus,Species hybrid marker,Species,Infraspecific rank,Infraspecific epithet,Authorship,Taxonomic status in TPL,Nomenclatural status from original data source,Confidence level,Source,Source id,IPNI id,Publication,Collation,Page,Date
ifn-27126,P,Gleicheniaceae,,Acropterygium,,"loddigesii",,"","Nakai",Unresolved,,L,IPNI,3655-2,3655-2,"Bull. Natl. Sci. Mus., Tokyo","no. 29: 5","","1950"
ifn-27134,P,Gleicheniaceae,,Calymella,,"borneensis",,"","Ching",Unresolved,,L,IPNI,17375240-1,17375240-1,"Sunyatsenia","5: 288. 1940.","","1940"
ifn-27135,P,Gleicheniaceae,,Calymella,,"boryi",,"","Ching",Unresolved,,L,IPNI,17375250-1,17375250-1,"Sunyatsenia","5: 287","","1940"
ifn-27136,P,Gleicheniaceae,,Calymella,,"circinnata",,"","Ching",Unresolved,,L,IPNI,17375260-1,17375260-1,"Sunyatsenia","5: 288. 1940.","","1940"
ifn-27141,P,Gleicheniaceae,,Calymella,,"polypodioides",,"","Ching",Unresolved,,L,IPNI,17375280-1,17375280-1,"Sunyatsenia","5: 288. 1940.","","1940"
ifn-27143,P,Gleicheniaceae,,Calymella,,"semivestita",,"","Ching",Unresolved,,L,IPNI,17375300-1,17375300-1,"Sunyatsenia","5: 288. 1940.","","1940"
ifn-27144,P,Gleicheniaceae,,Calymella,,"squamosissima",,"","Nakai",Unresolved,,L,IPNI,17375310-1,17375310-1,"Bull. Natl. Sci. Mus., Tokyo","29: 42. 1950.","","1950"
ifn-27145,P,Gleicheniaceae,,Calymella,,"vulcanica",,"","C.Presl",Unresolved,,L,IPNI,17062560-1,17062560-1,"Abh. Boehm. Ges. Wiss.","V. 5. 338. 1848.","","1848"
tro-26613079,P,Gleicheniaceae,,Dicranopteris,,"ampla",,"","Ching & P.S. Chiu",Accepted,,M,TRO,26613079,17387800-1,"Acta Phytotax. Sin.","8(2): 161","161","1959"
ifn-27157,P,Gleicheniaceae,,Dicranopteris,,"arachnoides",,"","Underw.",Unresolved,,L,IPNI,17245360-1,17245360-1,"Bull. Torrey Bot. Club","34. 249. 1907","","1907"
tro-26625247,P,Gleicheniaceae,,Dicranopteris,,"blotiana",,"","(C. Chr.) Tagawa",Accepted,,M,TRO,26625247,17387810-1,"Acta Phytotax. Geobot.","8(2): 91","91","1939"
tro-26609550,P,Gleicheniaceae,,Dicranopteris,,"cadetii",,"","Tardieu",Accepted,,M,TRO,26609550,17503330-1,"Bull. Mus. Natl. Hist. Nat., B, Adansonia","4: 103","103","1982"
tro-50176801,P,Gleicheniaceae,,Dicranopteris,,"cantonensis",,"","(Ching) Ching",Accepted,,M,TRO,50176801,17387830-1,"Bull. Fan Mem. Inst. Biol.","10(1): 2","2","1940"
ifn-27167,P,Gleicheniaceae,,Dicranopteris,,"caudata",,"","St.John",Unresolved,,L,IPNI,17387840-1,17387840-1,"Occ. Pap. Bishop Mus.","17: 80. 1942.","","1942"
tro-26625248,P,Gleicheniaceae,,Dicranopteris,,"chinensis",,"","(Rosenst.) Tagawa",Accepted,,M,TRO,26625248,17387850-1,"Acta Phytotax. Geobot.","8(2): 91","91","1939"
tro-50175579,P,Gleicheniaceae,,Dicranopteris,,"clemensiae",,"","Holttum",Unresolved,,L,TRO,50175579,17387860-1,"Reinwardtia","4: 275","275","1957"
ifn-27171,P,Gleicheniaceae,,Dicranopteris,,"crassifolia",,"","Ching",Unresolved,,L,IPNI,17387870-1,17387870-1,"Sunyatsenia","5: 275. 1940.","","1940"
ifn-27172,P,Gleicheniaceae,,Dicranopteris,,"cryptocarpa",,"","Looser",Unresolved,,L,IPNI,79832-2,79832-2,"Notas Sobre Helechos Chil. II","8","","1936"
tro-50175578,P,Gleicheniaceae,,Dicranopteris,,"curranii",,"","Copel.",Unresolved,,L,TRO,50175578,17387890-1,"Philipp. J. Sci.","81: 4","4","1952"
tro-26614875,P,Gleicheniaceae,,Dicranopteris,,"desvauxii",,"","Proctor",Unresolved,,L,TRO,26614875,,"","","",""
ifn-27179,P,Gleicheniaceae,,Dicranopteris,,"discolor",,"","Nakai",Unresolved,,L,IPNI,79837-2,79837-2,"Bull. Natl. Sci. Mus., Tokyo","no. 29: 59","","1950"
ifn-27180,P,Gleicheniaceae,,Dicranopteris,,"dolosa",,"","Copel. in Perkins",Unresolved,,L,IPNI,17236910-1,17236910-1,"Fragm. Fl. Philipp.","193 t. 4 f. C. 1905","","1905"
ifn-27181,P,Gleicheniaceae,,Dicranopteris,,"elegantula",,"","Pic.Serm.",Unresolved,,L,IPNI,17434910-1,17434910-1,"Webbia","27: 402. 1972 publ. 1973.","","1973"
tro-26601999,P,Gleicheniaceae,,Dicranopteris,,"emarginata",,"","W.J. Rob.",Accepted,,M,TRO,26601999,,"","","",""
ifn-27183,P,Gleicheniaceae,,Dicranopteris,,"farinosa",,"","Underw.",Unresolved,,L,IPNI,79838-2,79838-2,"Bull. Torrey Bot. Club","34: 254","","1907"
ifn-27184,P,Gleicheniaceae,,Dicranopteris,,"ferruginea",,"","Hosok.",Unresolved,,L,IPNI,17387920-1,17387920-1,"Trans. Nat. Hist. Soc. Formosa","25: 435. 1935.","","1935"
tro-26602000,P,Gleicheniaceae,,Dicranopteris,,"flexuosa",,"","(Schrad.) Underw.",Accepted,,M,TRO,26602000,79839-2,"Bull. Torrey Bot. Club","34(5): 254","254","1907"
ifn-27188,P,Gleicheniaceae,,Dicranopteris,,"furcata",,"","Underw.",Unresolved,,L,IPNI,79842-2,79842-2,"Bull. Torrey Bot. Club","34: 257","","1907"
tro-50176804,P,Gleicheniaceae,,Dicranopteris,,"gigantea",,"","(Wall. ex Hook.) Underw.",Accepted,,M,TRO,50176804,17245480-1,"Bull. Torrey Bot. Club","34(5): 249","249","1907"
ifn-27191,P,Gleicheniaceae,,Dicranopteris,,"glabra",,"","Underw.",Unresolved,,L,IPNI,17245490-1,17245490-1,"Bull. Torrey Bot. Club","34. 249. 1907.","","1907"
ifn-27197,P,Gleicheniaceae,,Dicranopteris,,"hawaiensis",,"","Ching",Unresolved,,L,IPNI,17387960-1,17387960-1,"Sunyatsenia","5: 275. 1940 {err. kawaiensis}.","","1940"
ifn-27198,P,Gleicheniaceae,,Dicranopteris,,"hawaiicola",,"","Nakai",Unresolved,,L,IPNI,17387970-1,17387970-1,"Bull. Natl. Sci. Mus., Tokyo","29: 60. 1950.","","1950"
ifn-27199,P,Gleicheniaceae,,Dicranopteris,,"hermannii",,"","Nakai",Unresolved,,L,IPNI,17387980-1,17387980-1,"Bull. Natl. Sci. Mus., Tokyo","29: 60. 1950.","","1950"
ifn-27202,P,Gleicheniaceae,,Dicranopteris,,"klotzschii",,"","Ching",Unresolved,,L,IPNI,17387990-1,17387990-1,"Sunyatsenia","5: 275. 1940.","","1940"
ifn-27203,P,Gleicheniaceae,,Dicranopteris,,"klotzschii",,"","Nakai",Unresolved,,L,IPNI,79848-2,79848-2,"Bull. Natl. Sci. Mus., Tokyo","no. 29: 61","","1950"
ifn-27206,P,Gleicheniaceae,,Dicranopteris,,"lanigera",,"","Fraser-Jenk.",Unresolved,,L,IPNI,77100105-1,77100105-1,"Taxon. Revis. Indian Subcontinental Pteridophytes","35","","2008 [27 Nov 2008]"
ifn-27209,P,Gleicheniaceae,,Dicranopteris,,"lessonii",,"","Ching",Unresolved,,L,IPNI,17388010-1,17388010-1,"Sunyatsenia","5: 275. 1940.","","1940"
tro-26600130,P,Gleicheniaceae,,Dicranopteris,,"linearis",,"","(Burm. f.) Underw.",Accepted,,M,TRO,26600130,17245530-1,"Bull. Torrey Bot. Club","34(5): 250","250","1907"
tro-26623424,P,Gleicheniaceae,,Dicranopteris,,"linearis",var.,"alternans","(Mett.) Holttum",Accepted,,L,TRO,26623424,,"Reinwardtia","4: 278","278","1957"
ifn-27221,P,Gleicheniaceae,,Dicranopteris,,"litoralis",,"","Looser",Unresolved,,L,IPNI,79852-2,79852-2,"Notas Sobre Helechos Chil. II","10","","1936"
ifn-27230,P,Gleicheniaceae,,Dicranopteris,,"montana",,"","S.R.Ghosh",Unresolved,,L,IPNI,77067493-1,77067493-1,"Pterid. Fl. E. India","210","","2004 [April 2004]"
ifn-27231,P,Gleicheniaceae,,Dicranopteris,×,"nepalensis",,"","Fraser-Jenk.",Unresolved,,L,IPNI,17569940-1,17569940-1,"New Sp. Syndr. Indian Pteridol.","108","","1997"
tro-26606201,P,Gleicheniaceae,,Dicranopteris,,"nervosa",,"","(Kaulf.) Maxon",Accepted,,M,TRO,26606201,79857-2,"Contr. U.S. Natl. Herb.","24(2): 49","49","1922"
ifn-27236,P,Gleicheniaceae,,Dicranopteris,,"norrisii",,"","Ching",Unresolved,,L,IPNI,17388070-1,17388070-1,"Bull. Fan Mem. Inst. Biol. Bot.","10: 4","","1940"
ifn-66768,P,Gleicheniaceae,,Dicranopteris,,"oligocarpa",,"","Looser",Unresolved,,L,IPNI,17388080-1,17388080-1,"Not. Helechos Chil.","2: 10. 1936.","","1936"
ifn-27239,P,Gleicheniaceae,,Dicranopteris,,"opposita",,"","Nakai",Unresolved,,L,IPNI,17388090-1,17388090-1,"Bull. Natl. Sci. Mus., Tokyo","29: 68. 1950.","","1950"
ifn-27241,P,Gleicheniaceae,,Dicranopteris,,"owhyhensis",,"","W.J.Rob.",Unresolved,,L,IPNI,17245570-1,17245570-1,"Bull. Torrey Bot. Club","39. 241. 1912.","","1912"
ifn-27242,P,Gleicheniaceae,,Dicranopteris,,"pallescens",,"","Maxon",Unresolved,,L,IPNI,79863-2,79863-2,"Proc. Biol. Soc. Washington","46: 105","","1933"
tro-26602001,P,Gleicheniaceae,,Dicranopteris,,"pectinata",,"","(Willd.) Underw.",Accepted,,M,TRO,26602001,79865-2,"Bull. Torrey Bot. Club","34(5): 260","260","1907"
ifn-27245,P,Gleicheniaceae,,Dicranopteris,,"pedalis",,"","Looser",Unresolved,,L,IPNI,79866-2,79866-2,"Notas Sobre Helechos Chil. II","10","","1936"
tro-26609099,P,Gleicheniaceae,,Dicranopteris,,"pedata",,"","(Houtt.) Nakaike",Accepted,,M,TRO,26609099,17434920-1,"Enum. Pterid. Jap., Fil.","114","114","1975"
ifn-27254,P,Gleicheniaceae,,Dicranopteris,,"pubigera",,"","Nakai",Unresolved,,L,IPNI,17388130-1,17388130-1,"Bull. Natl. Sci. Mus., Tokyo","29: 68. 1950.","","1950"
ifn-66734,P,Gleicheniaceae,,Dicranopteris,,"pumila",,"","Nakai",Unresolved,,L,IPNI,1128694-2,1128694-2,"","","",""
ifn-27256,P,Gleicheniaceae,,Dicranopteris,,"quadripartita",,"","Looser",Unresolved,,L,IPNI,79874-2,79874-2,"Notas Sobre Helechos Chil. II","9","","1936"
ifn-27258,P,Gleicheniaceae,,Dicranopteris,,"retroflexa",,"","Underw.",Unresolved,,L,IPNI,79876-2,79876-2,"Bull. Torrey Bot. Club","34: 260","","1907"
ifn-27259,P,Gleicheniaceae,,Dicranopteris,,"revoluta",,"","Maxon",Unresolved,,L,IPNI,79877-2,79877-2,"Contr. U.S. Natl. Herb.","24: 49","","1922"
tro-26602002,P,Gleicheniaceae,,Dicranopteris,,"sandwicensis",,"","O. Deg.",Accepted,,M,TRO,26602002,,"","","",""
ifn-27264,P,Gleicheniaceae,,Dicranopteris,,"sartorii",,"","Nakai",Unresolved,,L,IPNI,79881-2,79881-2,"Bull. Natl. Sci. Mus., Tokyo","no 29: 69","","1950"
ifn-27265,P,Gleicheniaceae,,Dicranopteris,,"scalpturata",,"","Nakai",Unresolved,,L,IPNI,79882-2,79882-2,"Bull. Natl. Sci. Mus., Tokyo","no 29: 69","","1950"
tro-26614015,P,Gleicheniaceae,,Dicranopteris,,"schomburgkiana",,"","(J.W. Sturm) C.V. Morton",Accepted,,M,TRO,26614015,79883-2,"Fieldiana, Bot.","28(1): 16","16","1951"
tro-50312501,P,Gleicheniaceae,,Dicranopteris,,"seminuda",,"","Maxon",Accepted,,M,TRO,50312501,79884-2,"Proc. Biol. Soc. Wash.","46: 140","140","1933"
tro-26612652,P,Gleicheniaceae,,Dicranopteris,,"seramensis",,"","M. Kato",Unresolved,,L,TRO,26612652,17529940-1,"Acta Phytotax. Geobot.","40: 82","82","1989"
tro-26612651,P,Gleicheniaceae,,Dicranopteris,,"speciosa",,"","(C. Presl) Holttum",Accepted,,M,TRO,26612651,17388220-1,"Reinwardtia","4(2): 273","273","1957"
tro-50175588,P,Gleicheniaceae,,Dicranopteris,,"speciosa",var.,"inaequalis","(Rosenst.) Holttum",Accepted,,L,TRO,50175588,,"Reinwardtia","4: 278","278","1957"
tro-50175584,P,Gleicheniaceae,,Dicranopteris,,"speciosa",var.,"rigida","(Blume) Holttum",Accepted,,L,TRO,50175584,,"Reinwardtia","4: 277","277","1957"
tro-50175582,P,Gleicheniaceae,,Dicranopteris,,"speciosa",var.,"subferruginea","(Hieron. ex Brause) Nakai",Accepted,,L,TRO,50175582,,"Bull. Natl. Sci. Mus.","28: 66","66","1950"
tro-26620562,P,Gleicheniaceae,,Dicranopteris,,"splendida",,"","(Hand.-Mazz.) Ching",Accepted,,M,TRO,26620562,,"Sunyatsenia","5(4): 275","275","1940"
tro-50075095,P,Gleicheniaceae,,Dicranopteris,,"subpectinata",,"","(Christ) C.M. Kuo",Accepted,,M,TRO,50075095,17518950-1,"Taiwania","30: 54","54","1985"
tro-26620559,P,Gleicheniaceae,,Dicranopteris,,"taiwanensis",,"","Ching & P.S. Chiu",Accepted,,M,TRO,26620559,17388250-1,"Fl. Reipubl. Popularis Sin.","2: 346","346","1959"
tro-50075096,P,Gleicheniaceae,,Dicranopteris,,"tetraphylla",,"","(Rosenst.) C.M. Kuo",Accepted,,M,TRO,50075096,17518960-1,"Taiwania","30: 54","54","1985"
ifn-27278,P,Gleicheniaceae,,Dicranopteris,,"tomentosa",,"","Copel.",Unresolved,,L,IPNI,17388260-1,17388260-1,"Univ. Calif. Publ. Bot.","18: 217. 1942.","","1942"
ifn-27282,P,Gleicheniaceae,,Dicranopteris,,"volubilis",,"","Nakai",Unresolved,,L,IPNI,17319920-1,17319920-1,"Bot. Mag. (Tokyo)","41. 691. 1927","","1927"
ifn-27283,P,Gleicheniaceae,,Dicranopteris,,"warburgii",,"","Nakai",Unresolved,,L,IPNI,17388270-1,17388270-1,"Bull. Natl. Sci. Mus., Tokyo","29: 70. 1950.","","1950"
ifn-27284,P,Gleicheniaceae,,Dicranopteris,,"weatherbyi",,"","Glassman",Unresolved,,L,IPNI,17388280-1,17388280-1,"Bull. Bishop Mus.","209: 37. 1952.","","1952"
tro-26606144,P,Gleicheniaceae,,Diplopterygium,,"bancroftii",,"","(Hook.) A.R. Sm.",Accepted,,M,TRO,26606144,81730-2,"Amer. Fern J.","70(1): 26","26","1980"
tro-26620222,P,Gleicheniaceae,,Diplopterygium,,"blotianum",,"","(C. Chr.) Nakai",Accepted,,M,TRO,26620222,17389220-1,"Bull. Natl. Sci. Mus.","29: 49","49","1950"
ifn-27291,P,Gleicheniaceae,,Diplopterygium,,"brevipinnulum",,"","Parris",Unresolved,,L,IPNI,17544730-1,17544730-1,"Pl. Mt. Kinabalu [J.H. Beaman et al.]","59 (1992):","","1992"
tro-26620227,P,Gleicheniaceae,,Diplopterygium,,"brunei",,"","(Christ) Nakai",Accepted,,M,TRO,26620227,81731-2,"Bull. Natl. Sci. Mus.","29: 49","49","1950"
ifn-27293,P,Gleicheniaceae,,Diplopterygium,,"bullatum",,"","Parris",Unresolved,,L,IPNI,17544740-1,17544740-1,"Pl. Mt. Kinabalu [J.H. Beaman et al.]","59 (1992):","","1992"
ifn-27294,P,Gleicheniaceae,,Diplopterygium,,"cantonense",,"","Nakai",Unresolved,,L,IPNI,17389240-1,17389240-1,"Bull. Natl. Sci. Mus., Tokyo","29: 49. 1950.","","1950"
tro-26620228,P,Gleicheniaceae,,Diplopterygium,,"cantonensis",,"","(Ching) Nakai",Accepted,,M,TRO,26620228,,"Bull. Natl. Sci. Mus.","29: 49","49","1950"
tro-26623426,P,Gleicheniaceae,,Diplopterygium,,"chinensis",,"","(Rosenst.) De Vol",Accepted,,M,TRO,26623426,17436010-1,"Fl. Taiwan","1: 92, pl. 28","92","1975"
tro-26620229,P,Gleicheniaceae,,Diplopterygium,,"conversum",,"","(Alderw.) Nakai",Accepted,,M,TRO,26620229,17389250-1,"Bull. Natl. Sci. Mus.","29: 49","49","1950"
tro-50255800,P,Gleicheniaceae,,Diplopterygium,,"criticum",,"","(Ching & P.S. Chiu) Ching ex X.C. Zhang",Accepted,,M,TRO,50255800,60430462-2,"Novon","14(1): 150","150","2004"
tro-26620230,P,Gleicheniaceae,,Diplopterygium,,"elmeri",,"","(Copel.) Nakai",Accepted,,M,TRO,26620230,17389260-1,"Bull. Natl. Sci. Mus.","29: 49","49","1950"
tro-26620231,P,Gleicheniaceae,,Diplopterygium,,"farinosum",,"","(Kaulf.) Nakai",Accepted,,M,TRO,26620231,81732-2,"Bull. Natl. Sci. Mus.","29: 50","50","1950"
tro-26620233,P,Gleicheniaceae,,Diplopterygium,,"giganteum",,"","(Wall. ex Hook.) Nakai",Accepted,,M,TRO,26620233,17389280-1,"Bull. Natl. Sci. Mus.","29: 50","50","1950"
tro-50321470,P,Gleicheniaceae,,Diplopterygium,,"glaucoides",,"","(Ching) Ching ex P.S. Wang",Accepted,,M,TRO,50321470,,"Pterido. Fl. Guizhou","279","279","2001"
tro-26600140,P,Gleicheniaceae,,Diplopterygium,,"glaucum",,"","(Thunb. ex Houtt.) Nakai",Accepted,,M,TRO,26600140,17389290-1,"Bull. Natl. Sci. Mus.","29: 51","51","1950"
tro-26620243,P,Gleicheniaceae,,Diplopterygium,,"glaucum",var.,"concolor","(Nakai) Nakai",Accepted,,L,TRO,26620243,,"Bull. Natl. Sci. Mus.","29: 52","52","1950"
tro-50179183,P,Gleicheniaceae,,Diplopterygium,,"irregulare",,"","W.M. Chu & Z.R. He",Accepted,,M,TRO,50179183,17573200-1,"Acta Bot. Yunnan.","22(3): 255–257","255","2000"
tro-26620244,P,Gleicheniaceae,,Diplopterygium,,"laevissimum",,"","(Christ) Nakai",Accepted,,M,TRO,26620244,17389300-1,"Bull. Natl. Sci. Mus.","29: 52","52","1950"
tro-26620245,P,Gleicheniaceae,,Diplopterygium,,"lanigerum",,"","(D. Don) Nakai",Accepted,,M,TRO,26620245,17389310-1,"Bull. Natl. Sci. Mus.","29: 53","53","1950"
tro-26620246,P,Gleicheniaceae,,Diplopterygium,,"longissimum",,"","(Blume) Nakai",Accepted,,M,TRO,26620246,17389320-1,"Bull. Natl. Sci. Mus.","29: 53","53","1950"
tro-26620248,P,Gleicheniaceae,,Diplopterygium,,"longissimum",var.,"sordidum","(Copel.) Nakai",Accepted,,L,TRO,26620248,,"Bull. Natl. Sci. Mus.","29: 54","54","1950"
ifn-27307,P,Gleicheniaceae,,Diplopterygium,,"maximum",,"","Ching & H.S.Kung",Unresolved,,L,IPNI,17537460-1,17537460-1,"Fl. Sichuan.","6: 134","","1988"
tro-26620249,P,Gleicheniaceae,,Diplopterygium,,"norrisii",,"","(Mett. ex Kuhn) Nakai",Accepted,,M,TRO,26620249,17389330-1,"Bull. Natl. Sci. Mus.","29: 54","54","1950"
tro-26620250,P,Gleicheniaceae,,Diplopterygium,,"novoguinense",,"","(Brause) Nakai",Accepted,,M,TRO,26620250,17389340-1,"Bull. Natl. Sci. Mus.","29: 54","54","1950"
tro-26620251,P,Gleicheniaceae,,Diplopterygium,,"pinnatum",,"","(Kunze) Nakai",Accepted,,M,TRO,26620251,17389350-1,"Bull. Natl. Sci. Mus.","29: 54","54","1950"
tro-50255801,P,Gleicheniaceae,,Diplopterygium,,"rufum",,"","(Ching) Ching ex X.C. Zhang",Accepted,,M,TRO,50255801,60430463-2,"Novon","14(1): 150","150","2004"
tro-50255803,P,Gleicheniaceae,,Diplopterygium,,"simulans",,"","(Ching) Ching ex X.C. Zhang",Accepted,,M,TRO,50255803,60430465-2,"Novon","14(1): 150","150","2004"
ifn-27314,P,Gleicheniaceae,,Diplopterygium,,"sordidum",,"","Parris",Unresolved,,L,IPNI,17569100-1,17569100-1,"Malayan Nat. J.","50(4): 252 (1997):","","1997"
tro-26620252,P,Gleicheniaceae,,Diplopterygium,,"volubile",,"","(Jungh.) Nakai",Accepted,,M,TRO,26620252,17389360-1,"Bull. Natl. Sci. Mus.","29: 55","55","1950"
tro-50255804,P,Gleicheniaceae,,Diplopterygium,,"yunnanense",,"","(Ching) Ching ex X.C. Zhang",Accepted,,M,TRO,50255804,60430466-2,"Novon","14(1): 150","150","2004"
tro-26608329,P,Gleicheniaceae,,Gleichenella,,"pectinata",,"","(Willd.) Ching",Accepted,,M,TRO,26608329,110733-2,"Sunyatsenia","5(4): 276","276","1940"
ifn-27338,P,Gleicheniaceae,,Gleichenia,,"abscida",,"","Rodway",Unresolved,,L,IPNI,17331850-1,17331850-1,"Tasmanian Flora","289. 1903.","","1903"
ifn-27339,P,Gleicheniaceae,,Gleichenia,,"acutifolia",,"","Hook.",Unresolved,,L,IPNI,17106700-1,17106700-1,"Sp. Fil.","1. 7 t. 8 A. 1844","","1844"
ifn-27340,P,Gleicheniaceae,,Gleichenia,,"aequilaterale",,"","Jenman",Unresolved,,L,IPNI,110734-2,110734-2,"Ferns Brit. W. Ind.","353","","1909"
tro-50042216,P,Gleicheniaceae,,Gleichenia,,"alpina",,"","R. Br.",Accepted,,M,TRO,50042216,17106720-1,"Prodr.","161","161","1810"
tro-50175567,P,Gleicheniaceae,,Gleichenia,,"alstonii",,"","Holttum",Unresolved,,L,TRO,50175567,17394360-1,"Reinwardtia","4: 267","267","1957"
tro-50175471,P,Gleicheniaceae,,Gleichenia,,"angustiloba",,"","Holttum",Unresolved,,L,TRO,50175471,17394370-1,"Reinwardtia","4: 263","263","1957"
ifn-27353,P,Gleicheniaceae,,Gleichenia,,"arachnoidea",,"","A.Cunn.; Col.",Unresolved,,L,IPNI,17106730-1,17106730-1,"Tasm. Jour.","2. 162. 1844","","1844"
ifn-27354,P,Gleicheniaceae,,Gleichenia,,"arachnoides",,"","Mett.",Unresolved,,L,IPNI,17106740-1,17106740-1,"Ann. Mus. Bot. Lugduno-Batavi","1. 47. 1863","","1863"
ifn-27356,P,Gleicheniaceae,,Gleichenia,,"attenuata",,"","Wall.",Unresolved,,L,IPNI,17106760-1,17106760-1,"Numer. List [Wallich]","n. 156","","1829 (1828)"
ifn-27360,P,Gleicheniaceae,,Gleichenia,,"barbula",,"","C.Chr.",Unresolved,,L,IPNI,17394380-1,17394380-1,"Dansk Bot. Ark.","9(3): 67. 1937.","","1937"
ifn-27366,P,Gleicheniaceae,,Gleichenia,,"bifurcata",,"","Blume",Unresolved,,L,IPNI,17106810-1,17106810-1,"Enum. Pl. Javae","2: 250","","1828"
ifn-27373,P,Gleicheniaceae,,Gleichenia,,"borneensis",,"","C.Chr.",Unresolved,,L,IPNI,17366620-1,17366620-1,"Gard. Bull. Straits Settlem.","7: 211 (descr.) et supra p. 106","","1934"
tro-26609551,P,Gleicheniaceae,,Gleichenia,,"boryi",,"","Kunze",Unresolved,,L,TRO,26609551,,"","","",""
tro-26609552,P,Gleicheniaceae,,Gleichenia,,"boryi",var.,"madagascariensis","(C. Chr.) Tardieu",Unresolved,,L,TRO,26609552,17520950-1,"Bull. Mus. Natl. Hist. Nat., B, Adansonia","4: 105","105","1982"
ifn-27376,P,Gleicheniaceae,,Gleichenia,,"brackenridgei",,"","E.Fourn.",Unresolved,,L,IPNI,17106840-1,17106840-1,"Ann. Sci. Nat., Bot.","s","","1873"
ifn-27378,P,Gleicheniaceae,,Gleichenia,,"brasiliana",,"","Spreng.",Unresolved,,L,IPNI,17106850-1,17106850-1,"Syst. Veg. (ed. 16) [Sprengel]","4(1): 27","","1827 [shortly before 7 Jan 1827]"
tro-50175571,P,Gleicheniaceae,,Gleichenia,,"brassii",,"","C. Chr.",Unresolved,,L,TRO,50175571,17394390-1,"Brittonia","2: 271","271","1937"
tro-50175474,P,Gleicheniaceae,,Gleichenia,,"brevipinnula",,"","Holttum",Unresolved,,L,TRO,50175474,17394400-1,"Reinwardtia","4: 264","264","1957"
ifn-27389,P,Gleicheniaceae,,Gleichenia,,"caudata",,"","Copel.",Unresolved,,L,IPNI,17331920-1,17331920-1,"Bull. Bernice P. Bishop Mus.","59: 9, t. 2","","1929"
ifn-27391,P,Gleicheniaceae,,Gleichenia,,"ciliata",,"","Col.",Unresolved,,L,IPNI,17106880-1,17106880-1,"Trans. New Zealand Inst.","29. 414. 1897","","1897"
tro-26626024,P,Gleicheniaceae,,Gleichenia,,"circinnata",,"","Sw.",Unresolved,,L,TRO,26626024,17271970-1,"J. Bot. (Schrader)","1800(2): 107","107","1801"
tro-50175469,P,Gleicheniaceae,,Gleichenia,,"clemensiae",,"","(Copel.) Holttum",Accepted,,M,TRO,50175469,17394430-1,"Fl. Malesiana, Ser. 2, Pterid.","1: 14","14","1959"
ifn-27407,P,Gleicheniaceae,,Gleichenia,,"crassifolia",,"","Copel.",Unresolved,,L,IPNI,17251640-1,17251640-1,"Philipp. J. Sci.","1(Suppl. 4): 257","","1906"
tro-50185705,P,Gleicheniaceae,,Gleichenia,,"cunninghamii",,"","Heward ex Hook.",Unresolved,,L,TRO,50185705,,"Sp. Fil.","1: 6, t.6B","6","1844"
tro-50175472,P,Gleicheniaceae,,Gleichenia,,"deflexa",,"","Holttum",Unresolved,,L,TRO,50175472,17394450-1,"Reinwardtia","4(add): 280","280","1957"
tro-50042224,P,Gleicheniaceae,,Gleichenia,,"dicarpa",,"","R. Br.",Accepted,,M,TRO,50042224,17106940-1,"Prodr.","161","161","1810"
tro-26604080,P,Gleicheniaceae,,Gleichenia,,"dichotoma",,"","(Thunb.) Hook.",Accepted,,M,TRO,26604080,17106950-1,"Sp. Fil.","1: 12–13","12","1844"
ifn-27421,P,Gleicheniaceae,,Gleichenia,,"dolosa",,"","C.Chr.",Unresolved,,L,IPNI,17237030-1,17237030-1,"Index Filic.","664","","1906"
tro-50180379,P,Gleicheniaceae,,Gleichenia,,"elongata",,"","Baker",Unresolved,,L,TRO,50180379,17106960-1,"Kew Bull.","1901: 137","137","1901"
ifn-27424,P,Gleicheniaceae,,Gleichenia,,"emarginata",,"","T.Moore",Unresolved,,L,IPNI,17106970-1,17106970-1,"Index Fil. (T. Moore)","377. 1862","","1862"
tro-26623889,P,Gleicheniaceae,,Gleichenia,,"excelsa",,"","J. Sm. ex Hook.",Accepted,,M,TRO,26623889,,"Sp. Fil.","1: 5, t. 4B","5","1844"
ifn-27427,P,Gleicheniaceae,,Gleichenia,,"farinosa",,"","Hook.",Unresolved,,L,IPNI,17272010-1,17272010-1,"Sp. Fil.","1. 9. 1844 (pt.)","","1844"
ifn-66748,P,Gleicheniaceae,,Gleichenia,,"gaenslyi",,"","Rosenst.",Unresolved,,L,IPNI,17107060-1,17107060-1,"Festschr. Alb.","v. Bamberg 56. 1905","","1905"
ifn-27443,P,Gleicheniaceae,,Gleichenia,,"glabra",,"","Mann",Unresolved,,L,IPNI,17272040-1,17272040-1,"Proc. Am. Acad.","7. 211. 1868","","1868"
tro-50009144,P,Gleicheniaceae,,Gleichenia,,"glaucescens",,"","(Humb. & Bonpl. ex Willd.) Kunth",Accepted,,M,TRO,50009144,17107120-1,"Nov. Gen. Sp. (quarto ed.)","1: 29–30","29","1815"
tro-50056857,P,Gleicheniaceae,,Gleichenia,,"gracilis",,"","T. Moore",Unresolved,,L,TRO,50056857,17107140-1,"Index Fil.","378","378","1862"
ifn-27454,P,Gleicheniaceae,,Gleichenia,,"hallieri",,"","Christ",Unresolved,,L,IPNI,17107160-1,17107160-1,"Ann. Jard. Bot. Buitenzorg","II. 5. 138. 1905","","1905"
ifn-27455,P,Gleicheniaceae,,Gleichenia,,"hamiltoniana",,"","Zoll.",Unresolved,,L,IPNI,17107170-1,17107170-1,"Syst. Verz.","47. 1854 (nomen)","","1854"
ifn-27457,P,Gleicheniaceae,,Gleichenia,,"hawaiensis",,"","C.Chr.",Unresolved,,L,IPNI,17331970-1,17331970-1,"Index Filic., Suppl. Tertium pro Annis 1917-1933","106","","1934"
ifn-27458,P,Gleicheniaceae,,Gleichenia,,"hawaiiensis",,"","Hillebr.",Unresolved,,L,IPNI,17107180-1,17107180-1,"Fl. Hawaiian Isl. [Hillebrand]","544. 1888","","1888"
ifn-27459,P,Gleicheniaceae,,Gleichenia,,"hecistophylla",,"","A.Cunn.in Hk.",Unresolved,,L,IPNI,17107190-1,17107190-1,"Companion Bot. Mag.","2: 361","","1837 (1836)"
ifn-27461,P,Gleicheniaceae,,Gleichenia,,"hermannii",,"","Hook. & Grev.",Unresolved,,L,IPNI,17107210-1,17107210-1,"Icon. Filic.","t. 14","","1827"
tro-50175572,P,Gleicheniaceae,,Gleichenia,,"hirta",,"","Blume",Unresolved,,L,TRO,50175572,17107220-1,"Enum. Pl. Javae","250","250","1828"
tro-50175577,P,Gleicheniaceae,,Gleichenia,,"hirta",var.,"amboinensis","(Alderw.) Holttum",Unresolved,,L,TRO,50175577,,"Reinwardtia","4: 269","269","1957"
tro-50175573,P,Gleicheniaceae,,Gleichenia,,"hirta",var.,"amoena","(Alderw.) Holttum",Unresolved,,L,TRO,50175573,,"Reinwardtia","4: 269","269","1957"
tro-50175575,P,Gleicheniaceae,,Gleichenia,,"hirta",var.,"candida","(Rosenst.) Holttum",Unresolved,,L,TRO,50175575,,"Reinwardtia","4: 269","269","1957"
ifn-27466,P,Gleicheniaceae,,Gleichenia,,"hooglandii",,"","Holttum",Unresolved,,L,IPNI,17438420-1,17438420-1,"Blumea","14: 327","","1967"
ifn-27469,P,Gleicheniaceae,,Gleichenia,,"impressa",,"","Parris",Unresolved,,L,IPNI,17503490-1,17503490-1,"Bot. J. Linn. Soc.","85(1): 30 (1982)","","1982"
tro-26611362,P,Gleicheniaceae,,Gleichenia,,"japonica",,"","Spreng.",Unresolved,,L,TRO,26611362,17107280-1,"Syst. Veg.","4(1): 25","25","1827"
ifn-27476,P,Gleicheniaceae,,Gleichenia,,"javanica",,"","Spreng.",Unresolved,,L,IPNI,17107290-1,17107290-1,"Syst. Veg. (ed. 16) [Sprengel]","4(1): 25","","1827 [shortly before 7 Jan 1827]"
tro-26620570,P,Gleicheniaceae,,Gleichenia,,"kiusiana",,"","Makino",Unresolved,,L,TRO,26620570,17251700-1,"Bot. Mag. (Tokyo)","18(214): 139–140","139","1904"
ifn-27479,P,Gleicheniaceae,,Gleichenia,,"klotzschii",,"","Hook.",Unresolved,,L,IPNI,17107300-1,17107300-1,"Sp. Fil.","1. 13 t. 5 B. 1844","","1844"
ifn-27480,P,Gleicheniaceae,,Gleichenia,,"koordersii",,"","Christ",Unresolved,,L,IPNI,17107310-1,17107310-1,"Ann. Jard. Bot. Buitenzorg","15. 76 t. 13 f. 1. 1897","","1897"
tro-26613083,P,Gleicheniaceae,,Gleichenia,,"laevigata",,"","(Willd.) Hook.",Accepted,,M,TRO,26613083,17107320-1,"Sp. Fil.","1: 10","10","1844"
ifn-27489,P,Gleicheniaceae,,Gleichenia,,"leonis",,"","C.Chr.",Unresolved,,L,IPNI,110775-2,110775-2,"Index Filic., Suppl. Tertium pro Annis 1917-1933","3: 106","","1934"
ifn-66779,P,Gleicheniaceae,,Gleichenia,,"lepidota",,"","R.A.Rodr.",Unresolved,,L,IPNI,17540980-1,17540980-1,"Gayana, Bot.","47(1-2): 40 (1990)","","1990"
ifn-27492,P,Gleicheniaceae,,Gleichenia,,"liebmannii",,"","T.Moore",Unresolved,,L,IPNI,17107390-1,17107390-1,"Index Fil. (T. Moore)","379. 1862","","1862"
tro-26605513,P,Gleicheniaceae,,Gleichenia,,"litoralis",,"","C. Chr.",Accepted,,M,TRO,26605513,1085407-2,"","","",""
ifn-27501,P,Gleicheniaceae,,Gleichenia,,"littoralis",,"","Col.",Unresolved,,L,IPNI,17107420-1,17107420-1,"Trans. New Zealand Inst.","16. 334. 1884","","1884"
ifn-27502,P,Gleicheniaceae,,Gleichenia,,"lobata",,"","S.L.Thrower",Unresolved,,L,IPNI,74925-3,74925-3,"Proceedings of the Royal Society of Victoria Series 2","","","1963 (28 Jun. 1963)"
tro-26620237,P,Gleicheniaceae,,Gleichenia,,"longissima",,"","Blume",Accepted,,M,TRO,26620237,17332020-1,"Enum. Pl. Javae","fasc. 2: 250–251","250","1828"
ifn-27507,P,Gleicheniaceae,,Gleichenia,,"macloviana",,"","Gand.",Unresolved,,L,IPNI,110784-2,110784-2,"Bull. Soc. Bot. France","60: 28","","1913"
tro-50175473,P,Gleicheniaceae,,Gleichenia,,"matthewii",,"","Holttum",Unresolved,,L,TRO,50175473,17394490-1,"Reinwardtia","4: 265","265","1957"
ifn-27515,P,Gleicheniaceae,,Gleichenia,,"mendellii",,"","S.B.Andrews",Unresolved,,L,IPNI,17543220-1,17543220-1,"Ferns of Queensland","142 (1990):","","1990"
tro-50003916,P,Gleicheniaceae,,Gleichenia,,"microphylla",,"","R. Br.",Accepted,,M,TRO,50003916,17272120-1,"Prodr.","161","161","1810"
ifn-27521,P,Gleicheniaceae,,Gleichenia,,"moniliformis",,"","T.Moore",Unresolved,,L,IPNI,17107510-1,17107510-1,"Index Fil. (T. Moore)","379. 1862","","1862"
ifn-27522,P,Gleicheniaceae,,Gleichenia,,"montaguei",,"","Compton",Unresolved,,L,IPNI,17332040-1,17332040-1,"J. Linn. Soc., Bot.","45. 453. 1922.","","1922"
ifn-27523,P,Gleicheniaceae,,Gleichenia,,"monticola",,"","Ridl.",Unresolved,,L,IPNI,17332050-1,17332050-1,"Trans. Linn. Soc. London, Bot.","9(1): 252","","1916 [1916-22 publ. Aug 1916]"
ifn-27524,P,Gleicheniaceae,,Gleichenia,,"mucronata",,"","Reinw.; J.Sm.",Unresolved,,L,IPNI,17107520-1,17107520-1,"J. Bot. (Hooker)","3: 420","","1841"
tro-50049348,P,Gleicheniaceae,,Gleichenia,,"nervosa",var.,"cinnamomea","(Beyr.) Luetzelb.",Unresolved,,L,TRO,50049348,110790-2,"Estud. Bot. Noreste Brazil","3: 254","254","1923"
ifn-27536,P,Gleicheniaceae,,Gleichenia,,"oceanica",,"","Kuhn",Unresolved,,L,IPNI,17107580-1,17107580-1,"Verh. zool. bot. Ges.","19. 583. 1869. HB. 449. Chr. 342. NPfl. 353","","1869"
ifn-27537,P,Gleicheniaceae,,Gleichenia,,"oligocarpa",,"","C.Chr.",Unresolved,,L,IPNI,110796-2,110796-2,"Index Filic.","323","","1905"
ifn-27538,P,Gleicheniaceae,,Gleichenia,,"opposita",,"","Alderw.",Unresolved,,L,IPNI,17284920-1,17284920-1,"Bull. Jard. Bot. Buitenzorg","Ser. 2,  XI. 13. 1913","","1913"
ifn-27539,P,Gleicheniaceae,,Gleichenia,,"ornamentalis",,"","Rosenst.",Unresolved,,L,IPNI,17251750-1,17251750-1,"Nova Guinea","8: 715","","1912"
tro-26602020,P,Gleicheniaceae,,Gleichenia,,"owhyhensis",,"","Hook.",Accepted,,M,TRO,26602020,17272150-1,"","","",""
tro-50175468,P,Gleicheniaceae,,Gleichenia,,"paleacea",,"","(Copel.) Holttum",Accepted,,M,TRO,50175468,17394510-1,"Reinwardtia","4: 265","265","1957"
ifn-27545,P,Gleicheniaceae,,Gleichenia,,"papuana",,"","Holttum",Unresolved,,L,IPNI,17394520-1,17394520-1,"Reinwardtia","4: 266. 1957.","","1957"
ifn-27546,P,Gleicheniaceae,,Gleichenia,,"parallela",,"","Ridl.",Unresolved,,L,IPNI,17332080-1,17332080-1,"Journ. Mal. Br. Roy. As. Soc.","4. 3. 1926","","1926"
ifn-27547,P,Gleicheniaceae,,Gleichenia,,"patens",,"","Col.",Unresolved,,L,IPNI,17107640-1,17107640-1,"Trans. New Zealand Inst.","20. 212. 1888","","1888"
ifn-27552,P,Gleicheniaceae,,Gleichenia,,"pedalis",,"","Spreng.",Unresolved,,L,IPNI,17107660-1,17107660-1,"Syst. Veg. (ed. 16) [Sprengel]","4(1): 26","","1827 [shortly before 7 Jan 1827]"
tro-26612654,P,Gleicheniaceae,,Gleichenia,,"peltophora",,"","Copel.",Unresolved,,L,TRO,26612654,,"Philipp. J. Sci.","40: 292","292","1929"
ifn-27558,P,Gleicheniaceae,,Gleichenia,,"peninsularis",,"","Copel.",Unresolved,,L,IPNI,17332100-1,17332100-1,"Univ. Calif. Publ. Bot.","12. 387. 1931.","","1931"
ifn-27562,P,Gleicheniaceae,,Gleichenia,,"pinnata",,"","T.Moore",Unresolved,,L,IPNI,17107680-1,17107680-1,"Index Fil. (T. Moore)","381. 1862","","1862"
ifn-27563,P,Gleicheniaceae,,Gleichenia,,"platyzoma",,"","F.Muell.",Unresolved,,L,IPNI,17107690-1,17107690-1,"Veg. Chatham-Isl.","63","","1864"
tro-26600373,P,Gleicheniaceae,,Gleichenia,,"polypodioides",,"","(L.) Sm.",Accepted,,M,TRO,26600373,17107700-1,"Mém. Acad. Sci. Turin","5: 419, t. 9/10","419","1793"
ifn-27572,P,Gleicheniaceae,,Gleichenia,,"pteridifolia",,"","Ces.",Unresolved,,L,IPNI,17107720-1,17107720-1,"Atti Ac. Napoli","7 [8]. 2. 1876","","1876"
tro-50175564,P,Gleicheniaceae,,Gleichenia,,"pulchra",,"","(Copel.) Holttum",Accepted,,M,TRO,50175564,17394540-1,"Reinwardtia","4: 271","271","1957"
ifn-27582,P,Gleicheniaceae,,Gleichenia,,"punctulata",,"","Col.",Unresolved,,L,IPNI,17251770-1,17251770-1,"Trans. New Zealand Inst.","16. 344. 1884","","1884"
ifn-27594,P,Gleicheniaceae,,Gleichenia,,"rufinervis",,"","Hook.",Unresolved,,L,IPNI,17107820-1,17107820-1,"Sp. Fil.","1. 11. 1844","","1844"
tro-50042228,P,Gleicheniaceae,,Gleichenia,,"rupestris",,"","R. Br.",Accepted,,M,TRO,50042228,,"Prodr.","161","161","1810"
tro-50144661,P,Gleicheniaceae,,Gleichenia,,"ruwenzoriensis",,"","Brause",Unresolved,,L,TRO,50144661,17251780-1,"Wiss. Erg. Deut. Zentr.-Afr. Exped., Bot.","2: 36","36","1910"
ifn-27600,P,Gleicheniaceae,,Gleichenia,,"sartorii",,"","T.Moore",Unresolved,,L,IPNI,17107840-1,17107840-1,"Index Fil. (T. Moore)","383. 1862","","1862"
ifn-27601,P,Gleicheniaceae,,Gleichenia,,"sect acropterygium",,"","Diels in Engl. & Prantl",Unresolved,,L,IPNI,1129706-2,1129706-2,"","","",""
ifn-27602,P,Gleicheniaceae,,Gleichenia,,"seminuda",,"","T.Moore",Unresolved,,L,IPNI,17107850-1,17107850-1,"Index Fil. (T. Moore)","383. 1862","","1862"
ifn-27603,P,Gleicheniaceae,,Gleichenia,,"semivestita",,"","Labill.",Unresolved,,L,IPNI,17107860-1,17107860-1,"Sert. Austro-Caledon.","8, t. 11","","1824 [4-9 Oct 1824]"
ifn-27604,P,Gleicheniaceae,,Gleichenia,,"semivestita",,"","E.J.Lowe",Unresolved,,L,IPNI,17394570-1,17394570-1,"Ferns Brit. Exot.","8: t.54. 1872 {non Labill.}.","","1872"
ifn-27611,P,Gleicheniaceae,,Gleichenia,,"squamosa",,"","Brade",Unresolved,,L,IPNI,110822-2,110822-2,"Rodrigu","10: 33","","1948"
ifn-27612,P,Gleicheniaceae,,Gleichenia,,"squamosa",,"","F",Unresolved,,L,IPNI,1151658-2,1151658-2,"","","",""
tro-50175466,P,Gleicheniaceae,,Gleichenia,,"squamossissima",,"","Copel.",Unresolved,,L,TRO,50175466,17394590-1,"Philipp. J. Sci.","75: 348","348","1941"
tro-26605515,P,Gleicheniaceae,,Gleichenia,,"squamulosa",,"","Moore",Unresolved,,L,TRO,26605515,,"","","",""
ifn-27618,P,Gleicheniaceae,,Gleichenia,,"subflabellata",,"","Christ & Bonap.",Unresolved,,L,IPNI,17332140-1,17332140-1,"N. Pt.","10. 215. 1920 (nomen)","","1920"
ifn-27623,P,Gleicheniaceae,,Gleichenia,,"subtrisperma",,"","Krug",Unresolved,,L,IPNI,110827-2,110827-2,"Bot. Jahrb. Syst.","24(1): 78","","1897 [14 May 1897]"
ifn-27624,P,Gleicheniaceae,,Gleichenia,,"subulata",,"","Alderw.",Unresolved,,L,IPNI,17332150-1,17332150-1,"Nova Guinea","14: 23","","1924"
ifn-27625,P,Gleicheniaceae,,Gleichenia,,"sumatrana",,"","Holttum",Unresolved,,L,IPNI,17394600-1,17394600-1,"Reinwardtia","4: 264. 1957.","","1957"
ifn-27626,P,Gleicheniaceae,,Gleichenia,,"tahitensis",,"","Copel.",Unresolved,,L,IPNI,17332160-1,17332160-1,"Bull. Bernice P. Bishop Mus.","93: 7, t. 4","","1932"
tro-50059945,P,Gleicheniaceae,,Gleichenia,,"tenuis",,"","C. Presl",Unresolved,,L,TRO,50059945,17107950-1,"Reliq. Haenk.","1(1): 70","70","1825"
ifn-27631,P,Gleicheniaceae,,Gleichenia,,"trifurcans",,"","Christ in Schwacke",Unresolved,,L,IPNI,110829-2,110829-2,"Pl. Nov. Mineir.","2: 35","","1900"
tro-26604273,P,Gleicheniaceae,,Gleichenia,,"umbraculifera",,"","T. Moore",Accepted,,M,TRO,26604273,,"","","",""
tro-50175478,P,Gleicheniaceae,,Gleichenia,,"venosa",,"","(Copel.) Holttum",Accepted,,M,TRO,50175478,17394610-1,"Fl. Malesiana, Ser. 2, Pterid.","1: 20","20","1959"
tro-50175465,P,Gleicheniaceae,,Gleichenia,,"vulcanica",,"","Blume",Unresolved,,L,TRO,50175465,17108040-1,"Enum. Pl. Javae","251","251","1828"
ifn-27642,P,Gleicheniaceae,,Gleichenia,,"warburgii",,"","Christ",Unresolved,,L,IPNI,17108050-1,17108050-1,"Ann. Jard. Bot. Buitenzorg","15. 78. 1897. NPfl. 353","","1897"
tro-50168419,P,Gleicheniaceae,,Gleichenia,,"weatherbyi",,"","Fosberg",Unresolved,,L,TRO,50168419,17394620-1,"Amer. Fern J.","40: 140","140","1950"
ifn-27653,P,Gleicheniaceae,,Gleicheniastrum,,"boryi",,"","C.Presl",Unresolved,,L,IPNI,17108070-1,17108070-1,"Abh. Boehm. Ges. Wiss.","V. 5. 338. 1848","","1848"
ifn-27654,P,Gleicheniaceae,,Gleicheniastrum,,"circinnatum",,"","Nakai",Unresolved,,L,IPNI,17394650-1,17394650-1,"Bull. Natl. Sci. Mus., Tokyo","29: 43. 1950.","","1950"
ifn-27658,P,Gleicheniaceae,,Gleicheniastrum,,"elongatum",,"","Nakai",Unresolved,,L,IPNI,17394660-1,17394660-1,"Bull. Natl. Sci. Mus., Tokyo","29: 43. 1950.","","1950"
ifn-27659,P,Gleicheniaceae,,Gleicheniastrum,,"hecistophyllum",,"","Nakai",Unresolved,,L,IPNI,17394670-1,17394670-1,"Bull. Natl. Sci. Mus., Tokyo","29: 44. 1950.","","1950"
ifn-27660,P,Gleicheniaceae,,Gleicheniastrum,,"lowei",,"","Nakai",Unresolved,,L,IPNI,17394680-1,17394680-1,"Bull. Natl. Sci. Mus., Tokyo","29: 44. 1950.","","1950"
tro-26600378,P,Gleicheniaceae,,Gleicheniastrum,,"madagascariense",,"","Nakai",Unresolved,,L,TRO,26600378,17394690-1,"Bull. Natl. Sci. Mus.","43","43","1950"
ifn-27670,P,Gleicheniaceae,,Gleicheniastrum,,"semivestitum",,"","C.Presl",Unresolved,,L,IPNI,17108100-1,17108100-1,"Abh. Boehm. Ges. Wiss.","V. 5. 338. 1848","","1848"
ifn-27675,P,Gleicheniaceae,,Hicriopteris,,"arachnoides",,"","Copel.",Unresolved,,L,IPNI,17398150-1,17398150-1,"Philipp. J. Sci.","75: 358","","1941"
tro-50048402,P,Gleicheniaceae,,Hicriopteris,,"astrotricha",,"","Copel.",Unresolved,,L,TRO,50048402,17398160-1,"Philipp. J. Sci.","75: 358","358","1941"
tro-50048398,P,Gleicheniaceae,,Hicriopteris,,"bullata",,"","(T. Moore) Copel.",Accepted,,M,TRO,50048398,,"Gen. Fil. (Copeland)","29","29","1947"
ifn-27684,P,Gleicheniaceae,,Hicriopteris,,"elmeri",,"","Copel.",Unresolved,,L,IPNI,17398240-1,17398240-1,"Fern Fl. Philip.","1: 43. 1958.","","1958"
ifn-27686,P,Gleicheniaceae,,Hicriopteris,,"glabra",,"","Ching",Unresolved,,L,IPNI,17398260-1,17398260-1,"Sunyatsenia","5: 279. 1940.","","1940"
ifn-27690,P,Gleicheniaceae,,Hicriopteris,,"longissima",,"","Ching",Unresolved,,L,IPNI,17398300-1,17398300-1,"Sunyatsenia","5: 280. 1940.","","1940"
tro-26618904,P,Gleicheniaceae,,Hicriopteris,,"maxima",,"","Ching",Unresolved,,L,TRO,26618904,17398310-1,"Fl. Reipubl. Popularis Sin.","2: 348","348","1959"
tro-50048401,P,Gleicheniaceae,,Hicriopteris,,"novoguineensis",,"","Copel.",Unresolved,,L,TRO,50048401,17398330-1,"Philipp. J. Sci.","75: 358","358","1941"
tro-26618905,P,Gleicheniaceae,,Hicriopteris,,"omeiensis",,"","Ching & P.S. Chiu",Unresolved,,L,TRO,26618905,17398340-1,"Fl. Reipubl. Popularis Sin.","2: 131, 349","131","1959"
ifn-27696,P,Gleicheniaceae,,Hicriopteris,,"pinnata",,"","Ching",Unresolved,,L,IPNI,17398360-1,17398360-1,"Sunyatsenia","5: 280. 1940.","","1940"
tro-26618906,P,Gleicheniaceae,,Hicriopteris,,"reflexa",,"","Ching & P.S. Chiu",Unresolved,,L,TRO,26618906,17398370-1,"Fl. Reipubl. Popularis Sin.","2: 348","348","1959"
tro-26618907,P,Gleicheniaceae,,Hicriopteris,,"remota",,"","Ching",Unresolved,,L,TRO,26618907,17398380-1,"Fl. Reipubl. Popularis Sin.","2: 349","349","1959"
ifn-27702,P,Gleicheniaceae,,Hicriopteris,,"sordida",,"","Copel.",Unresolved,,L,IPNI,17398420-1,17398420-1,"Fern Fl. Philip.","1: 44. 1958.","","1958"
tro-26620566,P,Gleicheniaceae,,Hicriopteris,,"tamdaoensis",,"","Ching & P.S. Chiu",Unresolved,,L,TRO,26620566,17398430-1,"Fl. Reipubl. Popularis Sin.","2: 347","347","1959"
ifn-27716,P,Gleicheniaceae,,Mertensia,,"arachnoides",,"","Hassk.",Unresolved,,L,IPNI,17146400-1,17146400-1,"Hooker's J. Bot. Kew Gard. Misc.","7: 322","","1855"
ifn-27728,P,Gleicheniaceae,,Mertensia,,"commutata",,"","Trevis.",Unresolved,,L,IPNI,17146500-1,17146500-1,"Atti Ist. Veneto","II. 2. 164. 1851 (nomen)","","1851"
ifn-27731,P,Gleicheniaceae,,Mertensia,,"cumingiana",,"","C.Presl",Unresolved,,L,IPNI,17146530-1,17146530-1,"Tent. Pterid.","51. 1836","","1836"
ifn-27752,P,Gleicheniaceae,,Mertensia,,"gigantea",,"","Wall.; Pr.",Unresolved,,L,IPNI,17146710-1,17146710-1,"Tent. Pterid.","51. 1836","","1836"
ifn-27753,P,Gleicheniaceae,,Mertensia,,"glabra",,"","Brack.",Unresolved,,L,IPNI,17146720-1,17146720-1,"U.S. Expl. Exped., Filic.","16: 292","","1854"
ifn-27759,P,Gleicheniaceae,,Mertensia,,"gracilenta",,"","Trevis.",Unresolved,,L,IPNI,17146760-1,17146760-1,"Atti Ist. Veneto","II. 2. 164. 1851 (nomen)","","1851"
ifn-27768,P,Gleicheniaceae,,Mertensia,,"klotzschii",,"","Brack.",Unresolved,,L,IPNI,17146840-1,17146840-1,"U.S. Expl. Exped., Filic.","16: 297","","1854"
ifn-27783,P,Gleicheniaceae,,Mertensia,,"microphylla",,"","Kaulf.",Unresolved,,L,IPNI,17146960-1,17146960-1,"Enum. Filic.","41","","1824 [8 Apr-28 May 1824]"
ifn-27797,P,Gleicheniaceae,,Mertensia,,"pedalis",,"","Kaulf.",Unresolved,,L,IPNI,17147070-1,17147070-1,"Enum. Filic.","39","","1824 [8 Apr-28 May 1824]"
ifn-27800,P,Gleicheniaceae,,Mertensia,,"plumaeformis",,"","C.Presl",Unresolved,,L,IPNI,17147090-1,17147090-1,"Abh. Boehm. Ges. Wiss.","V. 5. 338. 1848; Epim. 24 t. 15. 1849","","1848"
tro-50210344,P,Gleicheniaceae,,Mertensia,,"sartorii",,"","Fée",Unresolved,,L,TRO,50210344,,"Mém. Foug.","9: 31","31","1857"
tro-50210345,P,Gleicheniaceae,,Mertensia,,"schaffneri",,"","Fée",Unresolved,,L,TRO,50210345,,"Mém. Foug.","9: 32","32","1857"
ifn-27820,P,Gleicheniaceae,,Mertensia,,"sieberi",,"","C.Presl",Unresolved,,L,IPNI,17147270-1,17147270-1,"Tent. Pterid.","51. 1836","","1836"
ifn-27822,P,Gleicheniaceae,,Mertensia,,"spectabilis",,"","Trevis.",Unresolved,,L,IPNI,17147290-1,17147290-1,"Atti Ist. Veneto","II. 2. 164. 1851 (nomen)","","1851"
tro-50056875,P,Gleicheniaceae,,Mertensia,,"subflabellata",,"","Brack.",Unresolved,,L,TRO,50056875,17147340-1,"U.S. Expl. Exped., Filic.","16: 294","294","1854"
ifn-27829,P,Gleicheniaceae,,Mertensia,,"subtrisperma",,"","F",Unresolved,,L,IPNI,17274820-1,17274820-1,"M","122 (tab. 32, fig. 2)","","1866"
ifn-27832,P,Gleicheniaceae,,Mertensia,,"tenuis",,"","C.Presl",Unresolved,,L,IPNI,17147370-1,17147370-1,"Tent. Pterid.","51 t. 1 f. 7. 1836.","","1836"
ifn-27845,P,Gleicheniaceae,,Mesosorus,,"arachnoides",,"","Hassk.",Unresolved,,L,IPNI,17147500-1,17147500-1,"Obs.","1. 6. 1856","","1856"
ifn-27846,P,Gleicheniaceae,,Mesosorus,,"bifurcatus",,"","Hassk.",Unresolved,,L,IPNI,17147510-1,17147510-1,"Obs.","1. 8. 1856","","1856"
ifn-27847,P,Gleicheniaceae,,Mesosorus,,"dichotomus",,"","Hassk.",Unresolved,,L,IPNI,17147520-1,17147520-1,"Obs.","1. 9. 1856","","1856"
ifn-27848,P,Gleicheniaceae,,Mesosorus,,"excelsus",,"","Hassk.",Unresolved,,L,IPNI,17147530-1,17147530-1,"Obs.","1. 3. 1856","","1856"
ifn-27849,P,Gleicheniaceae,,Mesosorus,,"giganteus",,"","Hassk.",Unresolved,,L,IPNI,17147540-1,17147540-1,"Obs.","1. 2. 1856","","1856"
ifn-27850,P,Gleicheniaceae,,Mesosorus,,"glaucus",,"","Hassk.",Unresolved,,L,IPNI,17147550-1,17147550-1,"Obs.","1. 15. 1856.","","1856"
ifn-27851,P,Gleicheniaceae,,Mesosorus,,"longissimus",,"","Hassk.",Unresolved,,L,IPNI,17147560-1,17147560-1,"Obs.","1. 3. 1856","","1856"
ifn-27852,P,Gleicheniaceae,,Mesosorus,,"vestitus",,"","Hassk.",Unresolved,,L,IPNI,17147570-1,17147570-1,"Obs.","1. 13. 1856.","","1856"
tro-100375620,P,Gleicheniaceae,,Sticherus,,"albus",,"","J. Gonzales",Unresolved,,L,TRO,100375620,77116153-1,"Phytotaxa","31: 14–16, f. 7","14","2011"
tro-100375642,P,Gleicheniaceae,,Sticherus,,"antillensis",,"","J. Gonzales",Unresolved,,L,TRO,100375642,,"Phytotaxa","31: 16–18, f. 8","16","2011"
tro-50068759,P,Gleicheniaceae,,Sticherus,,"arachnoideus",,"","E.Ø. Andersen & B. Øllg.",Accepted,,M,TRO,50068759,,"Fl. Ecuador","66: 121, f. 29A, 33","121","2001"
tro-50198264,P,Gleicheniaceae,,Sticherus,,"aurantiacus",,"","E.Ø. Andersen & B. Øllg.",Accepted,,M,TRO,50198264,,"Fl. Ecuador","66: 124, f. 34","124","2001"
kew-2588753,P,Gleicheniaceae,,Sticherus,,"barbulus",,"","(C.Chr.) Nakai",Unresolved,,L,WCSP (in review),722277,17419030-1,"Bull. Natl. Sci. Mus. Tokyo","29: 13","","1950"
tro-26620315,P,Gleicheniaceae,,Sticherus,,"bibreae",,"","(Mett. ex Kuhn) Nakai",Accepted,,M,TRO,26620315,,"Bull. Natl. Sci. Mus.","29: 13","13","1950"
tro-26606157,P,Gleicheniaceae,,Sticherus,,"bifidus",,"","(Willd.) Ching",Accepted,,M,TRO,26606157,245596-2,"Sunyatsenia","5(4): 282","282","1940"
tro-50068757,P,Gleicheniaceae,,Sticherus,,"blepharolepis",,"","(Sodiro) Ching",Accepted,,M,TRO,50068757,245597-2,"Sunyatsenia","5: 282","282","1940"
tro-50175570,P,Gleicheniaceae,,Sticherus,,"bolanicus",,"","(Rosenst.) Copel.",Accepted,,M,TRO,50175570,17419080-1,"Philipp. J. Sci.","75: 352","352","1941"
tro-100375622,P,Gleicheniaceae,,Sticherus,,"boliviensis",,"","(Maxon & C.V. Morton) J. Gonzales",Accepted,,M,TRO,100375622,77116154-1,"Phytotaxa","31: 20–21, 9","20","2011"
kew-2589462,P,Gleicheniaceae,,Sticherus,,"brackenridgii",,"","(E.Fourn.) H.St.John",Unresolved,,L,WCSP (in review),722985,17419090-1,"Occas. Pap. Bernice Pauahi Bishop Mus.","17: 81","","1942"
ifn-27874,P,Gleicheniaceae,,Sticherus,,"brassii",,"","Copel.",Unresolved,,L,IPNI,17419110-1,17419110-1,"Philipp. J. Sci.","75: 357","","1941"
tro-26607414,P,Gleicheniaceae,,Sticherus,,"brevipubis",,"","(Christ) A.R. Sm.",Accepted,,M,TRO,26607414,245599-2,"Amer. Fern J.","70(1): 27","27","1980"
tro-50198265,P,Gleicheniaceae,,Sticherus,,"brevitomentosus",,"","E.Ø. Andersen & B. Øllg.",Accepted,,M,TRO,50198265,,"Fl. Ecuador","66: 132, f. 37","132","2001"
ifn-27879,P,Gleicheniaceae,,Sticherus,,"caudatus",,"","Copel.",Unresolved,,L,IPNI,17419140-1,17419140-1,"Philipp. J. Sci.","75: 354, t. 2","","1941"
tro-50275490,P,Gleicheniaceae,,Sticherus,,"chocoensis",,"","Gonzales, J.",Unresolved,,L,TRO,50275490,77116155-1,"Phytotaxa","31: 20–23, f. 9","20","2011"
kew-2589384,P,Gleicheniaceae,,Sticherus,,"ciliatus",,"","(Colenso) Nakai",Unresolved,,L,WCSP (in review),722907,17419150-1,"Bull. Natl. Sci. Mus. Tokyo","29: 15","","1950"
tro-26614968,P,Gleicheniaceae,,Sticherus,,"compactus",,"","(Christ) Nakai",Accepted,,M,TRO,26614968,245602-2,"Bull. Natl. Sci. Mus.","29: 15","15","1950"
tro-50315245,P,Gleicheniaceae,,Sticherus,,"cryptocarpus",,"","(Hook.) Ching",Accepted,,M,TRO,50315245,245604-2,"Sunyatsenia","5: 282","282","1940"
tro-100375624,P,Gleicheniaceae,,Sticherus,,"cubensis",,"","(Underw.) J. Gonzales",Accepted,,M,TRO,100375624,77116156-1,"Phytotaxa","31: 23","23","2011"
kew-2589389,P,Gleicheniaceae,,Sticherus,,"cunninghamii",,"","(Heward ex Hook.) Ching",Unresolved,,L,WCSP (in review),722912,17419200-1,"Sunyatsenia","5: 283","","1940"
tro-100375626,P,Gleicheniaceae,,Sticherus,,"decurrens",,"","(Raddi) J. Gonzales",Accepted,,M,TRO,100375626,77116157-1,"Phytotaxa","31: 23","23","2011"
tro-26620318,P,Gleicheniaceae,,Sticherus,,"dichotomus",,"","(L.) Copel.",Accepted,,M,TRO,26620318,245606-2,"Gen. Fil. (Copeland)","28","28","1947"
tro-50175562,P,Gleicheniaceae,,Sticherus,,"erectus",,"","(C. Chr.) Copel.",Accepted,,M,TRO,50175562,17419220-1,"Philipp. J. Sci.","75: 353","353","1941"
kew-2589385,P,Gleicheniaceae,,Sticherus,,"farinosus",,"","(Kaulf.) Ching",Unresolved,,L,WCSP (in review),722908,245607-2,"Sunyatsenia","5: 283","","1940"
tro-50263823,P,Gleicheniaceae,,Sticherus,,"ferrugineus",,"","(Desv.) J. Gonzales",Accepted,,M,TRO,50263823,77116158-1,"Phytotaxa","31: 24","24","2011"
tro-50165989,P,Gleicheniaceae,,Sticherus,,"flabellatus",,"","(R. Br.) H. St. John",Accepted,,M,TRO,50165989,17419240-1,"Occas. Pap. Bernice Pauahi Bishop Mus.","17: 81","81","1942"
tro-26600386,P,Gleicheniaceae,,Sticherus,,"flagellaris",,"","(Bory ex Willd.) Ching",Accepted,,M,TRO,26600386,17419250-1,"Sunyatsenia","5: 283","283","1940"
tro-50288280,P,Gleicheniaceae,,Sticherus,,"flagellaris",subsp.,"tomentosus","(Reimers) Verdc.",Accepted,,L,TRO,50288280,17573160-1,"Fl. Trop. E. Africa","Gleicheniaceae: 4","4","2000"
tro-50294582,P,Gleicheniaceae,,Sticherus,,"furcatus",,"","(L.) Ching",Accepted,,M,TRO,50294582,245609-2,"Sunyatsenia","5: 283","283","1940"
tro-50275904,P,Gleicheniaceae,,Sticherus,,"fuscus",,"","J. Gonzales",Unresolved,,L,TRO,50275904,77116159-1,"Phytotaxa","31: 25–27, f. 10","25","2011"
kew-2589371,P,Gleicheniaceae,,Sticherus,,"gaenslyi",,"","(Rosenst.) Nakai",Unresolved,,L,WCSP (in review),722894,245610-2,"Bull. Natl. Sci. Mus. Tokyo","29: 18","","1950"
tro-26620319,P,Gleicheniaceae,,Sticherus,,"gleichenioides",,"","(Liebm.) Nakai",Accepted,,M,TRO,26620319,245611-2,"Bull. Natl. Sci. Mus.","29: 18","18","1950"
tro-26614969,P,Gleicheniaceae,,Sticherus,,"gnidioides",,"","(Mett.) Nakai",Accepted,,M,TRO,26614969,245612-2,"Bull. Natl. Sci. Mus.","29: 18","18","1950"
tro-26620320,P,Gleicheniaceae,,Sticherus,,"gracilis",,"","(Mart.) Copel.",Accepted,,M,TRO,26620320,245613-2,"Gen. Fil. (Copeland)","27","27","1947"
ifn-27902,P,Gleicheniaceae,,Sticherus,,"habbemensis",,"","Copel.",Unresolved,,L,IPNI,17419320-1,17419320-1,"Philipp. J. Sci.","75: 355, t. 3","","1941"
kew-2589373,P,Gleicheniaceae,,Sticherus,,"hallieri",,"","(Christ) Nakai",Unresolved,,L,WCSP (in review),722896,17419330-1,"Bull. Natl. Sci. Mus. Tokyo","29: 18","","1950"
tro-26617019,P,Gleicheniaceae,,Sticherus,,"hastulatus",,"","(Rosenst.) Nakai",Accepted,,M,TRO,26617019,245614-2,"Bull. Natl. Sci. Mus.","29: 18","18","1950"
kew-2589375,P,Gleicheniaceae,,Sticherus,,"hirtus",,"","(Blume) Ching",Unresolved,,L,WCSP (in review),722898,,"Sunyatsenia","5: 283","","1940"
tro-50048385,P,Gleicheniaceae,,Sticherus,,"hispidus",,"","(Mett. ex Kuhn) Copel.",Accepted,,M,TRO,50048385,17419360-1,"Gen. Fil. (Copeland)","27","27","1947"
tro-26620321,P,Gleicheniaceae,,Sticherus,,"hypoleucus",,"","(Sodiro) Copel.",Accepted,,M,TRO,26620321,245615-2,"Gen. Fil. (Copeland)","28","28","1947"
kew-2589403,P,Gleicheniaceae,,Sticherus,,"impressus",,"","(Parris) Parris",Unresolved,,L,WCSP (in review),722926,17544750-1,"Pl. Mt. Kinabalu","61","","1992"
kew-2589404,P,Gleicheniaceae,,Sticherus,,"inflexus",,"","Pic.Serm.",Unresolved,,L,WCSP (in review),722927,17455280-1,"Webbia","27: 397","","1973"
tro-100375627,P,Gleicheniaceae,,Sticherus,,"interjectus",,"","(Jermy & T.G. Walker) J. Gonzales",Accepted,,M,TRO,100375627,77116160-1,"Phytotaxa","31: 28–29","28","2011"
tro-26614906,P,Gleicheniaceae,,Sticherus,,"intermedius",,"","(Baker) Chrysler",Accepted,,M,TRO,26614906,245616-2,"Amer. J. Bot.","31(8): 483","483","1944"
tro-100375639,P,Gleicheniaceae,,Sticherus,,"jacha",,"","J. Gonzales",Accepted,,M,TRO,100375639,77116161-1,"Phytotaxa","31: 29–30, f. 11","29","2011"
tro-26617038,P,Gleicheniaceae,,Sticherus,,"jamaicensis",,"","(Underw.) Nakai",Accepted,,M,TRO,26617038,245617-2,"Bull. Natl. Sci. Mus.","29: 20","20","1950"
tro-50048389,P,Gleicheniaceae,,Sticherus,,"kajewski",,"","(Copel.) Copel.",Accepted,,M,TRO,50048389,,"Gen. Fil. (Copeland)","27","27","1947"
kew-2589407,P,Gleicheniaceae,,Sticherus,,"kajewskyi",,"","(Copel.) H.St.John",Unresolved,,L,WCSP (in review),722930,17419400-1,"Occas. Pap. Bernice Pauahi Bishop Mus.","17: 81","","1942"
ifn-27915,P,Gleicheniaceae,,Sticherus,,"koordersii",,"","Copel.",Unresolved,,L,IPNI,17419410-1,17419410-1,"Fern Fl. Philip.","1: 40. 1958.","","1958"
tro-26613084,P,Gleicheniaceae,,Sticherus,,"laevigatus",,"","(Willd.) C. Presl",Accepted,,M,TRO,26613084,17224590-1,"Tent. Pterid.","52","52","1836"
ifn-27917,P,Gleicheniaceae,,Sticherus,,"lamianus",,"","Copel.",Unresolved,,L,IPNI,17419420-1,17419420-1,"Philipp. J. Sci.","75: 356, t. 6","","1941"
ifn-27918,P,Gleicheniaceae,,Sticherus,,"laniger",,"","C.Presl",Unresolved,,L,IPNI,17224600-1,17224600-1,"Tent. Pterid.","52. 1836.","","1836"
tro-50263828,P,Gleicheniaceae,,Sticherus,,"lanosus",,"","(Christ) J. Gonzales",Accepted,,M,TRO,50263828,77116181-1,"Phytotaxa","31: 32","32","2011"
tro-26620323,P,Gleicheniaceae,,Sticherus,,"lanuginosus",,"","(Fée) Nakai",Accepted,,M,TRO,26620323,245618-2,"Bull. Natl. Sci. Mus.","29: 20","20","1950"
tro-26606185,P,Gleicheniaceae,,Sticherus,,"lechleri",,"","(Mett. ex Kuhn) Nakai",Accepted,,M,TRO,26606185,245619-2,"Bull. Natl. Sci. Mus.","29: 21","21","1950"
kew-2589412,P,Gleicheniaceae,,Sticherus,,"leonis",,"","(Maxon) Nakai",Unresolved,,L,WCSP (in review),722935,245621-2,"Bull. Natl. Sci. Mus. Tokyo","29: 21","","1950"
tro-100375643,P,Gleicheniaceae,,Sticherus,×,"leonis",,"","(Maxon) J. Gonzales",Accepted,,M,TRO,100375643,77116182-1,"Phytotaxa","31: 33","33","2011"
ifn-27923,P,Gleicheniaceae,,Sticherus,,"lepidotus",,"","R.A.Rodr. & Ponce",Unresolved,,L,IPNI,77091991-1,77091991-1,"Darwiniana","45(2): 238","","2007 [Dec 2007]"
kew-2589397,P,Gleicheniaceae,,Sticherus,,"litoralis",,"","(Phil.) Nakai",Unresolved,,L,WCSP (in review),722920,17419480-1,"Bull. Natl. Sci. Mus. Tokyo","29: 21","","1950"
kew-2589408,P,Gleicheniaceae,,Sticherus,,"lobatus",,"","N.A.Wakef.",Unresolved,,L,WCSP (in review),722931,,"Victoria Naturalist","60: 110","","1943"
tro-50048387,P,Gleicheniaceae,,Sticherus,,"loheri",,"","(Christ) Copel.",Accepted,,M,TRO,50048387,17419500-1,"Gen. Fil. (Copeland)","27","27","1947"
tro-50068758,P,Gleicheniaceae,,Sticherus,,"longipinnatus",,"","(Hook.) Ching",Accepted,,M,TRO,50068758,245625-2,"Sunyatsenia","5: 283","283","1940"
tro-26620326,P,Gleicheniaceae,,Sticherus,,"maritimus",,"","(Hieron.) Nakai",Accepted,,M,TRO,26620326,245627-2,"Bull. Natl. Sci. Mus.","29: 22","22","1950"
tro-26620327,P,Gleicheniaceae,,Sticherus,,"mathewsii",var.,"major","(Hook.) Nakai",Unresolved,,L,TRO,26620327,245629-2,"Bull. Natl. Sci. Mus.","29: 22","22","1950"
tro-50068762,P,Gleicheniaceae,,Sticherus,,"melanoblastus",,"","(Alston) E.Ø. Andersen & B. Øllg.",Accepted,,M,TRO,50068762,,"Fl. Ecuador","66: 144, f. 31a, 43","144","2001"
tro-50175482,P,Gleicheniaceae,,Sticherus,,"milnei",,"","(Baker) Ching",Accepted,,M,TRO,50175482,17419560-1,"Sunyatsenia","5: 284","284","1940"
kew-2589398,P,Gleicheniaceae,,Sticherus,,"montaguei",,"","(Compton) Nakai",Unresolved,,L,WCSP (in review),722921,17419570-1,"Bull. Natl. Sci. Mus. Tokyo","29: 23","","1950"
kew-2589399,P,Gleicheniaceae,,Sticherus,,"monticola",,"","(Ridl.) Nakai",Unresolved,,L,WCSP (in review),722922,17419580-1,"Bull. Natl. Sci. Mus. Tokyo","29: 23","","1950"
tro-50263820,P,Gleicheniaceae,,Sticherus,,"moyobambensis",,"","J. Gonzales",Unresolved,,L,TRO,50263820,77116183-1,"Phytotaxa","31: 34–36, f. 12","34","2011"
tro-26620269,P,Gleicheniaceae,,Sticherus,,"myriadopa",,"","Nakai",Unresolved,,L,TRO,26620269,,"Bull. Natl. Sci. Mus.","29: 12, t. 1","12","1950"
kew-2589400,P,Gleicheniaceae,,Sticherus,,"myriapoda",,"","Nakai",Unresolved,,L,WCSP (in review),722923,17419590-1,"Bull. Natl. Sci. Mus. Tokyo","29: 12","","1950"
tro-50263827,P,Gleicheniaceae,,Sticherus,,"nervatus",,"","J. Gonzales",Accepted,,M,TRO,50263827,77116184-1,"Phytotaxa","31: 36–38, f. 13","36","2011"
tro-50082655,P,Gleicheniaceae,,Sticherus,,"nigropaleaceus",,"","(Sturm) J. Prado & Lellinger",Accepted,,M,TRO,50082655,1170546-2,"Amer. Fern J.","86(3): 98–101, f. 1A–B","98","1996"
tro-26606180,P,Gleicheniaceae,,Sticherus,,"nitidulus",,"","(Rosenst.) Copel.",Accepted,,M,TRO,26606180,245631-2,"Gen. Fil. (Copeland)","28","28","1947"
tro-26614996,P,Gleicheniaceae,,Sticherus,,"nudus",,"","(Moritz ex Reichard) Nakai",Accepted,,M,TRO,26614996,245632-2,"Bull. Natl. Sci. Mus.","29: 23","23","1950"
kew-2589365,P,Gleicheniaceae,,Sticherus,,"oceanicus",,"","(Kuhn) Ching",Unresolved,,L,WCSP (in review),722888,17419620-1,"Sunyatsenia","5: 284","","1940"
kew-2589327,P,Gleicheniaceae,,Sticherus,,"oligocarpus",,"","(Phil.) Nakai",Unresolved,,L,WCSP (in review),722850,245633-2,"Bull. Natl. Sci. Mus. Tokyo","29: 23","","1950"
tro-26617023,P,Gleicheniaceae,,Sticherus,,"orthocladus",,"","(Christ) Chrysler",Accepted,,M,TRO,26617023,245634-2,"Amer. J. Bot.","31(8): 483","483","1944"
tro-100375645,P,Gleicheniaceae,,Sticherus,,"ovatus",,"","J. Gonzales",Unresolved,,L,TRO,100375645,77116185-1,"Phytotaxa","31: 39–41, f. 14","39","2011"
kew-2589330,P,Gleicheniaceae,,Sticherus,,"owhyhensis",,"","(Hook.) Ching",Unresolved,,L,WCSP (in review),722853,17419650-1,"Sunyatsenia","5: 284","","1940"
tro-26614019,P,Gleicheniaceae,,Sticherus,,"pallescens",,"","(Mett.) Vareschi",Accepted,,M,TRO,26614019,245635-2,"Fl. Venezuela","1: 180","180","1969"
tro-26607416,P,Gleicheniaceae,,Sticherus,,"palmatus",,"","(W. Schaffn. ex E. Fourn.) Copel.",Accepted,,M,TRO,26607416,1115505-2,"Gen. Fil. (Copeland)","28","28","1947"
tro-26620329,P,Gleicheniaceae,,Sticherus,,"paulistanus",,"","(Rosenst.) Copel.",Accepted,,M,TRO,26620329,245636-2,"Gen. Fil. (Copeland)","27","27","1947"
tro-26620330,P,Gleicheniaceae,,Sticherus,,"paulistanus",var.,"pseudopubescens","(Rosenst.) Nakai",Accepted,,L,TRO,26620330,245637-2,"Bull. Natl. Sci. Mus.","29: 24","24","1950"
kew-2589332,P,Gleicheniaceae,,Sticherus,,"pedalis",,"","(Kaulf.) Ching",Unresolved,,L,WCSP (in review),722855,245638-2,"Sunyatsenia","5: 284","","1940"
kew-2589337,P,Gleicheniaceae,,Sticherus,,"peninsularis",,"","(Copel.) Ching",Unresolved,,L,WCSP (in review),722860,17419690-1,"Sunyatsenia","5: 284","","1940"
ifn-27956,P,Gleicheniaceae,,Sticherus,,"perpaleaceus",,"","Copel.",Unresolved,,L,IPNI,17419710-1,17419710-1,"Philipp. J. Sci.","81: 3","","1952"
tro-26624010,P,Gleicheniaceae,,Sticherus,,"peruvianus",,"","(Maxon) A.R. Sm., M. Kessler & J. Gonzales",Accepted,,M,TRO,26624010,17572810-1,"Amer. Fern J.","89(4): 260","260","1999"
ifn-27958,P,Gleicheniaceae,,Sticherus,,"pinnatus",,"","Copel.",Unresolved,,L,IPNI,17419720-1,17419720-1,"Philipp. J. Sci.","83: 98, t. 3","","1954"
kew-2589334,P,Gleicheniaceae,,Sticherus,,"plumiformis",,"","(C.Presl) Nakai",Unresolved,,L,WCSP (in review),722857,17419730-1,"Bull. Natl. Sci. Mus. Tokyo","29: 25","","1950"
tro-26606174,P,Gleicheniaceae,,Sticherus,,"pruinosus",,"","(Mart.) Ching",Accepted,,M,TRO,26606174,245640-2,"Sunyatsenia","5(4): 284","284","1940"
tro-50263825,P,Gleicheniaceae,,Sticherus,×,"pseudobifidus",,"","(Jermy & T.G. Walker) J. Gonzales",Accepted,,M,TRO,50263825,77116186-1,"Phytotaxa","31: 42–43","42","2011"
tro-50175566,P,Gleicheniaceae,,Sticherus,,"pseudoscandens",,"","(Alderw.) Copel.",Accepted,,M,TRO,50175566,17419750-1,"Philipp. J. Sci.","75: 356","356","1941"
tro-26614907,P,Gleicheniaceae,,Sticherus,,"pteridellus",,"","(Christ) Copel.",Accepted,,M,TRO,26614907,245641-2,"Gen. Fil. (Copeland)","28","28","1947"
tro-50315246,P,Gleicheniaceae,,Sticherus,,"quadripartitus",,"","(Poir.) Ching",Accepted,,M,TRO,50315246,245643-2,"Sunyatsenia","5: 284","284","1940"
tro-50175476,P,Gleicheniaceae,,Sticherus,,"reflexipinnula",,"","(C. Chr.) Copel.",Accepted,,M,TRO,50175476,17419800-1,"Philipp. J. Sci.","75: 355","355","1941"
tro-26614020,P,Gleicheniaceae,,Sticherus,,"remotus",,"","(Kaulf.) Chrysler",Accepted,,M,TRO,26614020,245644-2,"Amer. J. Bot.","31(8): 483","483","1944"
tro-26614570,P,Gleicheniaceae,,Sticherus,,"retroflexus",,"","(J. Bommer ex Christ) Copel.",Accepted,,M,TRO,26614570,17419820-1,"Gen. Fil. (Copeland)","28","28","1947"
tro-26606175,P,Gleicheniaceae,,Sticherus,,"revolutus",,"","(Kunth) Ching",Accepted,,M,TRO,26606175,245646-2,"Sunyatsenia","5(4): 285","285","1940"
tro-26606199,P,Gleicheniaceae,,Sticherus,,"rubiginosus",,"","(Mett.) Nakai",Accepted,,M,TRO,26606199,245647-2,"Bull. Natl. Sci. Mus.","29: 28","28","1950"
tro-26620333,P,Gleicheniaceae,,Sticherus,,"rufinervis",,"","(Mart.) Nakai",Accepted,,M,TRO,26620333,245648-2,"Bull. Natl. Sci. Mus.","29: 28","28","1950"
tro-26614997,P,Gleicheniaceae,,Sticherus,,"rufus",,"","J. Gonzales & A.R. Sm.",Unresolved,,L,TRO,26614997,,"Phytotaxa","31: 44–45, f. 15","44","2011"
tro-26606148,P,Gleicheniaceae,,Sticherus,,"simplex",,"","(Desv.) Ching",Accepted,,M,TRO,26606148,245649-2,"Sunyatsenia","5(4): 285","285","1940"
tro-100375649,P,Gleicheniaceae,,Sticherus,,"squamosus",,"","(Fée) J. Gonzales",Accepted,,M,TRO,100375649,77116188-1,"Phytotaxa","31: 47","47","2011"
tro-26620334,P,Gleicheniaceae,,Sticherus,,"squamulosus",,"","(Desv.) Nakai",Accepted,,M,TRO,26620334,245650-2,"Bull. Natl. Sci. Mus.","29: 28","28","1950"
tro-26620336,P,Gleicheniaceae,,Sticherus,,"subflagellaris",,"","(Christ) Nakai",Accepted,,M,TRO,26620336,,"Bull. Natl. Sci. Mus.","29: 29","29","1950"
tro-100375651,P,Gleicheniaceae,,Sticherus,×,"subremotus",,"","(Jermy & T.G. Walker) J. Gonzales",Accepted,,M,TRO,100375651,77116189-1,"Phytotaxa","31: 48","48","2011"
kew-2589326,P,Gleicheniaceae,,Sticherus,,"subtrispermus",,"","(Fée) Nakai",Unresolved,,L,WCSP (in review),722849,245655-2,"Bull. Natl. Sci. Mus. Tokyo","29: 29","","1950"
kew-2589344,P,Gleicheniaceae,,Sticherus,,"tahitensis",,"","(Copel.) H.St.John",Unresolved,,L,WCSP (in review),722867,17419920-1,"Occas. Pap. Bernice Pauahi Bishop Mus.","17: 82","","1942"
tro-50165987,P,Gleicheniaceae,,Sticherus,,"tenera",,"","(R. Br.) Ching",Accepted,,M,TRO,50165987,17419930-1,"Sunyatsenia","5: 285","285","1940"
tro-26609104,P,Gleicheniaceae,,Sticherus,,"tepuiensis",,"","A.R. Sm.",Accepted,,M,TRO,26609104,285603-2,"Ann. Missouri Bot. Gard.","77: 253, f. 3E–J","253","1990"
tro-26609105,P,Gleicheniaceae,,Sticherus,,"tomentosus",,"","(Cav. ex Sw.) A.R. Sm.",Accepted,,M,TRO,26609105,285604-2,"Ann. Missouri Bot. Gard.","77: 255","255","1990"
tro-26620338,P,Gleicheniaceae,,Sticherus,,"trifurcans",,"","(Fée) Nakai",Accepted,,M,TRO,26620338,,"Bull. Natl. Sci. Mus.","29: 29","29","1950"
tro-26620207,P,Gleicheniaceae,,Sticherus,,"truncatus",,"","(Willd.) Nakai",Accepted,,M,TRO,26620207,,"Bull. Natl. Sci. Mus.","29: 20","20","1950"
tro-26606178,P,Gleicheniaceae,,Sticherus,,"tuberculatus",,"","(Mett. ex Kuhn) Nakai",Accepted,,M,TRO,26606178,245658-2,"Bull. Natl. Sci. Mus.","29: 30","30","1950"
tro-26607419,P,Gleicheniaceae,,Sticherus,,"underwoodianus",,"","(Maxon) Nakai",Accepted,,M,TRO,26607419,245659-2,"Bull. Natl. Sci. Mus.","29: 31","31","1950"
kew-2589354,P,Gleicheniaceae,,Sticherus,,"urceolatus",,"","M.Garrett & Kantvilas",Unresolved,,L,WCSP (in review),722877,17570930-1,"Muelleria","11: 103","","1998"
tro-26606166,P,Gleicheniaceae,,Sticherus,,"velatus",,"","(Kunze) Copel.",Accepted,,M,TRO,26606166,245660-2,"Gen. Fil.","28","28","1947"
tro-50175568,P,Gleicheniaceae,,Sticherus,,"vestitus",,"","(Blume) Ching",Accepted,,M,TRO,50175568,17420020-1,"Sunyatsenia","5: 285","285","1940"
tro-50198714,P,Gleicheniaceae,,Stromatopteris,,"moniliformis",,"","Mett.",Unresolved,,L,TRO,50198714,17224620-1,"Ann. Sci. Nat., Bot., sér. 4,","15: 84","84","1861"
