﻿ID,Major group,Family,Genus hybrid marker,Genus,Species hybrid marker,Species,Infraspecific rank,Infraspecific epithet,Authorship,Taxonomic status in TPL,Nomenclatural status from original data source,Confidence level,Source,Source id,IPNI id,Publication,Collation,Page,Date
kew-329557,G,Gnetaceae,,Abutua,,"africana",,"","Lour.",Unresolved,,L,WCSP,329557,383337-1,"Fl. Cochinch.","631","","1790"
kew-334091,G,Gnetaceae,,Gnetum,,"acutum",,"","Markgr.",Accepted,,H,WCSP,334091,383498-1,"in Fl. Males.","6: 947","","1972"
kew-334092,G,Gnetaceae,,Gnetum,,"africanum",,"","Welw.",Accepted,,H,WCSP,334092,383499-1,"Trans. Linn. Soc. London","27: 73","","1869"
kew-334095,G,Gnetaceae,,Gnetum,,"arboreum",,"","Foxw.",Accepted,,H,WCSP,334095,383502-1,"Philipp. J. Sci., C","6: 174","","1911"
kew-334096,G,Gnetaceae,,Gnetum,,"bosavicum",,"","Markgr.",Accepted,,H,WCSP,334096,383503-1,"Blumea","23: 344","","1977"
kew-334098,G,Gnetaceae,,Gnetum,,"buchholzianum",,"","Engl.",Accepted,,H,WCSP,334098,383505-1,"Bot. Jahrb. Syst.","40: 519","","1908"
kew-334100,G,Gnetaceae,,Gnetum,,"camporum",,"","(Markgr.) D.W.Stev. & Zanoni",Accepted,,H,WCSP,334100,963157-1,"in Fl. Guianas","Ser. A, 9(209): 14","","1991"
kew-334101,G,Gnetaceae,,Gnetum,,"catasphaericum",,"","H.Shao",Accepted,,H,WCSP,334101,980746-1,"Guihaia","14: 297","","1994"
kew-334102,G,Gnetaceae,,Gnetum,,"cavaleriei",,"","H.Lév.",Unresolved,,L,WCSP,334102,,"Fl. Kouy-Tchéou","186","","1915"
kew-334103,G,Gnetaceae,,Gnetum,,"cleistostachyum",,"","C.Y.Cheng",Unresolved,,L,WCSP,334103,383508-1,"Acta Phytotax. Sin.","13(4): 89","","1975"
tro-14300010,G,Gnetaceae,,Gnetum,,"colombianum",,"","Killip",Unresolved,,L,TRO,14300010,,"","","",""
kew-334104,G,Gnetaceae,,Gnetum,,"contractum",,"","Markgr.",Accepted,,H,WCSP,334104,383509-1,"Bull. Jard. Bot. Buitenzorg","III, 10: 470","","1930"
kew-334105,G,Gnetaceae,,Gnetum,,"costatum",,"","K.Schum.",Accepted,,H,WCSP,334105,383510-1,"Fl. Kais. Wilh. Land","13","","1889"
kew-334107,G,Gnetaceae,,Gnetum,,"cuspidatum",,"","Blume",Accepted,,H,WCSP,334107,383512-1,"Rumphia","4: 5","","1849"
kew-334108,G,Gnetaceae,,Gnetum,,"diminutum",,"","Markgr.",Accepted,,H,WCSP,334108,383513-1,"Bull. Jard. Bot. Buitenzorg","III, 10: 483","","1930"
kew-334111,G,Gnetaceae,,Gnetum,,"formosum",,"","Markgr.",Accepted,,H,WCSP,334111,383516-1,"Bull. Mus. Natl. Hist. Nat.","II, 2: 686","","1930"
kew-334114,G,Gnetaceae,,Gnetum,,"giganteum",,"","H.Shao",Accepted,,H,WCSP,334114,980747-1,"Guihaia","14: 298","","1994"
kew-334115,G,Gnetaceae,,Gnetum,,"globosum",,"","Markgr.",Accepted,,H,WCSP,334115,383519-1,"Blumea","19: 108","","1971"
kew-334116,G,Gnetaceae,,Gnetum,,"gnemon",,"","L.",Accepted,,H,WCSP,334116,383520-1,"Mant. Pl.","1: 125","","1767"
kew-334117,G,Gnetaceae,,Gnetum,,"gnemon",var.,"brunonianum","(Griff.) Markgr.",Accepted,,L,WCSP,334117,60453968-2,"Bull. Jard. Bot. Buitenzorg","III, 10: 440","","1930"
kew-334120,G,Gnetaceae,,Gnetum,,"gnemon",var.,"griffithii","(Parl.) Markgr.",Accepted,,L,WCSP,334120,60453969-2,"Bull. Jard. Bot. Buitenzorg","III, 10: 442","","1930"
kew-334129,G,Gnetaceae,,Gnetum,,"gnemonoides",,"","Brongn.",Accepted,,H,WCSP,334129,,"Voy. Monde","Phan.: 12","","1829"
kew-334130,G,Gnetaceae,,Gnetum,,"gracilipes",,"","C.Y.Cheng",Accepted,,H,WCSP,334130,383522-1,"Acta Phytotax. Sin.","13: 88","","1975"
kew-334132,G,Gnetaceae,,Gnetum,,"hainanense",,"","C.Y.Cheng ex L.K.Fu, Y.F.Yu & M.G.Gilbert",Accepted,,H,WCSP,334132,1007842-1,"Novon","9: 187","","1999"
kew-334134,G,Gnetaceae,,Gnetum,,"karstenianum",,"","Warb.",Unresolved,,L,WCSP,334134,383526-1,"Monsunia","1: 196","","1900"
kew-334137,G,Gnetaceae,,Gnetum,,"klossii",,"","Merr. ex Markgr.",Accepted,,H,WCSP,334137,383529-1,"Bull. Jard. Bot. Buitenzorg","III, 10: 478","","1930"
kew-334138,G,Gnetaceae,,Gnetum,,"latifolium",,"","Blume",Accepted,,H,WCSP,334138,,"Tijdschr. Natuurl. Gesch. Physiol.","1: 162","","1834"
kew-334141,G,Gnetaceae,,Gnetum,,"latifolium",var.,"funiculare","Markgr.",Accepted,,L,WCSP,334141,60453961-2,"Bull. Jard. Bot. Buitenzorg","III, 10: 463","","1930"
kew-334142,G,Gnetaceae,,Gnetum,,"latifolium",var.,"laxifrutescens","(Elmer) Markgr.",Accepted,,L,WCSP,334142,,"Bot. Jahrb. Syst.","60: 148","","1925"
kew-334143,G,Gnetaceae,,Gnetum,,"latifolium",var.,"longipes","(Markgr.) T.H.Nguyên",Accepted,,L,WCSP,334143,988556-1,"in Fl. Camb., Laos & Vietn.","28: 142","","1996"
kew-334145,G,Gnetaceae,,Gnetum,,"latifolium",var.,"macropodum","(Kurz) Markgr.",Accepted,,L,WCSP,334145,,"Bull. Jard. Bot. Buitenzorg","III, 10: 462","","1930"
kew-334146,G,Gnetaceae,,Gnetum,,"latifolium",var.,"minus","(Foxw.) Markgr.",Accepted,,L,WCSP,334146,60453976-2,"Bull. Jard. Bot. Buitenzorg","III, 10: 463","","1930"
kew-334149,G,Gnetaceae,,Gnetum,,"leptostachyum",,"","Blume",Accepted,,H,WCSP,334149,383533-1,"Rumphia","4: 5","","1849"
kew-334154,G,Gnetaceae,,Gnetum,,"leyboldii",,"","Tul.",Accepted,,H,WCSP,334154,111368-2,"Ann. Sci. Nat., Bot.","IV, 10: 115","","1858"
kew-334156,G,Gnetaceae,,Gnetum,,"loerzingii",,"","Markgr.",Accepted,,H,WCSP,334156,383535-1,"Bull. Jard. Bot. Buitenzorg","III, 10: 480","","1930"
kew-334158,G,Gnetaceae,,Gnetum,,"luofuense",,"","C.Y.Cheng",Accepted,,H,WCSP,334158,383537-1,"Acta Phytotax. Sin.","13(4): 89","","1975"
kew-334161,G,Gnetaceae,,Gnetum,,"macrostachyum",,"","Hook.f.",Accepted,,H,WCSP,334161,383540-1,"Fl. Brit. India","5: 642","","1888"
kew-334163,G,Gnetaceae,,Gnetum,,"microcarpum",,"","Blume",Accepted,,H,WCSP,334163,383542-1,"Rumphia","4: 7","","1849"
kew-334171,G,Gnetaceae,,Gnetum,,"montanum",,"","Markgr.",Accepted,,H,WCSP,334171,383546-1,"Bull. Jard. Bot. Buitenzorg","III, 10: 466","","1930"
kew-334174,G,Gnetaceae,,Gnetum,,"neglectum",,"","Blume",Accepted,,H,WCSP,334174,383547-1,"Rumphia","4: 6","","1849"
kew-334179,G,Gnetaceae,,Gnetum,,"nodiflorum",,"","Brongn.",Accepted,,H,WCSP,334179,111373-2,"Voy. Monde","Phan.: 12","","1829"
kew-334181,G,Gnetaceae,,Gnetum,,"oblongum",,"","Markgr.",Accepted,,H,WCSP,334181,383551-1,"Bull. Jard. Bot. Buitenzorg","III, 10: 471","","1930"
kew-334184,G,Gnetaceae,,Gnetum,,"oxycarpum",,"","Ridl.",Accepted,,H,WCSP,334184,383554-1,"Bull. Misc. Inform. Kew","1926: 94","","1926"
kew-334185,G,Gnetaceae,,Gnetum,,"paniculatum",,"","Spruce ex Benth.",Accepted,,H,WCSP,334185,111375-2,"Hooker's J. Bot. Kew Gard. Misc.","8: 357","","1856"
kew-334187,G,Gnetaceae,,Gnetum,,"parvifolium",,"","(Warb.) W.C.Cheng",Accepted,,H,WCSP,334187,,"Acta Phytotax. Sin.","9: 386","","1964"
kew-334189,G,Gnetaceae,,Gnetum,,"pendulum",,"","C.Y.Cheng",Accepted,,H,WCSP,334189,383559-1,"Acta Phytotax. Sin.","13(4): 88","","1975"
tro-50327175,G,Gnetaceae,,Gnetum,,"pseudopaniculatum",,"","Won",Unresolved,,L,TRO,50327175,,"","","",""
kew-334195,G,Gnetaceae,,Gnetum,,"raya",,"","Markgr.",Accepted,,H,WCSP,334195,383564-1,"Blumea","14: 284","","1967"
kew-334196,G,Gnetaceae,,Gnetum,,"ridleyi",,"","Gamble ex Markgr.",Accepted,,H,WCSP,334196,383566-1,"Bull. Jard. Bot. Buitenzorg","III, 10: 479","","1930"
kew-334198,G,Gnetaceae,,Gnetum,,"scandens",,"","Roxb.",Unresolved,,L,WCSP,334198,,"Hort. Bengal.","66","","1814"
kew-334200,G,Gnetaceae,,Gnetum,,"schwackeanum",,"","Taub. ex Schenck",Accepted,,H,WCSP,334200,111377-2,"Beitr. Biol. Anat. Lianen","2: 249","","1893"
tro-14300013,G,Gnetaceae,,Gnetum,,"schwackeanum",,"","Taub. ex Markgr.",Unresolved,,L,TRO,14300013,,"Bull. Jard. Bot. Buitenzorg, sér. 3,","10: 450–451","450","1930"
kew-334202,G,Gnetaceae,,Gnetum,,"tenuifolium",,"","Ridl.",Accepted,,H,WCSP,334202,383572-1,"J. Straits Branch Roy. Asiat. Soc.","59: 188","","1911"
kew-334204,G,Gnetaceae,,Gnetum,,"trinerve",,"","Spruce ex Wallace",Unresolved,,L,WCSP,334204,383575-1,"Notes Bot. Amazon","2: 279","","1908"
kew-334205,G,Gnetaceae,,Gnetum,,"ula",,"","Brongn.",Accepted,,H,WCSP,334205,383577-1,"Voy. Monde","Phan.: 12","","1829"
kew-334206,G,Gnetaceae,,Gnetum,,"urens",,"","(Aubl.) Blume",Accepted,,H,WCSP,334206,,"Tijdschr. Natuurl. Gesch. Physiol.","1: 162","","1834"
kew-334208,G,Gnetaceae,,Gnetum,,"venosum",,"","Spruce ex Benth.",Accepted,,H,WCSP,334208,111379-2,"Hooker's J. Bot. Kew Gard. Misc.","8: 358","","1856"
tro-14300015,G,Gnetaceae,,Gnetum,,"venuosum",,"","Spruce",Unresolved,,L,TRO,14300015,,"","","",""
