﻿ID,Major group,Family,Genus hybrid marker,Genus,Species hybrid marker,Species,Infraspecific rank,Infraspecific epithet,Authorship,Taxonomic status in TPL,Nomenclatural status from original data source,Confidence level,Source,Source id,IPNI id,Publication,Collation,Page,Date
kew-2641776,A,Goodeniaceae,,Anthotium,,"humile",,"","R.Br.",Accepted,,M,WCSP (in review),773880,383623-1,"Prodr. Fl. Nov. Holl.","582","","1810"
kew-2641779,A,Goodeniaceae,,Anthotium,,"junciforme",,"","(de Vriese) D.A.Morrison",Accepted,,M,WCSP (in review),773883,947136-1,"Nuytsia","7: 55","","1989"
kew-2641780,A,Goodeniaceae,,Anthotium,,"odontophyllum",,"","L.W.Sage",Accepted,,M,WCSP (in review),773884,1003678-1,"Nuytsia","12: 229","","1998"
kew-2641781,A,Goodeniaceae,,Anthotium,,"rubriflorum",,"","F.Muell. ex Benth.",Accepted,,M,WCSP (in review),773885,383624-1,"Fl. Austral.","4: 45","","1868"
kew-2684267,A,Goodeniaceae,,Brunonia,,"australis",,"","R.Br.",Accepted,,L,WCSP (in review),815948,75840-3,"Prodr. Fl. Nov. Holl.","590","","1810"
kew-2693020,A,Goodeniaceae,,Calogyne,,"raphanoides",,"","O.Schwarz",Unresolved,,L,WCSP (in review),824555,383644-1,"Repert. Spec. Nov. Regni Veg.","24: 103","","1927"
kew-2695251,A,Goodeniaceae,,Camphusia,,"glabra",,"","(Hook. & Arn.) de Vriese",Unresolved,,L,WCSP (in review),826717,383646-1,"Ned. Kruidk. Arch.","2: 149","","1850"
kew-2695253,A,Goodeniaceae,,Camphusia,,"kauaiensis",,"","(O.Deg.) O.Deg. & I.Deg.",Unresolved,,L,WCSP (in review),826719,383647-1,"Taxon","10: 228","","1961"
kew-2735777,A,Goodeniaceae,,Coopernookia,,"barbata",,"","(R.Br.) Carolin",Accepted,,M,WCSP (in review),866079,383654-1,"Proc. Linn. Soc. New South Wales","92: 213","","1968"
kew-2735778,A,Goodeniaceae,,Coopernookia,,"chisholmii",,"","(Blakeley) Carolin",Accepted,,M,WCSP (in review),866080,383655-1,"Proc. Linn. Soc. New South Wales","92: 215","","1968"
kew-2735779,A,Goodeniaceae,,Coopernookia,,"georgei",,"","Carolin",Accepted,,M,WCSP (in review),866081,383656-1,"Proc. Linn. Soc. New South Wales","92: 213","","1968"
kew-2735780,A,Goodeniaceae,,Coopernookia,,"polygalacea",,"","(de Vriese) Carolin",Accepted,,M,WCSP (in review),866082,383657-1,"Proc. Linn. Soc. New South Wales","92: 210","","1968"
kew-2735781,A,Goodeniaceae,,Coopernookia,,"scabridiuscula",,"","Carolin",Accepted,,M,WCSP (in review),866083,383658-1,"Telopea","2: 74","","1980"
kew-2735782,A,Goodeniaceae,,Coopernookia,,"strophiolata",,"","(F.Muell.) Carolin",Accepted,,L,WCSP (in review),866084,383659-1,"Proc. Linn. Soc. New South Wales","92: 211","","1968"
kew-2743168,A,Goodeniaceae,,Crossostoma,,"lycioides",,"","de Vriese",Unresolved,,L,WCSP (in review),873424,383660-1,"Verh. Holl. Maatsch. Weetensch. Haarlem","10: 38","","1854"
tro-50046320,A,Goodeniaceae,,Crossotoma,,"oleoides",,"","(DC.) de Vriese",Accepted,,M,TRO,50046320,,"Natuurk. Verh. Holl. Maatsch. Wetensch. Haarlem","10: 37","37","1854"
tro-50046318,A,Goodeniaceae,,Crossotoma,,"spinescens",,"","(R. Br.) de Vriese",Accepted,,M,TRO,50046318,,"Natuurk. Verh. Holl. Maatsch. Wetensch. Haarlem","10: 36","36","1854"
kew-2756593,A,Goodeniaceae,,Dampiera,,"adpressa",,"","A.Cunn. ex DC.",Accepted,,M,WCSP (in review),886268,383664-1,"Prodr.","7: 503","","1839"
kew-2756594,A,Goodeniaceae,,Dampiera,,"alata",,"","Lindl.",Accepted,,M,WCSP (in review),886269,383665-1,"Sketch Veg. Swan R.","27","","1839"
kew-2756595,A,Goodeniaceae,,Dampiera,,"altissima",,"","F.Muell. ex Benth.",Accepted,,M,WCSP (in review),886270,383666-1,"Fl. Austral.","4: 113","","1868"
kew-2756597,A,Goodeniaceae,,Dampiera,,"angulata",,"","Rajput & Carolin",Accepted,,M,WCSP (in review),886272,935315-1,"Telopea","3: 209","","1988"
kew-2756598,A,Goodeniaceae,,Dampiera,,"anonyma",,"","Lepschi & Trudgen",Accepted,,M,WCSP (in review),886273,,"Nuytsia","15: 270","","2004"
kew-2756600,A,Goodeniaceae,,Dampiera,,"atriplicina",,"","Gardner ex Rajput & Carolin",Accepted,,M,WCSP (in review),886275,935317-1,"Telopea","3: 211","","1988"
kew-2756606,A,Goodeniaceae,,Dampiera,,"candicans",,"","F.Muell.",Accepted,,M,WCSP (in review),886281,,"Fragm.","10: 86","","1877"
kew-2756608,A,Goodeniaceae,,Dampiera,,"carinata",,"","Benth.",Accepted,,M,WCSP (in review),886283,383673-1,"Fl. Austral.","4: 111","","1868"
kew-2756610,A,Goodeniaceae,,Dampiera,,"cervula",,"","K.Krause",Accepted,,M,WCSP (in review),886285,,"Pflanzenr.","IV, 277: 197","","1912"
kew-2756611,A,Goodeniaceae,,Dampiera,,"cinerea",,"","Ewart & O.B.Davies",Accepted,,M,WCSP (in review),886286,383676-1,"Fl. N. Territory","269","","1917"
kew-2756612,A,Goodeniaceae,,Dampiera,,"conospermoides",,"","W.Fitzg.",Accepted,,M,WCSP (in review),886287,383677-1,"J. Proc. Roy. Soc. Western Australia","3: 216","","1918"
kew-2756613,A,Goodeniaceae,,Dampiera,,"coronata",,"","Lindl.",Accepted,,M,WCSP (in review),886288,383678-1,"Sketch Veg. Swan R.","27","","1839"
kew-2756617,A,Goodeniaceae,,Dampiera,,"decurrens",,"","Rajput & Carolin",Accepted,,M,WCSP (in review),886292,935309-1,"Telopea","3: 203","","1988"
kew-2756618,A,Goodeniaceae,,Dampiera,,"deltoidea",,"","Rajput & Carolin",Accepted,,M,WCSP (in review),886293,935314-1,"Telopea","3: 209","","1988"
kew-2756619,A,Goodeniaceae,,Dampiera,,"dentata",,"","Rajput",Accepted,,M,WCSP (in review),886294,383681-1,"Telopea","2: 57","","1980"
kew-2756620,A,Goodeniaceae,,Dampiera,,"dielsii",,"","E.Pritz.",Unresolved,,L,WCSP (in review),886295,383682-1,"Bot. Jahrb. Syst.","35: 581","","1905"
kew-2756621,A,Goodeniaceae,,Dampiera,,"discolor",,"","(de Vriese) K.Krause",Accepted,,M,WCSP (in review),886296,,"Pflanzenr.","IV, 277: 180","","1912"
kew-2756622,A,Goodeniaceae,,Dampiera,,"diversifolia",,"","de Vriese",Accepted,,M,WCSP (in review),886297,383685-1,"Pl. Preiss.","1: 403","","1845"
kew-2756625,A,Goodeniaceae,,Dampiera,,"dysantha",,"","(Benth.) Rajput & Carolin",Accepted,,M,WCSP (in review),886300,943501-1,"in Fl. S. Austral.","3: 1386","","1986"
kew-2756628,A,Goodeniaceae,,Dampiera,,"eriantha",,"","K.Krause",Accepted,,M,WCSP (in review),886303,,"Pflanzenr.","IV, 277: 185","","1912"
kew-2756629,A,Goodeniaceae,,Dampiera,,"eriocephala",,"","de Vriese",Accepted,,M,WCSP (in review),886304,383691-1,"Natuurk. Verh. Holl. Maatsch. Wetensch. Haarlem","II, 10: 118","","1854"
kew-2756632,A,Goodeniaceae,,Dampiera,,"fasciculata",,"","R.Br.",Accepted,,M,WCSP (in review),886307,383694-1,"Prodr. Fl. Nov. Holl.","588","","1810"
kew-2756635,A,Goodeniaceae,,Dampiera,,"ferruginea",,"","R.Br.",Accepted,,M,WCSP (in review),886310,383696-1,"Prodr. Fl. Nov. Holl.","588","","1810"
kew-2756636,A,Goodeniaceae,,Dampiera,,"fitzgeraldensis",,"","Rajput & Carolin",Accepted,,M,WCSP (in review),886311,935303-1,"Telopea","3: 196","","1988"
kew-2756637,A,Goodeniaceae,,Dampiera,,"fusca",,"","Rajput & Carolin",Accepted,,M,WCSP (in review),886312,935311-1,"Telopea","3: 205","","1988"
kew-2756638,A,Goodeniaceae,,Dampiera,,"galbraithiana",,"","Rajput & Carolin",Accepted,,M,WCSP (in review),886313,935310-1,"Telopea","3: 204","","1988"
kew-2756639,A,Goodeniaceae,,Dampiera,,"glabrescens",,"","Benth.",Accepted,,M,WCSP (in review),886314,383697-1,"Fl. Austral.","4: 119","","1868"
kew-2756640,A,Goodeniaceae,,Dampiera,,"glabriflora",,"","F.Muell.",Unresolved,,L,WCSP (in review),886315,,"Fragm.","1: 120","","1858"
kew-2756641,A,Goodeniaceae,,Dampiera,,"haematotricha",,"","de Vriese",Accepted,,M,WCSP (in review),886316,383699-1,"Natuurk. Verh. Holl. Maatsch. Wetensch. Haarlem","II, 10: 94","","1854"
kew-2756642,A,Goodeniaceae,,Dampiera,,"haematotricha",subsp.,"dura","(Benth.) Rajput & Carolin",Accepted,,L,WCSP (in review),886317,967771-1,"in Fl. Australia","35: 330","","1992"
kew-2756643,A,Goodeniaceae,,Dampiera,,"hederacea",,"","R.Br.",Accepted,,M,WCSP (in review),886318,383700-1,"Prodr. Fl. Nov. Holl.","587","","1810"
kew-2756645,A,Goodeniaceae,,Dampiera,,"heteroptera",,"","Rajput & Carolin",Accepted,,M,WCSP (in review),886320,935316-1,"Telopea","3: 210","","1988"
kew-2756647,A,Goodeniaceae,,Dampiera,,"incana",,"","R.Br.",Accepted,,M,WCSP (in review),886322,383703-1,"Prodr. Fl. Nov. Holl.","588","","1810"
kew-2756650,A,Goodeniaceae,,Dampiera,,"juncea",,"","Benth.",Accepted,,M,WCSP (in review),886325,383705-1,"Fl. Austral.","4: 115","","1868"
kew-2756651,A,Goodeniaceae,,Dampiera,,"krauseana",,"","Rajput & Carolin",Accepted,,M,WCSP (in review),886326,935318-1,"Telopea","3: 212","","1988"
kew-2756652,A,Goodeniaceae,,Dampiera,,"lanceolata",,"","A.Cunn. ex DC.",Accepted,,M,WCSP (in review),886327,383707-1,"Prodr.","7: 503","","1839"
kew-2756656,A,Goodeniaceae,,Dampiera,,"latealata",,"","(E.Pritz.) Rajput & Carolin",Accepted,,M,WCSP (in review),886331,945552-1,"Telopea","3: 204","","1988"
kew-2756657,A,Goodeniaceae,,Dampiera,,"lavandulacea",,"","Lindl.",Accepted,,M,WCSP (in review),886332,383709-1,"Sketch Veg. Swan R.","27","","1839"
kew-2756658,A,Goodeniaceae,,Dampiera,,"leptoclada",,"","Benth.",Accepted,,M,WCSP (in review),886333,383710-1,"Fl. Austral.","4: 116","","1868"
kew-2756660,A,Goodeniaceae,,Dampiera,,"lindleyi",,"","de Vriese",Accepted,,M,WCSP (in review),886335,383711-1,"Pl. Preiss.","1: 402","","1845"
kew-2756662,A,Goodeniaceae,,Dampiera,,"linearis",,"","R.Br.",Accepted,,M,WCSP (in review),886337,383712-1,"Prodr. Fl. Nov. Holl.","588","","1810"
kew-2756667,A,Goodeniaceae,,Dampiera,,"loranthifolia",,"","F.Muell. ex Benth.",Accepted,,M,WCSP (in review),886342,383714-1,"Fl. Austral.","4: 115","","1868"
tro-50045668,A,Goodeniaceae,,Dampiera,,"luteiflora",,"","F. Muell.",Accepted,,M,TRO,50045668,,"Fragm.","10: 11","11","1876"
kew-2756668,A,Goodeniaceae,,Dampiera,,"luteifolia",,"","F.Muell.",Accepted,,M,WCSP (in review),886343,383715-1,"Fragm.","10: 11","","1876"
kew-2756670,A,Goodeniaceae,,Dampiera,,"marifolia",,"","Benth.",Accepted,,M,WCSP (in review),886345,383717-1,"Fl. Austral.","4: 114","","1868"
kew-2756672,A,Goodeniaceae,,Dampiera,,"metallorum",,"","Lepschi & Trudgen",Accepted,,M,WCSP (in review),886347,,"Nuytsia","15: 273","","2004"
kew-2756675,A,Goodeniaceae,,Dampiera,,"obliqua",,"","Rajput & Carolin",Accepted,,M,WCSP (in review),886350,,"Telopea","3: 108","","1988"
kew-2756677,A,Goodeniaceae,,Dampiera,,"oligophylla",,"","Benth.",Accepted,,M,WCSP (in review),886352,383722-1,"Fl. Austral.","4: 115","","1868"
kew-2756679,A,Goodeniaceae,,Dampiera,,"orchardii",,"","Rajput & Carolin",Accepted,,M,WCSP (in review),886354,935304-1,"Telopea","3: 197","","1988"
kew-2756681,A,Goodeniaceae,,Dampiera,,"parvifolia",,"","R.Br.",Accepted,,M,WCSP (in review),886356,383725-1,"Prodr. Fl. Nov. Holl.","589","","1810"
kew-2756682,A,Goodeniaceae,,Dampiera,,"pedunculata",,"","Rajput & Carolin",Accepted,,M,WCSP (in review),886357,935307-1,"Telopea","3: 200","","1988"
kew-2756683,A,Goodeniaceae,,Dampiera,,"plumosa",,"","S.Moore",Accepted,,M,WCSP (in review),886358,383726-1,"J. Bot.","41: 99","","1903"
kew-2756688,A,Goodeniaceae,,Dampiera,,"purpurea",,"","R.Br.",Accepted,,M,WCSP (in review),886363,383731-1,"Prodr. Fl. Nov. Holl.","588","","1810"
kew-2756689,A,Goodeniaceae,,Dampiera,,"ramosa",,"","Rajput & Carolin",Accepted,,M,WCSP (in review),886364,935319-1,"Telopea","3: 213","","1988"
kew-2756695,A,Goodeniaceae,,Dampiera,,"restiacea",,"","E.Pritz.",Unresolved,,L,WCSP (in review),886370,383736-1,"Bot. Jahrb. Syst.","35: 580","","1905"
kew-2756697,A,Goodeniaceae,,Dampiera,,"rosmarinifolia",,"","Schltdl.",Accepted,,M,WCSP (in review),886372,383737-1,"Linnaea","20: 603","","1847"
kew-2756700,A,Goodeniaceae,,Dampiera,,"roycei",,"","Rajput",Accepted,,M,WCSP (in review),886375,383739-1,"Telopea","2: 57","","1980"
kew-2756702,A,Goodeniaceae,,Dampiera,,"sacculata",,"","F.Muell. ex Benth.",Accepted,,M,WCSP (in review),886377,383741-1,"Fl. Austral.","4: 111","","1868"
kew-2756703,A,Goodeniaceae,,Dampiera,,"salahae",,"","Rajput & Carolin",Accepted,,M,WCSP (in review),886378,935305-1,"Telopea","3: 198","","1988"
kew-2756704,A,Goodeniaceae,,Dampiera,,"scaevolina",,"","Gardner ex Rajput & Carolin",Accepted,,M,WCSP (in review),886379,935302-1,"Telopea","3: 196","","1988"
kew-2756705,A,Goodeniaceae,,Dampiera,,"scottiana",,"","F.Muell.",Accepted,,M,WCSP (in review),886380,,"Fragm.","11: 120","","1879"
kew-2756706,A,Goodeniaceae,,Dampiera,,"sericantha",,"","F.Muell. ex Benth.",Accepted,,M,WCSP (in review),886381,383743-1,"Fl. Austral.","4: 118","","1868"
kew-2756707,A,Goodeniaceae,,Dampiera,,"spicigera",,"","Benth.",Accepted,,M,WCSP (in review),886382,383744-1,"Fl. Austral.","4: 109","","1868"
kew-2756709,A,Goodeniaceae,,Dampiera,,"stenophylla",,"","K.Krause",Accepted,,M,WCSP (in review),886384,,"Pflanzenr.","IV, 277: 187","","1912"
kew-2756710,A,Goodeniaceae,,Dampiera,,"stenostachya",,"","E.Pritz.",Accepted,,M,WCSP (in review),886385,383746-1,"Bot. Jahrb. Syst.","35: 577","","1905"
kew-2756712,A,Goodeniaceae,,Dampiera,,"stricta",,"","(Sm.) R.Br.",Accepted,,M,WCSP (in review),886387,383749-1,"Prodr. Fl. Nov. Holl.","589","","1810"
kew-2756717,A,Goodeniaceae,,Dampiera,,"sylvestris",,"","Rajput & Carolin",Accepted,,M,WCSP (in review),886392,935312-1,"Telopea","3: 206","","1988"
kew-2756718,A,Goodeniaceae,,Dampiera,,"tenuicaulis",,"","E.Pritz.",Accepted,,M,WCSP (in review),886393,383752-1,"Bot. Jahrb. Syst.","35: 580","","1905"
kew-2756719,A,Goodeniaceae,,Dampiera,,"tenuicaulis",var.,"curvula","(Krause) Rajput & Carolin",Accepted,,L,WCSP (in review),886394,954666-1,"Telopea","3: 210","","1988"
kew-2756720,A,Goodeniaceae,,Dampiera,,"tephrea",,"","Rajput & Carolin",Accepted,,M,WCSP (in review),886395,935306-1,"Telopea","3: 199","","1988"
kew-2756721,A,Goodeniaceae,,Dampiera,,"teres",,"","Lindl.",Accepted,,M,WCSP (in review),886396,383753-1,"Sketch Veg. Swan R.","27","","1839"
kew-2756722,A,Goodeniaceae,,Dampiera,,"tomentosa",,"","K.Krause",Accepted,,M,WCSP (in review),886397,,"Pflanzenr.","IV, 277: 181","","1912"
kew-2756724,A,Goodeniaceae,,Dampiera,,"trigona",,"","de Vriese",Accepted,,M,WCSP (in review),886399,383757-1,"Pl. Preiss.","1: 401","","1845"
kew-2756727,A,Goodeniaceae,,Dampiera,,"triloba",,"","Lindl.",Accepted,,M,WCSP (in review),886402,383758-1,"Sketch Veg. Swan R.","27","","1839"
kew-2756730,A,Goodeniaceae,,Dampiera,,"wellsiana",,"","F.Muell.",Accepted,,M,WCSP (in review),886405,383761-1,"Fragm.","10: 12","","1876"
kew-2765399,A,Goodeniaceae,,Diaspasis,,"filifolia",,"","R.Br.",Accepted,,M,WCSP (in review),894998,383762-1,"Prodr. Fl. Nov. Holl.","587","","1810"
kew-2830437,A,Goodeniaceae,,Goodenia,,"affinis",,"","de Vriese",Accepted,,M,WCSP (in review),957807,383769-1,"Verh. Holl. Maatsch. Weetensch. Haarlem","10: 137","","1854"
kew-2830440,A,Goodeniaceae,,Goodenia,,"albiflora",,"","Schltdl.",Accepted,,M,WCSP (in review),957810,383772-1,"Linnaea","20: 599","","1847"
kew-2830441,A,Goodeniaceae,,Goodenia,,"amplexans",,"","F.Muell.",Accepted,,M,WCSP (in review),957811,383773-1,"Trans. & Proc. Philos. Inst. Victoria","2: 70","","1858"
kew-2830444,A,Goodeniaceae,,Goodenia,,"anfracta",,"","J.M.Black",Accepted,,M,WCSP (in review),957814,383774-1,"Trans. & Proc. Roy. Soc. South Australia","51: 385","","1927"
kew-2830445,A,Goodeniaceae,,Goodenia,,"angustifolia",,"","Carolin",Accepted,,M,WCSP (in review),957815,383775-1,"Telopea","2: 67","","1980"
kew-2830447,A,Goodeniaceae,,Goodenia,,"arachnoidea",,"","Carolin",Accepted,,M,WCSP (in review),957817,939333-1,"Telopea","3: 557","","1990"
kew-2830448,A,Goodeniaceae,,Goodenia,,"arenicola",,"","Carolin",Accepted,,M,WCSP (in review),957818,939311-1,"Telopea","3: 528","","1990"
kew-2830450,A,Goodeniaceae,,Goodenia,,"argillacea",,"","Carolin",Accepted,,M,WCSP (in review),957820,939339-1,"Telopea","3: 563","","1990"
kew-2830452,A,Goodeniaceae,,Goodenia,,"armitiana",,"","F.Muell.",Accepted,,M,WCSP (in review),957822,383780-1,"Fragm.","10: 110","","1877"
kew-2830454,A,Goodeniaceae,,Goodenia,,"armstrongiana",,"","de Vriese",Accepted,,M,WCSP (in review),957824,383781-1,"Verh. Holl. Maatsch. Weetensch. Haarlem","10: 138","","1854"
kew-2830455,A,Goodeniaceae,,Goodenia,,"arthrotricha",,"","F.Muell. ex Benth.",Accepted,,M,WCSP (in review),957825,383782-1,"Fl. Austral.","4: 62","","1868"
kew-2830456,A,Goodeniaceae,,Goodenia,,"atriplexifolia",,"","A.E.Holland & T.P.Boyle",Accepted,,M,WCSP (in review),957826,20008309-1,"Austrobaileya","6: 257","","2002"
kew-2830458,A,Goodeniaceae,,Goodenia,,"azurea",,"","F.Muell.",Accepted,,M,WCSP (in review),957828,383784-1,"Fragm.","1: 117","","1859"
kew-2830462,A,Goodeniaceae,,Goodenia,,"bellidifolia",,"","Sm.",Accepted,,M,WCSP (in review),957832,383788-1,"Trans. Linn. Soc.","2: 349","","1794"
kew-2830465,A,Goodeniaceae,,Goodenia,,"benthamiana",,"","Carolin",Accepted,,M,WCSP (in review),957835,940889-1,"in Fl. S. Austral.","3: 1392","","1986"
kew-2830466,A,Goodeniaceae,,Goodenia,,"berardiana",,"","(Gaudich.) Carolin",Accepted,,M,WCSP (in review),957836,383790-1,"Brunonia","2: 16","","1979"
kew-2830467,A,Goodeniaceae,,Goodenia,,"berringbinensis",,"","Carolin",Accepted,,M,WCSP (in review),957837,939319-1,"Telopea","3: 537","","1990"
kew-2830468,A,Goodeniaceae,,Goodenia,,"bicolor",,"","F.Muell. ex Benth.",Accepted,,M,WCSP (in review),957838,383791-1,"Fl. Austral.","4: 80","","1868"
kew-2830469,A,Goodeniaceae,,Goodenia,,"blackiana",,"","Carolin",Accepted,,M,WCSP (in review),957839,931199-1,"in Fl. S. Austral.","3: 1393","","1986"
kew-2830472,A,Goodeniaceae,,Goodenia,,"brachypoda",,"","(F.Muell. ex Benth.) Carolin",Accepted,,M,WCSP (in review),957842,947772-1,"Telopea","3: 558","","1990"
kew-2830473,A,Goodeniaceae,,Goodenia,,"brunnea",,"","Carolin",Accepted,,M,WCSP (in review),957843,931200-1,"in Fl. S. Austral.","3: 1393","","1986"
kew-2830474,A,Goodeniaceae,,Goodenia,,"byrnesii",,"","Carolin",Accepted,,M,WCSP (in review),957844,939335-1,"Telopea","3: 560","","1990"
kew-2830475,A,Goodeniaceae,,Goodenia,,"caerulea",,"","R.Br.",Accepted,,M,WCSP (in review),957845,383794-1,"Prodr. Fl. Nov. Holl.","578","","1810"
kew-2830476,A,Goodeniaceae,,Goodenia,,"calcarata",,"","(F.Muell.) F.Muell.",Accepted,,M,WCSP (in review),957846,383795-1,"Fragm.","6: 14","","1867"
kew-2830479,A,Goodeniaceae,,Goodenia,,"cambodiana",,"","(Danguy) Kerr",Accepted,,M,WCSP (in review),957849,383798-1,"Fl. Siam.","2: 301","","1936"
kew-2830480,A,Goodeniaceae,,Goodenia,,"campestris",,"","Carolin",Accepted,,M,WCSP (in review),957850,939336-1,"Telopea","3: 561","","1990"
kew-2830481,A,Goodeniaceae,,Goodenia,,"centralis",,"","Carolin",Accepted,,M,WCSP (in review),957851,383799-1,"Telopea","2: 66","","1980"
kew-2830482,A,Goodeniaceae,,Goodenia,,"chambersii",,"","F.Muell.",Accepted,,M,WCSP (in review),957852,383800-1,"Fragm.","1: 204","","1859"
kew-2830484,A,Goodeniaceae,,Goodenia,,"chthonocephala",,"","Carolin",Accepted,,M,WCSP (in review),957854,939338-1,"Telopea","3: 563","","1990"
kew-2830485,A,Goodeniaceae,,Goodenia,,"cirrifica",,"","F.Muell.",Accepted,,M,WCSP (in review),957855,383802-1,"Australas. J. Pharm.","1: 81","","1886"
tro-50046304,A,Goodeniaceae,,Goodenia,,"cistiflora",,"","A. Cunn. ex DC.",Unresolved,,L,TRO,50046304,,"Prodr.","7(2): 516","516","1839"
kew-2830487,A,Goodeniaceae,,Goodenia,,"claytoniacea",,"","F.Muell. ex Benth.",Accepted,,M,WCSP (in review),957857,,"Fl. Austral.","4: 79","","1868"
kew-2830489,A,Goodeniaceae,,Goodenia,,"concinna",,"","Benth.",Accepted,,M,WCSP (in review),957859,383806-1,"Fl. Austral.","4: 76","","1868"
kew-2830490,A,Goodeniaceae,,Goodenia,,"convexa",,"","Carolin",Accepted,,M,WCSP (in review),957860,939312-1,"Telopea","3: 529","","1990"
kew-2830491,A,Goodeniaceae,,Goodenia,,"coronopifolia",,"","R.Br.",Accepted,,M,WCSP (in review),957861,383807-1,"Prodr. Fl. Nov. Holl.","576","","1810"
kew-2607249,A,Goodeniaceae,,Goodenia,,"corralina",,"","L.W.Sage & K.A.Sheph.",Accepted,,M,WCSP (in review),740273,77090646-1,"Nuytsia","17: 333","","2007"
kew-2830492,A,Goodeniaceae,,Goodenia,,"corynocarpa",,"","F.Muell.",Accepted,,M,WCSP (in review),957862,383808-1,"Fragm.","2: 16","","1860"
kew-2830494,A,Goodeniaceae,,Goodenia,,"crenata",,"","Carolin & L.W.Sage",Accepted,,M,WCSP (in review),957864,1018693-1,"Nuytsia","13: 529","","2001"
kew-2830495,A,Goodeniaceae,,Goodenia,,"cusackiana",,"","(F.Muell.) Carolin",Accepted,,L,WCSP (in review),957865,947771-1,"Telopea","3: 556","","1990"
kew-2830497,A,Goodeniaceae,,Goodenia,,"cycloptera",,"","R.Br.",Accepted,,M,WCSP (in review),957867,,"Narr. Exped. C. Australia","2(App.): 83","","1849"
kew-2830498,A,Goodeniaceae,,Goodenia,,"cylindrocarpa",,"","Albr.",Accepted,,M,WCSP (in review),957868,20010566-1,"Nuytsia","15: 2","","2002"
kew-2830499,A,Goodeniaceae,,Goodenia,,"debilis",,"","A.E.Holland & T.P.Boyle",Accepted,,M,WCSP (in review),957869,20008308-1,"Austrobaileya","6: 256","","2002"
kew-2830500,A,Goodeniaceae,,Goodenia,,"decurrens",,"","R.Br.",Accepted,,M,WCSP (in review),957870,383811-1,"Prodr. Fl. Nov. Holl.","575","","1810"
kew-2830501,A,Goodeniaceae,,Goodenia,,"decursiva",,"","W.Fitzg.",Accepted,,M,WCSP (in review),957871,,"J. Western Australia Nat. Hist. Soc.","2: 25","","1905"
kew-2830502,A,Goodeniaceae,,Goodenia,,"delicata",,"","Carolin",Accepted,,M,WCSP (in review),957872,939310-1,"Telopea","3: 525","","1990"
kew-2830503,A,Goodeniaceae,,Goodenia,,"dimorpha",,"","Maiden & Betche",Accepted,,M,WCSP (in review),957873,383813-1,"Proc. Linn. Soc. New South Wales","28: 907","","1904"
kew-2830506,A,Goodeniaceae,,Goodenia,,"disperma",,"","F.Muell.",Accepted,,M,WCSP (in review),957876,383815-1,"Fragm.","1: 113","","1859"
kew-2830507,A,Goodeniaceae,,Goodenia,,"drummondii",,"","Carolin",Accepted,,M,WCSP (in review),957877,939306-1,"Telopea","3: 519","","1990"
kew-2830510,A,Goodeniaceae,,Goodenia,,"durackiana",,"","Carolin",Accepted,,M,WCSP (in review),957880,939334-1,"Telopea","3: 559","","1990"
kew-2830511,A,Goodeniaceae,,Goodenia,,"dyeri",,"","K.Krause",Accepted,,M,WCSP (in review),957881,,"Pflanzenr.","IV, 277: 56","","1912"
kew-2830512,A,Goodeniaceae,,Goodenia,,"eatoniana",,"","F.Muell.",Accepted,,M,WCSP (in review),957882,383818-1,"Fragm.","8: 186","","1874"
kew-2830513,A,Goodeniaceae,,Goodenia,,"elaiosoma",,"","Cowie",Accepted,,M,WCSP (in review),957883,,"Austrobaileya","7: 206","","2005"
kew-2830514,A,Goodeniaceae,,Goodenia,,"elderi",,"","F.Muell. & Tate",Accepted,,M,WCSP (in review),957884,383819-1,"Bot. Centralbl.","53: 268","","1893"
kew-2830515,A,Goodeniaceae,,Goodenia,,"elongata",,"","Labill.",Accepted,,M,WCSP (in review),957885,,"Nov. Holl. Pl.","1: 51","","1805"
kew-2830517,A,Goodeniaceae,,Goodenia,,"eremophila",,"","E.Pritz.",Accepted,,M,WCSP (in review),957887,383823-1,"Bot. Jahrb. Syst.","35: 558","","1905"
kew-2830519,A,Goodeniaceae,,Goodenia,,"expansa",,"","A.E.Holland & T.P.Boyle",Accepted,,M,WCSP (in review),957889,20008310-1,"Austrobaileya","6: 259","","2002"
kew-2830520,A,Goodeniaceae,,Goodenia,,"fascicularis",,"","F.Muell. & Tate",Accepted,,M,WCSP (in review),957890,383825-1,"Trans. & Proc. Rep. Roy. Soc. South Australia","13: 108","","1890"
kew-2830521,A,Goodeniaceae,,Goodenia,,"fasciculata",,"","(Benth.) Carolin",Accepted,,L,WCSP (in review),957891,947766-1,"Telopea","3: 519","","1990"
kew-2830522,A,Goodeniaceae,,Goodenia,,"faucium",,"","Carolin",Accepted,,M,WCSP (in review),957892,383826-1,"Telopea","2: 70","","1980"
kew-2830523,A,Goodeniaceae,,Goodenia,,"filiformis",,"","R.Br.",Accepted,,M,WCSP (in review),957893,383827-1,"Prodr. Fl. Nov. Holl.","578","","1810"
kew-2830531,A,Goodeniaceae,,Goodenia,,"fordiana",,"","Carolin",Accepted,,M,WCSP (in review),957901,939308-1,"Telopea","3: 522","","1990"
kew-2830532,A,Goodeniaceae,,Goodenia,,"forestii",,"","F.Muell.",Accepted,,M,WCSP (in review),957902,,"Victoria Naturalist","9: 58","","1892"
kew-2830533,A,Goodeniaceae,,Goodenia,,"geniculata",,"","R.Br.",Accepted,,M,WCSP (in review),957903,383833-1,"Prodr. Fl. Nov. Holl.","577","","1810"
kew-2830540,A,Goodeniaceae,,Goodenia,,"gibbosa",,"","Carolin",Accepted,,M,WCSP (in review),957910,383835-1,"Telopea","2: 68","","1980"
kew-2830541,A,Goodeniaceae,,Goodenia,,"glabra",,"","R.Br.",Accepted,,M,WCSP (in review),957911,383836-1,"Prodr. Fl. Nov. Holl.","577","","1810"
kew-2830544,A,Goodeniaceae,,Goodenia,,"glandulosa",,"","K.Krause",Accepted,,M,WCSP (in review),957914,,"Pflanzenr.","IV, 277: 75","","1912"
kew-2830545,A,Goodeniaceae,,Goodenia,,"glareicola",,"","Carolin",Accepted,,M,WCSP (in review),957915,939322-1,"Telopea","3: 541","","1990"
kew-2830546,A,Goodeniaceae,,Goodenia,,"glauca",,"","F.Muell.",Accepted,,M,WCSP (in review),957916,383840-1,"Trans. & Proc. Victorian Inst. Advancem. Sci.","1: 40","","1885"
kew-2830550,A,Goodeniaceae,,Goodenia,,"gloeophylla",,"","Carolin",Accepted,,M,WCSP (in review),957920,939316-1,"Telopea","3: 534","","1990"
kew-2830551,A,Goodeniaceae,,Goodenia,,"glomerata",,"","Maiden & Betche",Accepted,,M,WCSP (in review),957921,383841-1,"Proc. Linn. Soc. New South Wales","24: 647","","1900"
kew-2830552,A,Goodeniaceae,,Goodenia,,"goodeniacea",,"","(F.Muell.) Carolin",Accepted,,L,WCSP (in review),957922,947768-1,"Telopea","3: 539","","1990"
kew-2830553,A,Goodeniaceae,,Goodenia,,"gracilis",,"","R.Br.",Accepted,,M,WCSP (in review),957923,383842-1,"Prodr. Fl. Nov. Holl.","575","","1810"
kew-2830556,A,Goodeniaceae,,Goodenia,,"grandiflora",,"","Sims",Accepted,,M,WCSP (in review),957926,383844-1,"Bot. Mag.","23: t. 890","","1805"
kew-2607250,A,Goodeniaceae,,Goodenia,,"granitica",,"","L.W.Sage & K.A.Sheph.",Accepted,,M,WCSP (in review),740274,77090647-1,"Nuytsia","17: 335","","2007"
kew-2830561,A,Goodeniaceae,,Goodenia,,"gypsicola",,"","Symon",Accepted,,M,WCSP (in review),957931,1016117-1,"J. Adelaide Bot. Gard.","19: 97","","2000"
kew-2830562,A,Goodeniaceae,,Goodenia,,"halophila",,"","Albr.",Accepted,,M,WCSP (in review),957932,20010567-1,"Nuytsia","15: 4","","2002"
kew-2604541,A,Goodeniaceae,,Goodenia,,"hartiana",,"","L.W.Sage",Accepted,,M,WCSP (in review),737747,,"Nuytsia","16: 172","","2006"
kew-2830563,A,Goodeniaceae,,Goodenia,,"hassallii",,"","F.Muell.",Accepted,,M,WCSP (in review),957933,383845-1,"Fragm.","6: 10","","1867"
kew-2830564,A,Goodeniaceae,,Goodenia,,"havilandii",,"","Maiden & Betche",Accepted,,M,WCSP (in review),957934,383846-1,"Proc. Linn. Soc. New South Wales","38: 250","","1913"
kew-2830566,A,Goodeniaceae,,Goodenia,,"heatheriana",,"","L.W.Sage",Accepted,,M,WCSP (in review),957936,1015608-1,"Nuytsia","13: 368","","2000"
kew-2830567,A,Goodeniaceae,,Goodenia,,"hederacea",,"","Sm.",Accepted,,M,WCSP (in review),957937,383847-1,"Trans. Linn. Soc.","2: 349","","1794"
kew-2830569,A,Goodeniaceae,,Goodenia,,"hederacea",subsp.,"alpestris","(K.Krause) Carolin",Accepted,,L,WCSP (in review),957939,956190-1,"Telopea","3: 529","","1990"
kew-2830575,A,Goodeniaceae,,Goodenia,,"helmsii",,"","(E.Pritz.) Carolin",Accepted,,L,WCSP (in review),957945,947767-1,"Telopea","3: 520","","1990"
kew-2830576,A,Goodeniaceae,,Goodenia,,"heppleana",,"","(W.Fitzg.) Carolin",Accepted,,M,WCSP (in review),957946,947778-1,"Telopea","3: 565","","1990"
kew-2830577,A,Goodeniaceae,,Goodenia,,"heterochila",,"","F.Muell.",Accepted,,M,WCSP (in review),957947,383850-1,"Fragm.","3: 142","","1863"
kew-2830581,A,Goodeniaceae,,Goodenia,,"heteromera",,"","F.Muell.",Accepted,,M,WCSP (in review),957951,383851-1,"Fragm.","1: 115","","1859"
kew-2830583,A,Goodeniaceae,,Goodenia,,"heterophylla",,"","Sm.",Accepted,,M,WCSP (in review),957953,383852-1,"Trans. Linn. Soc.","2: 349","","1794"
kew-2830586,A,Goodeniaceae,,Goodenia,,"heterophylla",subsp.,"teucriifolia","(F.Muell.) Carolin",Accepted,,L,WCSP (in review),957956,956189-1,"Telopea","3: 527","","1990"
kew-2830587,A,Goodeniaceae,,Goodenia,,"heteroptera",,"","(F.Muell.) B.D.Jacks.",Accepted,,M,WCSP (in review),957957,,"Index Kew.","1: 1056","","1893"
kew-2830589,A,Goodeniaceae,,Goodenia,,"hirsuta",,"","F.Muell.",Accepted,,M,WCSP (in review),957959,383855-1,"Fragm.","3: 35","","1862"
kew-2830590,A,Goodeniaceae,,Goodenia,,"hispida",,"","R.Br.",Accepted,,M,WCSP (in review),957960,383856-1,"Prodr. Fl. Nov. Holl.","577","","1810"
kew-2830591,A,Goodeniaceae,,Goodenia,,"holtzeana",,"","(Specht) Carolin",Accepted,,M,WCSP (in review),957961,947777-1,"Telopea","3: 565","","1990"
kew-2830593,A,Goodeniaceae,,Goodenia,,"humilis",,"","R.Br.",Accepted,,M,WCSP (in review),957963,383859-1,"Prodr. Fl. Nov. Holl.","575","","1810"
kew-2830595,A,Goodeniaceae,,Goodenia,,"incana",,"","R.Br.",Accepted,,M,WCSP (in review),957965,383860-1,"Prodr. Fl. Nov. Holl.","578","","1810"
kew-2830596,A,Goodeniaceae,,Goodenia,,"integerrima",,"","Carolin",Accepted,,M,WCSP (in review),957966,939325-1,"Telopea","3: 546","","1990"
kew-2830598,A,Goodeniaceae,,Goodenia,,"inundata",,"","L.W.Sage & J.P.Pigott",Accepted,,M,WCSP (in review),957968,1018694-1,"Nuytsia","13: 531","","2001"
kew-2830599,A,Goodeniaceae,,Goodenia,,"iyouta",,"","Carolin",Accepted,,M,WCSP (in review),957969,383862-1,"Telopea","2: 69","","1980"
kew-2830600,A,Goodeniaceae,,Goodenia,,"janamba",,"","Carolin",Accepted,,M,WCSP (in review),957970,939326-1,"Telopea","3: 547","","1990"
kew-2607251,A,Goodeniaceae,,Goodenia,,"jaurdiensis",,"","L.W.Sage & K.A.Sheph.",Accepted,,M,WCSP (in review),740275,77090648-1,"Nuytsia","17: 338","","2007"
kew-2830602,A,Goodeniaceae,,Goodenia,,"kakadu",,"","Carolin",Accepted,,M,WCSP (in review),957972,939341-1,"Telopea","3: 566","","1990"
kew-2830603,A,Goodeniaceae,,Goodenia,,"katabudjar",,"","Cranfield & L.W.Sage",Accepted,,M,WCSP (in review),957973,997600-1,"Nuytsia","11: 297","","1997"
kew-2830604,A,Goodeniaceae,,Goodenia,,"kingiana",,"","Carolin",Accepted,,M,WCSP (in review),957974,939307-1,"Telopea","3: 521","","1990"
kew-2830605,A,Goodeniaceae,,Goodenia,,"konigsbergeri",,"","(Backer) Backer ex Bold.",Accepted,,M,WCSP (in review),957975,383864-1,"Zakfl. Java","88","","1916"
kew-2830606,A,Goodeniaceae,,Goodenia,,"krauseana",,"","Carolin",Accepted,,M,WCSP (in review),957976,383865-1,"Telopea","2: 64","","1980"
kew-2830608,A,Goodeniaceae,,Goodenia,,"laevis",,"","Benth.",Accepted,,M,WCSP (in review),957978,383867-1,"Fl. Austral.","4: 61","","1868"
kew-2830610,A,Goodeniaceae,,Goodenia,,"lamprosperma",,"","F.Muell.",Accepted,,M,WCSP (in review),957980,383868-1,"Fragm.","1: 116","","1859"
kew-2830611,A,Goodeniaceae,,Goodenia,,"lanata",,"","R.Br.",Accepted,,M,WCSP (in review),957981,383869-1,"Prodr. Fl. Nov. Holl.","577","","1810"
kew-2830612,A,Goodeniaceae,,Goodenia,,"lancifolia",,"","L.W.Sage & Cranfield",Accepted,,M,WCSP (in review),957982,1015609-1,"Nuytsia","13: 369","","2000"
kew-2830613,A,Goodeniaceae,,Goodenia,,"larupinta",,"","Tate",Accepted,,M,WCSP (in review),957983,383871-1,"Rep. Horn. Exped. C. Australia","3: 189","","1896"
kew-2830614,A,Goodeniaceae,,Goodenia,,"lasiophylla",,"","K.Krause",Unresolved,,L,WCSP (in review),957984,,"Pflanzenr.","IV, 277: 89","","1912"
kew-2830615,A,Goodeniaceae,,Goodenia,,"leiosperma",,"","Carolin",Accepted,,M,WCSP (in review),957985,939343-1,"Telopea","3: 558","","1990"
kew-2830616,A,Goodeniaceae,,Goodenia,,"leptoclada",,"","Benth.",Accepted,,M,WCSP (in review),957986,383875-1,"Fl. Austral.","4: 67","","1868"
kew-2830618,A,Goodeniaceae,,Goodenia,,"lineata",,"","J.H.Willis",Accepted,,M,WCSP (in review),957988,383877-1,"Muelleria","1: 151","","1967"
kew-2830621,A,Goodeniaceae,,Goodenia,,"littoralis",,"","R.Br.",Unresolved,,L,WCSP (in review),957991,383880-1,"Voy. Terra Austral.","2: 561","","1814"
kew-2830622,A,Goodeniaceae,,Goodenia,,"lobata",,"","Ising",Accepted,,M,WCSP (in review),957992,383881-1,"Trans. Roy. Soc. South Australia","81: 169","","1958"
kew-2830624,A,Goodeniaceae,,Goodenia,,"lunata",,"","J.M.Black",Accepted,,M,WCSP (in review),957994,383883-1,"Trans. & Proc. Roy. Soc. South Australia","51: 384","","1927"
kew-2830625,A,Goodeniaceae,,Goodenia,,"lyrata",,"","Carolin",Accepted,,M,WCSP (in review),957995,939320-1,"Telopea","3: 538","","1990"
kew-2830626,A,Goodeniaceae,,Goodenia,,"macbarronii",,"","Carolin",Accepted,,M,WCSP (in review),957996,939315-1,"Telopea","3: 533","","1990"
kew-2830627,A,Goodeniaceae,,Goodenia,,"macmillanii",,"","F.Muell.",Accepted,,M,WCSP (in review),957997,383884-1,"Fragm.","1: 119","","1859"
kew-2830629,A,Goodeniaceae,,Goodenia,,"macroplectra",,"","(F.Muell.) Carolin",Accepted,,M,WCSP (in review),957999,947770-1,"Telopea","3: 551","","1990"
kew-2830630,A,Goodeniaceae,,Goodenia,,"maideniana",,"","W.Fitzg.",Accepted,,M,WCSP (in review),958000,,"J. Western Australia Nat. Hist. Soc.","1: 25","","1904"
kew-2830631,A,Goodeniaceae,,Goodenia,,"malvina",,"","Carolin",Accepted,,M,WCSP (in review),958001,939337-1,"Telopea","3: 562","","1990"
kew-2830632,A,Goodeniaceae,,Goodenia,,"marginata",,"","de Vriese",Unresolved,,L,WCSP (in review),958002,383887-1,"Verh. Holl. Maatsch. Weetensch. Haarlem","10: 143","","1854"
kew-2830633,A,Goodeniaceae,,Goodenia,,"megasepala",,"","Carolin",Accepted,,M,WCSP (in review),958003,383888-1,"Telopea","2: 69","","1980"
kew-2830635,A,Goodeniaceae,,Goodenia,,"micrantha",,"","Hemsl. ex Carolin",Accepted,,M,WCSP (in review),958005,941253-1,"Telopea","3: 551","","1990"
kew-2830636,A,Goodeniaceae,,Goodenia,,"microptera",,"","F.Muell.",Accepted,,M,WCSP (in review),958006,383891-1,"Fragm.","3: 34","","1862"
kew-2830637,A,Goodeniaceae,,Goodenia,,"mimuloides",,"","S.Moore",Accepted,,M,WCSP (in review),958007,383892-1,"J. Bot.","35: 167","","1897"
kew-2830639,A,Goodeniaceae,,Goodenia,,"minutiflora",,"","F.Muell.",Accepted,,M,WCSP (in review),958009,383894-1,"Fragm.","8: 244","","1874"
kew-2830644,A,Goodeniaceae,,Goodenia,,"modesta",,"","J.M.Black",Accepted,,M,WCSP (in review),958014,383897-1,"Trans. & Proc. Roy. Soc. South Australia","36: 172","","1912"
kew-2830648,A,Goodeniaceae,,Goodenia,,"mueckeana",,"","F.Muell.",Accepted,,M,WCSP (in review),958018,,"Fragm.","8: 56","","1874"
kew-2830649,A,Goodeniaceae,,Goodenia,,"muelleriana",,"","Carolin",Accepted,,M,WCSP (in review),958019,939332-1,"Telopea","3: 555","","1990"
kew-2830652,A,Goodeniaceae,,Goodenia,,"neglecta",,"","(Carolin) Carolin",Accepted,,M,WCSP (in review),958022,947775-1,"Telopea","3: 565","","1990"
kew-2830653,A,Goodeniaceae,,Goodenia,,"neogoodenia",,"","Carolin",Accepted,,L,WCSP (in review),958023,941251-1,"Telopea","3: 547","","1990"
kew-2830655,A,Goodeniaceae,,Goodenia,,"nigrescens",,"","Carolin",Accepted,,M,WCSP (in review),958025,939323-1,"Telopea","3: 542","","1990"
kew-2830656,A,Goodeniaceae,,Goodenia,,"nocoleche",,"","Pellow & J.L.Porter",Accepted,,M,WCSP (in review),958026,,"Telopea","11: 36","","2005"
kew-2830657,A,Goodeniaceae,,Goodenia,,"nuda",,"","E.Pritz.",Accepted,,M,WCSP (in review),958027,383905-1,"Bot. Jahrb. Syst.","35: 562","","1905"
kew-2830658,A,Goodeniaceae,,Goodenia,,"occidentalis",,"","Carolin",Accepted,,M,WCSP (in review),958028,383906-1,"Telopea","2: 70","","1980"
kew-2830659,A,Goodeniaceae,,Goodenia,,"ochracea",,"","Carolin",Accepted,,M,WCSP (in review),958029,939328-1,"Telopea","3: 549","","1990"
kew-2830660,A,Goodeniaceae,,Goodenia,,"odonnellii",,"","F.Muell.",Accepted,,M,WCSP (in review),958030,,"Australas. J. Pharm.","1: 278","","1886"
kew-2830661,A,Goodeniaceae,,Goodenia,,"ovata",,"","Sm.",Accepted,,M,WCSP (in review),958031,383908-1,"Trans. Linn. Soc.","2: 347","","1794"
kew-2830665,A,Goodeniaceae,,Goodenia,,"pallida",,"","Carolin",Accepted,,M,WCSP (in review),958035,939330-1,"Telopea","3: 553","","1990"
kew-2830666,A,Goodeniaceae,,Goodenia,,"paludicola",,"","Carolin",Accepted,,M,WCSP (in review),958036,939318-1,"Telopea","3: 536","","1990"
kew-2830667,A,Goodeniaceae,,Goodenia,,"paniculata",,"","Sm.",Accepted,,M,WCSP (in review),958037,383909-1,"Trans. Linn. Soc.","2: 348","","1794"
kew-2830668,A,Goodeniaceae,,Goodenia,,"pascua",,"","Carolin",Accepted,,M,WCSP (in review),958038,939324-1,"Telopea","3: 544","","1990"
kew-2830669,A,Goodeniaceae,,Goodenia,,"peacockiana",,"","Carolin",Accepted,,M,WCSP (in review),958039,383910-1,"Telopea","2: 64","","1980"
kew-2604542,A,Goodeniaceae,,Goodenia,,"pedicellata",,"","L.W.Sage & K.W.Dixon",Accepted,,M,WCSP (in review),737748,,"Nuytsia","15: 513","","2005"
kew-2830670,A,Goodeniaceae,,Goodenia,,"perryi",,"","Gardner ex R.Carolin",Accepted,,M,WCSP (in review),958040,939321-1,"Telopea","3: 540","","1990"
kew-2830671,A,Goodeniaceae,,Goodenia,,"phillipsiae",,"","Carolin",Accepted,,M,WCSP (in review),958041,939327-1,"Telopea","3: 548","","1990"
kew-2830673,A,Goodeniaceae,,Goodenia,,"pilosa",,"","(R.Br.) Carolin",Accepted,,M,WCSP (in review),958043,947774-1,"Telopea","3: 565","","1990"
kew-2830674,A,Goodeniaceae,,Goodenia,,"pinifolia",,"","de Vriese",Accepted,,M,WCSP (in review),958044,383912-1,"Verh. Holl. Maatsch. Weetensch. Haarlem","10: 157","","1854"
kew-2830675,A,Goodeniaceae,,Goodenia,,"pinnatifida",,"","Schltdl.",Accepted,,M,WCSP (in review),958045,383913-1,"Linnaea","21: 450","","1848"
kew-2830677,A,Goodeniaceae,,Goodenia,,"porphyrea",,"","(Carolin) Carolin",Accepted,,M,WCSP (in review),958047,947773-1,"Telopea","3: 565","","1990"
kew-2830678,A,Goodeniaceae,,Goodenia,,"potamica",,"","Carolin",Accepted,,M,WCSP (in review),958048,939340-1,"Telopea","3: 564","","1990"
kew-2830682,A,Goodeniaceae,,Goodenia,,"prostrata",,"","Carolin",Accepted,,M,WCSP (in review),958052,939331-1,"Telopea","3: 544","","1990"
kew-2830683,A,Goodeniaceae,,Goodenia,,"psammophila",,"","L.W.Sage & M.D.Barrett",Accepted,,M,WCSP (in review),958053,1018695-1,"Nuytsia","13: 533","","2001"
kew-2830685,A,Goodeniaceae,,Goodenia,,"pterygosperma",,"","R.Br.",Accepted,,M,WCSP (in review),958055,383917-1,"Prodr. Fl. Nov. Holl.","578","","1810"
kew-2830687,A,Goodeniaceae,,Goodenia,,"pulchella",,"","Benth.",Accepted,,M,WCSP (in review),958057,383920-1,"Enum. Pl. Hügel","71","","1837"
kew-2830688,A,Goodeniaceae,,Goodenia,,"pumilio",,"","R.Br.",Accepted,,M,WCSP (in review),958058,119164-3,"Prodr. Fl. Nov. Holl.","579","","1810"
kew-2830689,A,Goodeniaceae,,Goodenia,,"purpurascens",,"","R.Br.",Accepted,,M,WCSP (in review),958059,383923-1,"Prodr. Fl. Nov. Holl.","578","","1810"
kew-2830691,A,Goodeniaceae,,Goodenia,,"purpurea",,"","(F.Muell.) Carolin",Accepted,,M,WCSP (in review),958061,947780-1,"Telopea","3: 565","","1990"
kew-2830692,A,Goodeniaceae,,Goodenia,,"pusilla",,"","(de Vriese) de Vriese",Unresolved,,L,WCSP (in review),958062,383924-1,"Verh. Holl. Maatsch. Weetensch. Haarlem","10: 131","","1854"
kew-2830693,A,Goodeniaceae,,Goodenia,,"pusilliflora",,"","F.Muell.",Accepted,,M,WCSP (in review),958063,383925-1,"Victoria Naturalist","5: 11","","1888"
kew-2830695,A,Goodeniaceae,,Goodenia,,"quadrifida",,"","(Carolin) Carolin",Accepted,,M,WCSP (in review),958065,947781-1,"Telopea","3: 565","","1990"
kew-2830696,A,Goodeniaceae,,Goodenia,,"quadrilocularis",,"","R.Br.",Accepted,,M,WCSP (in review),958066,383927-1,"Prodr. Fl. Nov. Holl.","578","","1810"
kew-2830697,A,Goodeniaceae,,Goodenia,,"quasilibera",,"","Carolin",Accepted,,M,WCSP (in review),958067,931201-1,"in Fl. S. Austral.","3: 1403","","1986"
kew-2830698,A,Goodeniaceae,,Goodenia,,"racemosa",,"","F.Muell.",Accepted,,M,WCSP (in review),958068,383928-1,"Fragm.","1: 114","","1859"
kew-2830700,A,Goodeniaceae,,Goodenia,,"radicans",,"","(Cav.) Pers.",Unresolved,,L,WCSP (in review),958070,383929-1,"Syn. Pl.","1: 195","","1805"
kew-2830701,A,Goodeniaceae,,Goodenia,,"ramelii",,"","F.Muell.",Accepted,,M,WCSP (in review),958071,383930-1,"Fragm.","3: 20","","1862"
tro-100356206,A,Goodeniaceae,,Goodenia,,"ramossima",,"","Sm.",Unresolved,,L,TRO,100356206,,"Spec. Bot. New Holland","1: , t. 5","","1793"
kew-2830703,A,Goodeniaceae,,Goodenia,,"redacta",,"","Carolin",Accepted,,M,WCSP (in review),958073,939329-1,"Telopea","3: 551","","1990"
kew-2830704,A,Goodeniaceae,,Goodenia,,"repens",,"","Labill.",Unresolved,,L,WCSP (in review),958074,383932-1,"Nov. Holl. Pl.","1: 53","","1805"
kew-2830706,A,Goodeniaceae,,Goodenia,,"robusta",,"","(Benth.) K.Krause",Accepted,,M,WCSP (in review),958076,,"Pflanzenr.","IV, 277: 53","","1912"
kew-2830707,A,Goodeniaceae,,Goodenia,,"rostrivalvis",,"","Domin",Accepted,,M,WCSP (in review),958077,383935-1,"Biblioth. Bot.","89: 639","","1929"
kew-2830709,A,Goodeniaceae,,Goodenia,,"rotundifolia",,"","R.Br.",Accepted,,M,WCSP (in review),958079,383937-1,"Prodr. Fl. Nov. Holl.","576","","1810"
kew-2830714,A,Goodeniaceae,,Goodenia,,"rupestris",,"","Carolin",Accepted,,M,WCSP (in review),958084,383938-1,"Telopea","2: 64","","1980"
kew-2830715,A,Goodeniaceae,,Goodenia,,"saccata",,"","Carolin",Accepted,,M,WCSP (in review),958085,931202-1,"in Fl. S. Austral.","3: 1403","","1986"
kew-2607252,A,Goodeniaceae,,Goodenia,,"salina",,"","L.W.Sage & K.A.Sheph.",Accepted,,M,WCSP (in review),740276,77090753-1,"Nuytsia","17: 340","","2007"
kew-2830716,A,Goodeniaceae,,Goodenia,,"salmoniana",,"","(F.Muell.) Carolin",Accepted,,L,WCSP (in review),958086,947769-1,"Telopea","3: 550","","1990"
kew-2830717,A,Goodeniaceae,,Goodenia,,"scaevolina",,"","F.Muell.",Accepted,,M,WCSP (in review),958087,383939-1,"Fragm.","1: 118","","1859"
kew-2830718,A,Goodeniaceae,,Goodenia,,"scapigera",,"","R.Br.",Accepted,,M,WCSP (in review),958088,383940-1,"Prodr. Fl. Nov. Holl.","578","","1810"
kew-2830722,A,Goodeniaceae,,Goodenia,,"schwerinensis",,"","Carolin",Accepted,,M,WCSP (in review),958092,383942-1,"Telopea","2: 66","","1980"
kew-2830724,A,Goodeniaceae,,Goodenia,,"sepalosa",,"","F.Muell. ex Benth.",Accepted,,M,WCSP (in review),958094,383944-1,"Fl. Austral.","4: 72","","1868"
kew-2830727,A,Goodeniaceae,,Goodenia,,"sericostachya",,"","C.A.Gardner",Accepted,,M,WCSP (in review),958097,383945-1,"J. Roy. Soc. Western Australia","47: 63","","1964"
kew-2830731,A,Goodeniaceae,,Goodenia,,"splendida",,"","A.E.Holland & T.P.Boyle",Accepted,,M,WCSP (in review),958101,20008307-1,"Austrobaileya","6: 254","","2002"
kew-2830734,A,Goodeniaceae,,Goodenia,,"stellata",,"","Carolin",Accepted,,M,WCSP (in review),958104,383951-1,"Telopea","2: 72","","1980"
kew-2830735,A,Goodeniaceae,,Goodenia,,"stelligera",,"","R.Br.",Accepted,,M,WCSP (in review),958105,383952-1,"Prodr. Fl. Nov. Holl.","575","","1810"
kew-2830738,A,Goodeniaceae,,Goodenia,,"stenophylla",,"","F.Muell.",Accepted,,M,WCSP (in review),958108,383953-1,"Fragm.","1: 113","","1859"
kew-2830739,A,Goodeniaceae,,Goodenia,,"stephensonii",,"","F.Muell.",Accepted,,M,WCSP (in review),958109,383954-1,"Victoria Naturalist","3: 138","","1887"
kew-2830740,A,Goodeniaceae,,Goodenia,,"stirlingii",,"","F.M.Bailey",Accepted,,M,WCSP (in review),958110,383955-1,"Queensland Agric. J.","15: 492","","1904"
kew-2830741,A,Goodeniaceae,,Goodenia,,"stobbsiana",,"","F.Muell.",Accepted,,M,WCSP (in review),958111,383956-1,"Fragm.","11: 49","","1878"
kew-2830742,A,Goodeniaceae,,Goodenia,,"stolonifera",,"","de Vriese",Unresolved,,L,WCSP (in review),958112,383957-1,"Verh. Holl. Maatsch. Weetensch. Haarlem","10: 135","","1854"
kew-2830743,A,Goodeniaceae,,Goodenia,,"strangfordii",,"","F.Muell.",Accepted,,M,WCSP (in review),958113,383958-1,"Fragm.","6: 11","","1867"
kew-2830749,A,Goodeniaceae,,Goodenia,,"subauriculata",,"","C.T.White",Accepted,,M,WCSP (in review),958119,383962-1,"Proc. Roy. Soc. Queensland","57: 33","","1947"
kew-2830751,A,Goodeniaceae,,Goodenia,,"suffrutescens",,"","Carolin",Accepted,,M,WCSP (in review),958121,383964-1,"Telopea","2: 67","","1980"
kew-2830752,A,Goodeniaceae,,Goodenia,,"symonii",,"","(Carolin) Carolin",Accepted,,M,WCSP (in review),958122,947779-1,"Telopea","3: 565","","1990"
kew-2830757,A,Goodeniaceae,,Goodenia,,"tenuiloba",,"","F.Muell.",Accepted,,M,WCSP (in review),958127,383969-1,"S. Sci. Rec.","n.s., 1: 25","","1885"
kew-2830760,A,Goodeniaceae,,Goodenia,,"trichophylla",,"","de Vriese ex Benth.",Accepted,,M,WCSP (in review),958130,383972-1,"Fl. Austral.","4: 67","","1868"
kew-2830761,A,Goodeniaceae,,Goodenia,,"triodiophila",,"","Carolin",Accepted,,M,WCSP (in review),958131,383973-1,"Telopea","2: 72","","1980"
kew-2830762,A,Goodeniaceae,,Goodenia,,"tripartita",,"","Carolin",Accepted,,M,WCSP (in review),958132,939313-1,"Telopea","3: 530","","1990"
kew-2607253,A,Goodeniaceae,,Goodenia,,"turleyae",,"","L.W.Sage & K.A.Sheph.",Accepted,,M,WCSP (in review),740277,77090754-1,"Nuytsia","17: 343","","2007"
kew-2830764,A,Goodeniaceae,,Goodenia,,"varia",,"","R.Br.",Accepted,,M,WCSP (in review),958134,383975-1,"Prodr. Fl. Nov. Holl.","576","","1810"
kew-2830765,A,Goodeniaceae,,Goodenia,,"vernicosa",,"","J.M.Black",Accepted,,M,WCSP (in review),958135,383976-1,"Trans. & Proc. Roy. Soc. South Australia","43: 41","","1919"
kew-2830766,A,Goodeniaceae,,Goodenia,,"vilmoriniae",,"","F.Muell.",Accepted,,M,WCSP (in review),958136,383977-1,"Fragm.","3: 19","","1862"
kew-2830767,A,Goodeniaceae,,Goodenia,,"virgata",,"","Carolin",Accepted,,M,WCSP (in review),958137,383978-1,"Telopea","2: 71","","1980"
kew-2830768,A,Goodeniaceae,,Goodenia,,"viridula",,"","Carolin",Accepted,,M,WCSP (in review),958138,939309-1,"Telopea","3: 525","","1990"
kew-2830769,A,Goodeniaceae,,Goodenia,,"viscida",,"","R.Br.",Accepted,,M,WCSP (in review),958139,383979-1,"Prodr. Fl. Nov. Holl.","578","","1810"
kew-2830770,A,Goodeniaceae,,Goodenia,,"viscidula",,"","Carolin",Accepted,,M,WCSP (in review),958140,939317-1,"Telopea","3: 535","","1990"
kew-2830771,A,Goodeniaceae,,Goodenia,,"watsonii",,"","F.Muell. & Tate",Accepted,,M,WCSP (in review),958141,383980-1,"Bot. Centralbl.","53: 268","","1893"
kew-2830773,A,Goodeniaceae,,Goodenia,,"willisiana",,"","Carolin",Accepted,,M,WCSP (in review),958143,939314-1,"Telopea","3: 531","","1990"
kew-2830774,A,Goodeniaceae,,Goodenia,,"wilunensis",,"","Carolin",Accepted,,M,WCSP (in review),958144,383981-1,"Telopea","2: 65","","1980"
kew-2830775,A,Goodeniaceae,,Goodenia,,"xanthosperma",,"","F.Muell.",Accepted,,M,WCSP (in review),958145,383982-1,"Fragm.","10: 12","","1876"
kew-2830776,A,Goodeniaceae,,Goodenia,,"xanthotricha",,"","de Vriese",Accepted,,M,WCSP (in review),958146,383983-1,"Verh. Holl. Maatsch. Weetensch. Haarlem","10: 155","","1854"
tro-50045326,A,Goodeniaceae,,Lechenaultia,,"acutiloba",,"","Benth.",Accepted,,M,TRO,50045326,,"Fl. Austral.","4: 41","41","1868"
tro-50045299,A,Goodeniaceae,,Lechenaultia,,"aphylla",,"","D.A. Morrison",Accepted,,M,TRO,50045299,,"Fl. Australia","35: 332","332","1992"
tro-50045284,A,Goodeniaceae,,Lechenaultia,,"biloba",,"","Lindl.",Accepted,,M,TRO,50045284,,"Sketch Veg. Swan R.","27","27","1839"
tro-50045304,A,Goodeniaceae,,Lechenaultia,,"brevifolia",,"","D.A. Morrison",Accepted,,M,TRO,50045304,931687-1,"Brunonia","9: 18","18","1987"
tro-50045333,A,Goodeniaceae,,Lechenaultia,,"chlorantha",,"","F. Muell.",Accepted,,M,TRO,50045333,,"Fragm.","2: 20","20","1860"
tro-50045298,A,Goodeniaceae,,Lechenaultia,,"divaricata",,"","F. Muell.",Accepted,,M,TRO,50045298,,"Fragm.","3: 33","33","1862"
tro-14600048,A,Goodeniaceae,,Lechenaultia,,"expansa",,"","R. Br.",Accepted,,M,TRO,14600048,,"Prodr.","581","581","1810"
tro-50045307,A,Goodeniaceae,,Lechenaultia,,"filiformis",,"","R. Br.",Accepted,,M,TRO,50045307,,"Prodr.","581","581","1810"
tro-14600055,A,Goodeniaceae,,Lechenaultia,,"floribunda",,"","Benth.",Accepted,,M,TRO,14600055,,"Enum. Pl.","70","70","1837"
tro-50045336,A,Goodeniaceae,,Lechenaultia,,"formosa",,"","R. Br.",Accepted,,M,TRO,50045336,,"Prodr.","581","581","1810"
tro-50045300,A,Goodeniaceae,,Lechenaultia,,"heteromera",,"","Benth.",Accepted,,M,TRO,50045300,,"Fl. Austral.","4: 43","43","1868"
tro-50045321,A,Goodeniaceae,,Lechenaultia,,"hirsuta",,"","F. Muell.",Accepted,,M,TRO,50045321,,"Fragm.","6: 9","9","1867"
tro-50045305,A,Goodeniaceae,,Lechenaultia,,"juncea",,"","E. Pritz.",Accepted,,M,TRO,50045305,,"Bot. Jahrb. Syst.","35: 553","553","1905"
tro-50045317,A,Goodeniaceae,,Lechenaultia,,"laricina",,"","Lindl.",Accepted,,M,TRO,50045317,,"Sketch Veg. Swan R.","27","27","1839"
tro-14600053,A,Goodeniaceae,,Lechenaultia,,"linarioides",,"","DC.",Accepted,,M,TRO,14600053,,"Prodr.","7(2): 519","519","1839"
tro-50045323,A,Goodeniaceae,,Lechenaultia,,"longiloba",,"","F. Muell.",Accepted,,M,TRO,50045323,,"Fragm.","6: 10","10","1867"
tro-50045301,A,Goodeniaceae,,Lechenaultia,,"lutescens",,"","D.A. Morrison & Carolin",Accepted,,M,TRO,50045301,931686-1,"Brunonia","9: 15","15","1987"
tro-50045324,A,Goodeniaceae,,Lechenaultia,,"macrantha",,"","K. Krause",Accepted,,M,TRO,50045324,,"Pflanzenr.","54: 100","100","1912"
tro-50045311,A,Goodeniaceae,,Lechenaultia,,"ovata",,"","D.A. Morrison",Accepted,,M,TRO,50045311,935297-1,"Telopea","3: 164","164","1988"
tro-50045296,A,Goodeniaceae,,Lechenaultia,,"papillata",,"","D.A. Morrison",Accepted,,M,TRO,50045296,931685-1,"Brunonia","9: 12","12","1987"
tro-50045291,A,Goodeniaceae,,Lechenaultia,,"pulvinaris",,"","C.A. Gardner",Accepted,,M,TRO,50045291,,"J. Roy. Soc. Western Australia","47: 63","63","1964"
tro-50045287,A,Goodeniaceae,,Lechenaultia,,"stenosepala",,"","E. Pritz.",Accepted,,M,TRO,50045287,,"Bot. Jahrb. Syst.","35: 552","552","1905"
tro-50045302,A,Goodeniaceae,,Lechenaultia,,"striata",,"","F. Muell.",Accepted,,M,TRO,50045302,,"Fragm.","8: 245","245","1874"
tro-50045297,A,Goodeniaceae,,Lechenaultia,,"subcymosa",,"","C.A. Gardner & A.S. George",Accepted,,M,TRO,50045297,,"J. Roy. Soc. Western Australia","46: 134","134","1963"
tro-50045320,A,Goodeniaceae,,Lechenaultia,,"superba",,"","F. Muell.",Accepted,,M,TRO,50045320,,"Fragm.","6: 10","10","1867"
tro-14600051,A,Goodeniaceae,,Lechenaultia,,"tubiflora",,"","R. Br.",Accepted,,M,TRO,14600051,,"Prodr.","581","581","1810"
kew-2348948,A,Goodeniaceae,,Leschenaultia,,"baxteri",,"","G.Don",Unresolved,,L,WCSP (in review),488466,383989-1,"Hort. Brit.","79","","1830"
kew-2348932,A,Goodeniaceae,,Leschenaultia,,"expansa",,"","de Vriese",Unresolved,,L,WCSP (in review),488450,383996-1,"Goodenoviae","184","","1854"
kew-2604788,A,Goodeniaceae,,Leschenaultia,,"galactites",,"","L.W.Sage",Unresolved,,L,WCSP (in review),737951,,"Nuytsia","16: 158","","2006"
kew-2348937,A,Goodeniaceae,,Leschenaultia,,"grandiflora",,"","DC.",Unresolved,,L,WCSP (in review),488455,384001-1,"Prodr.","7: 519","","1839"
kew-2604789,A,Goodeniaceae,,Leschenaultia,,"hortii",,"","L.W.Sage",Unresolved,,L,WCSP (in review),737952,,"Nuytsia","16: 161","","2006"
kew-2348850,A,Goodeniaceae,,Leschenaultia,,"linioides",,"","DC.",Unresolved,,L,WCSP (in review),488370,384009-1,"Prodr.","7: 519","","1839"
kew-2604790,A,Goodeniaceae,,Leschenaultia,,"magnifica",,"","L.W.Sage",Unresolved,,L,WCSP (in review),737953,,"Nuytsia","16: 163","","2006"
kew-2348862,A,Goodeniaceae,,Leschenaultia,,"multiflora",,"","Lodd.",Unresolved,,L,WCSP (in review),488382,,"Bot. Cab.","15: t. 1579","","1830"
kew-2348855,A,Goodeniaceae,,Leschenaultia,,"stricta",,"","F.Muell.",Unresolved,,L,WCSP (in review),488375,384021-1,"Fragm.","8: 245","","1874"
kew-2377479,A,Goodeniaceae,,Merkusia,,"anchusifolia",,"","(Benth.) de Vriese",Unresolved,,L,WCSP (in review),516370,384094-1,"Ned. Kruidk. Arch.","2(1): 165","","1851"
kew-2366817,A,Goodeniaceae,,Merkusia,,"myrtifolia",,"","de Vriese",Unresolved,,L,WCSP (in review),506097,384116-1,"Verh. Holl. Maatsch Weetensch. Haarlem","10: 72","","1854"
kew-2366829,A,Goodeniaceae,,Molkenboeria,,"microphylla",,"","de Vriese",Unresolved,,L,WCSP (in review),506109,384127-1,"Verh. Holl. Maatsch Weetensch. Haarlem","10: 44","","1854"
tro-100356214,A,Goodeniaceae,,Neogoodenia,,"multiflora",,"","C.A. Gardner & George",Unresolved,,L,TRO,100356214,,"J. & Proc. Roy. Soc. Western Australia","46: 138","138","1963"
tro-100356208,A,Goodeniaceae,,Pentaptilon,,"careyi",,"","(F. Muell.) E. Pritz.",Accepted,,L,TRO,100356208,,"Bot. Jahrb. Syst.","35: 564","564","1904"
kew-2533908,A,Goodeniaceae,,Pogonetes,,"spinescens",,"","Lindl.",Unresolved,,L,WCSP (in review),669834,384137-1,"Intr. Nat. Syst. Bot.","ed. 2: 443","","1836"
kew-2589497,A,Goodeniaceae,,Scaevola,,"acacioides",,"","Carolin",Unresolved,,L,WCSP (in review),723020,939296-1,"Telopea","3: 491","","1990"
kew-2589507,A,Goodeniaceae,,Scaevola,,"acuminatissima",,"","Merr.",Unresolved,,L,WCSP (in review),723030,384139-1,"Philipp. J. Sci., C","5: 249","","1910"
kew-2589508,A,Goodeniaceae,,Scaevola,,"aemula",,"","R.Br.",Unresolved,,L,WCSP (in review),723031,384140-1,"Prodr. Fl. Nov. Holl.","584","","1810"
kew-2589509,A,Goodeniaceae,,Scaevola,,"albida",,"","(Sm.) Druce",Unresolved,,L,WCSP (in review),723032,384141-1,"Rep. Bot. Soc. Exch. Club Brit. Isles","1916: 644","","1917"
kew-2589511,A,Goodeniaceae,,Scaevola,,"amblyanthera",,"","F.Muell.",Unresolved,,L,WCSP (in review),723034,384142-1,"Fragm.","1: 121","","1859"
kew-2589506,A,Goodeniaceae,,Scaevola,,"amboinensis",,"","Miq.",Unresolved,,L,WCSP (in review),723029,384143-1,"Ann. Mus. Bot. Lugduno-Batavi","1: 210","","1864"
kew-2589482,A,Goodeniaceae,,Scaevola,,"angulata",,"","R.Br.",Unresolved,,L,WCSP (in review),723005,384145-1,"Prodr. Fl. Nov. Holl.","586","","1810"
kew-2589483,A,Goodeniaceae,,Scaevola,,"angustata",,"","Carolin",Unresolved,,L,WCSP (in review),723006,931203-1,"in Fl. S. Australia","3: 1410","","1986"
kew-2589484,A,Goodeniaceae,,Scaevola,,"angustifolia",,"","Guillaumin",Unresolved,,L,WCSP (in review),723007,384146-1,"Bull. Mus. Natl. Hist. Nat.","II, 21: 119","","1949"
kew-2589485,A,Goodeniaceae,,Scaevola,,"apterantha",,"","F.Muell.",Unresolved,,L,WCSP (in review),723008,384147-1,"Fragm.","1: 121","","1859"
kew-2589486,A,Goodeniaceae,,Scaevola,,"archeriana",,"","L.W.Sage",Unresolved,,L,WCSP (in review),723009,77065818-1,"Telopea","10: 777","","2004"
kew-2589496,A,Goodeniaceae,,Scaevola,,"arenaria",,"","E.Pritz.",Unresolved,,L,WCSP (in review),723019,384148-1,"Bot. Jahrb. Syst.","35: 572","","1905"
kew-2589488,A,Goodeniaceae,,Scaevola,,"argentea",,"","Carolin",Unresolved,,L,WCSP (in review),723011,961548-1,"in Fl. Australia","35: 333","","1992"
kew-2589481,A,Goodeniaceae,,Scaevola,,"atriplicina",,"","F.Muell.",Unresolved,,L,WCSP (in review),723004,384149-1,"Fragm.","2: 18","","1860"
kew-2589491,A,Goodeniaceae,,Scaevola,,"auriculata",,"","Benth.",Unresolved,,L,WCSP (in review),723014,384151-1,"Fl. Austral.","4: 99","","1868"
kew-2589492,A,Goodeniaceae,,Scaevola,,"balansae",,"","Guillaumin",Unresolved,,L,WCSP (in review),723015,384152-1,"Notul. Syst. (Paris)","3: 50","","1914"
kew-2589493,A,Goodeniaceae,,Scaevola,,"ballajupensis",,"","L.W.Sage",Unresolved,,L,WCSP (in review),723016,20010592-1,"Nuytsia","15: 123","","2002"
kew-2589494,A,Goodeniaceae,,Scaevola,,"basedowii",,"","Carolin",Unresolved,,L,WCSP (in review),723017,384153-1,"Telopea","2: 73","","1980"
kew-2589495,A,Goodeniaceae,,Scaevola,,"beckii",,"","Zahlbr.",Unresolved,,L,WCSP (in review),723018,384154-1,"Ann. K. K. Naturhist. Hofmus.","3: 281","","1888"
kew-2589515,A,Goodeniaceae,,Scaevola,,"bela-modagani",,"","Schult.",Unresolved,,L,WCSP (in review),723038,384155-1,"Syst. Veg.","5: 163","","1819"
kew-2589538,A,Goodeniaceae,,Scaevola,,"benthamea",,"","de Vriese",Unresolved,,L,WCSP (in review),723061,384156-1,"Pl. Preiss.","1: 411","","1845"
kew-2589512,A,Goodeniaceae,,Scaevola,,"billardierei",,"","D.Dietr.",Unresolved,,L,WCSP (in review),723035,384157-1,"Syn. Pl.","1: 786","","1839"
kew-2589531,A,Goodeniaceae,,Scaevola,×,"blinii",,"","H.Lév.",Unresolved,,L,WCSP (in review),723054,384158-1,"Repert. Spec. Nov. Regni Veg.","10: 150","","1911"
kew-2589532,A,Goodeniaceae,,Scaevola,,"brookeana",,"","F.Muell.",Unresolved,,L,WCSP (in review),723055,384159-1,"Victoria Naturalist","1: 122","","1884"
kew-2589533,A,Goodeniaceae,,Scaevola,,"browniana",,"","Carolin",Unresolved,,L,WCSP (in review),723056,939300-1,"Telopea","3: 498","","1990"
kew-2589535,A,Goodeniaceae,,Scaevola,,"bursariifolia",,"","J.M.Black",Unresolved,,L,WCSP (in review),723058,384160-1,"Trans. & Proc. Roy. Soc. South Australia","51: 385","","1927"
kew-2589545,A,Goodeniaceae,,Scaevola,,"caespitosa",,"","R.Br.",Unresolved,,L,WCSP (in review),723068,384161-1,"Prodr. Fl. Nov. Holl.","585","","1810"
kew-2589537,A,Goodeniaceae,,Scaevola,,"calendulacea",,"","Druce",Unresolved,,L,WCSP (in review),723060,384162-1,"Rep. Bot. Soc. Exch. Club Brit. Isles","1916: 644","","1917"
kew-2589529,A,Goodeniaceae,,Scaevola,,"calliptera",,"","Benth.",Unresolved,,L,WCSP (in review),723052,384163-1,"Enum. Pl. Hügel","70","","1837"
kew-2589539,A,Goodeniaceae,,Scaevola,,"candollei",,"","de Vriese",Unresolved,,L,WCSP (in review),723062,384164-1,"Pl. Preiss.","1: 405","","1845"
kew-2589540,A,Goodeniaceae,,Scaevola,,"canescens",,"","Benth.",Unresolved,,L,WCSP (in review),723063,384165-1,"Enum. Pl. Hügel","69","","1837"
tro-14600021,A,Goodeniaceae,,Scaevola,,"cerasifolia",,"","Skottsb.",Accepted,,M,TRO,14600021,,"","","",""
tro-14600022,A,Goodeniaceae,,Scaevola,,"chamissoniana",,"","Gaudich.",Accepted,,M,TRO,14600022,,"","","",""
kew-2589543,A,Goodeniaceae,,Scaevola,,"chanii",,"","K.M.Wong",Unresolved,,L,WCSP (in review),723066,975772-1,"Sandakania","3: 12","","1993"
kew-2589522,A,Goodeniaceae,,Scaevola,,"chrysopogon",,"","Carolin",Unresolved,,L,WCSP (in review),723045,939298-1,"Telopea","3: 494","","1990"
kew-2589520,A,Goodeniaceae,,Scaevola,,"ciliata",,"","G.Don",Unresolved,,L,WCSP (in review),723043,384169-1,"Gen. Hist.","3: 728","","1834"
kew-2589516,A,Goodeniaceae,,Scaevola,,"coccinea",,"","Däniker",Unresolved,,L,WCSP (in review),723039,384171-1,"Vierteljahrsschr. Naturf. Ges. Zürich","78(Beibl.): 19, 78","","1933"
kew-2589517,A,Goodeniaceae,,Scaevola,,"collaris",,"","F.Muell.",Unresolved,,L,WCSP (in review),723040,384172-1,"Rep. Pl. Babbage's Exped.","15","","1859"
kew-2589518,A,Goodeniaceae,,Scaevola,,"collina",,"","J.M.Black ex E.L.Robertson",Unresolved,,L,WCSP (in review),723041,384174-1,"Fl. S. Austral.","ed. 2: 946","","1957"
tro-14600028,A,Goodeniaceae,,Scaevola,,"coriacea",,"","Nutt.",Accepted,,M,TRO,14600028,384175-1,"Trans. Amer. Philos. Soc., n.s.,","8: 253","253","1843"
kew-2589528,A,Goodeniaceae,,Scaevola,,"corsoniana",,"","G.Don",Unresolved,,L,WCSP (in review),723051,384176-1,"Gard. Mag. & Reg. Rural Domest. Improv.","18: 370","","1842"
kew-2589521,A,Goodeniaceae,,Scaevola,,"crassifolia",,"","Labill.",Unresolved,,L,WCSP (in review),723044,384177-1,"Nov. Holl. Pl.","1: 56","","1805"
kew-2589514,A,Goodeniaceae,,Scaevola,,"cumana",,"","de Vriese",Unresolved,,L,WCSP (in review),723037,384178-1,"Verh. Holl. Maatsch Weetensch. Haarlem","10: 35","","1854"
kew-2589523,A,Goodeniaceae,,Scaevola,,"cuneiformis",,"","Labill.",Unresolved,,L,WCSP (in review),723046,384179-1,"Nov. Holl. Pl.","1: 56","","1805"
kew-2589524,A,Goodeniaceae,,Scaevola,,"cunninghamii",,"","DC.",Unresolved,,L,WCSP (in review),723047,384181-1,"Prodr.","7: 508","","1839"
kew-2589525,A,Goodeniaceae,,Scaevola,,"cylindrica",,"","Schltr. & K.Krause",Unresolved,,L,WCSP (in review),723048,,"Pflanzenr.","IV, 277: 129","","1912"
kew-2589526,A,Goodeniaceae,,Scaevola,,"cylindrocarpa",,"","Hillebr.",Unresolved,,L,WCSP (in review),723049,384183-1,"Fl. Hawaiian Isl.","268","","1888"
kew-2589479,A,Goodeniaceae,,Scaevola,,"dajoensis",,"","Merr.",Unresolved,,L,WCSP (in review),723002,384184-1,"Philipp. J. Sci., C","2: 427","","1907"
kew-2589530,A,Goodeniaceae,,Scaevola,,"daleana",,"","Blakely",Unresolved,,L,WCSP (in review),723053,384185-1,"Austral. Naturalist","11: 11","","1941"
kew-2589487,A,Goodeniaceae,,Scaevola,,"decipiens",,"","W.Fitzg.",Unresolved,,L,WCSP (in review),723010,384186-1,"J. Proc. Roy. Soc. Western Australia","3: 216","","1918"
kew-2589432,A,Goodeniaceae,,Scaevola,,"decurrens",,"","W.Fitzg.",Unresolved,,L,WCSP (in review),722955,384187-1,"J. West Austral. Nat. Hist. Soc.","1: 26","","1904"
kew-2589433,A,Goodeniaceae,,Scaevola,,"densevestita",,"","Domin",Unresolved,,L,WCSP (in review),722956,384188-1,"Biblioth. Bot.","89: 646","","1929"
kew-2589434,A,Goodeniaceae,,Scaevola,,"densifolia",,"","Carolin",Unresolved,,L,WCSP (in review),722957,939305-1,"Telopea","3: 505","","1990"
kew-2589435,A,Goodeniaceae,,Scaevola,,"depauperata",,"","R.Br.",Unresolved,,L,WCSP (in review),722958,,"Narr. Exped. C. Australia","2(App.): 83","","1849"
kew-2589436,A,Goodeniaceae,,Scaevola,,"depressa",,"","de Vriese",Unresolved,,L,WCSP (in review),722959,384190-1,"Pl. Preiss.","1: 410","","1845"
kew-2589437,A,Goodeniaceae,,Scaevola,,"dielliana",,"","Gaudich. ex K.Krause",Unresolved,,L,WCSP (in review),722960,,"Pflanzenr.","IV, 277: 124","","1912"
kew-2589447,A,Goodeniaceae,,Scaevola,,"dielsii",,"","E.Pritz.",Unresolved,,L,WCSP (in review),722970,384192-1,"Bot. Jahrb. Syst.","35: 571","","1905"
kew-2589439,A,Goodeniaceae,,Scaevola,,"drummondi",,"","DC.",Unresolved,,L,WCSP (in review),722962,384193-1,"Prodr.","7: 508","","1839"
kew-2589431,A,Goodeniaceae,,Scaevola,,"enantophylla",,"","F.Muell.",Unresolved,,L,WCSP (in review),722954,384194-1,"Fragm.","8: 58","","1873"
kew-2589441,A,Goodeniaceae,,Scaevola,,"eneabba",,"","Carolin",Unresolved,,L,WCSP (in review),722964,939301-1,"Telopea","3: 500","","1990"
kew-2589442,A,Goodeniaceae,,Scaevola,,"erosa",,"","Guillaumin ex I.H.Müll.",Unresolved,,L,WCSP (in review),722965,939156-1,"in Fl. Nouv.-Caléd.","16: 114","","1990"
kew-2589443,A,Goodeniaceae,,Scaevola,,"erosa",,"","Guillaumin",Unresolved,,L,WCSP (in review),722966,384195-1,"Mém. Mus. Natl. Hist. Nat., B, Bot.","8: 157","","1959"
kew-2589445,A,Goodeniaceae,,Scaevola,,"fastigiata",,"","de Vriese",Unresolved,,L,WCSP (in review),722968,384197-1,"Pl. Preiss.","1: 406","","1845"
kew-2589423,A,Goodeniaceae,,Scaevola,,"fauriei",,"","H.Lév.",Unresolved,,L,WCSP (in review),722946,384198-1,"Repert. Spec. Nov. Regni Veg.","10: 150","","1911"
kew-2589440,A,Goodeniaceae,,Scaevola,,"flaccida",,"","de Vriese",Unresolved,,L,WCSP (in review),722963,384199-1,"Pl. Preiss.","1: 407","","1845"
kew-2589438,A,Goodeniaceae,,Scaevola,,"floribunda",,"","A.Gray",Unresolved,,L,WCSP (in review),722961,384200-1,"Proc. Amer. Acad. Arts","5: 152","","1861"
kew-2589416,A,Goodeniaceae,,Scaevola,,"forbesii",,"","K.Krause",Unresolved,,L,WCSP (in review),722939,,"Pflanzenr.","IV, 277: 133","","1912"
kew-2589417,A,Goodeniaceae,,Scaevola,,"frutescens",,"","K.Krause",Unresolved,,L,WCSP (in review),722940,,"Pflanzenr.","IV, 277: 125","","1912"
tro-50046313,A,Goodeniaceae,,Scaevola,,"frutescens",var.,"koenigii","(Vahl) Domin",Unresolved,,L,TRO,50046313,,"Biblioth. Bot.","89: 646","646","1929"
tro-14600029,A,Goodeniaceae,,Scaevola,,"gaudichaudiana",,"","Cham.",Accepted,,M,TRO,14600029,,"","","",""
tro-14600033,A,Goodeniaceae,,Scaevola,,"gaudichaudii",,"","Hook. & Arn.",Accepted,,M,TRO,14600033,,"","","",""
tro-14600034,A,Goodeniaceae,,Scaevola,,"glabra",,"","Hook. & Arn.",Accepted,,M,TRO,14600034,,"","","",""
kew-2589415,A,Goodeniaceae,,Scaevola,,"glabrata",,"","Carolin",Unresolved,,L,WCSP (in review),722938,940890-1,"in Fl. S. Australia","3: 1412","","1986"
kew-2589424,A,Goodeniaceae,,Scaevola,,"glandulifera",,"","DC.",Unresolved,,L,WCSP (in review),722947,384207-1,"Prodr.","7: 510","","1839"
kew-2589425,A,Goodeniaceae,,Scaevola,,"glaucescens",,"","de Vriese",Unresolved,,L,WCSP (in review),722948,384208-1,"Pl. Preiss.","1: 410","","1845"
kew-2589426,A,Goodeniaceae,,Scaevola,,"globosa",,"","(Carolin) Carolin",Unresolved,,L,WCSP (in review),722949,947765-1,"Telopea","3: 504","","1990"
kew-2589427,A,Goodeniaceae,,Scaevola,,"globulifera",,"","Labill.",Unresolved,,L,WCSP (in review),722950,384209-1,"Nov. Holl. Pl.","1: 55","","1805"
kew-2589428,A,Goodeniaceae,,Scaevola,,"glutinosa",,"","Carolin",Unresolved,,L,WCSP (in review),722951,939304-1,"Telopea","3: 504","","1990"
kew-2589421,A,Goodeniaceae,,Scaevola,,"gracilis",,"","Hook.f.",Unresolved,,L,WCSP (in review),722944,384211-1,"J. Proc. Linn. Soc., Bot.","1: 129","","1857"
kew-2589446,A,Goodeniaceae,,Scaevola,,"graminea",,"","Ewart & A.H.K.Petrie",Unresolved,,L,WCSP (in review),722969,,"Proc. Roy. Soc. Victoria","n.s., 38: 181","","1926"
tro-14600058,A,Goodeniaceae,,Scaevola,,"hainanensis",,"","Hance",Accepted,,M,TRO,14600058,384215-1,"J. Bot.","16(188): 229","229","1878"
kew-2589468,A,Goodeniaceae,,Scaevola,,"hamiltonii",,"","K.Krause",Unresolved,,L,WCSP (in review),722991,,"Pflanzenr.","IV, 277: 153","","1912"
kew-2589470,A,Goodeniaceae,,Scaevola,,"hispida",,"","Cav.",Unresolved,,L,WCSP (in review),722993,384218-1,"Icon.","6: 7","","1800"
kew-2589480,A,Goodeniaceae,,Scaevola,,"hobdyi",,"","W.L.Wagner",Unresolved,,L,WCSP (in review),723003,989693-1,"Novon","6: 225","","1996"
kew-2589472,A,Goodeniaceae,,Scaevola,,"holosericea",,"","de Vriese",Unresolved,,L,WCSP (in review),722995,384219-1,"Pl. Preiss.","1: 408","","1845"
kew-2589464,A,Goodeniaceae,,Scaevola,,"hookeri",,"","F.Muell. ex Hook.f.",Unresolved,,L,WCSP (in review),722987,384220-1,"Fl. Tasman.","1: 231","","1856"
kew-2589474,A,Goodeniaceae,,Scaevola,,"humifusa",,"","de Vriese",Unresolved,,L,WCSP (in review),722997,384221-1,"Pl. Preiss.","1: 410","","1845"
kew-2589475,A,Goodeniaceae,,Scaevola,,"humilis",,"","R.Br.",Unresolved,,L,WCSP (in review),722998,384222-1,"Prodr. Fl. Nov. Holl.","585","","1810"
kew-2589476,A,Goodeniaceae,,Scaevola,,"indigofera",,"","Schltr.",Unresolved,,L,WCSP (in review),722999,384223-1,"Bot. Jahrb. Syst.","39: 271","","1906"
kew-2589478,A,Goodeniaceae,,Scaevola,,"kahanae",,"","O.Deg.",Unresolved,,L,WCSP (in review),723001,384225-1,"Fl. Hawaiiensis","340: s.p.","","1933"
kew-2589456,A,Goodeniaceae,,Scaevola,,"kallophylla",,"","G.J.Howell",Unresolved,,L,WCSP (in review),722979,990752-1,"Nuytsia","11: 28","","1996"
tro-14600035,A,Goodeniaceae,,Scaevola,,"kauaiensis",,"","H. St. Joh",Accepted,,M,TRO,14600035,,"","","",""
kew-2589471,A,Goodeniaceae,,Scaevola,,"kilaueae",,"","O.Deg.",Unresolved,,L,WCSP (in review),722994,384227-1,"Fl. Hawaiiensis","340: s.p.","","1933"
kew-2589451,A,Goodeniaceae,,Scaevola,,"laciniata",,"","F.M.Bailey",Unresolved,,L,WCSP (in review),722974,384229-1,"Queensl. Fl.","910","","1900"
kew-2589452,A,Goodeniaceae,,Scaevola,,"laevigata",,"","Pers.",Unresolved,,L,WCSP (in review),722975,384230-1,"Syn. Pl.","1: 195","","1805"
kew-2589463,A,Goodeniaceae,,Scaevola,,"lanceolata",,"","Benth.",Unresolved,,L,WCSP (in review),722986,384232-1,"Enum. Pl. Hügel","69","","1837"
kew-2589455,A,Goodeniaceae,,Scaevola,,"lasiantha",,"","F.Muell.",Unresolved,,L,WCSP (in review),722978,384233-1,"Fragm.","1: 207","","1859"
kew-2589448,A,Goodeniaceae,,Scaevola,,"lativaga",,"","Hance",Unresolved,,L,WCSP (in review),722971,384234-1,"Ann. Bot. Syst.","2: 1054","","1852"
kew-2589457,A,Goodeniaceae,,Scaevola,,"lauterbachiana",,"","K.Krause",Unresolved,,L,WCSP (in review),722980,,"Pflanzenr.","IV, 277: 132","","1912"
kew-2589459,A,Goodeniaceae,,Scaevola,,"ligustrifolia",,"","Nutt.",Unresolved,,L,WCSP (in review),722982,384237-1,"Trans. Amer. Philos. Soc.","n.s., 8: 253","","1843"
kew-2589460,A,Goodeniaceae,,Scaevola,,"linearis",,"","R.Br.",Unresolved,,L,WCSP (in review),722983,384238-1,"Prodr. Fl. Nov. Holl.","586","","1810"
kew-2589171,A,Goodeniaceae,,Scaevola,,"longifolia",,"","de Vriese",Unresolved,,L,WCSP (in review),722695,384242-1,"Pl. Preiss.","1: 410","","1845"
tro-50046321,A,Goodeniaceae,,Scaevola,,"lycoides",,"","DC.",Unresolved,,L,TRO,50046321,384243-1,"Prodr.","7(2): 512","512","1839"
kew-2589173,A,Goodeniaceae,,Scaevola,,"lyratifolia",,"","de Vriese",Unresolved,,L,WCSP (in review),722697,384244-1,"Pl. Preiss.","1: 405","","1845"
kew-2589174,A,Goodeniaceae,,Scaevola,,"mackeeana",,"","Guillaumin",Unresolved,,L,WCSP (in review),722698,384245-1,"Cah. Pacifique","9: 55","","1966"
kew-2589362,A,Goodeniaceae,,Scaevola,,"macrodonta",,"","DC.",Unresolved,,L,WCSP (in review),722885,384248-1,"Prodr.","7: 511","","1839"
kew-2589360,A,Goodeniaceae,,Scaevola,,"macrophylla",,"","(de Vriese) Benth.",Accepted,,M,WCSP (in review),722883,384249-1,"Fl. Austral.","4: 98","","1868"
kew-2589339,A,Goodeniaceae,,Scaevola,,"macropoda",,"","DC.",Unresolved,,L,WCSP (in review),722862,384250-1,"Prodr.","7: 509","","1839"
kew-2589340,A,Goodeniaceae,,Scaevola,,"macropyrena",,"","I.H.Müll.",Unresolved,,L,WCSP (in review),722863,939155-1,"in Fl. Nouv.-Caléd.","16: 116","","1990"
kew-2589341,A,Goodeniaceae,,Scaevola,,"macrostachya",,"","Benth.",Unresolved,,L,WCSP (in review),722864,384251-1,"Fl. Austral.","4: 97","","1868"
kew-2589342,A,Goodeniaceae,,Scaevola,,"maitlandii",,"","F.Muell.",Unresolved,,L,WCSP (in review),722865,384252-1,"Trans. Bot. Soc. Edinburgh","7: 497","","1863"
kew-2589343,A,Goodeniaceae,,Scaevola,,"marquesensis",,"","F.Br.",Unresolved,,L,WCSP (in review),722866,384253-1,"Bernice P. Bishop Mus. Bull.","130: 330","","1935"
kew-2589353,A,Goodeniaceae,,Scaevola,,"membranacea",,"","Benth.",Unresolved,,L,WCSP (in review),722876,384254-1,"Enum. Pl. Hügel","69","","1837"
kew-2589345,A,Goodeniaceae,,Scaevola,,"menziesiana",,"","Cham.",Unresolved,,L,WCSP (in review),722868,384255-1,"Linnaea","8: 227","","1833"
kew-2589338,A,Goodeniaceae,,Scaevola,,"merrilliana",,"","K.Krause",Unresolved,,L,WCSP (in review),722861,,"Pflanzenr.","IV, 277: 131","","1912"
kew-2589347,A,Goodeniaceae,,Scaevola,,"merrillii",,"","Elmer",Unresolved,,L,WCSP (in review),722870,384257-1,"Leafl. Philipp. Bot.","4: 1492","","1912"
kew-2589348,A,Goodeniaceae,,Scaevola,,"micrantha",,"","C.Presl",Unresolved,,L,WCSP (in review),722871,384258-1,"Reliq. Haenk.","2: 58","","1835"
kew-2589349,A,Goodeniaceae,,Scaevola,,"microcarpa",,"","Cav.",Unresolved,,L,WCSP (in review),722872,384259-1,"Icon.","6: 6","","1800"
kew-2589350,A,Goodeniaceae,,Scaevola,,"microphylla",,"","Benth.",Unresolved,,L,WCSP (in review),722873,384260-1,"Fl. Austral.","4: 100","","1868"
kew-2589351,A,Goodeniaceae,,Scaevola,,"minahassae",,"","Koord.",Unresolved,,L,WCSP (in review),722874,384261-1,"Meded. Lands Plantentuin","19: 628","","1898"
kew-2589352,A,Goodeniaceae,,Scaevola,,"mindorensis",,"","Merr.",Unresolved,,L,WCSP (in review),722875,384262-1,"Philipp. J. Sci., C","5: 250","","1910"
kew-2589429,A,Goodeniaceae,,Scaevola,,"mollis",,"","Hook. & Arn.",Unresolved,,L,WCSP (in review),722952,384263-1,"Bot. Beechey Voy.","89","","1832"
kew-2589414,A,Goodeniaceae,,Scaevola,,"montana",,"","Gaudich.",Unresolved,,L,WCSP (in review),722937,384265-1,"Voy. Uranie","460","","1829"
kew-2589527,A,Goodeniaceae,,Scaevola,,"montana",,"","Labill.",Unresolved,,L,WCSP (in review),723050,384264-1,"Sert Austro-Caledon.","41","","1825"
kew-2589499,A,Goodeniaceae,,Scaevola,,"multiflora",,"","Lindl.",Unresolved,,L,WCSP (in review),723022,384266-1,"Sketch Veg. Swan R.","26","","1839"
kew-2589500,A,Goodeniaceae,,Scaevola,,"muluensis",,"","K.M.Wong",Unresolved,,L,WCSP (in review),723023,975773-1,"Sandakania","3: 15","","1993"
kew-2589503,A,Goodeniaceae,,Scaevola,,"neoebudica",,"","Guillaumin",Unresolved,,L,WCSP (in review),723026,384269-1,"Bull. Mus. Natl. Hist. Nat.","II, 9: 292","","1937"
kew-2589513,A,Goodeniaceae,,Scaevola,,"nitida",,"","R.Br.",Accepted,,M,WCSP (in review),723036,384270-1,"Prodr. Fl. Nov. Holl.","584","","1810"
kew-2589505,A,Goodeniaceae,,Scaevola,,"novae-zelandiae",,"","A.Cunn.",Unresolved,,L,WCSP (in review),723028,,"Ann. Nat. Hist.","2: 52","","1839"
kew-2589176,A,Goodeniaceae,,Scaevola,,"novoguineensis",,"","K.Schum.",Unresolved,,L,WCSP (in review),722700,384272-1,"Bot. Jahrb. Syst.","9: 222","","1887"
kew-2589185,A,Goodeniaceae,,Scaevola,,"nubigena",,"","Lauterb.",Unresolved,,L,WCSP (in review),722709,384273-1,"Bot. Jahrb. Syst.","41: 238","","1908"
kew-2589178,A,Goodeniaceae,,Scaevola,,"obovata",,"","Carolin",Unresolved,,L,WCSP (in review),722702,961549-1,"in Fl. Australia","35: 333","","1992"
kew-2589170,A,Goodeniaceae,,Scaevola,,"oldfieldii",,"","F.Muell.",Accepted,,M,WCSP (in review),722694,384274-1,"Fragm.","2: 19","","1860"
kew-2589181,A,Goodeniaceae,,Scaevola,,"oppositifolia",,"","Roxb.",Unresolved,,L,WCSP (in review),722705,,"Fl. Ind.","2: 148","","1824"
kew-2589182,A,Goodeniaceae,,Scaevola,,"ovalifolia",,"","R.Br.",Unresolved,,L,WCSP (in review),722706,384278-1,"Prodr. Fl. Nov. Holl.","584","","1810"
tro-14600008,A,Goodeniaceae,,Scaevola,,"ovata",,"","Sieber ex DC.",Unresolved,,L,TRO,14600008,,"Prodr.","7: 507","507","1839"
kew-2589183,A,Goodeniaceae,,Scaevola,,"oxyclona",,"","F.Muell.",Unresolved,,L,WCSP (in review),722707,384279-1,"Fragm.","10: 58","","1876"
kew-2589162,A,Goodeniaceae,,Scaevola,,"pallida",,"","R.Br.",Unresolved,,L,WCSP (in review),722686,384280-1,"Prodr. Fl. Nov. Holl.","585","","1810"
kew-2589179,A,Goodeniaceae,,Scaevola,,"paludosa",,"","R.Br.",Unresolved,,L,WCSP (in review),722703,384281-1,"Prodr. Fl. Nov. Holl.","586","","1810"
kew-2589155,A,Goodeniaceae,,Scaevola,,"paniculata",,"","Ewart & O.B.Davies",Unresolved,,L,WCSP (in review),722679,384283-1,"Fl. N. Territory","268","","1917"
kew-2589177,A,Goodeniaceae,,Scaevola,,"paniculata",,"","de Vriese",Unresolved,,L,WCSP (in review),722701,384282-1,"Pl. Preiss.","1: 407","","1845"
kew-2589156,A,Goodeniaceae,,Scaevola,,"parvibarbata",,"","Carolin",Unresolved,,L,WCSP (in review),722680,931204-1,"in Fl. S. Australia","3: 1414","","1986"
kew-2589157,A,Goodeniaceae,,Scaevola,,"parviflora",,"","K.Krause",Unresolved,,L,WCSP (in review),722681,,"Pflanzenr.","IV, 277: 147","","1912"
kew-2589158,A,Goodeniaceae,,Scaevola,,"parvifolia",,"","F.Muell. ex Benth.",Unresolved,,L,WCSP (in review),722682,384285-1,"Fl. Austral.","4: 91","","1868"
kew-2589161,A,Goodeniaceae,,Scaevola,,"patens",,"","F.Muell.",Unresolved,,L,WCSP (in review),722685,384286-1,"Fragm.","3: 33","","1862"
kew-2589154,A,Goodeniaceae,,Scaevola,,"pauciflora",,"","Leenh.",Unresolved,,L,WCSP (in review),722678,384287-1,"Nova Guinea","n.s., 8: 175","","1957"
kew-2589163,A,Goodeniaceae,,Scaevola,,"paulayi",,"","Fosberg",Unresolved,,L,WCSP (in review),722687,1004486-1,"Micronesica","23: 3","","1990"
kew-2589164,A,Goodeniaceae,,Scaevola,,"pedunculata",,"","Merr.",Unresolved,,L,WCSP (in review),722688,384288-1,"Philipp. J. Sci., C","5: 251","","1910"
kew-2589165,A,Goodeniaceae,,Scaevola,,"phlebopetala",,"","F.Muell.",Unresolved,,L,WCSP (in review),722689,384289-1,"Fragm.","2: 18","","1860"
kew-2589167,A,Goodeniaceae,,Scaevola,,"pilosa",,"","Benth.",Unresolved,,L,WCSP (in review),722691,158412-3,"Enum. Pl. Hügel","69","","1837"
kew-2589192,A,Goodeniaceae,,Scaevola,,"platyphylla",,"","Lindl.",Unresolved,,L,WCSP (in review),722716,384292-1,"Sketch Veg. Swan R.","26","","1839"
kew-2589184,A,Goodeniaceae,,Scaevola,,"plumieri",,"","(L.) Vahl",Accepted,,M,WCSP (in review),722708,384294-1,"Symb. Bot.","2: 36","","1791"
kew-2589204,A,Goodeniaceae,,Scaevola,,"polystachya",,"","DC.",Unresolved,,L,WCSP (in review),722728,384296-1,"Prodr.","7: 508","","1839"
kew-2589205,A,Goodeniaceae,,Scaevola,,"porocarya",,"","F.Muell.",Unresolved,,L,WCSP (in review),722729,384297-1,"Fragm.","2: 19","","1860"
kew-2589206,A,Goodeniaceae,,Scaevola,,"porrecta",,"","A.C.Sm.",Accepted,,M,WCSP (in review),722730,384298-1,"Bernice P. Bishop Mus. Bull.","220: 263","","1959"
kew-2589207,A,Goodeniaceae,,Scaevola,,"procera",,"","Hillebr.",Unresolved,,L,WCSP (in review),722731,384299-1,"Fl. Hawaiian Isl.","268","","1888"
kew-2589210,A,Goodeniaceae,,Scaevola,,"pubescens",,"","Nutt.",Unresolved,,L,WCSP (in review),722734,384302-1,"Trans. Amer. Philos. Soc.","n.s., 8: 253","","1843"
kew-2589202,A,Goodeniaceae,,Scaevola,,"pulchella",,"","Carolin",Unresolved,,L,WCSP (in review),722726,939299-1,"Telopea","3: 496","","1990"
kew-2589212,A,Goodeniaceae,,Scaevola,,"pulvinaris",,"","K.Krause",Unresolved,,L,WCSP (in review),722736,,"Pflanzenr.","IV, 277: 164","","1912"
kew-2589214,A,Goodeniaceae,,Scaevola,,"racemigera",,"","Däniker",Unresolved,,L,WCSP (in review),722738,384305-1,"Vierteljahrsschr. Naturf. Ges. Zürich","78(Beibl.): 19, 78","","1933"
kew-2589215,A,Goodeniaceae,,Scaevola,,"ramosissima",,"","K.Krause",Unresolved,,L,WCSP (in review),722739,,"Pflanzenr.","IV, 277: 141","","1912"
kew-2589211,A,Goodeniaceae,,Scaevola,,"repens",,"","de Vriese",Unresolved,,L,WCSP (in review),722735,384309-1,"Pl. Preiss.","1: 406","","1845"
kew-2589209,A,Goodeniaceae,,Scaevola,,"restiacea",,"","Benth.",Unresolved,,L,WCSP (in review),722733,384310-1,"Fl. Austral.","4: 91","","1868"
kew-2589188,A,Goodeniaceae,,Scaevola,,"revoluta",,"","R.Br.",Unresolved,,L,WCSP (in review),722712,384311-1,"Prodr. Fl. Nov. Holl.","586","","1810"
kew-2589191,A,Goodeniaceae,,Scaevola,,"rotundata",,"","S.Moore",Unresolved,,L,WCSP (in review),722715,384312-1,"J. Linn. Soc., Bot.","45: 347","","1921"
kew-2589201,A,Goodeniaceae,,Scaevola,,"rufa",,"","de Vriese",Unresolved,,L,WCSP (in review),722725,384313-1,"Pl. Preiss.","1: 405","","1845"
kew-2589193,A,Goodeniaceae,,Scaevola,,"saligna",,"","G.Forst.",Unresolved,,L,WCSP (in review),722717,384314-1,"Fl. Ins. Austr.","89","","1786"
kew-2589195,A,Goodeniaceae,,Scaevola,,"scaberula",,"","Summerh.",Unresolved,,L,WCSP (in review),722719,384315-1,"Bull. Misc. Inform. Kew","1927: 356","","1927"
kew-2589196,A,Goodeniaceae,,Scaevola,,"scabrida",,"","W.Fitzg.",Unresolved,,L,WCSP (in review),722720,384316-1,"J. Proc. Roy. Soc. Western Australia","3: 215","","1918"
kew-2589197,A,Goodeniaceae,,Scaevola,,"scandens",,"","F.M.Bailey",Unresolved,,L,WCSP (in review),722721,159423-3,"Rep. Exped. Bellenden-Ker","47","","1889"
kew-2589198,A,Goodeniaceae,,Scaevola,,"semiamplexicaulis",,"","de Vriese",Unresolved,,L,WCSP (in review),722722,384318-1,"Natuurk. Verh. Bataafsche Maatsch. Wetensch. Haarlem","10: 41","","1854"
kew-2589199,A,Goodeniaceae,,Scaevola,,"semiamplexicaulis",,"","DC.",Unresolved,,L,WCSP (in review),722723,384319-1,"Prodr.","7: 509","","1839"
kew-2589168,A,Goodeniaceae,,Scaevola,,"sericophylla",,"","F.Muell. ex Benth.",Unresolved,,L,WCSP (in review),722692,384322-1,"Fl. Austral.","4: 102","","1868"
kew-2589115,A,Goodeniaceae,,Scaevola,,"similis",,"","Hemsl.",Unresolved,,L,WCSP (in review),722639,384324-1,"Bull. Misc. Inform. Kew","1896: 38","","1896"
kew-2589116,A,Goodeniaceae,,Scaevola,,"sinuata",,"","R.Br.",Unresolved,,L,WCSP (in review),722640,384325-1,"Prodr. Fl. Nov. Holl.","584","","1810"
kew-2589117,A,Goodeniaceae,,Scaevola,,"skottsbergii",,"","H.St.John",Unresolved,,L,WCSP (in review),722641,384326-1,"Occas. Pap. Bernice Pauahi Bishop Mus.","10(4): 6","","1933"
kew-2589118,A,Goodeniaceae,,Scaevola,,"socotraensis",,"","H.St.John",Unresolved,,L,WCSP (in review),722642,384327-1,"Webbia","17: 45","","1962"
kew-2589127,A,Goodeniaceae,,Scaevola,,"sphaerocarpa",,"","de Vriese",Unresolved,,L,WCSP (in review),722651,384328-1,"Pl. Preiss.","1: 409","","1845"
kew-2589120,A,Goodeniaceae,,Scaevola,,"spicigera",,"","Carolin",Unresolved,,L,WCSP (in review),722644,939303-1,"Telopea","3: 502","","1990"
kew-2589122,A,Goodeniaceae,,Scaevola,,"squarrosa",,"","Lindl.",Unresolved,,L,WCSP (in review),722646,384330-1,"Sketch Veg. Swan R.","26","","1839"
kew-2589123,A,Goodeniaceae,,Scaevola,,"stenophylia",,"","Benth.",Unresolved,,L,WCSP (in review),722647,384331-1,"Fl. Austral.","4: 104","","1868"
kew-2589124,A,Goodeniaceae,,Scaevola,,"stenostachya",,"","W.Fitzg.",Unresolved,,L,WCSP (in review),722648,384332-1,"J. Proc. Roy. Soc. Western Australia","3: 215","","1918"
kew-2589125,A,Goodeniaceae,,Scaevola,,"striata",,"","R.Br.",Unresolved,,L,WCSP (in review),722649,384333-1,"Prodr. Fl. Nov. Holl.","586","","1810"
kew-2589121,A,Goodeniaceae,,Scaevola,,"suaveolens",,"","R.Br.",Unresolved,,L,WCSP (in review),722645,384336-1,"Prodr. Fl. Nov. Holl.","585","","1810"
kew-2589119,A,Goodeniaceae,,Scaevola,,"subcapitata",,"","F.Br.",Unresolved,,L,WCSP (in review),722643,384337-1,"Bernice P. Bishop Mus. Bull.","130: 328","","1935"
kew-2589098,A,Goodeniaceae,,Scaevola,,"swezeyana",,"","Rock",Unresolved,,L,WCSP (in review),722622,384338-1,"Bull. Torrey Bot. Club","36: 645","","1909"
tro-14600012,A,Goodeniaceae,,Scaevola,,"taccada",,"","(Gaertn.) Roxb.",Accepted,,M,TRO,14600012,1074372-2,"Hort. Bengal.","15","15","1814"
kew-2589104,A,Goodeniaceae,,Scaevola,,"tahitensis",,"","Carlquist",Unresolved,,L,WCSP (in review),722628,384341-1,"Ann. Missouri Bot. Gard.","56: 469","","1970"
kew-2589097,A,Goodeniaceae,,Scaevola,,"temarii",,"","S.L.Welsh",Unresolved,,L,WCSP (in review),722621,1004106-1,"Fl. Societensis","122","","1998"
kew-2589107,A,Goodeniaceae,,Scaevola,,"tenuifolia",,"","Carolin",Unresolved,,L,WCSP (in review),722631,939297-1,"Telopea","3: 492","","1990"
kew-2589108,A,Goodeniaceae,,Scaevola,,"thesioides",,"","Benth.",Unresolved,,L,WCSP (in review),722632,384343-1,"Enum. Pl. Hügel","68","","1837"
kew-2589134,A,Goodeniaceae,,Scaevola,,"tomentosa",,"","Gaudich.",Unresolved,,L,WCSP (in review),722658,384345-1,"Voy. Uranie","460, t. 81","","1829"
kew-2589103,A,Goodeniaceae,,Scaevola,,"tortuosa",,"","Benth.",Unresolved,,L,WCSP (in review),722627,384346-1,"Fl. Austral.","4: 91","","1868"
kew-2589126,A,Goodeniaceae,,Scaevola,,"tournoa",,"","Willd.",Unresolved,,L,WCSP (in review),722650,384347-1,"Enum. Pl.","Suppl.: 10","","1814"
kew-2589139,A,Goodeniaceae,,Scaevola,,"trinervia",,"","de Vriese",Unresolved,,L,WCSP (in review),722663,384348-1,"Pl. Preiss.","1: 407","","1845"
kew-2589142,A,Goodeniaceae,,Scaevola,,"velutina",,"","C.Presl",Unresolved,,L,WCSP (in review),722666,384351-1,"Reliq. Haenk.","2: 58","","1835"
kew-2589143,A,Goodeniaceae,,Scaevola,,"verticillata",,"","Leenh.",Unresolved,,L,WCSP (in review),722667,384353-1,"Blumea","12: 317","","1964"
kew-2589153,A,Goodeniaceae,,Scaevola,,"virgata",,"","Carolin",Unresolved,,L,WCSP (in review),722677,939302-1,"Telopea","3: 501","","1990"
kew-2589145,A,Goodeniaceae,,Scaevola,,"wahiawaensis",,"","H.St.John",Unresolved,,L,WCSP (in review),722669,384354-1,"Bot. Mag. (Tokyo)","93: 181","","1980"
tro-14600059,A,Goodeniaceae,,Scaevola,,"waimeae",,"","A. Heller",Unresolved,,L,TRO,14600059,,"","","",""
kew-2589138,A,Goodeniaceae,,Scaevola,,"wollastonii",,"","Wernham",Unresolved,,L,WCSP (in review),722662,384355-1,"Trans. Linn. Soc. London, Bot.","9: 88","","1916"
tro-100370110,A,Goodeniaceae,,Scaevola,,"wrightii",,"","M. Gómez",Unresolved,,L,TRO,100370110,228706-2,"Anales Hist. Nat.","19: 266","266","1890"
kew-2589148,A,Goodeniaceae,,Selliera,,"exigua",,"","F.Muell.",Unresolved,,L,WCSP (in review),722672,384356-1,"Fragm.","3: 142","","1863"
kew-2589149,A,Goodeniaceae,,Selliera,,"fasciculata",,"","Buchanan",Unresolved,,L,WCSP (in review),722673,384357-1,"Trans. & Proc. New Zealand Inst.","3: 211","","1871"
kew-2589150,A,Goodeniaceae,,Selliera,,"herpystica",,"","Schltdl.",Unresolved,,L,WCSP (in review),722674,384358-1,"Linnaea","20: 598","","1847"
kew-2589151,A,Goodeniaceae,,Selliera,,"koningsbergeri",,"","Backer",Unresolved,,L,WCSP (in review),722675,384359-1,"Bull. Jard. Bot. Buitenzorg","II, 12: 36","","1913"
kew-2589136,A,Goodeniaceae,,Selliera,,"microphylla",,"","Colenso",Unresolved,,L,WCSP (in review),722660,384360-1,"Trans. & Proc. New Zealand Inst.","22: 473","","1889 publ. 1890"
tro-14600042,A,Goodeniaceae,,Selliera,,"radicans",,"","Cav.",Accepted,,M,TRO,14600042,384361-1,"Anales Hist. Nat.","1: 41, pl. 5, f.2","41","1799"
kew-2589144,A,Goodeniaceae,,Selliera,,"repens",,"","de Vriese",Unresolved,,L,WCSP (in review),722668,384362-1,"Verh. Holl. Maatsch Weetensch. Haarlem","10: 162","","1854"
kew-2589129,A,Goodeniaceae,,Selliera,,"rotundifolia",,"","Heenan",Unresolved,,L,WCSP (in review),722653,,"New Zealand J. Bot.","25: 133","","1997"
kew-2589135,A,Goodeniaceae,,Symphyobasis,,"alsinoides",,"","S.Moore",Unresolved,,L,WCSP (in review),722659,384365-1,"J. Linn. Soc., Bot.","45: 184","","1920"
tro-100356217,A,Goodeniaceae,,Symphyobasis,,"macroplecta",,"","(F. Muell.) K. Krause",Accepted,,M,TRO,100356217,384366-1,"Pflanzenr.","IV. 227(Heft 54): 41","41","1912"
kew-2443046,A,Goodeniaceae,,Temminckia,,"chamissoniana",,"","de Vriese",Unresolved,,L,WCSP (in review),580626,384367-1,"Ned. Kruidk. Arch.","2(1): 143","","1851"
kew-2443057,A,Goodeniaceae,,Temminckia,,"ciliata",,"","de Vriese",Unresolved,,L,WCSP (in review),580637,384368-1,"Ned. Kruidk. Arch.","2(1): 144","","1851"
kew-2443056,A,Goodeniaceae,,Temminckia,,"gaudichaudii",,"","de Vriese",Unresolved,,L,WCSP (in review),580636,384369-1,"Ned. Kruidk. Arch.","2(1): 144","","1851"
kew-2443040,A,Goodeniaceae,,Temminckia,,"macrophylla",,"","de Vriese",Unresolved,,L,WCSP (in review),580620,384370-1,"Ned. Kruidk. Arch.","2(1): 146","","1851"
kew-2443041,A,Goodeniaceae,,Temminckia,,"menziesiana",,"","de Vriese",Unresolved,,L,WCSP (in review),580621,384371-1,"Ned. Kruidk. Arch.","2(1): 144","","1851"
kew-2443043,A,Goodeniaceae,,Temminckia,,"microcarpa",,"","Nadeaud",Unresolved,,L,WCSP (in review),580623,,"J. Bot. (Morot)","13: 1","","1899"
kew-2457741,A,Goodeniaceae,,Velleia,,"arguta",,"","R.Br.",Unresolved,,L,WCSP (in review),595233,384378-1,"Prodr. Fl. Nov. Holl.","580","","1810"
kew-2457742,A,Goodeniaceae,,Velleia,,"connata",,"","F.Muell.",Unresolved,,L,WCSP (in review),595234,384379-1,"Trans. Philos. Soc. Victoria","1: 18","","1855"
kew-2457744,A,Goodeniaceae,,Velleia,,"cycnopotamica",,"","F.Muell.",Unresolved,,L,WCSP (in review),595236,,"Fragm.","6: 7","","1868"
kew-2457745,A,Goodeniaceae,,Velleia,,"daviesii",,"","F.Muell.",Unresolved,,L,WCSP (in review),595237,384382-1,"Fragm.","10: 10","","1876"
kew-2457755,A,Goodeniaceae,,Velleia,,"dichotoma",,"","DC.",Unresolved,,L,WCSP (in review),595247,384383-1,"Prodr.","7: 518","","1839"
kew-2457747,A,Goodeniaceae,,Velleia,,"discophora",,"","F.Muell.",Unresolved,,L,WCSP (in review),595239,384384-1,"Fragm.","10: 10","","1876"
kew-2457740,A,Goodeniaceae,,Velleia,,"exigua",,"","(F.Muell.) Carolin",Unresolved,,L,WCSP (in review),595232,964770-1,"in Fl. Australia","35: 334","","1992"
kew-2457749,A,Goodeniaceae,,Velleia,,"foliosa",,"","K.Krause",Unresolved,,L,WCSP (in review),595241,,"Pflanzenr.","IV, 277: 40","","1912"
kew-2457750,A,Goodeniaceae,,Velleia,,"glabrata",,"","Carolin",Unresolved,,L,WCSP (in review),595242,384386-1,"Proc. Linn. Soc. New South Wales","92: 46","","1967"
kew-2457751,A,Goodeniaceae,,Velleia,,"helmsii",,"","K.Krause",Unresolved,,L,WCSP (in review),595243,,"Pflanzenr.","IV, 277: 33","","1912"
kew-2457752,A,Goodeniaceae,,Velleia,,"hispida",,"","W.Fitzg.",Unresolved,,L,WCSP (in review),595244,384388-1,"J. West Austral. Nat. Hist. Soc.","1: 25","","1904"
kew-2457778,A,Goodeniaceae,,Velleia,,"lyrata",,"","R.Br.",Unresolved,,L,WCSP (in review),595270,384390-1,"Prodr. Fl. Nov. Holl.","580","","1810"
kew-2457746,A,Goodeniaceae,,Velleia,,"macrocalyx",,"","de Vriese",Unresolved,,L,WCSP (in review),595238,384391-1,"J. Exped. Trop. Australia","258","","1848"
kew-2457770,A,Goodeniaceae,,Velleia,,"macrophylla",,"","Benth.",Unresolved,,L,WCSP (in review),595262,384392-1,"Fl. Austral.","4: 47","","1868"
kew-2457790,A,Goodeniaceae,,Velleia,,"montana",,"","Hook.f.",Unresolved,,L,WCSP (in review),595282,384394-1,"London J. Bot.","6: 265","","1847"
kew-2457791,A,Goodeniaceae,,Velleia,,"panduriformis",,"","A.Cunn. ex Benth.",Unresolved,,L,WCSP (in review),595283,384395-1,"Fl. Austral.","4: 46","","1868"
kew-2457792,A,Goodeniaceae,,Velleia,,"paradoxa",,"","R.Br.",Unresolved,,L,WCSP (in review),595284,384396-1,"Prodr. Fl. Nov. Holl.","580","","1810"
kew-2457793,A,Goodeniaceae,,Velleia,,"parvisepta",,"","Carolin",Unresolved,,L,WCSP (in review),595285,384397-1,"Proc. Linn. Soc. New South Wales","92: 49","","1967"
kew-2457794,A,Goodeniaceae,,Velleia,,"perfoliata",,"","R.Br.",Unresolved,,L,WCSP (in review),595286,384398-1,"Prodr. Fl. Nov. Holl.","581","","1810"
kew-2457796,A,Goodeniaceae,,Velleia,,"prostrata",,"","Ewart & L.R.Kerr",Unresolved,,L,WCSP (in review),595288,384400-1,"Proc. Roy. Soc. Victoria","n.s., 39: 7","","1926"
kew-2457788,A,Goodeniaceae,,Velleia,,"pubescens",,"","R.Br.",Unresolved,,L,WCSP (in review),595280,384401-1,"Prodr. Fl. Nov. Holl.","581","","1810"
kew-2457798,A,Goodeniaceae,,Velleia,,"rosea",,"","S.Moore",Unresolved,,L,WCSP (in review),595290,384402-1,"J. Linn. Soc., Bot.","34: 202","","1899"
kew-2457800,A,Goodeniaceae,,Velleia,,"spathulata",,"","Juss.",Unresolved,,L,WCSP (in review),595292,384404-1,"Ann. Mus. Hist. Nat.","18: 17","","1811"
kew-2457801,A,Goodeniaceae,,Velleia,,"spathulata",,"","R.Br.",Unresolved,,L,WCSP (in review),595293,384405-1,"Prodr. Fl. Nov. Holl.","580","","1810"
kew-2457802,A,Goodeniaceae,,Velleia,,"trinervis",,"","Labill.",Unresolved,,L,WCSP (in review),595294,384406-1,"Nov. Holl. Pl.","1: 54","","1805"
kew-2457773,A,Goodeniaceae,,Verreauxia,,"dyeri",,"","E.Pritz.",Unresolved,,L,WCSP (in review),595265,384407-1,"Hooker's Icon. Pl.","28: t. 2782","","1905"
kew-2457774,A,Goodeniaceae,,Verreauxia,,"paniculata",,"","Benth.",Unresolved,,L,WCSP (in review),595266,384408-1,"Fl. Austral.","4: 105","","1868"
kew-2457775,A,Goodeniaceae,,Verreauxia,,"reinwardtii",,"","Benth.",Unresolved,,L,WCSP (in review),595267,384409-1,"Fl. Austral.","4: 105","","1868"
kew-2457776,A,Goodeniaceae,,Verreauxia,,"verreauxii",,"","(de Vriese) Carolin",Accepted,,M,WCSP (in review),595268,384410-1,"Telopea","2: 75","","1980"
kew-2457777,A,Goodeniaceae,,Verreauxia,,"villosa",,"","E.Pritz.",Unresolved,,L,WCSP (in review),595269,384411-1,"Bot. Jahrb. Syst.","35: 573","","1905"
