﻿ID,Major group,Family,Genus hybrid marker,Genus,Species hybrid marker,Species,Infraspecific rank,Infraspecific epithet,Authorship,Taxonomic status in TPL,Nomenclatural status from original data source,Confidence level,Source,Source id,IPNI id,Publication,Collation,Page,Date
kew-2713227,A,Grossulariaceae,,Cerophyllum,,"douglasii",,"","Spach",Unresolved,,L,WCSP (in review),843775,790483-1,"Hist. Nat. Vég.","6: 153","","1838"
kew-2713228,A,Grossulariaceae,,Cerophyllum,,"inebrians",,"","Spach",Unresolved,,L,WCSP (in review),843776,790484-1,"Hist. Nat. Vég.","6: 154","","1838"
kew-2737502,A,Grossulariaceae,,Coreosma,,"affinis",,"","Spach",Unresolved,,L,WCSP (in review),867798,790712-1,"Ann. Sci. Nat., Bot.","II, 4: 24","","1835"
kew-2737503,A,Grossulariaceae,,Coreosma,,"americana",,"","(Mill.) Nieuwl.",Unresolved,,L,WCSP (in review),867799,65948-2,"Amer. Midl. Naturalist","4: 60","","1915"
kew-2737506,A,Grossulariaceae,,Coreosma,,"florida",,"","(L'Hér.) Spach",Unresolved,,L,WCSP (in review),867802,790715-1,"Ann. Sci. Nat., Bot.","II, 4: 22","","1835"
kew-2737508,A,Grossulariaceae,,Coreosma,,"multiflora",,"","Spach",Unresolved,,L,WCSP (in review),867804,790717-1,"Ann. Sci. Nat., Bot.","II, 4: 24","","1835"
kew-2737510,A,Grossulariaceae,,Coreosma,,"prostrata",,"","Lunell",Unresolved,,L,WCSP (in review),867806,65952-2,"Amer. Midl. Naturalist","4: 415","","1916"
kew-2737512,A,Grossulariaceae,,Coreosma,,"tristis",,"","(Pall.) Lunell",Unresolved,,L,WCSP (in review),867808,65953-2,"Amer. Midl. Naturalist","4: 415","","1916"
kew-2737513,A,Grossulariaceae,,Coreosma,,"viscosissima",,"","Spach",Unresolved,,L,WCSP (in review),867809,790722-1,"Ann. Sci. Nat., Bot.","II, 4: 23","","1835"
kew-2833656,A,Grossulariaceae,,Grossularia,,"adenophylla",,"","Rupr.",Unresolved,,L,WCSP (in review),961013,791205-1,"Sert. Tianschan.","47","","1869"
kew-2833658,A,Grossulariaceae,,Grossularia,,"alpestris",,"","(Wall. ex Decne.) A.Berger",Unresolved,Illegitimate,L,WCSP (in review),961015,791207-1,"Techn. Bull. New York Agric. Exp. Sta., Geneva","109: 111","","1924"
kew-2833659,A,Grossulariaceae,,Grossularia,,"amara",,"","(McClatchie) Coville & Britton",Unresolved,,L,WCSP (in review),961016,113673-2,"N. Amer. Fl.","22: 216","","1908"
kew-2833661,A,Grossulariaceae,,Grossularia,,"binominata",,"","(A.Heller) Coville & Britton",Unresolved,,L,WCSP (in review),961018,113675-2,"N. Amer. Fl.","22: 218","","1908"
kew-2833662,A,Grossulariaceae,,Grossularia,,"brachyantha",,"","(A.Gray) Petraw.",Unresolved,,L,WCSP (in review),961019,113676-2,"Techn. Bull. U.S.D.A.","6: 20","","1932"
kew-2833663,A,Grossulariaceae,,Grossularia,,"bureiensis",,"","A.Berger",Unresolved,,L,WCSP (in review),961020,791212-1,"Techn. Bull. New York Agric. Exp. Sta., Geneva","109: 112","","1924"
kew-2833664,A,Grossulariaceae,,Grossularia,,"californica",,"","(Hook. & Arn.) Coville & Britton",Unresolved,,L,WCSP (in review),961021,113677-2,"N. Amer. Fl.","22: 214","","1908"
kew-2833665,A,Grossulariaceae,,Grossularia,,"campestris",,"","Small",Unresolved,,L,WCSP (in review),961022,791214-1,"Fl. S.E. U.S.","ed. 2: 510","","1913"
kew-2833667,A,Grossulariaceae,,Grossularia,,"congdonii",,"","A.Berger",Unresolved,,L,WCSP (in review),961024,113680-2,"Techn. Bull. New York Agric. Exp. Sta., Geneva","109: 89","","1924"
kew-2833668,A,Grossulariaceae,,Grossularia,,"cruenta",,"","(Greene) Coville & Britton",Unresolved,,L,WCSP (in review),961025,113681-2,"N. Amer. Fl.","22: 215","","1908"
kew-2833670,A,Grossulariaceae,,Grossularia,,"curvata",,"","(Small) Coville & Britton",Unresolved,,L,WCSP (in review),961027,113683-2,"N. Amer. Fl.","22: 221","","1908"
kew-2833671,A,Grossulariaceae,,Grossularia,,"cynosbati",,"","(L.) Mill.",Unresolved,,L,WCSP (in review),961028,791219-1,"Gard. Dict. ed. 8","5","","1768"
kew-2833673,A,Grossulariaceae,,Grossularia,,"diacantha",,"","Mill. ex Steud.",Unresolved,,L,WCSP (in review),961030,791220-1,"Nomencl. Bot.","ed. 2, 1: 708","","1840"
kew-2833677,A,Grossulariaceae,,Grossularia,,"fontenayensis",,"","A.Berger",Unresolved,,L,WCSP (in review),961034,791225-1,"Techn. Bull. New York Agric. Exp. Sta., Geneva","109: 110","","1924"
kew-2833678,A,Grossulariaceae,,Grossularia,,"formosana",,"","(Hayata) A.Berger",Unresolved,,L,WCSP (in review),961035,791226-1,"Techn. Bull. New York Agric. Exp. Sta., Geneva","109: 111","","1924"
kew-2833679,A,Grossulariaceae,,Grossularia,,"glandulifera",,"","A.Berger",Unresolved,,L,WCSP (in review),961036,113686-2,"Techn. Bull. New York Agric. Exp. Sta., Geneva","109: 91","","1924"
kew-2833681,A,Grossulariaceae,,Grossularia,,"greeneana",,"","(A.Heller) Coville & Britton",Unresolved,,L,WCSP (in review),961038,113687-2,"N. Amer. Fl.","22: 212","","1908"
kew-2833682,A,Grossulariaceae,,Grossularia,,"grossularioides",,"","A.Berger",Unresolved,,L,WCSP (in review),961039,791230-1,"Techn. Bull. New York Agric. Exp. Sta., Geneva","109: 108","","1924"
kew-2833683,A,Grossulariaceae,,Grossularia,,"hesperia",,"","(McClatchie) Coville & Britton",Unresolved,,L,WCSP (in review),961040,113688-2,"N. Amer. Fl.","22: 215","","1908"
kew-2833685,A,Grossulariaceae,,Grossularia,,"hirtella",,"","(Michx.) Spach",Unresolved,,L,WCSP (in review),961042,791233-1,"Hist. Nat. Vég.","6: 180","","1838"
kew-2833686,A,Grossulariaceae,,Grossularia,,"hystrix",,"","(Eastw.) Coville & Britton",Unresolved,,L,WCSP (in review),961043,113689-2,"N. Amer. Fl.","22: 213","","1908"
kew-2833687,A,Grossulariaceae,,Grossularia,,"inermis",,"","(Rydb.) Coville & Britton",Unresolved,,L,WCSP (in review),961044,113690-2,"N. Amer. Fl.","22: 224","","1908"
kew-2833691,A,Grossulariaceae,,Grossularia,,"innominata",,"","A.Berger",Unresolved,,L,WCSP (in review),961048,791237-1,"Techn. Bull. New York Agric. Exp. Sta., Geneva","109: 110","","1924"
kew-2833694,A,Grossulariaceae,,Grossularia,,"irrigua",,"","(Douglas) Coville & Britton",Unresolved,Illegitimate,L,WCSP (in review),961051,791240-1,"N. Amer. Fl.","22: 222","","1908"
kew-2833695,A,Grossulariaceae,,Grossularia,,"klamathensis",,"","Coville",Unresolved,,L,WCSP (in review),961052,113692-2,"N. Amer. Fl.","22: 225","","1908"
kew-2833696,A,Grossulariaceae,,Grossularia,,"knightii",,"","A.Berger",Unresolved,,L,WCSP (in review),961053,113693-2,"Techn. Bull. New York Agric. Exp. Sta., Geneva","109: 98","","1924"
kew-2833697,A,Grossulariaceae,,Grossularia,,"lasiantha",,"","(Greene) Coville & Britton",Unresolved,,L,WCSP (in review),961054,113694-2,"N. Amer. Fl.","22: 219","","1908"
kew-2833698,A,Grossulariaceae,,Grossularia,,"leptantha",,"","Coville & Britton",Unresolved,,L,WCSP (in review),961055,113695-2,"N. Amer. Fl.","22: 219","","1908"
kew-2833699,A,Grossulariaceae,,Grossularia,,"leptosma",,"","Coville",Unresolved,,L,WCSP (in review),961056,113696-2,"N. Amer. Fl.","22: 214","","1908"
kew-2833700,A,Grossulariaceae,,Grossularia,,"lobbii",,"","(A.Gray) Coville & Britton",Unresolved,,L,WCSP (in review),961057,113697-2,"N. Amer. Fl.","22: 217","","1908"
kew-2833701,A,Grossulariaceae,,Grossularia,,"madrensis",,"","Coville & Rose",Unresolved,,L,WCSP (in review),961058,113698-2,"N. Amer. Fl.","22: 218","","1908"
kew-2833702,A,Grossulariaceae,,Grossularia,,"marcescens",,"","Coville",Unresolved,,L,WCSP (in review),961059,791248-1,"Proc. Biol. Soc. Wash.","28: 181","","1915"
kew-2833703,A,Grossulariaceae,,Grossularia,,"marshallii",,"","(Greene) Coville & Britton",Unresolved,,L,WCSP (in review),961060,113699-2,"N. Amer. Fl.","22: 217","","1908"
kew-2833704,A,Grossulariaceae,,Grossularia,,"menziesii",,"","(Pursh) Coville & Britton",Unresolved,,L,WCSP (in review),961061,113700-2,"N. Amer. Fl.","22: 213","","1908"
kew-2833706,A,Grossulariaceae,,Grossularia,,"microphylla",,"","(Kunth) Coville & Britton",Unresolved,,L,WCSP (in review),961063,113702-2,"N. Amer. Fl.","22: 219","","1908"
kew-2833707,A,Grossulariaceae,,Grossularia,,"missouriensis",,"","(Nutt.) Coville & Britton",Unresolved,,L,WCSP (in review),961064,113703-2,"N. Amer. Fl.","22: 221","","1908"
kew-2833708,A,Grossulariaceae,,Grossularia,,"neglecta",,"","A.Berger",Unresolved,,L,WCSP (in review),961065,292152-2,"Techn. Bull. New York Agric. Exp. Sta., Geneva","109: 106","","1924"
kew-2833712,A,Grossulariaceae,,Grossularia,,"oxyacanthoides",,"","(L.) Mill.",Unresolved,,L,WCSP (in review),961069,791257-1,"Gard. Dict. ed. 8","4","","1768"
kew-2833713,A,Grossulariaceae,,Grossularia,,"parishii",,"","(A.Heller) Coville & Britton",Unresolved,,L,WCSP (in review),961070,113705-2,"N. Amer. Fl.","22: 224","","1908"
kew-2833715,A,Grossulariaceae,,Grossularia,,"pinetorum",,"","Coville & Britton",Unresolved,,L,WCSP (in review),961072,113706-2,"N. Amer. Fl.","22: 217","","1908"
tro-50131708,A,Grossulariaceae,,Grossularia,,"purpusii",,"","(Koehne ex Blank.) Rydb.",Accepted,,L,TRO,50131708,113707-2,"Fl. Rocky Mts.","396","396","1917"
kew-2833717,A,Grossulariaceae,,Grossularia,,"quercetorum",,"","(Greene) Coville & Britton",Unresolved,,L,WCSP (in review),961074,113708-2,"N. Amer. Fl.","22: 220","","1908"
kew-2833720,A,Grossulariaceae,,Grossularia,,"roezlii",,"","(Regel) Coville & Britton",Unresolved,,L,WCSP (in review),961077,113709-2,"N. Amer. Fl.","22: 215","","1908"
tro-50131601,A,Grossulariaceae,,Grossularia,,"roezlii",var.,"arida","(Greene) A. Berger",Unresolved,,L,TRO,50131601,1194912-2,"","","",""
kew-2833722,A,Grossulariaceae,,Grossularia,,"roezlii",var.,"pubescens","A.Berger",Unresolved,,L,WCSP (in review),961079,113711-2,"New York Agric. Exp. Sta. Techn. Bull.","109: 82","","1924"
kew-2833723,A,Grossulariaceae,,Grossularia,,"rotundifolia",,"","(Michx.) Coville & Britton",Unresolved,,L,WCSP (in review),961080,113712-2,"N. Amer. Fl.","22: 223","","1908"
kew-2833725,A,Grossulariaceae,,Grossularia,,"rustica",,"","A.Berger",Unresolved,,L,WCSP (in review),961082,113713-2,"Techn. Bull. New York Agric. Exp. Sta., Geneva","109: 103","","1924"
kew-2833726,A,Grossulariaceae,,Grossularia,,"saxosa",,"","Lunell",Unresolved,,L,WCSP (in review),961083,113714-2,"Amer. Midl. Naturalist","4: 414","","1916"
kew-2833728,A,Grossulariaceae,,Grossularia,,"sericea",,"","(Eastw.) Coville & Britton",Unresolved,,L,WCSP (in review),961085,113716-2,"N. Amer. Fl.","22: 216","","1908"
kew-2833729,A,Grossulariaceae,,Grossularia,,"setosa",,"","(Lindl.) Coville & Britton",Unresolved,,L,WCSP (in review),961086,113717-2,"N. Amer. Fl.","22: 222","","1908"
kew-2833730,A,Grossulariaceae,,Grossularia,,"speciosa",,"","(Pursh) Coville & Britton",Unresolved,,L,WCSP (in review),961087,113718-2,"N. Amer. Fl.","22: 212","","1908"
kew-2833732,A,Grossulariaceae,,Grossularia,,"stenocarpa",,"","A.Berger",Unresolved,,L,WCSP (in review),961089,791275-1,"Techn. Bull. New York Agric. Exp. Sta., Geneva","109: 108","","1924"
kew-2833733,A,Grossulariaceae,,Grossularia,,"succirubra",,"","A.Berger",Unresolved,,L,WCSP (in review),961090,791276-1,"Techn. Bull. New York Agric. Exp. Sta., Geneva","109: 97","","1924"
kew-2833735,A,Grossulariaceae,,Grossularia,,"triflora",,"","Spach",Unresolved,,L,WCSP (in review),961092,791278-1,"Hist. Nat. Vég.","6: 176","","1838"
kew-2833737,A,Grossulariaceae,,Grossularia,,"utilis",,"","A.Berger",Unresolved,,L,WCSP (in review),961094,113721-2,"Techn. Bull. New York Agric. Exp. Sta., Geneva","109: 92","","1924"
kew-2833742,A,Grossulariaceae,,Grossularia,×,"van-fleetiana",,"","A.Berger",Unresolved,,L,WCSP (in review),961099,791283-1,"Techn. Bull. New York Agric. Exp. Sta., Geneva","109: 93","","1924"
kew-2833743,A,Grossulariaceae,,Grossularia,,"velutina",,"","(Greene) Coville & Britton",Unresolved,,L,WCSP (in review),961100,113722-2,"N. Amer. Fl.","22: 220","","1908"
kew-2833744,A,Grossulariaceae,,Grossularia,,"victoris",,"","(Greene) Coville & Britton",Unresolved,,L,WCSP (in review),961101,113723-2,"N. Amer. Fl.","22: 213","","1908"
kew-2833746,A,Grossulariaceae,,Grossularia,,"watsoniana",,"","(Koehne) Coville & Britton",Unresolved,,L,WCSP (in review),961103,113724-2,"N. Amer. Fl.","22: 218","","1908"
kew-2527557,A,Grossulariaceae,,Rebis,,"frigida",,"","Spach",Unresolved,,L,WCSP (in review),663602,792517-1,"Ann. Sci. Nat., Bot.","II, 4: 29","","1835"
kew-2527535,A,Grossulariaceae,,Rebis,,"gayana",,"","Spach",Unresolved,,L,WCSP (in review),663580,792518-1,"Ann. Sci. Nat., Bot.","II, 4: 29","","1835"
kew-2527550,A,Grossulariaceae,,Rebis,,"punctata",,"","Spach",Unresolved,,L,WCSP (in review),663595,792520-1,"Ann. Sci. Nat., Bot.","II, 4: 30","","1835"
tro-29100479,A,Grossulariaceae,,Ribes,,"acerifolium",,"","Howell",Accepted,,M,TRO,29100479,297919-2,"Erythea","3(2): 34–35","34","1895"
tro-29101243,A,Grossulariaceae,,Ribes,,"achurjani",,"","Mulk.",Unresolved,,L,TRO,29101243,,"","","",""
kew-2425976,A,Grossulariaceae,,Ribes,,"aciculare",,"","Sm.",Accepted,,M,WCSP (in review),564043,792527-1,"Cycl.","30: no. 25","","1815"
kew-2425977,A,Grossulariaceae,,Ribes,,"acidum",,"","Turcz. ex Steud.",Unresolved,,L,WCSP (in review),564044,792528-1,"Nomencl. Bot.","ed. 2, 2: 457","","1841"
kew-2425978,A,Grossulariaceae,,Ribes,,"acidum",,"","Ehrh.",Unresolved,,L,WCSP (in review),564045,792529-1,"Beitr. Naturk.","5: 161","","1790"
kew-2425979,A,Grossulariaceae,,Ribes,,"acidum",,"","Turcz. ex Pojark.",Unresolved,,L,WCSP (in review),564046,,"Trudy Prikl. Bot.","22(3): 341","","1929"
kew-2425980,A,Grossulariaceae,,Ribes,,"aconitifolium",,"","K.Koch",Unresolved,,L,WCSP (in review),564047,792531-1,"Dendrologie","1: 661","","1869"
tro-29100277,A,Grossulariaceae,,Ribes,,"affine",,"","Kunth",Accepted,,M,TRO,29100277,792535-1,"Nov. Gen. Sp. (quarto ed.)","6: 60","60","1823"
kew-2425986,A,Grossulariaceae,,Ribes,,"ahrendsii",,"","Phil.",Unresolved,,L,WCSP (in review),564053,220853-2,"Anales Univ. Chile","85: 495","","1894"
kew-2425987,A,Grossulariaceae,,Ribes,,"albescens",,"","Poit. & Turpin",Unresolved,,L,WCSP (in review),564054,,"Pomol. Franç.","3: t. 175-177","","1874"
kew-2425988,A,Grossulariaceae,,Ribes,,"albicans",,"","Poit. & Turpin",Unresolved,,L,WCSP (in review),564055,,"Pomol. Franç.","3: t. 167","","1874"
kew-2426090,A,Grossulariaceae,,Ribes,,"albidum",,"","Paxton",Unresolved,,L,WCSP (in review),564157,792540-1,"Paxton's Mag. Bot.","10: 55","","1843"
tro-29100278,A,Grossulariaceae,,Ribes,,"albifolium",,"","Ruiz & Pav.",Accepted,,M,TRO,29100278,,"Fl. Peruv.","3: 12, t. 232","12","1802"
kew-2426157,A,Grossulariaceae,,Ribes,,"albovirens",,"","Poit. & Turpin",Unresolved,,L,WCSP (in review),564224,,"Pomol. Franç.","3: t. 167","","1874"
kew-2426158,A,Grossulariaceae,,Ribes,,"album",,"","Gilib.",Unresolved,,L,WCSP (in review),564225,792545-1,"Fl. Lit. Inch.","2: 137","","1782"
kew-2426159,A,Grossulariaceae,,Ribes,,"alceifolium",,"","Kunze ex Walp.",Unresolved,,L,WCSP (in review),564226,792546-1,"Nov. Actorum Acad. Caes. Leop.-Carol. Nat. Cur.","19(Suppl. 1): 343","","1843"
tro-50077928,A,Grossulariaceae,,Ribes,,"alpestre",,"","Wall. ex Decne.",Accepted,,M,TRO,50077928,792547-1,"Voy. Inde","4(Bot.): 64, pl. 75","64","1844"
kew-2426171,A,Grossulariaceae,,Ribes,,"alpinoides",,"","Dombey ex Spach",Unresolved,,L,WCSP (in review),564238,792548-1,"Ann. Sci. Nat., Bot.","II, 4: 31","","1835"
kew-2426163,A,Grossulariaceae,,Ribes,,"alpinum",,"","L.",Accepted,,M,WCSP (in review),564230,792549-1,"Sp. Pl.","200","","1753"
kew-2426167,A,Grossulariaceae,,Ribes,,"altaicum",,"","Lodd. ex W.Baxter",Unresolved,,L,WCSP (in review),564234,,"Hort. Brit.","ed. 3: 657","","1839"
kew-2426168,A,Grossulariaceae,,Ribes,,"altaicum",,"","K.Koch",Unresolved,,L,WCSP (in review),564235,792553-1,"Dendrologie","1: 660","","1869"
kew-2426169,A,Grossulariaceae,,Ribes,,"altamirani",,"","Jancz.",Unresolved,,L,WCSP (in review),564236,220855-2,"Rozpr. Wydz. Mat.-Przyr. Akad. Umiejetn., Dzia? B, Nauki Biol.","6: 10","","1906"
tro-29100758,A,Grossulariaceae,,Ribes,,"altissimum",,"","Turcz. ex Pojark.",Accepted,,M,TRO,29100758,792556-1,"Trudy Bot. Inst. Akad. Nauk S.S.S.R., Ser. 1, Fl. Sist. Vyssh. Rast.","2: 179","179","1936"
tro-29100480,A,Grossulariaceae,,Ribes,,"amarum",,"","McClatchie",Accepted,,M,TRO,29100480,220856-2,"Erythea","2(5): 79–80","79","1894"
kew-2426141,A,Grossulariaceae,,Ribes,×,"amatoris",,"","Pavlov",Unresolved,,L,WCSP (in review),564208,792558-1,"Fl. Cult. Pl.","16: 34","","1936"
kew-2605390,A,Grossulariaceae,,Ribes,,"amazonica",,"","Weigend & E.Rodr.",Unresolved,,L,WCSP (in review),738528,,"Arnaldoa","12: 43","","2005"
tro-50077969,A,Grossulariaceae,,Ribes,,"ambiguum",,"","Maxim.",Accepted,,M,TRO,50077969,792559-1,"Bull. Acad. Imp. Sci. Saint-Petersbourg","19: 251","251","1874"
tro-29100044,A,Grossulariaceae,,Ribes,,"americanum",,"","Mill.",Accepted,,M,TRO,29100044,792560-1,"Gard. Dict. (ed. 8)","Ribes no. 4","Ribes no. 4","1768"
tro-50131587,A,Grossulariaceae,,Ribes,,"americanum",f.,"mesochorum","(Nieuwl.) Deam",Accepted,,L,TRO,50131587,220859-2,"Fl. Indiana","521","521","1940"
kew-2426139,A,Grossulariaceae,,Ribes,,"anatolicum",,"","Behçet",Unresolved,,L,WCSP (in review),564206,1019242-1,"Turkish J. Bot.","25: 103","","2001"
tro-29100279,A,Grossulariaceae,,Ribes,,"andicola",,"","Jancz.",Accepted,,M,TRO,29100279,792564-1,"Bull. Int. Acad. Sci. Cracovie, Cl. Sci. Math.","10: 760","760","1905"
kew-2426149,A,Grossulariaceae,,Ribes,,"apiifolium",,"","K.Koch",Unresolved,,L,WCSP (in review),564216,792565-1,"Dendrologie","1: 661","","1869"
kew-2426150,A,Grossulariaceae,,Ribes,,"appendiculatum",,"","Krylov",Unresolved,,L,WCSP (in review),564217,,"Spisok Rast. Gerb. Russk. Fl. Bot. Muz. Imp. Akad. Nauk","6: 128","","1908"
kew-2426151,A,Grossulariaceae,,Ribes,,"arcuatum",,"","Jancz. ex M.Vilm. & Bois",Unresolved,,L,WCSP (in review),564218,792567-1,"Frutic. Vilmor.","1: 135","","1904"
kew-2426152,A,Grossulariaceae,,Ribes,,"arcuatum",,"","Jancz.",Unresolved,,L,WCSP (in review),564219,290191-2,"Rozpr. Wydz. Mat.-Przyr. Akad. Umiejetn., Dzia? B, Nauki Biol.","6: 286","","1906"
tro-100351465,A,Grossulariaceae,,Ribes,×,"arcuatum",,"","Jancz.",Unresolved,,L,TRO,100351465,,"Bull. Int. Acad. Sci. Cracovie, Cl. Sci. Math.","","","1906"
kew-2426145,A,Grossulariaceae,,Ribes,,"armenum",,"","Pojark.",Unresolved,,L,WCSP (in review),564212,792570-1,"Bot. Mater. Gerb. Bot. Inst. Komarova Akad. Nauk S.S.S.R.","12: 106","","1950"
kew-2426170,A,Grossulariaceae,,Ribes,,"ascendens",,"","Eastw.",Unresolved,,L,WCSP (in review),564237,220868-2,"Proc. Calif. Acad. Sci.","III, 2: 244","","1902"
kew-2426190,A,Grossulariaceae,,Ribes,,"augustum",,"","Douglas ex W.H.Baxter",Unresolved,,L,WCSP (in review),564257,,"Hort. Brit.","ed. 3: 657","","1839"
kew-2426191,A,Grossulariaceae,,Ribes,,"aureum",,"","Pursh",Accepted,,M,WCSP (in review),564258,220870-2,"Fl. Amer. Sept.","1: 164","","1813"
kew-2426193,A,Grossulariaceae,,Ribes,,"auriculatum",,"","Poit. & Turpin",Unresolved,,L,WCSP (in review),564260,,"Pomol. Franç.","3: t. 170","","1874"
kew-2426194,A,Grossulariaceae,,Ribes,×,"australe",,"","Jancz.",Unresolved,,L,WCSP (in review),564261,,"Rozpr. Wydz. Mat.-Przyr. Akad. Umiejetn., Dzia? B, Nauki Biol.","11: 613","","1911"
tro-50132394,A,Grossulariaceae,,Ribes,,"austroecuadorense",,"","Freire-Fierro",Accepted,,M,TRO,50132394,1005317-1,"Novon","8(4): 356, f. 2","356","1998"
kew-2426196,A,Grossulariaceae,,Ribes,,"bacciferum",,"","K.Koch",Unresolved,,L,WCSP (in review),564263,792577-1,"Dendrologie","1: 657","","1869"
kew-2426188,A,Grossulariaceae,,Ribes,,"bactonii",,"","Lavallée",Unresolved,,L,WCSP (in review),564255,792578-1,"Énum. Arbres","121","","1877"
kew-2426198,A,Grossulariaceae,,Ribes,,"baicalense",,"","Turcz. ex Steud.",Unresolved,,L,WCSP (in review),564265,792579-1,"Nomencl. Bot.","ed. 2, 2: 457","","1841"
kew-2426199,A,Grossulariaceae,,Ribes,,"balsamiferum",,"","Kellogg",Unresolved,,L,WCSP (in review),564266,792580-1,"Proc. Calif. Acad. Sci.","2: 94","","1863"
kew-2426200,A,Grossulariaceae,,Ribes,×,"berisioides",,"","Jancz.",Unresolved,,L,WCSP (in review),564267,792583-1,"Rozpr. Wydz. Mat.-Przyr. Akad. Umiejetn., Dzia? B, Nauki Biol.","16: 100","","1916"
kew-2426180,A,Grossulariaceae,,Ribes,,"berteroanum",,"","Phil.",Unresolved,,L,WCSP (in review),564247,792584-1,"Linnaea","28: 648","","1858"
kew-2426197,A,Grossulariaceae,,Ribes,,"bethmontii",,"","Jancz.",Unresolved,,L,WCSP (in review),564264,,"Rozpr. Wydz. Mat.-Przyr. Akad. Umiejetn., Dzia? B, Nauki Biol.","4: 27","","1904"
tro-100351458,A,Grossulariaceae,,Ribes,×,"bethmontii",,"","Jancz.",Unresolved,,L,TRO,100351458,,"","","","1904"
tro-29100281,A,Grossulariaceae,,Ribes,,"bicolor",,"","Phil.",Accepted,,M,TRO,29100281,,"","","",""
kew-2426175,A,Grossulariaceae,,Ribes,,"billenei",,"","Medik.",Unresolved,,L,WCSP (in review),564242,792589-1,"Beytr. Pfl.-Anat.","106","","1799"
tro-29100484,A,Grossulariaceae,,Ribes,,"binominatum",,"","A. Heller",Accepted,,M,TRO,29100484,298005-2,"Cat. N. Amer. Pl. (ed. 2)","5","5","1900"
tro-29100282,A,Grossulariaceae,,Ribes,,"bogotanum",,"","Jancz.",Accepted,,M,TRO,29100282,792592-1,"Bull. Int. Acad. Sci. Cracovie, Cl. Sci. Math.","1905: 759","759","1905"
tro-29100283,A,Grossulariaceae,,Ribes,,"bolivianum",,"","Jancz.",Accepted,,M,TRO,29100283,321020-2,"Bull. Int. Acad. Sci. Cracovie, Cl. Sci. Math.","1905: 759","759","1905"
kew-2426172,A,Grossulariaceae,,Ribes,,"boreale",,"","Turcz. ex Steud.",Unresolved,,L,WCSP (in review),564239,792594-1,"Nomencl. Bot.","ed. 2, 2: 457","","1841"
tro-29100284,A,Grossulariaceae,,Ribes,,"brachybotrys",,"","(Wedd.) Jancz.",Accepted,,M,TRO,29100284,1069420-2,"Bull. Int. Acad. Sci. Cracovie, Cl. Sci. Math.","1905: 759","759","1905"
tro-29100485,A,Grossulariaceae,,Ribes,,"bracteosum",,"","Douglas",Accepted,,M,TRO,29100485,30289786-2,"Fl. Bor.-Amer.","1(5): 233","233","1832"
kew-2426185,A,Grossulariaceae,,Ribes,,"brandegeei",,"","Eastw.",Unresolved,,L,WCSP (in review),564252,220881-2,"Proc. Calif. Acad. Sci.","III, 2: 242","","1902"
kew-2426137,A,Grossulariaceae,,Ribes,,"bridgesii",,"","Hook.f.",Unresolved,,L,WCSP (in review),564204,792601-1,"Bot. Mag.","124: t. 7611","","1898"
kew-2426186,A,Grossulariaceae,,Ribes,,"bridgesii",,"","G.Nicholson",Unresolved,,L,WCSP (in review),564253,,"Hand-List Trees Shrubs","1[Polypet.]: 237","","1894"
tro-50041967,A,Grossulariaceae,,Ribes,,"burejense",,"","F. Schmidt",Accepted,,M,TRO,50041967,792603-1,"Mém. Acad. Imp. Sci. Saint Pétersbourg, Sér. 7","12(2): 42","42","1868"
tro-50204783,A,Grossulariaceae,,Ribes,,"caldasiensis",,"","Weigend",Accepted,,M,TRO,50204783,322082-2,"Syst. Bot.","26(4): 729–730, f. 2","729","2001"
tro-29100486,A,Grossulariaceae,,Ribes,,"californicum",,"","Hook. & Arn.",Accepted,,M,TRO,29100486,,"Bot. Beechey Voy.","346","346","1841"
tro-50305839,A,Grossulariaceae,,Ribes,,"californicum",subsp.,"hesperium","(McClatchie) Thorne",Accepted,,L,TRO,50305839,220883-2,"Aliso","9(2): 194","194","1978"
kew-2426095,A,Grossulariaceae,,Ribes,,"callibotrys",,"","H.L.Wendl. ex Walp.",Unresolved,,L,WCSP (in review),564162,,"Ann. Bot. Syst.","5: 23","","1858"
kew-2426105,A,Grossulariaceae,,Ribes,,"callibotrys",,"","Wender.",Unresolved,,L,WCSP (in review),564172,792606-1,"Analecten","12","","1852"
kew-2426100,A,Grossulariaceae,,Ribes,,"camporum",,"","Blank.",Unresolved,,L,WCSP (in review),564167,220886-2,"Sci. Stud. Montana Coll. Agric., Bot.","1: 63","","1905"
tro-29101504,A,Grossulariaceae,,Ribes,,"canescens",,"","Pittier",Accepted,,M,TRO,29101504,220887-2,"Contr. U.S. Natl. Herb.","20(3): 106","106","1918"
tro-29100488,A,Grossulariaceae,,Ribes,,"canthariforme",,"","Wiggins",Accepted,,M,TRO,29100488,220888-2,"Contr. Dudley Herb.","1(3): 101–102, pl. 9","101","1929"
kew-2426081,A,Grossulariaceae,,Ribes,,"carneum",,"","G.Nicholson",Unresolved,,L,WCSP (in review),564148,,"Hand-List Trees Shrubs","1[Polypet.]: 235","","1894"
kew-2426103,A,Grossulariaceae,,Ribes,,"carneum",,"","Poit. & Turpin",Unresolved,,L,WCSP (in review),564170,,"Pomol. Franç.","3: t. 222","","1874"
tro-29101250,A,Grossulariaceae,,Ribes,,"carpaticum",,"","Schult.",Accepted,,M,TRO,29101250,,"","","",""
kew-2426096,A,Grossulariaceae,,Ribes,,"carrierei",,"","C.K.Schneid.",Unresolved,,L,WCSP (in review),564163,298006-2,"Ill. Handb. Laubholzk.","1: 418","","1905"
tro-100351457,A,Grossulariaceae,,Ribes,×,"carrierei",,"","C.K. Schneid.",Unresolved,,L,TRO,100351457,,"Ill. Handb. Laubholzk.","","","1905"
tro-29100286,A,Grossulariaceae,,Ribes,,"catamarcanum",,"","Jancz.",Accepted,,M,TRO,29100286,220889-2,"Bull. Int. Acad. Sci. Cracovie, Cl. Sci. Math.","1905: 762","762","1905"
tro-29100489,A,Grossulariaceae,,Ribes,,"cereum",,"","Douglas",Accepted,,M,TRO,29100489,30020120-2,"Trans. Hort. Soc. London","7(4): 512–514","512","1830"
tro-50149395,A,Grossulariaceae,,Ribes,,"ceriferum",,"","Coville & Rose",Accepted,,M,TRO,50149395,220895-2,"Contr. U.S. Natl. Herb.","8(4): 298–299","298","1905"
kew-2900531,A,Grossulariaceae,,Ribes,,"chachapoyense",,"","Weigend & Breitkopf",Unresolved,,L,WCSP (in review),1023217,77107051-1,"Novon","20: 229","","2010"
tro-50214827,A,Grossulariaceae,,Ribes,,"chihuahuense",,"","Britton",Accepted,,M,TRO,50214827,220896-2,"Torreya","7(5): 102","102","1907"
kew-2426082,A,Grossulariaceae,,Ribes,,"chilense",,"","K.Koch",Unresolved,,L,WCSP (in review),564149,,"Hort. Dendrol.","275","","1853"
kew-2426083,A,Grossulariaceae,,Ribes,,"chubutense",,"","Gand.",Unresolved,,L,WCSP (in review),564150,220897-2,"Bull. Soc. Bot. France","59: 709","","1912 publ. 1913"
kew-2426084,A,Grossulariaceae,,Ribes,,"churchii",,"","A.Nelson & P.B.Kenn.",Unresolved,,L,WCSP (in review),564151,220898-2,"Proc. Biol. Soc. Wash.","19: 36","","1906"
tro-29101114,A,Grossulariaceae,,Ribes,,"ciliatum",,"","Humb. & Bonpl. ex Roem. & Schult.",Accepted,,M,TRO,29101114,792628-1,"Syst. Veg.","5: 500","500","1819"
kew-2426123,A,Grossulariaceae,,Ribes,×,"coeruleum",,"","Pavlov",Unresolved,,L,WCSP (in review),564190,792633-1,"Fl. Cult. Pl.","16: 35","","1936"
kew-2897232,A,Grossulariaceae,,Ribes,,"colandina",,"","Weigend",Unresolved,,L,WCSP (in review),1020061,,"Revista Peru. Biol.","12: 263","","2006"
tro-29100493,A,Grossulariaceae,,Ribes,,"coloradense",,"","Coville",Accepted,,M,TRO,29100493,220901-2,"Proc. Biol. Soc. Wash.","14(1): 3–6","3","1901"
tro-29100287,A,Grossulariaceae,,Ribes,,"columbianum",,"","Cuatrec.",Accepted,,M,TRO,29100287,220903-2,"Trab. Mus. Nac. Ci. Nat., Ser. Bot.","26: 21","21","1933"
kew-2897233,A,Grossulariaceae,,Ribes,,"contumazensis",,"","Weigend",Unresolved,,L,WCSP (in review),1020062,77095575-1,"Revista Peru. Biol.","12: 266","","2006"
tro-50204781,A,Grossulariaceae,,Ribes,,"costaricense",,"","Weigend",Accepted,,M,TRO,50204781,,"Syst. Bot.","26(4): 728–729, f. 1","728","2001"
kew-2426130,A,Grossulariaceae,,Ribes,,"costaricensis",,"","Weigend",Accepted,,M,WCSP (in review),564197,322081-2,"Syst. Bot.","26: 728","","2001"
tro-29100494,A,Grossulariaceae,,Ribes,,"cruentum",,"","Greene",Accepted,,M,TRO,29100494,220905-2,"Pittonia","4(20D): 35–36","35","1899"
kew-2426134,A,Grossulariaceae,,Ribes,,"cucullatum",,"","Hook. & Arn.",Accepted,,M,WCSP (in review),564201,792643-1,"Bot. Misc.","3: 340","","1833"
tro-100351461,A,Grossulariaceae,,Ribes,×,"culverwllii",,"","Macfarl.",Unresolved,,L,TRO,100351461,,"Trans. Roy. Soc. Edinburgh","37:","","1892"
tro-29100288,A,Grossulariaceae,,Ribes,,"cuneifolium",,"","Ruiz & Pav.",Accepted,,M,TRO,29100288,792645-1,"Fl. Peruv.","3: 13, t. 233","13","1802"
tro-29100495,A,Grossulariaceae,,Ribes,,"curvatum",,"","Small",Accepted,,M,TRO,29100495,284292-2,"Bull. Torrey Bot. Club","23(8): 295","295","1896"
tro-29100496,A,Grossulariaceae,,Ribes,,"cynosbati",,"","L.",Accepted,,M,TRO,29100496,792648-1,"Sp. Pl.","1: 202","202","1753"
kew-2426109,A,Grossulariaceae,,Ribes,,"davianum",,"","Dippel",Unresolved,,L,WCSP (in review),564176,792650-1,"Handb. Laubholzk.","3: 294","","1893"
tro-50077970,A,Grossulariaceae,,Ribes,,"davidii",,"","Franch.",Accepted,,M,TRO,50077970,,"Pl. David.","2: 58, pl. 7, f. B","58","1888"
kew-2426113,A,Grossulariaceae,,Ribes,,"decumbens",,"","Ledeb. ex Steud.",Unresolved,,L,WCSP (in review),564180,792652-1,"Nomencl. Bot.","ed. 2, 2: 457","","1841"
tro-29100289,A,Grossulariaceae,,Ribes,,"densiflorum",,"","Phil.",Accepted,,M,TRO,29100289,,"","","",""
kew-2426116,A,Grossulariaceae,,Ribes,,"dependens",,"","Dombey ex Spach",Unresolved,,L,WCSP (in review),564183,792655-1,"Ann. Sci. Nat., Bot.","II, 4: 27","","1835"
kew-2426118,A,Grossulariaceae,,Ribes,,"diacantha",,"","Pall.",Unresolved,,L,WCSP (in review),564185,792657-1,"Reise Russ. Reich.","3: 722","","1776"
tro-29100983,A,Grossulariaceae,,Ribes,,"diacanthum",,"","Pall.",Accepted,,M,TRO,29100983,,"Reise Russ. Reich.","3(2): 722–723, pl. 1, f. 2","722","1776"
tro-29100148,A,Grossulariaceae,,Ribes,,"dicuscha",,"","Fisch.",Unresolved,,L,TRO,29100148,,"","","",""
kew-2426508,A,Grossulariaceae,,Ribes,,"dikuscha",,"","Fisch. ex Turcz.",Unresolved,,L,WCSP (in review),564558,792658-1,"Bull. Soc. Imp. Naturalistes Moscou","17: 254","","1844"
kew-2426847,A,Grossulariaceae,,Ribes,,"dillenii",,"","Medik.",Unresolved,,L,WCSP (in review),564897,,"Bot. Beob. 1782","326","","1784"
kew-2426460,A,Grossulariaceae,,Ribes,,"dioicum",,"","Moench",Unresolved,,L,WCSP (in review),564510,792660-1,"Methodus","683","","1794"
kew-2426786,A,Grossulariaceae,,Ribes,×,"disputabile",,"","Pavlov",Unresolved,,L,WCSP (in review),564836,792661-1,"Fl. Cult. Pl.","16: 35","","1936"
tro-100351443,A,Grossulariaceae,,Ribes,,"distans",var.,"japonicum","(Maxim.) Jancz.",Unresolved,,L,TRO,100351443,,"Mém. Soc. Phys. Genève","35(3): 460","460","1907"
tro-100351442,A,Grossulariaceae,,Ribes,,"distans",var.,"mandshuricum","(Maxim.) Jancz.",Unresolved,,L,TRO,100351442,,"Mém. Soc. Phys. Genève","35(3): 460","460","1907"
kew-2426789,A,Grossulariaceae,,Ribes,,"divaricatum",,"","Douglas",Accepted,,M,WCSP (in review),564839,284297-2,"Trans. Hort. Soc. London","7: 515","","1830"
tro-50305855,A,Grossulariaceae,,Ribes,,"divaricatum",subsp.,"parishii","(A. Heller) A.E. Murray",Accepted,,L,TRO,50305855,220921-2,"Kalmia","12: 24","24","1982"
kew-2430677,A,Grossulariaceae,,Ribes,,"dombeyanum",,"","(Spach) Jancz.",Accepted,,M,WCSP (in review),568647,1040259-2,"Mém. Soc. Phys. Genève","35: 408","","1907"
kew-2426800,A,Grossulariaceae,,Ribes,,"domesticum",,"","Jancz.",Unresolved,,L,WCSP (in review),564850,792665-1,"Compt. Rend. Hebd. Séances Acad. Sci.","130: 589","","1900"
tro-50040015,A,Grossulariaceae,,Ribes,,"downingiana",,"","(A. Berger) Standl.",Accepted,,L,TRO,50040015,220926-2,"Publ. Field Mus. Nat. Hist., Bot. Ser.","8(3): 139","139","1930"
kew-2426794,A,Grossulariaceae,,Ribes,,"dubium",,"","Jancz. ex M.Vilm. & Bois",Unresolved,,L,WCSP (in review),564844,792668-1,"Frutic. Vilmor.","1: 137","","1904"
tro-50176446,A,Grossulariaceae,,Ribes,,"dugesii",,"","Greenm.",Accepted,,M,TRO,50176446,220927-2,"Proc. Amer. Acad. Arts","39(5): 78–79","78","1903"
kew-2426796,A,Grossulariaceae,,Ribes,,"ebracteatum",,"","Berland.",Unresolved,,L,WCSP (in review),564846,792670-1,"Mém. Soc. Phys. Genève","3(2): 60","","1826"
kew-2426797,A,Grossulariaceae,,Ribes,,"ebracteolatum",,"","Gay",Unresolved,,L,WCSP (in review),564847,792671-1,"Fl. Chil.","3: 34","","1848"
tro-29100499,A,Grossulariaceae,,Ribes,,"echinellum",,"","(Coville) Rehder",Accepted,,L,TRO,29100499,220929-2,"J. Arnold Arbor.","7(2): 148","148","1926"
tro-29100291,A,Grossulariaceae,,Ribes,,"ecuadorense",,"","Jancz.",Accepted,,M,TRO,29100291,792674-1,"Bull. Int. Acad. Sci. Cracovie, Cl. Sci. Math.","10: 760","760","1905"
tro-29100292,A,Grossulariaceae,,Ribes,,"elegans",,"","Jancz.",Accepted,,M,TRO,29100292,792675-1,"Bull. Int. Acad. Sci. Cracovie","1905: 761","761","1905"
tro-50066410,A,Grossulariaceae,,Ribes,,"erectum",,"","Freire-Fierro",Accepted,,M,TRO,50066410,1005316-1,"Novon","8(4): 354, f. 1","354","1998"
tro-29100500,A,Grossulariaceae,,Ribes,,"erythrocarpum",,"","Coville & Leiberg",Accepted,,M,TRO,29100500,220930-2,"Proc. Biol. Soc. Wash.","10(23): 132","132","1896"
tro-50077968,A,Grossulariaceae,,Ribes,,"fargesii",,"","Franch.",Accepted,,M,TRO,50077968,792678-1,"Bull. Mens. Soc. Linn. Paris, sér. 2,","1: 86","86","1898"
tro-50078108,A,Grossulariaceae,,Ribes,,"fasciculatum",,"","Siebold & Zucc.",Accepted,,M,TRO,50078108,792679-1,"Abh. Math.-Phys. Cl. Königl. Bayer. Akad. Wiss.","4(2): 189","189","1845"
tro-50078110,A,Grossulariaceae,,Ribes,,"fasciculatum",var.,"chinense","Maxim.",Accepted,,L,TRO,50078110,,"Bull. Acad. Imp. Sci. Saint-Petersbourg","19: 264","264","1874"
kew-2426775,A,Grossulariaceae,,Ribes,,"ferox",,"","Sm.",Unresolved,,L,WCSP (in review),564825,792680-1,"Cycl.","30: no. 26","","1815"
kew-2426768,A,Grossulariaceae,,Ribes,,"flavescens",,"","Poit. & Turpin",Unresolved,,L,WCSP (in review),564818,,"Pomol. Franç.","3: t. 169","","1874"
kew-2426778,A,Grossulariaceae,,Ribes,,"fleischmannii",,"","Rchb. ex K.Koch",Unresolved,,L,WCSP (in review),564828,792683-1,"Dendrologie","1: 657","","1869"
kew-2426781,A,Grossulariaceae,,Ribes,,"fontainesii",,"","Colla",Unresolved,,L,WCSP (in review),564831,792686-1,"Hortus Ripul.","App. 3: 2","","1828"
kew-2426807,A,Grossulariaceae,,Ribes,,"fontaneum",,"","Bochkarn.",Unresolved,,L,WCSP (in review),564857,,"Sist. Zametki Mater. Gerb. Krylova Tomsk. Gosud. Univ. Kuybysheva","84: 19","","1967"
tro-100351460,A,Grossulariaceae,,Ribes,×,"fontenayense",,"","Jancz.",Unresolved,,L,TRO,100351460,,"Bull. Int. Acad. Sci. Cracovie, Cl. Sci. Math.","","",""
kew-2426774,A,Grossulariaceae,,Ribes,,"fontinale",,"","Britton",Unresolved,,L,WCSP (in review),564824,220932-2,"N. Amer. Fl.","22: 205","","1908"
tro-29102345,A,Grossulariaceae,,Ribes,,"formosanum",,"","Hayata",Accepted,,M,TRO,29102345,792688-1,"Bot. Mag. (Tokyo)","20(231): 56","56","1906"
tro-50078063,A,Grossulariaceae,,Ribes,,"franchetii",,"","Jancz.",Accepted,,M,TRO,50078063,,"Bull. Int. Acad. Sci. Cracovie, Cl. Sci. Math.","1909: 64, f. 3–4","64","1909"
kew-2900530,A,Grossulariaceae,,Ribes,,"frankei",,"","Weigend & Breitkopf",Unresolved,,L,WCSP (in review),1023216,77107052-1,"Novon","20: 232","","2010"
kew-2426822,A,Grossulariaceae,,Ribes,,"frigidum",,"","Kunth",Unresolved,,L,WCSP (in review),564872,792692-1,"Nov. Gen. Sp.","6: 62","","1823"
kew-2426823,A,Grossulariaceae,,Ribes,,"fuchsioides",,"","Moc. & Sessé ex Berland.",Unresolved,,L,WCSP (in review),564873,792693-1,"Mém. Soc. Phys. Genève","3(2): 58","","1826"
tro-50213746,A,Grossulariaceae,,Ribes,,"furegense",,"","Fr.",Unresolved,,L,TRO,50213746,,"","","",""
kew-2426833,A,Grossulariaceae,,Ribes,,"fuscescens",,"","Jancz.",Unresolved,,L,WCSP (in review),564883,,"Rozpr. Wydz. Mat.-Przyr. Akad. Umiejetn., Dzia? B, Nauki Biol.","9: 71","","1909"
kew-2426825,A,Grossulariaceae,,Ribes,×,"futurum",,"","Jancz. ex M.Vilm. & Bois",Unresolved,,L,WCSP (in review),564875,792695-1,"Frutic. Vilmor.","1: 131","","1904"
tro-50053652,A,Grossulariaceae,,Ribes,,"fuyunense",,"","T.C. Ku & F. Konta",Accepted,,M,TRO,50053652,938684-1,"Guihaia","9(4): 287, f. 1, 1–2","287","1989"
kew-2426829,A,Grossulariaceae,,Ribes,,"georgianum",,"","Phil.",Unresolved,,L,WCSP (in review),564879,220935-2,"Anales Univ. Chile","85: 730","","1894"
tro-50078104,A,Grossulariaceae,,Ribes,,"giraldii",,"","Jancz.",Accepted,,M,TRO,50078104,792699-1,"Bull. Int. Acad. Sci. Cracovie, Cl. Sci. Math.","1906: 289","289","1906"
tro-50078035,A,Grossulariaceae,,Ribes,,"glabricalycinum",,"","L.T. Lu",Accepted,,M,TRO,50078035,974894-1,"Acta Phytotax. Sin.","31(5): 457–458, pl. 1, f. 5–7","457","1993"
tro-50078101,A,Grossulariaceae,,Ribes,,"glabrifolium",,"","L.T. Lu",Accepted,,M,TRO,50078101,974898-1,"Acta Phytotax. Sin.","31(5): 460–462, pl. 2, f. 5–6","460","1993"
kew-2426824,A,Grossulariaceae,,Ribes,,"glabrum",,"","(Hedl.) Sennikov",Unresolved,,L,WCSP (in review),564874,20002557-1,"in Fl. Vostoch. Evropy","10: 238","","2001"
tro-50053653,A,Grossulariaceae,,Ribes,,"glaciale",,"","Wall.",Accepted,,M,TRO,50053653,792702-1,"Fl. Ind., ed. 1820","2: 513","513","1824"
tro-29101511,A,Grossulariaceae,,Ribes,,"glanduliferum",,"","A. Heller",Accepted,,M,TRO,29101511,220936-2,"Muhlenbergia","2(1A): 56","56","1905"
tro-29101126,A,Grossulariaceae,,Ribes,,"glandulosum",,"","Grauer",Accepted,,M,TRO,29101126,792704-1,"Pl. Minus Cogn.","2","2","1784"
tro-29100947,A,Grossulariaceae,,Ribes,,"glutinosum",,"","Benth.",Accepted,,M,TRO,29100947,792708-1,"Trans. Hort. Soc. London, ser. 2,","1(6): 476","476","1835"
kew-2426813,A,Grossulariaceae,,Ribes,×,"gondouinii",,"","Pavlova",Unresolved,,L,WCSP (in review),564863,792710-1,"Trudy Prikl. Bot., Ser. 8, Plodovye Yagodnye Kul't.","2: 100","","1934"
tro-100351453,A,Grossulariaceae,,Ribes,×,"gonduini",,"","Jancz.",Unresolved,,L,TRO,100351453,,"","","","1904"
tro-29100501,A,Grossulariaceae,,Ribes,,"gooddingii",,"","M. Peck",Accepted,,M,TRO,29100501,220939-2,"Torreya","28(3): 54–55","54","1928"
kew-2426766,A,Grossulariaceae,,Ribes,×,"gordonianum",,"","Lem.",Unresolved,,L,WCSP (in review),564816,792712-1,"Fl. Serres Jard. Eur.","2: t. 165","","1846"
kew-2430661,A,Grossulariaceae,,Ribes,×,"gordonii",,"","Witte",Unresolved,,L,WCSP (in review),568631,60426697-2,"Flora (Witte)","160","","1868"
kew-2426720,A,Grossulariaceae,,Ribes,×,"gothoburgense",,"","C.H.Blom",Unresolved,,L,WCSP (in review),564770,,"Acta Horti Gothob.","6: 89","","1930 publ. 1931"
kew-2426723,A,Grossulariaceae,,Ribes,,"gracile",,"","Torr.",Unresolved,,L,WCSP (in review),564773,792715-1,"Fl. N. Middle United States","1: 269","","1824"
kew-2426724,A,Grossulariaceae,,Ribes,,"gracile",,"","Pursh",Unresolved,,L,WCSP (in review),564774,792716-1,"Fl. Amer. Sept.","1: 165","","1813"
kew-2426782,A,Grossulariaceae,,Ribes,,"gracile",,"","Michx.",Unresolved,,L,WCSP (in review),564832,792714-1,"Fl. Bor.-Amer.","1: 111","","1803"
tro-29100946,A,Grossulariaceae,,Ribes,,"gracillimum",,"","Coville & Britton",Accepted,,M,TRO,29100946,792717-1,"N. Amer. Fl.","22(3): 205","205","1908"
tro-50187876,A,Grossulariaceae,,Ribes,,"grande",,"","Rose",Accepted,,M,TRO,50187876,220941-2,"Contr. U.S. Natl. Herb.","8(4): 339","339","1905"
tro-50306285,A,Grossulariaceae,,Ribes,,"grandisepalum",,"","Durán-Esp. & Avendaño",Accepted,,M,TRO,50306285,325112-2,"Acta Bot. Mex.","60: 13–17, f. 1","13","2002"
kew-2426722,A,Grossulariaceae,,Ribes,,"graveolens",,"","Bunge",Unresolved,,L,WCSP (in review),564772,792721-1,"Mém. Sav. Étr. Acad. St. Pétersbourg","2: 535","","1835"
tro-50077954,A,Grossulariaceae,,Ribes,,"griffithii",,"","Hook. f. & Thomson",Accepted,,M,TRO,50077954,,"J. Linn. Soc., Bot.","2: 88–89","88","1858"
tro-50077956,A,Grossulariaceae,,Ribes,,"griffithii",var.,"gongshanense","(T.C. Ku) L.T. Lu",Accepted,,L,TRO,50077956,999275-1,"Fl. Reipubl. Popularis Sin.","35(1): 309","309","1995"
kew-2426714,A,Grossulariaceae,,Ribes,,"grossulariifolium",,"","Rchb. ex K.Koch",Unresolved,,L,WCSP (in review),564764,792726-1,"Dendrologie","1: 657","","1869"
tro-29100295,A,Grossulariaceae,,Ribes,,"hartwegianum",,"","Jancz.",Unresolved,,L,TRO,29100295,,"","","",""
tro-29100502,A,Grossulariaceae,,Ribes,,"hendersonii",,"","C.L. Hitchc.",Accepted,,M,TRO,29100502,297913-2,"Vasc. Pl. Pacific N.W.","3: 73","73","1961"
tro-50078028,A,Grossulariaceae,,Ribes,,"henryi",,"","Franch.",Accepted,,M,TRO,50078028,792732-1,"Bull. Mens. Soc. Linn. Paris, sér. 2,","1898: 87","87","1898"
tro-50131585,A,Grossulariaceae,,Ribes,,"hesperium",var.,"amarum","(McClatchie) Parish",Unresolved,,L,TRO,50131585,220944-2,"Pl. World","20(7): 217","217","1917"
kew-2426713,A,Grossulariaceae,,Ribes,,"heteromorphum",,"","Topa",Unresolved,,L,WCSP (in review),564763,,"Stud. Cercet. Biol. (Bucharest), Ser. Biol. Veg.","3(102): 160","","1952"
kew-2426706,A,Grossulariaceae,,Ribes,,"heterophyllum",,"","Phil.",Unresolved,,L,WCSP (in review),564756,220945-2,"Anales Univ. Chile","85: 495","","1894"
tro-29101254,A,Grossulariaceae,,Ribes,,"heterotrichum",,"","C.A. Mey.",Accepted,,M,TRO,29101254,,"Fl. Altaic.","1: 270–271","270","1829"
tro-29102307,A,Grossulariaceae,,Ribes,,"himalense",,"","Royle ex Decne.",Accepted,,M,TRO,29102307,,"Voy. Inde","4(Bot.): 66, pl. 77","66","1844"
tro-50079161,A,Grossulariaceae,,Ribes,,"himalense",var.,"verruculosum","(Rehder) L.T. Lu",Accepted,,L,TRO,50079161,999274-1,"Fl. Reipubl. Popularis Sin.","35(1): 306","306","1995"
kew-2426754,A,Grossulariaceae,,Ribes,,"hirtellum",,"","Michx.",Accepted,,M,WCSP (in review),564804,220946-2,"Fl. Bor.-Amer.","1: 111","","1803"
tro-29100679,A,Grossulariaceae,,Ribes,,"hirticaule",,"","J.F. Macbr.",Accepted,,M,TRO,29100679,220950-2,"Field Mus. Bot.","8(2): 115","115","1930"
tro-29100296,A,Grossulariaceae,,Ribes,,"hirtum",,"","Willd. ex Roem. & Schult.",Accepted,,M,TRO,29100296,792743-1,"Syst. Veg.","5: 501","501","1819"
kew-2426758,A,Grossulariaceae,,Ribes,,"hittellianum",,"","Eastw.",Unresolved,,L,WCSP (in review),564808,220951-2,"Proc. Calif. Acad. Sci.","III, 2: 245","","1902"
kew-2426759,A,Grossulariaceae,,Ribes,,"hladnickianum",,"","Freyer ex Steud.",Unresolved,,L,WCSP (in review),564809,792746-1,"Nomencl. Bot.","ed. 2, 2: 457","","1841"
kew-2426767,A,Grossulariaceae,,Ribes,,"hladnikii",,"","Rchb. ex Nyman",Unresolved,,L,WCSP (in review),564817,792747-1,"Consp. Fl. Eur.","267","","1879"
kew-2426762,A,Grossulariaceae,,Ribes,,"holosericeum",,"","Otto & A.Dietr.",Unresolved,,L,WCSP (in review),564812,792750-1,"Allg. Gartenzeitung","10: 266","","1842"
tro-100351452,A,Grossulariaceae,,Ribes,×,"holosericeum",,"","Otto & A. Dietr.",Unresolved,,L,TRO,100351452,,"","","","1842"
kew-2426763,A,Grossulariaceae,,Ribes,,"hookerianum",,"","A.Murray bis",Unresolved,,L,WCSP (in review),564813,,"Bot. Exped. Oregon","1","","1849"
tro-29100152,A,Grossulariaceae,,Ribes,,"horridum",,"","Rupr. ex Maxim.",Accepted,,M,TRO,29100152,792753-1,"Mém. Divers Savants Acad. Roy. Sci. Inst. Roy. France, Sci. Math.","9: 117","117","1859"
kew-2426746,A,Grossulariaceae,,Ribes,,"hortense",,"","Hedl.",Unresolved,,L,WCSP (in review),564796,792755-1,"Bot. Not.","1901: 94","","1901"
kew-2426765,A,Grossulariaceae,,Ribes,,"hortense",,"","Lam. ex Steud.",Unresolved,,L,WCSP (in review),564815,792754-1,"Nomencl. Bot.","1: 691","","1821"
kew-2426761,A,Grossulariaceae,,Ribes,×,"houghtonianum",,"","Pavlova",Unresolved,,L,WCSP (in review),564811,792756-1,"Trudy Prikl. Bot., Ser. 8, Plodovye Yagodnye Kul't.","2: 100","","1934"
kew-2426760,A,Grossulariaceae,,Ribes,,"howellii",,"","Greene",Unresolved,,L,WCSP (in review),564810,297972-2,"Erythea","4: 57","","1896"
kew-2900540,A,Grossulariaceae,,Ribes,,"huancabambense",,"","Weigend & Breitkopf",Unresolved,,L,WCSP (in review),1023226,77107053-1,"Novon","20: 234","","2010"
tro-29100048,A,Grossulariaceae,,Ribes,,"hudsonianum",,"","Richardson",Accepted,,M,TRO,29100048,315146-2,"Narr. Journey Polar Sea (ed. 2)","734–735","734","1823"
tro-29100503,A,Grossulariaceae,,Ribes,,"hudsonianum",var.,"petiolare","(Douglas) Jancz.",Accepted,,L,TRO,29100503,220955-2,"Mém. Soc. Phys. Genève","35(3): 346","346","1907"
tro-50078034,A,Grossulariaceae,,Ribes,,"humile",,"","Jancz.",Accepted,,M,TRO,50078034,,"Bull. Int. Acad. Sci. Cracovie, Cl. Sci. Math.","1910: 73, f. 3","73","1910"
tro-50077974,A,Grossulariaceae,,Ribes,,"hunanense",,"","Chang Y. Yang & C.J. Qi",Accepted,,M,TRO,50077974,906974-1,"Bull. Bot. Res., Harbin","5(1): 177–179, f. 1–5","177","1985"
kew-2426753,A,Grossulariaceae,,Ribes,,"hunyadense",,"","Simonk.",Unresolved,,L,WCSP (in review),564803,,"Bot. Közlem.","8: 24","","1900"
kew-2426745,A,Grossulariaceae,,Ribes,,"huronense",,"","Rydb.",Unresolved,,L,WCSP (in review),564795,792763-1,"Man. Fl. N. States","487","","1901"
kew-2426748,A,Grossulariaceae,,Ribes,,"ianthinum",,"","Poit. & Turpin",Unresolved,,L,WCSP (in review),564798,,"Pomol. Franç.","3: t. 186","","1874"
tro-29100680,A,Grossulariaceae,,Ribes,,"incarnatum",,"","Wedd.",Accepted,,M,TRO,29100680,,"Chlor. Andina","2: 215","215","1857"
tro-29100681,A,Grossulariaceae,,Ribes,,"incertum",,"","J.F. Macbr.",Accepted,,M,TRO,29100681,220957-2,"Field Mus. Bot.","8(2): 116","116","1930"
tro-29100504,A,Grossulariaceae,,Ribes,,"indecorum",,"","Eastw.",Accepted,,M,TRO,29100504,220958-2,"Proc. Calif. Acad. Sci., ser. 3,","2(7): 243–244, pl. 23, f. 3a–b","243","1902"
tro-29100945,A,Grossulariaceae,,Ribes,,"inebrians",,"","Lindl.",Accepted,,M,TRO,29100945,220959-2,"Edwards's Bot. Reg.","17: pl. 1471","pl. 1471","1832"
tro-50131648,A,Grossulariaceae,,Ribes,,"inebrians",var.,"spathianum","(Koehne) Jancz.",Accepted,,L,TRO,50131648,220962-2,"Mém. Soc. Phys. Genève","35(3): 336, f. 335","336","1907"
tro-29100505,A,Grossulariaceae,,Ribes,,"inerme",,"","Rydb.",Accepted,,M,TRO,29100505,220963-2,"Mem. New York Bot. Gard.","1: 202","202","1900"
kew-2430615,A,Grossulariaceae,,Ribes,×,"innominatum",,"","Jancz.",Unresolved,,L,WCSP (in review),568585,290179-2,"Bull. Int. Acad. Sci. Cracovie, Cl. Sci. Math.","1906: 286","","1906"
kew-2426896,A,Grossulariaceae,,Ribes,,"inodorum",,"","Link",Unresolved,,L,WCSP (in review),564946,792772-1,"Handbuch","2: 7","","1831"
tro-29100297,A,Grossulariaceae,,Ribes,,"integrifolium",,"","Phil.",Accepted,,M,TRO,29100297,,"","","",""
tro-29100506,A,Grossulariaceae,,Ribes,,"irriguum",,"","Douglas",Accepted,,M,TRO,29100506,284301-2,"Trans. Hort. Soc. London","7(4): 516","516","1830"
kew-2426869,A,Grossulariaceae,,Ribes,,"janczewskii",,"","Pojark.",Unresolved,,L,WCSP (in review),564919,,"Trudy Prikl. Bot.","22(3): 346","","1929"
kew-2426870,A,Grossulariaceae,,Ribes,,"japonicum",,"","Maxim.",Unresolved,,L,WCSP (in review),564920,792780-1,"Bull. Acad. Imp. Sci. Saint-Pétersbourg","19: 253","","1874"
kew-2426872,A,Grossulariaceae,,Ribes,,"jorullense",,"","Kunth",Unresolved,,L,WCSP (in review),564922,792782-1,"Nov. Gen. Sp.","6: 61","","1823"
kew-2426874,A,Grossulariaceae,,Ribes,,"khorasanicum",,"","Saghafi & Assadi",Unresolved,,L,WCSP (in review),564924,996009-1,"Iranian J. Bot.","7: 8","","1996"
tro-50078076,A,Grossulariaceae,,Ribes,,"kialanum",,"","Jancz.",Accepted,,M,TRO,50078076,,"Bull. Int. Acad. Sci. Cracovie, Cl. Sci. Math.","1909: 63, f. 2","63","1909"
kew-2426876,A,Grossulariaceae,,Ribes,,"kitaibelii",,"","Dörfl.",Unresolved,,L,WCSP (in review),564926,792785-1,"Exsicc. (Herb. Norm.)","1902: 4264","","1902"
tro-29100507,A,Grossulariaceae,,Ribes,,"klamathense",,"","(Coville) Fedde",Accepted,,M,TRO,29100507,220968-2,"Just's Bot. Jahresber.","36(2[4]): 519","519","1910"
kew-2426878,A,Grossulariaceae,,Ribes,×,"knightii",,"","Rehder",Unresolved,,L,WCSP (in review),564928,290180-2,"J. Arnold Arbor.","4: 113","","1923"
tro-100351454,A,Grossulariaceae,,Ribes,×,"koehneanum",,"","Jancz.",Unresolved,,L,TRO,100351454,,"","","","1904"
kew-2426857,A,Grossulariaceae,,Ribes,,"kolymense",,"","(Trautv.) Kom.",Accepted,,M,WCSP (in review),564907,,"Fl. Ukut.","1: 142","","1926"
tro-29100153,A,Grossulariaceae,,Ribes,,"komarovii",,"","Pojark.",Accepted,,M,TRO,29100153,,"Trudy Bot. Inst. Akad. Nauk S.S.S.R., Ser. 1, Fl. Sist. Vyssh. Rast.","2: 209–210, f. 16","209","1936"
tro-50149396,A,Grossulariaceae,,Ribes,,"kunthii",,"","Berland.",Accepted,,M,TRO,50149396,792790-1,"Mém. Soc. Phys. Genève","3(2): 60","60","1826"
kew-2426850,A,Grossulariaceae,,Ribes,,"lacarense",,"","Phil.",Unresolved,,L,WCSP (in review),564900,220969-2,"Anales Univ. Chile","85: 498","","1894"
tro-50078050,A,Grossulariaceae,,Ribes,,"laciniatum",,"","Hook. f. & Thomson",Accepted,,M,TRO,50078050,,"J. Proc. Linn. Soc., Bot.","2: 87","87","1858"
tro-29100785,A,Grossulariaceae,,Ribes,,"lacustre",,"","(Pers.) Poir.",Accepted,,M,TRO,29100785,1126612-2,"Encycl.","2(2): 856","856","1812"
tro-29100508,A,Grossulariaceae,,Ribes,,"lasianthum",,"","Greene",Accepted,,M,TRO,29100508,220974-2,"Pittonia","3(13): 22","22","1896"
kew-2426854,A,Grossulariaceae,,Ribes,,"lathraeum",,"","K.Koch",Unresolved,,L,WCSP (in review),564904,792795-1,"Dendrologie","1: 641","","1869"
tro-29100154,A,Grossulariaceae,,Ribes,,"latifolium",,"","Jancz.",Accepted,,M,TRO,29100154,792797-1,"Bull. Int. Acad. Sci. Cracovie, Cl. Sci. Math.","1906: 4","4","1906"
tro-50078025,A,Grossulariaceae,,Ribes,,"laurifolium",,"","Jancz.",Accepted,,M,TRO,50078025,,"Bull. Int. Acad. Sci. Cracovie, Cl. Sci. Math.","1910: 79, f. 6","79","1910"
kew-2426859,A,Grossulariaceae,,Ribes,,"lavallei",,"","Hook.f.",Unresolved,,L,WCSP (in review),564909,792799-1,"Bot. Mag.","124: t. 7611","","1898"
kew-2426860,A,Grossulariaceae,,Ribes,,"lavellei",,"","G.Nicholson",Unresolved,,L,WCSP (in review),564910,,"Hand-List Trees Shrubs","1[Polypet.]: 237","","1894"
tro-29100509,A,Grossulariaceae,,Ribes,,"laxiflorum",,"","Pursh",Accepted,,M,TRO,29100509,,"Fl. Amer. Sept.","2: 731","731","1814"
tro-50118616,A,Grossulariaceae,,Ribes,,"laxiflorum",f.,"inerme","(Kurtz) B. Boivin",Accepted,,L,TRO,50118616,220975-2,"Naturaliste Canad.","94(5): 631","631","1967"
tro-29100299,A,Grossulariaceae,,Ribes,,"lehmannii",,"","Jancz.",Accepted,,M,TRO,29100299,792803-1,"Bull. Int. Acad. Sci. Cracovie, Cl. Sci. Math.","10: 762","762","1905"
tro-50131650,A,Grossulariaceae,,Ribes,,"lentum",,"","(M.E. Jones) Coville & Rose",Accepted,,M,TRO,50131650,220978-2,"Proc. Biol. Soc. Wash.","15(5): 28","28","1902"
tro-29100510,A,Grossulariaceae,,Ribes,,"leptanthum",,"","A. Gray",Accepted,,M,TRO,29100510,220979-2,"Mem. Amer. Acad. Arts, n.s.","4(1): 53","53","1849"
tro-50317690,A,Grossulariaceae,,Ribes,,"leptanthum",subsp.,"lasianthum","(Greene) A.E. Murray",Accepted,,L,TRO,50317690,921419-1,"Kalmia","12: 24","24","1982"
tro-50040008,A,Grossulariaceae,,Ribes,,"leptosmum",,"","(Coville) Standl.",Accepted,,M,TRO,50040008,792806-1,"Publ. Field Mus. Nat. Hist., Bot. Ser.","8(3): 139","139","1930"
tro-29100300,A,Grossulariaceae,,Ribes,,"leptostachyum",,"","Benth.",Accepted,,M,TRO,29100300,324980-2,"Pl. Hartw.","186","186","1845"
kew-2426903,A,Grossulariaceae,,Ribes,,"leucocladon",,"","Rchb. ex K.Koch",Unresolved,,L,WCSP (in review),564953,792809-1,"Dendrologie","1: 657","","1869"
kew-2426913,A,Grossulariaceae,,Ribes,,"lindenii",,"","Jancz.",Unresolved,,L,WCSP (in review),564963,,"Rozpr. Wydz. Mat.-Przyr. Akad. Umiejetn., Dzia? B, Nauki Biol.","5: 760","","1905"
kew-2426907,A,Grossulariaceae,,Ribes,,"lobatum",,"","Poit. & Turpin",Unresolved,,L,WCSP (in review),564957,,"Pomol. Franç.","3: t. 187","","1874"
tro-29100511,A,Grossulariaceae,,Ribes,,"lobbii",,"","A. Gray",Accepted,,M,TRO,29100511,792814-1,"Amer. Naturalist","10(5): 274","274","1876"
tro-50053660,A,Grossulariaceae,,Ribes,,"longiracemosum",,"","Franch.",Accepted,,M,TRO,50053660,792815-1,"Nouv. Arch. Mus. Hist. Nat., sér. 2,","8: 238","238","1886"
tro-50077944,A,Grossulariaceae,,Ribes,,"longiracemosum",var.,"gracillimum","L.T. Lu",Accepted,,L,TRO,50077944,974887-1,"Acta Phytotax. Sin.","31(5): 452","452","1993"
kew-2426890,A,Grossulariaceae,,Ribes,,"longispinum",,"","K.Koch",Unresolved,,L,WCSP (in review),564940,,"Hort. Dendrol.","274","","1853"
kew-2426883,A,Grossulariaceae,,Ribes,,"loudonianum",,"","G.Nicholson",Unresolved,,L,WCSP (in review),564933,,"Hand-List Trees Shrubs","1[Polypet.]: 231","","1894"
kew-2426888,A,Grossulariaceae,,Ribes,,"loudonii",,"","Dippel",Unresolved,,L,WCSP (in review),564938,792818-1,"Handb. Laubholzk.","3: 295","","1893"
tro-29100302,A,Grossulariaceae,,Ribes,,"lucarense",,"","Phil.",Unresolved,,L,TRO,29100302,,"","","",""
tro-50078062,A,Grossulariaceae,,Ribes,,"luridum",,"","Hook. f. & Thomson",Accepted,,M,TRO,50078062,,"J. Proc. Linn. Soc., Bot.","2: 87","87","1858"
tro-50204785,A,Grossulariaceae,,Ribes,,"luteynii",,"","Weigend",Accepted,,M,TRO,50204785,322083-2,"Syst. Bot.","26(4): 730–732, f. 3","730","2001"
kew-2426887,A,Grossulariaceae,,Ribes,,"macracanthum",,"","Lodd. ex G.Don",Unresolved,,L,WCSP (in review),564937,792823-1,"Hort. Brit.","90","","1830"
tro-29100303,A,Grossulariaceae,,Ribes,,"macrobotrys",,"","Ruiz & Pav.",Accepted,,M,TRO,29100303,792825-1,"Fl. Peruv.","3: 12 t. 232","12 t. 232","1802"
kew-2426891,A,Grossulariaceae,,Ribes,,"macrocarpum",,"","Jancz.",Unresolved,,L,WCSP (in review),564941,792827-1,"Compt. Rend. Hebd. Séances Acad. Sci.","130: 589","","1900"
tro-29100304,A,Grossulariaceae,,Ribes,,"macrostachyum",,"","Jancz.",Accepted,,M,TRO,29100304,,"Bull. Int. Acad. Sci. Cracovie, Cl. Sci. Math.","292","292","1906"
tro-50337682,A,Grossulariaceae,,Ribes,,"madrense",,"","Coville & Rose",Accepted,,M,TRO,50337682,220990-2,"Smithsonian Misc. Collect.","50: 32","32","1907"
kew-2426894,A,Grossulariaceae,,Ribes,,"magellanicum",,"","Poir.",Accepted,,M,WCSP (in review),564944,792830-1,"Encycl.","Suppl. 2: 856","","1812"
tro-29100815,A,Grossulariaceae,,Ribes,,"magellanicum",subsp.,"parviflorum","Sparre",Accepted,,L,TRO,29100815,,"","","",""
tro-29100512,A,Grossulariaceae,,Ribes,,"malvaceum",,"","Sm.",Accepted,,M,TRO,29100512,792831-1,"Cycl.","30(1): Ribes no. 13","Ribes no. 13","1819"
kew-2426899,A,Grossulariaceae,,Ribes,,"malvifolium",,"","Pojark.",Unresolved,,L,WCSP (in review),564949,,"Trudy Prikl. Bot.","22(3): 352","","1929"
tro-50077961,A,Grossulariaceae,,Ribes,,"mandshuricum",var.,"mandshuricum","",Unresolved,,L,TRO,50077961,,"","","",""
kew-2426855,A,Grossulariaceae,,Ribes,,"manshuricum",,"","Kom.",Accepted,,M,WCSP (in review),564905,792833-1,"Trudy Imp. S.-Peterburgsk. Bot. Sada","22: 437","","1904"
kew-2426836,A,Grossulariaceae,,Ribes,,"mariposanum",,"","Congdon",Unresolved,,L,WCSP (in review),564886,220993-2,"Erythea","7: 183","","1900"
tro-29100515,A,Grossulariaceae,,Ribes,,"marshallii",,"","Greene",Accepted,,M,TRO,29100515,220994-2,"Pittonia","1(2): 31–32","31","1887"
kew-2426838,A,Grossulariaceae,,Ribes,,"maximowiczianum",,"","Kom.",Accepted,,M,WCSP (in review),564888,,"Trudy Imp. S.-Peterburgsk. Bot. Sada","22: 443","","1904"
tro-50078064,A,Grossulariaceae,,Ribes,,"maximowiczii",,"","Batalin",Accepted,,M,TRO,50078064,,"Trudy Imp. S.-Peterburgsk. Bot. Sada","11(2): 487–488","487","1890"
kew-2426840,A,Grossulariaceae,,Ribes,,"mediatum",,"","Měsíček & Soják",Unresolved,,L,WCSP (in review),564890,,"Preslia","44: 353","","1972"
kew-2426841,A,Grossulariaceae,,Ribes,,"megalanthos",,"","Simonk.",Unresolved,,L,WCSP (in review),564891,792838-1,"Bot. Közlem.","8: 18","","1909"
tro-29101259,A,Grossulariaceae,,Ribes,,"melananthum",,"","Boiss. & Hohen. ex Boiss.",Unresolved,,L,TRO,29101259,,"","","",""
kew-2426835,A,Grossulariaceae,,Ribes,,"melanocarpum",,"","K.Koch",Unresolved,,L,WCSP (in review),564885,,"Hort. Dendrol.","275","","1853"
kew-2426842,A,Grossulariaceae,,Ribes,,"melanocarpum",,"","Jancz. ex M.Vilm. & Bois",Unresolved,,L,WCSP (in review),564892,792840-1,"Frutic. Vilmor.","1: 136","","1904"
kew-2426843,A,Grossulariaceae,,Ribes,,"melanthum",,"","Boiss. & Hohen.",Unresolved,,L,WCSP (in review),564893,792842-1,"Diagn. Pl. Orient.","10: 19","","1849"
kew-2426844,A,Grossulariaceae,,Ribes,,"menziesianum",,"","Schult.",Unresolved,,L,WCSP (in review),564894,792843-1,"Syst. Veg.","5: 507","","1819"
tro-29100516,A,Grossulariaceae,,Ribes,,"menziesii",,"","Pursh",Accepted,,M,TRO,29100516,,"Fl. Amer. Sept.","2: 732","732","1814"
tro-29100519,A,Grossulariaceae,,Ribes,,"menziesii",var.,"hystrix","(Eastw.) Jeps.",Accepted,,L,TRO,29100519,221000-2,"Man. Fl. Pl. Calif.","473–474","473","1925"
tro-29100522,A,Grossulariaceae,,Ribes,,"menziesii",var.,"senile","(Coville) Jeps.",Accepted,,L,TRO,29100522,221005-2,"Man. Fl. Pl. Calif.","473","473","1925"
tro-50317719,A,Grossulariaceae,,Ribes,,"menziesii",var.,"subvestitum","(Hook. & Arn.) Jancz.",Accepted,,L,TRO,50317719,221006-2,"Mém. Soc. Phys. Genève","35(3): 363, f. 92","363","1907"
tro-50123467,A,Grossulariaceae,,Ribes,,"menziesii",f.,"victoris","(Greene) Hoover",Accepted,,L,TRO,50123467,221008-2,"Leafl. W. Bot.","10(16): 345","345","1966"
tro-29100523,A,Grossulariaceae,,Ribes,,"mescalerium",,"","Coville",Accepted,,M,TRO,29100523,221010-2,"Proc. Biol. Soc. Wash.","13(41): 196–198","196","1900"
kew-2426534,A,Grossulariaceae,,Ribes,,"mexicanum",,"","Spreng.",Unresolved,,L,WCSP (in review),564584,792846-1,"Syst. Veg.","4(2): 100","","1827"
tro-29101260,A,Grossulariaceae,,Ribes,,"meyeri",,"","Maxim.",Accepted,,M,TRO,29101260,792847-1,"Bull. Acad. Imp. Sci. Saint-Petersbourg","19: 260","260","1874"
tro-29101115,A,Grossulariaceae,,Ribes,,"microphyllum",,"","Kunth",Accepted,,M,TRO,29101115,,"Nov. Gen. Sp. (quarto ed.)","6: 62–63","62","1823"
kew-2430639,A,Grossulariaceae,,Ribes,,"migratorium",,"","Suksd.",Unresolved,,L,WCSP (in review),568609,221013-2,"Deutsche Bot. Monatsschr.","18: 86","","1900"
tro-29100524,A,Grossulariaceae,,Ribes,,"missouriense",,"","Nutt.",Accepted,,M,TRO,29100524,,"Fl. N. Amer.","1(4): 548","548","1840"
kew-2426533,A,Grossulariaceae,,Ribes,,"missurense",,"","Lodd. ex Wendl.f.",Unresolved,,L,WCSP (in review),564583,,"Beitr. Bot.","2: 17","","1825"
tro-29100786,A,Grossulariaceae,,Ribes,,"mogollonicum",,"","Greene",Accepted,,M,TRO,29100786,792853-1,"Bull. Torrey Bot. Club","8(11): 121–122","121","1881"
kew-2426552,A,Grossulariaceae,,Ribes,,"montigenum",,"","McClatchie",Accepted,,M,WCSP (in review),564602,297951-2,"Erythea","5: 38","","1897"
kew-2426532,A,Grossulariaceae,,Ribes,,"moschatum",,"","Poit. & Turpin",Unresolved,,L,WCSP (in review),564582,,"Pomol. Franç.","3: t. 184","","1874"
tro-50000268,A,Grossulariaceae,,Ribes,,"moupinense",,"","Franch.",Accepted,,M,TRO,50000268,,"Nouv. Arch. Mus. Hist. Nat., sér. 2,","8: 238–240","238","1886"
tro-50077940,A,Grossulariaceae,,Ribes,,"moupinense",var.,"tripartitum","(Batalin) Jancz.",Accepted,,L,TRO,50077940,,"Mém. Soc. Phys. Genève","35(3): 300","300","1907"
kew-2426567,A,Grossulariaceae,,Ribes,,"multiflorum",,"","Kit. ex Schult.",Accepted,,M,WCSP (in review),564617,,"Syst. Veg.","5: 493","","1819"
kew-2872041,A,Grossulariaceae,,Ribes,,"multiflorum",subsp.,"sandalioticum","Arrigoni",Accepted,,L,WCSP (in review),998056,,"Webbia","23: 308","","1968"
kew-2426570,A,Grossulariaceae,,Ribes,,"munroi",,"","Douglas",Unresolved,,L,WCSP (in review),564620,792865-1,"Compan. Bot. Mag.","2: 120","","1836"
tro-50213512,A,Grossulariaceae,,Ribes,,"nanophyllum",,"","Freire-Fierro & Endara",Accepted,,M,TRO,50213512,322693-2,"Syst. Bot.","27: 14–15, f. 1","14","2002"
kew-2426572,A,Grossulariaceae,,Ribes,,"nebularum",,"","Phil.",Unresolved,,L,WCSP (in review),564622,221018-2,"Anales Univ. Chile","85: 498","","1894"
kew-2426573,A,Grossulariaceae,,Ribes,,"neglectum",,"","Rose",Unresolved,,L,WCSP (in review),564623,221019-2,"Contr. U. S. Natl. Herb.","8: 298","","1905"
tro-50187747,A,Grossulariaceae,,Ribes,,"nelsonii",,"","Coville & Rose",Accepted,,M,TRO,50187747,221021-2,"Contr. U.S. Natl. Herb.","8(4): 297","297","1905"
tro-29100816,A,Grossulariaceae,,Ribes,,"nemorosum",,"","Phil.",Accepted,,M,TRO,29100816,,"","","",""
tro-29100527,A,Grossulariaceae,,Ribes,,"nevadaense",,"","Kellogg",Accepted,,M,TRO,29100527,30017132-2,"Proc. Calif. Acad. Sci.","1: 63–64","63","1855"
tro-50131633,A,Grossulariaceae,,Ribes,,"nevadaense",var.,"grantii","(A. Heller) A. Berger",Accepted,,L,TRO,50131633,221024-2,"Techn. Bull. New York Agric. Exp. Sta., Geneva","109: 46","46","1924"
tro-50131605,A,Grossulariaceae,,Ribes,,"nevadaense",var.,"jasperae","(Eastw.) Jancz.",Accepted,,L,TRO,50131605,221026-2,"Mém. Soc. Phys. Genève","35(3): 317, f. 54","317","1907"
kew-2426571,A,Grossulariaceae,,Ribes,×,"nidigrolaria",,"","Rud.Bauer & A.Bauer",Unresolved,,L,WCSP (in review),564621,939018-1,"Osnabrücker Naturwiss. Mitt.","15: 50","","1989"
kew-2426569,A,Grossulariaceae,,Ribes,,"nigrum",,"","L.",Accepted,,M,WCSP (in review),564619,792873-1,"Sp. Pl.","201","","1753"
tro-29100308,A,Grossulariaceae,,Ribes,,"nitidissima",,"","Neger",Accepted,,M,TRO,29100308,,"","","",""
kew-2426550,A,Grossulariaceae,,Ribes,,"nitidissimum",,"","Neger",Unresolved,,L,WCSP (in review),564600,792875-1,"Bot. Jahrb. Syst.","28: 253","","1900"
tro-29100530,A,Grossulariaceae,,Ribes,,"niveum",,"","Lindl.",Accepted,,M,TRO,29100530,30361747-2,"Edwards's Bot. Reg.","20: pl. 1692","pl. 1692","1834"
tro-50040019,A,Grossulariaceae,,Ribes,,"non-scriptum",,"","(A. Berger) Standl.",Accepted,,L,TRO,50040019,221030-2,"Publ. Field Mus. Nat. Hist., Bot. Ser.","8(3): 140","140","1930"
kew-2426556,A,Grossulariaceae,,Ribes,,"occidentale",,"","Hook. & Arn.",Unresolved,,L,WCSP (in review),564606,30268041-2,"Bot. Beechey Voy.","346","","1839"
kew-2426557,A,Grossulariaceae,,Ribes,,"odoratissimum",,"","M'Mahon ex True",Unresolved,,L,WCSP (in review),564607,792882-1,"Proc. Amer. Philos. Soc.","67: 14","","1928"
tro-50131654,A,Grossulariaceae,,Ribes,,"odoratum",var.,"leiobotrys","(Koehne) Rehder ex A. Berger",Unresolved,,L,TRO,50131654,221037-2,"Techn. Bull. New York Agric. Exp. Sta., Geneva","109: 41","41","1924"
kew-2426560,A,Grossulariaceae,,Ribes,,"odoriferum",,"","K.Koch",Unresolved,,L,WCSP (in review),564610,792885-1,"Wochenschr. Vereines Beförd. Gartenbaues Königl. Preuss. Staaten","2: 137","","1859"
kew-2426475,A,Grossulariaceae,,Ribes,,"officinarum",,"","Dum.Cours.",Unresolved,,L,WCSP (in review),564525,792887-1,"Bot. Cult.","ed. 2, 5: 303","","1811"
tro-29100532,A,Grossulariaceae,,Ribes,,"oligacanthum",,"","Eastw.",Accepted,,M,TRO,29100532,221039-2,"Proc. Calif. Acad. Sci., ser. 3,","2(7): 246, pl. 24, f. 8a–b","246","1902"
kew-2426480,A,Grossulariaceae,,Ribes,,"opulifolium",,"","K.Koch",Unresolved,,L,WCSP (in review),564530,792890-1,"Dendrologie","1: 657","","1869"
kew-2426481,A,Grossulariaceae,,Ribes,,"opulifolium",,"","Kit.",Unresolved,,L,WCSP (in review),564531,792891-1,"Linnaea","32: 483","","1864"
kew-2426482,A,Grossulariaceae,,Ribes,,"oregoni",,"","Hérincq",Unresolved,,L,WCSP (in review),564532,792892-1,"Hort. Franç.","1872: t. 8","","1872"
kew-2426483,A,Grossulariaceae,,Ribes,,"orientale",,"","Desf.",Accepted,,M,WCSP (in review),564533,,"Hist. Arbr. France","2: 88","","1809"
tro-50149397,A,Grossulariaceae,,Ribes,,"orizabae",,"","Rose",Accepted,,M,TRO,50149397,221040-2,"Contr. U.S. Natl. Herb.","8(4): 339","339","1905"
tro-29100310,A,Grossulariaceae,,Ribes,,"ovalifolium",,"","Jancz.",Accepted,,M,TRO,29100310,792895-1,"Bull. Int. Acad. Sci. Cracovie, Cl. Sci. Math.","1905: 761","761","1905"
tro-29100534,A,Grossulariaceae,,Ribes,,"oxyacanthoides",,"","L.",Accepted,,M,TRO,29100534,315105-2,"Sp. Pl.","1: 201","201","1753"
kew-2426490,A,Grossulariaceae,,Ribes,,"oxyacanthoides",subsp.,"cognatum","(Greene) Q.P.Sinnott",Accepted,,L,WCSP (in review),564540,284304-2,"Rhodora","87: 236","","1985"
tro-29101058,A,Grossulariaceae,,Ribes,,"oxyacanthoides",subsp.,"irriguum","(Douglas) Q.P. Sinnott",Accepted,,L,TRO,29101058,284306-2,"Rhodora","87(850): 233","233","1985"
tro-50131663,A,Grossulariaceae,,Ribes,,"oxyacanthoides",var.,"leucoderme","(A. Heller) Jancz.",Accepted,,L,TRO,50131663,221044-2,"Mém. Soc. Phys. Genève","35(3): 388, f. 110c","388","1907"
tro-50142926,A,Grossulariaceae,,Ribes,,"oxyacanthoides",var.,"setosum","(Lindl.) Dorn",Accepted,,L,TRO,50142926,973453-1,"Vasc. Pl. Wyoming","297","297","1988"
kew-2426465,A,Grossulariaceae,,Ribes,,"pachyadenium",,"","(Hand.-Mazz.) Hand.-Mazz.",Unresolved,,L,WCSP (in review),564515,792900-1,"Oesterr. Bot. Z.","85: 214","","1936"
kew-2426476,A,Grossulariaceae,,Ribes,,"palenae",,"","Phil.",Unresolved,,L,WCSP (in review),564526,221049-2,"Anales Univ. Chile","85: 497","","1894"
kew-2426469,A,Grossulariaceae,,Ribes,,"pallidiflorum",,"","Pojark.",Unresolved,,L,WCSP (in review),564519,792904-1,"Trudy Bot. Inst. Akad. Nauk S.S.S.R., Ser. 1, Fl. Sist. Vyssh. Rast.","2: 178","","1936"
kew-2426471,A,Grossulariaceae,,Ribes,,"pallidum",,"","Otto & A.Dietr.",Unresolved,,L,WCSP (in review),564521,792906-1,"Allg. Gartenzeitung","10: 268","","1842"
tro-100351451,A,Grossulariaceae,,Ribes,×,"pallidum",,"","Otto & A. Dietr.",Unresolved,,L,TRO,100351451,,"","","",""
kew-2426474,A,Grossulariaceae,,Ribes,,"palmeri",,"","Vasey & Rose",Unresolved,,L,WCSP (in review),564524,221050-2,"Proc. U. S. Natl. Mus.","11: 529","","1888"
tro-29100311,A,Grossulariaceae,,Ribes,,"panctatum",,"","Ruiz & Pav.",Unresolved,,L,TRO,29100311,,"","","",""
kew-2426500,A,Grossulariaceae,,Ribes,,"paradoxum",,"","Jancz. ex M.Vilm. & Bois",Unresolved,,L,WCSP (in review),564550,792909-1,"Frutic. Vilmor.","1: 138","","1904"
kew-2426492,A,Grossulariaceae,,Ribes,,"parviflorum",,"","Phil.",Unresolved,,L,WCSP (in review),564542,792911-1,"Linnaea","28: 648","","1858"
kew-2426511,A,Grossulariaceae,,Ribes,,"parviflorum",,"","Wedd.",Unresolved,,L,WCSP (in review),564561,792912-1,"Chlor. Andina","2: 215","","1861"
tro-29100818,A,Grossulariaceae,,Ribes,,"parvifolium",,"","Phil.",Accepted,,M,TRO,29100818,,"","","","1856"
kew-2426515,A,Grossulariaceae,,Ribes,×,"paui",,"","Blanca",Unresolved,,L,WCSP (in review),564565,977196-1,"Anales Jard. Bot. Madrid","51: 316","","1993 publ. 1994"
kew-2426516,A,Grossulariaceae,,Ribes,,"pendulum",,"","Salisb.",Unresolved,,L,WCSP (in review),564566,792916-1,"Prodr. Stirp. Chap. Allerton","355","","1796"
kew-2426525,A,Grossulariaceae,,Ribes,,"pensylvanicum",,"","Lam.",Unresolved,,L,WCSP (in review),564575,792917-1,"Encycl.","3: 49","","1789"
tro-29100312,A,Grossulariaceae,,Ribes,,"pentlandii",,"","Britton",Accepted,,M,TRO,29100312,221053-2,"Mem. Torrey Bot. Club","3(3): 26–27","26","1893"
kew-2426521,A,Grossulariaceae,,Ribes,,"petraeum",,"","Wulfen",Accepted,,M,WCSP (in review),564571,792921-1,"Misc. Austriac.","2: 36","","1781"
kew-2426524,A,Grossulariaceae,,Ribes,,"pilosum",,"","Rchb. ex K.Koch",Unresolved,,L,WCSP (in review),564574,792924-1,"Dendrologie","1: 657","","1869"
tro-29100535,A,Grossulariaceae,,Ribes,,"pinetorum",,"","Greene",Accepted,,M,TRO,29100535,221057-2,"Bot. Gaz.","6(1): 157","157","1881"
kew-2426519,A,Grossulariaceae,,Ribes,,"pneobalsamum",,"","Siev.",Unresolved,,L,WCSP (in review),564569,792926-1,"Neueste Nord. Beytr. Phys. Geogr. Erd- Völkerbeschreib.","7: 218","","1794"
kew-2426517,A,Grossulariaceae,,Ribes,,"polyanthes",,"","Phil.",Unresolved,,L,WCSP (in review),564567,792927-1,"Linnaea","28: 649","","1858"
tro-29100313,A,Grossulariaceae,,Ribes,,"polyanthum",,"","Phil.",Accepted,,M,TRO,29100313,,"","","",""
kew-2426495,A,Grossulariaceae,,Ribes,,"polycarpum",,"","J.F.Gmel.",Unresolved,,L,WCSP (in review),564545,792928-1,"Syst. Nat.","419","","1791"
kew-2426496,A,Grossulariaceae,,Ribes,,"polystachyum",,"","A.Berger",Unresolved,,L,WCSP (in review),564546,221058-2,"Techn. Bull. New York Agric. Exp. Sta., Geneva","109: 57","","1924"
tro-50187748,A,Grossulariaceae,,Ribes,,"pringlei",,"","Rose",Accepted,,M,TRO,50187748,221060-2,"Contr. U.S. Natl. Herb.","8(4): 298","298","1905"
tro-29100052,A,Grossulariaceae,,Ribes,,"procumbens",,"","Pall.",Accepted,,M,TRO,29100052,792932-1,"Fl. Ross.","1(2): 35, pl. 65","35","1788"
tro-50078037,A,Grossulariaceae,,Ribes,,"pseudofasciculatum",,"","K.S. Hao",Accepted,,M,TRO,50078037,792935-1,"Repert. Spec. Nov. Regni Veg.","40(1031–1039): 213","213","1936"
tro-29101263,A,Grossulariaceae,,Ribes,,"pulchellum",,"","Turcz.",Accepted,,M,TRO,29101263,792937-1,"Bull. Soc. Imp. Naturalistes Moscou","5: 191","191","1832"
kew-2426505,A,Grossulariaceae,,Ribes,,"pumilum",,"","Nutt.",Unresolved,,L,WCSP (in review),564555,,"Fl. N. Amer.","1: 551","","1840"
kew-2426507,A,Grossulariaceae,,Ribes,,"punctatum",,"","Ruiz & Pav.",Accepted,,M,WCSP (in review),564557,792940-1,"Fl. Peruv.","3: 12","","1802"
kew-2426595,A,Grossulariaceae,,Ribes,,"purpurascens",,"","A.Heller",Unresolved,,L,WCSP (in review),564645,221063-2,"Muhlenbergia","4: 29","","1908"
kew-2426478,A,Grossulariaceae,,Ribes,,"purpureomajus",,"","Poit. & Turpin",Unresolved,,L,WCSP (in review),564528,,"Pomol. Franç.","3: t. 182","","1874"
kew-2426577,A,Grossulariaceae,,Ribes,,"purpureominus",,"","Poit. & Turpin",Unresolved,,L,WCSP (in review),564627,,"Pomol. Franç.","3: t. 181","","1874"
tro-29100536,A,Grossulariaceae,,Ribes,,"quercetorum",,"","Greene",Accepted,,M,TRO,29100536,792945-1,"Bull. Calif. Acad. Sci.","1(3): 83","83","1885"
kew-2426662,A,Grossulariaceae,,Ribes,,"racemosum",,"","Poit. & Turpin",Unresolved,,L,WCSP (in review),564712,,"Pomol. Franç.","3: t. 221","","1874"
tro-29100944,A,Grossulariaceae,,Ribes,,"reniforme",,"","Nutt.",Accepted,,M,TRO,29100944,792950-1,"J. Acad. Nat. Sci. Philadelphia","7(1): 25–26","25","1834"
kew-2426670,A,Grossulariaceae,,Ribes,,"rigens",,"","Regel",Unresolved,,L,WCSP (in review),564720,792955-1,"Gartenflora","15: 50","","1866"
kew-2426671,A,Grossulariaceae,,Ribes,,"rigens",,"","Michx.",Unresolved,,L,WCSP (in review),564721,792956-1,"Fl. Bor.-Amer.","1: 110","","1803"
kew-2426672,A,Grossulariaceae,,Ribes,,"ringens",,"","K.Koch",Unresolved,,L,WCSP (in review),564722,792957-1,"Dendrologie","1: 654","","1869"
kew-2426651,A,Grossulariaceae,,Ribes,,"robustum",,"","G.Nicholson",Unresolved,,L,WCSP (in review),564701,,"Hand-List Trees Shrubs","1[Polypet.]: 235","","1894"
kew-2426667,A,Grossulariaceae,,Ribes,,"robustum",,"","Jancz.",Unresolved,,L,WCSP (in review),564717,290177-2,"Rozpr. Wydz. Mat.-Przyr. Akad. Umiejetn., Dzia? B, Nauki Biol.","6: 287","","1906"
tro-50142838,A,Grossulariaceae,,Ribes,×,"robustum",,"","Jancz.",Accepted,,M,TRO,50142838,290177-2,"Bull. Int. Acad. Sci. Cracovie, Cl. Sci. Math.","287","287","1906"
kew-2426665,A,Grossulariaceae,,Ribes,,"roeseri",,"","Orph. ex Boiss.",Unresolved,,L,WCSP (in review),564715,792960-1,"Fl. Orient.","2: 816","","1872"
tro-29100537,A,Grossulariaceae,,Ribes,,"roezlii",,"","Regel",Accepted,,M,TRO,29100537,,"Gartenflora","28(8): 226–227, pl. 982, f. 1–3","226","1879"
tro-29100538,A,Grossulariaceae,,Ribes,,"roezlii",var.,"amictum","(Greene) Jeps.",Accepted,,L,TRO,29100538,221067-2,"Fl. Calif.","2(2): 154","154","1936"
tro-29101053,A,Grossulariaceae,,Ribes,,"roezlii",var.,"cruentum","(Greene) Rehder",Accepted,,L,TRO,29101053,221068-2,"Stand. Cycl. Hort.","5: 2962","2962","1916"
kew-2426645,A,Grossulariaceae,,Ribes,,"rosthornii",,"","Diels",Unresolved,,L,WCSP (in review),564695,792962-1,"Bot. Jahrb. Syst.","29: 378","","1900"
tro-29100539,A,Grossulariaceae,,Ribes,,"rotundifolium",,"","Michx.",Accepted,,M,TRO,29100539,792963-1,"Fl. Bor.-Amer.","1: 110–111","110","1803"
tro-50078099,A,Grossulariaceae,,Ribes,,"rubrisepalum",,"","L.T. Lu",Accepted,,M,TRO,50078099,974897-1,"Acta Phytotax. Sin.","31(5): 458–460, pl. 2, f. 1–4","458","1993"
kew-2426658,A,Grossulariaceae,,Ribes,,"rubrum",,"","L.",Accepted,,M,WCSP (in review),564708,792965-1,"Sp. Pl.","200","","1753"
tro-50121054,A,Grossulariaceae,,Ribes,,"rubrum",var.,"alaskanum","(Berger) B. Boivin",Accepted,,L,TRO,50121054,221071-2,"Naturaliste Canad.","93(4): 436","436","1966"
tro-50149398,A,Grossulariaceae,,Ribes,,"rugosum",,"","Coville & Rose",Accepted,,M,TRO,50149398,221074-2,"Contr. U.S. Natl. Herb.","8(4): 300","300","1905"
tro-29100820,A,Grossulariaceae,,Ribes,,"ruizii",,"","Rehder",Accepted,,M,TRO,29100820,,"","","",""
kew-2426652,A,Grossulariaceae,,Ribes,,"rupicola",,"","Phil.",Unresolved,,L,WCSP (in review),564702,792968-1,"Linnaea","30: 210","","1859"
kew-2430757,A,Grossulariaceae,,Ribes,×,"rusticum",,"","Jancz.",Unresolved,,L,WCSP (in review),568726,290174-2,"Bull. Int. Acad. Sci. Cracovie, Cl. Sci. Math.","1906: 286","","1906"
kew-2426653,A,Grossulariaceae,,Ribes,,"sachalinense",,"","Nakai",Unresolved,,L,WCSP (in review),564703,792969-1,"Bot. Mag. (Tokyo)","30: 144","","1916"
kew-2897235,A,Grossulariaceae,,Ribes,,"sanchezii",,"","Weigend",Unresolved,,L,WCSP (in review),1020064,,"Revista Peru. Biol.","12: 265","","2006"
kew-2426654,A,Grossulariaceae,,Ribes,,"sanctae-barbarae",,"","A.Berger",Unresolved,,L,WCSP (in review),564704,221075-2,"Techn. Bull. New York Agric. Exp. Sta., Geneva","109: 58","","1924"
kew-2426655,A,Grossulariaceae,,Ribes,,"sanctae-luciae",,"","Jancz.",Unresolved,,L,WCSP (in review),564705,,"Rozpr. Wydz. Mat.-Przyr. Akad. Umiejetn., Dzia? B, Nauki Biol.","6: 6","","1906"
kew-2426680,A,Grossulariaceae,,Ribes,,"sanguineum",,"","Pursh",Accepted,,M,WCSP (in review),564730,317405-2,"Fl. Amer. Sept.","1: 164","","1813"
tro-29100543,A,Grossulariaceae,,Ribes,,"sanguineum",var.,"melanocarpum","(Greene) Jeps.",Accepted,,L,TRO,29100543,221078-2,"Fl. Calif.","2(2): 148","148","1936"
kew-2426649,A,Grossulariaceae,,Ribes,,"sardoum",,"","Martelli",Accepted,,M,WCSP (in review),564699,792973-1,"Malpighia","8: 384","","1895"
tro-29100544,A,Grossulariaceae,,Ribes,,"sativum",,"","(Rchb.) Syme",Accepted,,M,TRO,29100544,792974-1,"Engl. Bot. (ed. 3b)","4: 42","42","1865"
kew-2430740,A,Grossulariaceae,,Ribes,×,"saundersii",,"","Jancz.",Unresolved,,L,WCSP (in review),568709,290173-2,"Bull. Int. Acad. Sci. Cracovie, Cl. Sci. Math.","1906: 293","","1906"
tro-29101265,A,Grossulariaceae,,Ribes,,"saxatile",,"","Pall.",Accepted,,M,TRO,29101265,792975-1,"Nova Acta Acad. Sci. Imp. Petrop. Hist. Acad.","10: 376","376","1797"
kew-2426692,A,Grossulariaceae,,Ribes,,"saximontanum",,"","E.Nelson",Unresolved,,L,WCSP (in review),564742,221080-2,"Bot. Gaz.","30: 119","","1900"
kew-2426694,A,Grossulariaceae,,Ribes,,"scabrum",,"","Dombey ex Spach",Unresolved,,L,WCSP (in review),564744,792978-1,"Ann. Sci. Nat., Bot.","II, 4: 25","","1835"
kew-2426705,A,Grossulariaceae,,Ribes,,"schmidtianum",,"","Tausch",Unresolved,,L,WCSP (in review),564755,792981-1,"Flora","21: 719","","1838"
kew-2426690,A,Grossulariaceae,,Ribes,,"scuphamii",,"","Eastw.",Unresolved,,L,WCSP (in review),564740,221082-2,"Proc. Calif. Acad. Sci.","III, 2: 242","","1902"
kew-2430750,A,Grossulariaceae,,Ribes,,"senilis",,"","Fedde",Unresolved,,L,WCSP (in review),568719,221083-2,"Bot. Jahresber. (Just)","36(2): 519","","1910"
kew-2426701,A,Grossulariaceae,,Ribes,,"sennenii",,"","Simonk.",Unresolved,,L,WCSP (in review),564751,792985-1,"Bot. Közlem.","8: 7","","1909"
tro-29100545,A,Grossulariaceae,,Ribes,,"sericeum",,"","Eastw.",Accepted,,M,TRO,29100545,221084-2,"Proc. Calif. Acad. Sci., ser. 3,","2(7): 246–247, pl. 24, f. 9a–f","246","1902"
kew-2426703,A,Grossulariaceae,,Ribes,,"serotinum",,"","Lindb. ex Dippel",Unresolved,,L,WCSP (in review),564753,,"Handb. Laubholzk.","3: 307","","1893"
tro-50077942,A,Grossulariaceae,,Ribes,,"setchuense",,"","Jancz.",Accepted,,M,TRO,50077942,792988-1,"Bull. Int. Acad. Sci. Cracovie, Cl. Sci. Math.","1906: 3","3","1906"
tro-29100546,A,Grossulariaceae,,Ribes,,"setosum",,"","Lindl.",Accepted,,M,TRO,29100546,284311-2,"Trans. Hort. Soc. London","7(2): 243–244","243","1830"
kew-2426697,A,Grossulariaceae,,Ribes,,"sibiricum",,"","K.Koch",Unresolved,,L,WCSP (in review),564747,792991-1,"Dendrologie","1: 649","","1869"
kew-2426676,A,Grossulariaceae,,Ribes,,"sinanense",,"","Maek.",Unresolved,,L,WCSP (in review),564726,,"J. Jap. Bot.","15: 152","","1939"
tro-50077957,A,Grossulariaceae,,Ribes,,"soulieanum",,"","Jancz.",Accepted,,M,TRO,50077957,,"Bull. Int. Acad. Sci. Cracovie, Cl. Sci. Math.","1906: 4","4","1906"
kew-2426689,A,Grossulariaceae,,Ribes,,"spachii",,"","Jancz.",Unresolved,,L,WCSP (in review),564739,,"Rozpr. Wydz. Mat.-Przyr. Akad. Umiejetn., Dzia? B, Nauki Biol.","4: 30","","1904"
tro-29100547,A,Grossulariaceae,,Ribes,,"speciosum",,"","Pursh",Accepted,,M,TRO,29100547,,"Fl. Amer. Sept.","2: 731–732","731","1814"
kew-2426683,A,Grossulariaceae,,Ribes,,"spegazzinii",,"","Jancz.",Unresolved,,L,WCSP (in review),564733,221089-2,"Rozpr. Wydz. Mat.-Przyr. Akad. Umiejetn., Dzia? B, Nauki Biol.","5: 763","","1905"
kew-2426685,A,Grossulariaceae,,Ribes,,"spicatum",,"","Robson",Accepted,,M,WCSP (in review),564735,,"Arr. Brit. Pl. ed. 3","2: 265","","1796"
kew-2426686,A,Grossulariaceae,,Ribes,,"spicatum",subsp.,"hispidulum","(Janch.) L.Hämet-Ahti",Accepted,,L,WCSP (in review),564736,923797-1,"Ann. Bot. Fenn.","21: 209","","1984"
kew-2872054,A,Grossulariaceae,,Ribes,,"spicatum",subsp.,"lapponicum","Hyl.",Accepted,,L,WCSP (in review),998061,,"Uppsala Univ. Årsskr.","7: 196","","1945"
kew-2426592,A,Grossulariaceae,,Ribes,,"stakori",,"","Fisch. ex Sweet",Unresolved,,L,WCSP (in review),564642,793003-1,"Hort. Brit.","ed. 2: 238","","1830"
kew-2426596,A,Grossulariaceae,,Ribes,,"stamineum",,"","Hornem.",Unresolved,,L,WCSP (in review),564646,,"Hort. Bot. Hafn.","1: 237","","1813"
kew-2426657,A,Grossulariaceae,,Ribes,,"stamineum",,"","Sm.",Unresolved,,L,WCSP (in review),564707,793004-1,"Cycl.","30: no. 30","","1815"
kew-2426597,A,Grossulariaceae,,Ribes,,"stanfordii",,"","Elmer",Unresolved,,L,WCSP (in review),564647,221090-2,"Bot. Gaz.","41: 315","","1906"
tro-50194280,A,Grossulariaceae,,Ribes,,"steinbachiorum",,"","Weigend & Binder",Accepted,,M,TRO,50194280,321021-2,"Bot. Jahrb. Syst.","123(1): 111–134, f. 3, H–L","111","2001"
tro-50077935,A,Grossulariaceae,,Ribes,,"stenocarpum",,"","Maxim.",Accepted,,M,TRO,50077935,793007-1,"Bull. Acad. Imp. Sci. Saint-Petersbourg","27: 475","475","1881"
kew-2426600,A,Grossulariaceae,,Ribes,,"sterile",,"","K.Koch",Unresolved,,L,WCSP (in review),564650,793008-1,"Dendrologie","1: 657","","1869"
kew-2426609,A,Grossulariaceae,,Ribes,,"stolpi",,"","Phil.",Unresolved,,L,WCSP (in review),564659,221091-2,"Anales Univ. Chile","85: 496","","1894"
kew-2426594,A,Grossulariaceae,,Ribes,,"suaveolens",,"","Turcz.",Unresolved,,L,WCSP (in review),564644,793011-1,"Bull. Soc. Imp. Naturalistes Moscou","17: 256","","1844"
kew-2426607,A,Grossulariaceae,,Ribes,,"succineum",,"","Poit. & Turpin",Unresolved,,L,WCSP (in review),564657,,"Pomol. Franç.","3: t. 175-177","","1874"
tro-29100678,A,Grossulariaceae,,Ribes,,"sucheziense",,"","Jancz.",Accepted,,M,TRO,29100678,321022-2,"Bull. Int. Acad. Sci. Cracovie, Cl. Sci. Math.","1906: 8","8","1906"
kew-2426602,A,Grossulariaceae,,Ribes,,"suksdorfii",,"","A.Heller",Unresolved,,L,WCSP (in review),564652,221093-2,"Muhlenbergia","3: 11","","1907"
kew-2426601,A,Grossulariaceae,,Ribes,,"sutchuenense",,"","Jancz. ex M.Vilm. & Bois",Unresolved,,L,WCSP (in review),564651,793019-1,"Frutic. Vilmor.","1: 132","","1904"
tro-50078066,A,Grossulariaceae,,Ribes,,"takare",,"","D. Don",Accepted,,M,TRO,50078066,793022-1,"Prodr. Fl. Nepal.","208","208","1825"
tro-50078071,A,Grossulariaceae,,Ribes,,"takare",var.,"desmocarpum","(Hook. f. & Thomson) L.T. Lu",Accepted,,L,TRO,50078071,999278-1,"Fl. Reipubl. Popularis Sin.","35(1): 351","351","1995"
kew-2426593,A,Grossulariaceae,,Ribes,,"tanguticum",,"","Pojark.",Unresolved,,L,WCSP (in review),564643,,"Trudy Prikl. Bot.","22(3): 344","","1929"
tro-50078047,A,Grossulariaceae,,Ribes,,"tenue",,"","Jancz.",Accepted,,M,TRO,50078047,793024-1,"Bull. Int. Acad. Sci. Cracovie, Cl. Sci. Math.","1906: 290","290","1906"
tro-50040012,A,Grossulariaceae,,Ribes,,"texense",,"","(Coville & A. Berger) Standl.",Accepted,,L,TRO,50040012,221095-2,"Publ. Field Mus. Nat. Hist., Bot. Ser.","8(3): 139","139","1930"
tro-29100548,A,Grossulariaceae,,Ribes,,"thacherianum",,"","(Jeps.) Munz",Accepted,,M,TRO,29100548,221096-2,"Aliso","4(1): 92","92","1958"
tro-50000267,A,Grossulariaceae,,Ribes,,"tianquanense",,"","S.H. Yu & J.M. Xu",Accepted,,M,TRO,50000267,940220-1,"Acta Phytotax. Sin.","28(4): 325–327, pl. 1","325","1990"
kew-2426616,A,Grossulariaceae,,Ribes,,"tolimense",,"","Cuatrec.",Unresolved,,L,WCSP (in review),564666,221097-2,"Trab. Mus. Ci. Nat., Ser. Bot.","26: 21","","1933"
kew-2426584,A,Grossulariaceae,,Ribes,,"tomentosum",,"","Gand.",Unresolved,,L,WCSP (in review),564634,998341-1,"Dec. Pl. Nov.","1: 4","","1875"
kew-2426627,A,Grossulariaceae,,Ribes,,"tomentosum",,"","K.Koch",Unresolved,,L,WCSP (in review),564677,,"Hort. Dendrol.","273","","1853"
tro-50214829,A,Grossulariaceae,,Ribes,,"tortuosum",,"","Benth.",Accepted,,M,TRO,50214829,,"Bot. Voy. Sulphur","17","17","1844"
kew-2426631,A,Grossulariaceae,,Ribes,,"trifidum",,"","Michx.",Unresolved,,L,WCSP (in review),564681,793034-1,"Fl. Bor.-Amer.","1: 110","","1803"
kew-2426632,A,Grossulariaceae,,Ribes,,"trifidum",,"","K.Koch",Unresolved,,L,WCSP (in review),564682,793035-1,"Dendrologie","1: 662","","1869"
kew-2426626,A,Grossulariaceae,,Ribes,,"triflorum",,"","Hook. & Arn.",Unresolved,,L,WCSP (in review),564676,793038-1,"Bot. Beechey Voy.","346","","1839"
kew-2426634,A,Grossulariaceae,,Ribes,,"triflorum",,"","Willd.",Unresolved,,L,WCSP (in review),564684,,"Hort. Berol.","1: t. 61","","1806"
kew-2426642,A,Grossulariaceae,,Ribes,,"triflorum",,"","Bigelow",Unresolved,,L,WCSP (in review),564692,793036-1,"Fl. Boston.","ed. 2: 90","","1824"
kew-2426636,A,Grossulariaceae,,Ribes,,"trilobum",,"","Meyen",Accepted,,M,WCSP (in review),564686,793039-1,"Observ. Bot.","1: 314","","1834"
tro-29100053,A,Grossulariaceae,,Ribes,,"triste",,"","Pall.",Accepted,,M,TRO,29100053,221098-2,"Nova Acta Acad. Sci. Imp. Petrop. Hist. Acad.","10: 378","378","1797"
tro-50077966,A,Grossulariaceae,,Ribes,,"triste",var.,"repens","(A.I. Baranov) L.T. Lu",Accepted,,L,TRO,50077966,999276-1,"Fl. Reipubl. Popularis Sin.","35(1): 320","320","1995"
kew-2426635,A,Grossulariaceae,,Ribes,,"tubiflorum",,"","C.A.Mey.",Unresolved,,L,WCSP (in review),564685,793043-1,"Nouv. Mém. Soc. Imp. Naturalistes Moscou","1: 140","","1829"
kew-2426611,A,Grossulariaceae,,Ribes,,"tubulosum",,"","Poit. & Turpin",Unresolved,,L,WCSP (in review),564661,,"Pomol. Franç.","3: t. 187","","1874"
kew-2426633,A,Grossulariaceae,,Ribes,,"tubulosum",,"","Eschsch.",Unresolved,,L,WCSP (in review),564683,793044-1,"Mém. Acad. Imp. Sci. St. Pétersbourg Hist. Acad.","10: 283","","1826"
tro-50305821,A,Grossulariaceae,,Ribes,,"tularense",,"","(Coville) Fedde",Accepted,,L,TRO,50305821,,"Just's Bot. Jahresber.","36(2[4]): 519","519","1910"
kew-2430743,A,Grossulariaceae,,Ribes,,"tularensis",,"","Fedde",Unresolved,,L,WCSP (in review),568712,221104-2,"Bot. Jahresber. (Just)","36(2): 519","","1910"
kew-2900590,A,Grossulariaceae,,Ribes,,"tumerec",,"","Weigend & Breitkopf",Unresolved,,L,WCSP (in review),1023276,77107055-1,"Novon","20: 235","","2010"
kew-2426613,A,Grossulariaceae,,Ribes,,"turbinatum",,"","Pojark.",Unresolved,,L,WCSP (in review),564663,,"Trudy Prikl. Bot.","22(3): 349","","1929"
kew-2426615,A,Grossulariaceae,,Ribes,,"urceolatum",,"","Tausch",Unresolved,,L,WCSP (in review),564665,793048-1,"Flora","21: 720","","1838"
tro-100351455,A,Grossulariaceae,,Ribes,×,"urceolatum",,"","Tausch",Unresolved,,L,TRO,100351455,,"","","","1838"
kew-2426617,A,Grossulariaceae,,Ribes,,"ussuriense",,"","Jancz.",Unresolved,,L,WCSP (in review),564667,,"Rozpr. Wydz. Mat.-Przyr. Akad. Umiejetn., Dzia? B, Nauki Biol.","6: 12","","1906"
kew-2426625,A,Grossulariaceae,,Ribes,,"ussuriense",,"","Jancz. ex M.Vilm. & Bois",Unresolved,,L,WCSP (in review),564675,793049-1,"Frutic. Vilmor.","1: 138","","1904"
kew-2426610,A,Grossulariaceae,,Ribes,,"utahense",,"","G.Nicholson",Unresolved,,L,WCSP (in review),564660,,"Hand-List Trees Shrubs","1[Polypet.]: 231","","1894"
kew-2430742,A,Grossulariaceae,,Ribes,×,"utile",,"","Jancz.",Unresolved,,L,WCSP (in review),568711,290171-2,"Bull. Int. Acad. Sci. Cracovie, Cl. Sci. Math.","1906: 286","","1906"
kew-2426619,A,Grossulariaceae,,Ribes,,"uva-crispa",,"","L.",Accepted,,M,WCSP (in review),564669,793052-1,"Sp. Pl.","201","","1753"
kew-2417335,A,Grossulariaceae,,Ribes,,"vagum",,"","Jancz. ex M.Vilm. & Bois",Unresolved,,L,WCSP (in review),555529,793053-1,"Frutic. Vilmor.","1: 135","","1904"
tro-29100821,A,Grossulariaceae,,Ribes,,"valdivianum",,"","Phil.",Accepted,,M,TRO,29100821,,"","","",""
kew-2430710,A,Grossulariaceae,,Ribes,,"valicola",,"","Greene",Unresolved,,L,WCSP (in review),568680,297493-2,"Fl. Colorado","177","","1906"
tro-50040010,A,Grossulariaceae,,Ribes,,"van-fleetianum",,"","(A. Berger) Standl.",Accepted,,M,TRO,50040010,221105-2,"Publ. Field Mus. Nat. Hist., Bot. Ser.","8(3): 139","139","1930"
kew-2417331,A,Grossulariaceae,,Ribes,,"variegatum",,"","A.Nelson",Unresolved,,L,WCSP (in review),555525,221106-2,"Analyt. Key Pl. Rocky Mt.","34","","1902"
kew-2417329,A,Grossulariaceae,,Ribes,×,"varoi",,"","Blanca",Unresolved,,L,WCSP (in review),555523,977197-1,"Anales Jard. Bot. Madrid","51: 316","","1993 publ. 1994"
kew-2417307,A,Grossulariaceae,,Ribes,,"veganum",,"","auct.",Unresolved,,L,WCSP (in review),555501,,"Proc. Biol. Soc. Wash.","15: 255","","1902"
tro-29100550,A,Grossulariaceae,,Ribes,,"velutinum",,"","Greene",Accepted,,M,TRO,29100550,793058-1,"Bull. Calif. Acad. Sci.","1(3): 83–84","83","1885"
tro-29100553,A,Grossulariaceae,,Ribes,,"viburnifolium",,"","A. Gray",Accepted,,M,TRO,29100553,,"Proc. Amer. Acad. Arts","17: 202","202","1882"
tro-29100554,A,Grossulariaceae,,Ribes,,"victoris",,"","Greene",Accepted,,M,TRO,29100554,221113-2,"Pittonia","1(15): 224–225","224","1888"
tro-50131635,A,Grossulariaceae,,Ribes,,"victoris",var.,"greenianum","(A. Heller) Jeps.",Accepted,,L,TRO,50131635,221114-2,"Man. Fl. Pl. Calif.","474","474","1925"
tro-50078077,A,Grossulariaceae,,Ribes,,"vilmorinii",,"","Jancz.",Accepted,,M,TRO,50078077,793066-1,"Bull. Int. Acad. Sci. Cracovie, Cl. Sci. Math.","1906: 290","290","1906"
kew-2417318,A,Grossulariaceae,,Ribes,,"vinosum",,"","Dum.Cours.",Unresolved,,L,WCSP (in review),555512,,"Bot. Cult.","ed. 2, 7: 57","","1814"
kew-2417319,A,Grossulariaceae,,Ribes,,"virente-rotundum",,"","Poit. & Turpin",Unresolved,,L,WCSP (in review),555513,,"Pomol. Franç.","3: t. 173","","1874"
kew-2417320,A,Grossulariaceae,,Ribes,,"viridialbescens",,"","Poit. & Turpin",Unresolved,,L,WCSP (in review),555514,,"Pomol. Franç.","3: t. 175-177","","1874"
tro-50078056,A,Grossulariaceae,,Ribes,,"viridiflorum",,"","(Cheng) L.T. Lu & G. Yao",Accepted,,M,TRO,50078056,999277-1,"Fl. Reipubl. Popularis Sin.","35(1): 345, pl. 71, f. 4–6","345","1995"
tro-50131672,A,Grossulariaceae,,Ribes,,"viridifolium",,"","(Abrams) A. Heller",Accepted,,M,TRO,50131672,221118-2,"Muhlenbergia","1: 77","77","1904"
kew-2417144,A,Grossulariaceae,,Ribes,,"viridimajus",,"","Poit. & Turpin",Unresolved,,L,WCSP (in review),555341,,"Pomol. Franç.","3: t. 165","","1874"
kew-2416963,A,Grossulariaceae,,Ribes,,"viridiminus",,"","Poit. & Turpin",Unresolved,,L,WCSP (in review),555160,,"Pomol. Franç.","3: t. 164","","1874"
kew-2416976,A,Grossulariaceae,,Ribes,,"viridissimum",,"","Rchb. ex K.Koch",Unresolved,,L,WCSP (in review),555173,793073-1,"Dendrologie","1: 657","","1869"
tro-29100556,A,Grossulariaceae,,Ribes,,"viscidulum",,"","A. Berger",Accepted,,M,TRO,29100556,221119-2,"Techn. Bull. New York Agric. Exp. Sta., Geneva","109: 61","61","1924"
tro-29100557,A,Grossulariaceae,,Ribes,,"viscosissimum",,"","Pursh",Accepted,,M,TRO,29100557,317406-2,"Fl. Amer. Sept.","1: 163–164","163","1814"
tro-29100558,A,Grossulariaceae,,Ribes,,"viscosissimum",var.,"hallii","(Jancz.) Jancz.",Accepted,,L,TRO,29100558,221120-2,"Mém. Soc. Phys. Genève","35(3): 328","328","1907"
kew-2416979,A,Grossulariaceae,,Ribes,,"viscosum",,"","Cels ex Dum.Cours.",Accepted,,M,WCSP (in review),555176,,"Bot. Cult.","3: 226","","1802"
kew-2416973,A,Grossulariaceae,,Ribes,×,"vitreum",,"","Jancz.",Unresolved,,L,WCSP (in review),555170,793079-1,"Rozpr. Wydz. Mat.-Przyr. Akad. Umiejetn., Dzia? B, Nauki Biol.","11: 612","","1911"
kew-2416985,A,Grossulariaceae,,Ribes,,"vulgatissima",,"","Poit. & Turpin",Unresolved,,L,WCSP (in review),555182,,"Pomol. Franç.","3: t. 172","","1874"
kew-2416986,A,Grossulariaceae,,Ribes,×,"warscezewiczii",,"","Pavlova",Unresolved,,L,WCSP (in review),555183,793083-1,"Trudy Prikl. Bot., Ser. 8, Plodovye Yagodnye Kul't.","2: 100","","1934"
kew-2416987,A,Grossulariaceae,,Ribes,,"warszewiczii",,"","Jancz. ex M.Vilm. & Bois",Unresolved,,L,WCSP (in review),555184,793084-1,"Frutic. Vilmor.","1: 133","","1904"
kew-2415954,A,Grossulariaceae,,Ribes,,"watkinsii",,"","Eastw.",Unresolved,,L,WCSP (in review),554232,221123-2,"Leafl. W. Bot.","1: 230","","1936"
tro-29100559,A,Grossulariaceae,,Ribes,,"watsonianum",,"","Koehne",Accepted,,M,TRO,29100559,221124-2,"Deut. Dendrol.","197–198","197","1893"
tro-29100316,A,Grossulariaceae,,Ribes,,"weberbaueri",,"","Jancz.",Accepted,,M,TRO,29100316,793087-1,"Bull. Int. Acad. Sci. Cracovie, Cl. Sci. Math.","1905: 763","763","1905"
kew-2415948,A,Grossulariaceae,,Ribes,,"wilsonianum",,"","Greene",Unresolved,,L,WCSP (in review),554226,221125-2,"Erythea","3: 70","","1895"
tro-29100560,A,Grossulariaceae,,Ribes,,"wolfii",,"","Rothr.",Accepted,,M,TRO,29100560,315147-2,"Amer. Naturalist","8(6): 358–359","358","1874"
tro-50078033,A,Grossulariaceae,,Ribes,,"xizangense",,"","L.T. Lu",Accepted,,M,TRO,50078033,974893-1,"Acta Phytotax. Sin.","31(5): 454–457, pl. 1, f. 1–4","454","1993"
kew-2427982,A,Grossulariaceae,,Ribes,,"xorullense",,"","Spreng.",Unresolved,,L,WCSP (in review),565972,793091-1,"Syst. Veg.","4(2): 100","","1827"
kew-2527531,A,Grossulariaceae,,Ribesium,,"campanulatum",,"","Medik.",Unresolved,,L,WCSP (in review),663576,793092-1,"Beytr. Pfl.-Anat.","106","","1799"
kew-2527532,A,Grossulariaceae,,Ribesium,,"dillenii",,"","Medik.",Unresolved,,L,WCSP (in review),663577,793093-1,"Philos. Bot.","1: 120","","1789"
kew-2427544,A,Grossulariaceae,,Ribularia,×,"paui",,"","(Blanca) Holub",Unresolved,,L,WCSP (in review),565534,1002631-1,"Preslia","70: 110","","1998"
