﻿ID,Major group,Family,Genus hybrid marker,Genus,Species hybrid marker,Species,Infraspecific rank,Infraspecific epithet,Authorship,Taxonomic status in TPL,Nomenclatural status from original data source,Confidence level,Source,Source id,IPNI id,Publication,Collation,Page,Date
kew-370360,A,Gunneraceae,,Gunnera,,"aequatoriensis",,"","L.E.Mora",Accepted,,H,WCSP,370360,114778-2,"Mutisia","45: 2","","1978"
kew-370361,A,Gunneraceae,,Gunnera,,"albocarpa",,"","(Kirk) Cockayne",Accepted,,H,WCSP,370361,430130-1,"Rep. Bot. Surv. Stewart Isl.","43","","1909"
kew-370362,A,Gunneraceae,,Gunnera,,"annae",,"","Schindl.",Accepted,,H,WCSP,370362,114779-2,"Repert. Spec. Nov. Regni Veg.","9: 124","","1911"
kew-370363,A,Gunneraceae,,Gunnera,,"antioquensis",,"","L.E.Mora",Accepted,,H,WCSP,370363,114780-2,"Caldasia","12: 172","","1978"
kew-370364,A,Gunneraceae,,Gunnera,,"apiculata",,"","Schindl.",Accepted,,H,WCSP,370364,114781-2,"Pflanzenr.","IV, 225: 121","","1905"
kew-370365,A,Gunneraceae,,Gunnera,,"arenaria",,"","Cheeseman ex Kirk",Accepted,,H,WCSP,370365,430133-1,"Trans. & Proc. New Zealand Inst.","27: 348","","1894 publ. 1895"
kew-370366,A,Gunneraceae,,Gunnera,,"atropurpurea",,"","L.E.Mora",Accepted,,H,WCSP,370366,114782-2,"Caldasia","12: 172","","1978"
kew-370371,A,Gunneraceae,,Gunnera,,"berteroi",,"","Phil.",Accepted,,H,WCSP,370371,430134-1,"Anales Univ. Chile","41: 714","","1872"
kew-370372,A,Gunneraceae,,Gunnera,,"bogotana",,"","L.E.Mora",Accepted,,H,WCSP,370372,114783-2,"Caldasia","12: 174","","1978"
kew-370373,A,Gunneraceae,,Gunnera,,"bolivari",,"","J.F.Macbr.",Accepted,,H,WCSP,370373,114784-2,"Publ. Field Mus. Nat. Hist., Bot. Ser.","11: 32","","1931"
kew-370374,A,Gunneraceae,,Gunnera,,"boliviana",,"","Morong. ex Rusby",Accepted,,H,WCSP,370374,430136-1,"Mem. Torrey Bot. Club","6: 33","","1896"
kew-370375,A,Gunneraceae,,Gunnera,,"bracteata",,"","Steud. ex Benn.",Accepted,,H,WCSP,370375,430137-1,"Pl. Jav. Rar.","75","","1838"
kew-370377,A,Gunneraceae,,Gunnera,,"brephogea",,"","Linden & André",Accepted,,H,WCSP,370377,430139-1,"Ill. Hort.","19: 367","","1872"
kew-370379,A,Gunneraceae,,Gunnera,,"brephogea",var.,"magna","(L.E.Mora) L.E.Mora",Accepted,,L,WCSP,370379,923371-1,"in Fl. Colombia","3: 101","","1984"
kew-370381,A,Gunneraceae,,Gunnera,,"caucana",,"","L.E.Mora",Accepted,,H,WCSP,370381,904294-1,"in Fl. Colombia","3: 104","","1984"
kew-370385,A,Gunneraceae,,Gunnera,,"colombiana",,"","L.E.Mora",Accepted,,H,WCSP,370385,114790-2,"Caldasia","12: 176","","1978"
kew-370386,A,Gunneraceae,,Gunnera,,"commutata",,"","Blume",Accepted,,H,WCSP,370386,430142-1,"Mus. Bot.","2: 100","","1856"
kew-370387,A,Gunneraceae,,Gunnera,,"cordifolia",,"","(Hook.f.) Hook.f.",Accepted,,H,WCSP,370387,,"Fl. Tasman.","1: 125","","1856"
kew-370388,A,Gunneraceae,,Gunnera,,"cuatrecasasii",,"","L.E.Mora",Accepted,,H,WCSP,370388,904295-1,"in Fl. Colombia","3: 111","","1984"
tro-50088998,A,Gunneraceae,,Gunnera,,"cuatrecasii",,"","L.E. Mora",Accepted,,M,TRO,50088998,,"Fl. Colombia","3: 111–113, f. 43","111","1984"
kew-370389,A,Gunneraceae,,Gunnera,,"densiflora",,"","Hook.f.",Accepted,,H,WCSP,370389,430144-1,"Handb. N. Zeal. Fl.","68","","1864"
kew-370390,A,Gunneraceae,,Gunnera,,"dentata",,"","Kirk",Accepted,,H,WCSP,370390,430145-1,"Trans. & Proc. New Zealand Inst.","27: 436","","1894 publ. 1895"
kew-370391,A,Gunneraceae,,Gunnera,,"diazii",,"","L.E.Mora",Accepted,,H,WCSP,370391,904296-1,"in Fl. Colombia","3: 113","","1984"
kew-370394,A,Gunneraceae,,Gunnera,,"ecuadoriana",,"","Gilli",Accepted,,H,WCSP,370394,114791-2,"Feddes Repert.","92: 679","","1981"
kew-370398,A,Gunneraceae,,Gunnera,,"flavida",,"","Colenso",Accepted,,H,WCSP,370398,,"Trans. & Proc. New Zealand Inst.","18: 260","","1886"
kew-370399,A,Gunneraceae,,Gunnera,,"garciae-barrigae",,"","L.E.Mora",Accepted,,H,WCSP,370399,904297-1,"in Fl. Colombia","3: 116","","1984"
kew-370401,A,Gunneraceae,,Gunnera,,"hamiltonii",,"","Kirk ex W.S.Ham.",Accepted,,H,WCSP,370401,430152-1,"Trans. & Proc. New Zealand Inst.","17: 292","","1885"
kew-370402,A,Gunneraceae,,Gunnera,,"hernandezii",,"","L.E.Mora",Accepted,,H,WCSP,370402,114792-2,"Mutisia","45: 3","","1978"
kew-370403,A,Gunneraceae,,Gunnera,,"herteri",,"","Osten",Accepted,,H,WCSP,370403,114793-2,"Com. Herb. Corn. Osten","2: 33","","1932"
kew-370404,A,Gunneraceae,,Gunnera,,"insignis",,"","(Oerst.) Oerst.",Accepted,,H,WCSP,370404,430154-1,"Vidensk. Meddel. Naturhist. Foren. Kjøbenhavn","1857: 189","","1857"
kew-370409,A,Gunneraceae,,Gunnera,×,"katherine-wilsoniae",,"","L.D.Gómez",Accepted,,H,WCSP,370409,288063-2,"Phytologia","53: 100","","1983"
kew-370410,A,Gunneraceae,,Gunnera,,"kauaiensis",,"","Rock",Accepted,,H,WCSP,370410,430158-1,"Occas. Pap. Bernice Pauahi Bishop Mus.","9(5): 3","","1930"
kew-370413,A,Gunneraceae,,Gunnera,,"lobata",,"","Hook.f.",Accepted,,H,WCSP,370413,430161-1,"Fl. Antarct.","274","","1846"
kew-370414,A,Gunneraceae,,Gunnera,,"lozanoi",,"","L.E.Mora",Accepted,,H,WCSP,370414,904298-1,"in Fl. Colombia","3: 121","","1984"
kew-370415,A,Gunneraceae,,Gunnera,,"macrophylla",,"","Blume",Accepted,,H,WCSP,370415,,"Bijdr.","513","","1826"
kew-370416,A,Gunneraceae,,Gunnera,,"magellanica",,"","Lam.",Accepted,,H,WCSP,370416,430163-1,"Encycl.","3: 61","","1789"
kew-370417,A,Gunneraceae,,Gunnera,,"magnifica",,"","H.St.John",Accepted,,H,WCSP,370417,430164-1,"Svensk Bot. Tidskr.","51: 522","","1957"
kew-370419,A,Gunneraceae,,Gunnera,,"manicata",,"","Linden ex Delchev.",Accepted,,H,WCSP,370419,324610-2,"Rev. Hort.","39: 219","","1867"
tro-15000002,A,Gunneraceae,,Gunnera,,"manicata",,"","Linden ex André",Unresolved,,L,TRO,15000002,,"Ill. Hort.","20: 156–157","156","1873"
kew-370420,A,Gunneraceae,,Gunnera,,"margaretae",,"","Schindl.",Accepted,,H,WCSP,370420,114798-2,"Repert. Spec. Nov. Regni Veg.","9: 125","","1911"
kew-370421,A,Gunneraceae,,Gunnera,,"masafuerae",,"","Skottsb.",Accepted,,H,WCSP,370421,430168-1,"Kongl. Svenska Vetensk. Acad. Handl.","n.s., 51(9): 14","","1914"
kew-370423,A,Gunneraceae,,Gunnera,,"mexicana",,"","Brandegee",Accepted,,H,WCSP,370423,114799-2,"Univ. Calif. Publ. Bot.","10: 186","","1922"
kew-370426,A,Gunneraceae,,Gunnera,,"mixta",,"","Kirk",Accepted,,H,WCSP,370426,430173-1,"Trans. & Proc. New Zealand Inst.","27: 344","","1894 publ. 1895"
kew-370428,A,Gunneraceae,,Gunnera,,"monoica",,"","Raoul",Accepted,,H,WCSP,370428,430175-1,"Ann. Sci. Nat., Bot.","II, 2: 117","","1844"
kew-359834,A,Gunneraceae,,Gunnera,,"morae",,"","Wanntorp & Klack.",Accepted,,H,WCSP,359834,,"Caldasia","28: 223","","2006"
kew-370433,A,Gunneraceae,,Gunnera,,"peltata",,"","Phil.",Accepted,,H,WCSP,370433,430177-1,"Bot. Zeitung (Berlin)","14: 643","","1856"
kew-370434,A,Gunneraceae,,Gunnera,,"perpensa",,"","L.",Accepted,,H,WCSP,370434,,"Mant. Pl.","1: 21","","1767"
kew-370438,A,Gunneraceae,,Gunnera,,"peruviana",,"","J.F.Macbr.",Accepted,,H,WCSP,370438,114800-2,"Publ. Field Mus. Nat. Hist., Bot. Ser.","11: 31","","1931"
kew-370441,A,Gunneraceae,,Gunnera,,"petaloidea",,"","Gaudich.",Accepted,,H,WCSP,370441,430180-1,"Voy. Uranie","512","","1830"
kew-370442,A,Gunneraceae,,Gunnera,,"pilosa",,"","Kunth",Accepted,,H,WCSP,370442,430181-1,"Syn. Pl.","1: 378","","1822"
kew-370444,A,Gunneraceae,,Gunnera,,"pittieriana",,"","V.M.Badillo & Steyerm.",Accepted,,H,WCSP,370444,114802-2,"Acta Bot. Venez.","8: 311","","1973"
kew-370446,A,Gunneraceae,,Gunnera,,"prorepens",,"","Hook.f.",Accepted,,H,WCSP,370446,430183-1,"Fl. Nov.-Zel.","1: 66","","1852"
kew-370448,A,Gunneraceae,,Gunnera,,"quitoensis",,"","L.E.Mora",Accepted,,H,WCSP,370448,114804-2,"Mutisia","45: 4","","1978"
kew-370449,A,Gunneraceae,,Gunnera,,"reichei",,"","Schindl.",Accepted,,H,WCSP,370449,114805-2,"Pflanzenr.","IV, 225: 114","","1905"
kew-370451,A,Gunneraceae,,Gunnera,,"reniformis",,"","Ridl.",Accepted,,H,WCSP,370451,430187-1,"Trans. Linn. Soc. London, Bot.","9: 40","","1916"
kew-370452,A,Gunneraceae,,Gunnera,,"rheifolia",,"","Schindl.",Accepted,,H,WCSP,370452,114806-2,"Pflanzenr.","IV, 225: 121","","1905"
kew-370453,A,Gunneraceae,,Gunnera,,"saint-johnii",,"","(L.E.Mora) L.E.Mora",Accepted,,H,WCSP,370453,914070-1,"in Fl. Colombia","3: 138","","1984"
kew-370454,A,Gunneraceae,,Gunnera,,"sanctae-marthae",,"","L.E.Mora",Accepted,,H,WCSP,370454,904299-1,"in Fl. Colombia","3: 140","","1984"
kew-370457,A,Gunneraceae,,Gunnera,,"schindleri",,"","L.E.Mora",Accepted,,H,WCSP,370457,114807-2,"Mutisia","45: 5","","1978"
kew-370458,A,Gunneraceae,,Gunnera,,"schultesii",,"","L.E.Mora",Accepted,,H,WCSP,370458,904300-1,"in Fl. Colombia","3: 142","","1984"
kew-370459,A,Gunneraceae,,Gunnera,,"silvioana",,"","L.E.Mora",Accepted,,H,WCSP,370459,904301-1,"in Fl. Colombia","3: 146","","1984"
kew-370461,A,Gunneraceae,,Gunnera,,"steyermarkii",,"","L.E.Mora",Accepted,,H,WCSP,370461,114808-2,"Mutisia","45: 6","","1978"
kew-370462,A,Gunneraceae,,Gunnera,,"strigosa",,"","(Kirk) Colenso",Accepted,,H,WCSP,370462,430192-1,"Trans. & Proc. New Zealand Inst.","15: 322","","1883"
kew-370463,A,Gunneraceae,,Gunnera,,"tacueyana",,"","L.E.Mora",Accepted,,H,WCSP,370463,904302-1,"in Fl. Colombia","3: 156","","1984"
kew-370464,A,Gunneraceae,,Gunnera,,"tajumbina",,"","L.E.Mora",Accepted,,H,WCSP,370464,904303-1,"in Fl. Colombia","3: 149","","1984"
kew-370465,A,Gunneraceae,,Gunnera,,"talamancana",,"","H.Weber & L.E.Mora",Accepted,,H,WCSP,370465,114809-2,"Beitr. Biol. Pflanzen","34: 475","","1958"
kew-370466,A,Gunneraceae,,Gunnera,,"tamanensis",,"","L.E.Mora",Accepted,,H,WCSP,370466,277824-2,"in Fl. Colombia","3: 151","","1984"
kew-370467,A,Gunneraceae,,Gunnera,,"tayrona",,"","L.E.Mora",Accepted,,H,WCSP,370467,114810-2,"Caldasia","12: 178","","1978"
kew-370468,A,Gunneraceae,,Gunnera,,"tinctoria",,"","(Molina) Mirb.",Accepted,,H,WCSP,370468,430194-1,"Hist. Nat. Pl.","ed. 2, 10: 141","","1805"
kew-467206,A,Gunneraceae,,Gunnera,,"tinctoria",var.,"meyeri","(L.E.Mora) L.E.Mora, Pabón-Mora & F.González",Accepted,,L,WCSP,467206,77115886-1,"Fl. Neotrop. Monogr.","109: 143","","2011"
kew-467204,A,Gunneraceae,,Gunnera,,"tinctoria",var.,"valdiviensis","(L.E.Mora) L.E.Mora, Pabón-Mora & F.González",Accepted,,L,WCSP,467204,77115887-1,"Fl. Neotrop. Monogr.","109: 143","","2011"
kew-370469,A,Gunneraceae,,Gunnera,,"umbraculifera",,"","Linden",Unresolved,,L,WCSP,370469,430195-1,"Cat. Gén.","93: 5","","1875"
kew-370470,A,Gunneraceae,,Gunnera,,"venezolana",,"","L.E.Mora",Accepted,,H,WCSP,370470,114811-2,"Mutisia","45: 7","","1978"
kew-370472,A,Gunneraceae,,Gunnera,,"vestita",,"","Schindl.",Accepted,,H,WCSP,370472,114813-2,"Pflanzenr.","IV, 225: 125","","1905"
