﻿ID,Major group,Family,Genus hybrid marker,Genus,Species hybrid marker,Species,Infraspecific rank,Infraspecific epithet,Authorship,Taxonomic status in TPL,Nomenclatural status from original data source,Confidence level,Source,Source id,IPNI id,Publication,Collation,Page,Date
kew-220300,A,Haemodoraceae,,Anigozanthos,,"bicolor",,"","Endl.",Accepted,,H,WCSP,220300,429572-1,"Pl. Preiss.","2: 26","","1846"
kew-220305,A,Haemodoraceae,,Anigozanthos,,"bicolor",subsp.,"minor","(Benth.) Hopper",Accepted,,L,WCSP,220305,953648-1,"in Fl. Australia","45: 455","","1987"
kew-220309,A,Haemodoraceae,,Anigozanthos,,"flavidus",,"","DC.",Accepted,,H,WCSP,220309,,"Liliac.","3: t. 172","","1807"
kew-220311,A,Haemodoraceae,,Anigozanthos,,"gabrielae",,"","Domin",Accepted,,H,WCSP,220311,63103-1,"J. Linn. Soc., Bot.","41: 257","","1912"
kew-220313,A,Haemodoraceae,,Anigozanthos,,"humilis",,"","Lindl.",Accepted,,H,WCSP,220313,,"Sketch Veg. Swan R.","46","","1839"
kew-220316,A,Haemodoraceae,,Anigozanthos,,"kalbarriensis",,"","Hopper",Accepted,,H,WCSP,220316,429579-1,"Nuytsia","2: 181","","1978"
kew-220317,A,Haemodoraceae,,Anigozanthos,,"manglesii",,"","D.Don",Accepted,,H,WCSP,220317,,"Brit. Fl. Gard.","6: t. 265","","1834"
kew-220322,A,Haemodoraceae,,Anigozanthos,,"onycis",,"","A.S.George",Accepted,,H,WCSP,220322,429583-1,"Nuytsia","1: 367","","1974"
kew-220323,A,Haemodoraceae,,Anigozanthos,,"preissii",,"","Endl.",Accepted,,H,WCSP,220323,429584-1,"Pl. Preiss.","2: 26","","1846"
kew-220324,A,Haemodoraceae,,Anigozanthos,,"pulcherrimus",,"","Hook.",Accepted,,H,WCSP,220324,429585-1,"Bot. Mag.","71: t. 4180","","1845"
kew-220325,A,Haemodoraceae,,Anigozanthos,,"rufus",,"","Labill.",Accepted,,H,WCSP,220325,,"Voy. Rech. Pérouse","1: 410","","1800"
kew-220327,A,Haemodoraceae,,Anigozanthos,,"viridis",,"","Endl.",Accepted,,H,WCSP,220327,429588-1,"Pl. Preiss.","2: 25","","1846"
kew-221208,A,Haemodoraceae,,Barberetta,,"aurea",,"","Harv.",Accepted,,H,WCSP,221208,429594-1,"Gen. S. Afr. Pl.","ed. 2: 377","","1868"
kew-221761,A,Haemodoraceae,,Blancoa,,"canescens",,"","Lindl.",Accepted,,H,WCSP,221761,429595-1,"Sketch Veg. Swan R.","45","","1839"
kew-234316,A,Haemodoraceae,,Conostylis,,"aculeata",,"","R.Br.",Accepted,,H,WCSP,234316,429610-1,"Prodr. Fl. Nov. Holl.","300","","1810"
kew-234321,A,Haemodoraceae,,Conostylis,,"aculeata",subsp.,"bromelioides","(Endl.) J.W.Green",Accepted,,L,WCSP,234321,,"Proc. Linn. Soc. New South Wales","85: 348","","1961"
kew-234322,A,Haemodoraceae,,Conostylis,,"aculeata",subsp.,"cygnorum","Hopper",Accepted,,L,WCSP,234322,949693-1,"in Fl. Australia","45: 457","","1987"
kew-234325,A,Haemodoraceae,,Conostylis,,"aculeata",subsp.,"preissii","(Endl.) J.W.Green",Accepted,,L,WCSP,234325,,"Proc. Linn. Soc. New South Wales","85: 349","","1961"
kew-234329,A,Haemodoraceae,,Conostylis,,"aculeata",subsp.,"spinuligera","(F.Muell. ex Benth.) Hopper",Accepted,,L,WCSP,234329,953649-1,"in Fl. Australia","45: 458","","1987"
kew-234331,A,Haemodoraceae,,Conostylis,,"albescens",,"","Hopper",Accepted,,H,WCSP,234331,932516-1,"in Fl. Australia","45: 458","","1987"
kew-234334,A,Haemodoraceae,,Conostylis,,"androstemma",,"","F.Muell.",Accepted,,H,WCSP,234334,,"Fragm.","8: 19","","1872"
kew-234336,A,Haemodoraceae,,Conostylis,,"angustifolia",,"","Hopper",Accepted,,H,WCSP,234336,932517-1,"in Fl. Australia","45: 458","","1987"
kew-234337,A,Haemodoraceae,,Conostylis,,"argentea",,"","(J.W.Green) Hopper",Accepted,,H,WCSP,234337,944248-1,"in Fl. Australia","45: 459","","1987"
kew-234339,A,Haemodoraceae,,Conostylis,,"aurea",,"","Lindl.",Accepted,,H,WCSP,234339,429616-1,"Sketch Veg. Swan R.","44","","1839"
kew-234341,A,Haemodoraceae,,Conostylis,,"bealiana",,"","F.Muell.",Accepted,,H,WCSP,234341,429617-1,"Fragm.","9: 50","","1875"
kew-234342,A,Haemodoraceae,,Conostylis,,"bracteata",,"","Endl.",Accepted,,H,WCSP,234342,429618-1,"Pl. Preiss.","2: 16","","1846"
kew-234344,A,Haemodoraceae,,Conostylis,,"breviscapa",,"","R.Br.",Accepted,,H,WCSP,234344,429620-1,"Prodr. Fl. Nov. Holl.","301","","1810"
kew-234346,A,Haemodoraceae,,Conostylis,,"candicans",,"","Endl.",Accepted,,H,WCSP,234346,429622-1,"Nov. Stirp. Dec.","20","","1839"
kew-234347,A,Haemodoraceae,,Conostylis,,"candicans",subsp.,"calcicola","Hopper",Accepted,,L,WCSP,234347,949697-1,"in Fl. Australia","45: 459","","1987"
kew-234352,A,Haemodoraceae,,Conostylis,,"canteriata",,"","Hopper",Accepted,,H,WCSP,234352,932518-1,"in Fl. Australia","45: 459","","1987"
kew-234353,A,Haemodoraceae,,Conostylis,,"caricina",,"","Lindl.",Accepted,,H,WCSP,234353,429624-1,"Sketch Veg. Swan R.","45","","1839"
kew-234356,A,Haemodoraceae,,Conostylis,,"crassinerva",,"","J.W.Green",Accepted,,H,WCSP,234356,,"Proc. Linn. Soc. New South Wales","85: 361","","1961"
kew-234362,A,Haemodoraceae,,Conostylis,,"deplexa",,"","J.W.Green",Accepted,,H,WCSP,234362,899525-1,"Nuytsia","4: 55","","1982"
kew-234363,A,Haemodoraceae,,Conostylis,,"dielsii",,"","W.Fitzg.",Accepted,,H,WCSP,234363,,"J. Proc. Mueller Bot. Soc. Western Australia","1(11): 82","","1901"
kew-234367,A,Haemodoraceae,,Conostylis,,"drummondii",,"","Benth.",Accepted,,H,WCSP,234367,429629-1,"Fl. Austral.","6: 433","","1873"
kew-234369,A,Haemodoraceae,,Conostylis,,"festucacea",,"","Endl.",Accepted,,H,WCSP,234369,429631-1,"Pl. Preiss.","2: 18","","1846"
kew-234371,A,Haemodoraceae,,Conostylis,,"festucacea",subsp.,"filifolia","(F.Muell.) Hopper",Accepted,,L,WCSP,234371,953650-1,"in Fl. Australia","45: 460","","1987"
kew-234376,A,Haemodoraceae,,Conostylis,,"hiemalis",,"","Hopper",Accepted,,H,WCSP,234376,932519-1,"in Fl. Australia","45: 460","","1987"
kew-234378,A,Haemodoraceae,,Conostylis,,"juncea",,"","Endl.",Accepted,,H,WCSP,234378,429637-1,"Nov. Stirp. Dec.","19","","1839"
kew-234379,A,Haemodoraceae,,Conostylis,,"juncea",,"","Lindl.",Unresolved,,L,WCSP,234379,429638-1,"Edwards's Bot. Reg.","25(Misc.): 54","","1839"
kew-234380,A,Haemodoraceae,,Conostylis,,"latens",,"","Hopper",Accepted,,H,WCSP,234380,932520-1,"in Fl. Australia","45: 461","","1987"
kew-234381,A,Haemodoraceae,,Conostylis,,"laxiflora",,"","Benth.",Accepted,,H,WCSP,234381,,"Fl. Austral.","4: 439","","1868"
kew-234382,A,Haemodoraceae,,Conostylis,,"lepidospermoides",,"","Hopper",Accepted,,H,WCSP,234382,932521-1,"in Fl. Australia","45: 461","","1987"
kew-234385,A,Haemodoraceae,,Conostylis,,"micrantha",,"","Hopper",Accepted,,H,WCSP,234385,932522-1,"in Fl. Australia","45: 461","","1987"
kew-234387,A,Haemodoraceae,,Conostylis,,"misera",,"","Endl.",Accepted,,H,WCSP,234387,429643-1,"Pl. Preiss.","2: 22","","1846"
kew-234388,A,Haemodoraceae,,Conostylis,,"neocymosa",,"","Hopper",Accepted,,H,WCSP,234388,429644-1,"Bot. Not.","133: 224","","1980"
kew-234390,A,Haemodoraceae,,Conostylis,,"pauciflora",,"","Hopper",Accepted,,H,WCSP,234390,429646-1,"Nuytsia","2: 258","","1978"
kew-234393,A,Haemodoraceae,,Conostylis,,"petrophiloides",,"","F.Muell. ex Benth.",Accepted,,H,WCSP,234393,429647-1,"Fl. Austral.","6: 431","","1873"
kew-234394,A,Haemodoraceae,,Conostylis,,"phathyrantha",,"","Diels & E.Pritz.",Accepted,,H,WCSP,234394,429648-1,"Bot. Jahrb. Syst.","35: 111","","1904"
kew-234396,A,Haemodoraceae,,Conostylis,,"prolifera",,"","Benth.",Accepted,,H,WCSP,234396,429650-1,"Fl. Austral.","6: 486","","1873"
kew-234400,A,Haemodoraceae,,Conostylis,,"pusilla",,"","Endl.",Accepted,,H,WCSP,234400,429654-1,"Pl. Preiss.","2: 20","","1846"
kew-234402,A,Haemodoraceae,,Conostylis,,"resinosa",,"","Hopper",Accepted,,H,WCSP,234402,932523-1,"in Fl. Australia","45: 461","","1987"
kew-234403,A,Haemodoraceae,,Conostylis,,"robusta",,"","Diels & E.Pritz.",Accepted,,H,WCSP,234403,429656-1,"Bot. Jahrb. Syst.","35: 109","","1904"
kew-234404,A,Haemodoraceae,,Conostylis,,"rogeri",,"","Hopper",Accepted,,H,WCSP,234404,932524-1,"in Fl. Australia","45: 462","","1987"
kew-234405,A,Haemodoraceae,,Conostylis,,"scorsiflora",,"","F.Muell.",Accepted,,H,WCSP,234405,429657-1,"Fragm.","1: 158","","1859"
kew-234409,A,Haemodoraceae,,Conostylis,,"seminuda",,"","Hopper",Accepted,,H,WCSP,234409,932525-1,"in Fl. Australia","45: 462","","1987"
kew-234410,A,Haemodoraceae,,Conostylis,,"serrulata",,"","R.Br.",Accepted,,H,WCSP,234410,429658-1,"Prodr. Fl. Nov. Holl.","300","","1810"
kew-234411,A,Haemodoraceae,,Conostylis,,"setigera",,"","R.Br.",Accepted,,H,WCSP,234411,429659-1,"Prodr. Fl. Nov. Holl.","300","","1810"
kew-234414,A,Haemodoraceae,,Conostylis,,"setosa",,"","Lindl.",Accepted,,H,WCSP,234414,93987-3,"Sketch Veg. Swan R.","44","","1839"
kew-234417,A,Haemodoraceae,,Conostylis,,"stylidioides",,"","F.Muell.",Accepted,,H,WCSP,234417,,"Fragm.","8: 17","","1872"
kew-234419,A,Haemodoraceae,,Conostylis,,"teretifolia",,"","J.W.Green",Accepted,,H,WCSP,234419,,"Proc. Linn. Soc. New South Wales","85: 360","","1961"
kew-234422,A,Haemodoraceae,,Conostylis,,"teretiuscula",,"","F.Muell.",Accepted,,H,WCSP,234422,,"Fragm.","8: 18","","1872"
kew-234423,A,Haemodoraceae,,Conostylis,,"tomentosa",,"","Hopper",Accepted,,H,WCSP,234423,932526-1,"in Fl. Australia","45: 463","","1987"
kew-234424,A,Haemodoraceae,,Conostylis,,"vaginata",,"","Endl.",Accepted,,H,WCSP,234424,429666-1,"Pl. Preiss.","2: 23","","1846"
kew-234425,A,Haemodoraceae,,Conostylis,,"villosa",,"","Benth.",Accepted,,H,WCSP,234425,429667-1,"Fl. Austral.","6: 433","","1873"
kew-234426,A,Haemodoraceae,,Conostylis,,"wonganensis",,"","Hopper",Accepted,,H,WCSP,234426,899526-1,"Nuytsia","4: 17","","1982"
kew-239695,A,Haemodoraceae,,Dilatris,,"corymbosa",,"","P.J.Bergius",Accepted,,H,WCSP,239695,429696-1,"Descr. Pl. Cap.","9","","1767"
tro-14900006,A,Haemodoraceae,,Dilatris,,"corymbosa",,"","Berg.",Unresolved,,L,TRO,14900006,,"","","",""
kew-239698,A,Haemodoraceae,,Dilatris,,"ixioides",,"","Lam.",Accepted,,H,WCSP,239698,429699-1,"Encycl.","2: 282","","1786"
kew-239700,A,Haemodoraceae,,Dilatris,,"pillansii",,"","W.F.Barker",Accepted,,H,WCSP,239700,429701-1,"J. S. African Bot.","6: 155","","1940"
kew-239703,A,Haemodoraceae,,Dilatris,,"viscosa",,"","L.f.",Accepted,,H,WCSP,239703,429704-1,"Suppl. Pl.","101","","1782"
kew-247892,A,Haemodoraceae,,Haemodorum,,"austroqueenslandicum",,"","Domin",Accepted,,H,WCSP,247892,429720-1,"Biblioth. Bot.","85: 527","","1915"
kew-247894,A,Haemodoraceae,,Haemodorum,,"brevicaule",,"","F.Muell.",Accepted,,H,WCSP,247894,429722-1,"Fragm.","1: 64","","1858"
kew-247895,A,Haemodoraceae,,Haemodorum,,"brevisepalum",,"","Benth.",Accepted,,H,WCSP,247895,429723-1,"Fl. Austral.","6: 420","","1873"
kew-247896,A,Haemodoraceae,,Haemodorum,,"coccineum",,"","R.Br.",Accepted,,H,WCSP,247896,429724-1,"Prodr. Fl. Nov. Holl.","300","","1810"
kew-247897,A,Haemodoraceae,,Haemodorum,,"corymbosum",,"","Vahl",Accepted,,H,WCSP,247897,429725-1,"Enum. Pl. Obs.","2: 179","","1805"
kew-247899,A,Haemodoraceae,,Haemodorum,,"discolor",,"","T.D.Macfarl.",Accepted,,H,WCSP,247899,932527-1,"in Fl. Australia","45: 464","","1987"
kew-247900,A,Haemodoraceae,,Haemodorum,,"distichophyllum",,"","Hook.",Accepted,,H,WCSP,247900,429726-1,"Hooker's Icon. Pl.","9: t. 866","","1851"
kew-247902,A,Haemodoraceae,,Haemodorum,,"ensifolium",,"","F.Muell.",Accepted,,H,WCSP,247902,429728-1,"Fragm.","1: 64","","1858"
kew-247904,A,Haemodoraceae,,Haemodorum,,"gracile",,"","T.D.Macfarl.",Accepted,,H,WCSP,247904,932528-1,"in Fl. Australia","45: 464","","1987"
kew-247905,A,Haemodoraceae,,Haemodorum,,"laxum",,"","R.Br.",Accepted,,H,WCSP,247905,429730-1,"Prodr. Fl. Nov. Holl.","300","","1810"
kew-247908,A,Haemodoraceae,,Haemodorum,,"loratum",,"","T.D.Macfarl.",Accepted,,H,WCSP,247908,932529-1,"in Fl. Australia","45: 464","","1987"
kew-247909,A,Haemodoraceae,,Haemodorum,,"paniculatum",,"","Lindl.",Accepted,,H,WCSP,247909,429733-1,"Sketch Veg. Swan R.","44","","1839"
kew-247910,A,Haemodoraceae,,Haemodorum,,"parviflorum",,"","Benth.",Accepted,,H,WCSP,247910,429734-1,"Fl. Austral.","6: 123","","1873"
kew-247911,A,Haemodoraceae,,Haemodorum,,"planifolium",,"","R.Br.",Accepted,,H,WCSP,247911,429735-1,"Prodr. Fl. Nov. Holl.","300","","1810"
kew-247913,A,Haemodoraceae,,Haemodorum,,"simplex",,"","Lindl.",Accepted,,H,WCSP,247913,429737-1,"Sketch Veg. Swan R.","44","","1839"
kew-247914,A,Haemodoraceae,,Haemodorum,,"simulans",,"","F.Muell.",Accepted,,H,WCSP,247914,,"Fragm.","7: 117","","1871"
kew-247915,A,Haemodoraceae,,Haemodorum,,"sparsiflorum",,"","F.Muell.",Accepted,,H,WCSP,247915,,"Fragm.","7: 117","","1871"
kew-247916,A,Haemodoraceae,,Haemodorum,,"spicatum",,"","R.Br.",Accepted,,H,WCSP,247916,429740-1,"Prodr. Fl. Nov. Holl.","300","","1810"
kew-247919,A,Haemodoraceae,,Haemodorum,,"tenuifolium",,"","A.Cunn. ex Benth.",Accepted,,H,WCSP,247919,429743-1,"Fl. Austral.","6: 423","","1873"
kew-247921,A,Haemodoraceae,,Haemodorum,,"venosum",,"","T.D.Macfarl.",Accepted,,H,WCSP,247921,932530-1,"in Fl. Australia","45: 464","","1987"
kew-251506,A,Haemodoraceae,,Lachnanthes,,"caroliniana",,"","(Lam.) Dandy",Accepted,,H,WCSP,251506,134317-2,"J. Bot.","70: 329","","1932"
kew-252884,A,Haemodoraceae,,Macropidia,,"fuliginosa",,"","(Hook.) Druce",Accepted,,H,WCSP,252884,65815-1,"Bot. Soc. Exch. Club Brit. Isles","5: 634","","1917"
kew-257779,A,Haemodoraceae,,Phlebocarya,,"ciliata",,"","R.Br.",Accepted,,H,WCSP,257779,429821-1,"Prodr. Fl. Nov. Holl.","301","","1810"
kew-257782,A,Haemodoraceae,,Phlebocarya,,"filifolia",,"","(F.Muell.) Benth.",Accepted,,H,WCSP,257782,,"Fl. Austral.","6: 425","","1873"
kew-257784,A,Haemodoraceae,,Phlebocarya,,"pilosissima",,"","(F.Muell.) Benth.",Accepted,,H,WCSP,257784,,"Fl. Austral.","6: 425","","1873"
kew-260518,A,Haemodoraceae,,Pyrrorhiza,,"neblinae",,"","Maguire & Wurdack",Accepted,,H,WCSP,260518,215158-2,"Mem. New York Bot. Gard.","9: 318","","1957"
kew-262835,A,Haemodoraceae,,Schiekia,,"orinocensis",,"","(Kunth) Meisn.",Accepted,,H,WCSP,262835,,"Pl. Vasc. Gen.","300","","1840"
kew-270570,A,Haemodoraceae,,Tribonanthes,,"australis",,"","Endl.",Accepted,,H,WCSP,270570,429908-1,"Nov. Stirp. Dec.","27","","1839"
kew-270571,A,Haemodoraceae,,Tribonanthes,,"brachypetala",,"","Lindl.",Accepted,,H,WCSP,270571,429909-1,"Sketch Veg. Swan R.","44","","1839"
kew-270573,A,Haemodoraceae,,Tribonanthes,,"longipetala",,"","Lindl.",Accepted,,H,WCSP,270573,429911-1,"Sketch Veg. Swan R.","44","","1839"
kew-348732,A,Haemodoraceae,,Tribonanthes,,"minor",,"","M.Lyons & Keighery",Accepted,,H,WCSP,348732,77079952-1,"Nuytsia","16: 78","","2006"
kew-270575,A,Haemodoraceae,,Tribonanthes,,"purpurea",,"","T.D.Macfarl.& Hopper",Accepted,,H,WCSP,270575,932531-1,"in Fl. Australia","45: 465","","1987"
kew-270578,A,Haemodoraceae,,Tribonanthes,,"violacea",,"","Endl.",Accepted,,H,WCSP,270578,429915-1,"Pl. Preiss.","2: 28","","1846"
kew-272227,A,Haemodoraceae,,Wachendorfia,,"brachyandra",,"","W.F.Barker",Accepted,,H,WCSP,272227,429918-1,"J. S. African Bot.","15: 41","","1949"
kew-272230,A,Haemodoraceae,,Wachendorfia,,"corymbosa",,"","Burm.f.",Unresolved,,L,WCSP,272230,429921-1,"Fl. Indica","Prodr. Fl. Cap.: 3","","1768"
kew-272238,A,Haemodoraceae,,Wachendorfia,,"lugubris",,"","Salisb.",Unresolved,,L,WCSP,272238,429931-1,"Prodr. Stirp. Chap. Allerton","45","","1796"
kew-272239,A,Haemodoraceae,,Wachendorfia,,"multiflora",,"","(Klatt) J.C.Manning & Goldblatt",Accepted,,H,WCSP,272239,1017430-1,"Strelitzia","9: 709","","2000"
kew-272241,A,Haemodoraceae,,Wachendorfia,,"pallida",,"","Salisb.",Unresolved,,L,WCSP,272241,429933-1,"Prodr. Stirp. Chap. Allerton","45","","1796"
kew-272242,A,Haemodoraceae,,Wachendorfia,,"paniculata",,"","Burm.",Accepted,,H,WCSP,272242,,"Wachendorfia","4","","1757"
tro-14900013,A,Haemodoraceae,,Wachendorfia,,"paniculata",,"","L.",Unresolved,,L,TRO,14900013,,"Syst. Nat. (ed. 10)","864","864",""
kew-272248,A,Haemodoraceae,,Wachendorfia,,"thyrsiflora",,"","Burm.",Accepted,,H,WCSP,272248,,"Wachendorfia","2","","1757"
kew-272448,A,Haemodoraceae,,Xiphidium,,"caeruleum",,"","Aubl.",Accepted,,H,WCSP,272448,304977-2,"Hist. Pl. Guiane","1: 33","","1775"
kew-272457,A,Haemodoraceae,,Xiphidium,,"xanthorrhizon",,"","C.Wright ex Griseb.",Accepted,,H,WCSP,272457,429951-1,"Cat. Pl. Cub.","252","","1866"
