﻿ID,Major group,Family,Genus hybrid marker,Genus,Species hybrid marker,Species,Infraspecific rank,Infraspecific epithet,Authorship,Taxonomic status in TPL,Nomenclatural status from original data source,Confidence level,Source,Source id,IPNI id,Publication,Collation,Page,Date
tro-35115292,B,Hedwigiaceae,,Braunia,,"alopecura",,"","(Brid.) Limpr.",Accepted,,M,TRO,35115292,,"Laubm. Deutschl.","1: 824","824","1889"
tro-35115294,B,Hedwigiaceae,,Braunia,,"arbuscula",,"","(Welw. & Duby) A. Gepp",Accepted,,M,TRO,35115294,,"Cat. Afr. Pl.","2(2): 291","291","1901"
tro-35115298,B,Hedwigiaceae,,Braunia,,"attenuata",,"","(Mitt.) A. Jaeger",Accepted,,M,TRO,35115298,,"Ber. Thätigk. St. Gallischen Naturwiss. Ges.","1869–70: 172 (Gen. Sp. Musc. 1: 88)","172 ","1871"
tro-35115299,B,Hedwigiaceae,,Braunia,,"brachytheca",,"","(Dixon) Broth.",Accepted,,M,TRO,35115299,,"Nat. Pflanzenfam. (ed. 2)","11: 72","72","1925"
tro-35115300,B,Hedwigiaceae,,Braunia,,"californica",,"","Lesq.",Accepted,,M,TRO,35115300,,"Trans. Amer. Philos. Soc.","13: 8","8","1865"
tro-35115303,B,Hedwigiaceae,,Braunia,,"camptoclada",,"","P. de la Varde & Thér.",Accepted,,M,TRO,35115303,,"Bull. Soc. Bot. France","87: 358. 2 f. 11","358","1940"
tro-35115307,B,Hedwigiaceae,,Braunia,,"cirrhifolia",,"","(Mitt.) A. Jaeger",Accepted,,M,TRO,35115307,,"Ber. Thätigk. St. Gallischen Naturwiss. Ges.","1874–75: 171 (Gen. Sp. Musc. 2: 87)","171 ","1876"
tro-35115308,B,Hedwigiaceae,,Braunia,,"cochlearifolia",,"","Müll. Hal.",Accepted,,M,TRO,35115308,,"Hedwigia","36: 105","105","1897"
tro-35115309,B,Hedwigiaceae,,Braunia,,"crenulata",,"","Müll. Hal.",Accepted,,M,TRO,35115309,,"Nuovo Giorn. Bot. Ital., n.s.,","4: 140","140","1897"
tro-35115310,B,Hedwigiaceae,,Braunia,,"delavayi",,"","Besch.",Accepted,,M,TRO,35115310,,"Ann. Sci. Nat., Bot., sér. 7,","15: 71","71","1892"
tro-35115311,B,Hedwigiaceae,,Braunia,,"diaphana",,"","(Müll. Hal.) A. Jaeger",Accepted,,M,TRO,35115311,,"Ber. Thätigk. St. Gallischen Naturwiss. Ges.","1874–75: 172 (Gen. Sp. Musc. 2: 88)","172 ","1876"
tro-35115312,B,Hedwigiaceae,,Braunia,,"divaricatula",,"","Herzog",Accepted,,M,TRO,35115312,,"Biblioth. Bot.","87: 105","105","1916"
tro-35115314,B,Hedwigiaceae,,Braunia,,"entodonticarpa",,"","Müll. Hal.",Accepted,,M,TRO,35115314,,"Flora","73: 485","485","1880"
tro-35115316,B,Hedwigiaceae,,Braunia,,"exserta",,"","Müll. Hal.",Accepted,,M,TRO,35115316,,"Linnaea","42: 379","379","1879"
tro-35115320,B,Hedwigiaceae,,Braunia,,"humboldtii",,"","(Hook.) Hook. f.",Accepted,,M,TRO,35115320,,"Handb. N. Zeal. Fl.","423","423","1867"
tro-35115324,B,Hedwigiaceae,,Braunia,,"laxifolia",,"","Herzog",Accepted,,M,TRO,35115324,,"Biblioth. Bot.","87: 105","105","1916"
tro-35115325,B,Hedwigiaceae,,Braunia,,"liebmanniana",,"","Schimp.",Accepted,,M,TRO,35115325,,"Mém. Soc. Sci. Nat. Cherbourg","16: 185","185","1872"
tro-35115327,B,Hedwigiaceae,,Braunia,,"macrocalyx",,"","Müll. Hal.",Accepted,,M,TRO,35115327,,"Bull. Herb. Boissier","6: 110","110","1898"
tro-35115328,B,Hedwigiaceae,,Braunia,,"macropelma",,"","(Müll. Hal.) A. Jaeger",Accepted,,M,TRO,35115328,,"Ber. Thätigk. St. Gallischen Naturwiss. Ges.","1874–75: 171 (Gen. Sp. Musc. 2: 87)","171 ","1876"
tro-35186309,B,Hedwigiaceae,,Braunia,,"nephelogenes",,"","de Luna & W.R. Buck",Accepted,,M,TRO,35186309,,"Bryologist","94: 401. f. 1–9","401","1991"
tro-35115337,B,Hedwigiaceae,,Braunia,,"plicata",,"","(Mitt.) A. Jaeger",Accepted,,M,TRO,35115337,,"Ber. Thätigk. St. Gallischen Naturwiss. Ges.","1874–75: 171 (Gen. Sp. Musc. 2: 87)","171 ","1876"
tro-35168405,B,Hedwigiaceae,,Braunia,,"reflexifolia",,"","(Müll. Hal.) E.B. Bartram",Accepted,,M,TRO,35168405,,"Rev. Bryol. Lichénol.","33: 326","326","1964"
tro-35115343,B,Hedwigiaceae,,Braunia,,"rupestris",,"","(Mitt.) A. Jaeger",Accepted,,M,TRO,35115343,,"Ber. Thätigk. St. Gallischen Naturwiss. Ges.","1874–75: 172 (Gen. Sp. Musc. 2: 88)","172 ","1876"
tro-35115344,B,Hedwigiaceae,,Braunia,,"schimperi",,"","Bruch & Schimp.",Accepted,,M,TRO,35115344,,"Bryol. Eur.","3: 162. 275A, B, (fasc. 29–31 Mon. 4. 1A, B)","162","1846"
tro-35115345,B,Hedwigiaceae,,Braunia,,"schimperianum",,"","(Hampe) A. Jaeger",Accepted,,M,TRO,35115345,,"Ber. Thätigk. St. Gallischen Naturwiss. Ges.","1874–75: 170 (Gen. Sp. Musc. 2: 86)","170 ","1876"
tro-35115347,B,Hedwigiaceae,,Braunia,,"secunda",,"","(Hook.) Bruch & Schimp.",Accepted,,M,TRO,35115347,,"Bryol. Eur.","3: 161 (fasc. 29–31. Monogr. 3)","161","1846"
tro-35115352,B,Hedwigiaceae,,Braunia,,"serrae",,"","Müll. Hal.",Accepted,,M,TRO,35115352,,"Bull. Herb. Boissier","6: 111","111","1898"
tro-35115354,B,Hedwigiaceae,,Braunia,,"squarrulosa",,"","(Hampe) Müll. Hal.",Accepted,,M,TRO,35115354,,"Linnaea","42: 380","380","1879"
tro-35115355,B,Hedwigiaceae,,Braunia,,"subincana",,"","Broth.",Accepted,,M,TRO,35115355,,"Bih. Kongl. Svenska Vetensk.-Akad. Handl.","26 Afd. 3(7): 37","37","1900"
tro-35115356,B,Hedwigiaceae,,Braunia,,"subplicata",,"","E. Britton",Accepted,,M,TRO,35115356,,"Bull. Torrey Bot. Club","23: 493","493","1896"
tro-35188243,B,Hedwigiaceae,,Braunia,,"tucumanensis",,"","Biasuso",Accepted,,M,TRO,35188243,,"Lilloa","38: 12. f. I: 6–7, IV: 1–7","12","1993"
tro-35148322,B,Hedwigiaceae,,Harrisonia,,"alpina",,"","C.H. Wright",Accepted,,M,TRO,35148322,,"Trans. Linn. Soc. London, Bot.","4: 258","258","1894"
tro-35148325,B,Hedwigiaceae,,Harrisonia,,"aquatica",,"","(Hedw.) Spreng.",Accepted,,M,TRO,35148325,,"Syst. Veg.","4(1): 145","145","1827"
tro-35148332,B,Hedwigiaceae,,Harrisonia,,"ciliata",,"","(Hedw.) Spreng. ex Huebener",Accepted,,M,TRO,35148332,,"Muscol. Germ.","711","711","1833"
tro-35148350,B,Hedwigiaceae,,Harrisonia,,"hornschuchiana",,"","(Hook.) Spreng.",Accepted,,M,TRO,35148350,,"Syst. Veg.","4(1): 146","146","1827"
tro-35148351,B,Hedwigiaceae,,Harrisonia,,"humboldtii",,"","(Hook.) Spreng.",Accepted,,M,TRO,35148351,,"Syst. Veg.","4(1): 145","145","1827"
tro-35148356,B,Hedwigiaceae,,Harrisonia,,"inermis",,"","(Müll. Hal.) Ångström",Accepted,,M,TRO,35148356,,"Öfvers. Förh. Kongl. Svenska Vetensk.-Akad.","33(4): 29","29","1876"
tro-35148364,B,Hedwigiaceae,,Harrisonia,,"orbiculata",,"","(Mitt.) A. Jaeger",Accepted,,M,TRO,35148364,,"Ber. Thätigk. St. Gallischen Naturwiss. Ges.","1874–75: 169 (Gen. Sp. Musc. 2: 85)","169 ","1876"
tro-35148380,B,Hedwigiaceae,,Harrisonia,,"sciuroides",,"","(Bals.-Criv. & De Not.) Rabenh.",Accepted,,M,TRO,35148380,,"Deutschl. Krypt.-Fl.","2(3): 153","153","1848"
tro-35148381,B,Hedwigiaceae,,Harrisonia,,"secunda",,"","(Hook.) Spreng.",Accepted,,M,TRO,35148381,,"Syst. Veg.","4(1): 145","145","1827"
tro-35148408,B,Hedwigiaceae,,Hedwigia,,"alopecura",,"","(Brid.) Kindb.",Accepted,,M,TRO,35148408,,"Canad. Rec. Sci.","6: 18","18","1894"
tro-35148413,B,Hedwigiaceae,,Hedwigia,,"aquatica",,"","(Hedw.) Brid.",Accepted,,M,TRO,35148413,,"J. Bot. (Schrader)","1800(1): 271","271","1801"
tro-35148415,B,Hedwigiaceae,,Hedwigia,,"attenuata",,"","Mitt.",Accepted,,M,TRO,35148415,,"J. Proc. Linn. Soc., Bot., Suppl.","1: 123","123","1859"
tro-35217699,B,Hedwigiaceae,,Hedwigia,,"brevipilifera",,"","Biasuso",Accepted,,M,TRO,35217699,,"Lindbergia","32: 16","16","2007"
tro-35148417,B,Hedwigiaceae,,Hedwigia,,"bulbosa",,"","(Hedw.) Brid.",Accepted,,M,TRO,35148417,,"J. Bot. (Schrader)","1800(1): 272","272","1801"
tro-35148418,B,Hedwigiaceae,,Hedwigia,,"caespiticia",,"","(F. Weber & D. Mohr) Bach. Pyl.",Accepted,,M,TRO,35148418,,"Nomencl. Bot.","2: 196","196","1824"
tro-35148420,B,Hedwigiaceae,,Hedwigia,,"ciliata",,"","(Hedw.) P. Beauv.",Accepted,,M,TRO,35148420,,"Prodr. Aethéogam.","15","15","1805"
tro-35148427,B,Hedwigiaceae,,Hedwigia,,"ciliata",var.,"leucophaea","Bruch & Schimp.",Accepted,,L,TRO,35148427,,"Bryol. Eur.","3: 153. 273b (fasc. 29–31. Mon. 5 2b)","153","1846"
tro-35186541,B,Hedwigiaceae,,Hedwigia,,"ciliata",f.,"striata","(Wilson) G.N. Jones",Accepted,,L,TRO,35186541,,"Moss Fl. N. Amer.","2: 46","46","1933"
tro-35148436,B,Hedwigiaceae,,Hedwigia,,"ciliata",var.,"viridis","Bruch & Schimp.",Accepted,,L,TRO,35148436,,"Bryol. Eur.","3: 153. 273d (fasc. 29–31 Mon. 5. 2d)","153","1846"
tro-35148437,B,Hedwigiaceae,,Hedwigia,,"cirrhifolia",,"","(Mitt.) Mitt.",Accepted,,M,TRO,35148437,,"J. Linn. Soc., Bot.","12: 406","406","1869"
tro-35148438,B,Hedwigiaceae,,Hedwigia,,"cirrosa",,"","(Hedw.) Brid.",Accepted,,M,TRO,35148438,,"J. Bot. (Schrader)","1800(1): 272","272","1801"
tro-35200413,B,Hedwigiaceae,,Hedwigia,,"detonsa",,"","(M. Howe) W.R. Buck & D.H. Norris",Accepted,,M,TRO,35200413,,"Nova Hedwigia","62: 368","368","1996"
tro-35148443,B,Hedwigiaceae,,Hedwigia,,"drummondii",,"","(Taylor) Kindb.",Accepted,,M,TRO,35148443,,"Enum. Bryin. Exot.","15","15","1888"
tro-35148447,B,Hedwigiaceae,,Hedwigia,,"filiformis",,"","(Michx.) P. Beauv.",Accepted,,M,TRO,35148447,,"Prodr. Aethéogam.","60","60","1805"
tro-35148448,B,Hedwigiaceae,,Hedwigia,,"glyphocarpa",,"","(Hampe) Kindb.",Accepted,,M,TRO,35148448,,"Enum. Bryin. Exot.","15","15","1888"
tro-35148450,B,Hedwigiaceae,,Hedwigia,,"humboldtii",,"","(Hook.) Hook.",Accepted,,M,TRO,35148450,,"Musci Exot.","2: 137","137","1819"
tro-35148452,B,Hedwigiaceae,,Hedwigia,,"imberbis",,"","(Sm.) Spruce",Accepted,,M,TRO,35148452,,"Musci Pyren.","263","263","1847"
tro-35148455,B,Hedwigiaceae,,Hedwigia,,"integrifolia",,"","P. Beauv.",Accepted,,M,TRO,35148455,,"Prodr. Aethéogam.","60","60","1805"
tro-35148456,B,Hedwigiaceae,,Hedwigia,,"joannis-meyeri",,"","Müll. Hal.",Accepted,,M,TRO,35148456,,"Flora","71: 415","415","1888"
tro-35148458,B,Hedwigiaceae,,Hedwigia,,"juratzkae",,"","Müll. Hal.",Accepted,,M,TRO,35148458,,"Rev. Bryol.","3: 3","3","1876"
tro-35148460,B,Hedwigiaceae,,Hedwigia,,"liebmanniana",,"","(Müll. Hal.) Mitt.",Accepted,,M,TRO,35148460,,"J. Linn. Soc., Bot.","12: 407","407","1869"
tro-35148464,B,Hedwigiaceae,,Hedwigia,,"microcyathea",,"","(Müll. Hal.) Paris",Accepted,,M,TRO,35148464,,"Index Bryol.","554","554","1896"
tro-35148466,B,Hedwigiaceae,,Hedwigia,,"nivalis",,"","(Müll. Hal.) Mitt.",Accepted,,M,TRO,35148466,,"J. Linn. Soc., Bot.","12: 405","405","1869"
tro-35148472,B,Hedwigiaceae,,Hedwigia,,"planifolium",,"","(Hedw.) Brid.",Accepted,,M,TRO,35148472,,"J. Bot. (Schrader)","1800(1): 272","272","1801"
tro-35162572,B,Hedwigiaceae,,Hedwigia,,"rhabdocarpa",,"","(Hampe) Kindb.",Accepted,,M,TRO,35162572,,"Enum. Bryin. Exot.","15","15","1888"
tro-35148475,B,Hedwigiaceae,,Hedwigia,,"rupestris",,"","Mitt.",Accepted,,M,TRO,35148475,,"J. Proc. Linn. Soc., Bot.","7: 160","160","1863"
tro-35148481,B,Hedwigiaceae,,Hedwigia,,"setosa",,"","(Hedw.) Brid.",Accepted,,M,TRO,35148481,,"J. Bot. (Schrader)","1800(1): 272","272","1801"
tro-35148485,B,Hedwigiaceae,,Hedwigia,,"squarrulosa",,"","(Hampe) Mitt.",Accepted,,M,TRO,35148485,,"J. Linn. Soc., Bot.","12: 407","407","1869"
tro-35200299,B,Hedwigiaceae,,Hedwigia,,"stellata",,"","Hedenäs",Accepted,,M,TRO,35200299,,"J. Bryol.","18: 144. f. 1–2","144","1994"
tro-35148486,B,Hedwigiaceae,,Hedwigia,,"stricta",,"","Müll. Hal.",Accepted,,M,TRO,35148486,,"Hedwigia","37: 239","239","1898"
tro-35148487,B,Hedwigiaceae,,Hedwigia,,"subnuda",,"","(Kindb.) Paris",Unresolved,,L,TRO,35148487,,"Index Bryol.","554","554","1896"
tro-35148488,B,Hedwigiaceae,,Hedwigia,,"subrevoluta",,"","(Müll. Hal.) Mitt.",Accepted,,M,TRO,35148488,,"J. Linn. Soc., Bot.","12: 405","405","1869"
tro-35148497,B,Hedwigiaceae,,Hedwigidium,,"crenulatum",,"","(Müll. Hal.) Paris",Accepted,,M,TRO,35148497,,"Index Bryol. Suppl.","179","179","1900"
tro-35148498,B,Hedwigiaceae,,Hedwigidium,,"drummondii",,"","(Taylor) A. Jaeger",Accepted,,M,TRO,35148498,,"Ber. Thätigk. St. Gallischen Naturwiss. Ges.","1874–75: 173 (Gen. Sp. Musc. 2: 89)","173 ","1876"
tro-35148499,B,Hedwigiaceae,,Hedwigidium,,"emersum",,"","(Müll. Hal. & Hampe) A. Jaeger",Accepted,,M,TRO,35148499,,"Ber. Thätigk. St. Gallischen Naturwiss. Ges.","1874–75: 173 (Gen. Sp. Musc. 2: 89)","173 ","1876"
tro-35148500,B,Hedwigiaceae,,Hedwigidium,,"erosum",,"","(Müll. Hal.) Paris",Accepted,,M,TRO,35148500,,"Index Bryol. Suppl.","179","179","1900"
tro-35148502,B,Hedwigiaceae,,Hedwigidium,,"glyphocarpum",,"","(Hampe) A. Jaeger",Accepted,,M,TRO,35148502,,"Ber. Thätigk. St. Gallischen Naturwiss. Ges.","1877–78: 508 (Gen. Sp. Musc. 2: 772)","508 ","1880"
tro-35148503,B,Hedwigiaceae,,Hedwigidium,,"imberbe",,"","(Sm.) Bruch & Schimp.",Accepted,,M,TRO,35148503,,"Bryol. Eur.","3: 157. 274 (fasc. 29–31 Mon. 1, 1)","157","1846"
tro-35148505,B,Hedwigiaceae,,Hedwigidium,,"imberbe",var.,"macrocalyx","(Müll. Hal.) Herzog",Accepted,,L,TRO,35148505,,"Biblioth. Bot.","87: 104","104","1916"
tro-35148506,B,Hedwigiaceae,,Hedwigidium,,"integrifolium",,"","(P. Beauv.) Dixon",Accepted,,M,TRO,35148506,,"Skand. Bladmossfl.","369","369","1939"
tro-35148509,B,Hedwigiaceae,,Hedwigidium,,"maritimum",,"","(Müll. Hal.) Paris",Accepted,,M,TRO,35148509,,"Index Bryol. Suppl.","179","179","1900"
tro-35217951,B,Hedwigiaceae,,Hedwigidium,,"neelgiriensis",,"","D. Subram.",Accepted,,M,TRO,35217951,,"Mosses Tamil Nadu","p. 57","","2008"
tro-35148514,B,Hedwigiaceae,,Hedwigidium,,"rhabdocarpum",,"","(Hampe) A. Jaeger",Accepted,,M,TRO,35148514,,"Ber. Thätigk. St. Gallischen Naturwiss. Ges.","1877–78: 508 (Gen. Sp. Musc. 2: 772)","508 ","1880"
tro-35148515,B,Hedwigiaceae,,Hedwigidium,,"serrae",,"","(Müll. Hal.) Paris",Accepted,,M,TRO,35148515,,"Index Bryol. Suppl.","180","180","1900"
tro-35148516,B,Hedwigiaceae,,Hedwigidium,,"squarrulosum",,"","(Hampe) Bruch & Schimp.",Accepted,,M,TRO,35148516,,"Bryol. Eur.","3: 161 (fasc. 29–31 Mon. 3)","161","1846"
tro-35191568,B,Hedwigiaceae,,Pararhacocarpus,,"patagonicus",,"","(Broth.) J.-P. Frahm",Accepted,,M,TRO,35191568,,"Cryptog. Bryol. Lichénol.","17: 63","63","1996"
tro-35142953,B,Hedwigiaceae,,Pseudobraunia,,"californica",,"","(Lesq.) Broth.",Accepted,,M,TRO,35142953,,"Nat. Pflanzenfam.","I(3): 716","716","1905"
