﻿ID,Major group,Family,Genus hybrid marker,Genus,Species hybrid marker,Species,Infraspecific rank,Infraspecific epithet,Authorship,Taxonomic status in TPL,Nomenclatural status from original data source,Confidence level,Source,Source id,IPNI id,Publication,Collation,Page,Date
kew-248272,A,Heliconiaceae,,Heliconia,,"abaloi",,"","G.Morales",Accepted,,H,WCSP,248272,119287-2,"Phytologia","55: 14","","1984"
kew-248273,A,Heliconiaceae,,Heliconia,,"acuminata",,"","A.Rich.",Accepted,,H,WCSP,248273,796910-1,"Nova Acta Phys.-Med. Acad. Caes. Leop.-Carol. Nat. Cur.","15(Suppl.): 26","","1831"
kew-248276,A,Heliconiaceae,,Heliconia,,"acuminata",subsp.,"occidentalis","L.Andersson",Accepted,,L,WCSP,248276,278042-2,"Opera Bot.","82: 61","","1985"
kew-248278,A,Heliconiaceae,,Heliconia,,"adflexa",,"","(Griggs) Standl.",Accepted,,H,WCSP,248278,119290-2,"J. Wash. Acad. Sci.","17: 162","","1927"
kew-248279,A,Heliconiaceae,,Heliconia,,"aemygdiana",,"","Burle-Marx",Accepted,,H,WCSP,248279,,"Bradea","1: 379","","1974"
kew-248285,A,Heliconiaceae,,Heliconia,,"albicosta",,"","(G.S.Daniels & F.G.Stiles) L.Andersson",Accepted,,H,WCSP,248285,1132068-2,"Opera Bot.","111: 59","","1992"
kew-248289,A,Heliconiaceae,,Heliconia,,"angelica",,"","Abalo & G.Morales",Accepted,,H,WCSP,248289,902164-1,"Phytologia","52: 390","","1983"
kew-248290,A,Heliconiaceae,,Heliconia,,"angusta",,"","Vell.",Accepted,,H,WCSP,248290,119296-2,"Fl. Flumin.","3: 106, t. 20","","1829"
kew-248292,A,Heliconiaceae,,Heliconia,,"antioquiensis",,"","Abalo & G.Morales",Accepted,,H,WCSP,248292,906261-1,"Phytologia","57: 44","","1985"
kew-248293,A,Heliconiaceae,,Heliconia,,"apparicioi",,"","Barreiros",Accepted,,H,WCSP,248293,584817-1,"Rodriguésia","28: 129","","1976"
tro-21500001,A,Heliconiaceae,,Heliconia,,"arabica",,"","Lam.",Unresolved,,L,TRO,21500001,,"","","",""
kew-248295,A,Heliconiaceae,,Heliconia,,"arrecta",,"","W.J.Kress & Betancur",Accepted,,H,WCSP,248295,976013-1,"Caldasia","17: 184","","1993"
kew-248296,A,Heliconiaceae,,Heliconia,,"atratensis",,"","Abalo & G.Morales",Accepted,,H,WCSP,248296,900032-1,"Phytologia","51: 14","","1982"
kew-248297,A,Heliconiaceae,,Heliconia,,"atropurpurea",,"","G.S.Daniels & F.G.Stiles",Accepted,,H,WCSP,248297,119301-2,"Brenesia","15(Supl.): 15","","1979"
kew-248299,A,Heliconiaceae,,Heliconia,,"aurantiaca",,"","Ghiesbr. ex Lem.",Accepted,,H,WCSP,248299,,"Ill. Hort.","9: t. 332","","1862"
kew-248303,A,Heliconiaceae,,Heliconia,,"auriculata",,"","Barreiros",Accepted,,H,WCSP,248303,119305-2,"Bradea","3: 103","","1980"
kew-248306,A,Heliconiaceae,,Heliconia,,"badilloi",,"","Abalo & G.Morales",Accepted,,H,WCSP,248306,902166-1,"Phytologia","54: 416","","1983"
kew-248310,A,Heliconiaceae,,Heliconia,,"barryana",,"","W.J.Kress",Accepted,,H,WCSP,248310,278047-2,"Selbyana","9: 165","","1986"
kew-248311,A,Heliconiaceae,,Heliconia,,"beckneri",,"","R.R.Sm.",Accepted,,H,WCSP,248311,119310-2,"Phytologia","30: 210","","1975"
kew-248312,A,Heliconiaceae,,Heliconia,,"bella",,"","W.J.Kress",Accepted,,H,WCSP,248312,278048-2,"Selbyana","9: 158","","1986"
kew-248313,A,Heliconiaceae,,Heliconia,,"berriziana",,"","Abalo & G.Morales",Accepted,,H,WCSP,248313,906262-1,"Phytologia","57: 46","","1985"
kew-248314,A,Heliconiaceae,,Heliconia,,"berryi",,"","Abalo & G.Morales",Accepted,,H,WCSP,248314,300794-2,"Bol. Soc. Venez. Ci. Nat.","44: 140","","1991"
tro-21500136,A,Heliconiaceae,,Heliconia,,"biahy",,"","Vell.",Unresolved,,L,TRO,21500136,,"Fl. Flumin.","106; 3: t. 19","","1831"
kew-248319,A,Heliconiaceae,,Heliconia,,"bihai",,"","(L.) L.",Accepted,,H,WCSP,248319,796925-1,"Mant. Pl.","2: 211","","1771"
kew-248321,A,Heliconiaceae,,Heliconia,,"boultoniana",,"","Abalo & G.Morales",Accepted,,H,WCSP,248321,900033-1,"Phytologia","51: 16","","1982"
kew-248322,A,Heliconiaceae,,Heliconia,,"bourgaeana",,"","Petersen",Accepted,,H,WCSP,248322,119314-2,"Fl. Bras.","3(3): 14","","1890"
kew-248323,A,Heliconiaceae,,Heliconia,,"brachyantha",,"","L.Andersson",Accepted,,H,WCSP,248323,278050-2,"Opera Bot.","82: 64","","1985"
kew-248326,A,Heliconiaceae,,Heliconia,,"brenneri",,"","Abalo & G.Morales",Accepted,,H,WCSP,248326,902167-1,"Phytologia","52: 392","","1983"
kew-248330,A,Heliconiaceae,,Heliconia,,"burleana",,"","Abalo & G.Morales",Accepted,,H,WCSP,248330,902168-1,"Phytologia","52: 394","","1983"
kew-248332,A,Heliconiaceae,,Heliconia,,"calatheaphylla",,"","G.S.Daniels & F.G.Stiles",Accepted,,H,WCSP,248332,119321-2,"Brenesia","15(Supl.): 17","","1979"
kew-248335,A,Heliconiaceae,,Heliconia,,"caquetensis",,"","Abalo & G.Morales",Accepted,,H,WCSP,248335,900034-1,"Phytologia","51: 18","","1982"
kew-248336,A,Heliconiaceae,,Heliconia,,"carajaensis",,"","Barreiros",Accepted,,H,WCSP,248336,119325-2,"Bradea","3: 104","","1980"
kew-248339,A,Heliconiaceae,,Heliconia,,"caribaea",,"","Lam.",Accepted,,H,WCSP,248339,796933-1,"Encycl.","1: 426","","1785"
kew-248340,A,Heliconiaceae,,Heliconia,,"carmelae",,"","Abalo & G.Morales",Accepted,,H,WCSP,248340,900036-1,"Phytologia","51: 22","","1982"
kew-248343,A,Heliconiaceae,,Heliconia,,"chartacea",,"","Lane ex Barreiros",Accepted,,H,WCSP,248343,584831-1,"Revista Brasil. Biol.","32: 205","","1972"
kew-248347,A,Heliconiaceae,,Heliconia,,"chrysocraspeda",,"","Abalo & G.Morales",Accepted,,H,WCSP,248347,900037-1,"Phytologia","51: 24","","1982"
kew-248349,A,Heliconiaceae,,Heliconia,,"clinophila",,"","R.R.Sm.",Accepted,,H,WCSP,248349,119334-2,"Phytologia","30: 212","","1975"
kew-248350,A,Heliconiaceae,,Heliconia,,"colgantea",,"","R.R.Sm. ex G.S.Daniels & F.G.Stiles",Accepted,,H,WCSP,248350,119335-2,"Brenesia","15(Supl.): 18","","1979"
kew-248351,A,Heliconiaceae,,Heliconia,,"collinsiana",,"","Griggs",Accepted,,H,WCSP,248351,119336-2,"Bull. Torrey Bot. Club","30: 648","","1903"
kew-248355,A,Heliconiaceae,,Heliconia,,"combinata",,"","Abalo & G.Morales",Accepted,,H,WCSP,248355,902169-1,"Phytologia","54: 418","","1983"
kew-248358,A,Heliconiaceae,,Heliconia,,"cordata",,"","L.Andersson",Accepted,,H,WCSP,248358,278051-2,"Opera Bot.","82: 109","","1985"
kew-248360,A,Heliconiaceae,,Heliconia,,"crassa",,"","Griggs",Accepted,,H,WCSP,248360,119343-2,"Bull. Torrey Bot. Club","30: 646","","1903"
kew-248361,A,Heliconiaceae,,Heliconia,,"cristata",,"","Barreiros",Accepted,,H,WCSP,248361,929240-1,"Bol. Mus. Bot. Kuhlmann","8: 6","","1985"
kew-248362,A,Heliconiaceae,,Heliconia,,"cucullata",,"","W.J.Kress & L.Andersson",Accepted,,H,WCSP,248362,278052-2,"Selbyana","11: 49","","1989"
kew-248363,A,Heliconiaceae,,Heliconia,,"curtispatha",,"","Petersen",Accepted,,H,WCSP,248363,119344-2,"Fl. Bras.","3(3): 15","","1890"
kew-248364,A,Heliconiaceae,,Heliconia,,"danielsiana",,"","W.J.Kress",Accepted,,H,WCSP,248364,119345-2,"J. Arnold Arbor.","65: 507","","1984"
kew-248365,A,Heliconiaceae,,Heliconia,,"darienensis",,"","L.Andersson",Accepted,,H,WCSP,248365,306521-2,"Opera Bot.","111: 69","","1992"
kew-248366,A,Heliconiaceae,,Heliconia,,"dasyantha",,"","K.Koch & C.D.Bouché",Accepted,,H,WCSP,248366,796940-1,"Index Seminum (B)","1854: 12","","1855"
kew-248370,A,Heliconiaceae,,Heliconia,,"densiflora",,"","Verl.",Accepted,,H,WCSP,248370,796941-1,"Rev. Hort.","1869: 274","","1869"
kew-248373,A,Heliconiaceae,,Heliconia,,"dielsiana",,"","Loes.",Accepted,,H,WCSP,248373,119351-2,"Biblioth. Bot.","29: 70","","1937"
kew-248376,A,Heliconiaceae,,Heliconia,,"donstonea",,"","W.J.Kress & Betancur",Accepted,,H,WCSP,248376,976014-1,"Caldasia","17: 186","","1993"
tro-50128982,A,Heliconiaceae,,Heliconia,,"ecuadoriensis",,"","W.J. Kress",Unresolved,,L,TRO,50128982,,"","","",""
kew-248381,A,Heliconiaceae,,Heliconia,,"episcopalis",,"","Vell.",Accepted,,H,WCSP,248381,119355-2,"Fl. Flumin.","3: 107, t. 22","","1829"
kew-248382,A,Heliconiaceae,,Heliconia,,"estherae",,"","Abalo & G.Morales",Accepted,,H,WCSP,248382,119356-2,"Phytologia","51: 28","","1982"
kew-248383,A,Heliconiaceae,,Heliconia,,"estiletioides",,"","Abalo & G.Morales",Accepted,,H,WCSP,248383,900040-1,"Phytologia","51: 30","","1982"
kew-248384,A,Heliconiaceae,,Heliconia,,"excelsa",,"","L.Andersson",Accepted,,H,WCSP,248384,906265-1,"Opera Bot., B","22(221): 64","","1985"
kew-248386,A,Heliconiaceae,,Heliconia,,"farinosa",,"","Raddi",Accepted,,H,WCSP,248386,796948-1,"Mem. Mat. Fis. Soc. Ital. Sci. Modena, Pt. Mem. Fis.","18: 393","","1820"
kew-248393,A,Heliconiaceae,,Heliconia,,"faunorum",,"","W.J.Kress & L.Andersson",Accepted,,H,WCSP,248393,278055-2,"Selbyana","11: 52","","1989"
kew-248395,A,Heliconiaceae,,Heliconia,,"fernandezii",,"","Abalo & G.Morales",Accepted,,H,WCSP,248395,900041-1,"Phytologia","51: 32","","1982"
kew-248396,A,Heliconiaceae,,Heliconia,×,"flabellata",,"","Abalo & G.Morales",Accepted,,H,WCSP,248396,902171-1,"Phytologia","52: 398","","1983"
kew-248397,A,Heliconiaceae,,Heliconia,,"flava",,"","Jacq.",Unresolved,,L,WCSP,248397,796950-1,"Pl. Hort. Schoenbr.","1: 25","","1797"
kew-248398,A,Heliconiaceae,,Heliconia,,"flexuosa",,"","C.Presl",Unresolved,,L,WCSP,248398,796951-1,"Reliq. Haenk.","1: 105","","1827"
kew-248400,A,Heliconiaceae,,Heliconia,,"foreroi",,"","Abalo & G.Morales",Accepted,,H,WCSP,248400,305398-2,"Bol. Soc. Venez. Ci. Nat.","44: 162","","1991"
kew-248401,A,Heliconiaceae,,Heliconia,,"fragilis",,"","Abalo & G.Morales",Accepted,,H,WCSP,248401,900042-1,"Phytologia","51: 34","","1982"
kew-248402,A,Heliconiaceae,,Heliconia,,"fredberryana",,"","W.J.Kress",Accepted,,H,WCSP,248402,960822-1,"Brittonia","43: 253","","1991 publ. 1992"
kew-248403,A,Heliconiaceae,,Heliconia,,"fugax",,"","L.Andersson",Accepted,,H,WCSP,248403,278056-2,"Opera Bot.","82: 43","","1985"
kew-248404,A,Heliconiaceae,,Heliconia,,"gaiboriana",,"","Abalo & G.Morales",Accepted,,H,WCSP,248404,959357-1,"Bol. Soc. Venez. Ci. Nat.","44: 142","","1991"
kew-248406,A,Heliconiaceae,,Heliconia,,"gigantea",,"","W.J.Kress & Betancur",Accepted,,H,WCSP,248406,976015-1,"Caldasia","17: 188","","1993"
kew-248409,A,Heliconiaceae,,Heliconia,,"gloriosa",,"","Abalo & G.Morales",Accepted,,H,WCSP,248409,306763-2,"Bol. Soc. Venez. Ci. Nat.","44: 156","","1991"
kew-248412,A,Heliconiaceae,,Heliconia,,"gracilis",,"","G.S.Daniels & F.G.Stiles",Accepted,,H,WCSP,248412,119374-2,"Brenesia","15(Supl.): 21","","1979"
kew-248413,A,Heliconiaceae,,Heliconia,,"griggsiana",,"","L.B.Sm.",Accepted,,H,WCSP,248413,119375-2,"Contr. Gray Herb.","124: 6","","1939"
kew-248414,A,Heliconiaceae,,Heliconia,,"harlingii",,"","L.Andersson",Accepted,,H,WCSP,248414,906267-1,"Opera Bot., B","22(221): 66","","1985"
kew-248417,A,Heliconiaceae,,Heliconia,,"hirsuta",,"","L.f.",Accepted,,H,WCSP,248417,796953-1,"Suppl. Pl.","158","","1782"
kew-248421,A,Heliconiaceae,,Heliconia,,"holmquistiana",,"","Abalo & G.Morales",Accepted,,H,WCSP,248421,302263-2,"Bol. Soc. Venez. Ci. Nat.","44: 164","","1991"
kew-248422,A,Heliconiaceae,,Heliconia,,"huilensis",,"","Abalo & G.Morales",Accepted,,H,WCSP,248422,900043-1,"Phytologia","51: 36","","1982"
kew-248424,A,Heliconiaceae,,Heliconia,,"ignescens",,"","G.S.Daniels & F.G.Stiles",Accepted,,H,WCSP,248424,119383-2,"Brenesia","15(Supl.): 22","","1979"
kew-248426,A,Heliconiaceae,,Heliconia,,"imbricata",,"","(Kuntze) Baker",Accepted,,H,WCSP,248426,119382-2,"Ann. Bot. (Oxford)","7: 191","","1893"
kew-248427,A,Heliconiaceae,,Heliconia,,"impudica",,"","Abalo & G.Morales",Accepted,,H,WCSP,248427,902173-1,"Phytologia","52: 400","","1983"
kew-248428,A,Heliconiaceae,,Heliconia,,"indica",,"","Lam.",Accepted,,H,WCSP,248428,796958-1,"Encycl.","1: 426","","1785"
kew-248429,A,Heliconiaceae,,Heliconia,,"indica",var.,"austrocaledonica","(Vieill.) W.J.Kress",Accepted,,L,WCSP,248429,956278-1,"Allertonia","6: 28","","1990"
kew-248434,A,Heliconiaceae,,Heliconia,,"indica",var.,"micholitzii","(Ridl.) W.J.Kress",Accepted,,L,WCSP,248434,956277-1,"Allertonia","6: 26","","1990"
kew-248436,A,Heliconiaceae,,Heliconia,,"intermedia",,"","Abalo & G.Morales",Accepted,,H,WCSP,248436,902174-1,"Phytologia","54: 422","","1983"
kew-248437,A,Heliconiaceae,,Heliconia,,"irrasa",,"","R.R.Sm.",Accepted,,H,WCSP,248437,119386-2,"Phytologia","30: 66","","1975"
tro-21500539,A,Heliconiaceae,,Heliconia,,"johanii",,"","Barreiros",Unresolved,,L,TRO,21500539,,"","","",""
kew-248442,A,Heliconiaceae,,Heliconia,,"julianii",,"","Barreiros",Accepted,,H,WCSP,248442,584844-1,"Rodriguésia","28: 130","","1976"
kew-248443,A,Heliconiaceae,,Heliconia,,"juruana",,"","Loes.",Accepted,,H,WCSP,248443,278058-2,"Bot. Jahrb. Syst.","54(117): 7","","1916"
kew-248444,A,Heliconiaceae,,Heliconia,,"kautzkiana",,"","Emygdio & E.Santos",Accepted,,H,WCSP,248444,278059-2,"Bradea","4: 350","","1987"
kew-248446,A,Heliconiaceae,,Heliconia,,"lanata",,"","(P.S.Green) W.J.Kress",Accepted,,H,WCSP,248446,947991-1,"Allertonia","6: 40","","1990"
kew-248451,A,Heliconiaceae,,Heliconia,,"lankesteri",,"","Standl.",Accepted,,H,WCSP,248451,119396-2,"J. Wash. Acad. Sci.","17: 162","","1927"
kew-248453,A,Heliconiaceae,,Heliconia,,"lasiorachis",,"","L.Andersson",Accepted,,H,WCSP,248453,278060-2,"Opera Bot.","82: 82","","1985"
kew-248454,A,Heliconiaceae,,Heliconia,,"latispatha",,"","Benth.",Accepted,,H,WCSP,248454,796959-1,"Bot. Voy. Sulphur","170","","1846"
kew-248455,A,Heliconiaceae,,Heliconia,,"laufao",,"","W.J.Kress",Accepted,,H,WCSP,248455,939842-1,"Allertonia","6: 33","","1990"
kew-248456,A,Heliconiaceae,,Heliconia,,"laxa",,"","Abalo & G.Morales",Accepted,,H,WCSP,248456,900044-1,"Phytologia","51: 38","","1982"
kew-248458,A,Heliconiaceae,,Heliconia,,"lentiginosa",,"","Abalo & G.Morales",Accepted,,H,WCSP,248458,906269-1,"Phytologia","57: 48","","1985"
kew-248459,A,Heliconiaceae,,Heliconia,,"leucogramma",,"","Horan.",Unresolved,,L,WCSP,248459,796960-1,"Prodr. Monogr. Scitam.","40","","1862"
kew-248460,A,Heliconiaceae,,Heliconia,,"librata",,"","Griggs",Accepted,,H,WCSP,248460,119400-2,"Bull. Torrey Bot. Club","30: 649","","1903"
kew-248462,A,Heliconiaceae,,Heliconia,,"lingulata",,"","Ruiz & Pav.",Accepted,,H,WCSP,248462,796962-1,"Fl. Peruv.","3: 71","","1802"
kew-248465,A,Heliconiaceae,,Heliconia,,"litana",,"","W.J.Kress",Accepted,,H,WCSP,248465,306853-2,"Brittonia","43: 255","","1991 publ. 1992"
tro-21500418,A,Heliconiaceae,,Heliconia,,"longevaginata",,"","Spruce",Unresolved,,L,TRO,21500418,,"Nov. Stirp. Pug.","","",""
kew-248467,A,Heliconiaceae,,Heliconia,,"longiflora",,"","R.R.Sm.",Accepted,,H,WCSP,248467,119403-2,"Phytologia","36: 255","","1977"
kew-248470,A,Heliconiaceae,,Heliconia,,"longissima",,"","Abalo & G.Morales",Accepted,,H,WCSP,248470,900045-1,"Phytologia","51: 40","","1982"
kew-248471,A,Heliconiaceae,,Heliconia,,"lophocarpa",,"","G.S.Daniels & F.G.Stiles",Accepted,,H,WCSP,248471,119405-2,"Brenesia","15(Supl.): 31","","1979"
kew-248472,A,Heliconiaceae,,Heliconia,,"lourteigiae",,"","Emygdio & E.Santos",Accepted,,H,WCSP,248472,119406-2,"Bol. Mus. Nac. Rio de Janeiro, Bot.","n.s., 43: 1","","1977"
kew-248473,A,Heliconiaceae,,Heliconia,,"lozanoi",,"","Abalo & G.Morales",Accepted,,H,WCSP,248473,906270-1,"Phytologia","57: 50","","1985"
kew-248474,A,Heliconiaceae,,Heliconia,,"luciae",,"","Barreiros",Accepted,,H,WCSP,248474,305518-2,"Bol. Mus. Paraense Emilio Goeldi, Bot.","8: 157","","1992 publ. 1993"
kew-248475,A,Heliconiaceae,,Heliconia,,"lutea",,"","W.J.Kress",Accepted,,H,WCSP,248475,278066-2,"Selbyana","9: 163","","1986"
kew-248477,A,Heliconiaceae,,Heliconia,,"luteoviridis",,"","Abalo & G.Morales",Accepted,,H,WCSP,248477,900046-1,"Phytologia","51: 42","","1982"
kew-248478,A,Heliconiaceae,,Heliconia,,"lutheri",,"","W.J.Kress",Accepted,,H,WCSP,248478,301726-2,"Brittonia","43: 256","","1991 publ. 1992"
kew-248479,A,Heliconiaceae,,Heliconia,,"maculata",,"","W.J.Kress",Accepted,,H,WCSP,248479,119409-2,"J. Arnold Arbor.","62: 244","","1981"
kew-248480,A,Heliconiaceae,,Heliconia,,"magnifica",,"","W.J.Kress",Accepted,,H,WCSP,248480,119410-2,"J. Arnold Arbor.","62: 246","","1981"
kew-248481,A,Heliconiaceae,,Heliconia,×,"mantenensis",,"","B.R.Silva, Senna V. & Emygdio",Accepted,,H,WCSP,248481,330013-2,"Bol. Mus. Nac. Rio de Janeiro, Bot.","n.s., 122: 3","","2003"
kew-248483,A,Heliconiaceae,,Heliconia,,"marginata",,"","(Griggs) Pittier",Accepted,,H,WCSP,248483,119411-2,"Man. Pl. Usual. Venez.","299","","1926"
kew-248485,A,Heliconiaceae,,Heliconia,,"mariae",,"","Hook.f.",Accepted,,H,WCSP,248485,796965-1,"J. Proc. Linn. Soc., Bot.","7: 69","","1864"
kew-248486,A,Heliconiaceae,,Heliconia,,"markiana",,"","Abalo & G.Morales",Accepted,,H,WCSP,248486,304584-2,"Bol. Soc. Venez. Ci. Nat.","44: 144","","1991"
kew-248488,A,Heliconiaceae,,Heliconia,,"mathiasiae",,"","G.S.Daniels & F.G.Stiles",Accepted,,H,WCSP,248488,928493-1,"Brenesia","15(Supl.): 33","","1979"
kew-248489,A,Heliconiaceae,,Heliconia,,"meridensis",,"","Klotzsch",Accepted,,H,WCSP,248489,796966-1,"Linnaea","20: 462","","1847"
kew-248490,A,Heliconiaceae,,Heliconia,,"metallica",,"","Planch. & Linden ex Hook.",Accepted,,H,WCSP,248490,,"Bot. Mag.","88: t. 5315","","1862"
kew-248494,A,Heliconiaceae,,Heliconia,,"monteverdensis",,"","G.S.Daniels & F.G.Stiles",Accepted,,H,WCSP,248494,119421-2,"Brenesia","15(Supl.): 34","","1979"
kew-248496,A,Heliconiaceae,,Heliconia,,"mooreana",,"","R.R.Sm.",Accepted,,H,WCSP,248496,278068-2,"in Fl. Novo-Galiciana","15: 83","","1989"
kew-248497,A,Heliconiaceae,,Heliconia,,"mucilagina",,"","Abalo & G.Morales",Accepted,,H,WCSP,248497,900047-1,"Phytologia","51: 44","","1982"
kew-248498,A,Heliconiaceae,,Heliconia,,"mucronata",,"","Barreiros",Accepted,,H,WCSP,248498,584856-1,"Revista Brasil. Biol.","33: 157","","1973"
kew-248499,A,Heliconiaceae,,Heliconia,,"mutisiana",,"","Cuatrec.",Accepted,,H,WCSP,248499,119423-2,"Trab. Mus. Nac. Ci. Nat., Ser. Bot.","29: 5","","1935"
kew-248501,A,Heliconiaceae,,Heliconia,,"nariniensis",,"","Abalo & G.Morales",Accepted,,H,WCSP,248501,900048-1,"Phytologia","51: 46","","1982"
kew-248502,A,Heliconiaceae,,Heliconia,,"necrobracteata",,"","W.J.Kress",Accepted,,H,WCSP,248502,119426-2,"J. Arnold Arbor.","62: 248","","1981"
kew-248503,A,Heliconiaceae,,Heliconia,×,"nickeriensis",,"","Maas & de Rooij",Accepted,,H,WCSP,248503,584859-1,"Acta Bot. Neerl.","28: 91","","1979"
kew-248505,A,Heliconiaceae,,Heliconia,,"nigripraefixa",,"","Dodson & A.H.Gentry",Accepted,,H,WCSP,248505,119428-2,"Selbyana","2: 296","","1978"
kew-248506,A,Heliconiaceae,,Heliconia,,"nitida",,"","Abalo & G.Morales",Accepted,,H,WCSP,248506,900049-1,"Phytologia","51: 48","","1982"
kew-248507,A,Heliconiaceae,,Heliconia,,"nubigena",,"","L.Andersson",Accepted,,H,WCSP,248507,302814-2,"Opera Bot.","111: 58","","1992"
kew-248508,A,Heliconiaceae,,Heliconia,,"nutans",,"","Woodson",Accepted,,H,WCSP,248508,119430-2,"Ann. Missouri Bot. Gard.","26: 276","","1939"
kew-248509,A,Heliconiaceae,,Heliconia,,"obscura",,"","Dodson & A.H.Gentry",Accepted,,H,WCSP,248509,119431-2,"Selbyana","2: 297","","1978"
kew-248513,A,Heliconiaceae,,Heliconia,,"obscuroides",,"","L.Andersson",Accepted,,H,WCSP,248513,906271-1,"Opera Bot., B","22(221): 71","","1985"
kew-248514,A,Heliconiaceae,,Heliconia,,"oleosa",,"","Abalo & G.Morales",Accepted,,H,WCSP,248514,900050-1,"Phytologia","51: 50","","1982"
kew-248515,A,Heliconiaceae,,Heliconia,,"ortotricha",,"","L.Andersson",Accepted,,H,WCSP,248515,900051-1,"Nordic J. Bot.","1: 781","","1981 publ. 1982"
kew-248516,A,Heliconiaceae,,Heliconia,,"osaensis",,"","Cufod.",Accepted,,H,WCSP,248516,119433-2,"Arch. Bot. (Forlì)","9: 189","","1933"
kew-248518,A,Heliconiaceae,,Heliconia,,"paka",,"","A.C.Sm.",Accepted,,H,WCSP,248518,584865-1,"Contr. U. S. Natl. Herb.","37: 69","","1967"
kew-248519,A,Heliconiaceae,,Heliconia,,"paludigena",,"","Abalo & G.Morales",Accepted,,H,WCSP,248519,902177-1,"Phytologia","52: 402","","1983"
kew-248520,A,Heliconiaceae,,Heliconia,,"papuana",,"","W.J.Kress",Accepted,,H,WCSP,248520,939841-1,"Allertonia","6: 30","","1990"
kew-248521,A,Heliconiaceae,,Heliconia,,"pardoi",,"","Abalo & G.Morales",Accepted,,H,WCSP,248521,300194-2,"Bol. Soc. Venez. Ci. Nat.","44: 146","","1991"
kew-248522,A,Heliconiaceae,,Heliconia,,"pastazae",,"","L.Andersson",Accepted,,H,WCSP,248522,906272-1,"Opera Bot., B","22(221): 46","","1985"
tro-21500412,A,Heliconiaceae,,Heliconia,,"paulii",,"","Lane ex R.R. Sm.",Accepted,,M,TRO,21500412,,"Nov. Stirp. Pug.","","",""
kew-248524,A,Heliconiaceae,,Heliconia,,"peckenpaughii",,"","Abalo & G.Morales",Accepted,,H,WCSP,248524,300195-2,"Bol. Soc. Venez. Ci. Nat.","44: 148","","1991"
kew-248525,A,Heliconiaceae,,Heliconia,,"pendula",,"","Wawra",Accepted,,H,WCSP,248525,796969-1,"Oesterr. Bot. Z.","13: 8","","1963"
kew-248526,A,Heliconiaceae,,Heliconia,,"penduloides",,"","Loes.",Accepted,,H,WCSP,248526,119439-2,"Bot. Jahrb. Syst.","54(117): 6","","1916"
kew-248527,A,Heliconiaceae,,Heliconia,,"peteriana",,"","Abalo & G.Morales",Accepted,,H,WCSP,248527,301540-2,"Bol. Soc. Venez. Ci. Nat.","44: 150","","1991"
kew-248528,A,Heliconiaceae,,Heliconia,×,"plagiotropa",,"","Abalo & G.Morales",Accepted,,H,WCSP,248528,902178-1,"Phytologia","52: 404","","1983"
kew-248529,A,Heliconiaceae,,Heliconia,,"platystachys",,"","Baker",Accepted,,H,WCSP,248529,119441-2,"Ann. Bot. (Oxford)","7: 199","","1893"
kew-248532,A,Heliconiaceae,,Heliconia,,"pogonantha",,"","Cufod.",Accepted,,H,WCSP,248532,119444-2,"Arch. Bot. (Forlì)","9: 191","","1933"
kew-248537,A,Heliconiaceae,,Heliconia,,"pruinosa",,"","Loes.",Accepted,,H,WCSP,248537,119448-2,"Bot. Jahrb. Syst.","54(117): 7","","1916"
kew-248538,A,Heliconiaceae,,Heliconia,,"pseudoaemygdiana",,"","Emygdio & E.Santos",Accepted,,H,WCSP,248538,278072-2,"Bradea","3: 370","","1983"
kew-248539,A,Heliconiaceae,,Heliconia,,"psittacorum",,"","L.f.",Accepted,,H,WCSP,248539,796972-1,"Suppl. Pl.","158","","1782"
kew-248548,A,Heliconiaceae,,Heliconia,,"ramonensis",,"","G.S.Daniels & F.G.Stiles",Accepted,,H,WCSP,248548,119458-2,"Brenesia","15(Supl.): 39","","1979"
kew-248553,A,Heliconiaceae,,Heliconia,,"rauliniana",,"","Barreiros",Accepted,,H,WCSP,248553,119462-2,"Bradea","1: 453","","1974"
kew-248555,A,Heliconiaceae,,Heliconia,,"regalis",,"","L.Andersson",Accepted,,H,WCSP,248555,906273-1,"Opera Bot., B","22(221): 52","","1985"
kew-248556,A,Heliconiaceae,,Heliconia,,"reptans",,"","Abalo & G.Morales",Accepted,,H,WCSP,248556,900052-1,"Phytologia","51: 52","","1982"
kew-248557,A,Heliconiaceae,,Heliconia,,"reticulata",,"","(Griggs) H.J.P.Winkl.",Accepted,,H,WCSP,248557,119464-2,"Nat. Pflanzenfam. ed. 2","15a: 536","","1930"
kew-248558,A,Heliconiaceae,,Heliconia,,"revoluta",,"","(Griggs) Standl.",Accepted,,H,WCSP,248558,119465-2,"Publ. Field Columb. Mus., Bot. Ser.","8: 4","","1930"
kew-248559,A,Heliconiaceae,,Heliconia,,"rhodantha",,"","Abalo & G.Morales",Accepted,,H,WCSP,248559,900053-1,"Phytologia","51: 54","","1982"
kew-248560,A,Heliconiaceae,,Heliconia,,"richardiana",,"","Miq.",Accepted,,H,WCSP,248560,796976-1,"Linnaea","18: 70","","1844"
kew-248561,A,Heliconiaceae,,Heliconia,,"rigida",,"","Abalo & G.Morales",Accepted,,H,WCSP,248561,900054-1,"Phytologia","51: 56","","1982"
kew-248562,A,Heliconiaceae,,Heliconia,,"riopalenquensis",,"","Dodson & A.H.Gentry",Accepted,,H,WCSP,248562,119468-2,"Selbyana","2: 298","","1978"
kew-248563,A,Heliconiaceae,,Heliconia,,"rivularis",,"","Emygdio & E.Santos",Accepted,,H,WCSP,248563,119469-2,"Bol. Mus. Nac. Rio de Janeiro, Bot.","n.s., 43: 5","","1977"
kew-248564,A,Heliconiaceae,,Heliconia,,"robertoi",,"","Abalo & G.Morales",Accepted,,H,WCSP,248564,906274-1,"Phytologia","57: 52","","1985"
kew-248565,A,Heliconiaceae,,Heliconia,,"robusta",,"","Pax",Accepted,,H,WCSP,248565,119470-2,"Repert. Spec. Nov. Regni Veg.","7: 107","","1909"
kew-248566,A,Heliconiaceae,,Heliconia,,"rodriguensis",,"","Aristeg.",Accepted,,H,WCSP,248566,119471-2,"Gen. Heliconia Venez.","6","","1961"
kew-248567,A,Heliconiaceae,,Heliconia,,"rodriguezii",,"","F.G.Stiles",Accepted,,H,WCSP,248567,900055-1,"Brenesia","19-20: 222","","1982"
kew-248570,A,Heliconiaceae,,Heliconia,,"rostrata",,"","Ruiz & Pav.",Accepted,,H,WCSP,248570,796978-1,"Fl. Peruv.","3: 71","","1802"
kew-248572,A,Heliconiaceae,,Heliconia,,"rubra",,"","Sessé & Moc.",Unresolved,,L,WCSP,248572,119474-2,"Fl. Mexic.","ed. 2: 65","","1894"
kew-463324,A,Heliconiaceae,,Heliconia,,"samperiana",,"","W.J.Kress & Betancur",Accepted,,H,WCSP,463324,,"Caldasia","31: 100","","2009"
kew-248575,A,Heliconiaceae,,Heliconia,,"sanctae-martae",,"","L.Andersson",Accepted,,H,WCSP,248575,278075-2,"Opera Bot.","82: 34","","1985"
kew-248576,A,Heliconiaceae,,Heliconia,,"sanctae-theresae",,"","Abalo & G.Morales",Accepted,,H,WCSP,248576,906276-1,"Phytologia","57: 54","","1985"
kew-248578,A,Heliconiaceae,,Heliconia,,"santaremensis",,"","Barreiros",Accepted,,H,WCSP,248578,119477-2,"Bradea","3: 103","","1980"
kew-248579,A,Heliconiaceae,,Heliconia,,"sarapiquensis",,"","G.S.Daniels & F.G.Stiles",Accepted,,H,WCSP,248579,119478-2,"Brenesia","15(Supl.): 41","","1979"
kew-248580,A,Heliconiaceae,,Heliconia,,"scarlatina",,"","Abalo & G.Morales",Accepted,,H,WCSP,248580,900056-1,"Phytologia","51: 58","","1982"
kew-248582,A,Heliconiaceae,,Heliconia,,"schiedeana",,"","Klotzsch",Accepted,,H,WCSP,248582,796981-1,"Linnaea","20: 463","","1847"
kew-248587,A,Heliconiaceae,,Heliconia,,"schumanniana",,"","Loes.",Accepted,,H,WCSP,248587,119485-2,"Bot. Jahrb. Syst.","54(117): 12","","1916"
kew-248593,A,Heliconiaceae,,Heliconia,,"sclerotricha",,"","Abalo & G.Morales",Accepted,,H,WCSP,248593,902180-1,"Phytologia","52: 406","","1983"
kew-248594,A,Heliconiaceae,,Heliconia,,"secunda",,"","R.R.Sm.",Accepted,,H,WCSP,248594,119492-2,"Phytologia","30: 214","","1975"
kew-248598,A,Heliconiaceae,,Heliconia,,"sessilis",,"","W.J.Kress",Accepted,,H,WCSP,248598,119494-2,"J. Arnold Arbor.","62: 251","","1981"
kew-248599,A,Heliconiaceae,,Heliconia,,"signa-hispanica",,"","Abalo & G.Morales",Accepted,,H,WCSP,248599,902181-1,"Phytologia","54: 428","","1983"
kew-248600,A,Heliconiaceae,,Heliconia,,"solomonensis",,"","W.J.Kress",Accepted,,H,WCSP,248600,939843-1,"Allertonia","6: 36","","1990"
kew-248601,A,Heliconiaceae,,Heliconia,,"spathocircinada",,"","Aristeg.",Accepted,,H,WCSP,248601,119496-2,"Gen. Heliconia Venez.","14","","1961"
tro-21500327,A,Heliconiaceae,,Heliconia,,"spathocircinata",,"","Aristeg.",Accepted,,M,TRO,21500327,584890-1,"Bol. Soc. Venez. Ci. Nat.","22(98–99): 18, 20, t.","18","1961"
kew-248606,A,Heliconiaceae,,Heliconia,,"spiralis",,"","Abalo & G.Morales",Accepted,,H,WCSP,248606,902182-1,"Phytologia","54: 430","","1983"
kew-248609,A,Heliconiaceae,,Heliconia,,"spissa",,"","Griggs",Accepted,,H,WCSP,248609,119500-2,"Bull. Torrey Bot. Club","30: 652","","1903"
kew-248610,A,Heliconiaceae,,Heliconia,,"standleyi",,"","J.F.Macbr.",Accepted,,H,WCSP,248610,119501-2,"Publ. Field Mus. Nat. Hist., Bot. Ser.","11: 48","","1931"
kew-248611,A,Heliconiaceae,,Heliconia,,"stella-maris",,"","Abalo & G.Morales",Accepted,,H,WCSP,248611,902183-1,"Phytologia","54: 432","","1983"
kew-248613,A,Heliconiaceae,,Heliconia,,"stilesii",,"","W.J.Kress",Accepted,,H,WCSP,248613,900057-1,"Brenesia","19-20: 202","","1982"
kew-248617,A,Heliconiaceae,,Heliconia,,"stricta",,"","Huber",Accepted,,H,WCSP,248617,119505-2,"Bol. Mus. Goeldi Hist. Nat. Ethnogr.","4: 543","","1906"
kew-248618,A,Heliconiaceae,,Heliconia,,"subulata",,"","Ruiz & Pav.",Accepted,,H,WCSP,248618,796989-1,"Fl. Peruv.","3: 70","","1802"
kew-248619,A,Heliconiaceae,,Heliconia,,"subulata",subsp.,"gracilis","(Petersen) L.Andersson",Accepted,,L,WCSP,248619,924251-1,"Opera Bot.","82: 88","","1985"
kew-248622,A,Heliconiaceae,,Heliconia,,"sucrei",,"","Barreiros",Accepted,,H,WCSP,248622,929241-1,"Bol. Mus. Bot. Kuhlmann","8: 6","","1985"
tro-21500414,A,Heliconiaceae,,Heliconia,,"sylvicola",,"","DC.",Accepted,,M,TRO,21500414,,"Nov. Stirp. Pug.","","",""
kew-248625,A,Heliconiaceae,,Heliconia,,"tacarcunae",,"","L.Andersson",Accepted,,H,WCSP,248625,906277-1,"Opera Bot.","82: 113","","1985"
kew-248626,A,Heliconiaceae,,Heliconia,,"talamancana",,"","G.S.Daniels & F.G.Stiles",Accepted,,H,WCSP,248626,119508-2,"Brenesia","15(Supl.): 42","","1979"
kew-248627,A,Heliconiaceae,,Heliconia,,"tandayapensis",,"","Abalo & G.Morales",Accepted,,H,WCSP,248627,902184-1,"Phytologia","52: 408","","1983"
kew-248629,A,Heliconiaceae,,Heliconia,,"tenebrosa",,"","J.F.Macbr.",Accepted,,H,WCSP,248629,119511-2,"Publ. Field Mus. Nat. Hist., Bot. Ser.","11: 48","","1931"
kew-248630,A,Heliconiaceae,,Heliconia,,"terciopela",,"","W.J.Kress & Betancur",Accepted,,H,WCSP,248630,976016-1,"Caldasia","17: 190","","1993"
kew-248632,A,Heliconiaceae,,Heliconia,,"thomasiana",,"","W.J.Kress",Accepted,,H,WCSP,248632,278078-2,"Selbyana","9: 156","","1986"
kew-248633,A,Heliconiaceae,,Heliconia,,"timothei",,"","L.Andersson",Accepted,,H,WCSP,248633,278079-2,"Opera Bot.","82: 66","","1985"
kew-248634,A,Heliconiaceae,,Heliconia,,"titanum",,"","W.J.Kress & Betancur",Accepted,,H,WCSP,248634,976017-1,"Caldasia","17: 192","","1993"
kew-248635,A,Heliconiaceae,,Heliconia,,"tortuosa",,"","Griggs",Accepted,,H,WCSP,248635,119512-2,"Bull. Torrey Bot. Club","30: 650","","1903"
kew-248636,A,Heliconiaceae,,Heliconia,,"trichocarpa",,"","G.S.Daniels & F.G.Stiles",Accepted,,H,WCSP,248636,119513-2,"Brenesia","15(Supl.): 44","","1979"
kew-248639,A,Heliconiaceae,,Heliconia,,"tridentata",,"","Barreiros",Accepted,,H,WCSP,248639,119515-2,"Rodriguésia","28: 131","","1976"
kew-248640,A,Heliconiaceae,,Heliconia,,"triflora",,"","Barreiros",Accepted,,H,WCSP,248640,584900-1,"Rodriguésia","26: 128","","1971"
kew-248643,A,Heliconiaceae,,Heliconia,,"umbrophila",,"","G.S.Daniels & F.G.Stiles",Accepted,,H,WCSP,248643,119518-2,"Brenesia","15(Supl.): 45","","1979"
kew-248645,A,Heliconiaceae,,Heliconia,,"uxpanapensis",,"","C.Gut.Báez",Accepted,,H,WCSP,248645,934269-1,"Biótica","12: 149","","1987"
kew-248646,A,Heliconiaceae,,Heliconia,,"vaginalis",,"","Benth.",Accepted,,H,WCSP,248646,796994-1,"Bot. Voy. Sulphur","171","","1846"
kew-248650,A,Heliconiaceae,,Heliconia,,"vellerigera",,"","Poepp.",Accepted,,H,WCSP,248650,796996-1,"Reise Chile","2: 295","","1836"
kew-248652,A,Heliconiaceae,,Heliconia,,"velutina",,"","L.Andersson",Accepted,,H,WCSP,248652,278081-2,"Opera Bot.","82: 81","","1985"
kew-248653,A,Heliconiaceae,,Heliconia,,"venusta",,"","Abalo & G.Morales",Accepted,,H,WCSP,248653,900058-1,"Phytologia","51: 60","","1982"
kew-248654,A,Heliconiaceae,,Heliconia,,"villosa",,"","Klotzsch",Accepted,,H,WCSP,248654,796997-1,"Linnaea","20: 463","","1847"
kew-248657,A,Heliconiaceae,,Heliconia,,"virginalis",,"","Abalo & G.Morales",Accepted,,H,WCSP,248657,902185-1,"Phytologia","52: 410","","1983"
kew-248660,A,Heliconiaceae,,Heliconia,,"wagneriana",,"","Petersen",Accepted,,H,WCSP,248660,119524-2,"Fl. Bras.","3(3): 13","","1896"
kew-248662,A,Heliconiaceae,,Heliconia,,"willisiana",,"","Abalo & G.Morales",Accepted,,H,WCSP,248662,902186-1,"Phytologia","52: 412","","1983"
kew-248663,A,Heliconiaceae,,Heliconia,,"wilsonii",,"","G.S.Daniels & F.G.Stiles",Accepted,,H,WCSP,248663,119527-2,"Brenesia","15(Supl.): 46","","1979"
kew-248664,A,Heliconiaceae,,Heliconia,,"xanthovillosa",,"","W.J.Kress",Accepted,,H,WCSP,248664,119528-2,"J. Arnold Arbor.","62: 253","","1981"
kew-248665,A,Heliconiaceae,,Heliconia,,"zebrina",,"","Plowman, W.J.Kress & H.Kenn.",Accepted,,H,WCSP,248665,292394-2,"Baileya","21: 151","","1982"
