﻿ID,Major group,Family,Genus hybrid marker,Genus,Species hybrid marker,Species,Infraspecific rank,Infraspecific epithet,Authorship,Taxonomic status in TPL,Nomenclatural status from original data source,Confidence level,Source,Source id,IPNI id,Publication,Collation,Page,Date
tro-35187691,B,Herbertaceae,,Herbertus,,"acanthelius",,"","Spruce",Accepted,,M,TRO,35187691,,"Trans. & Proc. Bot. Soc. Edinburgh","15: 344","344","1885"
tro-35185196,B,Herbertaceae,,Herbertus,,"aduncus",,"","(Dicks.) Gray",Accepted,,M,TRO,35185196,,"Nat. Arr. Brit. Pl.","1: 705","705","1821"
tro-35185198,B,Herbertaceae,,Herbertus,,"aduncus",subsp.,"tenuis","(A. Evans) H.A. Mill. & E.B. Bohrer",Accepted,,L,TRO,35185198,,"Rev. Bryol. Lichénol.","29: 29","29","1960"
tro-35217762,B,Herbertaceae,,Herbertus,,"angustevittatus",,"","(Stephani) Fulford",Accepted,,M,TRO,35217762,,"Mem. New York Bot. Gard.","11: 102","102","1962"
tro-35208947,B,Herbertaceae,,Herbertus,,"angustissimus",,"","(Herzog) H.A. Mill.",Accepted,,M,TRO,35208947,,"J. Hattori Bot. Lab.","28: 325","325","1965"
tro-35202982,B,Herbertaceae,,Herbertus,,"arcticus",,"","(Inoue & Steere) Schljakov",Accepted,,M,TRO,35202982,,"Novosti Syst. Niza. Rast.","19: 209","209","1982"
tro-35212640,B,Herbertaceae,,Herbertus,,"armitana",,"","(Stephani) H.A. Mill.",Accepted,,M,TRO,35212640,,"J. Hattori Bot. Lab.","28: 324","324","1965"
tro-35202314,B,Herbertaceae,,Herbertus,,"asparus",,"","Tixier",Accepted,,M,TRO,35202314,,"Bryophyt. Biblioth.","18: 64. f. 6","64","1979"
tro-35204045,B,Herbertaceae,,Herbertus,,"azoricus",,"","P.W. Richards",Accepted,,M,TRO,35204045,,"Ann. Bryol.","9: 137","137","1936"
tro-35191202,B,Herbertaceae,,Herbertus,,"bivittatus",,"","Spruce",Accepted,,M,TRO,35191202,,"Trans. & Proc. Bot. Soc. Edinburgh","15: 343","343","1885"
tro-35205366,B,Herbertaceae,,Herbertus,,"borealis",,"","Crundw.",Accepted,,M,TRO,35205366,,"Trans. Brit. Bryol. Soc.","6: ?","?","1970"
tro-35217376,B,Herbertaceae,,Herbertus,,"buchii",,"","Juslen",Accepted,,M,TRO,35217376,,"Ann. Bot. Fenn.","43: 416","416","2006"
tro-35187705,B,Herbertaceae,,Herbertus,,"cancerina",,"","Herzog",Unresolved,,L,TRO,35187705,,"Rev. Bryol. Lichénol.","11: 25","25","1939"
tro-35202341,B,Herbertaceae,,Herbertus,,"capensis",,"","(Stephani) Sim",Accepted,,M,TRO,35202341,,"Trans. Roy. Soc. South Africa","15: 75","75","1926"
tro-35208559,B,Herbertaceae,,Herbertus,,"ceylanicus",,"","(Stephani) Abeyw.",Accepted,,M,TRO,35208559,,"Ceylon J. Sci., Biol. Sci.","2: 43","43","1959"
tro-35212629,B,Herbertaceae,,Herbertus,,"circinatus",,"","(Stephani) H.A. Mill.",Accepted,,M,TRO,35212629,,"J. Hattori Bot. Lab.","28: 318","318","1965"
tro-35202221,B,Herbertaceae,,Herbertus,,"colombianus",,"","G. Reenen",Accepted,,M,TRO,35202221,,"Lindbergia","8: 117. f. 17–21","117","1982"
tro-35187703,B,Herbertaceae,,Herbertus,,"costaricensis",,"","Stephani",Unresolved,,L,TRO,35187703,,"Bull. Soc. Roy. Bot. Belgique","31: 178","178","1892"
tro-35212613,B,Herbertaceae,,Herbertus,,"darjeelingensis",,"","H.A. Mill.",Unresolved,,L,TRO,35212613,,"J. Hattori Bot. Lab.","28: 307","307","1965"
tro-35212626,B,Herbertaceae,,Herbertus,,"decurrens",,"","(Stephani) H.A. Mill.",Accepted,,M,TRO,35212626,,"J. Hattori Bot. Lab.","28: 317","317","1965"
tro-35208948,B,Herbertaceae,,Herbertus,,"delavayi",,"","Stephani",Accepted,,M,TRO,35208948,,"Hedwigia","34: 43","43","1895"
tro-35200935,B,Herbertaceae,,Herbertus,,"dicranus",,"","(Taylor) Trevis.",Accepted,,M,TRO,35200935,,"Mem. Reale Ist. Lombardo Sci., Ser. 3, Cl. Sci. Mat.","4: 397","397","1877"
tro-35212642,B,Herbertaceae,,Herbertus,,"divaricatus",,"","(Herzog) H.A. Mill.",Accepted,,M,TRO,35212642,,"J. Hattori Bot. Lab.","28: 325","325","1965"
tro-35187693,B,Herbertaceae,,Herbertus,,"divergens",,"","(Stephani) Herzog",Accepted,,M,TRO,35187693,,"Hedwigia","74: 94","94","1934"
tro-35216576,B,Herbertaceae,,Herbertus,,"doggeltianus",,"","(Stephani) Demaret",Accepted,,M,TRO,35216576,,"Bull. Jard. Bot. État Brux.","16: 289","289","1942"
tro-35216274,B,Herbertaceae,,Herbertus,,"durandii",,"","(Stephani) Herzog",Accepted,,M,TRO,35216274,,"Rev. Bryol. Lichénol.","11: 25","25","1939"
tro-35202240,B,Herbertaceae,,Herbertus,,"elliottii",,"","(Spruce) Fulford",Accepted,,M,TRO,35202240,,"Mem. New York Bot. Gard.","45: 266","266","1987"
tro-35212649,B,Herbertaceae,,Herbertus,,"evittatus",,"","(Stephani) H.A. Mill.",Accepted,,M,TRO,35212649,,"J. Hattori Bot. Lab.","28: 327","327","1965"
tro-35212600,B,Herbertaceae,,Herbertus,,"fleischeri",,"","(Stephani) H.A. Mill.",Accepted,,M,TRO,35212600,,"J. Hattori Bot. Lab.","28: 307","307","1965"
tro-35208949,B,Herbertaceae,,Herbertus,,"fragilis",,"","(Stephani) Herzog",Accepted,,M,TRO,35208949,,"Ann. Bryol.","12: 80","80","1939"
tro-35215458,B,Herbertaceae,,Herbertus,,"gaochienii",,"","Fu Xing",Accepted,,M,TRO,35215458,,"Fl. Bryophyt. Sin.","9: 38. f. 15","38","2003"
tro-35208950,B,Herbertaceae,,Herbertus,,"giraldianus",,"","(Stephani) Nichols",Accepted,,M,TRO,35208950,,"Symb. Sin.","5: 27","27","1930"
tro-35212617,B,Herbertaceae,,Herbertus,,"giulianettii",,"","(Stephani) H.A. Mill.",Accepted,,M,TRO,35212617,,"J. Hattori Bot. Lab.","28: 311","311","1965"
tro-35215438,B,Herbertaceae,,Herbertus,,"grossevittatus",,"","(Stephani) S.W. Arnell ex Grolle",Accepted,,M,TRO,35215438,,"Bryophyt. Biblioth.","48: 73","73","1995"
tro-35187696,B,Herbertaceae,,Herbertus,,"grossispinus",,"","Fulford",Accepted,,M,TRO,35187696,,"Index Bryol.","","","1963"
tro-35185199,B,Herbertaceae,,Herbertus,,"hawaiiensis",,"","H.A. Mill.",Accepted,,M,TRO,35185199,,"J. Hattori Bot. Lab.","28: 317. f. 79","317","1965"
tro-35212612,B,Herbertaceae,,Herbertus,,"helleri",,"","(Stephani) W.E. Nicholson",Accepted,,M,TRO,35212612,,"Rev. Bryol. Lichénol.","13: 142","142",""
tro-35212595,B,Herbertaceae,,Herbertus,,"herpocladioides",,"","E.B. Bohrer & H.A. Mill.",Accepted,,M,TRO,35212595,,"Bryologist","62: 116","116","1959"
tro-35185200,B,Herbertaceae,,Herbertus,,"himalayanus",,"","(Stephani) Herzog",Accepted,,M,TRO,35185200,,"Ann. Bryol.","12: 80","80","1939"
tro-35208951,B,Herbertaceae,,Herbertus,,"huerlimannii",,"","H.A. Mill.",Accepted,,M,TRO,35208951,,"J. Hattori Bot. Lab.","31: 248. f. 1–9","248","1968"
tro-35205365,B,Herbertaceae,,Herbertus,,"hutchinsiae",,"","(Gottsche & Rabenh.) A. Evans",Accepted,,M,TRO,35205365,,"Bull. Torrey Bot. Club","44: 214","214","1917"
tro-35208952,B,Herbertaceae,,Herbertus,,"javanicus",,"","(Stephani) H.A. Mill.",Accepted,,M,TRO,35208952,,"J. Hattori Bot. Lab.","28: 319","319","1965"
tro-35187095,B,Herbertaceae,,Herbertus,,"juniperoideus",,"","(Sw.) Grolle",Accepted,,M,TRO,35187095,,"Rev. Bryol. Lichénol.","30:","","1961"
tro-35216855,B,Herbertaceae,,Herbertus,,"juniperoideus",subsp.,"acanthelius","(Spruce) K. Feldberg & J. Heinrichs",Accepted,,L,TRO,35216855,,"Bot. J. Linn. Soc.","151: 326","326","2006"
tro-35216857,B,Herbertaceae,,Herbertus,,"juniperoideus",subsp.,"pensilis","(Taylor) K. Feldberg & J. Heinrichs",Accepted,,L,TRO,35216857,,"Bot. J. Linn. Soc.","151: 329","329","2006"
tro-35208953,B,Herbertaceae,,Herbertus,,"kurzii",,"","(Stephani) H.A. Mill.",Accepted,,M,TRO,35208953,,"J. Hattori Bot. Lab.","28: 320","320","1965"
tro-35212638,B,Herbertaceae,,Herbertus,,"leratii",,"","(Stephani) H.A. Mill.",Accepted,,M,TRO,35212638,,"J. Hattori Bot. Lab.","28: 327","327","1965"
tro-35209920,B,Herbertaceae,,Herbertus,,"limbatus",,"","(Stephani) Herzog",Accepted,,M,TRO,35209920,,"Rev. Bryol. Lichénol.","11: 14","14","1938"
tro-35216578,B,Herbertaceae,,Herbertus,,"lobatus",,"","(Stephani) Demaret",Accepted,,M,TRO,35216578,,"Bull. Jard. Bot. État Brux.","16: 289","289","1942"
tro-35212597,B,Herbertaceae,,Herbertus,,"lochobasis",,"","H.A. Mill.",Unresolved,,L,TRO,35212597,,"J. Hattori Bot. Lab.","28: 306. f. 3, 9–10","306","1965"
tro-35208839,B,Herbertaceae,,Herbertus,,"longifissus",,"","Stephani",Accepted,,M,TRO,35208839,,"Hedwigia","34: 44","44","1895"
tro-35208052,B,Herbertaceae,,Herbertus,,"longispinus",,"","J.B. Jack & Stephani",Accepted,,M,TRO,35208052,,"Hedwigia","31: 15","15","1892"
tro-35211398,B,Herbertaceae,,Herbertus,,"mascarenicus",,"","(Stephani) S.W. Arnell ex Váňa",Accepted,,M,TRO,35211398,,"Lejeunia, n.s.","98: 10","10","1979"
tro-35208954,B,Herbertaceae,,Herbertus,,"mastigophoroides",,"","H.A. Mill.",Accepted,,M,TRO,35208954,,"J. Hattori Bot. Lab.","28: 324. f. 114, 117, 121","324",""
tro-35217981,B,Herbertaceae,,Herbertus,,"mauritianus",,"","N. Hodgetts",Accepted,,M,TRO,35217981,,"J. Bryol.","30: 247","247","2008"
tro-35212624,B,Herbertaceae,,Herbertus,,"minima",,"","Horik.",Accepted,,M,TRO,35212624,,"J. Sci. Hiroshima Univ., Ser. B, Div. 2, Bot.","2: 208. pl. 17: 21–26","208","1934"
tro-35212623,B,Herbertaceae,,Herbertus,,"minor",,"","Horik.",Accepted,,M,TRO,35212623,,"J. Sci. Hiroshima Univ., Ser. B, Div. 2, Bot.","2: 211. pl. 18: 5–9","211","1934"
tro-35208956,B,Herbertaceae,,Herbertus,,"nepalensis",,"","H.A. Mill.",Accepted,,M,TRO,35208956,,"J. Hattori Bot. Lab.","28: 322. f. 102, 108, 111","322","1965"
tro-35212607,B,Herbertaceae,,Herbertus,,"nilgerriensis",,"","(Stephani) H.A. Mill.",Accepted,,M,TRO,35212607,,"J. Hattori Bot. Lab.","28: 308","308","1965"
tro-100377496,B,Herbertaceae,,Herbertus,,"norenus",,"","D.G. Long, D. Bell & H.H. Blom",Accepted,,M,TRO,100377496,,"Molec. Ecol. Resources","12(1): 44","44","2012"
tro-35211058,B,Herbertaceae,,Herbertus,,"oblongifolius",,"","(Stephani) Gradst. & Cleef",Accepted,,M,TRO,35211058,,"Proc. Kon. Ned. Akad. Wetensch., C","80: 398","398","1977"
tro-35212609,B,Herbertaceae,,Herbertus,,"parisii",,"","(Stephani) H.A. Mill.",Accepted,,M,TRO,35212609,,"J. Hattori Bot. Lab.","28: 309","309","1965"
tro-35187706,B,Herbertaceae,,Herbertus,,"pectinatus",,"","Herzog",Unresolved,,L,TRO,35187706,,"Rev. Bryol. Lichénol.","11: 27","27","1939"
tro-35187694,B,Herbertaceae,,Herbertus,,"penicillatus",,"","Herzog",Unresolved,,L,TRO,35187694,,"Rev. Bryol. Lichénol.","11: 29","29","1939"
tro-35187181,B,Herbertaceae,,Herbertus,,"pensilis",,"","Spruce",Accepted,,M,TRO,35187181,,"Trans. & Proc. Bot. Soc. Edinburgh","15: 342","342","1885"
tro-35208560,B,Herbertaceae,,Herbertus,,"perrottetii",,"","(Stephani) Abeyw.",Accepted,,M,TRO,35208560,,"Ceylon J. Sci., Biol. Sci.","2: 43","43","1959"
tro-35212647,B,Herbertaceae,,Herbertus,,"pilifer",,"","Schiffner",Unresolved,,L,TRO,35212647,,"Nova Acta Acad. Caes. Leop.-Carol. German. Nat. Cur.","60: 252","252","1892"
tro-35212620,B,Herbertaceae,,Herbertus,,"pinnatus",,"","(Stephani) H.A. Mill.",Accepted,,M,TRO,35212620,,"J. Hattori Bot. Lab.","28: 313","313","1965"
tro-35217982,B,Herbertaceae,,Herbertus,,"pocsii",,"","N. Hodgetts",Accepted,,M,TRO,35217982,,"J. Bryol.","30: 249","249","2008"
tro-35215460,B,Herbertaceae,,Herbertus,,"pseudoceylanicus",,"","S. Hatt.",Accepted,,M,TRO,35215460,,"Fl. E. Himalaya","225","225","1971"
tro-35205849,B,Herbertaceae,,Herbertus,,"pusillus",,"","(Stephani) S. Hatt.",Accepted,,M,TRO,35205849,,"Bot. Mag. (Tokyo)","58: 362","362","1944"
tro-35212622,B,Herbertaceae,,Herbertus,,"ramosus",,"","(Stephani) H.A. Mill.",Accepted,,M,TRO,35212622,,"J. Hattori Bot. Lab.","28: 314","314","1965"
tro-35190211,B,Herbertaceae,,Herbertus,,"runcinatus",,"","(Taylor) Kuhnem.",Accepted,,M,TRO,35190211,,"Revista Centro Estud. Doct. Ci. Nat.","1: 160","160","1937"
tro-35191101,B,Herbertaceae,,Herbertus,,"sakuraii",,"","(Warnst.) S. Hatt.",Accepted,,M,TRO,35191101,,"J. Hattori Bot. Lab.","2: 6","6","1947"
tro-35208495,B,Herbertaceae,,Herbertus,,"sendtneri",,"","(Nees) A. Evans",Accepted,,M,TRO,35208495,,"Bull. Torrey Bot. Club","44: 212","212","1917"
tro-35216166,B,Herbertaceae,,Herbertus,,"seriatus",,"","(Stephani) S.W. Arnell",Accepted,,M,TRO,35216166,,"Svensk Bot. Tidskr.","59: 75","75","1965"
tro-35187704,B,Herbertaceae,,Herbertus,,"serratus",,"","Spruce",Unresolved,,L,TRO,35187704,,"Mem. Torrey Bot. Club","1: 128","128","1890"
tro-35212646,B,Herbertaceae,,Herbertus,,"setiger",,"","(Stephani) H.A. Mill.",Accepted,,M,TRO,35212646,,"J. Hattori Bot. Lab.","28: 326","326","1965"
tro-35215462,B,Herbertaceae,,Herbertus,,"sikkimensis",,"","(Stephani) W.E. Nicholson",Accepted,,M,TRO,35215462,,"Symb. Sin.","5: 28","28","1930"
tro-35217980,B,Herbertaceae,,Herbertus,,"spicatus",,"","N. Hodgetts",Accepted,,M,TRO,35217980,,"J. Bryol.","30: 244","244","2008"
tro-35208707,B,Herbertaceae,,Herbertus,,"spinosissimus",,"","(Hook. f. & Taylor) Trevis.",Accepted,,M,TRO,35208707,,"Mem. Reale Ist. Lombardo Sci., Ser. 3, Cl. Sci. Mat.","4: 397","397","1877"
tro-35187707,B,Herbertaceae,,Herbertus,,"stenoschizon",,"","Herzog",Unresolved,,L,TRO,35187707,,"Rev. Bryol. Lichénol.","11: 27","27","1939"
tro-35185201,B,Herbertaceae,,Herbertus,,"stramineus",,"","(Dumort.) Lett",Accepted,,M,TRO,35185201,,"Sp. Hepat. Brit. Isl.","177","177","1902"
tro-35212741,B,Herbertaceae,,Herbertus,,"streimannii",,"","M. L. So",Accepted,,M,TRO,35212741,,"Syst. Bot.","28: 13","13","2003"
tro-35216583,B,Herbertaceae,,Herbertus,,"stuhlmannii",,"","(Stephani) Demaret",Accepted,,M,TRO,35216583,,"Bull. Jard. Bot. État Brux.","16: 289","289","1942"
tro-35187182,B,Herbertaceae,,Herbertus,,"subdentatus",,"","(Stephani) Fulford",Accepted,,M,TRO,35187182,,"Mem. New York Bot. Gard.","11: 104","104","1963"
tro-35211059,B,Herbertaceae,,Herbertus,,"subnivalis",,"","S. Winkl.",Accepted,,M,TRO,35211059,,"Rev. Bryol. Lichénol.","42: 812. f. 5: k–m","812","1976"
tro-35207919,B,Herbertaceae,,Herbertus,,"subrotundatus",,"","Fu Xing & Y.J. Yi",Accepted,,M,TRO,35207919,,"Acta Phytotax. Sin.","39: 89","89","2001"
tro-35212614,B,Herbertaceae,,Herbertus,,"tutuilana",,"","Pearson",Unresolved,,L,TRO,35212614,,"Publ. Carnegie Inst. Wash.","341: 137","137","1924"
tro-35207869,B,Herbertaceae,,Herbertus,,"udarii",,"","D. Kumar & N. Manocha",Accepted,,M,TRO,35207869,,"Geophytology","29: 105. f. 1. pl. 1","105","1999"
tro-35187692,B,Herbertaceae,,Herbertus,,"vulcanicola",,"","Herzog",Unresolved,,L,TRO,35187692,,"Rev. Bryol. Lichénol.","11: 25","25","1939"
tro-35208958,B,Herbertaceae,,Herbertus,,"wichurae",,"","Stephani",Accepted,,M,TRO,35208958,,"Hedwigia","34: 45","45","1895"
tro-35212793,B,Herbertaceae,,Herbertus,,"zantenii",,"","S. Hatt. & Grolle",Unresolved,,L,TRO,35212793,,"J. Hattori Bot. Lab.","30: 113. f. 1: a–h","113","1967"
tro-35211619,B,Herbertaceae,,Herpocladium,,"bidens",,"","Mitt.",Unresolved,,L,TRO,35211619,,"Fl. Vit.","405","405","1873"
tro-35212593,B,Herbertaceae,,Herpocladium,,"gracile",,"","(Mont.) Stephani",Accepted,,M,TRO,35212593,,"Sp. Hepat.","3: 647","647","1909"
tro-35200727,B,Herbertaceae,,Olgantha,,"eophylla",,"","R.M. Schust.",Accepted,,M,TRO,35200727,,"Nova Hedwigia","63: 535. f. 1–2","535","1996"
tro-35216970,B,Herbertaceae,,Schisma,,"balboi",,"","Gola",Accepted,,M,TRO,35216970,,"Mem. Reale Accad. Sci. Torino, ser. 2,","65: 7","7","1914"
tro-35206383,B,Herbertaceae,,Schisma,,"bivittatum",,"","Spruce",Unresolved,,L,TRO,35206383,,"Musci Buitenzorg","","",""
tro-35206384,B,Herbertaceae,,Schisma,,"boliviense",,"","Steph.",Accepted,,M,TRO,35206384,,"Biblioth. Bot.","87: 228. f. 170","228","1916"
tro-35216275,B,Herbertaceae,,Schisma,,"capillaris",,"","(Stephani) Stephani",Accepted,,M,TRO,35216275,,"Sp. Hepat.","4: 5","5","1909"
tro-35212590,B,Herbertaceae,,Schisma,,"darjeelingense",,"","H.A. Mill.",Unresolved,,L,TRO,35212590,,"J. Hattori Bot. Lab.","28: 303","303","1965"
tro-35212635,B,Herbertaceae,,Schisma,,"delavayi",,"","(Stephani) Stephani",Accepted,,M,TRO,35212635,,"Sp. Hepat.","4: 22","22","1909"
tro-35212598,B,Herbertaceae,,Schisma,,"dicranum",,"","(Taylor) Stephani",Accepted,,M,TRO,35212598,,"Sp. Hepat.","4: 24","24","1909"
tro-35216581,B,Herbertaceae,,Schisma,,"dusenii",,"","Stephani",Unresolved,,L,TRO,35216581,,"Sp. Hepat.","4: 8","8","1909"
tro-35187710,B,Herbertaceae,,Schisma,,"karstenii",,"","Stephani",Unresolved,,L,TRO,35187710,,"Sp. Hepat.","4:","","1909"
tro-35206386,B,Herbertaceae,,Schisma,,"lechleri",,"","Stephani",Unresolved,,L,TRO,35206386,,"Index Bryol. (ed. 2)","","",""
tro-35212610,B,Herbertaceae,,Schisma,,"longifissum",,"","(Stephani) Stephani",Accepted,,M,TRO,35212610,,"Sp. Hepat.","4: 27","27","1909"
tro-35212644,B,Herbertaceae,,Schisma,,"longispinum",,"","(J.B. Jack & Stephani) Stephani",Accepted,,M,TRO,35212644,,"Sp. Hepat.","4: 29","29","1909"
tro-35216580,B,Herbertaceae,,Schisma,,"molle",,"","(Stephani) Stephani",Accepted,,M,TRO,35216580,,"Sp. Hepat.","4: 7","7","1909"
tro-35212605,B,Herbertaceae,,Schisma,,"sanguineum",,"","(Mont.) Stephani",Accepted,,M,TRO,35212605,,"Sp. Hepat.","4: 27","27","1909"
tro-35206388,B,Herbertaceae,,Schisma,,"serratum",,"","Stephani",Unresolved,,L,TRO,35206388,,"Brit. Moss Fl.","","",""
tro-35189875,B,Herbertaceae,,Schisma,,"uleanum",,"","Stephani",Unresolved,,L,TRO,35189875,,"Hedwigia","44: 225","225","1905"
tro-35208558,B,Herbertaceae,,Schisma,,"wichurae",,"","(Stephani) Stephani",Accepted,,M,TRO,35208558,,"Sp. Hepat.","4: 45","45","1909"
tro-35212887,B,Herbertaceae,,Sendtnera,,"adunca",,"","(Dicks.) Gottsche & Rabenh.",Accepted,,M,TRO,35212887,,"Hepat. Eur.","210","210","1862"
tro-35187701,B,Herbertaceae,,Sendtnera,,"neesiana",,"","Gottsche",Unresolved,,L,TRO,35187701,,"Nat. Pflanzenfam. (ed. 2)","","",""
tro-35187480,B,Herbertaceae,,Sendtnera,,"ochroleuca",,"","Nees",Unresolved,,L,TRO,35187480,,"Syn. Hepat.","","",""
tro-35187183,B,Herbertaceae,,Sendtnera,,"orizabensis",,"","Gottsche",Accepted,,M,TRO,35187183,,"Symb. Sin.","","","1863"
tro-35187700,B,Herbertaceae,,Sendtnera,,"swartziana",,"","Grout",Unresolved,,L,TRO,35187700,,"Moss Fl. N. Amer.","","",""
tro-35212592,B,Herbertaceae,,Sendtnera,,"tristicha",,"","Austin",Unresolved,,L,TRO,35212592,,"Proc. Acad. Nat. Sci. Philadelphia","24: 224","224","1869"
tro-35207665,B,Herbertaceae,,Triandrophyllum,,"antarcticum",,"","(Stephani) Fulford & Hatcher",Accepted,,M,TRO,35207665,,"Bryologist","61: 281","281","1958"
tro-35207663,B,Herbertaceae,,Triandrophyllum,,"durum",,"","(Stephani) Fulford & Hatcher",Accepted,,M,TRO,35207663,,"Bryologist","61: 279","279","1958"
tro-35207921,B,Herbertaceae,,Triandrophyllum,,"eophyllum",,"","(R.M. Schust.) Gradst.",Accepted,,M,TRO,35207921,,"Mem. New York Bot. Gard.","86: 104","104","2001"
tro-35208239,B,Herbertaceae,,Triandrophyllum,,"fernandeziense",,"","(S.W. Arnell) Grolle ex Fulford & Hatcher",Accepted,,M,TRO,35208239,,"Bryologist","351","351","1962"
tro-35211215,B,Herbertaceae,,Triandrophyllum,,"maegdefraui",,"","S. Winkl.",Accepted,,M,TRO,35211215,,"Rev. Bryol. Lichénol.","42: 825. f. 6: k–m","825","1976"
tro-35187711,B,Herbertaceae,,Triandrophyllum,,"subtrifidum",,"","(Hook. & Taylor) Fulford & Hatcher",Accepted,,M,TRO,35187711,,"Bryologist","61: 279","279","1958"
tro-35208214,B,Herbertaceae,,Triandrophyllum,,"subtrifidum",var.,"fuscum","(Stephani) Solari",Accepted,,L,TRO,35208214,,"Bol. Soc. Argent. Bot.","15: 202","202","1973"
tro-35204810,B,Herbertaceae,,Triandrophyllum,,"symmetricum",,"","J.J. Engel",Accepted,,M,TRO,35204810,,"Haussknechtia Beih.","9: 115. f. 1–2","115","1999"
