﻿ID,Major group,Family,Genus hybrid marker,Genus,Species hybrid marker,Species,Infraspecific rank,Infraspecific epithet,Authorship,Taxonomic status in TPL,Nomenclatural status from original data source,Confidence level,Source,Source id,IPNI id,Publication,Collation,Page,Date
kew-2836998,A,Hernandiaceae,,Gyrocarpus,,"americanus",,"","Jacq.",Accepted,,M,WCSP (in review),964291,170637-1,"Select. Stirp. Amer. Hist.","282","","1763"
kew-2837005,A,Hernandiaceae,,Gyrocarpus,,"americanus",subsp.,"sphenopterus","(R.Br.) Kubitzki",Accepted,,L,WCSP (in review),964298,,"Bot. Jahrb. Syst.","89: 185","","1969"
kew-2837007,A,Hernandiaceae,,Gyrocarpus,,"angustifolius",,"","(Verdc.) Thulin",Accepted,,M,WCSP (in review),964300,962618-1,"Kew Bull.","46: 278","","1991"
kew-2837011,A,Hernandiaceae,,Gyrocarpus,,"hababensis",,"","Chiov.",Accepted,,M,WCSP (in review),964304,430800-1,"Ann. Bot. (Rome)","9: 132","","1911"
kew-2837016,A,Hernandiaceae,,Gyrocarpus,,"jatrophifolius",,"","Domin",Accepted,,M,WCSP (in review),964309,430802-1,"Biblioth. Bot.","89: 128","","1925"
kew-2837018,A,Hernandiaceae,,Gyrocarpus,,"mocinoi",,"","Espejo",Accepted,,M,WCSP (in review),964311,961653-1,"Acta Bot. Mex.","13: 48","","1991"
kew-2840343,A,Hernandiaceae,,Hazomalania,,"voyronii",,"","(Jum.) Capuron",Unresolved,,L,WCSP (in review),967606,430804-1,"Adansonia","n.s., 6: 377","","1966"
tro-50154915,A,Hernandiaceae,,Hernandia,,"albiflora",,"","(C.T. White) Kubitzki",Accepted,,M,TRO,50154915,430805-1,"Bot. Jahrb. Syst.","89(1): 126","126","1969"
kew-2846828,A,Hernandiaceae,,Hernandia,,"beninensis",,"","Welw. ex Henriq.",Unresolved,,L,WCSP (in review),974053,,"Bol. Soc. Brot.","10: 155","","1893"
kew-2846829,A,Hernandiaceae,,Hernandia,,"bivalvis",,"","Benth.",Unresolved,,L,WCSP (in review),974054,464643-1,"Fl. Austral.","5: 314","","1870"
kew-2846830,A,Hernandiaceae,,Hernandia,,"catalpifolia",,"","Britton & Harris",Unresolved,,L,WCSP (in review),974055,120656-2,"Torreya","11: 174","","1911"
kew-2846831,A,Hernandiaceae,,Hernandia,,"cordigera",,"","Vieill.",Unresolved,,L,WCSP (in review),974056,464644-1,"Ann. Sci. Nat., Bot.","IV, 16: 62","","1861"
kew-2846832,A,Hernandiaceae,,Hernandia,,"cubensis",,"","Griseb.",Unresolved,,L,WCSP (in review),974057,,"Mem. Amer. Acad. Arts","n.s., 8: 188","","1861"
kew-2846833,A,Hernandiaceae,,Hernandia,,"didymantha",,"","Donn.Sm.",Accepted,,M,WCSP (in review),974058,120657-2,"Bot. Gaz.","31: 120","","1901"
kew-2846834,A,Hernandiaceae,,Hernandia,,"drakeana",,"","Nadeaud",Accepted,,M,WCSP (in review),974059,464647-1,"J. Bot. (Morot)","13: 4","","1899"
kew-2846835,A,Hernandiaceae,,Hernandia,,"guianensis",,"","Aubl.",Accepted,,M,WCSP (in review),974060,464648-1,"Hist. Pl. Guiane","2: 848","","1775"
kew-2846837,A,Hernandiaceae,,Hernandia,,"jamaicensis",,"","Britton & Harris",Unresolved,,L,WCSP (in review),974062,120659-2,"Bull. Torrey Bot. Club","35: 338","","1908"
kew-2846838,A,Hernandiaceae,,Hernandia,,"kunstleri",,"","King ex K.Heyne",Unresolved,,L,WCSP (in review),974063,430809-1,"Nutt. Pl. Ned.-Ind.","ed. 2, 1: 674","","1927"
kew-2846839,A,Hernandiaceae,,Hernandia,,"leucomphala",,"","Steud.",Unresolved,,L,WCSP (in review),974064,464649-1,"Nomencl. Bot.","ed. 2, 1: 752","","1840"
tro-15300034,A,Hernandiaceae,,Hernandia,,"lychnifera",,"","Grayum & N. Zamora",Accepted,,M,TRO,15300034,958556-1,"Novon","1(1): 17–20, f. 1–2","17","1991"
tro-15300032,A,Hernandiaceae,,Hernandia,,"mascarenensis",,"","(Meisn.) Kubitzki",Accepted,,M,TRO,15300032,430810-1,"Bot. Jahrb. Syst.","89: 142, f. 32","142","1969"
kew-2846842,A,Hernandiaceae,,Hernandia,,"moerenhoutiana",,"","Guill.",Accepted,,M,WCSP (in review),974067,464650-1,"Ann. Sci. Nat., Bot.","II, 7: 189","","1837"
tro-50154920,A,Hernandiaceae,,Hernandia,,"moerenhoutiana",subsp.,"samoensis","(Hochr.) Kubitzki",Accepted,,L,TRO,50154920,,"Bot. Jahrb. Syst.","89(1): 129, t. 25","129","1969"
kew-2846845,A,Hernandiaceae,,Hernandia,,"nukuhivensis",,"","F.Br.",Unresolved,,L,WCSP (in review),974070,430811-1,"Bernice P. Bishop Mus. Bull.","130: 86","","1935"
kew-2846846,A,Hernandiaceae,,Hernandia,,"nymphaeifolia",,"","(J.Presl) Kubitzki",Accepted,,M,WCSP (in review),974071,430812-1,"Bot. Jahrb. Syst.","90: 272","","1970"
kew-2846847,A,Hernandiaceae,,Hernandia,,"obovata",,"","O.C.Schmidt",Unresolved,,L,WCSP (in review),974072,120660-2,"Repert. Spec. Nov. Regni Veg.","27: 164","","1929"
kew-2846848,A,Hernandiaceae,,Hernandia,,"olivacea",,"","Gillespie",Accepted,,M,WCSP (in review),974073,430814-1,"Bernice P. Bishop Mus. Bull.","91: 9","","1932"
kew-2846853,A,Hernandiaceae,,Hernandia,,"papuana",,"","C.T.White",Unresolved,,L,WCSP (in review),974078,430816-1,"J. Arnold Arbor.","10: 216","","1929"
kew-2846856,A,Hernandiaceae,,Hernandia,,"rostrata",,"","Kubitzki",Unresolved,,L,WCSP (in review),974081,430818-1,"Bot. Jahrb. Syst.","89: 134","","1969"
kew-2846858,A,Hernandiaceae,,Hernandia,,"sonora",,"","L.",Accepted,,M,WCSP (in review),974083,316357-2,"Sp. Pl.","981","","1753"
kew-2846861,A,Hernandiaceae,,Hernandia,,"stenura",,"","Standl.",Accepted,,M,WCSP (in review),974086,120663-2,"Publ. Field Mus. Nat. Hist., Bot. Ser.","18: 1553","","1938"
tro-50154927,A,Hernandiaceae,,Hernandia,,"stokesii",,"","(F. Br.) Kubitzki",Accepted,,M,TRO,50154927,430821-1,"Bot. Jahrb. Syst.","89(1): 141","141","1969"
tro-50154930,A,Hernandiaceae,,Hernandia,,"tahiensis",,"","Moore",Unresolved,,L,TRO,50154930,,"Occas. Pap. Bernice Pauahi Bishop Mus.","16: 3, f. 2","3","1940"
kew-2846864,A,Hernandiaceae,,Hernandia,,"temarii",,"","Nadeaud",Accepted,,M,WCSP (in review),974089,464657-1,"J. Bot. (Morot)","11: 114","","1897"
tro-50138572,A,Hernandiaceae,,Hernandia,,"wendtii",,"","Espejo",Accepted,,M,TRO,50138572,982626-1,"Fl. Veracruz","67: 14, f. 3","14","1992"
kew-2861922,A,Hernandiaceae,,Illigera,,"appendiculata",,"","S.Vidal",Unresolved,,L,WCSP (in review),988639,170647-1,"Sin. Gen. Pl. Leños. Filip.","Atlas: t. 48 f. F","","1883"
tro-50053668,A,Hernandiaceae,,Illigera,,"aromatica",,"","S.Z. Huang & S.L. Mo",Accepted,,M,TRO,50053668,906402-1,"Guihaia","5(1): 17–18, f. 1–4","17","1985"
tro-15300067,A,Hernandiaceae,,Illigera,,"brevistaminata",,"","Y.R. Li",Accepted,,M,TRO,15300067,430824-1,"Acta Phytotax. Sin.","17(2): 77, pl. 1, f. 2–4","77","1979"
kew-2861925,A,Hernandiaceae,,Illigera,,"cardiophylla",,"","Merr.",Unresolved,,L,WCSP (in review),988642,430825-1,"Philipp. J. Sci., C","9: 292","","1914"
kew-2607493,A,Hernandiaceae,,Illigera,,"cava",,"","Breteler & Wieringa",Unresolved,,L,WCSP (in review),740515,,"Blumea","53: 455","","2008"
tro-15300075,A,Hernandiaceae,,Illigera,,"celebica",,"","Miq.",Accepted,,M,TRO,15300075,170649-1,"Ann. Mus. Bot. Lugduno-Batavi","2: 215","215","1866"
tro-15300053,A,Hernandiaceae,,Illigera,,"cordata",,"","Dunn",Accepted,,M,TRO,15300053,430826-1,"J. Linn. Soc., Bot.","38(266): 296","296","1908"
tro-15300056,A,Hernandiaceae,,Illigera,,"cordata",var.,"mollissima","(W.W. Sm.) Kubitzki",Accepted,,L,TRO,15300056,,"Bot. Jahrb. Syst.","89(2): 176","176","1969"
kew-2861931,A,Hernandiaceae,,Illigera,,"diptera",,"","Elmer",Unresolved,,L,WCSP (in review),988648,430828-1,"Leafl. Philipp. Bot.","7: 2687","","1915"
kew-2861932,A,Hernandiaceae,,Illigera,,"dubia",,"","Span.",Unresolved,,L,WCSP (in review),988649,170652-1,"Linnaea","15: 187","","1841"
kew-2861934,A,Hernandiaceae,,Illigera,,"elegans",,"","Duyfjes",Unresolved,,L,WCSP (in review),988651,977558-1,"Blumea","38: 408","","1994"
kew-2861935,A,Hernandiaceae,,Illigera,,"elliptifolia",,"","Merr.",Unresolved,,L,WCSP (in review),988652,430831-1,"Philipp. J. Sci., C","9: 292","","1914"
kew-2861937,A,Hernandiaceae,,Illigera,,"gammiei",,"","M.P.Nayar & G.S.Giri",Unresolved,,L,WCSP (in review),988654,929078-1,"Bull. Bot. Surv. India","25: 249","","1983 publ. 1985"
tro-15300065,A,Hernandiaceae,,Illigera,,"glabra",,"","Y.R. Li",Accepted,,M,TRO,15300065,430833-1,"Acta Phytotax. Sin.","17(2): 77, pl. 2, f. 1–3","77","1979"
tro-15300058,A,Hernandiaceae,,Illigera,,"grandiflora",,"","W.W. Sm. & Jeffrey",Accepted,,M,TRO,15300058,430835-1,"Notes Roy. Bot. Gard. Edinburgh","8(38): 189–190","189","1914"
tro-15300073,A,Hernandiaceae,,Illigera,,"henryi",,"","W.W. Sm.",Accepted,,M,TRO,15300073,430836-1,"Notes Roy. Bot. Gard. Edinburgh","10(46): 42","42","1917"
tro-15300094,A,Hernandiaceae,,Illigera,,"khasiana",,"","C.B. Clarke",Accepted,,M,TRO,15300094,,"Fl. Brit. India","2(5): 461","461","1878"
kew-2861946,A,Hernandiaceae,,Illigera,,"lucida",,"","Teijsm. & Binn.",Unresolved,,L,WCSP (in review),988663,170655-1,"Natuurk. Tijdschr. Ned.-Indië","27: 29","","1864"
tro-15300080,A,Hernandiaceae,,Illigera,,"luzonensis",,"","(C. Presl) Merr.",Accepted,,M,TRO,15300080,170656-1,"Publ. Bur. Sci. Gov. Lab.","17: 18","18","1904"
tro-15300023,A,Hernandiaceae,,Illigera,,"madagascariensis",,"","H. Perrier",Accepted,,M,TRO,15300023,430837-1,"Arch. Bot. Bull. Mens.","1: 70","70","1927"
kew-2861949,A,Hernandiaceae,,Illigera,,"megaptera",,"","Merr.",Unresolved,,L,WCSP (in review),988666,430838-1,"Philipp. J. Sci., C","9: 290","","1914"
tro-15300057,A,Hernandiaceae,,Illigera,,"nervosa",,"","Merr.",Accepted,,M,TRO,15300057,430840-1,"Brittonia","4(1): 63–64","63","1941"
tro-50154934,A,Hernandiaceae,,Illigera,,"novoguieensis",,"","Kubitzki",Unresolved,,L,TRO,50154934,430841-1,"Bot. Jahrb. Syst.","89(2): 161, f. 37","161","1969"
kew-2861954,A,Hernandiaceae,,Illigera,,"obtusa",,"","Meisn.",Unresolved,,L,WCSP (in review),988671,170658-1,"Prodr.","15(1): 251","","1864"
tro-15300052,A,Hernandiaceae,,Illigera,,"orbiculata",,"","C.Y. Wu",Accepted,,M,TRO,15300052,430842-1,"Acta Phytotax. Sin.","17(2): 75, pl. 1, f. 1","75","1979"
kew-2861956,A,Hernandiaceae,,Illigera,,"ovatifolia",,"","Quisumb. & Merr.",Unresolved,,L,WCSP (in review),988673,430843-1,"Philipp. J. Sci.","37: 149","","1928"
tro-15300074,A,Hernandiaceae,,Illigera,,"parviflora",,"","Dunn",Accepted,,M,TRO,15300074,430844-1,"J. Linn. Soc., Bot.","38(266): 296","296","1908"
kew-2861958,A,Hernandiaceae,,Illigera,,"pentaphylla",,"","Welw.",Accepted,,M,WCSP (in review),988675,170659-1,"Trans. Linn. Soc. London","27: 26","","1869"
kew-2861960,A,Hernandiaceae,,Illigera,,"pierrei",,"","Gagnep.",Unresolved,,L,WCSP (in review),988677,430846-1,"Notul. Syst. (Paris)","3: 365","","1918"
tro-15300066,A,Hernandiaceae,,Illigera,,"pseudoparviflora",,"","Y.R. Li",Accepted,,M,TRO,15300066,430848-1,"Acta Phytotax. Sin.","17(2): 77, pl. 2, f. 4–6","77","1979"
kew-2861964,A,Hernandiaceae,,Illigera,,"pulchra",,"","Blume",Unresolved,,L,WCSP (in review),988681,170660-1,"Bijdr.","1154","","1827"
kew-2861965,A,Hernandiaceae,,Illigera,,"reticulata",,"","Merr.",Unresolved,,L,WCSP (in review),988682,430850-1,"Philipp. J. Sci., C","9: 291","","1914"
tro-15300062,A,Hernandiaceae,,Illigera,,"rhodantha",,"","Hance",Accepted,,M,TRO,15300062,170661-1,"J. Bot.","21(11): 321","321","1883"
tro-15300070,A,Hernandiaceae,,Illigera,,"rhodantha",var.,"dunniana","(H. Lév.) Kubitzki",Accepted,,L,TRO,15300070,,"Bot. Jahrb. Syst.","89(2): 168","168","1969"
kew-2861970,A,Hernandiaceae,,Illigera,,"thorelii",,"","Gagnep.",Unresolved,,L,WCSP (in review),988687,430852-1,"Notul. Syst. (Paris)","3: 366","","1918"
tro-15300085,A,Hernandiaceae,,Illigera,,"trifoliata",,"","(Griff.) Dunn",Accepted,,M,TRO,15300085,430853-1,"J. Linn. Soc., Bot.","38(266): 294","294","1908"
tro-15300092,A,Hernandiaceae,,Illigera,,"trifoliata",subsp.,"cucullata","(Merr.) Kubitzki",Accepted,,L,TRO,15300092,,"Bot. Jahrb. Syst.","89(2): 169","169","1969"
tro-50154940,A,Hernandiaceae,,Illigera,,"trifoliata",var.,"dasyphylla","(Miq.) Kubitzki",Accepted,,L,TRO,50154940,,"Bot. Jahrb. Syst.","89(2): 169","169","1969"
kew-2861972,A,Hernandiaceae,,Illigera,,"vespertilio",,"","(Benth.) Baker f.",Accepted,,M,WCSP (in review),988689,430854-1,"J. Bot.","63: 175","","1925"
kew-2861973,A,Hernandiaceae,,Illigera,,"villosa",,"","C.B.Clarke",Unresolved,,L,WCSP (in review),988690,170662-1,"J. Linn. Soc., Bot.","25: 22","","1889"
kew-2861974,A,Hernandiaceae,,Illigera,,"villosa",,"","C.B.Clarke ex C.E.C.Fisch.",Unresolved,,L,WCSP (in review),988691,430855-1,"Bull. Misc. Inform. Kew","1938: 212","","1938"
tro-15300002,A,Hernandiaceae,,Sparattanthelium,,"acreanum",,"","Pilg.",Accepted,,M,TRO,15300002,241034-2,"Notizbl. Bot. Gart. Berlin-Dahlem","6: 295","295","1915"
kew-2484437,A,Hernandiaceae,,Sparattanthelium,,"amazonum",,"","Mart.",Accepted,,M,WCSP (in review),621246,170915-1,"Flora","24(2 Beibl.): 42","","1841"
tro-50228330,A,Hernandiaceae,,Sparattanthelium,,"aruakorum",,"","Tutin",Accepted,,M,TRO,50228330,241036-2,"J. Bot.","78: 249","249","1940"
tro-15300004,A,Hernandiaceae,,Sparattanthelium,,"atrum",,"","Pilg.",Accepted,,M,TRO,15300004,241037-2,"Notizbl. Bot. Gart. Berlin-Dahlem","6: 295","295","1915"
tro-50154955,A,Hernandiaceae,,Sparattanthelium,,"borororum",,"","Mart.",Accepted,,M,TRO,50154955,,"Denkschr. Bayer. Bot. Ges. Regensburg","3: 302","302","1841"
kew-2484429,A,Hernandiaceae,,Sparattanthelium,,"bororum",,"","Mart.",Unresolved,,L,WCSP (in review),621237,170916-1,"Denkschr. Königl.-Baier. Bot. Ges. Regensburg","3: 302","","1841"
tro-15300005,A,Hernandiaceae,,Sparattanthelium,,"botocudorum",,"","Mart.",Accepted,,M,TRO,15300005,170917-1,"Denkschr. Bayer. Bot. Ges. Regensburg","3: 301, pl. 10, f. 2, pl. 11, f. 1","301","1841"
tro-15300035,A,Hernandiaceae,,Sparattanthelium,,"burchellii",,"","Rusby",Accepted,,M,TRO,15300035,241043-2,"Bull. New York Bot. Gard.","8(28): 109","109","1912"
tro-50154949,A,Hernandiaceae,,Sparattanthelium,,"guianense",,"","Sandwith",Accepted,,M,TRO,50154949,241047-2,"Bull. Misc. Inform. Kew","1932: 225","225","1932"
kew-2589250,A,Hernandiaceae,,Sparattanthelium,,"hirtum",,"","Hallier f.",Unresolved,,L,WCSP (in review),722774,241048-2,"Meded. Rijks-Herb.","19: 37","","1913"
kew-2589242,A,Hernandiaceae,,Sparattanthelium,,"septentrionale",,"","Sandwith",Accepted,,M,WCSP (in review),722766,430865-1,"Bull. Misc. Inform. Kew","1935: 226","","1935"
tro-15300008,A,Hernandiaceae,,Sparattanthelium,,"tarapotanum",,"","Meisn.",Accepted,,M,TRO,15300008,170920-1,"Fl. Bras.","5(2): 294","294","1866"
kew-2484434,A,Hernandiaceae,,Sparattanthelium,,"tupinambazum",,"","Mart.",Accepted,,M,WCSP (in review),621244,170921-1,"Flora","24(2 Beibl.): 41","","1841"
tro-15300011,A,Hernandiaceae,,Sparattanthelium,,"tupiniquinorum",,"","Mart.",Accepted,,M,TRO,15300011,170922-1,"Flora","24(Beibl.) 40","24","1841"
kew-2589262,A,Hernandiaceae,,Sparattanthelium,,"uncigerum",,"","(Meisn.) Kubitzki",Accepted,,M,WCSP (in review),722786,241053-2,"Bot. Jahrb. Syst.","89: 196","","1969"
tro-50154956,A,Hernandiaceae,,Sparattanthelium,,"wonotoboense",,"","Kosterm.",Accepted,,M,TRO,50154956,241054-2,"Meded. Bot. Mus. Herb. Rijks Univ. Utrecht","25: 44–45","44","1936"
