﻿ID,Major group,Family,Genus hybrid marker,Genus,Species hybrid marker,Species,Infraspecific rank,Infraspecific epithet,Authorship,Taxonomic status in TPL,Nomenclatural status from original data source,Confidence level,Source,Source id,IPNI id,Publication,Collation,Page,Date
kew-2621124,A,Hydrangeaceae,,Adamia,,"chinensis",,"","Gardner & Champ.",Unresolved,,L,WCSP (in review),753486,790203-1,"Hooker's J. Bot. Kew Gard. Misc.","1: 311","","1849"
kew-2621126,A,Hydrangeaceae,,Adamia,,"sumatrana",,"","Gand.",Unresolved,,L,WCSP (in review),753488,790205-1,"Bull. Soc. Bot. France","59: 709","","1913"
kew-2621127,A,Hydrangeaceae,,Adamia,,"sylvatica",,"","Meisn.",Unresolved,,L,WCSP (in review),753489,790206-1,"Repert. Bot. Syst.","2: 377","","1843"
kew-2683738,A,Hydrangeaceae,,Broussaisia,,"arguta",,"","Gaudich.",Accepted,,M,WCSP (in review),815423,790440-1,"Voy. Uranie","479","","1830"
kew-2606549,A,Hydrangeaceae,,Cardiandra,×,"agricola",,"","J.M.H.Shaw",Unresolved,,L,WCSP (in review),739600,77088364-1,"Plantsman","n.s., 7: 43","","2008"
kew-2700701,A,Hydrangeaceae,,Cardiandra,,"alternifolia",,"","(Siebold) Siebold & Zucc.",Accepted,,L,WCSP (in review),832123,790451-1,"Fl. Jap.","121","","1840"
kew-2700714,A,Hydrangeaceae,,Cardiandra,,"amamiohsimensis",,"","Koidz.",Accepted,,M,WCSP (in review),832136,790453-1,"Pl. Nov. Amami-Ohsim.","10","","1928"
kew-2700716,A,Hydrangeaceae,,Cardiandra,,"formosana",,"","Hayata",Accepted,,M,WCSP (in review),832138,790454-1,"Bot. Mag. (Tokyo)","20: 54","","1906"
kew-2700718,A,Hydrangeaceae,,Cardiandra,,"moellendorffii",,"","(Hance) Migo",Accepted,,M,WCSP (in review),832140,790456-1,"J. Jap. Bot.","18: 419","","1942"
kew-2700719,A,Hydrangeaceae,,Cardiandra,,"moellendorffii",var.,"laxiflora","(H.L.Li) C.F.Wei",Accepted,,L,WCSP (in review),832141,988512-1,"Acta Bot. Austro Sin.","10: 8","","1995"
kew-2701230,A,Hydrangeaceae,,Carpenteria,,"californica",,"","Torr.",Accepted,,M,WCSP (in review),832644,,"Smithsonian Contr. Bot.","6: 12","","1854"
kew-2737834,A,Hydrangeaceae,,Cornidia,,"radiata",,"","Oerst.",Unresolved,,L,WCSP (in review),868111,790726-1,"Vidensk. Meddel. Naturhist. Foren. Kjøbenhavn","1856: 42","","1856"
kew-2748982,A,Hydrangeaceae,,Cyanitis,,"chinensis",,"","Hook.f. & Thomson",Unresolved,,L,WCSP (in review),878939,790747-1,"J. Proc. Linn. Soc., Bot.","2: 76","","1858"
kew-2748984,A,Hydrangeaceae,,Cyanitis,,"versicolor",,"","Hook.f. & Thomson",Unresolved,,L,WCSP (in review),878941,790749-1,"J. Proc. Linn. Soc., Bot.","2: 76","","1858"
kew-2758765,A,Hydrangeaceae,,Decumaria,,"barbara",,"","L.",Accepted,,M,WCSP (in review),888414,790767-1,"Sp. Pl. ed. 2","1663","","1763"
kew-2758771,A,Hydrangeaceae,,Decumaria,,"sinensis",,"","Oliv.",Accepted,,M,WCSP (in review),888420,790773-1,"Hooker's Icon. Pl.","18: t. 1741","","1888"
kew-2758999,A,Hydrangeaceae,,Deinanthe,,"bifida",,"","Maxim.",Accepted,,M,WCSP (in review),888633,790784-1,"Mém. Acad. Imp. Sci. Saint Pétersbourg, Sér. 7","10(16): 3","","1867"
kew-2759001,A,Hydrangeaceae,,Deinanthe,,"caerulea",,"","Stapf",Accepted,,M,WCSP (in review),888635,790785-1,"Bot. Mag.","137: t. 8373","","1911"
kew-2763161,A,Hydrangeaceae,,Deutzia,,"albida",,"","Batalin",Accepted,,M,WCSP (in review),892763,790790-1,"Trudy Imp. S.-Peterburgsk. Bot. Sada","13: 97","","1893"
kew-2763164,A,Hydrangeaceae,,Deutzia,,"aspera",,"","Rehder",Accepted,,M,WCSP (in review),892766,790793-1,"Pl. Wilson.","1: 149","","1912"
kew-2763166,A,Hydrangeaceae,,Deutzia,,"baroniana",,"","Diels",Accepted,,M,WCSP (in review),892768,790794-1,"Bot. Jahrb. Syst.","29: 372","","1900"
kew-2763168,A,Hydrangeaceae,,Deutzia,,"bhutanensis",,"","Zaik.",Accepted,,M,WCSP (in review),892770,431549-1,"Novosti Sist. Vyssh. Rast.","10: 166","","1973"
kew-2763170,A,Hydrangeaceae,,Deutzia,,"bomiensis",,"","S.M.Hwang",Accepted,,M,WCSP (in review),892772,971272-1,"Acta Bot. Austro Sin.","8: 3","","1992"
kew-2763172,A,Hydrangeaceae,,Deutzia,,"breviloba",,"","S.M.Hwang",Accepted,,M,WCSP (in review),892774,971277-1,"Acta Bot. Austro Sin.","8: 11","","1992"
kew-2763174,A,Hydrangeaceae,,Deutzia,,"bungoensis",,"","Hatus.",Accepted,,M,WCSP (in review),892776,790799-1,"J. Jap. Bot.","29: 234","","1954"
kew-2763175,A,Hydrangeaceae,,Deutzia,,"californica",,"","Carrière",Unresolved,,L,WCSP (in review),892777,790801-1,"Rev. Hort.","38: 339","","1866"
kew-2763176,A,Hydrangeaceae,,Deutzia,,"calycosa",,"","Rehder",Accepted,,M,WCSP (in review),892778,790804-1,"Pl. Wilson.","1: 149","","1912"
kew-2763178,A,Hydrangeaceae,,Deutzia,,"calycosa",var.,"macropetala","Rehder",Accepted,,L,WCSP (in review),892780,,"J. Arnold Arbor.","1: 208","","1920"
kew-2763179,A,Hydrangeaceae,,Deutzia,,"calycosa",var.,"xerophyta","(Hand.-Mazz.) S.M.Hwang",Accepted,,L,WCSP (in review),892781,971294-1,"Acta Bot. Austro Sin.","8: 26","","1992"
kew-2763180,A,Hydrangeaceae,,Deutzia,×,"candelabrum",,"","Rehder",Unresolved,,L,WCSP (in review),892782,790805-1,"Man. Cult. Trees","283","","1927"
kew-2763181,A,Hydrangeaceae,,Deutzia,×,"candida",,"","Rehder",Unresolved,,L,WCSP (in review),892783,790806-1,"Möller's Deutsche Gärtn.-Zeitung","22: 376","","1907"
kew-2763184,A,Hydrangeaceae,,Deutzia,×,"carnea",,"","Rehder",Unresolved,,L,WCSP (in review),892786,790810-1,"Man. Cult. Trees","283","","1927"
kew-2763185,A,Hydrangeaceae,,Deutzia,,"chanetii",,"","H.Lév.",Unresolved,,L,WCSP (in review),892787,790811-1,"Repert. Spec. Nov. Regni Veg.","9: 451","","1911"
kew-2763187,A,Hydrangeaceae,,Deutzia,,"cinerascens",,"","Rehder",Accepted,,M,WCSP (in review),892789,790813-1,"Pl. Wilson.","1: 146","","1912"
kew-2763188,A,Hydrangeaceae,,Deutzia,,"compacta",,"","Craib",Accepted,,M,WCSP (in review),892790,790814-1,"Bull. Misc. Inform. Kew","1913: 264","","1913"
kew-2763194,A,Hydrangeaceae,,Deutzia,,"coriacea",,"","Rehder",Accepted,,M,WCSP (in review),892796,790817-1,"Pl. Wilson.","1: 9","","1911"
kew-2763196,A,Hydrangeaceae,,Deutzia,,"corymbosa",,"","R.Br. ex G.Don",Accepted,,M,WCSP (in review),892798,790821-1,"Gen. Hist.","2: 808","","1832"
kew-2763200,A,Hydrangeaceae,,Deutzia,,"corymbosa",var.,"staurothrix","(Airy Shaw) Zaik.",Accepted,,L,WCSP (in review),892802,,"Deitsii-Dekorativnye Kustarniki","26","","1966"
kew-2763201,A,Hydrangeaceae,,Deutzia,,"crassidentata",,"","S.M.Hwang",Accepted,,M,WCSP (in review),892803,971278-1,"Acta Bot. Austro Sin.","8: 12","","1992"
kew-2763202,A,Hydrangeaceae,,Deutzia,,"crassifolia",,"","Rehder",Accepted,,M,WCSP (in review),892804,790822-1,"Pl. Wilson.","1: 148","","1912"
kew-2763204,A,Hydrangeaceae,,Deutzia,,"crenata",,"","Siebold & Zucc.",Accepted,,M,WCSP (in review),892806,790823-1,"Fl. Jap.","1: 19","","1835"
kew-2763207,A,Hydrangeaceae,,Deutzia,,"crenata",var.,"heterotricha","(Rehder) H.Hara",Accepted,,L,WCSP (in review),892809,,"J. Jap. Bot.","32: 138","","1957"
kew-2763218,A,Hydrangeaceae,,Deutzia,,"cymuligera",,"","S.M.Hwang",Accepted,,M,WCSP (in review),892820,971274-1,"Acta Bot. Austro Sin.","8: 6","","1992"
kew-2763221,A,Hydrangeaceae,,Deutzia,,"discolor",,"","Hemsl.",Accepted,,M,WCSP (in review),892823,790827-1,"J. Linn. Soc., Bot.","23: 275","","1887"
kew-2763227,A,Hydrangeaceae,,Deutzia,×,"elegantissima",,"","Rehder",Unresolved,,L,WCSP (in review),892829,790830-1,"Man. Cult. Trees","286","","1927"
kew-2763228,A,Hydrangeaceae,,Deutzia,,"esquirolii",,"","(H.Lév.) Rehder",Accepted,,M,WCSP (in review),892830,790831-1,"J. Arnold Arbor.","14: 202","","1933"
kew-2763229,A,Hydrangeaceae,,Deutzia,×,"excellens",,"","Rehder",Unresolved,,L,WCSP (in review),892831,790832-1,"Man. Cult. Trees","287","","1927"
kew-2763230,A,Hydrangeaceae,,Deutzia,,"faberi",,"","Rehder",Accepted,,M,WCSP (in review),892832,790833-1,"Pl. Wilson.","1: 18","","1911"
kew-2763234,A,Hydrangeaceae,,Deutzia,,"ferruginea",,"","Satake",Unresolved,,L,WCSP (in review),892836,790836-1,"J. Jap. Bot.","16: 426","","1940"
kew-2763235,A,Hydrangeaceae,,Deutzia,,"floribunda",,"","Nakai",Accepted,,M,WCSP (in review),892837,790837-1,"Bot. Mag. (Tokyo)","35: 85","","1921"
kew-2763240,A,Hydrangeaceae,,Deutzia,,"glabrata",,"","Kom.",Accepted,,M,WCSP (in review),892842,790841-1,"Trudy Imp. S.-Peterburgsk. Bot. Sada","22: 433","","1903"
kew-2763241,A,Hydrangeaceae,,Deutzia,,"glabrata",var.,"sessilifolia","(Pamp.) Zaik.",Accepted,,L,WCSP (in review),892843,,"Deitsii-Dekorativnye Kustarniki","21","","1966"
kew-2763242,A,Hydrangeaceae,,Deutzia,,"glauca",,"","W.C.Cheng",Accepted,,M,WCSP (in review),892844,,"Contr. Biol. Lab. Chin. Assoc. Advancem. Sci., Sect. Bot.","10: 71","","1935"
kew-2763244,A,Hydrangeaceae,,Deutzia,,"glaucophylla",,"","S.M.Hwang",Accepted,,M,WCSP (in review),892846,971280-1,"Acta Bot. Austro Sin.","8: 16","","1992"
tro-100321883,A,Hydrangeaceae,,Deutzia,,"glomeriflora",,"","Franch.",Unresolved,,L,TRO,100321883,790844-1,"Nouv. Arch. Mus. Hist. Nat.","II, 8: 236","236","1886"
kew-2763246,A,Hydrangeaceae,,Deutzia,,"glomeruliflora",,"","Franch.",Accepted,,M,WCSP (in review),892848,,"Nouv. Arch. Mus. Hist. Nat.","II, 8: 236","","1886"
kew-2763250,A,Hydrangeaceae,,Deutzia,,"gracilis",,"","Siebold & Zucc.",Accepted,,M,WCSP (in review),892852,790847-1,"Fl. Jap.","1: 22","","1835"
kew-2763257,A,Hydrangeaceae,,Deutzia,,"grandiflora",,"","Bunge",Accepted,,M,WCSP (in review),892859,,"Mém. Acad. Imp. Sci. St.-Pétersbourg, Divers Savans","2: 104","","1835"
kew-2763260,A,Hydrangeaceae,,Deutzia,,"hatusimae",,"","H.Ohba, L.M.Niu & Minamit.",Accepted,,M,WCSP (in review),892862,1018585-1,"J. Jap. Bot.","75: 292","","2000"
kew-2763263,A,Hydrangeaceae,,Deutzia,,"henryi",,"","Rehder",Accepted,,M,WCSP (in review),892865,790852-1,"Pl. Wilson.","1: 148","","1912"
kew-2763264,A,Hydrangeaceae,,Deutzia,,"heterophylla",,"","S.M.Hwang",Accepted,,M,WCSP (in review),892866,971275-1,"Acta Bot. Austro Sin.","8: 8","","1992"
kew-2763266,A,Hydrangeaceae,,Deutzia,,"hookeriana",,"","(C.K.Schneid.) Airy Shaw",Accepted,,M,WCSP (in review),892868,790854-1,"Bull. Misc. Inform. Kew","1934: 180","","1934"
kew-2763269,A,Hydrangeaceae,,Deutzia,,"hypoglauca",,"","Rehder",Accepted,,M,WCSP (in review),892871,790855-1,"Pl. Wilson.","1: 24","","1911"
kew-2763270,A,Hydrangeaceae,,Deutzia,,"hypoglauca",var.,"shawana","(Zaik.) Zaik.",Accepted,,L,WCSP (in review),892872,,"Deitsii-Dekorativnye Kustarniki","23","","1966"
kew-2763275,A,Hydrangeaceae,,Deutzia,,"kiushiana",,"","Koidz. ex Nakai",Unresolved,,L,WCSP (in review),892877,,"Bot. Mag. (Tokyo)","35: 86","","1921"
kew-2763279,A,Hydrangeaceae,,Deutzia,×,"lemoinei",,"","Lemoine",Unresolved,,L,WCSP (in review),892881,,"Rev. Hort.","66: 214","","1894"
kew-2763280,A,Hydrangeaceae,,Deutzia,,"longifolia",,"","Franch.",Accepted,,M,WCSP (in review),892882,790864-1,"Nouv. Arch. Mus. Hist. Nat.","II, 8: 235","","1885 publ. 1886"
kew-2763284,A,Hydrangeaceae,,Deutzia,,"longifolia",var.,"sikangensis","(W.P.Fang) P.He",Unresolved,,L,WCSP (in review),892886,966918-1,"Proc. Kon. Nederl. Akad. Wetensch., C","94: 372","","1991"
kew-2763286,A,Hydrangeaceae,,Deutzia,,"macrantha",,"","Hook.f. & Thomson",Accepted,,M,WCSP (in review),892888,790865-1,"J. Proc. Linn. Soc., Bot.","2: 84","","1858"
kew-2763287,A,Hydrangeaceae,,Deutzia,×,"magnifica",,"","(Lemoine) Rehder",Unresolved,,L,WCSP (in review),892889,790866-1,"Man. Cult. Trees","285","","1927"
kew-2763288,A,Hydrangeaceae,,Deutzia,×,"maliflora",,"","Rehder",Unresolved,,L,WCSP (in review),892890,790867-1,"Man. Cult. Trees","289","","1927"
kew-2763289,A,Hydrangeaceae,,Deutzia,,"maximowicziana",,"","Makino",Accepted,,M,WCSP (in review),892891,790868-1,"Bot. Mag. (Tokyo)","6: 52","","1892"
kew-2763290,A,Hydrangeaceae,,Deutzia,,"mexicana",,"","Hemsl.",Accepted,,M,WCSP (in review),892892,790869-1,"Diagn. Pl. Nov. Mexic.","9","","1878"
kew-2763294,A,Hydrangeaceae,,Deutzia,,"mollis",,"","Duthie",Accepted,,M,WCSP (in review),892896,790872-1,"Gard. Chron.","III, 40: 238","","1906"
kew-2763295,A,Hydrangeaceae,,Deutzia,,"monbeigii",,"","W.W.Sm.",Accepted,,M,WCSP (in review),892897,790873-1,"Notes Roy. Bot. Gard. Edinburgh","11: 205","","1920"
kew-2763297,A,Hydrangeaceae,,Deutzia,,"muliensis",,"","S.M.Hwang",Accepted,,M,WCSP (in review),892899,971271-1,"Acta Bot. Austro Sin.","8: 1","","1992"
kew-2763298,A,Hydrangeaceae,,Deutzia,,"multiradiata",,"","W.T.Wang",Accepted,,M,WCSP (in review),892900,901923-1,"Bull. Bot. Res., Harbin","3(2): 84","","1983"
kew-2763299,A,Hydrangeaceae,,Deutzia,×,"myriantha",,"","Desjardin",Unresolved,,L,WCSP (in review),892901,790874-1,"Jardin","18: 1329","","1904"
kew-2763302,A,Hydrangeaceae,,Deutzia,,"nanchuanensis",,"","W.T.Wang",Accepted,,M,WCSP (in review),892904,901924-1,"Bull. Bot. Res., Harbin","3(2): 85","","1983"
kew-2763303,A,Hydrangeaceae,,Deutzia,,"naseana",,"","Nakai",Accepted,,M,WCSP (in review),892905,790876-1,"Bot. Mag. (Tokyo)","35: 88","","1921"
kew-2763304,A,Hydrangeaceae,,Deutzia,,"naseana",var.,"amanoi","(Hatus.) Hatus. ex H.Ohba",Accepted,,L,WCSP (in review),892906,955806-1,"J. Jap. Bot.","64: 324","","1989"
kew-2763306,A,Hydrangeaceae,,Deutzia,,"ningpoensis",,"","Rehder",Accepted,,M,WCSP (in review),892908,790877-1,"Pl. Wilson.","1: 17","","1911"
kew-2763309,A,Hydrangeaceae,,Deutzia,,"oaxacana",,"","Zaik.",Accepted,,M,WCSP (in review),892911,78766-2,"Bot. Mater. Gerb. Bot. Inst. Komarova Akad. Nauk S.S.S.R.","22: 158","","1963"
kew-2763310,A,Hydrangeaceae,,Deutzia,,"obscura",,"","Nakai",Unresolved,,L,WCSP (in review),892912,790879-1,"J. Jap. Bot.","15: 674","","1939"
kew-2763311,A,Hydrangeaceae,,Deutzia,,"obtusilobata",,"","S.M.Hwang",Accepted,,M,WCSP (in review),892913,971273-1,"Acta Bot. Austro Sin.","8 :4","","1992"
kew-2763312,A,Hydrangeaceae,,Deutzia,,"occidentalis",,"","Standl.",Accepted,,M,WCSP (in review),892914,78767-2,"Proc. Biol. Soc. Wash.","31: 134","","1918"
kew-2763313,A,Hydrangeaceae,,Deutzia,,"ogatai",,"","Koidz.",Accepted,,M,WCSP (in review),892915,790881-1,"Bot. Mag. (Tokyo)","43: 406","","1929"
tro-50337662,A,Hydrangeaceae,,Deutzia,,"ovalis",,"","Fedde",Accepted,,M,TRO,50337662,78768-2,"Bot. Jahresber. (Just)","33(1): 607","607","1906"
kew-2763314,A,Hydrangeaceae,,Deutzia,,"paniculata",,"","Nakai",Accepted,,M,WCSP (in review),892916,790882-1,"Bot. Mag. (Tokyo)","27: 31","","1913"
kew-2763315,A,Hydrangeaceae,,Deutzia,,"parviflora",,"","Bunge",Accepted,,M,WCSP (in review),892917,,"Mém. Acad. Imp. Sci. St.-Pétersbourg, Divers Savans","2: 104","","1835"
kew-2763316,A,Hydrangeaceae,,Deutzia,,"parviflora",var.,"amurensis","Regel",Accepted,,L,WCSP (in review),892918,,"Mém. Acad. Imp. Sci. Saint Pétersbourg, Sér. 7","4(4): 63","","1861"
kew-2763317,A,Hydrangeaceae,,Deutzia,,"parviflora",var.,"micrantha","(Engl.) Rehder",Accepted,,L,WCSP (in review),892919,,"J. Arnold Arbor.","5: 157","","1924"
kew-2763319,A,Hydrangeaceae,,Deutzia,,"pilosa",,"","Rehder",Accepted,,M,WCSP (in review),892921,790884-1,"Pl. Wilson.","1: 8","","1911"
kew-2763322,A,Hydrangeaceae,,Deutzia,,"planiflora",,"","Duthie ex J.H.Veitch",Unresolved,,L,WCSP (in review),892924,790885-1,"Hort. Veitch.","1: 364","","1906"
kew-2763323,A,Hydrangeaceae,,Deutzia,,"pringlei",,"","C.K.Schneid.",Accepted,,M,WCSP (in review),892925,78769-2,"Mitt. Deutsch. Dendrol. Ges.","12: 186","","1904"
kew-2763325,A,Hydrangeaceae,,Deutzia,,"pulchra",,"","S.Vidal",Accepted,,M,WCSP (in review),892927,790889-1,"Revis. Pl. Vasc. Filip.","124","","1886"
kew-2763329,A,Hydrangeaceae,,Deutzia,,"purpurascens",,"","(Franch. ex L.Henry) Rehder",Accepted,,M,WCSP (in review),892931,790890-1,"Pl. Wilson.","1: 19","","1911"
kew-2763333,A,Hydrangeaceae,,Deutzia,,"rehderiana",,"","C.K.Schneid.",Accepted,,M,WCSP (in review),892935,790892-1,"Bot. Gaz.","63: 398","","1917"
kew-2763335,A,Hydrangeaceae,,Deutzia,×,"rosea",,"","(Lemoine) Rehder",Unresolved,,L,WCSP (in review),892937,790894-1,"Stand. Cycl. Hort.","2: 992","","1914"
kew-2763336,A,Hydrangeaceae,,Deutzia,,"rubens",,"","Rehder",Accepted,,M,WCSP (in review),892938,790895-1,"Pl. Wilson.","1: 13","","1911"
kew-2763337,A,Hydrangeaceae,,Deutzia,,"scabra",,"","Thunb.",Accepted,,M,WCSP (in review),892939,,"Nov. Gen. Pl.","19","","1781"
kew-2763340,A,Hydrangeaceae,,Deutzia,,"scabra",var.,"microcarpa","(Nakai) Zaik.",Unresolved,,L,WCSP (in review),892942,,"Deitsii-Dekorativnye Kustarniki","34","","1966"
kew-2763343,A,Hydrangeaceae,,Deutzia,,"scabra",var.,"sieboldiana","(Maxim.) H.Hara",Accepted,,L,WCSP (in review),892945,,"","","",""
kew-2763345,A,Hydrangeaceae,,Deutzia,,"schneideriana",,"","Rehder",Accepted,,M,WCSP (in review),892947,790899-1,"Pl. Wilson.","1: 7","","1911"
kew-2763347,A,Hydrangeaceae,,Deutzia,,"setchuenensis",,"","Franch.",Accepted,,M,WCSP (in review),892949,790901-1,"J. Bot. (Morot)","10: 282","","1896"
kew-2763348,A,Hydrangeaceae,,Deutzia,,"setchuenensis",var.,"corymbiflora","(É.Lemoine ex André) Rehder",Accepted,,L,WCSP (in review),892950,,"Pl. Wilson.","1: 9","","1911"
kew-2763350,A,Hydrangeaceae,,Deutzia,,"setifera",,"","Zaik.",Accepted,,M,WCSP (in review),892952,431552-1,"Novosti Sist. Vyssh. Rast.","4: 151","","1968"
kew-2763356,A,Hydrangeaceae,,Deutzia,,"silvestrii",,"","Pamp.",Accepted,,M,WCSP (in review),892958,790905-1,"Nuovo Giorn. Bot. Ital.","n.s., 17: 282","","1910"
kew-2763357,A,Hydrangeaceae,,Deutzia,,"squamosa",,"","S.M.Hwang",Accepted,,M,WCSP (in review),892959,971282-1,"Acta Bot. Austro Sin.","8: 19","","1992"
kew-2763358,A,Hydrangeaceae,,Deutzia,,"staminea",,"","R.Br. ex Wall.",Accepted,,M,WCSP (in review),892960,,"Pl. Asiat. Rar.","2: 82","","1831"
kew-2763360,A,Hydrangeaceae,,Deutzia,,"subsessilis",,"","Rehder",Unresolved,,L,WCSP (in review),892962,790909-1,"Pl. Wilson.","1: 11","","1911"
kew-2763361,A,Hydrangeaceae,,Deutzia,,"subulata",,"","Hand.-Mazz.",Accepted,,M,WCSP (in review),892963,790910-1,"Symb. Sin.","7: 439","","1931"
kew-2763362,A,Hydrangeaceae,,Deutzia,,"subvelutina",,"","Nakai",Unresolved,,L,WCSP (in review),892964,790911-1,"Bot. Mag. (Tokyo)","40: 563","","1926"
kew-2763363,A,Hydrangeaceae,,Deutzia,,"taibaiensis",,"","W.T.Wang ex S.M.Hwang",Accepted,,M,WCSP (in review),892965,971279-1,"Acta Bot. Austro Sin.","8 :14","","1992"
kew-2763364,A,Hydrangeaceae,,Deutzia,,"taiwanensis",,"","(Maxim.) C.K.Schneid.",Accepted,,M,WCSP (in review),892966,,"Mitt. Deutsch. Dendrol. Ges.","12: 177","","1904"
kew-2763371,A,Hydrangeaceae,,Deutzia,,"uniflora",,"","Shirai",Accepted,,M,WCSP (in review),892973,,"Bot. Mag. (Tokyo)","12: 110","","1898"
kew-2763375,A,Hydrangeaceae,,Deutzia,,"wardiana",,"","Zaik.",Accepted,,M,WCSP (in review),892977,431554-1,"Deitsii-Dekorativnye Kustarniki","97","","1966"
kew-2763378,A,Hydrangeaceae,,Deutzia,×,"wilsonii",,"","Duthie",Accepted,,M,WCSP (in review),892980,790923-1,"Bot. Mag.","132: t. 8083","","1906"
kew-2763379,A,Hydrangeaceae,,Deutzia,,"yaeyamensis",,"","Ohwi",Accepted,,M,WCSP (in review),892981,790924-1,"Acta Phytotax. Geobot.","7: 135","","1938"
kew-2763380,A,Hydrangeaceae,,Deutzia,,"yunnanensis",,"","S.M.Hwang",Accepted,,M,WCSP (in review),892982,971276-1,"Acta Bot. Austro Sin.","8: 9","","1992"
kew-2763381,A,Hydrangeaceae,,Deutzia,,"zentaroana",,"","Nakai",Accepted,,M,WCSP (in review),892983,790925-1,"Bot. Mag. (Tokyo)","40: 564","","1926"
kew-2763382,A,Hydrangeaceae,,Deutzia,,"zhongdianensis",,"","S.M.Hwang",Accepted,,M,WCSP (in review),892984,971281-1,"Acta Bot. Austro Sin.","8: 18","","1992"
kew-2766255,A,Hydrangeaceae,,Dichroa,,"cyanea",,"","(Wall.) Schltr.",Unresolved,,L,WCSP (in review),895854,790926-1,"Bot. Jahrb. Syst.","52: 121","","1914"
kew-2766256,A,Hydrangeaceae,,Dichroa,,"cyanitis",,"","Miq.",Unresolved,,L,WCSP (in review),895855,790927-1,"Fl. Ned. Ind.","1(1): 721","","1856"
kew-2766257,A,Hydrangeaceae,,Dichroa,,"daimingshanensis",,"","Y.C.Wu",Accepted,,M,WCSP (in review),895856,,"Bot. Jahrb. Syst.","71: 179","","1940"
tro-50061038,A,Hydrangeaceae,,Dichroa,,"febrifuga",,"","Lour.",Accepted,,M,TRO,50061038,790930-1,"Fl. Cochinch.","1: 301","301","1790"
kew-2766260,A,Hydrangeaceae,,Dichroa,,"henryi",,"","H.Lév.",Unresolved,,L,WCSP (in review),895859,790931-1,"Sert. Yunnan.","1","","1916"
kew-2766261,A,Hydrangeaceae,,Dichroa,,"hirsuta",,"","Gagnep.",Accepted,,M,WCSP (in review),895860,790932-1,"Fl. Indo-Chine","2: 690","","1920"
kew-2766263,A,Hydrangeaceae,,Dichroa,,"mollissima",,"","Merr.",Accepted,,M,WCSP (in review),895862,790934-1,"Philipp. J. Sci.","23: 245","","1923"
kew-2766264,A,Hydrangeaceae,,Dichroa,,"parviflora",,"","Schltr.",Accepted,,M,WCSP (in review),895863,790935-1,"Bot. Jahrb. Syst.","52: 121","","1914"
kew-2766265,A,Hydrangeaceae,,Dichroa,,"pentandra",,"","Schltr.",Accepted,,M,WCSP (in review),895864,790936-1,"Bot. Jahrb. Syst.","52: 121","","1914"
kew-2766266,A,Hydrangeaceae,,Dichroa,,"philippinensis",,"","Schltr.",Accepted,,M,WCSP (in review),895865,790938-1,"Bot. Jahrb. Syst.","52: 122","","1914"
kew-2766267,A,Hydrangeaceae,,Dichroa,,"platyphylla",,"","Merr.",Accepted,,M,WCSP (in review),895866,790939-1,"Philipp. J. Sci., C","11: 13","","1916"
kew-2766269,A,Hydrangeaceae,,Dichroa,,"schumanniana",,"","Schltr.",Accepted,,M,WCSP (in review),895868,790941-1,"Bot. Jahrb. Syst.","52: 122","","1914"
kew-2766270,A,Hydrangeaceae,,Dichroa,,"sylvatica",,"","(Reinw. ex Blume) Merr.",Unresolved,,L,WCSP (in review),895869,790942-1,"Contr. Arnold Arbor.","8: 66","","1934"
kew-2766272,A,Hydrangeaceae,,Dichroa,,"tristyla",,"","W.T.Wang & M.X.Nie",Accepted,,M,WCSP (in review),895871,897582-1,"Bull. Bot. Res., Harbin","1(1-2): 55","","1981"
kew-2766273,A,Hydrangeaceae,,Dichroa,,"versicolor",,"","(Fortune) D.R.Hunt",Accepted,,L,WCSP (in review),895872,908689-1,"Bot. Mag.","183: 109","","1981"
kew-2766274,A,Hydrangeaceae,,Dichroa,,"yaoshanensis",,"","Y.C.Wu",Accepted,,M,WCSP (in review),895873,,"Bot. Jahrb. Syst.","71: 180","","1940"
kew-2766275,A,Hydrangeaceae,,Dichroa,,"yunnanensis",,"","S.M.Hwang",Accepted,,M,WCSP (in review),895874,933219-1,"Acta Phytotax. Sin.","25: 387","","1987"
kew-2784595,A,Hydrangeaceae,,Edwinia,,"americana",,"","(Torr. & A.Gray) A.Heller",Unresolved,,L,WCSP (in review),912580,88823-2,"Bull. Torrey Bot. Club","24: 477","","1897"
kew-2808066,A,Hydrangeaceae,,Fendlera,,"falcata",,"","Thornber",Accepted,,M,WCSP (in review),935697,103530-2,"Contr. U. S. Natl. Herb.","16: 129","","1913"
kew-2808067,A,Hydrangeaceae,,Fendlera,,"linearis",,"","Rehder",Accepted,,M,WCSP (in review),935698,103531-2,"J. Arnold Arbor.","1: 205","","1920"
kew-2808069,A,Hydrangeaceae,,Fendlera,,"rupicola",,"","A.Gray",Accepted,,M,WCSP (in review),935700,315095-2,"Smithsonian Contr. Knowl.","3: 77","","1852"
kew-2808074,A,Hydrangeaceae,,Fendlera,,"tamaulipana",,"","B.L.Turner",Accepted,,M,WCSP (in review),935705,322089-2,"Lundellia","4: 10","","2001"
kew-2808077,A,Hydrangeaceae,,Fendlera,,"wrightii",,"","(Engelm. & A.Gray) A.Heller",Accepted,,M,WCSP (in review),935708,103537-2,"Bull. Torrey Bot. Club","24: 537","","1897"
kew-2808080,A,Hydrangeaceae,,Fendlerella,,"lasiopetala",,"","Standl.",Accepted,,M,WCSP (in review),935711,103539-2,"Proc. Biol. Soc. Wash.","33: 67","","1920"
kew-2808081,A,Hydrangeaceae,,Fendlerella,,"mexicana",,"","Brandegee",Accepted,,M,WCSP (in review),935712,103540-2,"Zoe","5: 246","","1908"
kew-2808082,A,Hydrangeaceae,,Fendlerella,,"utahensis",,"","(S.Watson) A.Heller",Accepted,,M,WCSP (in review),935713,103541-2,"Bull. Torrey Bot. Club","25: 626","","1898"
kew-2808083,A,Hydrangeaceae,,Fendlerella,,"utahensis",var.,"cymosa","(Greene) Kearney & Peebles",Accepted,,L,WCSP (in review),935714,103542-2,"J. Wash. Acad. Sci.","29: 480","","1939"
kew-2853659,A,Hydrangeaceae,,Hortensia,,"aspera",,"","Ham. ex Dippel",Unresolved,,L,WCSP (in review),980513,791507-1,"Handb. Laubholzk.","3: 319","","1893"
kew-2855581,A,Hydrangeaceae,,Hydrangea,,"acuta",,"","Raf.",Unresolved,,L,WCSP (in review),982325,791533-1,"New Fl.","3: 77","","1838"
kew-2855582,A,Hydrangeaceae,,Hydrangea,,"alba",,"","Reinw. ex Miq.",Unresolved,,L,WCSP (in review),982326,791534-1,"Fl. Ned. Ind.","1(1): 721","","1856"
kew-2855585,A,Hydrangeaceae,,Hydrangea,,"amagiana",,"","Makino",Unresolved,,L,WCSP (in review),982329,791537-1,"J. Jap. Bot.","8: 31","","1932"
kew-2855586,A,Hydrangeaceae,,Hydrangea,,"amplifolia",,"","Raf.",Unresolved,,L,WCSP (in review),982330,791538-1,"New Fl.","3: 78","","1838"
kew-2855587,A,Hydrangeaceae,,Hydrangea,,"angulata",,"","Tausch",Unresolved,,L,WCSP (in review),982331,791539-1,"Flora","17: 494","","1834"
tro-29101278,A,Hydrangeaceae,,Hydrangea,,"anomala",,"","D. Don",Accepted,,M,TRO,29101278,791541-1,"Prodr. Fl. Nepal.","211","211","1825"
tro-29100027,A,Hydrangeaceae,,Hydrangea,,"arborescens",,"","L.",Accepted,,M,TRO,29100027,30010549-2,"Sp. Pl.","1: 397","397","1753"
tro-29100398,A,Hydrangeaceae,,Hydrangea,,"arborescens",subsp.,"discolor","(Ser.) E.M. McClint.",Accepted,,L,TRO,29100398,125039-2,"J. Arnold Arbor.","37(4): 373","373","1956"
tro-29100399,A,Hydrangeaceae,,Hydrangea,,"arborescens",subsp.,"radiata","(Walter) E.M. McClint.",Accepted,,L,TRO,29100399,125046-2,"J. Arnold Arbor.","37(4): 373","373","1956"
tro-29101092,A,Hydrangeaceae,,Hydrangea,,"arborescens",f.,"sterilis","(Torr. & A. Gray) H. St. John",Accepted,,L,TRO,29101092,,"Rhodora","23(273): 208","208","1921"
tro-50000652,A,Hydrangeaceae,,Hydrangea,,"aspera",,"","D. Don",Accepted,,M,TRO,50000652,791547-1,"Prodr. Fl. Nepal.","211","211","1825"
kew-2855615,A,Hydrangeaceae,,Hydrangea,,"asterolasia",,"","Diels",Accepted,,M,WCSP (in review),982359,125051-2,"Notizbl. Bot. Gart. Berlin-Dahlem","15: 370","","1941"
kew-2855619,A,Hydrangeaceae,,Hydrangea,,"bracteata",,"","Siebold & Zucc.",Unresolved,,L,WCSP (in review),982363,791552-1,"Fl. Jap.","1: 176","","1841"
tro-50000624,A,Hydrangeaceae,,Hydrangea,,"bretschneideri",,"","Dippel",Accepted,,M,TRO,50000624,791553-1,"Handb. Laubholzk.","3: 320, f. 171","320","1893"
kew-2855621,A,Hydrangeaceae,,Hydrangea,,"brevipes",,"","Chun",Unresolved,,L,WCSP (in review),982365,791554-1,"Acta Phytotax. Sin.","3: 138","","1954"
tro-50000580,A,Hydrangeaceae,,Hydrangea,,"candida",,"","Chun",Accepted,,M,TRO,50000580,791557-1,"Acta Phytotax. Sin.","3(2): 129, pl. 9","129","1954"
kew-2855625,A,Hydrangeaceae,,Hydrangea,,"canescens",,"","K.Koch",Unresolved,,L,WCSP (in review),982369,791558-1,"Dendrologie","1: 352","","1869"
tro-50000593,A,Hydrangeaceae,,Hydrangea,,"caudatifolia",,"","W.T. Wang & M.X. Nie",Accepted,,M,TRO,50000593,897973-1,"Bull. Bot. Res., Harbin","1(1–2): 54–55, f. 4","54","1981"
tro-29101211,A,Hydrangeaceae,,Hydrangea,,"chinensis",,"","Maxim.",Accepted,,M,TRO,29101211,791560-1,"Mém. Acad. Imp. Sci. Saint Pétersbourg, Sér. 7","10(16): 7","7","1867"
tro-50000592,A,Hydrangeaceae,,Hydrangea,,"chungii",,"","Rehder",Accepted,,M,TRO,50000592,791562-1,"J. Arnold Arbor.","12(1): 69–70","69","1931"
tro-29100028,A,Hydrangeaceae,,Hydrangea,,"cinerea",,"","Small",Accepted,,M,TRO,29100028,125055-2,"Bull. Torrey Bot. Club","25(3): 148–149","148","1898"
tro-50077896,A,Hydrangeaceae,,Hydrangea,,"coacta",,"","C.F. Wei",Accepted,,M,TRO,50077896,978540-1,"Guihaia","14(2): 116–117, f. 3","116","1994"
tro-50000582,A,Hydrangeaceae,,Hydrangea,,"coenobialis",,"","Chun",Accepted,,M,TRO,50000582,,"Acta Phytotax. Sin.","3(2): 131–132, pl. 10","131","1954"
kew-2855642,A,Hydrangeaceae,,Hydrangea,,"coenotialis",,"","Chun",Unresolved,,L,WCSP (in review),982386,791566-1,"Acta Phytotax. Sin.","3: 131","","1954"
kew-2855643,A,Hydrangeaceae,,Hydrangea,,"cordata",,"","Pursh",Unresolved,,L,WCSP (in review),982387,791567-1,"Fl. Amer. Sept.","1: 309","","1813"
kew-2855644,A,Hydrangeaceae,,Hydrangea,,"cordifolia",,"","Siebold & Zucc.",Unresolved,,L,WCSP (in review),982388,791568-1,"Fl. Jap.","1: 113","","1839"
tro-50000564,A,Hydrangeaceae,,Hydrangea,,"davidii",,"","Franch.",Accepted,,M,TRO,50000564,791576-1,"Nouv. Arch. Mus. Hist. Nat., sér. 2,","8: 227","227","1885"
kew-2855652,A,Hydrangeaceae,,Hydrangea,,"diplostemona",,"","(Donn.Sm.) Standl.",Accepted,,M,WCSP (in review),982396,125059-2,"J. Wash. Acad. Sci.","18: 160","","1928"
kew-2855654,A,Hydrangeaceae,,Hydrangea,,"discolor",,"","Raf.",Unresolved,,L,WCSP (in review),982398,791578-1,"New Fl.","3: 79","","1838"
tro-29102298,A,Hydrangeaceae,,Hydrangea,,"dumicola",,"","W.W. Sm.",Accepted,,M,TRO,29102298,791579-1,"Notes Roy. Bot. Gard. Edinburgh","10(46): 39–40","39","1917"
kew-2855658,A,Hydrangeaceae,,Hydrangea,,"fargesii",,"","F.E.Weber",Unresolved,,L,WCSP (in review),982402,791583-1,"Möller's Deutsche Gärtn.-Zeitung","46: 68","","1931"
kew-2855661,A,Hydrangeaceae,,Hydrangea,,"frutescens",,"","Marshall",Unresolved,,L,WCSP (in review),982405,791587-1,"Arbust. Amer.","61","","1785"
kew-2855662,A,Hydrangeaceae,,Hydrangea,,"frutescens",,"","Moench",Unresolved,,L,WCSP (in review),982406,791586-1,"Methodus","106","","1794"
kew-2855669,A,Hydrangeaceae,,Hydrangea,,"glauca",,"","Dum.Cours.",Unresolved,,L,WCSP (in review),982413,,"Bot. Cult.","ed. 2, 7: 269","","1814"
kew-2855670,A,Hydrangeaceae,,Hydrangea,,"glauca",,"","Raf.",Unresolved,,L,WCSP (in review),982414,791595-1,"New Fl.","3: 77","","1838"
tro-50000581,A,Hydrangeaceae,,Hydrangea,,"gracilis",,"","W.T. Wang & M.X. Nie",Accepted,,M,TRO,50000581,897974-1,"Bull. Bot. Res., Harbin","1(1–2): 49–50, f. 3","49","1981"
tro-50000613,A,Hydrangeaceae,,Hydrangea,,"hamienkii",,"","H. Lév.",Unresolved,,L,TRO,50000613,,"Bull. Acad. Int. Géogr. Bot.","12: 115","115","1903"
tro-50000601,A,Hydrangeaceae,,Hydrangea,,"heteromalla",,"","D. Don",Accepted,,M,TRO,50000601,791600-1,"Prodr. Fl. Nepal.","211","211","1825"
kew-2855679,A,Hydrangeaceae,,Hydrangea,,"heterophylla",,"","Raf.",Unresolved,,L,WCSP (in review),982423,791601-1,"New Fl.","3: 78","","1838"
tro-29101187,A,Hydrangeaceae,,Hydrangea,,"hirta",,"","(Thunb.) Siebold",Accepted,,M,TRO,29101187,791603-1,"Flora","11: 757","757","1828"
tro-50000618,A,Hydrangeaceae,,Hydrangea,,"hypoglauca",,"","Rehder",Accepted,,M,TRO,50000618,791606-1,"Pl. Wilson.","1(1): 26","26","1911"
kew-2855687,A,Hydrangeaceae,,Hydrangea,,"inornata",,"","Standl.",Unresolved,,L,WCSP (in review),982431,125063-2,"J. Wash. Acad. Sci.","17: 9","","1927"
tro-29101534,A,Hydrangeaceae,,Hydrangea,,"integrifolia",,"","Hayata",Accepted,,M,TRO,29101534,791613-1,"J. Coll. Sci. Imp. Univ. Tokyo","22: 131","131","1906"
tro-29101183,A,Hydrangeaceae,,Hydrangea,,"involucrata",,"","Siebold",Accepted,,M,TRO,29101183,791614-1,"Nov. Actorum Acad. Caes. Leop.-Carol. German. Nat. Cur.","14(2): 691","691","1829"
tro-29100704,A,Hydrangeaceae,,Hydrangea,,"jelskii",,"","Szyszył.",Accepted,,M,TRO,29100704,125065-2,"Rozpr. Akad. Umiejetn., Wydz. Mat.-Przyr.","29: 218","218","1895"
tro-50005811,A,Hydrangeaceae,,Hydrangea,,"kawakamii",,"","Hayata",Accepted,,M,TRO,50005811,,"J. Coll. Agric. Imp. Univ. Tokyo","25(19): 90–91, pl. 8","90","1908"
tro-50000587,A,Hydrangeaceae,,Hydrangea,,"kwangsiensis",,"","Hu",Accepted,,M,TRO,50000587,791622-1,"J. Arnold Arbor.","12(3): 152–153","152","1931"
tro-29102357,A,Hydrangeaceae,,Hydrangea,,"kwangtungensis",,"","Merr.",Accepted,,M,TRO,29102357,791624-1,"J. Arnold Arbor.","8(1): 7","7","1927"
kew-2855705,A,Hydrangeaceae,,Hydrangea,,"laevigata",,"","Steud.",Unresolved,,L,WCSP (in review),982449,791626-1,"Nomencl. Bot.","416","","1821"
tro-50000578,A,Hydrangeaceae,,Hydrangea,,"lingii",,"","C. Ho",Accepted,,M,TRO,50000578,,"Acta Phytotax. Sin.","1(2): 195–196, pl. 16, f. 2","195","1951"
tro-50000571,A,Hydrangeaceae,,Hydrangea,,"linkweiensis",,"","Chun",Accepted,,M,TRO,50000571,,"Acta Phytotax. Sin.","3(2): 125–126, pl. 8","125","1954"
tro-50005812,A,Hydrangeaceae,,Hydrangea,,"longifolia",,"","Hayata",Accepted,,M,TRO,50005812,791633-1,"J. Coll. Agric. Imp. Univ. Tokyo","25(19): 91–92","91","1908"
tro-50005030,A,Hydrangeaceae,,Hydrangea,,"longipes",,"","Franch.",Accepted,,M,TRO,50005030,,"Nouv. Arch. Mus. Hist. Nat., sér. 2,","8: 227–228","227","1885"
tro-50077894,A,Hydrangeaceae,,Hydrangea,,"longipes",var.,"fulvescens","(Rehder) W.T. Wang ex C.F. Wei",Accepted,,L,TRO,50077894,978539-1,"Guihaia","14(2): 116","116","1994"
tro-50077888,A,Hydrangeaceae,,Hydrangea,,"macrocarpa",,"","Hand.-Mazz.",Accepted,,M,TRO,50077888,791636-1,"Kaiserl. Akad. Wiss. Wien, Math.-Naturwiss. Kl., Anz.","62: 144","144","1925"
kew-2855720,A,Hydrangeaceae,,Hydrangea,,"macrophylla",,"","(Thunb.) Ser.",Accepted,,M,WCSP (in review),982464,791637-1,"Prodr.","4: 15","","1830"
tro-50000610,A,Hydrangeaceae,,Hydrangea,,"macrophylla",var.,"normalis","E.H. Wilson",Accepted,,L,TRO,50000610,,"J. Arnold Arbor.","4(4): 238–239","238","1923"
tro-50000609,A,Hydrangeaceae,,Hydrangea,,"macrophylla",var.,"otaksa","(E.H. Wilson) L.H. Bailey",Accepted,,L,TRO,50000609,,"Man. Cult. Pl.","475","475","1949"
tro-29101185,A,Hydrangeaceae,,Hydrangea,,"macrophylla",subsp.,"serrata","(Thunb.) Makino",Accepted,,L,TRO,29101185,,"J. Jap. Bot.","6(7): 11","11","1929"
tro-50000563,A,Hydrangeaceae,,Hydrangea,,"mangshanensis",,"","C.F. Wei",Accepted,,M,TRO,50000563,978534-1,"Guihaia","14(2): 106–107, f. 1","106","1994"
tro-29100264,A,Hydrangeaceae,,Hydrangea,,"mathewsii",,"","Briq.",Accepted,,M,TRO,29100264,125067-2,"Annuaire Conserv. Jard. Bot. Genève","20: 413","413","1919"
kew-2855739,A,Hydrangeaceae,,Hydrangea,×,"mizushimarum",,"","H.Ohba",Unresolved,,L,WCSP (in review),982483,20003469-1,"in Fl. Japan","2b: 94","","2001"
tro-50149391,A,Hydrangeaceae,,Hydrangea,,"nebulicola",,"","Nevling & Gómez Pompa",Accepted,,M,TRO,50149391,125068-2,"J. Arnold Arbor.","49(2): 231–232","231","1968"
kew-2855744,A,Hydrangeaceae,,Hydrangea,,"neesiana",,"","Steud.",Unresolved,,L,WCSP (in review),982488,791644-1,"Nomencl. Bot.","ed. 2, 1: 780","","1840"
kew-2855746,A,Hydrangeaceae,,Hydrangea,,"nivea",,"","Michx.",Unresolved,,L,WCSP (in review),982490,791645-1,"Fl. Bor.-Amer.","1: 268","","1803"
tro-29100400,A,Hydrangeaceae,,Hydrangea,,"paniculata",,"","Siebold",Accepted,,M,TRO,29100400,791653-1,"Nov. Actorum Acad. Caes. Leop.-Carol. German. Nat. Cur.","14(2): 691","691","1829"
kew-2855758,A,Hydrangeaceae,,Hydrangea,,"peckinensis",,"","Dippel",Unresolved,,L,WCSP (in review),982501,986075-1,"Handb. Laubholzk.","3: 320","","1893"
kew-2855759,A,Hydrangeaceae,,Hydrangea,,"peruviana",,"","Moric. ex Ser.",Accepted,,M,WCSP (in review),982502,791655-1,"Prodr.","4: 14","","1830"
tro-29101189,A,Hydrangeaceae,,Hydrangea,,"petiolaris",,"","Siebold & Zucc.",Accepted,,M,TRO,29101189,,"Fl. Jap.","1: 108, pl. 54","108","1839"
kew-2855764,A,Hydrangeaceae,,Hydrangea,,"preslii",,"","Briq.",Accepted,,M,WCSP (in review),982507,791659-1,"Annuaire Conserv. Jard. Bot. Genève","20: 409","","1919"
kew-2855765,A,Hydrangeaceae,,Hydrangea,,"pubescens",,"","Courtois",Unresolved,,L,WCSP (in review),982508,,"Syll. Pl. Nov.","2: 45","","1828"
kew-2855766,A,Hydrangeaceae,,Hydrangea,,"pubescens",,"","Nees ex Steud.",Unresolved,,L,WCSP (in review),982509,791661-1,"Nomencl. Bot.","ed. 2, 1: 780","","1840"
kew-2855767,A,Hydrangeaceae,,Hydrangea,,"pubescens",,"","Decne.",Unresolved,,L,WCSP (in review),982510,791662-1,"Fl. Serres Jard. Eur.","4: t. 378","","1848"
tro-29100401,A,Hydrangeaceae,,Hydrangea,,"quercifolia",,"","W. Bartram",Accepted,,M,TRO,29100401,,"Travels Carolina","382–383, pl. 7","382","1791"
kew-2855772,A,Hydrangeaceae,,Hydrangea,,"quinquefolia",,"","D.Dietr.",Unresolved,,L,WCSP (in review),982515,,"Syn. Pl.","2: 1525","","1840"
tro-50209422,A,Hydrangeaceae,,Hydrangea,,"robusta",,"","Hook. f. & Thomson",Accepted,,M,TRO,50209422,,"J. Proc. Linn. Soc., Bot.","2: 76","76","1858"
tro-50000649,A,Hydrangeaceae,,Hydrangea,,"sargentiana",,"","Rehder",Accepted,,M,TRO,50000649,791675-1,"Pl. Wilson.","1(1): 29","29","1911"
tro-50327387,A,Hydrangeaceae,,Hydrangea,,"scandens",subsp.,"liukiuensis","(Nakai) E.M. McClint.",Unresolved,,L,TRO,50327387,,"J. Arnold Arbor.","37: 373","373","1956"
kew-2855788,A,Hydrangeaceae,,Hydrangea,,"schlimii",,"","Briq.",Unresolved,,L,WCSP (in review),982531,125075-2,"Annuaire Conserv. Jard. Bot. Genève","20: 400","","1919"
tro-29100716,A,Hydrangeaceae,,Hydrangea,,"seemannii",,"","L. Riley",Accepted,,M,TRO,29100716,125076-2,"Bull. Misc. Inform. Kew","1924(5): 207","207","1924"
tro-50169640,A,Hydrangeaceae,,Hydrangea,,"serrata",f.,"acuminata","(Siebold & Zucc.) E.H. Wilson",Unresolved,,L,TRO,50169640,,"J. Arnold Arbor.","4(4): 243","243","1923"
kew-2855798,A,Hydrangeaceae,,Hydrangea,,"serratifolia",,"","(Hook. & Arn.) Phil.f.",Accepted,,M,WCSP (in review),982541,,"Cat. Pl. Vasc. Chil.","97","","1881"
tro-29101184,A,Hydrangeaceae,,Hydrangea,,"sikokiana",,"","Maxim.",Accepted,,M,TRO,29101184,986080-1,"Bull. Acad. Imp. Sci. Saint-Petersbourg","31: 42","42","1887"
tro-29102364,A,Hydrangeaceae,,Hydrangea,,"stenophylla",,"","Merr. & Chun",Accepted,,M,TRO,29102364,791689-1,"Sunyatsenia","1(1): 58–59","58","1930"
kew-2855807,A,Hydrangeaceae,,Hydrangea,,"steyermarkii",,"","Standl.",Accepted,,M,WCSP (in review),982550,125078-2,"Publ. Field Mus. Nat. Hist., Bot. Ser.","22: 233","","1940"
tro-50000655,A,Hydrangeaceae,,Hydrangea,,"strigosa",,"","Rehder",Accepted,,M,TRO,50000655,791692-1,"Pl. Wilson.","1(1): 31–32","31","1911"
tro-50209366,A,Hydrangeaceae,,Hydrangea,,"stylosa",,"","Hook. f. & Thomson",Accepted,,M,TRO,50209366,791693-1,"J. Proc. Linn. Soc., Bot.","2: 75","75","1857"
kew-2855811,A,Hydrangeaceae,,Hydrangea,,"subferruginca",,"","W.W.Sm.",Unresolved,,L,WCSP (in review),982554,791694-1,"Notes Roy. Bot. Gard. Edinburgh","11: 212","","1920"
tro-50000631,A,Hydrangeaceae,,Hydrangea,,"sungpanensis",,"","Hand.-Mazz.",Accepted,,M,TRO,50000631,791696-1,"Symb. Sin.","7(2): 444–445, taf. 8, pl. 10","444","1931"
kew-2855814,A,Hydrangeaceae,,Hydrangea,,"taiwaniana",,"","Y.C.Liu & F.Y.Lu",Unresolved,,L,WCSP (in review),982557,431556-1,"Quart. J. Chin. Forest.","10(3): 89","","1977"
tro-50258893,A,Hydrangeaceae,,Hydrangea,,"taquetti",,"","H. Lév.",Unresolved,,L,TRO,50258893,791697-1,"Repert. Spec. Nov. Regni Veg.","8: 282","282","1910"
tro-29100271,A,Hydrangeaceae,,Hydrangea,,"tarapotensis",,"","Briq.",Accepted,,M,TRO,29100271,125079-2,"Annuaire Conserv. Jard. Bot. Genève","20: 201, 415","201","1919"
kew-2855818,A,Hydrangeaceae,,Hydrangea,,"thunbergii",,"","Siebold",Unresolved,,L,WCSP (in review),982561,791700-1,"Nova Acta Phys.-Med. Acad. Caes. Leop.-Carol. Nat. Cur.","14(2): 690","","1829"
tro-50327373,A,Hydrangeaceae,,Hydrangea,,"tilaefolia",,"","H. Lév.",Unresolved,,L,TRO,50327373,791701-1,"Repert. Spec. Nov. Regni Veg.","8: 282","282","1910"
kew-2855824,A,Hydrangeaceae,,Hydrangea,,"urticifolia",,"","Dippel",Unresolved,,L,WCSP (in review),982567,986082-1,"Handb. Laubholzk.","3: 314","","1893"
kew-2855827,A,Hydrangeaceae,,Hydrangea,,"viburnifolia",,"","Salisb.",Unresolved,,L,WCSP (in review),982570,791707-1,"Prodr. Stirp. Chap. Allerton","284","","1796"
tro-50070187,A,Hydrangeaceae,,Hydrangea,,"virginiensis",,"","Michx.",Unresolved,,L,TRO,50070187,,"Fl. Bor.-Amer.","1: 269","269","1803"
kew-2855831,A,Hydrangeaceae,,Hydrangea,,"vulgaris",,"","Michx.",Unresolved,,L,WCSP (in review),982574,791711-1,"Fl. Bor.-Amer.","1: 268","","1803"
kew-2855835,A,Hydrangeaceae,,Hydrangea,,"warszewiczii",,"","Vatke",Unresolved,,L,WCSP (in review),982578,791712-1,"Index Seminum (B)","1872(App.): 5","","1872"
tro-50000637,A,Hydrangeaceae,,Hydrangea,,"xanthoneura",,"","Diels",Accepted,,M,TRO,50000637,791714-1,"Bot. Jahrb. Syst.","29(3–4): 373","373","1900"
tro-50000606,A,Hydrangeaceae,,Hydrangea,,"zhewanensis",,"","P.S. Hsu & X.P. Zhang",Accepted,,M,TRO,50000606,932912-1,"Invest. Stud. Nat.","9: 12","12","1987"
tro-29100403,A,Hydrangeaceae,,Jamesia,,"americana",,"","Torr. & A. Gray",Accepted,,M,TRO,29100403,131319-2,"Fl. N. Amer.","1(4): 593–594","593","1840"
tro-29100404,A,Hydrangeaceae,,Jamesia,,"americana",var.,"californica","(Small) Jeps.",Accepted,,L,TRO,29100404,131321-2,"Man. Fl. Pl. Calif.","466","466","1925"
tro-13009074,A,Hydrangeaceae,,Jamesia,,"americana",var.,"macrocalyx","(Small) Engl.",Accepted,,L,TRO,13009074,131322-2,"Nat. Pflanzenfam. (ed. 2)","18a: 196","196","1930"
tro-29101191,A,Hydrangeaceae,,Jamesia,,"tetrapetala",,"","N.H. Holmgren & P.K. Holmgren",Accepted,,M,TRO,29101191,279017-2,"Brittonia","41(4): 348–349, f. 3J–K","348","1989"
kew-2336428,A,Hydrangeaceae,,Kirengeshoma,,"koreana",,"","Nakai",Unresolved,,L,WCSP (in review),476077,791767-1,"J. Jap. Bot.","11: 152","","1935"
kew-2336429,A,Hydrangeaceae,,Kirengeshoma,,"palmata",,"","Yatabe",Unresolved,,L,WCSP (in review),476078,791768-1,"Bot. Mag. (Tokyo)","4: 1, t. 18","","1890"
tro-50214813,A,Hydrangeaceae,,Neodeutzia,,"ovalis",,"","Small",Accepted,,M,TRO,50214813,168539-2,"N. Amer. Fl.","22(2): 162","162","1905"
kew-2385624,A,Hydrangeaceae,,Neodeutzia,,"pringlei",,"","Small",Unresolved,,L,WCSP (in review),524316,168540-2,"N. Amer. Fl.","22: 555","","1918"
kew-2530201,A,Hydrangeaceae,,Philadelphus,,"acuminatus",,"","Lange",Unresolved,,L,WCSP (in review),666225,,"Index Seminum (C)","1875: 33","","1875"
tro-50149392,A,Hydrangeaceae,,Philadelphus,,"affinis",,"","Schltdl.",Accepted,,M,TRO,50149392,792166-1,"Linnaea","13: 419","419","1839"
tro-29100442,A,Hydrangeaceae,,Philadelphus,,"argenteus",,"","Rydb.",Accepted,,M,TRO,29100442,192758-2,"N. Amer. Fl.","22(2): 171–172","171","1905"
tro-29100443,A,Hydrangeaceae,,Philadelphus,,"argyrocalyx",,"","Wooton",Accepted,,M,TRO,29100443,192759-2,"Bull. Torrey Bot. Club","25(8): 452","452","1898"
kew-2534119,A,Hydrangeaceae,,Philadelphus,,"aromaticus",,"","Aiton",Unresolved,,L,WCSP (in review),670045,792171-1,"Hort. Kew.","2: 156","","1789"
kew-2534120,A,Hydrangeaceae,,Philadelphus,,"aromaticus",,"","Steud.",Unresolved,,L,WCSP (in review),670046,792170-1,"Nomencl. Bot.","1: 611","","1821"
tro-50214817,A,Hydrangeaceae,,Philadelphus,,"asperifolius",,"","Körn.",Accepted,,M,TRO,50214817,,"Gartenflora","16: 73","73","1867"
tro-50156039,A,Hydrangeaceae,,Philadelphus,,"austromexicanus",,"","S.Y. Hu",Accepted,,M,TRO,50156039,192761-2,"J. Arnold Arbor.","35(4): 324","324","1954"
tro-50307857,A,Hydrangeaceae,,Philadelphus,,"bifidus",,"","(C.L. Hitchc.) S.Y. Hu",Accepted,,M,TRO,50307857,192762-2,"J. Arnold Arbor.","37(1): 51","51","1956"
kew-2533918,A,Hydrangeaceae,,Philadelphus,,"billiardii",,"","Koehne",Unresolved,,L,WCSP (in review),669844,792175-1,"Gartenflora","45: 508","","1896"
tro-50077558,A,Hydrangeaceae,,Philadelphus,,"brachybotrys",,"","(Koehne) Koehne",Accepted,,M,TRO,50077558,792177-1,"Pl. Wilson.","1(1): 5–6","5-6","1911"
kew-2533938,A,Hydrangeaceae,,Philadelphus,×,"burkwoodii",,"","auct.",Unresolved,,L,WCSP (in review),669864,,"Gard. Chron.","III, 89: 438","","1931"
tro-50213606,A,Hydrangeaceae,,Philadelphus,,"calcicolus",,"","S.Y. Hu",Accepted,,M,TRO,50213606,192764-2,"J. Arnold Arbor.","35(4): 332–333","332","1954"
tro-29100942,A,Hydrangeaceae,,Philadelphus,,"californicus",,"","Benth.",Accepted,,M,TRO,29100942,,"Pl. Hartw.","309–310","309","1849"
tro-50077734,A,Hydrangeaceae,,Philadelphus,,"calvescens",,"","(Rehder) S.M. Hwang",Accepted,,M,TRO,50077734,963447-1,"Acta Bot. Austro Sin.","7(1): 11","11","1991"
tro-50077718,A,Hydrangeaceae,,Philadelphus,,"caudatus",,"","S.M. Hwang",Accepted,,M,TRO,50077718,960516-1,"Acta Bot. Austro Sin.","7(1): 7–10, f. 3","7","1991"
kew-2530184,A,Hydrangeaceae,,Philadelphus,,"chinensis",,"","K.Koch",Unresolved,,L,WCSP (in review),666208,792183-1,"Dendrologie","1: 339","","1869"
kew-2530183,A,Hydrangeaceae,,Philadelphus,,"cinereus",,"","Hand.-Mazz.",Unresolved,,L,WCSP (in review),666207,792184-1,"Vegetationsbilder","20(7): 15","","1930"
kew-2530182,A,Hydrangeaceae,,Philadelphus,,"columbarius",,"","Dippel",Unresolved,,L,WCSP (in review),666206,792186-1,"Handb. Laubholzk.","3: 342","","1893"
kew-2530179,A,Hydrangeaceae,,Philadelphus,,"columbiensis",,"","G.Nicholson",Unresolved,,L,WCSP (in review),666203,,"Hand-List Trees Shrubs","1[Polypet.]: 280","","1894"
kew-2530178,A,Hydrangeaceae,,Philadelphus,,"confusus",,"","Piper",Unresolved,,L,WCSP (in review),666202,192767-2,"Bull. Torrey Bot. Club","29: 225","","1902"
kew-2530177,A,Hydrangeaceae,,Philadelphus,×,"congestus",,"","Rehder",Unresolved,,L,WCSP (in review),666201,792191-1,"Man. Cult. Trees","273","","1927"
kew-2530176,A,Hydrangeaceae,,Philadelphus,,"cordatus",,"","K.Koch",Unresolved,,L,WCSP (in review),666200,,"Dendrologie","1: 344","","1869"
kew-2530175,A,Hydrangeaceae,,Philadelphus,,"cordifolius",,"","Lange",Unresolved,,L,WCSP (in review),666199,,"Bot. Tidsskr.","III, 2: 132","","1878"
kew-2530174,A,Hydrangeaceae,,Philadelphus,,"coronarius",,"","L.",Accepted,,M,WCSP (in review),666198,,"Sp. Pl.","473","","1753"
tro-50214819,A,Hydrangeaceae,,Philadelphus,,"coulteri",,"","S. Watson",Accepted,,M,TRO,50214819,192770-2,"Proc. Amer. Acad. Arts","22(2): 472","472","1887"
tro-29100444,A,Hydrangeaceae,,Philadelphus,,"crinitus",,"","(C.L. Hitchc.) S.Y. Hu",Accepted,,M,TRO,29100444,192771-2,"J. Arnold Arbor.","37(1): 34","34","1956"
kew-2530290,A,Hydrangeaceae,,Philadelphus,×,"cymosus",,"","Rehder",Unresolved,,L,WCSP (in review),666309,792198-1,"Man. Cult. Trees","279","","1927"
tro-50077600,A,Hydrangeaceae,,Philadelphus,,"dasycalyx",,"","(Rehder) S.Y. Hu",Accepted,,M,TRO,50077600,792199-1,"J. Arnold Arbor.","36(4): 341–342","341","1955"
kew-2530288,A,Hydrangeaceae,,Philadelphus,,"delavayi",,"","L.Henry",Accepted,,M,WCSP (in review),666307,792200-1,"Rev. Hort.","1903: 12","","1903"
tro-50077714,A,Hydrangeaceae,,Philadelphus,,"delavayi",var.,"melanocalyx","Lemoine ex L. Henry",Accepted,,L,TRO,50077714,,"Rev. Hort.","1903: 14","14","1903"
kew-2530286,A,Hydrangeaceae,,Philadelphus,,"dubius",,"","K.Koch",Unresolved,,L,WCSP (in review),666305,792203-1,"Dendrologie","1: 343","","1869"
kew-2530276,A,Hydrangeaceae,,Philadelphus,,"ellipticus",,"","Rydb.",Unresolved,,L,WCSP (in review),666295,192772-2,"N. Amer. Fl.","22: 172","","1905"
tro-29100445,A,Hydrangeaceae,,Philadelphus,,"ernestii",,"","S.Y. Hu",Accepted,,M,TRO,29100445,192773-2,"J. Arnold Arbor.","37(1): 50–51, map 8","50","1956"
kew-2530294,A,Hydrangeaceae,,Philadelphus,,"falconeri",,"","G.Nicholson",Unresolved,,L,WCSP (in review),666313,,"Hand-List Trees Shrubs","1[Polypet.]: 225","","1894"
kew-2530282,A,Hydrangeaceae,,Philadelphus,,"floribundus",,"","Schrad. ex DC.",Unresolved,,L,WCSP (in review),666301,792208-1,"Prodr.","3: 205","","1828"
tro-29100446,A,Hydrangeaceae,,Philadelphus,,"floridus",,"","Beadle",Accepted,,M,TRO,29100446,192775-2,"Biltmore Bot. Stud.","1(2): 160","160","1902"
kew-2530280,A,Hydrangeaceae,,Philadelphus,,"fremontii",,"","Rydb.",Unresolved,,L,WCSP (in review),666299,192777-2,"N. Amer. Fl.","22: 165","","1905"
tro-29100447,A,Hydrangeaceae,,Philadelphus,,"gattingeri",,"","S.Y. Hu",Accepted,,M,TRO,29100447,192779-2,"J. Arnold Arbor.","36: 336","336","1955"
tro-50156042,A,Hydrangeaceae,,Philadelphus,,"glabripetalus",,"","S.Y. Hu",Accepted,,M,TRO,50156042,192780-2,"J. Arnold Arbor.","35(4): 324–325","324","1954"
kew-2530277,A,Hydrangeaceae,,Philadelphus,,"globosus",,"","K.Koch",Unresolved,,L,WCSP (in review),666296,792213-1,"Dendrologie","1: 344","","1869"
tro-29100448,A,Hydrangeaceae,,Philadelphus,,"gloriosus",,"","Beadle",Accepted,,M,TRO,29100448,192781-2,"Biltmore Bot. Stud.","1(2): 159–160","159","1902"
tro-50307829,A,Hydrangeaceae,,Philadelphus,,"godohokeri",,"","Petz. & Kirchn.",Unresolved,,L,TRO,50307829,,"Arb. Musc.","202","202","1864"
kew-2530314,A,Hydrangeaceae,,Philadelphus,,"godokokeri",,"","K.Koch",Unresolved,,L,WCSP (in review),666333,792218-1,"Dendrologie","1: 346","","1869"
tro-29100941,A,Hydrangeaceae,,Philadelphus,,"gordonianus",,"","Lindl.",Accepted,,M,TRO,29100941,192782-2,"Edwards's Bot. Reg.","24: Misc. 21","Misc. 21","1838"
tro-50307865,A,Hydrangeaceae,,Philadelphus,,"gordonianus",var.,"columbianus","(Koehne) Rehder",Accepted,,L,TRO,50307865,192783-2,"J. Arnold Arbor.","1(3): 196","196","1920"
kew-2530311,A,Hydrangeaceae,,Philadelphus,,"gracilis",,"","Huguenin ex Colla",Unresolved,,L,WCSP (in review),666330,792221-1,"Herb. Pedem.","2: 413","","1834"
kew-2530312,A,Hydrangeaceae,,Philadelphus,,"gracilis",,"","DC.",Unresolved,,L,WCSP (in review),666331,792220-1,"Prodr.","3: 206","","1828"
kew-2530310,A,Hydrangeaceae,,Philadelphus,,"grahamii",,"","K.Koch",Unresolved,,L,WCSP (in review),666329,792222-1,"Dendrologie","1: 344","","1869"
tro-29101123,A,Hydrangeaceae,,Philadelphus,,"grandiflorus",,"","Willd.",Accepted,,M,TRO,29101123,792223-1,"Enum. Pl.","511","511","1809"
tro-50077726,A,Hydrangeaceae,,Philadelphus,,"henryi",,"","Koehne",Accepted,,M,TRO,50077726,792226-1,"Repert. Spec. Nov. Regni Veg.","10(239–242): 126","126","1911"
tro-29100449,A,Hydrangeaceae,,Philadelphus,,"hirsutus",,"","Nutt.",Accepted,,M,TRO,29100449,792227-1,"Gen. N. Amer. Pl.","1: 301","301","1818"
tro-29100452,A,Hydrangeaceae,,Philadelphus,,"hitchcockianus",,"","S.Y. Hu",Accepted,,M,TRO,29100452,192792-2,"J. Arnold Arbor.","37(1): 51–52, map 8","51","1956"
kew-2530304,A,Hydrangeaceae,,Philadelphus,,"humilis",,"","DC.",Unresolved,,L,WCSP (in review),666323,792229-1,"Prodr.","3: 206","","1828"
kew-2530302,A,Hydrangeaceae,,Philadelphus,,"igneus",,"","G.Nicholson",Unresolved,,L,WCSP (in review),666321,,"Hand-List Trees Shrubs","1[Polypet.]: 225","","1894"
kew-2530301,A,Hydrangeaceae,,Philadelphus,,"imbricatus",,"","Sol. ex Gaertn.",Unresolved,,L,WCSP (in review),666320,792232-1,"Fruct. Sem. Pl.","1: 174","","1788"
tro-29101533,A,Hydrangeaceae,,Philadelphus,,"incanus",,"","Koehne",Accepted,,M,TRO,29101533,792233-1,"Gartenflora","45: 562","562","1896"
tro-50077594,A,Hydrangeaceae,,Philadelphus,,"incanus",var.,"mitsai","(S.Y. Hu) S.M. Hwang",Accepted,,L,TRO,50077594,967225-1,"Acta Bot. Austro Sin.","7(1): 4","4","1991"
tro-29100453,A,Hydrangeaceae,,Philadelphus,,"inodorus",,"","L.",Accepted,,M,TRO,29100453,792234-1,"Sp. Pl.","1: 470","470","1753"
tro-29100455,A,Hydrangeaceae,,Philadelphus,,"inodorus",var.,"laxus","(Schrad. ex DC.) S.Y. Hu",Accepted,,L,TRO,29100455,192795-2,"J. Arnold Arbor.","36(1): 61","61","1955"
kew-2530274,A,Hydrangeaceae,,Philadelphus,,"insignis",,"","Carrière",Unresolved,,L,WCSP (in review),666293,792237-1,"Rev. Hort.","1870: 40","","1870"
tro-29101125,A,Hydrangeaceae,,Philadelphus,,"intectus",,"","Beadle",Accepted,,M,TRO,29101125,192798-2,"Biltmore Bot. Stud.","1(2): 160–161","160","1902"
kew-2530251,A,Hydrangeaceae,,Philadelphus,,"japonicus",,"","G.Nicholson",Unresolved,,L,WCSP (in review),666270,,"Hand-List Trees Shrubs","1[Polypet.]: 227","","1894"
tro-50077592,A,Hydrangeaceae,,Philadelphus,,"kansuensis",,"","(Rehder) S.Y. Hu",Accepted,,M,TRO,50077592,792242-1,"J. Arnold Arbor.","36(1): 356–357","356","1955"
tro-50149393,A,Hydrangeaceae,,Philadelphus,,"karwinskyanus",,"","Koehne",Accepted,,M,TRO,50149393,192801-2,"Gartenflora","45: 486","486","1896"
kew-2530248,A,Hydrangeaceae,,Philadelphus,,"keteleeri",,"","Carrière",Unresolved,,L,WCSP (in review),666267,792244-1,"Rev. Hort.","1866: 44","","1866"
kew-2530246,A,Hydrangeaceae,,Philadelphus,,"koreanus",,"","Nakai",Unresolved,,L,WCSP (in review),666265,792246-1,"J. Jap. Bot.","19: 372","","1943"
tro-50077604,A,Hydrangeaceae,,Philadelphus,,"kunmingensis",,"","S.M. Hwang",Accepted,,M,TRO,50077604,960514-1,"Acta Bot. Austro Sin.","7: 5–6, f. 1","5","1991"
kew-2530240,A,Hydrangeaceae,,Philadelphus,,"lancifolius",,"","Koehne",Unresolved,,L,WCSP (in review),666259,792247-1,"Gartenflora","45: 561","","1896"
kew-2530239,A,Hydrangeaceae,,Philadelphus,,"lasiogynus",,"","Nakai",Unresolved,,L,WCSP (in review),666258,792249-1,"Bot. Mag. (Tokyo)","29: 67","","1915"
tro-50077574,A,Hydrangeaceae,,Philadelphus,,"laxiflorus",,"","Rehder",Accepted,,M,TRO,50077574,792251-1,"J. Arnold Arbor.","5(3): 152–153","152","1924"
tro-50307885,A,Hydrangeaceae,,Philadelphus,,"laxus",var.,"strigosus","(Beadle) Rehder",Unresolved,,L,TRO,50307885,192805-2,"J. Arnold Arbor.","1(3): 198","198","1920"
kew-2530266,A,Hydrangeaceae,,Philadelphus,,"ledebourii",,"","K.Koch",Unresolved,,L,WCSP (in review),666285,792253-1,"Dendrologie","1: 339","","1869"
kew-2530244,A,Hydrangeaceae,,Philadelphus,,"lemoinei",,"","auct.",Unresolved,,L,WCSP (in review),666263,,"Wiener Ill. Gart.-Zeitung","1888: 124","","1888"
tro-29100457,A,Hydrangeaceae,,Philadelphus,,"lewisii",,"","Pursh",Accepted,,M,TRO,29100457,,"Fl. Amer. Sept.","1: 329","329","1814"
tro-50307868,A,Hydrangeaceae,,Philadelphus,,"lewisii",var.,"angustifolius","(Rydb.) S.Y. Hu",Accepted,,L,TRO,50307868,192806-2,"J. Arnold Arbor.","36(1): 79","79","1955"
tro-29100458,A,Hydrangeaceae,,Philadelphus,,"lewisii",subsp.,"californicus","(Benth.) Munz",Accepted,,L,TRO,29100458,192807-2,"Aliso","4(1): 92","92","1958"
tro-29100459,A,Hydrangeaceae,,Philadelphus,,"lewisii",subsp.,"gordonianus","(Lindl.) Munz",Accepted,,L,TRO,29100459,192810-2,"Aliso","4(1): 92","92","1958"
tro-50107069,A,Hydrangeaceae,,Philadelphus,,"lewisii",var.,"helleri","(Rydb.) S.Y. Hu",Accepted,,L,TRO,50107069,192812-2,"J. Arnold Arbor.","36(1): 79","79","1955"
tro-50307869,A,Hydrangeaceae,,Philadelphus,,"lewisii",var.,"intermedius","(A. Nelson) S.Y. Hu",Accepted,,L,TRO,50307869,192813-2,"J. Arnold Arbor.","36(1): 81","81","1955"
tro-50089846,A,Hydrangeaceae,,Philadelphus,,"lewisii",var.,"platyphyllus","(Rydb.) A.H. Moore",Accepted,,L,TRO,50089846,192817-2,"Rhodora","16(184): 77","77","1914"
tro-50077705,A,Hydrangeaceae,,Philadelphus,,"lushuiensis",,"","T.C. Ku & S.M. Hwang",Accepted,,M,TRO,50077705,958873-1,"Acta Phytotax. Sin.","29(1): 80–82, pl. 1, f. 1–2","80","1991"
kew-2530270,A,Hydrangeaceae,,Philadelphus,,"macranthus",,"","Jacques",Unresolved,,L,WCSP (in review),666289,792257-1,"Hort. Universel","2: 17","","1840"
tro-29100460,A,Hydrangeaceae,,Philadelphus,,"maculatus",,"","(C.L. Hitchc.) S.Y. Hu",Accepted,,M,TRO,29100460,192818-2,"J. Arnold Arbor.","37(1): 28","28","1956"
tro-29100461,A,Hydrangeaceae,,Philadelphus,,"madrensis",,"","Hemsl.",Accepted,,M,TRO,29100461,192819-2,"Bull. Misc. Inform. Kew","1908: 251","251","1908"
kew-2530265,A,Hydrangeaceae,,Philadelphus,,"matsumuranus",,"","Koehne",Unresolved,,L,WCSP (in review),666284,792262-1,"Gartenflora","45: 619","","1896"
tro-29101171,A,Hydrangeaceae,,Philadelphus,,"matudae",,"","Lundell",Accepted,,M,TRO,29101171,192820-2,"Contr. Univ. Michigan Herb.","4: 6","6","1940"
kew-2530263,A,Hydrangeaceae,,Philadelphus,×,"maximus",,"","Rehder",Unresolved,,L,WCSP (in review),666282,792264-1,"Mitt. Deutsch. Dendrol. Ges.","22: 255","","1913"
tro-29100462,A,Hydrangeaceae,,Philadelphus,,"mearnsii",,"","W.H. Evans ex Rydb.",Accepted,,M,TRO,29100462,192821-2,"N. Amer. Fl.","22(2): 174","174","1905"
tro-29101110,A,Hydrangeaceae,,Philadelphus,,"mexicanus",,"","Schltdl.",Accepted,,M,TRO,29101110,792266-1,"Linnaea","13: 418–419","418","1839"
tro-29100463,A,Hydrangeaceae,,Philadelphus,,"microphyllus",,"","A. Gray",Accepted,,M,TRO,29100463,792267-1,"Mem. Amer. Acad. Arts, n.s.","4(1): 54–55","54","1849"
tro-50107077,A,Hydrangeaceae,,Philadelphus,,"microphyllus",subsp.,"argenteus","(Rydb.) C.L. Hitchc.",Accepted,,L,TRO,50107077,192825-2,"Madroño","7(2): 42","42","1943"
tro-50307859,A,Hydrangeaceae,,Philadelphus,,"microphyllus",var.,"argyrocalyx","(Wooton) Henrickson",Accepted,,L,TRO,50307859,77094301-1,"J. Bot. Res. Inst. Texas","1(2): 901","901","2007"
tro-50307833,A,Hydrangeaceae,,Philadelphus,,"microphyllus",var.,"crinitus","(C.L. Hitchc.) B.L. Turner",Accepted,,L,TRO,50307833,77084202-1,"Lundellia","9: 35–36","35","2006"
tro-29100466,A,Hydrangeaceae,,Philadelphus,,"microphyllus",subsp.,"pumilus","(Rydb.) C.L. Hitchc.",Accepted,,L,TRO,29100466,192833-2,"Madroño","7(2): 49","49","1943"
tro-50307860,A,Hydrangeaceae,,Philadelphus,,"microphyllus",var.,"stramineus","(Rydb.) Henrickson",Accepted,,L,TRO,50307860,77094302-1,"J. Bot. Res. Inst. Texas","1(2): 901","901","2007"
kew-2530256,A,Hydrangeaceae,,Philadelphus,×,"monstruosus",,"","Rehder",Unresolved,,L,WCSP (in review),666275,792270-1,"Man. Cult. Trees","273","","1927"
kew-2529996,A,Hydrangeaceae,,Philadelphus,,"myrtoides",,"","Bertol.",Accepted,,M,WCSP (in review),666020,792273-1,"Fl. Guatimal.","21","","1840"
kew-2530172,A,Hydrangeaceae,,Philadelphus,,"nanus",,"","Mill.",Unresolved,,L,WCSP (in review),666196,792274-1,"Gard. Dict. ed. 8","2","","1768"
kew-2530036,A,Hydrangeaceae,,Philadelphus,,"nepalensis",,"","Koehne",Unresolved,,L,WCSP (in review),666060,,"Deut. Dendrol.","183","","1893"
kew-2530037,A,Hydrangeaceae,,Philadelphus,,"nepalensis",,"","Wall. ex Loudon",Unresolved,,L,WCSP (in review),666061,792275-1,"Hort. Brit.","196","","1830"
kew-2530035,A,Hydrangeaceae,,Philadelphus,,"nitidus",,"","A.Nelson",Unresolved,,L,WCSP (in review),666059,192837-2,"Bot. Gaz.","42: 54","","1906"
kew-2530033,A,Hydrangeaceae,,Philadelphus,,"nivalis",,"","Jacques",Unresolved,,L,WCSP (in review),666057,792279-1,"Hort. Universel","2: 19","","1840"
kew-2530034,A,Hydrangeaceae,,Philadelphus,,"nivalis",,"","K.Koch",Unresolved,,L,WCSP (in review),666058,792278-1,"Dendrologie","1: 343","","1869"
kew-2530032,A,Hydrangeaceae,,Philadelphus,,"niveus",,"","K.Koch",Unresolved,,L,WCSP (in review),666056,,"Dendrologie","1: 343","","1869"
tro-50334283,A,Hydrangeaceae,,Philadelphus,,"oblongifolius",,"","S.Y. Hu",Accepted,,M,TRO,50334283,192838-2,"J. Arnold Arbor.","35(4): 327","327","1954"
tro-29100468,A,Hydrangeaceae,,Philadelphus,,"occidentalis",,"","A. Nelson",Accepted,,M,TRO,29100468,192839-2,"Bull. Torrey Bot. Club","25(7): 374–375","374","1898"
tro-29100469,A,Hydrangeaceae,,Philadelphus,,"occidentalis",var.,"minutus","(Rydb.) S.Y. Hu",Accepted,,L,TRO,29100469,192840-2,"J. Arnold Arbor.","37(1): 25","25","1956"
kew-2530018,A,Hydrangeaceae,,Philadelphus,,"oreganus",,"","Nutt.",Unresolved,,L,WCSP (in review),666042,,"Fl. N. Amer.","1: 595","","1840"
kew-2530028,A,Hydrangeaceae,,Philadelphus,,"oreganus",,"","Nutt. ex S.Y.Hu",Unresolved,,L,WCSP (in review),666052,192841-2,"J. Arnold Arbor.","36: 85","","1955"
tro-50334256,A,Hydrangeaceae,,Philadelphus,,"osmanthus",,"","S.Y. Hu",Accepted,,M,TRO,50334256,192842-2,"J. Arnold Arbor.","35(4): 326–327","326","1954"
tro-29100470,A,Hydrangeaceae,,Philadelphus,,"palmeri",,"","Rydb.",Accepted,,M,TRO,29100470,192843-2,"N. Amer. Fl.","22(2): 173","173","1905"
kew-2530022,A,Hydrangeaceae,,Philadelphus,,"parviflorus",,"","Carrière",Unresolved,,L,WCSP (in review),666046,,"Rev. Hort.","1870-1871: 460","","1871"
tro-29102358,A,Hydrangeaceae,,Philadelphus,,"pekinensis",,"","Rupr.",Accepted,,M,TRO,29102358,792291-1,"Bull. Cl. Phys.-Math. Acad. Imp. Sci. Saint-Pétersbourg","15: 365","365","1857"
kew-2530019,A,Hydrangeaceae,,Philadelphus,,"pendulifolius",,"","Carrière",Unresolved,,L,WCSP (in review),666043,792292-1,"Rev. Hort.","1875: 360","","1875"
kew-2530052,A,Hydrangeaceae,,Philadelphus,×,"polyanthus",,"","Rehder",Unresolved,,L,WCSP (in review),666076,792294-1,"Man. Cult. Trees","279","","1927"
kew-2530029,A,Hydrangeaceae,,Philadelphus,,"primuliflorus",,"","auct.",Unresolved,,L,WCSP (in review),666053,,"Gard. Chron.","1871: 5","","1871"
tro-50334258,A,Hydrangeaceae,,Philadelphus,,"pringlei",,"","S.Y. Hu",Accepted,,M,TRO,50334258,192846-2,"J. Arnold Arbor.","35(4): 332","332","1954"
kew-2530059,A,Hydrangeaceae,,Philadelphus,,"pubescens",,"","Loisel.",Accepted,,M,WCSP (in review),666083,192847-2,"Herb. Gén. Amateur","4: t. 268","","1820"
tro-50301828,A,Hydrangeaceae,,Philadelphus,,"pueblanus",,"","S.Y. Hu",Accepted,,M,TRO,50301828,192850-2,"J. Arnold Arbor.","35(4): 319","319","1954"
kew-2530056,A,Hydrangeaceae,,Philadelphus,,"pulchellus",,"","G.Nicholson",Unresolved,,L,WCSP (in review),666080,,"Hand-List Trees Shrubs","1[Polypet.]: 227","","1894"
tro-50077577,A,Hydrangeaceae,,Philadelphus,,"purpurascens",,"","(Koehne) Rehder",Accepted,,M,TRO,50077577,,"Mitt. Deutsch. Dendrol. Ges.","1915(24): 220","220","1916"
tro-50077588,A,Hydrangeaceae,,Philadelphus,,"purpurascens",var.,"szechuanensis","(W.P. Fang) S.M. Hwang",Accepted,,L,TRO,50077588,967224-1,"Acta Bot. Austro Sin.","7: 4","4","1991"
tro-50077586,A,Hydrangeaceae,,Philadelphus,,"purpurascens",var.,"venustus","(Koehne) S.Y. Hu",Accepted,,L,TRO,50077586,,"J. Arnold Arbor.","36(4): 331–332","331","1955"
tro-50214818,A,Hydrangeaceae,,Philadelphus,,"purpusii",,"","Brandegee",Accepted,,M,TRO,50214818,192853-2,"Univ. Calif. Publ. Bot.","4: 270","270","1912"
tro-50077598,A,Hydrangeaceae,,Philadelphus,,"reevesianus",,"","S.Y. Hu",Accepted,,M,TRO,50077598,792304-1,"J. Arnold Arbor.","36(4): 340–341","340","1955"
kew-2530049,A,Hydrangeaceae,,Philadelphus,,"robustus",,"","Nakai",Unresolved,,L,WCSP (in review),666073,792306-1,"J. Jap. Bot.","19: 372","","1943"
kew-2530048,A,Hydrangeaceae,,Philadelphus,,"roylei",,"","K.Koch",Unresolved,,L,WCSP (in review),666072,792307-1,"Dendrologie","1: 339","","1869"
kew-2530046,A,Hydrangeaceae,,Philadelphus,,"salicifolius",,"","K.Koch",Unresolved,,L,WCSP (in review),666070,792309-1,"Dendrologie","1: 337","","1869"
kew-2530045,A,Hydrangeaceae,,Philadelphus,,"salzmannii",,"","K.Koch",Unresolved,,L,WCSP (in review),666069,,"Dendrologie","1: 338","","1869"
tro-50334284,A,Hydrangeaceae,,Philadelphus,,"sargentianus",,"","S.Y. Hu",Accepted,,M,TRO,50334284,192854-2,"J. Arnold Arbor.","35(4): 330–332","330","1954"
kew-2530043,A,Hydrangeaceae,,Philadelphus,,"satsumanus",,"","Miq.",Unresolved,,L,WCSP (in review),666067,792312-1,"Ann. Mus. Bot. Lugduno-Batavi","3: 99","","1867"
tro-29102361,A,Hydrangeaceae,,Philadelphus,,"satsumi",,"","Siebold ex Lindl. & J. Paxton",Accepted,,M,TRO,29102361,792313-1,"Fl. Gard.","2: 102, f. 188","102","1852"
kew-2530016,A,Hydrangeaceae,,Philadelphus,,"scaber",,"","Nakai",Unresolved,,L,WCSP (in review),666040,792314-1,"Fl. Sylv. Kor.","15: 50","","1926"
tro-29101281,A,Hydrangeaceae,,Philadelphus,,"schrenkii",,"","Rupr.",Accepted,,M,TRO,29101281,792315-1,"Bull. Cl. Phys.-Math. Acad. Imp. Sci. Saint-Pétersbourg","15: 365","365","1857"
tro-50077568,A,Hydrangeaceae,,Philadelphus,,"schrenkii",var.,"mandshuricus","(Maxim.) Kitag.",Accepted,,L,TRO,50077568,,"Lin. Fl. Manshur.","253","253","1939"
kew-2529991,A,Hydrangeaceae,,Philadelphus,,"seoulensis",,"","Y.H.Chung & H.Shin",Unresolved,,L,WCSP (in review),666015,1003534-1,"Korean J. Pl. Taxon.","21: 212","","1991"
tro-50005021,A,Hydrangeaceae,,Philadelphus,,"sericanthus",,"","Koehne",Accepted,,M,TRO,50005021,792317-1,"Gartenflora","45: 561","561","1896"
tro-50077730,A,Hydrangeaceae,,Philadelphus,,"sericanthus",var.,"kulingensis","(Koehne) Hand.-Mazz.",Accepted,,L,TRO,50077730,,"Symb. Sin.","7(2): 439","439","1931"
tro-29100474,A,Hydrangeaceae,,Philadelphus,,"serpyllifolius",,"","A. Gray",Accepted,,M,TRO,29100474,792318-1,"Smithsonian Contr. Knowl.","3(5): 77","77","1852"
kew-2529988,A,Hydrangeaceae,,Philadelphus,,"sharpianus",,"","S.Y.Hu",Unresolved,,L,WCSP (in review),666012,192855-2,"J. Arnold Arbor.","37: 45","","1956"
kew-2529987,A,Hydrangeaceae,,Philadelphus,,"shikokianus",,"","Nakai",Unresolved,,L,WCSP (in review),666011,792320-1,"Bot. Mag. (Tokyo)","29: 66","","1915"
kew-2529985,A,Hydrangeaceae,,Philadelphus,,"speciosus",,"","Schrad. ex DC.",Unresolved,,L,WCSP (in review),666009,792322-1,"Prodr.","3: 206","","1828"
kew-2529986,A,Hydrangeaceae,,Philadelphus,,"speciosus",,"","K.Koch",Unresolved,,L,WCSP (in review),666010,792321-1,"Dendrologie","1: 339","","1869"
kew-2529973,A,Hydrangeaceae,,Philadelphus,×,"splendens",,"","Rehder",Unresolved,,L,WCSP (in review),665997,792323-1,"Horticulture (Boston)","n.s., 1: 340","","1923"
kew-2529994,A,Hydrangeaceae,,Philadelphus,,"stenopetala",,"","Carrière",Unresolved,,L,WCSP (in review),666018,792325-1,"Rev. Hort.","1870: 340","","1870"
tro-50077719,A,Hydrangeaceae,,Philadelphus,,"subcanus",,"","Koehne",Accepted,,M,TRO,50077719,792328-1,"Mitt. Deutsch. Dendrol. Ges.","13: 83","83","1904"
tro-50077721,A,Hydrangeaceae,,Philadelphus,,"subcanus",var.,"magdalenae","(Koehne) S.Y. Hu",Accepted,,L,TRO,50077721,,"J. Arnold Arbor.","36(4): 355–356","355","1955"
kew-2529977,A,Hydrangeaceae,,Philadelphus,,"tenuifolius",,"","Rupr.",Accepted,,M,WCSP (in review),666001,792329-1,"Bull. Cl. Phys.-Math. Acad. Imp. Sci. Saint-Pétersbourg","15: 133","","1856"
tro-50077716,A,Hydrangeaceae,,Philadelphus,,"tetragonus",,"","S.M. Hwang",Accepted,,M,TRO,50077716,960515-1,"Acta Bot. Austro Sin.","7(1): 7, f. 2","7","1991"
tro-29100475,A,Hydrangeaceae,,Philadelphus,,"texensis",,"","S.Y. Hu",Accepted,,M,TRO,29100475,192859-2,"J. Arnold Arbor.","37(1): 54–55, map 8","54","1956"
kew-2529974,A,Hydrangeaceae,,Philadelphus,,"thyrsiflorus",,"","G.Nicholson",Unresolved,,L,WCSP (in review),665998,,"Hand-List Trees Shrubs","1[Polypet.]: 227","","1894"
tro-29100477,A,Hydrangeaceae,,Philadelphus,,"tomentosus",,"","Wall. ex G. Don",Accepted,,M,TRO,29100477,,"Gen. Hist.","2: 807","807","1832"
kew-2530013,A,Hydrangeaceae,,Philadelphus,,"trichothecus",,"","S.Y.Hu",Unresolved,,L,WCSP (in review),666037,192861-2,"J. Arnold Arbor.","36: 84","","1955"
kew-2530011,A,Hydrangeaceae,,Philadelphus,,"triflorus",,"","Wall. ex S.Y.Hu",Unresolved,,L,WCSP (in review),666035,792337-1,"J. Arnold Arbor.","36: 89","","1955"
kew-2530012,A,Hydrangeaceae,,Philadelphus,,"triflorus",,"","Wall.",Unresolved,,L,WCSP (in review),666036,792336-1,"Numer. List","3653","","1831"
kew-2530010,A,Hydrangeaceae,,Philadelphus,,"trinervius",,"","Schrad.",Unresolved,,L,WCSP (in review),666034,792338-1,"Linnaea","12: 399","","1838"
tro-50077573,A,Hydrangeaceae,,Philadelphus,,"tsianschanensis",,"","Wang et Li",Accepted,,M,TRO,50077573,,"Ill. Fl. Lign. Pl. N.-E. China","561, pl. 95, f. 175","561","1955"
kew-2530008,A,Hydrangeaceae,,Philadelphus,,"umbellatus",,"","Koehne",Unresolved,,L,WCSP (in review),666032,792340-1,"Deut. Dendrol.","181","","1893"
tro-50307822,A,Hydrangeaceae,,Philadelphus,,"undulatus",,"","K. Koch ex Koehne",Unresolved,,L,TRO,50307822,,"Gartenflora","1896: 542","542","1896"
kew-2530003,A,Hydrangeaceae,,Philadelphus,,"viksnei",,"","Zämelis",Unresolved,,L,WCSP (in review),666027,792345-1,"Acta Horti Bot. Univ.","11-12: 232","","1939"
kew-2530002,A,Hydrangeaceae,,Philadelphus,,"villosus",,"","Lodd. ex W.Baxter",Unresolved,,L,WCSP (in review),666026,792346-1,"Suppl. Hort. Brit.","606","","1850"
kew-2530001,A,Hydrangeaceae,,Philadelphus,×,"virginalis",,"","Rehder",Unresolved,,L,WCSP (in review),666025,792347-1,"Man. Cult. Trees","280","","1927"
tro-29100478,A,Hydrangeaceae,,Philadelphus,,"wootonii",,"","S.Y. Hu",Accepted,,M,TRO,29100478,192864-2,"J. Arnold Arbor.","37(1): 22–23","22","1956"
kew-2529998,A,Hydrangeaceae,,Philadelphus,,"yangjiaensis",,"","Y.T.Zhao & H.Xie",Unresolved,,L,WCSP (in review),666022,20002156-1,"Bull. Bot. Res., Harbin","14(4): 1","","1994"
kew-2529997,A,Hydrangeaceae,,Philadelphus,,"yokohamae",,"","Dippel",Unresolved,,L,WCSP (in review),666021,792350-1,"Handb. Laubholzk.","3: 343","","1893"
kew-2530083,A,Hydrangeaceae,,Philadelphus,,"zelleri",,"","S.Y.Hu",Unresolved,,L,WCSP (in review),666107,192865-2,"J. Arnold Arbor.","36: 87","","1955"
tro-50077732,A,Hydrangeaceae,,Philadelphus,,"zhejiangensis",,"","S.M. Hwang",Accepted,,M,TRO,50077732,961717-1,"Acta Bot. Austro Sin.","7(1): 10","10","1991"
kew-2530124,A,Hydrangeaceae,,Pileostegia,,"subansiriana",,"","H.B.Naithani & Bennet",Unresolved,,L,WCSP (in review),666148,904941-1,"Indian Forester","110: 518","","1984"
tro-50077746,A,Hydrangeaceae,,Pileostegia,,"tomentella",,"","Hand.-Mazz.",Accepted,,M,TRO,50077746,792367-1,"Akad. Wiss. Wien, Math.-Naturwiss. Kl., Anz.","59: 55","55","1922"
tro-50077741,A,Hydrangeaceae,,Pileostegia,,"viburnoides",,"","Hook. f. & Thomson",Accepted,,M,TRO,50077741,,"J. Linn. Soc., Bot.","2: 76, pl. 2","76","1858"
tro-50077744,A,Hydrangeaceae,,Pileostegia,,"viburnoides",var.,"glabrescens","(C.C. Yang) S.M. Hwang",Accepted,,L,TRO,50077744,967226-1,"Acta Bot. Austro Sin.","7: 33","33","1991"
tro-29101174,A,Hydrangeaceae,,Platycrater,,"arguta",,"","Siebold & Zucc.",Accepted,,M,TRO,29101174,,"Fl. Jap.","1: 64, f. 27","64","1835"
kew-2543683,A,Hydrangeaceae,,Platycrater,,"serrata",,"","Makino",Unresolved,,L,WCSP (in review),679528,792371-1,"Bot. Mag. (Tokyo)","26: 387","","1912"
tro-50077761,A,Hydrangeaceae,,Schizophragma,,"choufenianum",,"","Chun",Accepted,,M,TRO,50077761,,"Acta Phytotax. Sin.","3(2): 169–170, pl. 20","169","1954"
kew-2583822,A,Hydrangeaceae,,Schizophragma,,"corylifolium",,"","Chun",Accepted,,M,WCSP (in review),717436,794775-1,"Acta Phytotax. Sin.","3: 171","","1954"
kew-2583821,A,Hydrangeaceae,,Schizophragma,,"crassum",,"","Hand.-Mazz.",Accepted,,M,WCSP (in review),717435,794776-1,"Anz. Akad. Wiss. Wien, Math.-Naturwiss. Kl.","59: 247","","1922"
kew-2870960,A,Hydrangeaceae,,Schizophragma,,"crassum",var.,"ellipticum","J.Anthony",Accepted,,L,WCSP (in review),997521,,"Notes Roy. Bot. Gard. Edinburgh","18: 34","","1933"
kew-2583820,A,Hydrangeaceae,,Schizophragma,,"fauriei",,"","Hayata",Accepted,,M,WCSP (in review),717434,794777-1,"J. Bot. (Morot)","22: 131","","1906"
tro-29100643,A,Hydrangeaceae,,Schizophragma,,"hydrangeoides",,"","Siebold & Zucc.",Accepted,,M,TRO,29100643,,"Fl. Jap.","1: 59, pl. 26","59","1835"
kew-2583802,A,Hydrangeaceae,,Schizophragma,,"hypoglaucum",,"","Rehder",Accepted,,M,WCSP (in review),717416,794781-1,"Pl. Wilson.","1: 43","","1911"
kew-2591549,A,Hydrangeaceae,,Schizophragma,,"integrifolium",,"","Oliv.",Accepted,,M,WCSP (in review),724924,794782-1,"Hooker's Icon. Pl.","20: t. 1934","","1890"
kew-2870962,A,Hydrangeaceae,,Schizophragma,,"integrifolium",var.,"minus","Rehder",Accepted,,L,WCSP (in review),997523,,"Pl. Wilson.","1: 43","","1911"
tro-50077760,A,Hydrangeaceae,,Schizophragma,,"megalocarpum",,"","Chun",Accepted,,M,TRO,50077760,,"Acta Phytotax. Sin.","3(2): 164–165, pl. 19","164","1954"
kew-2583814,A,Hydrangeaceae,,Schizophragma,,"molle",,"","(Rehder) Chun",Accepted,,M,WCSP (in review),717428,794785-1,"Acta Phytotax. Sin.","3: 168","","1954"
kew-2583812,A,Hydrangeaceae,,Schizophragma,,"tomentellum",,"","(Hand.-Mazz.) Stapf",Unresolved,,L,WCSP (in review),717426,794787-1,"Bot. Mag.","155: t. 9262","","1932"
tro-29100655,A,Hydrangeaceae,,Whipplea,,"modesta",,"","Torr.",Accepted,,M,TRO,29100655,,"Pacif. Railr. Rep.","4(5): 90–91, pl. 7","90","1857"
