﻿ID,Major group,Family,Genus hybrid marker,Genus,Species hybrid marker,Species,Infraspecific rank,Infraspecific epithet,Authorship,Taxonomic status in TPL,Nomenclatural status from original data source,Confidence level,Source,Source id,IPNI id,Publication,Collation,Page,Date
tro-35217912,B,Hylocomiaceae,,Hylocomiadelphus,,"triquetrus",,"","(Hedw.) Ochyra & Stebel",Accepted,,M,TRO,35217912,,"Bryoph. Pol. Carpathians","p. 306","","2008"
tro-35164409,B,Hylocomiaceae,,Hylocomiastrum,,"himalayanum",,"","(Mitt.) Broth.",Accepted,,M,TRO,35164409,,"Nat. Pflanzenfam. (ed. 2)","11: 487","487","1925"
tro-35164410,B,Hylocomiaceae,,Hylocomiastrum,,"pyrenaicum",,"","(Spruce) M. Fleisch.",Accepted,,M,TRO,35164410,,"Nat. Pflanzenfam. (ed. 2)","11: 487","487","1925"
tro-35164413,B,Hylocomiaceae,,Hylocomiastrum,,"umbratum",,"","(Ehrh. ex Hedw.) M. Fleisch.",Accepted,,M,TRO,35164413,,"Nat. Pflanzenfam. (ed. 2)","11: 487","487","1925"
tro-35164432,B,Hylocomiaceae,,Hylocomium,,"alaskanum",,"","(Lesq. & James) Austin",Accepted,,M,TRO,35164432,,"Bull. Torrey Bot. Club","7: 7","7","1880"
tro-35164436,B,Hylocomiaceae,,Hylocomium,,"brevirostre",,"","(Brid.) Schimp.",Accepted,,M,TRO,35164436,,"Bryol. Eur.","5: 178 (fasc. 49–51. Monogr. 10)","178","1852"
tro-35162636,B,Hylocomiaceae,,Hylocomium,,"brevirostre",var.,"cavifolium","(Sande Lac.) Nog.",Accepted,,L,TRO,35162636,,"J. Jap. Bot.","36: 117","117","1961"
tro-35164442,B,Hylocomiaceae,,Hylocomium,,"clarescens",,"","(Mitt.) Broth.",Accepted,,M,TRO,35164442,,"Index Bryol. (ed. 2)","2: 351","351","1904"
tro-35182657,B,Hylocomiaceae,,Hylocomium,,"dentatum",,"","(Thér.) Steere",Accepted,,M,TRO,35182657,,"Monogr. Syst. Bot. Missouri Bot. Gard.","11: 164","164","1985"
tro-35164444,B,Hylocomiaceae,,Hylocomium,,"ehrenbergianum",,"","(Müll. Hal.) Besch.",Accepted,,M,TRO,35164444,,"Mém. Soc. Sci. Nat. Cherbourg","16: 255","255","1872"
tro-35164447,B,Hylocomiaceae,,Hylocomium,,"flagellare",,"","(Schimp.) Kindb.",Accepted,,M,TRO,35164447,,"Bih. Kongl. Svenska Vetensk.-Akad. Handl.","7(9): 43","43","1883"
tro-35164452,B,Hylocomiaceae,,Hylocomium,,"himalayanum",,"","(Mitt.) A. Jaeger",Accepted,,M,TRO,35164452,,"Ber. Thätigk. St. Gallischen Naturwiss. Ges.","1877–78: 348 (Gen. Sp. Musc. 2: 621)","348 ","1880"
tro-35164454,B,Hylocomiaceae,,Hylocomium,,"indicum",,"","Dixon",Accepted,,M,TRO,35164454,,"Notes Roy. Bot. Gard. Edinburgh","19: 299. f. 13","299","1938"
tro-35169499,B,Hylocomiaceae,,Hylocomium,,"interruptum",,"","(Brid.) Margad.",Accepted,,M,TRO,35169499,,"Lindbergia","1: 128","128","1972"
tro-35164456,B,Hylocomiaceae,,Hylocomium,,"japonicum",,"","Schimp.",Accepted,,M,TRO,35164456,,"Ann. Sci. Nat., Bot., sér. 7,","17: 390","390","1893"
tro-35162640,B,Hylocomiaceae,,Hylocomium,,"laevigatum",,"","(Lindb.) Iisiba",Accepted,,M,TRO,35162640,,"Classif. Mosses Japan","151","151","1932"
tro-35164457,B,Hylocomiaceae,,Hylocomium,,"lagurus",,"","(Hook.) Kindb.",Accepted,,M,TRO,35164457,,"Rev. Bryol.","12: 31","31","1885"
tro-35164458,B,Hylocomiaceae,,Hylocomium,,"loreum",,"","(Hedw.) Schimp.",Accepted,,M,TRO,35164458,,"Bryol. Eur.","5: 175. 490 (fasc. 49–51. Mon. 7. 4)","175","1852"
tro-35164459,B,Hylocomiaceae,,Hylocomium,,"loreum",var.,"adpressum","(Jaap) Jaap",Accepted,,L,TRO,35164459,,"Verh. Naturwiss. Vereins Hamburg","13: 145","145","1906"
tro-35164460,B,Hylocomiaceae,,Hylocomium,,"macrocarpum",,"","(Reinw. & Hornsch.) A. Jaeger",Accepted,,M,TRO,35164460,,"Ber. Thätigk. St. Gallischen Naturwiss. Ges.","1877–78: 352 (Gen. Sp. Musc. 2: 616)","352 ","1880"
tro-35164462,B,Hylocomiaceae,,Hylocomium,,"megaptilum",,"","(Sull.) Kindb.",Accepted,,M,TRO,35164462,,"Eur. N. Amer. Bryin.","1: 43","43","1897"
tro-35164464,B,Hylocomiaceae,,Hylocomium,,"mertensii",,"","(Weinm.) A. Jaeger",Accepted,,M,TRO,35164464,,"Ber. Thätigk. St. Gallischen Naturwiss. Ges.","1877–78: 352 (Gen. Sp. Musc. 2: 616)","352 ","1880"
tro-35164465,B,Hylocomiaceae,,Hylocomium,,"neckerella",,"","Müll. Hal.",Accepted,,M,TRO,35164465,,"Nuovo Giorn. Bot. Ital., n.s.,","3: 127","127","1896"
tro-35164470,B,Hylocomiaceae,,Hylocomium,,"paludosum",,"","(Austin) A. Jaeger",Accepted,,M,TRO,35164470,,"Ber. Thätigk. St. Gallischen Naturwiss. Ges.","1877–78: 347 (Gen. Sp. Musc. 2: 611)","347 ","1880"
tro-35164471,B,Hylocomiaceae,,Hylocomium,,"paraphysale",,"","(Müll. Hal.) A. Jaeger",Accepted,,M,TRO,35164471,,"Ber. Thätigk. St. Gallischen Naturwiss. Ges.","1877–78: 350 (Gen. Sp. Musc. 2: 614)","350 ","1880"
tro-35164477,B,Hylocomiaceae,,Hylocomium,,"penicillatum",,"","(Mitt.) A. Jaeger",Accepted,,M,TRO,35164477,,"Ber. Thätigk. St. Gallischen Naturwiss. Ges.","1877–78: 352 (Gen. Sp. Musc. 2: 616)","352","1880"
tro-35164478,B,Hylocomiaceae,,Hylocomium,,"pilosulum",,"","(Mitt.) A. Jaeger",Accepted,,M,TRO,35164478,,"Ber. Thätigk. St. Gallischen Naturwiss. Ges.","1877–78: 352 (Gen. Sp. Musc. 2: 616)","352","1880"
tro-35164479,B,Hylocomiaceae,,Hylocomium,,"plicatum",,"","(Müll. Hal.) Kindb.",Accepted,,M,TRO,35164479,,"Enum. Bryin. Exot., suppl. 2,","99","99","1891"
tro-35164486,B,Hylocomiaceae,,Hylocomium,,"purum",,"","(Hedw.) De Not.",Accepted,,M,TRO,35164486,,"Comment. Soc. Crittog. Ital.","2: 280 [Cronaca Briol. Ital. 2: 14]","14","1867"
tro-35164487,B,Hylocomiaceae,,Hylocomium,,"pyrenaicum",,"","(Spruce) Lindb.",Accepted,,M,TRO,35164487,,"Musci Scand.","37","37","1879"
tro-35164491,B,Hylocomiaceae,,Hylocomium,,"robustum",,"","(Hook.) Kindb.",Accepted,,M,TRO,35164491,,"Enum. Bryin. Exot.","18","18","1888"
tro-35164492,B,Hylocomiaceae,,Hylocomium,,"rugosum",,"","(Ehrh. ex Hedw.) De Not.",Accepted,,M,TRO,35164492,,"Comment. Soc. Crittog. Ital.","2: 281 [Cronaca Briol. Ital. 2: 15]","15","1867"
tro-35164493,B,Hylocomiaceae,,Hylocomium,,"rugosum",var.,"boreale","(Lange) Cardot & Thér.",Accepted,,L,TRO,35164493,,"Univ. Calif. Publ. Bot.","2: 305","305","1906"
tro-35164495,B,Hylocomiaceae,,Hylocomium,,"schreberi",,"","(Willd. ex Brid.) De Not.",Accepted,,M,TRO,35164495,,"Comment. Soc. Crittog. Ital.","2: 281 [Cronaca Briol. Ital. 2: 15]","15","1867"
tro-35164498,B,Hylocomiaceae,,Hylocomium,,"schreberi",var.,"densum","(Limpr.) Mikut.",Accepted,,L,TRO,35164498,,"Bryoth. Balt.","73","73","1909"
tro-35164501,B,Hylocomiaceae,,Hylocomium,,"splendens",,"","(Hedw.) Schimp.",Accepted,,M,TRO,35164501,,"Bryol. Eur.","5: 173 (fasc. 49–51. Monogr. 5)","173","1852"
tro-35164515,B,Hylocomiaceae,,Hylocomium,,"squarrosum",,"","(Hedw.) Schimp.",Accepted,,M,TRO,35164515,,"Bryol. Eur.","5: 177. 492 (fasc. 49–51 Mon. 9. 6)","177","1852"
tro-35164525,B,Hylocomiaceae,,Hylocomium,,"striatum",,"","(Schreb. ex Hedw.) Kindb.",Accepted,,M,TRO,35164525,,"Bih. Kongl. Svenska Vetensk.-Akad. Handl.","7(9): 43","43","1883"
tro-35164529,B,Hylocomiaceae,,Hylocomium,,"surculare",,"","(Mitt.) A. Jaeger",Accepted,,M,TRO,35164529,,"Ber. Thätigk. St. Gallischen Naturwiss. Ges.","1877–78: 352 (Gen. Sp. Musc. 2: 616)","352 ","1880"
tro-35164530,B,Hylocomiaceae,,Hylocomium,,"tanytrichum",,"","(Mont.) A. Jaeger",Accepted,,M,TRO,35164530,,"Ber. Thätigk. St. Gallischen Naturwiss. Ges.","1877–78: 352 (Gen. Sp. Musc. 2: 616)","352 ","1880"
tro-35164531,B,Hylocomiaceae,,Hylocomium,,"triquetrum",,"","(Hedw.) Schimp.",Accepted,,M,TRO,35164531,,"Bryol. Eur.","5: 177 (fasc. 49–51. Mon. 8. 5)","177","1852"
tro-35164541,B,Hylocomiaceae,,Hylocomium,,"varians",,"","Mitt.",Accepted,,M,TRO,35164541,,"Trans. Linn. Soc. London, Bot.","3: 182","182","1891"
tro-35164542,B,Hylocomiaceae,,Hylocomium,,"yunnanense",,"","Besch.",Accepted,,M,TRO,35164542,,"Ann. Sci. Nat., Bot., sér. 7,","15: 93","93","1892"
tro-35182815,B,Hylocomiaceae,,Leptocladiella,,"delicatula",,"","(Broth.) J.R. Rohrer",Accepted,,M,TRO,35182815,,"J. Hattori Bot. Lab.","59: 266","266","1985"
tro-35182834,B,Hylocomiaceae,,Leptocladiella,,"flagellaris",,"","T.J. Kop. & D.H. Norris",Accepted,,M,TRO,35182834,,"Acta Bot. Fenn.","131: 58. f. 2–4","58","1985"
tro-35138751,B,Hylocomiaceae,,Leptocladiella,,"psilura",,"","(Mitt.) M. Fleisch.",Accepted,,M,TRO,35138751,,"Musci Buitenzorg","4: 1205","1205","1923"
tro-35139069,B,Hylocomiaceae,,Leptohymenium,,"ahnfeltii",,"","Hartm.",Accepted,,M,TRO,35139069,,"Handb. Skand. Fl. (ed. 5)","340","340","1849"
tro-35139072,B,Hylocomiaceae,,Leptohymenium,,"bicolor",,"","(Lindb. ex Ångström) A. Jaeger",Accepted,,M,TRO,35139072,,"Ber. Thätigk. St. Gallischen Naturwiss. Ges.","1876–77: 280 (Gen. Sp. Musc. 2: 346)","280 ","1878"
tro-35139074,B,Hylocomiaceae,,Leptohymenium,,"borgenii",,"","Renauld & Cardot",Accepted,,M,TRO,35139074,,"Prodr. Fl. Bryol. Madagascar","226","226","1898"
tro-35139075,B,Hylocomiaceae,,Leptohymenium,,"brachycladon",,"","(Brid.) A. Jaeger",Accepted,,M,TRO,35139075,,"Ber. Thätigk. St. Gallischen Naturwiss. Ges.","1876–77: 281 (Gen. Sp. Musc. 2: 347)","281 ","1878"
tro-35139076,B,Hylocomiaceae,,Leptohymenium,,"brachystegium",,"","Besch.",Accepted,,M,TRO,35139076,,"Ann. Sci. Nat., Bot., sér. 7,","15: 85","85","1892"
tro-35139077,B,Hylocomiaceae,,Leptohymenium,,"brasiliense",,"","(Hampe) A. Jaeger",Accepted,,M,TRO,35139077,,"Ber. Thätigk. St. Gallischen Naturwiss. Ges.","1876–77: 279 (Gen. Sp. Musc. 2: 345)","279 ","1878"
tro-35139078,B,Hylocomiaceae,,Leptohymenium,,"breutelii",,"","(Müll. Hal.) Schimp.",Accepted,,M,TRO,35139078,,"Ber. Thätigk. St. Gallischen Naturwiss. Ges.","1876–77: 281 (Gen. Sp. Musc. 2: 347)","281 ","1878"
tro-35139084,B,Hylocomiaceae,,Leptohymenium,,"cristatum",,"","Hampe",Accepted,,M,TRO,35139084,,"Linnaea","30: 459","459","1860"
tro-35139085,B,Hylocomiaceae,,Leptohymenium,,"dentatum",,"","Schwägr.",Accepted,,M,TRO,35139085,,"Sp. Musc. Frond., Suppl. 4","322","322","1842"
tro-35139094,B,Hylocomiaceae,,Leptohymenium,,"filiforme",,"","(Hedw.) Huebener",Accepted,,M,TRO,35139094,,"Muscol. Germ.","552","552","1833"
tro-35139100,B,Hylocomiaceae,,Leptohymenium,,"gracile",,"","(Hedw.) Huebener",Accepted,,M,TRO,35139100,,"Muscol. Germ.","554","554","1833"
tro-35139102,B,Hylocomiaceae,,Leptohymenium,,"heteropterum",,"","(Brid.) Huebener",Accepted,,M,TRO,35139102,,"Muscol. Germ.","553","553","1833"
tro-35139103,B,Hylocomiaceae,,Leptohymenium,,"hirtellum",,"","(Hedw.) Schwägr.",Accepted,,M,TRO,35139103,,"Sp. Musc. Frond., Suppl. 4","322","322","1842"
tro-35139104,B,Hylocomiaceae,,Leptohymenium,,"hokinense",,"","Besch.",Accepted,,M,TRO,35139104,,"Ann. Sci. Nat., Bot., sér. 7,","15: 84","84","1892"
tro-35139106,B,Hylocomiaceae,,Leptohymenium,,"intricatum",,"","(Hedw.) Schwägr.",Accepted,,M,TRO,35139106,,"Sp. Musc. Frond., Suppl. 4","322 a–e","322","1842"
tro-35139112,B,Hylocomiaceae,,Leptohymenium,,"longisetaceum",,"","(Müll. Hal.) A. Jaeger",Accepted,,M,TRO,35139112,,"Ber. Thätigk. St. Gallischen Naturwiss. Ges.","1876–77: 279 (Gen. Sp. Musc. 2: 345)","279 ","1878"
tro-35139114,B,Hylocomiaceae,,Leptohymenium,,"loriferum",,"","(Lindb.) A. Jaeger",Accepted,,M,TRO,35139114,,"Ber. Thätigk. St. Gallischen Naturwiss. Ges.","1876–77: 280 (Gen. Sp. Musc. 2: 346)","280 ","1878"
tro-35139116,B,Hylocomiaceae,,Leptohymenium,,"microphyllum",,"","(Schwägr.) Schwägr.",Accepted,,M,TRO,35139116,,"Sp. Musc. Frond., Suppl. 3","2(2): Index","Index","1830"
tro-35139126,B,Hylocomiaceae,,Leptohymenium,,"procumbens",,"","(Müll. Hal.) Paris",Accepted,,M,TRO,35139126,,"Index Bryol.","734","734","1897"
tro-35139127,B,Hylocomiaceae,,Leptohymenium,,"psilurum",,"","(Mitt.) A. Jaeger",Accepted,,M,TRO,35139127,,"Ber. Thätigk. St. Gallischen Naturwiss. Ges.","1876–77: 279 (Gen. Sp. Musc. 2: 345)","279 ","1878"
tro-35139128,B,Hylocomiaceae,,Leptohymenium,,"repens",,"","(Brid.) Hampe",Accepted,,M,TRO,35139128,,"Linnaea","20: 83","83","1847"
tro-35186166,B,Hylocomiaceae,,Leptohymenium,,"sharpii",,"","(H.A. Crum & L.E. Anderson) W.R. Buck & H.A. Crum",Accepted,,M,TRO,35186166,,"Contr. Univ. Michigan Herb.","17: 64","64","1990"
tro-35139133,B,Hylocomiaceae,,Leptohymenium,,"sieboldii",,"","Dozy & Molk.",Accepted,,M,TRO,35139133,,"Ann. Sci. Nat., Bot., sér. 3,","2: 310","310","1844"
tro-35139136,B,Hylocomiaceae,,Leptohymenium,,"stramineum",,"","A. Jaeger",Accepted,,M,TRO,35139136,,"Ber. Thätigk. St. Gallischen Naturwiss. Ges.","1876–77: 279","279","1878"
tro-35139140,B,Hylocomiaceae,,Leptohymenium,,"tenue",,"","(Hook.) Schwägr.",Accepted,,M,TRO,35139140,,"Sp. Musc. Frond., Suppl. 3","1(2): pl. 246c","pl","1828"
tro-35139141,B,Hylocomiaceae,,Leptohymenium,,"teres",,"","(Müll. Hal.) A. Jaeger",Accepted,,M,TRO,35139141,,"Ber. Thätigk. St. Gallischen Naturwiss. Ges.","1876–77: 280 (Gen. Sp. Musc. 2: 346)","280 ","1878"
tro-35139142,B,Hylocomiaceae,,Leptohymenium,,"trichomitrion",,"","(Hedw.) Schwägr.",Accepted,,M,TRO,35139142,,"Sp. Musc. Frond., Suppl. 4","322","322","1842"
tro-35139143,B,Hylocomiaceae,,Leptohymenium,,"warmingii",,"","(Hampe) A. Jaeger",Accepted,,M,TRO,35139143,,"Ber. Thätigk. St. Gallischen Naturwiss. Ges.","1877–78: 479 (Gen. Sp. Musc. 2: 743)","479 ","1880"
tro-35160558,B,Hylocomiaceae,,Loeskeobryum,,"brevirostre",,"","(Brid.) M. Fleisch.",Accepted,,M,TRO,35160558,,"Nat. Pflanzenfam. (ed. 2)","11: 483","483","1925"
tro-35160560,B,Hylocomiaceae,,Loeskeobryum,,"cavifolium",,"","(Sande Lac.) M. Fleisch. ex Broth.",Accepted,,M,TRO,35160560,,"Nat. Pflanzenfam. (ed. 2)","11: 483","483","1925"
tro-35182814,B,Hylocomiaceae,,Loeskeobryum,,"giganteum",,"","(E.B. Bartram) J.R. Rohrer",Accepted,,M,TRO,35182814,,"J. Hattori Bot. Lab.","59: 251","251","1985"
tro-35167915,B,Hylocomiaceae,,Macrothamnium,,"cuculatophyllum",,"","C. Gao & C.W. Aur",Accepted,,M,TRO,35167915,,"Bull. Bot. Lab. N.-E. Forest. Inst., Harbin","7: 99. f. 3","99","1980"
tro-35150701,B,Hylocomiaceae,,Macrothamnium,,"delicatulum",,"","Broth.",Accepted,,M,TRO,35150701,,"Symb. Sin.","4: 131","131","1929"
tro-35150703,B,Hylocomiaceae,,Macrothamnium,,"hylocomioides",,"","M. Fleisch.",Accepted,,M,TRO,35150703,,"Nova Guinea","2: 125. 34A","125","1914"
tro-35150704,B,Hylocomiaceae,,Macrothamnium,,"javense",,"","M. Fleisch.",Accepted,,M,TRO,35150704,,"Hedwigia","44: 311. ic","311","1905"
tro-35169520,B,Hylocomiaceae,,Macrothamnium,,"leptohymenioides",,"","Nog.",Accepted,,M,TRO,35169520,,"Kumamoto J. Sci., Sect. 2, Biol.","11: 6","6","1972"
tro-35150706,B,Hylocomiaceae,,Macrothamnium,,"macrocarpum",,"","(Reinw. & Hornsch.) M. Fleisch.",Accepted,,M,TRO,35150706,,"Hedwigia","44: 308","308","1905"
tro-35169521,B,Hylocomiaceae,,Macrothamnium,,"psilurum",,"","(Mitt.) Nog.",Accepted,,M,TRO,35169521,,"Kumamoto J. Sci., Sect. 2, Biol.","11: 10","10","1972"
tro-35150711,B,Hylocomiaceae,,Macrothamnium,,"submacrocarpum",,"","(A. Jaeger ex Renauld & Cardot) M. Fleisch.",Accepted,,M,TRO,35150711,,"Hedwigia","44: 310","310","1905"
tro-35185542,B,Hylocomiaceae,,Miehea,,"indica",,"","(Dixon) Ochyra",Accepted,,M,TRO,35185542,,"J. Hattori Bot. Lab.","69: 124","124","1991"
tro-35172271,B,Hylocomiaceae,,Neodolichomitra,,"gigantea",,"","Nog.",Accepted,,M,TRO,35172271,,"J. Jap. Bot.","13: 92. 4","92","1937"
tro-35168475,B,Hylocomiaceae,,Neodolichomitra,,"robusta",,"","(Broth.) Nog.",Accepted,,M,TRO,35168475,,"Bryologist","69: 232","232","1966"
tro-35169290,B,Hylocomiaceae,,Neodolichomitra,,"yunnanensis",,"","(Besch.) T.J. Kop.",Accepted,,M,TRO,35169290,,"Hikobia","6: 53","53","1971"
tro-35172693,B,Hylocomiaceae,,Orontobryum,,"hookeri",,"","(Mitt.) M. Fleisch.",Accepted,,M,TRO,35172693,,"Nat. Pflanzenfam. (ed. 2)","11: 261","261","1925"
tro-35124809,B,Hylocomiaceae,,Pleurozium,,"ehrenbergianum",,"","(Müll. Hal.) Mitt.",Accepted,,M,TRO,35124809,,"J. Linn. Soc., Bot.","12: 537","537","1869"
tro-35124810,B,Hylocomiaceae,,Pleurozium,,"flagellare",,"","(Schimp.) Kindb.",Accepted,,M,TRO,35124810,,"Canad. Rec. Sci.","6: 19","19","1894"
tro-35214498,B,Hylocomiaceae,,Pleurozium,,"quitense",,"","(Mitt.) B.H. Allen & Magill",Accepted,,M,TRO,35214498,,"Acta Acad. Paedagog. Agriensis, Sect. Biol.","24: 69","69","2003"
tro-35124816,B,Hylocomiaceae,,Pleurozium,,"schreberi",,"","(Willd. ex Brid.) Mitt.",Accepted,,M,TRO,35124816,,"J. Linn. Soc., Bot.","12: 537","537","1869"
tro-35217183,B,Hylocomiaceae,,Pleurozium,,"schreberi",f.,"alpinum","(Mönk.) Podp.",Accepted,,L,TRO,35217183,,"Consp. Musc. Eur.","648","648","1954"
tro-35217184,B,Hylocomiaceae,,Pleurozium,,"schreberi",f.,"crassum","(M.T. Lange) Podp.",Accepted,,L,TRO,35217184,,"Consp. Musc. Eur.","648","648","1954"
tro-35217186,B,Hylocomiaceae,,Pleurozium,,"schreberi",f.,"densum","(Mönk.) Podp.",Accepted,,L,TRO,35217186,,"Consp. Musc. Eur.","648","648","1954"
tro-35217187,B,Hylocomiaceae,,Pleurozium,,"schreberi",f.,"dentatum","(E. Bauer) Podp.",Accepted,,L,TRO,35217187,,"Consp. Musc. Eur.","648","648","1954"
tro-35217189,B,Hylocomiaceae,,Pleurozium,,"schreberi",f.,"gracile","(Warnst.) Podp.",Accepted,,L,TRO,35217189,,"Consp. Musc. Eur.","648","648","1954"
tro-35217190,B,Hylocomiaceae,,Pleurozium,,"schreberi",f.,"mucronatum","(E. Bauer) Podp.",Accepted,,L,TRO,35217190,,"Consp. Musc. Eur.","648","648","1954"
tro-35217192,B,Hylocomiaceae,,Pleurozium,,"schreberi",f.,"pendulum","(H.K.G. Paul) Podp.",Accepted,,L,TRO,35217192,,"Consp. Musc. Eur.","648","648","1954"
tro-35217197,B,Hylocomiaceae,,Pleurozium,,"schreberi",f.,"splendens","(Roll) Podp.",Accepted,,L,TRO,35217197,,"Consp. Musc. Eur.","648","648","1954"
tro-35217196,B,Hylocomiaceae,,Pleurozium,,"schreberi",f.,"submersum","(Warnst.) Podp.",Accepted,,L,TRO,35217196,,"Consp. Musc. Eur.","648","648","1954"
tro-35124819,B,Hylocomiaceae,,Pleurozium,,"schreberi",var.,"tananae","(Grout) Wijk & Margad.",Accepted,,L,TRO,35124819,,"Taxon","8: 74","74","1959"
tro-35124820,B,Hylocomiaceae,,Pleurozium,,"splendens",,"","(Hedw.) Mitt.",Accepted,,M,TRO,35124820,,"St. Helena","364","364","1875"
tro-35124821,B,Hylocomiaceae,,Pleurozium,,"striatum",,"","(Schreb. ex Hedw.) Kindb.",Accepted,,M,TRO,35124821,,"Canad. Rec. Sci.","6: 19","19","1894"
tro-35169288,B,Hylocomiaceae,,Rhytidiadelphus,,"japonicus",,"","(Reimers) T.J. Kop.",Accepted,,M,TRO,35169288,,"Hikobia","6: 19","19","1971"
tro-35148984,B,Hylocomiaceae,,Rhytidiadelphus,,"loreus",,"","(Hedw.) Warnst.",Accepted,,M,TRO,35148984,,"Krypt.-Fl. Brandenburg, Laubm.","2: 922, f. 1, 7 [p. 926]","922","1906"
tro-35148986,B,Hylocomiaceae,,Rhytidiadelphus,,"printzii",,"","Kaal.",Accepted,,M,TRO,35148986,,"Kongel. Norske Vidensk. Selsk. Skr. (Trondheim)","1918(2): 12 fot. 2A–C","12","1919"
tro-35148987,B,Hylocomiaceae,,Rhytidiadelphus,,"squarrosus",,"","(Hedw.) Warnst.",Accepted,,M,TRO,35148987,,"Krypt.-Fl. Brandenburg, Laubm.","2: 918, f. 5 [p. 926]","918","1906"
tro-35148991,B,Hylocomiaceae,,Rhytidiadelphus,,"squarrosus",var.,"bipinnatus","(Warnst.) Warnst.",Accepted,,L,TRO,35148991,,"Krypt.-Fl. Brandenburg, Laubm.","2: 920","920","1906"
tro-35148994,B,Hylocomiaceae,,Rhytidiadelphus,,"squarrosus",var.,"robustum","(Limpr.) Warnst.",Accepted,,L,TRO,35148994,,"Krypt.-Fl. Brandenburg, Laubm.","2: 920","920","1906"
tro-35148995,B,Hylocomiaceae,,Rhytidiadelphus,,"squarrosus",var.,"subsimplex","(Warnst.) Warnst.",Accepted,,L,TRO,35148995,,"Krypt.-Fl. Brandenburg, Laubm.","2: 919","919","1906"
tro-35169289,B,Hylocomiaceae,,Rhytidiadelphus,,"subpinnatus",,"","(Lindb.) T.J. Kop.",Accepted,,M,TRO,35169289,,"Hikobia","6: 19","19","1971"
tro-35148996,B,Hylocomiaceae,,Rhytidiadelphus,,"triquetrus",,"","(Hedw.) Warnst.",Accepted,,M,TRO,35148996,,"Krypt.-Fl. Brandenburg, Laubm.","2: 920–922, f.1–6 [926]","920","1906"
tro-35148997,B,Hylocomiaceae,,Rhytidiadelphus,,"triquetrus",var.,"alpinus","(Boulay) Podp.",Accepted,,L,TRO,35148997,,"Consp. Musc. Eur.","690","690","1954"
tro-35148999,B,Hylocomiaceae,,Rhytidiadelphus,,"triquetrus",var.,"californicus","(Renauld & Cardot) Grout",Accepted,,L,TRO,35148999,,"Check List Pleuroc. Moss. N. Amer.","18","18","1929"
tro-35215424,B,Hylocomiaceae,,Rhytidiastrum,,"japonicum",,"","(Reimers) Ignatov & Ignatova",Accepted,,M,TRO,35215424,,"Arctoa","11(Supplement 2): 942","942","2004"
tro-35215423,B,Hylocomiaceae,,Rhytidiastrum,,"loreum",,"","(Hedw.) Ignatov & Ignatova",Accepted,,M,TRO,35215423,,"Arctoa","11(Supplement 2): 942","942","2004"
tro-35215431,B,Hylocomiaceae,,Rhytidiastrum,,"squarrosum",,"","(Hedw.) Ignatov & Ignatova",Accepted,,M,TRO,35215431,,"Arctoa","11(Supplement 2): 751","751","2004"
tro-35215430,B,Hylocomiaceae,,Rhytidiastrum,,"subpinnatum",,"","(Lindb.) Ignatov & Ignatova",Accepted,,M,TRO,35215430,,"Arctoa","11(Supplement 2): 749","749","2004"
tro-35149002,B,Hylocomiaceae,,Rhytidiopsis,,"robusta",,"","(Hook.) Broth.",Accepted,,M,TRO,35149002,,"Nat. Pflanzenfam.","I(3): 1057. 758 A–D","1057","1908"
tro-35149003,B,Hylocomiaceae,,Rhytidium,,"rugosum",,"","(Ehrh. ex Hedw.) Kindb.",Accepted,,M,TRO,35149003,,"Bih. Kongl. Svenska Vetensk.-Akad. Handl.","7((9)): 15","15","1883"
tro-35149006,B,Hylocomiaceae,,Rhytidium,,"rugosum",var.,"imbricatum","(Pfeff.) Herzog",Accepted,,L,TRO,35149006,,"Bot. Jahrb. Syst.","47: 490","490","1912"
tro-35201153,B,Hylocomiaceae,,Schofieldiella,,"micans",,"","(Mitt.) W.R. Buck",Accepted,,M,TRO,35201153,,"J. Hattori Bot. Lab.","82: 39","39","1997"
tro-35176592,B,Hylocomiaceae,,Stenothecium,,"tenue",,"","(Hook.) Müll. Hal.",Accepted,,M,TRO,35176592,,"Index Bryol. (ed. 2)","4: 320","320","1905"
