﻿ID,Major group,Family,Genus hybrid marker,Genus,Species hybrid marker,Species,Infraspecific rank,Infraspecific epithet,Authorship,Taxonomic status in TPL,Nomenclatural status from original data source,Confidence level,Source,Source id,IPNI id,Publication,Collation,Page,Date
tro-35115269,B,Hypnodendraceae,,Braithwaitea,,"sulcata",,"","(Hook.) A. Jaeger & Sauerb.",Accepted,,M,TRO,35115269,,"Ber. Thätigk. St. Gallischen Naturwiss. Ges.","1877–78: 299 (Gen. Sp. Musc. 2: ?)","299 ","1880"
tro-35217674,B,Hypnodendraceae,,Dendro-hypnum,,"auricomum",,"","(Broth. & Geh.) N. E. Bell, A.E. Newton & D. Quandt",Accepted,,M,TRO,35217674,,"Bryologist","110: 555","555","2007"
tro-35100889,B,Hypnodendraceae,,Dendro-hypnum,,"beccarii",,"","Hampe",Accepted,,M,TRO,35100889,,"Nuovo Giorn. Bot. Ital.","4: 289","289","1872"
tro-35217676,B,Hypnodendraceae,,Dendro-hypnum,,"brevipes",,"","(Broth.) N. E. Bell, A.E. Newton & D. Quandt",Accepted,,M,TRO,35217676,,"Bryologist","110: 556","556","2007"
tro-35217677,B,Hypnodendraceae,,Dendro-hypnum,,"flagelliferum",,"","(Broth. & Watts) N. E. Bell, A.E. Newton & D. Quandt",Accepted,,M,TRO,35217677,,"Bryologist","110: 556","556","2007"
tro-35217678,B,Hypnodendraceae,,Dendro-hypnum,,"fuscomucronatum",,"","(Müll. Hal.) N. E. Bell, A.E. Newton & D. Quandt",Accepted,,M,TRO,35217678,,"Bryologist","110: 556","556","2007"
tro-35217679,B,Hypnodendraceae,,Dendro-hypnum,,"milnei",,"","(Mitt.) N. E. Bell, A.E. Newton & D. Quandt",Accepted,,M,TRO,35217679,,"Bryologist","110: 556","556","2007"
tro-35217680,B,Hypnodendraceae,,Dendro-hypnum,,"opacum",,"","(M. Fleisch.) N. E. Bell, A.E. Newton & D. Quandt",Accepted,,M,TRO,35217680,,"Bryologist","110: 556","556","2007"
tro-35217681,B,Hypnodendraceae,,Dendro-hypnum,,"reinwardtii",,"","(Schwägr.) N. E. Bell, A.E. Newton & D. Quandt",Accepted,,M,TRO,35217681,,"Bryologist","110: 556","556","2007"
tro-35217682,B,Hypnodendraceae,,Dendro-hypnum,,"subspininervium",,"","(Müll. Hal.) N. E. Bell, A.E. Newton & D. Quandt",Accepted,,M,TRO,35217682,,"Bryologist","110: 556","556","2007"
tro-35165157,B,Hypnodendraceae,,Hypnodendron,,"arborescens",,"","(Mitt.) Lindb.",Accepted,,M,TRO,35165157,,"Bryol. Jav.","2: 133. 232","133","1865"
tro-35165160,B,Hypnodendraceae,,Hypnodendron,,"arcuatum",,"","(Hedw.) Lindb. ex Mitt.",Accepted,,M,TRO,35165160,,"Trans. & Proc. Roy. Soc. Victoria","19: 90","90","1882"
tro-35165161,B,Hypnodendraceae,,Hypnodendron,,"auricomum",,"","Broth. & Geh.",Accepted,,M,TRO,35165161,,"Oefvers. Förh. Finska Vetensk.-Soc.","40: 190","190","1898"
tro-35169259,B,Hypnodendraceae,,Hypnodendron,,"auricomum",subsp.,"opacum","(M. Fleisch.) A. Touw",Accepted,,L,TRO,35169259,,"Blumea","19: 259","259","1971"
tro-35165162,B,Hypnodendraceae,,Hypnodendron,,"beccarii",,"","(Hampe) A. Jaeger",Accepted,,M,TRO,35165162,,"Ber. Thätigk. St. Gallischen Naturwiss. Ges.","1877–78: 358 (Gen. Sp. Musc. 2: 622)","358 ","1880"
tro-35165164,B,Hypnodendraceae,,Hypnodendron,,"brevipes",,"","Broth.",Accepted,,M,TRO,35165164,,"Oefvers. Förh. Finska Vetensk.-Soc.","40: 189","189","1898"
tro-35169260,B,Hypnodendraceae,,Hypnodendron,,"camptotheca",,"","(Duby ex Besch. ex Paris) A. Touw",Accepted,,M,TRO,35169260,,"Blumea","19: 307","307","1971"
tro-35165168,B,Hypnodendraceae,,Hypnodendron,,"colensoi",,"","(Hook. & Wilson) Mitt.",Accepted,,M,TRO,35165168,,"Trans. Roy. Soc. Victoria","19: 90","90","1882"
tro-35169261,B,Hypnodendraceae,,Hypnodendron,,"comatulum",,"","(Geh. ex Broth. & Watts) A. Touw",Accepted,,M,TRO,35169261,,"Blumea","19: 307","307","1971"
tro-35169262,B,Hypnodendraceae,,Hypnodendron,,"comatum",,"","(Müll. Hal.) A. Touw",Accepted,,M,TRO,35169262,,"Blumea","19: 313","313","1971"
tro-35165169,B,Hypnodendraceae,,Hypnodendron,,"comosum",,"","(Labill.) Mitt.",Accepted,,M,TRO,35165169,,"Trans. & Proc. Roy. Soc. Victoria","19: 90","90","1882"
tro-35169263,B,Hypnodendraceae,,Hypnodendron,,"comosum",var.,"sieberi","(Müll. Hal.) A. Touw",Accepted,,L,TRO,35169263,,"Blumea","19: 319","319","1971"
tro-35169264,B,Hypnodendraceae,,Hypnodendron,,"dendroides",,"","(Brid.) A. Touw",Accepted,,M,TRO,35169264,,"Blumea","19: 320","320","1971"
tro-35165172,B,Hypnodendraceae,,Hypnodendron,,"divaricatum",,"","(Reinw. & Hornsch.) Mitt.",Accepted,,M,TRO,35165172,,"Fl. Vit.","401","401","1873"
tro-35165173,B,Hypnodendraceae,,Hypnodendron,,"diversifolium",,"","Broth. & Geh.",Accepted,,M,TRO,35165173,,"Oefvers. Förh. Finska Vetensk.-Soc.","40: 191","191","1898"
tro-35165174,B,Hypnodendraceae,,Hypnodendron,,"flagelliferum",,"","Broth. & Watts",Accepted,,M,TRO,35165174,,"J. & Proc. Roy. Soc. New South Wales","49: 156","156","1915"
tro-35165177,B,Hypnodendraceae,,Hypnodendron,,"fuscomucronatum",,"","(Müll. Hal.) A. Jaeger & Sauerb.",Accepted,,M,TRO,35165177,,"Ber. Thätigk. St. Gallischen Naturwiss. Ges.","1877–78: 360 (Gen. Sp. Musc. 2: 1380)","360 ","1880"
tro-35169265,B,Hypnodendraceae,,Hypnodendron,,"fuscomucronatum",subsp.,"chalmersii","(Mitt.) A. Touw",Accepted,,L,TRO,35169265,,"Blumea","19: 337","337","1971"
tro-35165179,B,Hypnodendraceae,,Hypnodendron,,"graeffeanum",,"","(Müll. Hal.) A. Jaeger",Accepted,,M,TRO,35165179,,"Ber. Thätigk. St. Gallischen Naturwiss. Ges.","1877–78: 358 (Gen. Sp. Musc. 2: 622)","358 ","1880"
tro-35165181,B,Hypnodendraceae,,Hypnodendron,,"heterophyllum",,"","(Colenso) A. Gepp",Accepted,,M,TRO,35165181,,"Index Bryol. Suppl.","192","192","1900"
tro-35165183,B,Hypnodendraceae,,Hypnodendron,,"junghuhnii",,"","(Müll. Hal.) A. Jaeger & Sauerb.",Accepted,,M,TRO,35165183,,"Ber. Thätigk. St. Gallischen Naturwiss. Ges.","1877–78: 358 (Gen. Sp. Musc. 2: ?)","358 ","1861"
tro-35165184,B,Hypnodendraceae,,Hypnodendron,,"kerrii",,"","(Mitt.) Paris",Accepted,,M,TRO,35165184,,"Index Bryol.","604","604","1896"
tro-35165185,B,Hypnodendraceae,,Hypnodendron,,"krausei",,"","(Müll. Hal.) A. Jaeger",Accepted,,M,TRO,35165185,,"Ber. Thätigk. St. Gallischen Naturwiss. Ges.","1877–78: 360 (Gen. Sp. Musc. 2: 624)","360 ","1880"
tro-35165192,B,Hypnodendraceae,,Hypnodendron,,"marginatum",,"","(Hook. f. & Wilson) Lindb. ex A. Jaeger & Sauerb.",Accepted,,M,TRO,35165192,,"Ber. Thätigk. St. Gallischen Naturwiss. Ges.","1877–78: 360 (Gen. Sp. Musc. 2: ?)","360 ","1861"
tro-35165193,B,Hypnodendraceae,,Hypnodendron,,"menziesii",,"","(Hook.) Paris",Accepted,,M,TRO,35165193,,"Index Bryol.","604","604","1895"
tro-35169266,B,Hypnodendraceae,,Hypnodendron,,"menziesii",subsp.,"splendidum","(Besch.) A. Touw",Accepted,,L,TRO,35169266,,"Blumea","19: 265","265","1971"
tro-35165194,B,Hypnodendraceae,,Hypnodendron,,"microstictum",,"","Mitt. ex A. Jaeger & Sauerb.",Accepted,,M,TRO,35165194,,"Ber. Thätigk. St. Gallischen Naturwiss. Ges.","1877–78: 360 (Gen. Sp. Musc. 2: ?)","360 ","1880"
tro-35165196,B,Hypnodendraceae,,Hypnodendron,,"milnei",,"","Mitt.",Accepted,,M,TRO,35165196,,"Fl. Vit.","401","401","1873"
tro-35169267,B,Hypnodendraceae,,Hypnodendron,,"milnei",subsp.,"korthalsii","(Bosch & Sande Lac. ex Paris) A. Touw",Accepted,,L,TRO,35169267,,"Blumea","19: 302","302","1971"
tro-35169268,B,Hypnodendraceae,,Hypnodendron,,"milnei",subsp.,"parvum","(Müll. Hal.) A. Touw",Accepted,,L,TRO,35169268,,"Blumea","19: 301","301","1971"
tro-35165198,B,Hypnodendraceae,,Hypnodendron,,"naumannii",,"","(Müll. Hal.) Kindb.",Accepted,,M,TRO,35165198,,"Enum. Bryin. Exot., suppl. 2,","99","99","1891"
tro-35165199,B,Hypnodendraceae,,Hypnodendron,,"novae-guineae",,"","(Dixon) E.B. Bartram",Accepted,,M,TRO,35165199,,"Brittonia","9: 41","41","1957"
tro-35165200,B,Hypnodendraceae,,Hypnodendron,,"obscurum",,"","(Colenso) A. Gepp",Accepted,,M,TRO,35165200,,"Index Bryol. Suppl.","192","192","1900"
tro-35165203,B,Hypnodendraceae,,Hypnodendron,,"parvum",,"","(Müll. Hal.) Dixon",Accepted,,M,TRO,35165203,,"J. Linn. Soc., Bot.","45: 494","494","1922"
tro-35165205,B,Hypnodendraceae,,Hypnodendron,,"praenitens",,"","(Müll. Hal.) Mitt.",Accepted,,M,TRO,35165205,,"Trans. Roy. Soc. Victoria","19: 90","90","1882"
tro-35165208,B,Hypnodendraceae,,Hypnodendron,,"pygmaeum",,"","(Müll. Hal.) Broth.",Accepted,,M,TRO,35165208,,"Nat. Pflanzenfam.","I(3): 1169","1169","1909"
tro-35165209,B,Hypnodendraceae,,Hypnodendron,,"reinwardtii",,"","(Schwägr.) Lindb. ex A. Jaeger & Sauerb.",Accepted,,M,TRO,35165209,,"Ber. Thätigk. St. Gallischen Naturwiss. Ges.","1877–78: 358 (Gen. Sp. Musc. 2: 1378)","358 ","1880"
tro-35169269,B,Hypnodendraceae,,Hypnodendron,,"reinwardtii",subsp.,"caducifolium","(Herzog) A. Touw",Accepted,,L,TRO,35169269,,"Blumea","19: 245","245","1971"
tro-35165210,B,Hypnodendraceae,,Hypnodendron,,"rigidum",,"","Mitt.",Accepted,,M,TRO,35165210,,"Fl. Vit.","401","401","1873"
tro-35165211,B,Hypnodendraceae,,Hypnodendron,,"samoanum",,"","Mitt.",Accepted,,M,TRO,35165211,,"Fl. Vit.","401","401","1873"
tro-35165214,B,Hypnodendraceae,,Hypnodendron,,"speciosissimum",,"","(Sull.) Mitt.",Accepted,,M,TRO,35165214,,"Fl. Vit.","491","491","1873"
tro-35165215,B,Hypnodendraceae,,Hypnodendron,,"spininervium",,"","(Hook.) A. Jaeger & Sauerb.",Accepted,,M,TRO,35165215,,"Ber. Thätigk. St. Gallischen Naturwiss. Ges.","1877–78: 359 (Gen. Sp. Musc. 2: 1379)","359 ","1880"
tro-35169270,B,Hypnodendraceae,,Hypnodendron,,"spininervium",subsp.,"archeri","(Mitt.) A. Touw",Accepted,,L,TRO,35169270,,"Blumea","19: 277","277","1971"
tro-35165218,B,Hypnodendraceae,,Hypnodendron,,"splendidum",,"","Besch.",Accepted,,M,TRO,35165218,,"Ann. Sci. Nat., Bot., sér. 5,","18: 245","245","1873"
tro-35165219,B,Hypnodendraceae,,Hypnodendron,,"stipitatum",,"","(Mitt.) A. Jaeger",Accepted,,M,TRO,35165219,,"Ber. Thätigk. St. Gallischen Naturwiss. Ges.","1877–78: 360 (Gen. Sp. Musc. 2: 624)","360 ","1880"
tro-35165220,B,Hypnodendraceae,,Hypnodendron,,"subarborescens",,"","Müll. Hal.",Accepted,,M,TRO,35165220,,"Biblioth. Bot.","13: 10","10","1889"
tro-35165221,B,Hypnodendraceae,,Hypnodendron,,"subspininervium",,"","(Müll. Hal.) A. Jaeger",Accepted,,M,TRO,35165221,,"Ber. Thätigk. St. Gallischen Naturwiss. Ges.","1877–78: 359 (Gen. Sp. Musc. 2: 1379)","359 ","1880"
tro-35169271,B,Hypnodendraceae,,Hypnodendron,,"subspininervium",subsp.,"arborescens","(Mitt.) A. Touw",Accepted,,L,TRO,35169271,,"Blumea","19: 237","237","1971"
tro-35169272,B,Hypnodendraceae,,Hypnodendron,,"tahiticum",,"","(Besch.) A. Touw",Accepted,,M,TRO,35169272,,"Blumea","19: 332","332","1971"
tro-35165223,B,Hypnodendraceae,,Hypnodendron,,"tomentosum",,"","(Colenso) A. Gepp",Accepted,,M,TRO,35165223,,"Index Bryol. Suppl.","192","192","1900"
tro-35165224,B,Hypnodendraceae,,Hypnodendron,,"tricostatum",,"","(Sull.) A. Jaeger",Accepted,,M,TRO,35165224,,"Ber. Thätigk. St. Gallischen Naturwiss. Ges.","1877–78: 360 (Gen. Sp. Musc. 2: 624)","360 ","1880"
tro-35165226,B,Hypnodendraceae,,Hypnodendron,,"vitiense",,"","Mitt.",Accepted,,M,TRO,35165226,,"Fl. Vit.","401","401","1873"
tro-35170190,B,Hypnodendraceae,,Mniodendron,,"brevifolium",,"","(Mitt.) Broth.",Accepted,,M,TRO,35170190,,"Nat. Pflanzenfam.","I(3): 1172","1172","1909"
tro-35170192,B,Hypnodendraceae,,Mniodendron,,"camptotheca",,"","Duby ex Besch. ex Paris",Accepted,,M,TRO,35170192,,"Index Bryol. (ed. 2)","3: 262","262","1905"
tro-35170193,B,Hypnodendraceae,,Mniodendron,,"colensoi",,"","(Hook. & Wilson) Besch.",Accepted,,M,TRO,35170193,,"Ann. Sci. Nat., Bot., sér. 5,","18: 244","244","1873"
tro-35170194,B,Hypnodendraceae,,Mniodendron,,"comatulum",,"","Geh. ex Broth. & Watts",Accepted,,M,TRO,35170194,,"Proc. Linn. Soc. New South Wales","43: 567","567","1918"
tro-35170195,B,Hypnodendraceae,,Mniodendron,,"comatum",,"","(Müll. Hal.) Lindb.",Accepted,,M,TRO,35170195,,"Bryol. Jav.","2: 136","136","1865"
tro-35170196,B,Hypnodendraceae,,Mniodendron,,"comosum",,"","(Labill.) Lindb.",Accepted,,M,TRO,35170196,,"Ber. Thätigk. St. Gallischen Naturwiss. Ges.","1877–78: 355 (Gen. Sp. Musc. 2: 619)","355 ","1880"
tro-35170199,B,Hypnodendraceae,,Mniodendron,,"dendroides",,"","(Brid.) Wijk & Margad.",Accepted,,M,TRO,35170199,,"Taxon","8: 74","74","1959"
tro-35170202,B,Hypnodendraceae,,Mniodendron,,"divaricatum",,"","(Reinw. & Hornsch.) Lindb.",Accepted,,M,TRO,35170202,,"Bryol. Jav.","2: 136. pl. 234","136","1865"
tro-35170204,B,Hypnodendraceae,,Mniodendron,,"fuscoaciculare",,"","(Müll. Hal.) Broth.",Accepted,,M,TRO,35170204,,"Nat. Pflanzenfam.","I(3): 1172","1172","1909"
tro-35170208,B,Hypnodendraceae,,Mniodendron,,"korthalsii",,"","Bosch & Sande Lac. ex Paris",Accepted,,M,TRO,35170208,,"Index Bryol. (ed. 2)","3: 263","263","1905"
tro-35170210,B,Hypnodendraceae,,Mniodendron,,"kroneanum",,"","(Müll. Hal.) A. Jaeger",Accepted,,M,TRO,35170210,,"Ber. Thätigk. St. Gallischen Naturwiss. Ges.","1877–78: 356 (Gen. Sp. Musc. 2: 620)","356 ","1880"
tro-35170218,B,Hypnodendraceae,,Mniodendron,,"nanum",,"","Müll. Hal.",Accepted,,M,TRO,35170218,,"Hedwigia","41: 133","133","1902"
tro-35170219,B,Hypnodendraceae,,Mniodendron,,"palmeum",,"","(Mitt.) Broth.",Accepted,,M,TRO,35170219,,"Nat. Pflanzenfam.","I(3): 1172,","1172,","1909"
tro-35170222,B,Hypnodendraceae,,Mniodendron,,"sieberi",,"","(Müll. Hal.) A. Jaeger",Accepted,,M,TRO,35170222,,"Ber. Thätigk. St. Gallischen Naturwiss. Ges.","1877–78: 355 (Gen. Sp. Musc. 2: 619)","355 ","1880"
tro-35170224,B,Hypnodendraceae,,Mniodendron,,"wallisii",,"","(Müll. Hal.) A. Jaeger",Accepted,,M,TRO,35170224,,"Ber. Thätigk. St. Gallischen Naturwiss. Ges.","1877–78: 357 (Gen. Sp. Musc. 2: 621)","357 ","1880"
tro-35149726,B,Hypnodendraceae,,Sciadocladus,,"celebensis",,"","Dixon",Accepted,,M,TRO,35149726,,"Ann. Bryol.","7: 28","28","1934"
tro-35149727,B,Hypnodendraceae,,Sciadocladus,,"helmsii",,"","(Müll. Hal.) Broth. ex Paris",Accepted,,M,TRO,35149727,,"Coll. Nom. Broth.","29","29","1909"
tro-35149728,B,Hypnodendraceae,,Sciadocladus,,"kerrii",,"","(Mitt.) A. Jaeger ex Broth.",Accepted,,M,TRO,35149728,,"Nat. Pflanzenfam.","I(3): 1169. 822","1169","1909"
tro-35149729,B,Hypnodendraceae,,Sciadocladus,,"menziesii",,"","(Hook.) A. Jaeger ex Broth.",Accepted,,M,TRO,35149729,,"Nat. Pflanzenfam.","I(3): 1168","1168","1909"
