﻿ID,Major group,Family,Genus hybrid marker,Genus,Species hybrid marker,Species,Infraspecific rank,Infraspecific epithet,Authorship,Taxonomic status in TPL,Nomenclatural status from original data source,Confidence level,Source,Source id,IPNI id,Publication,Collation,Page,Date
kew-303671,A,Hypoxidaceae,,Curculigo,,"annamitica",,"","Gagnep.",Accepted,,H,WCSP,303671,,"Fl. Indo-Chine","6: 685","","1934"
kew-303675,A,Hypoxidaceae,,Curculigo,,"breviscapa",,"","S.C.Chen",Accepted,,H,WCSP,303675,434172-1,"Acta Phytotax. Sin.","11: 132","","1966"
kew-303677,A,Hypoxidaceae,,Curculigo,,"conoc",,"","Gagnep.",Accepted,,H,WCSP,303677,64142-1,"Fl. Indo-Chine","6: 683","","1934"
kew-303679,A,Hypoxidaceae,,Curculigo,,"disticha",,"","Gagnep.",Accepted,,H,WCSP,303679,64143-1,"Fl. Indo-Chine","6: 682","","1934"
kew-303680,A,Hypoxidaceae,,Curculigo,,"ensifolia",,"","R.Br.",Accepted,,H,WCSP,303680,64146-1,"Prodr. Fl. Nov. Holl.","290","","1810"
kew-303682,A,Hypoxidaceae,,Curculigo,,"erecta",,"","Lauterb.",Accepted,,H,WCSP,303682,64147-1,"Bot. Jahrb. Syst.","50: 304","","1913"
kew-303696,A,Hypoxidaceae,,Curculigo,,"macrandra",,"","Ridl.",Unresolved,,L,WCSP,303696,64159-1,"J. Fed. Malay States Mus.","8(4): 117","","1917"
kew-466705,A,Hypoxidaceae,,Curculigo,,"maharashtrensis",,"","M.R.Almeida & S.Yadav",Accepted,,H,WCSP,466705,77114014-1,"Fl. Maharashtra","5B: 401","","2009"
kew-303703,A,Hypoxidaceae,,Curculigo,,"orchioides",,"","Gaertn.",Accepted,,H,WCSP,303703,64163-1,"Fruct. Sem. Pl.","1: 63","","1788"
kew-303706,A,Hypoxidaceae,,Curculigo,,"pilosa",,"","(Schumach. & Thonn.) Engl.",Accepted,,H,WCSP,303706,,"Veg. Erde","9(II): 353","","1908"
kew-303707,A,Hypoxidaceae,,Curculigo,,"pilosa",subsp.,"major","(Baker) Wiland",Accepted,,L,WCSP,303707,998529-1,"Fragm. Florist. Geobot.","42: 19","","1997"
kew-303708,A,Hypoxidaceae,,Curculigo,,"pilosa",subsp.,"minor","(Guinea) Wiland",Accepted,,L,WCSP,303708,998528-1,"Fragm. Florist. Geobot.","42: 16","","1997"
kew-303711,A,Hypoxidaceae,,Curculigo,,"racemosa",,"","Ridl.",Accepted,,H,WCSP,303711,64168-1,"J. Straits Branch Roy. Asiat. Soc.","44: 198","","1905"
kew-303714,A,Hypoxidaceae,,Curculigo,,"rumphiana",,"","Schult. & Schult.f.",Unresolved,,L,WCSP,303714,,"Syst. Veg.","7: 757","","1830"
kew-466704,A,Hypoxidaceae,,Curculigo,,"savantwadiensis",,"","M.R.Almeida & S.Yadav",Accepted,,H,WCSP,466704,77114015-1,"Fl. Maharashtra","5B: 402","","2009"
kew-303716,A,Hypoxidaceae,,Curculigo,,"scorzonerifolia",,"","(Lam.) Baker",Accepted,,H,WCSP,303716,64173-1,"J. Linn. Soc., Bot.","17: 124","","1878"
kew-303717,A,Hypoxidaceae,,Curculigo,,"seychellensis",,"","Bojer ex Baker",Accepted,,H,WCSP,303717,,"Fl. Mauritius","368","","1877"
kew-303718,A,Hypoxidaceae,,Curculigo,,"sinensis",,"","S.C.Chen",Accepted,,H,WCSP,303718,434173-1,"Acta Phytotax. Sin.","11: 133","","1966"
kew-303722,A,Hypoxidaceae,,Curculigo,,"tonkinensis",,"","Gagnep.",Accepted,,H,WCSP,303722,64177-1,"Fl. Indo-Chine","6: 684","","1934"
kew-305371,A,Hypoxidaceae,,Empodium,,"elongatum",,"","(Nel) B.L.Burtt",Accepted,,H,WCSP,305371,434174-1,"Notes Roy. Bot. Gard. Edinburgh","32: 311","","1973"
kew-305372,A,Hypoxidaceae,,Empodium,,"flexile",,"","(Nel) M.F.Thomps. ex Snijman",Accepted,,H,WCSP,305372,1017458-1,"Strelitzia","9: 714","","2000"
kew-305373,A,Hypoxidaceae,,Empodium,,"gloriosum",,"","(Nel) B.L.Burtt",Accepted,,H,WCSP,305373,434175-1,"Notes Roy. Bot. Gard. Edinburgh","32: 312","","1973"
kew-305374,A,Hypoxidaceae,,Empodium,,"monophyllum",,"","(Nel) B.L.Burtt",Accepted,,H,WCSP,305374,434176-1,"Notes Roy. Bot. Gard. Edinburgh","32: 313","","1973"
kew-305375,A,Hypoxidaceae,,Empodium,,"namaquensis",,"","(Baker) M.F.Thomps.",Accepted,,H,WCSP,305375,434177-1,"Fl. Pl. Africa","44: t. 1727","","1977"
tro-1201120,A,Hypoxidaceae,,Empodium,,"namaquensis",,"","M. F. Thompson",Unresolved,,L,TRO,1201120,,"","","",""
kew-305377,A,Hypoxidaceae,,Empodium,,"plicatum",,"","(Thunb.) Garside",Accepted,,H,WCSP,305377,,"Fl. Cape Pen.","214","","1950"
kew-305378,A,Hypoxidaceae,,Empodium,,"veratrifolium",,"","(Willd.) M.F.Thomps.",Accepted,,H,WCSP,305378,434179-1,"J. S. African Bot.","38: 163","","1972"
tro-1201127,A,Hypoxidaceae,,Empodium,,"veratrifolium",,"","M. F. Thompson",Unresolved,,L,TRO,1201127,,"","","",""
kew-278932,A,Hypoxidaceae,,Hypoxidia,,"maheensis",,"","F.Friedmann",Accepted,,H,WCSP,278932,,"Bull. Mus. Natl. Hist. Nat., B, Adansonia","1984: 459","","1985"
kew-278933,A,Hypoxidaceae,,Hypoxidia,,"rhizophylla",,"","(Baker) F.Friedmann",Accepted,,H,WCSP,278933,,"Bull. Mus. Natl. Hist. Nat., B, Adansonia","1984: 456","","1985"
kew-278937,A,Hypoxidaceae,,Hypoxis,,"abyssinica",,"","Hochst.",Accepted,,H,WCSP,278937,,"Flora","27: 32","","1844"
kew-278940,A,Hypoxidaceae,,Hypoxis,,"acuminata",,"","Baker",Accepted,,H,WCSP,278940,65338-1,"J. Bot.","27: 3","","1889"
kew-278945,A,Hypoxidaceae,,Hypoxis,,"andrewsii",,"","Baker",Unresolved,,L,WCSP,278945,65342-1,"J. Linn. Soc., Bot.","17: 104","","1878"
kew-278947,A,Hypoxidaceae,,Hypoxis,,"angustifolia",,"","Lam.",Accepted,,H,WCSP,278947,65344-1,"Encycl.","3: 182","","1789"
kew-310212,A,Hypoxidaceae,,Hypoxis,,"angustifolia",var.,"buchananii","Baker",Accepted,,L,WCSP,310212,,"J. Linn. Soc., Bot.","17: 111","","1878"
kew-278948,A,Hypoxidaceae,,Hypoxis,,"angustifolia",var.,"luzuloides","(Robyns & Tournay) Wiland",Accepted,,L,WCSP,278948,20005500-1,"Novon","12: 148","","2002"
kew-278954,A,Hypoxidaceae,,Hypoxis,,"argentea",,"","Harv. ex Baker",Accepted,,H,WCSP,278954,65349-1,"J. Linn. Soc., Bot.","17: 110","","1878"
kew-310213,A,Hypoxidaceae,,Hypoxis,,"argentea",var.,"sericea","(Baker) Baker",Accepted,,L,WCSP,310213,,"Fl. Cap.","6: 182","","1896"
kew-278955,A,Hypoxidaceae,,Hypoxis,,"arillacea",,"","R.J.F.Hend.",Accepted,,H,WCSP,278955,932565-1,"in Fl. Australia","45: 487","","1987"
kew-278957,A,Hypoxidaceae,,Hypoxis,,"aurea",,"","Lour.",Accepted,,H,WCSP,278957,65352-1,"Fl. Cochinch.","200","","1790"
kew-278958,A,Hypoxidaceae,,Hypoxis,,"bampsiana",,"","Wiland",Accepted,,H,WCSP,278958,1006706-1,"Bull. Jard. Bot. Natl. Belg.","66: 207","","1997"
kew-278962,A,Hypoxidaceae,,Hypoxis,,"beyrichii",,"","Nel",Unresolved,,L,WCSP,278962,65356-1,"Bot. Jahrb. Syst.","51: 318","","1914"
kew-278972,A,Hypoxidaceae,,Hypoxis,,"camerooniana",,"","Baker",Accepted,,H,WCSP,278972,65365-1,"Fl. Trop. Afr.","7: 577","","1898"
kew-278974,A,Hypoxidaceae,,Hypoxis,,"canaliculata",,"","Baker",Accepted,,H,WCSP,278974,65367-1,"Trans. Linn. Soc. London, Bot.","1: 265","","1878"
kew-278980,A,Hypoxidaceae,,Hypoxis,,"catamarcensis",,"","Brackett",Accepted,,H,WCSP,278980,126626-2,"Rhodora","25: 146","","1923"
kew-278981,A,Hypoxidaceae,,Hypoxis,,"colchicifolia",,"","Baker",Accepted,,H,WCSP,278981,,"Gard. Chron.","n.s., 22: 649","","1884"
kew-463304,A,Hypoxidaceae,,Hypoxis,,"colliculata",,"","Sánchez-Ken",Accepted,,H,WCSP,463304,77107512-1,"Acta Bot. Mex.","92: 2","","2010"
kew-278983,A,Hypoxidaceae,,Hypoxis,,"costata",,"","Baker",Accepted,,H,WCSP,278983,65376-1,"J. Linn. Soc., Bot.","17: 119","","1878"
kew-278987,A,Hypoxidaceae,,Hypoxis,,"cuanzensis",,"","Welw. ex Baker",Accepted,,H,WCSP,278987,65380-1,"Trans. Linn. Soc. London, Bot.","1: 265","","1878"
kew-278989,A,Hypoxidaceae,,Hypoxis,,"curtissii",,"","Rose",Accepted,,H,WCSP,278989,126627-2,"Fl. S.E. U.S.","287","","1903"
kew-278993,A,Hypoxidaceae,,Hypoxis,,"decumbens",,"","L.",Accepted,,H,WCSP,278993,65385-1,"Syst. Nat. ed. 10","2: 986","","1759"
kew-278998,A,Hypoxidaceae,,Hypoxis,,"demissa",,"","Nel",Accepted,,H,WCSP,278998,65387-1,"Bot. Jahrb. Syst.","51: 328","","1914"
kew-279000,A,Hypoxidaceae,,Hypoxis,,"dinteri",,"","Nel",Accepted,,H,WCSP,279000,65388-1,"Bot. Jahrb. Syst.","51: 302","","1914"
kew-279002,A,Hypoxidaceae,,Hypoxis,,"domingensis",,"","Urb.",Accepted,,H,WCSP,279002,126630-2,"Repert. Spec. Nov. Regni Veg.","20: 298","","1924"
kew-279006,A,Hypoxidaceae,,Hypoxis,,"eckloniana",,"","Schult. & Schult.f.",Unresolved,,L,WCSP,279006,65395-1,"Syst. Veg.","7: 1775","","1830"
tro-1201138,A,Hypoxidaceae,,Hypoxis,,"ecklonii",,"","Nel",Accepted,,M,TRO,1201138,,"","","",""
kew-279017,A,Hypoxidaceae,,Hypoxis,,"exaltata",,"","Nel",Accepted,,H,WCSP,279017,65404-1,"Bot. Jahrb. Syst.","51: 331","","1914"
kew-279018,A,Hypoxidaceae,,Hypoxis,,"exilis",,"","R.J.F.Hend.",Accepted,,H,WCSP,279018,932566-1,"in Fl. Australia","45: 487","","1987"
kew-279024,A,Hypoxidaceae,,Hypoxis,,"filiformis",,"","Baker",Accepted,,H,WCSP,279024,65411-1,"J. Linn. Soc., Bot.","17: 109","","1878"
kew-279025,A,Hypoxidaceae,,Hypoxis,,"fischeri",,"","Pax",Accepted,,H,WCSP,279025,65412-1,"Bot. Jahrb. Syst.","15: 143","","1892"
kew-347134,A,Hypoxidaceae,,Hypoxis,,"fischeri",var.,"colliculata","(Wiland) Wiland & Nordal",Accepted,,L,WCSP,347134,77075601-1,"in Fl. Trop. E. Afr.","Hypoxidac.: 13","","2006"
kew-347135,A,Hypoxidaceae,,Hypoxis,,"fischeri",var.,"hockii","(De Wild.) Wiland & Nordal",Accepted,,L,WCSP,347135,77075603-1,"in Fl. Trop. E. Afr.","Hypoxidac.: 14","","2006"
kew-347136,A,Hypoxidaceae,,Hypoxis,,"fischeri",var.,"katangensis","(Nel) Wiland & Nordal",Accepted,,L,WCSP,347136,77075602-1,"in Fl. Trop. E. Afr.","Hypoxidac.: 14","","2006"
kew-347137,A,Hypoxidaceae,,Hypoxis,,"fischeri",var.,"zernyi","(G.M.Schulze) Wiland & Nordal",Accepted,,L,WCSP,347137,77075618-1,"in Fl. Trop. E. Afr.","Hypoxidac.: 14","","2006"
kew-279027,A,Hypoxidaceae,,Hypoxis,,"flanaganii",,"","Baker",Accepted,,H,WCSP,279027,65413-1,"Fl. Cap.","6: 179","","1896"
kew-279028,A,Hypoxidaceae,,Hypoxis,,"floccosa",,"","Baker",Accepted,,H,WCSP,279028,65416-1,"Bull. Misc. Inform. Kew","1894: 357","","1894"
kew-279030,A,Hypoxidaceae,,Hypoxis,,"galpinii",,"","Baker",Accepted,,H,WCSP,279030,65418-1,"Fl. Cap.","6: 188","","1896"
kew-279031,A,Hypoxidaceae,,Hypoxis,,"gardneri",,"","R.J.F.Hend.",Accepted,,H,WCSP,279031,932567-1,"in Fl. Australia","45: 487","","1987"
kew-279033,A,Hypoxidaceae,,Hypoxis,,"gerrardii",,"","Baker",Accepted,,H,WCSP,279033,65421-1,"J. Linn. Soc., Bot.","17: 110","","1878"
kew-279035,A,Hypoxidaceae,,Hypoxis,,"glabella",,"","R.Br.",Accepted,,H,WCSP,279035,65423-1,"Prodr. Fl. Nov. Holl.","289","","1810"
kew-279036,A,Hypoxidaceae,,Hypoxis,,"glabella",var.,"leptantha","(Benth.) R.J.F.Hend.",Accepted,,L,WCSP,279036,953656-1,"in Fl. Australia","45: 488","","1987"
kew-279039,A,Hypoxidaceae,,Hypoxis,,"goetzei",,"","Harms",Accepted,,H,WCSP,279039,65424-1,"Bot. Jahrb. Syst.","30: 276","","1901"
kew-279043,A,Hypoxidaceae,,Hypoxis,,"graminea",,"","Willd. ex Schult. & Schult.f.",Unresolved,,L,WCSP,279043,65427-1,"Syst. Veg.","7: 768","","1830"
kew-279045,A,Hypoxidaceae,,Hypoxis,,"gregoriana",,"","Rendle",Accepted,,H,WCSP,279045,65430-1,"J. Linn. Soc., Bot.","30: 408","","1895"
kew-279046,A,Hypoxidaceae,,Hypoxis,,"hemerocallidea",,"","Fisch., C.A.Mey. & Avé-Lall.",Accepted,,H,WCSP,279046,65431-1,"Index Seminum (LE)","8: 64","","1842"
tro-1201147,A,Hypoxidaceae,,Hypoxis,,"hemerocallidea",,"","Fisch. & C.A. Mey.",Unresolved,,L,TRO,1201147,,"","","",""
kew-279047,A,Hypoxidaceae,,Hypoxis,,"hirsuta",,"","(L.) Coville",Accepted,,H,WCSP,279047,126636-2,"Mem. Torrey Bot. Club","5: 118","","1894"
kew-279055,A,Hypoxidaceae,,Hypoxis,,"humilis",,"","Kunth",Accepted,,H,WCSP,279055,65434-1,"Nov. Gen. Sp.","1: 286","","1816"
kew-279056,A,Hypoxidaceae,,Hypoxis,,"hygrometrica",,"","Labill.",Accepted,,H,WCSP,279056,65436-1,"Nov. Holl. Pl.","1: 18","","1805"
kew-279064,A,Hypoxidaceae,,Hypoxis,,"interjecta",,"","Nel",Accepted,,H,WCSP,279064,65440-1,"Bot. Jahrb. Syst.","51: 321","","1914"
kew-279066,A,Hypoxidaceae,,Hypoxis,,"jacquinii",,"","Baker",Unresolved,,L,WCSP,279066,65442-1,"Gard. Chron.","n.s., 1877(2): 552","","1877"
kew-279067,A,Hypoxidaceae,,Hypoxis,,"juncea",,"","Sm.",Accepted,,H,WCSP,279067,65444-1,"Spic. Bot.","15","","1792"
kew-279071,A,Hypoxidaceae,,Hypoxis,,"kilimanjarica",,"","Baker",Accepted,,H,WCSP,279071,65447-1,"Fl. Trop. Afr.","7: 378","","1898"
kew-279073,A,Hypoxidaceae,,Hypoxis,,"kraussiana",,"","Buchinger ex C.Krauss",Accepted,,H,WCSP,279073,65448-1,"Flora","28: 311","","1845"
tro-1201153,A,Hypoxidaceae,,Hypoxis,,"kraussiana",,"","Buchinger",Unresolved,,L,TRO,1201153,,"","","",""
kew-279078,A,Hypoxidaceae,,Hypoxis,,"lata",,"","Nel",Accepted,,H,WCSP,279078,65453-1,"Bot. Jahrb. Syst.","51: 324","","1914"
tro-100378382,A,Hypoxidaceae,,Hypoxis,,"laxa",,"","Eckl.",Unresolved,,L,TRO,100378382,65456-1,"Topogr. Verz. Pflanzensamml. Ecklon","9:","","1827"
kew-279082,A,Hypoxidaceae,,Hypoxis,,"lejolyana",,"","Wiland",Accepted,,H,WCSP,279082,1000166-1,"Fragm. Florist. Geobot.","42: 418","","1997"
kew-279086,A,Hypoxidaceae,,Hypoxis,,"leucotricha",,"","Fritsch",Accepted,,H,WCSP,279086,65461-1,"Bull. Herb. Boissier","II, 1: 1109","","1901"
kew-279087,A,Hypoxidaceae,,Hypoxis,,"limicola",,"","B.L.Burtt",Accepted,,H,WCSP,279087,936715-1,"Notes Roy. Bot. Gard. Edinburgh","45: 188","","1988 publ. 1989"
kew-279089,A,Hypoxidaceae,,Hypoxis,,"longifolia",,"","Baker",Accepted,,H,WCSP,279089,65464-1,"Bot. Mag.","99: t. 6035","","1873"
kew-279091,A,Hypoxidaceae,,Hypoxis,,"longipes",,"","Baker",Unresolved,,L,WCSP,279091,65467-1,"Vierteljahrsschr. Naturf. Ges. Zürich","49: 176","","1905"
kew-279092,A,Hypoxidaceae,,Hypoxis,,"lucens",,"","McVaugh",Accepted,,H,WCSP,279092,317239-2,"in Fl. Novo-Galiciana","15: 225","","1989"
kew-279093,A,Hypoxidaceae,,Hypoxis,,"ludwigii",,"","Baker",Accepted,,H,WCSP,279093,65468-1,"J. Bot.","14: 181","","1876"
kew-279094,A,Hypoxidaceae,,Hypoxis,,"lusalensis",,"","Wiland",Accepted,,H,WCSP,279094,1000168-1,"Fragm. Florist. Geobot.","42: 421","","1997"
kew-279098,A,Hypoxidaceae,,Hypoxis,,"malaissei",,"","Wiland",Accepted,,H,WCSP,279098,1000167-1,"Fragm. Florist. Geobot.","42: 418","","1997"
kew-279100,A,Hypoxidaceae,,Hypoxis,,"marginata",,"","R.Br.",Accepted,,H,WCSP,279100,65473-1,"Prodr. Fl. Nov. Holl.","289","","1810"
kew-279103,A,Hypoxidaceae,,Hypoxis,,"membranacea",,"","Baker",Accepted,,H,WCSP,279103,65476-1,"J. Linn. Soc., Bot.","17: 106","","1878"
kew-279104,A,Hypoxidaceae,,Hypoxis,,"mexicana",,"","Schult. & Schult.f.",Accepted,,H,WCSP,279104,126643-2,"Syst. Veg.","7: 761","","1830"
kew-279112,A,Hypoxidaceae,,Hypoxis,,"mollis",,"","Baker",Unresolved,,L,WCSP,279112,65486-1,"Vierteljahrsschr. Naturf. Ges. Zürich","49: 177","","1905"
kew-279113,A,Hypoxidaceae,,Hypoxis,,"monanthos",,"","Baker",Accepted,,H,WCSP,279113,65487-1,"Trans. Linn. Soc. London, Bot.","1: 266","","1878"
kew-311719,A,Hypoxidaceae,,Hypoxis,,"muhilensis",,"","Wiland",Accepted,,H,WCSP,311719,,"Fragm. Florist. Geobot.","42: 412","","1997"
kew-279117,A,Hypoxidaceae,,Hypoxis,,"multiceps",,"","Buchinger ex Baker",Accepted,,H,WCSP,279117,,"J. Linn. Soc., Bot.","17: 117","","1878"
tro-1201158,A,Hypoxidaceae,,Hypoxis,,"multiceps",,"","Buchinger",Unresolved,,L,TRO,1201158,,"","","",""
kew-279120,A,Hypoxidaceae,,Hypoxis,,"natalensis",,"","Klotzsch",Unresolved,,L,WCSP,279120,65493-1,"Allg. Gartenzeitung","24: 164","","1856"
kew-279122,A,Hypoxidaceae,,Hypoxis,,"neliana",,"","Schinz",Accepted,,H,WCSP,279122,65495-1,"Vierteljahrsschr. Naturf. Ges. Zürich","71: 136","","1926"
kew-279125,A,Hypoxidaceae,,Hypoxis,,"nervosa",,"","R.J.F.Hend.",Accepted,,H,WCSP,279125,932568-1,"in Fl. Australia","45: 489","","1987"
kew-279126,A,Hypoxidaceae,,Hypoxis,,"nigricans",,"","Conrath",Unresolved,,L,WCSP,279126,65496-1,"Vierteljahrsschr. Naturf. Ges. Zürich","49: 177","","1905"
kew-347138,A,Hypoxidaceae,,Hypoxis,,"nivea",,"","Y.Singh",Accepted,,H,WCSP,347138,77085087-1,"Fl. Pl. Africa","60: 36","","2007"
kew-279128,A,Hypoxidaceae,,Hypoxis,,"nyasica",,"","Baker",Accepted,,H,WCSP,279128,65498-1,"Bull. Misc. Inform. Kew","1897: 284","","1897"
kew-279133,A,Hypoxidaceae,,Hypoxis,,"oblonga",,"","Nel",Accepted,,H,WCSP,279133,65503-1,"Bot. Jahrb. Syst.","51: 332","","1914"
kew-279134,A,Hypoxidaceae,,Hypoxis,,"obtusa",,"","Burch. ex Ker Gawl.",Accepted,,H,WCSP,279134,,"Bot. Reg.","2: t. 159","","1816"
kew-279135,A,Hypoxidaceae,,Hypoxis,,"occidentalis",,"","Benth.",Accepted,,H,WCSP,279135,65505-1,"Fl. Austral.","6: 451","","1873"
kew-279136,A,Hypoxidaceae,,Hypoxis,,"occidentalis",var.,"quadriloba","(F.Muell.) R.J.F.Hend.",Accepted,,L,WCSP,279136,953657-1,"in Fl. Australia","45: 489","","1987"
kew-279137,A,Hypoxidaceae,,Hypoxis,,"oligophylla",,"","Baker",Accepted,,H,WCSP,279137,65506-1,"Bull. Misc. Inform. Kew","1897: 284","","1897"
kew-279144,A,Hypoxidaceae,,Hypoxis,,"parvifolia",,"","Baker",Accepted,,H,WCSP,279144,65514-1,"Fl. Cap.","6: 183","","1896"
kew-279145,A,Hypoxidaceae,,Hypoxis,,"parvula",,"","Baker",Accepted,,H,WCSP,279145,65515-1,"J. Linn. Soc., Bot.","17: 113","","1878"
kew-279157,A,Hypoxidaceae,,Hypoxis,,"polystachya",,"","Welw. ex Baker",Accepted,,H,WCSP,279157,65526-1,"Trans. Linn. Soc. London, Bot.","1: 266","","1878"
kew-279158,A,Hypoxidaceae,,Hypoxis,,"potosina",,"","Brackett",Accepted,,H,WCSP,279158,126645-2,"Rhodora","25: 139","","1923"
kew-279159,A,Hypoxidaceae,,Hypoxis,,"pratensis",,"","R.Br.",Accepted,,H,WCSP,279159,65528-1,"Prodr. Fl. Nov. Holl.","289","","1810"
kew-279162,A,Hypoxidaceae,,Hypoxis,,"protrusa",,"","Nel",Accepted,,H,WCSP,279162,,"Bot. Jahrb. Syst.","51: 336","","1914"
kew-279163,A,Hypoxidaceae,,Hypoxis,,"pulchella",,"","G.L.Nesom",Accepted,,H,WCSP,279163,976422-1,"Phytologia","75: 377","","1993 publ. 1994"
kew-279166,A,Hypoxidaceae,,Hypoxis,,"pusilla",,"","C.Presl",Unresolved,,L,WCSP,279166,65533-1,"Abh. Königl. Böhm. Ges. Wiss.","IV, 3: 546","","1845"
kew-279170,A,Hypoxidaceae,,Hypoxis,,"ramosa",,"","Lodd.",Unresolved,,L,WCSP,279170,,"Bot. Cab.","20: t. 1936","","1833"
tro-1201397,A,Hypoxidaceae,,Hypoxis,,"recurva",,"","Nelmes",Accepted,,M,TRO,1201397,,"","","",""
kew-279173,A,Hypoxidaceae,,Hypoxis,,"rigida",,"","Chapm.",Accepted,,H,WCSP,279173,309011-2,"Fl. South. U.S.","ed. 2(Suppl.2): 696","","1892"
kew-279174,A,Hypoxidaceae,,Hypoxis,,"rigidula",,"","Baker",Accepted,,H,WCSP,279174,65541-1,"J. Linn. Soc., Bot.","17: 116","","1878"
kew-310216,A,Hypoxidaceae,,Hypoxis,,"rigidula",var.,"pilosissima","Baker",Accepted,,L,WCSP,310216,,"J. Linn. Soc., Bot.","17: 117","","1878"
kew-279175,A,Hypoxidaceae,,Hypoxis,,"robusta",,"","Nel",Accepted,,H,WCSP,279175,65542-1,"Bot. Jahrb. Syst.","51: 313","","1914"
kew-279180,A,Hypoxidaceae,,Hypoxis,,"sagittata",,"","Nel",Accepted,,H,WCSP,279180,65548-1,"Bot. Jahrb. Syst.","51: 323","","1914"
kew-373008,A,Hypoxidaceae,,Hypoxis,,"salina",,"","M.Lyons & Keighery",Accepted,,H,WCSP,373008,,"Nuytsia","16: 318","","2007"
kew-279181,A,Hypoxidaceae,,Hypoxis,,"scabra",,"","C.Presl",Unresolved,,L,WCSP,279181,65550-1,"Abh. Königl. Böhm. Ges. Wiss.","IV, 3: 546","","1845"
kew-279183,A,Hypoxidaceae,,Hypoxis,,"schimperi",,"","Baker",Accepted,,H,WCSP,279183,65551-1,"J. Linn. Soc., Bot.","17: 110","","1878"
kew-279191,A,Hypoxidaceae,,Hypoxis,,"sessilis",,"","L.",Accepted,,H,WCSP,279191,65560-1,"Sp. Pl. ed. 2","439","","1762"
kew-279192,A,Hypoxidaceae,,Hypoxis,,"setosa",,"","Baker",Accepted,,H,WCSP,279192,65561-1,"J. Linn. Soc., Bot.","17: 113","","1878"
kew-279194,A,Hypoxidaceae,,Hypoxis,,"sobolifera",,"","Jacq.",Accepted,,H,WCSP,279194,,"Collectanea","Suppl.: 53","","1797"
kew-279198,A,Hypoxidaceae,,Hypoxis,,"stellipilis",,"","Ker Gawl.",Accepted,,H,WCSP,279198,65567-1,"Bot. Reg.","8: t. 663","","1822"
kew-279199,A,Hypoxidaceae,,Hypoxis,,"stenophylla",,"","Dinter",Unresolved,,L,WCSP,279199,65568-1,"Repert. Spec. Nov. Regni Veg. Beih.","53: 123","","1928"
kew-279202,A,Hypoxidaceae,,Hypoxis,,"subtrigyna",,"","Willd. ex Schult. & Schult.f.",Unresolved,,L,WCSP,279202,65572-1,"Syst. Veg.","7: 779","","1830"
kew-279203,A,Hypoxidaceae,,Hypoxis,,"suffruticosa",,"","Nel",Accepted,,H,WCSP,279203,65573-1,"Bot. Jahrb. Syst.","51: 335","","1914"
kew-279204,A,Hypoxidaceae,,Hypoxis,,"symoensiana",,"","Wiland",Accepted,,H,WCSP,279204,1000169-1,"Fragm. Florist. Geobot.","42: 421","","1997"
kew-279206,A,Hypoxidaceae,,Hypoxis,,"tepicensis",,"","Brackett",Accepted,,H,WCSP,279206,126649-2,"Rhodora","25: 134","","1923"
kew-279207,A,Hypoxidaceae,,Hypoxis,,"tetramera",,"","Hilliard & B.L.Burtt",Accepted,,H,WCSP,279207,902234-1,"Notes Roy. Bot. Gard. Edinburgh","41: 299","","1983"
kew-279220,A,Hypoxidaceae,,Hypoxis,,"uniflorata",,"","Markötter",Accepted,,H,WCSP,279220,65588-1,"Ann. Univ. Stellenbosch, Reeks A, Wis-Natuurk.","8(1): 15","","1930"
tro-1201175,A,Hypoxidaceae,,Hypoxis,,"uniflorata",,"","Mark",Unresolved,,L,TRO,1201175,,"","","",""
kew-279221,A,Hypoxidaceae,,Hypoxis,,"upembensis",,"","Wiland",Accepted,,H,WCSP,279221,1000165-1,"Fragm. Florist. Geobot.","42: 414","","1997"
kew-279222,A,Hypoxidaceae,,Hypoxis,,"urceolata",,"","Nel",Accepted,,H,WCSP,279222,65589-1,"Bot. Jahrb. Syst.","51: 336","","1914"
kew-279223,A,Hypoxidaceae,,Hypoxis,,"vaginata",,"","Schltdl.",Accepted,,H,WCSP,279223,65590-1,"Linnaea","20: 568","","1847"
kew-279228,A,Hypoxidaceae,,Hypoxis,,"villosa",,"","L.f.",Accepted,,H,WCSP,279228,65594-1,"Suppl. Pl.","198","","1782"
kew-279232,A,Hypoxidaceae,,Hypoxis,,"wrightii",,"","(Baker) Brackett",Accepted,,H,WCSP,279232,126650-2,"Rhodora","25: 140","","1923"
kew-279234,A,Hypoxidaceae,,Hypoxis,,"zeyheri",,"","Baker",Accepted,,H,WCSP,279234,65600-1,"J. Linn. Soc., Bot.","17: 112","","1878"
tro-1201184,A,Hypoxidaceae,,Hypoxis,,"zululandensis",,"","S. E. Wood",Accepted,,M,TRO,1201184,,"","","",""
kew-281208,A,Hypoxidaceae,,Molineria,,"capitulata",,"","(Lour.) Herb.",Accepted,,H,WCSP,281208,65850-1,"Amaryllidaceae","84","","1837"
kew-281380,A,Hypoxidaceae,,Molineria,,"crassifolia",,"","Baker",Accepted,,H,WCSP,281380,65851-1,"J. Linn. Soc., Bot.","17: 121","","1878"
kew-281383,A,Hypoxidaceae,,Molineria,,"gracilis",,"","Kurz",Accepted,,H,WCSP,281383,65853-1,"Ann. Mus. Bot. Lugduno-Batavi","4: 177","","1869"
kew-281372,A,Hypoxidaceae,,Molineria,,"latifolia",,"","(Dryand. ex W.T.Aiton) Herb. ex Kurz",Accepted,,H,WCSP,281372,50998920-1,"Bot. Zeitung (Berlin)","23: 204","","1865"
kew-281518,A,Hypoxidaceae,,Molineria,,"latifolia",var.,"megacarpa","(Ridl.) I.M.Turner",Accepted,,L,WCSP,281518,989679-1,"Novon","6: 222","","1996"
kew-281369,A,Hypoxidaceae,,Molineria,,"oligantha",,"","C.E.C.Fisch.",Accepted,,H,WCSP,281369,65858-1,"Bull. Misc. Inform. Kew","1932: 349","","1932"
kew-281763,A,Hypoxidaceae,,Molineria,,"prainiana",,"","Deb",Accepted,,H,WCSP,281763,434193-1,"Bull. Bot. Surv. India","6: 77","","1965"
kew-281761,A,Hypoxidaceae,,Molineria,,"trichocarpa",,"","(Wight) N.P.Balakr.",Accepted,,H,WCSP,281761,434194-1,"J. Bombay Nat. Hist. Soc.","63: 330","","1967"
kew-284098,A,Hypoxidaceae,,Pauridia,,"longituba",,"","M.F.Thomps.",Accepted,,H,WCSP,284098,434195-1,"J. S. African Bot.","38: 163","","1972"
tro-14900016,A,Hypoxidaceae,,Pauridia,,"longituba",,"","M. F. Thompson",Unresolved,,L,TRO,14900016,,"","","",""
kew-286031,A,Hypoxidaceae,,Pauridia,,"minuta",,"","(L.f.) T.Durand & Schinz",Accepted,,H,WCSP,286031,66537-1,"Consp. Fl. Afric.","5: 142","","1894"
kew-286908,A,Hypoxidaceae,,Rhodohypoxis,,"baurii",,"","(Baker) Nel",Accepted,,H,WCSP,286908,66706-1,"Bot. Jahrb. Syst.","51: 300","","1914"
kew-310217,A,Hypoxidaceae,,Rhodohypoxis,,"baurii",var.,"platypetala","(Baker) Nel",Accepted,,L,WCSP,310217,,"Bot. Jahrb. Syst.","51: 300","","1914"
kew-286921,A,Hypoxidaceae,,Rhodohypoxis,,"deflexa",,"","Hilliard & B.L.Burtt",Accepted,,H,WCSP,286921,434196-1,"Notes Roy. Bot. Gard. Edinburgh","34: 73","","1975"
kew-286941,A,Hypoxidaceae,,Rhodohypoxis,,"incompta",,"","Hilliard & B.L.Burtt",Accepted,,H,WCSP,286941,66707-1,"Notes Roy. Bot. Gard. Edinburgh","36: 65","","1978"
kew-286920,A,Hypoxidaceae,,Rhodohypoxis,,"milloides",,"","(Baker) Hilliard & B.L.Burtt",Accepted,,H,WCSP,286920,434197-1,"Notes Roy. Bot. Gard. Edinburgh","34: 74","","1975"
kew-286940,A,Hypoxidaceae,,Rhodohypoxis,,"rubella",,"","(Baker) Nel",Accepted,,H,WCSP,286940,66708-1,"Bot. Jahrb. Syst.","51: 300","","1914"
kew-286925,A,Hypoxidaceae,,Rhodohypoxis,,"thodiana",,"","(Nel) Hilliard & B.L.Burtt",Accepted,,H,WCSP,286925,434199-1,"Notes Roy. Bot. Gard. Edinburgh","34: 75","","1975"
kew-373920,A,Hypoxidaceae,×,Rhodoxis,,"hybrida",,"","B.Mathew",Accepted,,H,WCSP,373920,77093833-1,"Quart. Bull. Alpine Gard. Soc. Gr. Brit.","66: 441","","1998"
kew-287766,A,Hypoxidaceae,,Saniella,,"occidentalis",,"","(Nel) B.L.Burtt",Accepted,,H,WCSP,287766,1012806-1,"Edinburgh J. Bot.","57: 69","","2000"
kew-287472,A,Hypoxidaceae,,Saniella,,"verna",,"","Hilliard & B.L.Burtt",Accepted,,H,WCSP,287472,66758-1,"Notes Roy. Bot. Gard. Edinburgh","36: 71","","1978"
kew-324963,A,Hypoxidaceae,,Schinnongia,,"ciliata",,"","Schrank",Unresolved,,L,WCSP,324963,440894-1,"Denkschr. Königl.-Baier. Bot. Ges. Regensburg","2: 223","","1822"
kew-287342,A,Hypoxidaceae,,Spiloxene,,"acida",,"","(Nel) Garside",Accepted,,H,WCSP,287342,66788-1,"J. Bot.","74: 268","","1936"
kew-287353,A,Hypoxidaceae,,Spiloxene,,"aemulans",,"","(Nel) Garside",Accepted,,H,WCSP,287353,66789-1,"J. Bot.","74: 269","","1936"
kew-287354,A,Hypoxidaceae,,Spiloxene,,"alba",,"","(Thunb.) Fourc.",Accepted,,H,WCSP,287354,66790-1,"Trans. Roy. Soc. South Africa","21: 76","","1932"
kew-287355,A,Hypoxidaceae,,Spiloxene,,"aquatica",,"","(L.f.) Fourc.",Accepted,,H,WCSP,287355,66791-1,"Trans. Roy. Soc. South Africa","21: 76","","1932"
kew-287356,A,Hypoxidaceae,,Spiloxene,,"canaliculata",,"","Garside",Accepted,,H,WCSP,287356,66792-1,"J. S. African Bot.","8: 249","","1942"
kew-287357,A,Hypoxidaceae,,Spiloxene,,"capensis",,"","(L.) Garside",Accepted,,H,WCSP,287357,66793-1,"J. Bot.","74: 269","","1936"
kew-287358,A,Hypoxidaceae,,Spiloxene,,"curculigoides",,"","(Bolus) Garside",Accepted,,H,WCSP,287358,66794-1,"J. Bot.","74: 269","","1936"
kew-287371,A,Hypoxidaceae,,Spiloxene,,"dielsiana",,"","(Nel) Garside",Accepted,,H,WCSP,287371,66797-1,"J. Bot.","74: 268","","1936"
kew-287399,A,Hypoxidaceae,,Spiloxene,,"flaccida",,"","(Nel) Garside",Accepted,,H,WCSP,287399,66798-1,"J. Bot.","74: 269","","1936"
kew-287403,A,Hypoxidaceae,,Spiloxene,,"minuta",,"","(L.) Fourc.",Accepted,,H,WCSP,287403,66802-1,"Trans. Roy. Soc. South Africa","21: 76","","1932"
kew-287404,A,Hypoxidaceae,,Spiloxene,,"monophylla",,"","(Schltr. ex Baker) Garside",Accepted,,H,WCSP,287404,66803-1,"J. Bot.","74: 269","","1936"
kew-348545,A,Hypoxidaceae,,Spiloxene,,"nana",,"","Snijman",Accepted,,H,WCSP,348545,77079433-1,"Bothalia","36: 133","","2006"
kew-287405,A,Hypoxidaceae,,Spiloxene,,"ovata",,"","(L.f.) Garside",Accepted,,H,WCSP,287405,66804-1,"J. Bot.","74: 268","","1936"
kew-348546,A,Hypoxidaceae,,Spiloxene,,"pusilla",,"","Snijman",Accepted,,H,WCSP,348546,77079415-1,"Bothalia","36: 135","","2006"
kew-287407,A,Hypoxidaceae,,Spiloxene,,"schlechteri",,"","(Bolus) Garside",Accepted,,H,WCSP,287407,66806-1,"J. Bot.","74: 269","","1936"
kew-287398,A,Hypoxidaceae,,Spiloxene,,"scullyi",,"","(Baker) Garside",Accepted,,H,WCSP,287398,66807-1,"J. Bot.","74: 268","","1936"
kew-287409,A,Hypoxidaceae,,Spiloxene,,"serrata",,"","(Thunb.) Garside",Accepted,,H,WCSP,287409,66808-1,"J. Bot.","74: 268","","1936"
kew-310222,A,Hypoxidaceae,,Spiloxene,,"serrata",var.,"albiflora","(Nel) Garside",Accepted,,L,WCSP,310222,,"J. Bot.","74: 268","","1936"
kew-287411,A,Hypoxidaceae,,Spiloxene,,"trifurcillata",,"","(Nel) Fourc.",Accepted,,H,WCSP,287411,66810-1,"Trans. Roy. Soc. South Africa","21: 76","","1932"
kew-287412,A,Hypoxidaceae,,Spiloxene,,"umbraticola",,"","(Schltr.) Garside",Accepted,,H,WCSP,287412,66811-1,"J. Bot.","74: 269","","1936"
