﻿ID,Major group,Family,Genus hybrid marker,Genus,Species hybrid marker,Species,Infraspecific rank,Infraspecific epithet,Authorship,Taxonomic status in TPL,Nomenclatural status from original data source,Confidence level,Source,Source id,IPNI id,Publication,Collation,Page,Date
tro-35215976,A,Icacinaceae,,Adelanthus,,"aureocinctus",,"","(R.M. Schust.) R.M. Schust.",Accepted,,M,TRO,35215976,,"Nova Hedwigia Beih.","119: 178","178","2002"
tro-35211416,A,Icacinaceae,,Adelanthus,,"aureomarginatus",,"","R.M. Schust.",Accepted,,M,TRO,35211416,,"Phytologia","39: 250","250","1978"
tro-35202041,A,Icacinaceae,,Adelanthus,,"bisetulus",,"","(Stephani) Grolle",Accepted,,M,TRO,35202041,,"J. Hattori Bot. Lab.","35: 359","359","1972"
tro-35190692,A,Icacinaceae,,Adelanthus,,"brecknockiensis",,"","C. Massal.",Unresolved,,L,TRO,35190692,,"Nuovo Giorn. Bot. Ital.","17: 213","213","1885"
tro-35190693,A,Icacinaceae,,Adelanthus,,"brevicaulis",,"","Stephani",Unresolved,,L,TRO,35190693,,"Sp. Hepat.","3: 380","380","1908"
tro-35214967,A,Icacinaceae,,Adelanthus,,"carabayensis",,"","(Mont.) Grolle",Accepted,,M,TRO,35214967,,"J. Hattori Bot. Lab.","35: 348","348","1972"
tro-35210949,A,Icacinaceae,,Adelanthus,,"corticolus",,"","S. Winkl.",Accepted,,M,TRO,35210949,,"Rev. Bryol. Lichénol.","42: 805. f. 4: a–c","805","1976"
tro-35190633,A,Icacinaceae,,Adelanthus,,"crossii",,"","Spruce",Accepted,,M,TRO,35190633,,"Trans. & Proc. Bot. Soc. Edinburgh","15: 404","404","1885"
tro-35190696,A,Icacinaceae,,Adelanthus,,"cubanus",,"","Stephani",Unresolved,,L,TRO,35190696,,"Sp. Hepat.","3: 381","381","1908"
tro-35187105,A,Icacinaceae,,Adelanthus,,"decipiens",,"","(Hook.) Mitt.",Accepted,,M,TRO,35187105,,"J. Proc. Linn. Soc., Bot.","7: 244","244","1864"
tro-35190697,A,Icacinaceae,,Adelanthus,,"decurvus",,"","Mitt.",Unresolved,,L,TRO,35190697,,"J. Bot.","14: 216","216","1876"
tro-35190698,A,Icacinaceae,,Adelanthus,,"dugortiensis",,"","Douin & Lett",Unresolved,,L,TRO,35190698,,"Rev. Bryol.","31: 53","53","1904"
tro-35215980,A,Icacinaceae,,Adelanthus,,"gemmiparus",,"","(R.M. Schust.) E.A. Hodgs.",Accepted,,M,TRO,35215980,,"","","","1970"
tro-35190724,A,Icacinaceae,,Adelanthus,,"humilis",,"","Stephani",Unresolved,,L,TRO,35190724,,"Sp. Hepat.","6: 446","446","1924"
tro-35208376,A,Icacinaceae,,Adelanthus,,"integerrimus",,"","Grolle",Accepted,,M,TRO,35208376,,"J. Hattori Bot. Lab.","35: 340. f. 4","340","1972"
tro-16400198,A,Icacinaceae,,Adelanthus,,"lindbergianus",,"","Mitt.",Unresolved,,L,TRO,16400198,,"","","",""
tro-35187107,A,Icacinaceae,,Adelanthus,,"lindenbergianus",,"","(Lehm.) Mitt.",Accepted,,M,TRO,35187107,,"J. Proc. Linn. Soc., Bot.","7: 244","244","1864"
tro-35190726,A,Icacinaceae,,Adelanthus,,"magellanicus",,"","(Lindenb.) Mitt.",Accepted,,M,TRO,35190726,,"J. Proc. Linn. Soc., Bot.","7: 244","244","1864"
tro-35190727,A,Icacinaceae,,Adelanthus,,"parvus",,"","Herzog",Unresolved,,L,TRO,35190727,,"Rev. Bryol. Lichénol.","11: 8","8","1939"
tro-35190728,A,Icacinaceae,,Adelanthus,,"pilifer",,"","Horik.",Accepted,,M,TRO,35190728,,"J. Sci. Hiroshima Univ., Ser. B, Div. 2, Bot.","2: 183. f. 27","183","1934"
tro-35206481,A,Icacinaceae,,Adelanthus,,"pittieri",,"","(Stephani) Grolle",Accepted,,M,TRO,35206481,,"J. Hattori Bot. Lab.","35: 337","337","1972"
tro-35190732,A,Icacinaceae,,Adelanthus,,"rotundifolius",,"","Horik.",Accepted,,M,TRO,35190732,,"J. Sci. Hiroshima Univ., Ser. B, Div. 2, Bot.","2: 181. f. 26","181","1934"
kew-2621167,A,Icacinaceae,,Adelanthus,,"scandens",,"","Endl. ex Baill.",Unresolved,,L,WCSP (in review),753529,607567-1,"Prodr.","17: 18","","1873"
tro-35190733,A,Icacinaceae,,Adelanthus,,"sphalerus",,"","(Hook. & Taylor) Stephani",Accepted,,M,TRO,35190733,,"Sp. Hepat.","3: 383","383","1908"
tro-35206809,A,Icacinaceae,,Adelanthus,,"squarrosus",,"","Grolle",Accepted,,M,TRO,35206809,,"J. Hattori Bot. Lab.","67: 243. f. 1","243","1989"
tro-35208377,A,Icacinaceae,,Adelanthus,,"tenuis",,"","J.J. Engel & Grolle",Accepted,,M,TRO,35208377,,"J. Hattori Bot. Lab.","35: 333. f. 1–2","333","1972"
tro-35190734,A,Icacinaceae,,Adelanthus,,"trollii",,"","Herzog",Unresolved,,L,TRO,35190734,,"Hedwigia","74: 91","91","1934"
tro-35190735,A,Icacinaceae,,Adelanthus,,"unciformis",,"","(Hook. & Taylor) Spruce",Accepted,,M,TRO,35190735,,"J. Bot.","17: 217","217","1876"
kew-2630928,A,Icacinaceae,,Alsodeiopsis,,"chippii",,"","Hutch.",Accepted,,M,WCSP (in review),763086,434201-1,"Bull. Misc. Inform. Kew","1912: 224","","1912"
kew-2630929,A,Icacinaceae,,Alsodeiopsis,,"chippii",subsp.,"rubra","(Engl.) Govaerts",Accepted,,L,WCSP (in review),763087,982677-1,"World Checklist Seed Pl.","1(1): 6","","1994"
kew-2630930,A,Icacinaceae,,Alsodeiopsis,,"chippii",subsp.,"villosa","(Keay) Govaerts",Accepted,,L,WCSP (in review),763088,982678-1,"World Checklist Seed Pl.","1(1): 6","","1994"
kew-2630933,A,Icacinaceae,,Alsodeiopsis,,"laurentii",,"","De Wild.",Unresolved,,L,WCSP (in review),763091,434203-1,"Bull. Jard. Bot. État","3: 268","","1911"
kew-2630934,A,Icacinaceae,,Alsodeiopsis,,"mannii",,"","Oliv.",Accepted,,M,WCSP (in review),763092,607572-1,"J. Linn. Soc., Bot.","10: 43","","1869"
kew-2630937,A,Icacinaceae,,Alsodeiopsis,,"poggei",,"","Engl.",Accepted,,M,WCSP (in review),763095,607574-1,"Bot. Jahrb. Syst.","17: 71","","1893"
kew-2630939,A,Icacinaceae,,Alsodeiopsis,,"rowlandii",,"","Engl.",Accepted,,M,WCSP (in review),763097,607575-1,"Bot. Jahrb. Syst.","24: 479","","1898"
kew-2630941,A,Icacinaceae,,Alsodeiopsis,,"schumannii",,"","(Engl.) Engl.",Accepted,,M,WCSP (in review),763099,607577-1,"Nat. Pflanzenfam.","Nachtr. 1: 226","","1897"
kew-2630942,A,Icacinaceae,,Alsodeiopsis,,"staudtii",,"","Engl.",Accepted,,M,WCSP (in review),763100,607578-1,"Bot. Jahrb. Syst.","24: 479","","1898"
kew-2630943,A,Icacinaceae,,Alsodeiopsis,,"tessmannii",,"","Engl.",Accepted,,M,WCSP (in review),763101,,"Veg. Erde","9(III 2): 254","","1921"
tro-16400190,A,Icacinaceae,,Alsodeiopsis,,"weissenborriana",,"","Bramw. & Schumann",Unresolved,,L,TRO,16400190,,"","","",""
kew-2630946,A,Icacinaceae,,Alsodeiopsis,,"zenkeri",,"","Engl.",Accepted,,M,WCSP (in review),763104,,"Bot. Jahrb. Syst.","24: 478","","1898"
kew-2644272,A,Icacinaceae,,Apodytes,,"abbottii",,"","Potg. & A.E.van Wyk",Accepted,,M,WCSP (in review),776352,979929-1,"S. African J. Bot.","60: 231","","1994"
kew-2603526,A,Icacinaceae,,Apodytes,,"bebile",,"","Labat, R.Rabev. & El-Achkar",Accepted,,M,WCSP (in review),736774,,"Adansonia","III, 28: 384","","2006"
kew-2644279,A,Icacinaceae,,Apodytes,,"brachystylis",,"","F.Muell.",Accepted,,M,WCSP (in review),776359,607610-1,"Fragm.","9: 149","","1875"
kew-2644281,A,Icacinaceae,,Apodytes,,"clusiifolia",,"","(Baill.) Villiers",Accepted,,M,WCSP (in review),776361,434211-1,"in Fl. Nouv.-Caléd.","9: 160","","1980"
kew-2644283,A,Icacinaceae,,Apodytes,,"dimidiata",,"","E.Mey. ex Arn.",Accepted,,M,WCSP (in review),776363,434212-1,"J. Bot. (Hooker)","3: 155","","1841"
kew-2644296,A,Icacinaceae,,Apodytes,,"geldenhuysii",,"","A.E.van Wyk & Potgieter",Accepted,,M,WCSP (in review),776376,979930-1,"S. African J. Bot.","60: 234","","1994"
kew-2644298,A,Icacinaceae,,Apodytes,,"grandifolia",,"","(Miers) Benth. & Hook.f. ex B.D.Jacks.",Accepted,,M,WCSP (in review),776378,,"Index Kew.","1: 165","","1893"
kew-2644306,A,Icacinaceae,,Apodytes,,"thouvenotii",,"","Danguy",Accepted,,M,WCSP (in review),776386,434216-1,"Bull. Mus. Natl. Hist. Nat.","28: 248","","1922"
kew-2690875,A,Icacinaceae,,Calatola,,"costaricensis",,"","Standl.",Accepted,,M,WCSP (in review),822516,41180-2,"J. Wash. Acad. Sci.","16: 416","","1926"
kew-2690876,A,Icacinaceae,,Calatola,,"laevigata",,"","Standl.",Accepted,,M,WCSP (in review),822517,41181-2,"Contr. U. S. Natl. Herb.","23: 689","","1923"
kew-2690877,A,Icacinaceae,,Calatola,,"mollis",,"","Standl.",Accepted,,M,WCSP (in review),822518,41182-2,"Contr. U. S. Natl. Herb.","23: 689","","1923"
kew-2690879,A,Icacinaceae,,Calatola,,"sanquininensis",,"","Cuatrec.",Accepted,,M,WCSP (in review),822520,41184-2,"Lloydia","11: 220","","1949"
kew-2690880,A,Icacinaceae,,Calatola,,"uxpanapensis",,"","Vera-Cal. & T.Wendt",Accepted,,M,WCSP (in review),822521,1021308-1,"Acta Bot. Mex.","54: 40","","2001"
kew-2702475,A,Icacinaceae,,Casimirella,,"ampla",,"","(Miers) R.A.Howard",Accepted,,M,WCSP (in review),833328,963946-1,"Brittonia","44: 168","","1992"
kew-2702476,A,Icacinaceae,,Casimirella,,"beckii",,"","(Fern.Casas) Breteler",Accepted,,M,WCSP (in review),833329,962430-1,"Taxon","40: 112","","1991"
kew-2702477,A,Icacinaceae,,Casimirella,,"crispula",,"","(R.A.Howard) R.A.Howard",Accepted,,M,WCSP (in review),833330,963947-1,"Brittonia","44: 169","","1992"
kew-2702478,A,Icacinaceae,,Casimirella,,"diversifolia",,"","R.A.Howard",Accepted,,M,WCSP (in review),833331,305444-2,"Brittonia","44: 169","","1992"
kew-2702479,A,Icacinaceae,,Casimirella,,"guaranitica",,"","Hassl.",Accepted,,M,WCSP (in review),833332,48117-2,"Repert. Spec. Nov. Regni Veg.","12: 250","","1913"
kew-2702481,A,Icacinaceae,,Casimirella,,"lanata",,"","R.A.Howard",Accepted,,M,WCSP (in review),833334,306774-2,"Brittonia","44: 171","","1992"
kew-2702482,A,Icacinaceae,,Casimirella,,"rupestris",,"","(Ducke) R.A.Howard",Accepted,,M,WCSP (in review),833335,963948-1,"Brittonia","44: 171","","1992"
kew-2704377,A,Icacinaceae,,Cassinopsis,,"chapelieri",,"","(Baill.) H.Perrier",Accepted,,M,WCSP (in review),835228,434236-1,"Mém. Mus. Natl. Hist. Nat.","n.s., 18: 291","","1944"
kew-2704378,A,Icacinaceae,,Cassinopsis,,"ciliata",,"","Baker",Accepted,,M,WCSP (in review),835229,607668-1,"J. Linn. Soc., Bot.","20: 118","","1884"
kew-2704379,A,Icacinaceae,,Cassinopsis,,"ilicifolia",,"","(Hochst.) Sleumer",Accepted,,M,WCSP (in review),835230,434237-1,"Notizbl. Bot. Gart. Berlin-Dahlem","15: 228","","1940"
tro-16400122,A,Icacinaceae,,Cassinopsis,,"ilicifolia",,"","Kuntze",Unresolved,,L,TRO,16400122,,"","","",""
kew-2704380,A,Icacinaceae,,Cassinopsis,,"madagascariensis",,"","Baill.",Accepted,,M,WCSP (in review),835231,607669-1,"Adansonia","11: 180","","1875"
kew-2704381,A,Icacinaceae,,Cassinopsis,,"tinifolia",,"","Harv.",Accepted,,M,WCSP (in review),835232,607670-1,"Thes. Cap.","2: 44","","1863"
kew-2704382,A,Icacinaceae,,Cassinopsis,,"tomentosa",,"","H.Perrier",Accepted,,M,WCSP (in review),835233,434238-1,"Mém. Mus. Natl. Hist. Nat.","n.s., 18: 291","","1944"
kew-2706114,A,Icacinaceae,,Cavanilla,,"kamassana",,"","Kuntze",Unresolved,,L,WCSP (in review),836803,607683-1,"Revis. Gen. Pl.","1: 111","","1891"
kew-2706120,A,Icacinaceae,,Cavanilla,,"scandens",,"","Thunb.",Unresolved,,L,WCSP (in review),836809,607685-1,"Nov. Gen. Pl.","105","","1792"
kew-2706125,A,Icacinaceae,,Cavanilla,,"volubilis",,"","Kuntze",Unresolved,,L,WCSP (in review),836814,607687-1,"Revis. Gen. Pl.","1: 111","","1891"
kew-2719067,A,Icacinaceae,,Chlamydocarya,,"anhydathoda",,"","Villiers",Accepted,,M,WCSP (in review),849477,434243-1,"Adansonia","n.s., 10: 429","","1970 publ. 1971"
kew-2719070,A,Icacinaceae,,Chlamydocarya,,"gossweileri",,"","Exell",Accepted,,M,WCSP (in review),849480,434244-1,"J. Bot.","70(Suppl. 1): 224","","1932"
kew-2719071,A,Icacinaceae,,Chlamydocarya,,"klaineana",,"","Pierre",Accepted,,M,WCSP (in review),849481,607701-1,"Bull. Mens. Soc. Linn. Paris","2: 1317","","1896"
kew-2719073,A,Icacinaceae,,Chlamydocarya,,"macrocarpa",,"","A.Chev. ex Hutch. & Dalziel",Accepted,,M,WCSP (in review),849483,,"Fl. W. Trop. Afr.","1: 456","","1928"
kew-2719074,A,Icacinaceae,,Chlamydocarya,,"rostrata",,"","Bullock",Accepted,,M,WCSP (in review),849484,434248-1,"Bull. Misc. Inform. Kew","1933: 469","","1933"
kew-2719075,A,Icacinaceae,,Chlamydocarya,,"soyauxii",,"","Engl.",Accepted,,M,WCSP (in review),849485,,"Bot. Jahrb. Syst.","22: 73","","1895"
kew-2719079,A,Icacinaceae,,Chlamydocarya,,"thomsoniana",,"","Baill.",Accepted,,M,WCSP (in review),849489,607706-1,"Adansonia","10: 276","","1872"
kew-2763082,A,Icacinaceae,,Desmostachys,,"brevipes",,"","(Engl.) Sleumer",Accepted,,M,WCSP (in review),892684,434257-1,"Notizbl. Bot. Gart. Berlin-Dahlem","15: 359","","1941"
kew-2763084,A,Icacinaceae,,Desmostachys,,"longipes",,"","H.Perrier",Accepted,,M,WCSP (in review),892686,434258-1,"Mém. Mus. Natl. Hist. Nat.","n.s., 18: 298","","1944"
kew-2763086,A,Icacinaceae,,Desmostachys,,"oblongifolius",,"","(Engl.) Villiers",Accepted,,M,WCSP (in review),892688,,"in Fl. Cameroun","15: 48","","1973"
kew-2763087,A,Icacinaceae,,Desmostachys,,"planchonianus",,"","Miers",Accepted,,M,WCSP (in review),892689,607757-1,"Ann. Mag. Nat. Hist.","II, 9: 399","","1852"
kew-2763106,A,Icacinaceae,,Desmostachys,,"tenuifolius",,"","Oliv.",Accepted,,M,WCSP (in review),892708,,"Fl. Trop. Afr.","1: 353","","1868"
kew-2763108,A,Icacinaceae,,Desmostachys,,"vogelii",,"","(Miers) Stapf",Accepted,,M,WCSP (in review),892710,434261-1,"Liberia","2: 587","","1906"
kew-2788423,A,Icacinaceae,,Emmotum,,"acuminatum",,"","(Benth.) Miers",Accepted,,M,WCSP (in review),916390,607784-1,"Ann. Mag. Nat. Hist.","II, 10: 178","","1852"
kew-2788424,A,Icacinaceae,,Emmotum,,"affine",,"","Miers",Accepted,,M,WCSP (in review),916391,607785-1,"Ann. Mag. Nat. Hist.","II, 10: 180","","1852"
kew-2903853,A,Icacinaceae,,Emmotum,,"amazonicum",,"","Duno & Carnevali",Unresolved,,L,WCSP (in review),1026311,77115243-1,"Ann. Missouri Bot. Gard.","98: 20","","2011"
kew-2788427,A,Icacinaceae,,Emmotum,,"celiae",,"","R.A.Howard",Accepted,,M,WCSP (in review),916394,90507-2,"Mem. New York Bot. Gard.","29: 63","","1978"
kew-2788428,A,Icacinaceae,,Emmotum,,"conjunctum",,"","R.A.Howard",Accepted,,M,WCSP (in review),916395,90508-2,"J. Arnold Arbor.","23: 491","","1942"
tro-16400043,A,Icacinaceae,,Emmotum,,"epogon",,"","Griseb.",Unresolved,,L,TRO,16400043,,"","","",""
kew-2788429,A,Icacinaceae,,Emmotum,,"fagifolium",,"","Desv. ex Ham.",Accepted,,M,WCSP (in review),916396,607787-1,"Prodr. Pl. Ind. Occid.","29","","1825"
kew-2788430,A,Icacinaceae,,Emmotum,,"floribundum",,"","R.A.Howard",Accepted,,M,WCSP (in review),916397,90509-2,"J. Arnold Arbor.","23: 487","","1942"
kew-2788431,A,Icacinaceae,,Emmotum,,"fulvum",,"","R.A.Howard",Accepted,,M,WCSP (in review),916398,90510-2,"J. Arnold Arbor.","23: 493","","1942"
kew-2788432,A,Icacinaceae,,Emmotum,,"glabrum",,"","Benth. ex Miers",Accepted,,M,WCSP (in review),916399,607788-1,"Ann. Mag. Nat. Hist.","III, 4: 366","","1859"
kew-2604270,A,Icacinaceae,,Emmotum,,"harleyi",,"","R.Duno",Accepted,,M,WCSP (in review),737478,77084123-1,"Novon","17: 306","","2007"
kew-2788434,A,Icacinaceae,,Emmotum,,"nitens",,"","(Benth.) Miers",Accepted,,M,WCSP (in review),916401,607789-1,"Ann. Mag. Nat. Hist.","II, 10: 180","","1852"
kew-2788437,A,Icacinaceae,,Emmotum,,"orbiculatum",,"","(Benth.) Miers",Accepted,,M,WCSP (in review),916404,607790-1,"Ann. Mag. Nat. Hist.","II, 10: 178","","1852"
kew-2788439,A,Icacinaceae,,Emmotum,,"yapacanum",,"","R.A.Howard",Accepted,,M,WCSP (in review),916406,90515-2,"Mem. New York Bot. Gard.","29: 66","","1978"
tro-50000743,A,Icacinaceae,,Hosiea,,"sinensis",,"","(Oliv.) Hemsl. & E.H. Wilson",Accepted,,M,TRO,50000743,,"Bull. Misc. Inform. Kew","1906(5): 154","154","1906"
kew-2859966,A,Icacinaceae,,Icacina,,"claessensii",,"","De Wild.",Accepted,,M,WCSP (in review),986694,434371-1,"Pl. Bequaert.","1: 237","","1922"
kew-2859969,A,Icacinaceae,,Icacina,,"guessfeldtii",,"","Asch.",Accepted,,M,WCSP (in review),986697,607927-1,"Nat. Pflanzenfam.","3(5): 250","","1893"
kew-2859972,A,Icacinaceae,,Icacina,,"mannii",,"","Oliv.",Accepted,,M,WCSP (in review),986700,607929-1,"Fl. Trop. Afr.","1: 357","","1868"
kew-2859974,A,Icacinaceae,,Icacina,,"oliviformis",,"","(Poir.) J.Raynal",Accepted,,M,WCSP (in review),986702,434373-1,"Adansonia","n.s., 15: 194","","1975"
tro-50088119,A,Icacinaceae,,Icacina,,"oliviformis",var.,"pubescens","(Boutique) J.M. Fay",Accepted,,L,TRO,50088119,,"Kew Bull.","42(2): 46","46","1987"
kew-2859978,A,Icacinaceae,,Icacina,,"trichantha",,"","Oliv.",Accepted,,M,WCSP (in review),986706,607933-1,"Fl. Trop. Afr.","1: 358","","1868"
kew-2866059,A,Icacinaceae,,Iodes,,"africana",,"","Welw. ex Oliv.",Accepted,,M,WCSP (in review),992773,607934-1,"Fl. Trop. Afr.","1: 358","","1868"
kew-2866062,A,Icacinaceae,,Iodes,,"cirrhosa",,"","Turcz.",Accepted,,M,WCSP (in review),992776,607936-1,"Bull. Soc. Imp. Naturalistes Moscou","27(2): 281","","1854"
kew-2866065,A,Icacinaceae,,Iodes,,"globulifera",,"","H.Perrier",Unresolved,,L,WCSP (in review),992779,434379-1,"Mém. Mus. Natl. Hist. Nat.","n.s., 18: 305","","1944"
kew-2866068,A,Icacinaceae,,Iodes,,"kamerunensis",,"","Engl.",Accepted,,M,WCSP (in review),992782,607940-1,"Bot. Jahrb. Syst.","24: 481","","1898"
kew-2866069,A,Icacinaceae,,Iodes,,"klaineana",,"","Pierre",Accepted,,M,WCSP (in review),992783,607941-1,"Bull. Mens. Soc. Linn. Paris","2: 1321","","1897"
kew-2866071,A,Icacinaceae,,Iodes,,"laurentii",,"","De Wild.",Unresolved,,L,WCSP (in review),992785,434380-1,"Miss. Ém. Laurent","381","","1907"
kew-2866072,A,Icacinaceae,,Iodes,,"liberica",,"","Stapf",Accepted,,M,WCSP (in review),992786,434381-1,"Liberia","2: 588","","1906"
tro-16400118,A,Icacinaceae,,Iodes,,"madagascariensis",,"","Baill.",Accepted,,M,TRO,16400118,607942-1,"Adansonia","9: 146","146","1868"
kew-2866074,A,Icacinaceae,,Iodes,,"nectarifera",,"","H.Perrier",Unresolved,,L,WCSP (in review),992788,434382-1,"Mém. Mus. Natl. Hist. Nat.","n.s., 18: 304","","1944"
kew-2866076,A,Icacinaceae,,Iodes,,"ovalis",,"","Blume",Accepted,,M,WCSP (in review),992790,607944-1,"Bijdr.","30","","1825"
kew-2866077,A,Icacinaceae,,Iodes,,"perrieri",,"","Sleumer",Unresolved,,L,WCSP (in review),992791,434383-1,"Notizbl. Bot. Gart. Berlin-Dahlem","15: 251","","1940"
kew-2866078,A,Icacinaceae,,Iodes,,"philippinensis",,"","Merr.",Accepted,,M,WCSP (in review),992792,434384-1,"Philipp. J. Sci., C","3: 241","","1908"
kew-2866079,A,Icacinaceae,,Iodes,,"pierlotii",,"","Boutique",Unresolved,,L,WCSP (in review),992793,434385-1,"Bull. Jard. Bot. État","26: 346","","1956"
kew-2866080,A,Icacinaceae,,Iodes,,"reticulata",,"","King",Accepted,,M,WCSP (in review),992794,607945-1,"J. Asiat. Soc. Bengal, Pt. 2, Nat. Hist.","64(2): 126","","1895"
kew-2866083,A,Icacinaceae,,Iodes,,"seguinii",,"","(H.Lév.) Rehder",Accepted,,M,WCSP (in review),992797,434387-1,"J. Arnold Arbor.","15: 3","","1934"
kew-2866084,A,Icacinaceae,,Iodes,,"seretii",,"","(De Wild.) Boutique",Accepted,,M,WCSP (in review),992798,434388-1,"in Fl. Congo Belge","9: 243","","1960"
kew-2866087,A,Icacinaceae,,Iodes,,"talbotii",,"","Baker f. ex Hutch. & Dalziel",Unresolved,,L,WCSP (in review),992801,434390-1,"Bull. Misc. Inform. Kew","1929: 23","","1929"
kew-2866090,A,Icacinaceae,,Iodes,,"trichocarpa",,"","Mildbr. ex Engl.",Unresolved,,L,WCSP (in review),992804,434393-1,"Veg. Erde","9(III 2): 260","","1921"
kew-2866091,A,Icacinaceae,,Iodes,,"trichocarpa",,"","Mildbr.",Unresolved,,L,WCSP (in review),992805,,"Repert. Spec. Nov. Regni Veg.","18: 97","","1922"
kew-2866092,A,Icacinaceae,,Iodes,,"usambarensis",,"","Sleumer",Unresolved,,L,WCSP (in review),992806,434394-1,"Notizbl. Bot. Gart. Berlin-Dahlem","15: 251","","1940"
kew-2866093,A,Icacinaceae,,Iodes,,"velutina",,"","King",Accepted,,M,WCSP (in review),992807,607949-1,"J. Asiat. Soc. Bengal, Pt. 2, Nat. Hist.","64(2): 127","","1895"
kew-2866094,A,Icacinaceae,,Iodes,,"vitiginea",,"","(Hance) Hance",Accepted,,M,WCSP (in review),992808,434395-1,"J. Bot.","12: 184","","1874"
kew-2866095,A,Icacinaceae,,Iodes,,"yangambiensis",,"","Louis ex Boutique",Accepted,,M,WCSP (in review),992809,434396-1,"Bull. Jard. Bot. État","26: 345","","1956"
kew-2866096,A,Icacinaceae,,Iodes,,"yatesii",,"","Merr.",Accepted,,M,WCSP (in review),992810,434397-1,"Pap. Michigan Acad. Sci.","19: 165","","1933 publ. 1934"
kew-2905972,A,Icacinaceae,,Iodes,,"yatesii",var.,"glabrescens","(Ridl.) Sleumer",Accepted,,L,WCSP (in review),785870,,"Blume","17: 221","","1969"
kew-2331607,A,Icacinaceae,,Jobalboa,,"aberdarica",,"","Chiov.",Unresolved,,L,WCSP (in review),471835,434399-1,"Racc. Bot. Miss. Consol. Kenya","20","","1935"
kew-2348676,A,Icacinaceae,,Lavigeria,,"macrocarpa",,"","(Oliv.) Pierre",Accepted,,M,WCSP (in review),488212,607979-1,"Fl. Forest. Cochinch.","t. 267","","1892"
kew-2348677,A,Icacinaceae,,Lavigeria,,"salutaris",,"","Pierre",Unresolved,,L,WCSP (in review),488213,607980-1,"Fl. Forest. Cochinch.","t. 267","","1892"
kew-2348660,A,Icacinaceae,,Leretia,,"cordata",,"","Vell.",Accepted,,M,WCSP (in review),488199,607989-1,"Fl. Flumin.","99","","1829"
kew-2348790,A,Icacinaceae,,Leucocorema,,"latifolia",,"","Ridl.",Unresolved,,L,WCSP (in review),488318,434418-1,"Trans. Linn. Soc. London, Bot.","9: 29","","1916"
tro-50152678,A,Icacinaceae,,Mappia,,"angustifolia",,"","Griseb.",Accepted,,M,TRO,50152678,608021-1,"Cat. Pl. Cub.","119","119","1866"
kew-2367170,A,Icacinaceae,,Mappia,,"glabrata",,"","(Sleumer) Sleumer",Unresolved,,L,WCSP (in review),506443,434420-1,"Notizbl. Bot. Gart. Berlin-Dahlem","15: 360","","1941"
tro-16400050,A,Icacinaceae,,Mappia,,"longipes",,"","Lundell",Accepted,,M,TRO,16400050,152806-2,"Contr. Univ. Michigan Herb.","7: 26","26","1942"
tro-50160198,A,Icacinaceae,,Mappia,,"mexicana",,"","B.L. Rob. & Greenm.",Accepted,,M,TRO,50160198,152807-2,"Amer. J. Sci., ser. 4","50: 150","150","1895"
tro-16400140,A,Icacinaceae,,Mappia,,"multiflora",,"","Lundell",Accepted,,M,TRO,16400140,152808-2,"Wrightia","4(4): 139–140","139","1970"
tro-16400230,A,Icacinaceae,,Mappia,,"oppositifolia",,"","Merr.",Unresolved,,L,TRO,16400230,,"Lingnan Sci. J.","14(1): 28, f. 9","28","1935"
tro-16400064,A,Icacinaceae,,Mappia,,"racemosa",,"","Jacq.",Accepted,,M,TRO,16400064,152812-2,"Pl. Rar. Hort. Schoenbr.","1: 22, pl. 47","22","1797"
tro-50074091,A,Icacinaceae,,Mappia,,"racemosa",subsp.,"brachycarpa","(Griseb.) Borhidi",Accepted,,L,TRO,50074091,922366-1,"Acta Bot. Hung.","29(1–4): 185","185","1983"
kew-2367159,A,Icacinaceae,,Mappianthus,,"hookerianus",,"","(Baill.) Sleumer",Accepted,,M,WCSP (in review),506432,434428-1,"Blumea","17: 225","","1969"
kew-2367160,A,Icacinaceae,,Mappianthus,,"iodoides",,"","Hand.-Mazz.",Accepted,,M,WCSP (in review),506433,434429-1,"Anz. Akad. Wiss. Wien, Math.-Naturwiss. Kl.","58: 150","","1921"
kew-2367161,A,Icacinaceae,,Mappianthus,,"tomentosus",,"","D.Fang",Accepted,,M,WCSP (in review),506434,20010423-1,"Acta Bot. Yunnan.","24: 710","","2002"
kew-2366961,A,Icacinaceae,,Merrilliodendron,,"megacarpum",,"","(Hemsl.) Sleumer",Accepted,,M,WCSP (in review),506238,434442-1,"Notizbl. Bot. Gart. Berlin-Dahlem","15: 243","","1940"
kew-2366933,A,Icacinaceae,,Miquelia,,"assamica",,"","(Griff.) Mast. ex B.D.Jacks.",Accepted,,M,WCSP (in review),506211,,"Index Kew.","2: 247","","1894"
kew-2366943,A,Icacinaceae,,Miquelia,,"caudata",,"","King",Accepted,,M,WCSP (in review),506220,608048-1,"J. Asiat. Soc. Bengal, Pt. 2, Nat. Hist.","64(2): 124","","1895"
kew-2366944,A,Icacinaceae,,Miquelia,,"celebica",,"","Blume",Accepted,,M,WCSP (in review),506221,,"Rumphia","4: 37","","1849"
kew-2366946,A,Icacinaceae,,Miquelia,,"dentata",,"","Bedd.",Unresolved,,L,WCSP (in review),506223,608051-1,"Madras J. Lit. Sci.","III, 1: 38","","1864"
kew-2366971,A,Icacinaceae,,Miquelia,,"gibba",,"","Baill.",Unresolved,,L,WCSP (in review),506247,608052-1,"Adansonia","10: 278","","1872"
kew-2366939,A,Icacinaceae,,Miquelia,,"kleinii",,"","Meisn.",Accepted,,M,WCSP (in review),506217,608053-1,"Pl. Vasc. Gen.","1: 109","","1838"
kew-2366981,A,Icacinaceae,,Miquelia,,"paniculata",,"","Gagnep.",Unresolved,,L,WCSP (in review),506254,434447-1,"Notul. Syst. (Paris)","1: 203","","1910"
kew-2366982,A,Icacinaceae,,Miquelia,,"philippinensis",,"","Merr.",Accepted,,M,WCSP (in review),506255,434448-1,"Philipp. J. Sci.","14: 416","","1919"
kew-2366983,A,Icacinaceae,,Miquelia,,"reticulata",,"","Merr.",Accepted,,M,WCSP (in review),506256,434449-1,"Philipp. J. Sci., C","9: 312","","1914"
kew-2366985,A,Icacinaceae,,Miquelia,,"thorelii",,"","Gagnep.",Accepted,,M,WCSP (in review),506258,434451-1,"Notul. Syst. (Paris)","1: 204","","1910"
kew-2366986,A,Icacinaceae,,Miquelia,,"umbellam",,"","Gagnep.",Unresolved,,L,WCSP (in review),506259,434452-1,"Notul. Syst. (Paris)","1: 203","","1910"
kew-2366987,A,Icacinaceae,,Moldenhauera,,"scandens",,"","Spreng.",Unresolved,,L,WCSP (in review),506260,608056-1,"Syst. Veg.","1: 489","","1824"
kew-2366989,A,Icacinaceae,,Monocephalium,,"batesii",,"","S.Moore",Unresolved,,L,WCSP (in review),506262,434453-1,"J. Bot.","58: 221","","1920"
kew-2366990,A,Icacinaceae,,Monocephalium,,"zenkeri",,"","S.Moore",Unresolved,,L,WCSP (in review),506263,434454-1,"J. Bot.","58: 221","","1920"
kew-2378777,A,Icacinaceae,,Natsiatopsis,,"thunbergiifolia",,"","Kurz",Accepted,,M,WCSP (in review),517663,,"J. Asiat. Soc. Bengal, Pt. 2, Nat. Hist.","44: 201","","1875"
kew-2378775,A,Icacinaceae,,Natsiatum,,"gamosepalum",,"","Griff.",Unresolved,,L,WCSP (in review),517661,608058-1,"Not. Pl. Asiat.","4: 330","","1854"
kew-2378797,A,Icacinaceae,,Natsiatum,,"herpeticum",,"","Buch.-Ham. ex Arn.",Accepted,,M,WCSP (in review),517683,,"Edinb. Philos. J.","16: 314","","1834"
kew-2378799,A,Icacinaceae,,Natsiatum,,"japonicum",,"","Makino",Unresolved,,L,WCSP (in review),517685,434455-1,"Bot. Mag. (Tokyo)","7: 119","","1893"
kew-2378794,A,Icacinaceae,,Neostachyanthus,,"nigeriensis",,"","(S.Moore) Exell & Mendonça",Unresolved,,L,WCSP (in review),517680,434463-1,"Bol. Soc. Brot.","II, 25: 112","","1951"
kew-2378666,A,Icacinaceae,,Nothapodytes,,"amamianus",,"","Nagam. & Mak.Kato",Unresolved,,L,WCSP (in review),517552,77063039-1,"Acta Phytotax. Geobot.","55: 75","","2004"
tro-50160974,A,Icacinaceae,,Nothapodytes,,"collina",,"","C.Y. Wu",Accepted,,M,TRO,50160974,434466-1,"Fl. Yunnan.","1: 169, pl. 40, f. 10","169","1977"
kew-2378652,A,Icacinaceae,,Nothapodytes,,"minutiflora",,"","Villiers",Unresolved,,L,WCSP (in review),517538,906756-1,"Bull. Mus. Natl. Hist. Nat., B, Adansonia","7: 81","","1985"
kew-2378660,A,Icacinaceae,,Nothapodytes,,"montana",,"","Blume",Accepted,,M,WCSP (in review),517546,608061-1,"Mus. Bot.","1: 248","","1851"
kew-2378658,A,Icacinaceae,,Nothapodytes,,"nimmoniana",,"","(J.Graham) Mabb.",Accepted,,M,WCSP (in review),517544,,"Bot. Hist. Hortus Malabaricus","189","","1980"
tro-50160973,A,Icacinaceae,,Nothapodytes,,"obscura",,"","C.Y. Wu",Accepted,,M,TRO,50160973,,"Fl. Yunnan.","1: 170, pl. 40, f. 8–9","170","1977"
kew-2378655,A,Icacinaceae,,Nothapodytes,,"obtusifolia",,"","(Merr.) R.A.Howard",Accepted,,M,WCSP (in review),517541,434472-1,"J. Arnold Arbor.","23: 70","","1942"
kew-2378808,A,Icacinaceae,,Nothapodytes,,"pittosporoides",,"","(Oliv.) Sleumer",Accepted,,M,WCSP (in review),517694,434474-1,"Notizbl. Bot. Gart. Berlin-Dahlem","15: 247","","1940"
tro-50291052,A,Icacinaceae,,Nothapodytes,,"tomentosa",,"","C.Y. Wu",Accepted,,M,TRO,50291052,,"Fl. Yunnan.","1: 169, pl. 40, f. 6–7","169","1977"
kew-2378759,A,Icacinaceae,,Nothapodytes,,"zeylanica",,"","Kosterm.",Unresolved,,L,WCSP (in review),517645,900363-1,"Acta Bot. Neerl.","31: 127","","1982"
tro-16400138,A,Icacinaceae,,Oecopetalum,,"greenmanii",,"","Standl. & Steyerm.",Accepted,,M,TRO,16400138,172630-2,"Publ. Field Mus. Nat. Hist., Bot. Ser.","22(3): 154–155","154","1940"
tro-16400142,A,Icacinaceae,,Oecopetalum,,"mexicanum",,"","Greenm. & C.H. Thomps.",Accepted,,M,TRO,16400142,172632-2,"Ann. Missouri Bot. Gard.","1(4): 408, pl. 25","408","1914"
tro-50052219,A,Icacinaceae,,Ottoschulzia,,"cubensis",,"","(C. Wright ex Griseb.) Urb.",Accepted,,M,TRO,50052219,177482-2,"Symb. Antill.","7: 273–274","273","1912"
kew-2387518,A,Icacinaceae,,Ottoschulzia,,"domingensis",,"","Urb.",Unresolved,,L,WCSP (in review),526182,177483-2,"Symb. Antill.","7: 274","","1912"
tro-16400141,A,Icacinaceae,,Ottoschulzia,,"pallida",,"","Lundell",Accepted,,M,TRO,16400141,177484-2,"Wrightia","5(4): 105–107","105","1975"
tro-16400065,A,Icacinaceae,,Ottoschulzia,,"rhodoxylon",,"","(Urb.) Urb.",Accepted,,M,TRO,16400065,177485-2,"Symb. Antill.","7: 274","274","1912"
kew-2530230,A,Icacinaceae,,Pentastira,,"flava",,"","Ridl.",Unresolved,,L,WCSP (in review),666249,434487-1,"Trans. Linn. Soc. London, Bot.","9: 27","","1916"
kew-2530229,A,Icacinaceae,,Pentastira,,"nitida",,"","Ridl.",Unresolved,,L,WCSP (in review),666248,434488-1,"Trans. Linn. Soc. London, Bot.","9: 28","","1916"
kew-2530221,A,Icacinaceae,,Phytocrene,,"anomala",,"","Merr.",Accepted,,M,WCSP (in review),666240,434491-1,"J. Straits Branch Roy. Asiat. Soc.","86: 325","","1922"
kew-2530219,A,Icacinaceae,,Phytocrene,,"borneensis",,"","Becc.",Accepted,,M,WCSP (in review),666238,608211-1,"Malesia","1: 128","","1877"
kew-2530218,A,Icacinaceae,,Phytocrene,,"bracteata",,"","Wall.",Accepted,,M,WCSP (in review),666237,608212-1,"Pl. Asiat. Rar.","3: 12","","1832"
kew-2530169,A,Icacinaceae,,Phytocrene,,"hirsuta",,"","Blume",Accepted,,M,WCSP (in review),666193,608219-1,"Rumphia","4: 37","","1849"
kew-2530167,A,Icacinaceae,,Phytocrene,,"interrupta",,"","Sleumer",Accepted,,M,WCSP (in review),666191,434495-1,"Notizbl. Bot. Gart. Berlin-Dahlem","15: 252","","1940"
kew-2530163,A,Icacinaceae,,Phytocrene,,"macrophylla",,"","(Blume) Blume",Accepted,,L,WCSP (in review),666187,608222-1,"Rumphia","4: 36","","1849"
kew-2905989,A,Icacinaceae,,Phytocrene,,"macrophylla",var.,"caudigera","(Sleumer) Sleumer",Accepted,,L,WCSP (in review),1028400,,"Blumea","17: 240","","1969"
kew-2905990,A,Icacinaceae,,Phytocrene,,"macrophylla",var.,"dasycarpa","(Miq.) Sleumer",Accepted,,L,WCSP (in review),1028401,,"Blumea","17: 240","","1969"
kew-2530162,A,Icacinaceae,,Phytocrene,,"malacothrix",,"","Sleumer",Accepted,,M,WCSP (in review),666186,434497-1,"Notizbl. Bot. Gart. Berlin-Dahlem","15: 361","","1941"
kew-2530160,A,Icacinaceae,,Phytocrene,,"oblonga",,"","Wall.",Accepted,,M,WCSP (in review),666184,608224-1,"Pl. Asiat. Rar.","3: 12","","1832"
kew-2530157,A,Icacinaceae,,Phytocrene,,"palmata",,"","Wall.",Accepted,,M,WCSP (in review),666181,608226-1,"Pl. Asiat. Rar.","3: 12","","1832"
kew-2530155,A,Icacinaceae,,Phytocrene,,"racemosa",,"","Sleumer",Accepted,,M,WCSP (in review),666179,434500-1,"Blumea","17: 236","","1969"
kew-2530152,A,Icacinaceae,,Phytocrene,,"trichura",,"","Ridl.",Accepted,,M,WCSP (in review),666176,434501-1,"Fl. Malay Penins.","1: 433","","1922"
kew-2530181,A,Icacinaceae,,Pittosporopsis,,"kerrii",,"","Craib",Accepted,,M,WCSP (in review),666205,434502-1,"Bull. Misc. Inform. Kew","1911: 28","","1911"
kew-2530189,A,Icacinaceae,,Platea,,"bullata",,"","Sleumer",Accepted,,M,WCSP (in review),666213,434506-1,"Blumea","17: 243","","1969"
kew-2552808,A,Icacinaceae,,Platea,,"excelsa",,"","Blume",Accepted,,M,WCSP (in review),688637,608232-1,"Bijdr.","646","","1826"
kew-2905993,A,Icacinaceae,,Platea,,"excelsa",var.,"borneensis","(Heine) Sleumer",Accepted,,L,WCSP (in review),1028404,,"Blumea","17: 246","","1969"
kew-2905995,A,Icacinaceae,,Platea,,"excelsa",var.,"kinabaluensis","(Sleumer) Sleumer",Accepted,,L,WCSP (in review),1028406,,"Blumea","17: 246","","1969"
kew-2905992,A,Icacinaceae,,Platea,,"excelsa",var.,"microphylla","Sleumer",Accepted,,L,WCSP (in review),1028403,,"Blumea","17: 246","","1969"
kew-2905991,A,Icacinaceae,,Platea,,"excelsa",var.,"riedeliana","(Becc.) Sleumer",Accepted,,L,WCSP (in review),1028402,,"Blumea","17: 245","","1969"
kew-2552810,A,Icacinaceae,,Platea,,"latifolia",,"","Blume",Accepted,,M,WCSP (in review),688639,608234-1,"Bijdr.","646","","1826"
kew-2900474,A,Icacinaceae,,Platea,,"malayana",,"","Utteridge",Unresolved,,L,WCSP (in review),1023160,77105544-1,"Kew Bull.","65: 345","","2010"
kew-2905997,A,Icacinaceae,,Platea,,"oblonga",,"","Valeton",Unresolved,,L,WCSP (in review),1028408,434515-1,"Crit. Overz. Olacin.","252","","1886"
kew-2529603,A,Icacinaceae,,Platea,,"parvifolia",,"","Merr. & Chun",Accepted,,M,WCSP (in review),665629,434516-1,"Sunyatsenia","5: 112","","1940"
kew-2529601,A,Icacinaceae,,Platea,,"sclerophylla",,"","Sleumer",Accepted,,M,WCSP (in review),665627,434518-1,"Blumea","17: 245","","1969"
tro-16400054,A,Icacinaceae,,Pleurisanthes,,"artocarpi",,"","Baill.",Accepted,,M,TRO,16400054,608242-1,"Adansonia","11: 201","201","1874"
tro-50182230,A,Icacinaceae,,Pleurisanthes,,"brasiliensis",,"","(Valeton) Tiegh.",Accepted,,M,TRO,50182230,,"Bull. Soc. Bot. France","44: 117","117","1897"
kew-2534249,A,Icacinaceae,,Pleurisanthes,,"emarginata",,"","Tiegh.",Accepted,,M,WCSP (in review),670175,202156-2,"Bull. Soc. Bot. France","44: 117","","1897"
tro-16400070,A,Icacinaceae,,Pleurisanthes,,"flava",,"","Sandwith",Accepted,,M,TRO,16400070,202157-2,"Kew Bull.","1931: 467","467","1931"
kew-2529542,A,Icacinaceae,,Pleurisanthes,,"howardii",,"","R.Duno, Riina & P.E.Berry",Accepted,,M,WCSP (in review),665568,20007880-1,"Harvard Pap. Bot.","7: 13","","2002"
tro-50162367,A,Icacinaceae,,Pleurisanthes,,"parviflora",,"","(Ducke) R.A. Howard",Accepted,,M,TRO,50162367,202158-2,"J. Arnold Arbor.","21(4): 482–483","482","1940"
tro-50182235,A,Icacinaceae,,Pleurisanthes,,"simpliciflora",,"","Sleumer",Accepted,,M,TRO,50182235,202159-2,"Notizbl. Bot. Gart. Berlin-Dahlem","15: 256","256","1940"
tro-50085157,A,Icacinaceae,,Polycephalium,,"capitatum",,"","(Baill.) Keay",Accepted,,L,TRO,50085157,434524-1,"Bull. Jard. Bot. État Brux.","26: 184","184","1956"
kew-2552706,A,Icacinaceae,,Polycephalium,,"integrum",,"","De Wild. & T.Durand",Unresolved,,L,WCSP (in review),688535,608251-1,"Bull. Herb. Boissier","II, 1: 744","","1901"
kew-2552707,A,Icacinaceae,,Polycephalium,,"lobatum",,"","(Pierre) Pierre ex Engl.",Accepted,,M,WCSP (in review),688536,,"Bot. Jahrb. Syst.","24: 485","","1898"
kew-2529548,A,Icacinaceae,,Polycephalium,,"mildbraedii",,"","Engl.",Unresolved,,L,WCSP (in review),665574,434525-1,"Wiss. Erg. Zweit. Deut. Zentr.-Afr. Exped., Bot.","2: 33","","1922"
kew-2552708,A,Icacinaceae,,Polycephalium,,"poggei",,"","Engl.",Unresolved,,L,WCSP (in review),688537,608253-1,"Nat. Pflanzenfam.","Nachtr. 1: 227","","1897"
kew-2529543,A,Icacinaceae,,Polyporandra,,"scandens",,"","Becc.",Accepted,,M,WCSP (in review),665569,434529-1,"Malesia","1: 125","","1877"
tro-16400089,A,Icacinaceae,,Poraqueiba,,"guianensis",,"","Aubl.",Accepted,,M,TRO,16400089,608256-1,"Hist. Pl. Guiane","1: 123–124, pl. 47","123","1775"
kew-2529554,A,Icacinaceae,,Poraqueiba,,"paraensis",,"","Ducke",Accepted,,M,WCSP (in review),665580,208363-2,"Arch. Jard. Bot. Rio de Janeiro","4: 116","","1925"
kew-2552713,A,Icacinaceae,,Poraqueiba,,"sericea",,"","Tul.",Accepted,,M,WCSP (in review),688542,608257-1,"Ann. Sci. Nat., Bot.","III, 11: 172","","1849"
kew-2552756,A,Icacinaceae,,Pyrenacantha,,"acuminata",,"","Engl.",Accepted,,M,WCSP (in review),688585,608276-1,"Bot. Jahrb. Syst.","24: 483","","1898"
kew-2529535,A,Icacinaceae,,Pyrenacantha,,"ambrensis",,"","Labat, El-Achkar & R.Rabev.",Unresolved,,L,WCSP (in review),665564,,"Adansonia","III, 28: 392","","2006"
kew-2605311,A,Icacinaceae,,Pyrenacantha,,"andapensis",,"","Labat, El-Achkar & R.Rabev.",Unresolved,,L,WCSP (in review),738453,77075467-1,"Adansonia","III, 28: 394","","2006"
kew-2552736,A,Icacinaceae,,Pyrenacantha,,"canaliculata",,"","Pierre",Unresolved,,L,WCSP (in review),688565,608277-1,"Bull. Mens. Soc. Linn. Paris","2: 1317","","1897"
kew-2529544,A,Icacinaceae,,Pyrenacantha,,"capitata",,"","H.Perrier",Unresolved,,L,WCSP (in review),665570,434537-1,"Mém. Mus. Natl. Hist. Nat.","n.s., 18: 307","","1944"
tro-16400033,A,Icacinaceae,,Pyrenacantha,,"chlorantha",,"","Baker",Accepted,,M,TRO,16400033,608278-1,"J. Linn. Soc., Bot.","21: 331","331","1884"
kew-2529572,A,Icacinaceae,,Pyrenacantha,,"cordicula",,"","Villiers",Accepted,,M,WCSP (in review),665598,,"in Fl. Cameroun","15: 86","","1973"
kew-2529571,A,Icacinaceae,,Pyrenacantha,,"dinklagei",,"","Engl.",Unresolved,,L,WCSP (in review),665597,434541-1,"Bot. Jahrb. Syst.","43: 186","","1909"
kew-2529569,A,Icacinaceae,,Pyrenacantha,,"gabonica",,"","Breteler & Villiers",Accepted,,M,WCSP (in review),665595,1018261-1,"Adansonia","III, 22: 201","","2000"
kew-2529568,A,Icacinaceae,,Pyrenacantha,,"glabrescens",,"","(Engl.) Engl.",Accepted,,M,WCSP (in review),665594,434543-1,"Bot. Jahrb. Syst.","43: 187","","1909"
kew-2552738,A,Icacinaceae,,Pyrenacantha,,"globosa",,"","Engl.",Unresolved,,L,WCSP (in review),688567,,"Bot. Jahrb. Syst.","18: 80","","1894"
kew-2552739,A,Icacinaceae,,Pyrenacantha,,"grandiflora",,"","Baill.",Unresolved,,L,WCSP (in review),688568,608280-1,"Adansonia","10: 270","","1872"
kew-2529567,A,Icacinaceae,,Pyrenacantha,,"grandifolia",,"","Engl.",Accepted,,M,WCSP (in review),665593,434544-1,"Bot. Jahrb. Syst.","43: 187","","1909"
tro-16400037,A,Icacinaceae,,Pyrenacantha,,"humblotii",,"","(Baill. ex Grandid.) Sleumer",Accepted,,M,TRO,16400037,434545-1,"Notizbl. Bot. Gart. Berlin-Dahlem","15: 254","254","1940"
tro-16400128,A,Icacinaceae,,Pyrenacantha,,"kaurabassana",,"","Baill.",Accepted,,M,TRO,16400128,434547-1,"Adansonia","10: 272","272","1872"
kew-2552741,A,Icacinaceae,,Pyrenacantha,,"kirkii",,"","Baill.",Unresolved,,L,WCSP (in review),688570,608282-1,"Adansonia","10: 273","","1872"
kew-2529564,A,Icacinaceae,,Pyrenacantha,,"klaineana",,"","Pierre ex Exell & Mendonça",Accepted,,M,WCSP (in review),665590,434548-1,"Consp. Fl. Angol.","1: 345","","1951"
tro-16400038,A,Icacinaceae,,Pyrenacantha,,"laetevirens",,"","Sleumer",Accepted,,M,TRO,16400038,434549-1,"Notizbl. Bot. Gart. Berlin-Dahlem","15: 254","254","1940"
kew-2529562,A,Icacinaceae,,Pyrenacantha,,"lebrunii",,"","Boutique",Accepted,,M,WCSP (in review),665588,434550-1,"Bull. Jard. Bot. État","29: 426","","1959"
kew-2529561,A,Icacinaceae,,Pyrenacantha,,"longirostrata",,"","Villiers",Accepted,,M,WCSP (in review),665587,434551-1,"Adansonia","n.s., 12: 283","","1972"
tro-16400205,A,Icacinaceae,,Pyrenacantha,,"malvifolia",,"","Engl.",Accepted,,M,TRO,16400205,608283-1,"Sitzungsber. Kaiserl. Akad. Wiss., Math.-Naturwiss. Cl., Abt. 1","18: 268","268","1893"
kew-2533091,A,Icacinaceae,,Pyrenacantha,,"mangenotiana",,"","J.Miège",Unresolved,,L,WCSP (in review),669097,434552-1,"Bull. Inst. Franç. Afrique Noire, A","17: 8","","1955"
kew-2552743,A,Icacinaceae,,Pyrenacantha,,"menyharthii",,"","Schinz",Unresolved,,L,WCSP (in review),688572,608284-1,"Denkschr. Kaiserl. Akad. Wiss., Wien. Math.-Naturwiss. Kl.","78: 427","","1905"
tro-50305427,A,Icacinaceae,,Pyrenacantha,,"perrieri",,"","Labat, El-Achkar & R. Rabev.",Accepted,,M,TRO,50305427,77075469-1,"Adansonia, sér. 3,","28(2): 399–400, f. 5","399","2006"
kew-2533089,A,Icacinaceae,,Pyrenacantha,,"puberula",,"","Boutique",Accepted,,M,WCSP (in review),669095,434553-1,"Bull. Jard. Bot. État","29: 429","","1959"
kew-2605313,A,Icacinaceae,,Pyrenacantha,,"rakotozafyi",,"","Labat, El-Achkar & R.Rabev.",Unresolved,,L,WCSP (in review),738455,,"Adansonia","III, 28: 400","","2006"
kew-2533087,A,Icacinaceae,,Pyrenacantha,,"repanda",,"","(Merr.) Merr.",Accepted,,M,WCSP (in review),669093,434554-1,"Enum. Philipp. Fl. Pl.","2: 492","","1923"
kew-2552744,A,Icacinaceae,,Pyrenacantha,,"ruspolii",,"","Engl.",Unresolved,,L,WCSP (in review),688573,608285-1,"Bot. Jahrb. Syst.","24: 483","","1898"
tro-16400130,A,Icacinaceae,,Pyrenacantha,,"scandens",,"","Planch. Ex Harv.",Accepted,,M,TRO,16400130,,"","","",""
kew-2533085,A,Icacinaceae,,Pyrenacantha,,"staudtii",,"","(Engl.) Engl.",Accepted,,M,WCSP (in review),669091,434556-1,"Veg. Erde","9(III 2): 262","","1921"
kew-2533084,A,Icacinaceae,,Pyrenacantha,,"sylvestris",,"","S.Moore",Accepted,,M,WCSP (in review),669090,434557-1,"J. Bot.","58: 223","","1920"
kew-2533083,A,Icacinaceae,,Pyrenacantha,,"taylorii",,"","Engl.",Unresolved,,L,WCSP (in review),669089,434558-1,"Veg. Erde","9(III 2): 262","","1921"
tro-50305429,A,Icacinaceae,,Pyrenacantha,,"tropophila",,"","Labat, El-Achkar & R. Rabev.",Accepted,,M,TRO,50305429,77075471-1,"Adansonia, sér. 3,","28(2): 400, 402–403, f. 6","400","2006"
kew-2533081,A,Icacinaceae,,Pyrenacantha,,"ugandensis",,"","Hutch. & Robyns",Unresolved,,L,WCSP (in review),669087,434559-1,"Bull. Misc. Inform. Kew","1924: 255","","1924"
tro-50085155,A,Icacinaceae,,Pyrenacantha,,"undulata",,"","Engl.",Accepted,,M,TRO,50085155,434560-1,"Veg. Erde","3(2): 262","262","1921"
kew-2552746,A,Icacinaceae,,Pyrenacantha,,"vitifolia",,"","Engl.",Unresolved,,L,WCSP (in review),688575,608287-1,"Pflanzenw. Ost-Afrikas","C: 248","","1895"
kew-2552747,A,Icacinaceae,,Pyrenacantha,,"vogeliana",,"","Baill.",Accepted,,M,WCSP (in review),688576,608288-1,"Adansonia","10: 271","","1872"
tro-16400154,A,Icacinaceae,,Pyrenacantha,,"volubilis",,"","Hook.",Accepted,,M,TRO,16400154,,"Bot. Misc.","2: 107","107","1830"
kew-2425671,A,Icacinaceae,,Rhaphiostylis,,"beninensis",,"","(Hook.f. ex Planch.) Planch. ex Benth.",Accepted,,M,WCSP (in review),563755,608294-1,"Niger Fl.","259","","1849"
kew-2428796,A,Icacinaceae,,Rhaphiostylis,,"cordifolia",,"","Hutch. & Dalziel",Accepted,,M,WCSP (in review),566779,434563-1,"Fl. W. Trop. Afr.","1: 455","","1928"
kew-2428797,A,Icacinaceae,,Rhaphiostylis,,"elegans",,"","Engl.",Accepted,,M,WCSP (in review),566780,434564-1,"Bot. Jahrb. Syst.","43: 184","","1909"
kew-2428755,A,Icacinaceae,,Rhaphiostylis,,"ferruginea",,"","Engl.",Accepted,,M,WCSP (in review),566738,434565-1,"Bot. Jahrb. Syst.","43: 181","","1909"
kew-2425672,A,Icacinaceae,,Rhaphiostylis,,"fusca",,"","(Pierre) Pierre",Accepted,,M,WCSP (in review),563756,608295-1,"Bull. Mens. Soc. Linn. Paris","2: 1324","","1897"
kew-2425674,A,Icacinaceae,,Rhaphiostylis,,"jollyana",,"","Pierre",Unresolved,,L,WCSP (in review),563758,608297-1,"Bull. Mens. Soc. Linn. Paris","2: 1325","","1897"
kew-2428771,A,Icacinaceae,,Rhaphiostylis,,"jollyana",,"","Pierre ex Engl.",Unresolved,,L,WCSP (in review),566754,434566-1,"Bot. Jahrb. Syst.","43: 181","","1909"
kew-2425652,A,Icacinaceae,,Rhaphiostylis,,"latifolia",,"","Pierre",Unresolved,,L,WCSP (in review),563737,608298-1,"Bull. Mens. Soc. Linn. Paris","2: 1325","","1897"
tro-50062347,A,Icacinaceae,,Rhaphiostylis,,"madagascariensis",,"","Capuron",Accepted,,M,TRO,50062347,,"Adansonia, n.s.","10(4): 510","510","1970"
kew-2428710,A,Icacinaceae,,Rhaphiostylis,,"ovatifolia",,"","Engl.",Accepted,,M,WCSP (in review),566696,434567-1,"Veg. Erde","9(III 2): 256","","1921"
kew-2428712,A,Icacinaceae,,Rhaphiostylis,,"parvifolia",,"","(S.Moore) Exell",Accepted,,M,WCSP (in review),566698,434569-1,"J. Bot.","65(Suppl. 1): 73","","1927"
kew-2425665,A,Icacinaceae,,Rhaphiostylis,,"poggei",,"","Engl.",Accepted,,M,WCSP (in review),563749,,"Bot. Jahrb. Syst.","17: 73","","1893"
kew-2425666,A,Icacinaceae,,Rhaphiostylis,,"preussii",,"","Engl.",Accepted,,M,WCSP (in review),563750,,"Bot. Jahrb. Syst.","17: 72","","1893"
kew-2428713,A,Icacinaceae,,Rhaphiostylis,,"scandens",,"","Engl.",Unresolved,,L,WCSP (in review),566699,434570-1,"Bot. Jahrb. Syst.","43: 183","","1909"
kew-2425676,A,Icacinaceae,,Rhaphiostylis,,"stuhlmannii",,"","Engl.",Unresolved,,L,WCSP (in review),563760,,"Bot. Jahrb. Syst.","17: 72","","1893"
kew-2428714,A,Icacinaceae,,Rhaphiostylis,,"subsessilifolia",,"","Engl.",Accepted,,M,WCSP (in review),566700,434571-1,"Bot. Jahrb. Syst.","43: 184","","1909"
kew-2428723,A,Icacinaceae,,Rhaphiostylis,,"zenkeri",,"","Engl.",Unresolved,,L,WCSP (in review),566709,434572-1,"Bot. Jahrb. Syst.","43: 183","","1909"
kew-2428718,A,Icacinaceae,,Rhyticaryum,,"elegans",,"","G.Schellenb.",Accepted,,M,WCSP (in review),566704,434574-1,"Bot. Jahrb. Syst.","58: 174","","1923"
kew-2428693,A,Icacinaceae,,Rhyticaryum,,"fasciculatum",,"","Becc.",Accepted,,M,WCSP (in review),566679,,"Malesia","1: 121","","1877"
kew-2428720,A,Icacinaceae,,Rhyticaryum,,"gracile",,"","G.Schellenb.",Accepted,,M,WCSP (in review),566706,434576-1,"Bot. Jahrb. Syst.","58: 170","","1923"
kew-2428701,A,Icacinaceae,,Rhyticaryum,,"longifolium",,"","K.Schum. & Lauterb.",Accepted,,M,WCSP (in review),566687,,"Fl. Schutzgeb. Südsee","415","","1900"
kew-2428721,A,Icacinaceae,,Rhyticaryum,,"lucidum",,"","G.Schellenb.",Accepted,,M,WCSP (in review),566707,434577-1,"Bot. Jahrb. Syst.","58: 175","","1923"
kew-2428702,A,Icacinaceae,,Rhyticaryum,,"macrocarpum",,"","Becc.",Accepted,,M,WCSP (in review),566688,,"Malesia","1: 256","","1878"
kew-2428722,A,Icacinaceae,,Rhyticaryum,,"novoguineense",,"","(Warb.) Sleumer",Accepted,,M,WCSP (in review),566708,434578-1,"Blumea","17: 250","","1969"
kew-2428703,A,Icacinaceae,,Rhyticaryum,,"oleraceum",,"","Becc.",Accepted,,M,WCSP (in review),566689,,"Malesia","1: 121","","1877"
kew-2428705,A,Icacinaceae,,Rhyticaryum,,"oxycarpum",,"","K.Schum. & Lauterb.",Accepted,,M,WCSP (in review),566691,,"Fl. Schutzgeb. Südsee","416","","1900"
kew-2428696,A,Icacinaceae,,Rhyticaryum,,"purpurascens",,"","G.Schellenb.",Accepted,,M,WCSP (in review),566682,434584-1,"Bot. Jahrb. Syst.","58: 172","","1923"
kew-2428730,A,Icacinaceae,,Rhyticaryum,,"racemosum",,"","Becc.",Accepted,,M,WCSP (in review),566716,,"Malesia","1: 121","","1877"
kew-2428697,A,Icacinaceae,,Rhyticaryum,,"rotundatum",,"","G.Schellenb.",Accepted,,M,WCSP (in review),566683,434585-1,"Bot. Jahrb. Syst.","58: 172","","1923"
kew-2591533,A,Icacinaceae,,Sarcostigma,,"brevipes",,"","Engl.",Unresolved,,L,WCSP (in review),724908,434594-1,"Veg. Erde","9(III 2): 260","","1921"
kew-2591544,A,Icacinaceae,,Sarcostigma,,"kleinii",,"","Wight & Arn.",Accepted,,M,WCSP (in review),724919,608340-1,"Edinburgh New Philos. J.","14: 299","","1833"
kew-2591546,A,Icacinaceae,,Sarcostigma,,"paniculata",,"","Pierre",Accepted,,M,WCSP (in review),724921,608341-1,"Bull. Mens. Soc. Linn. Paris","2: 1319","","1897"
kew-2591509,A,Icacinaceae,,Sarcostigma,,"roxburghii",,"","Wall. ex Griff.",Unresolved,,L,WCSP (in review),724884,608342-1,"Proc. Linn. Soc. London","1: 282","","1846"
tro-50073357,A,Icacinaceae,,Sarcostigma,,"surigaoensis",,"","Elmer",Unresolved,,L,TRO,50073357,,"Leafl. Philipp. Bot.","10: 3749","3749","1939"
kew-2591466,A,Icacinaceae,,Stachyanthus,,"cuneatus",,"","Engl.",Accepted,,M,WCSP (in review),724842,434597-1,"Veg. Erde","9(III 2): 263","","1921"
kew-2591468,A,Icacinaceae,,Stachyanthus,,"devredii",,"","Boutique",Unresolved,,L,WCSP (in review),724844,434599-1,"Bull. Jard. Bot. État","29: 431","","1959"
kew-2591478,A,Icacinaceae,,Stachyanthus,,"donisii",,"","(Boutique) Boutique",Accepted,,M,WCSP (in review),724854,434600-1,"in Fl. Congo Belge","9: 259","","1960"
kew-2591472,A,Icacinaceae,,Stachyanthus,,"occidentalis",,"","(Keay & J.Miège) Boutique",Accepted,,M,WCSP (in review),724848,434603-1,"Bull. Jard. Bot. État","29: 431","","1959"
kew-2591473,A,Icacinaceae,,Stachyanthus,,"zenkeri",,"","Engl.",Accepted,,M,WCSP (in review),724849,,"Nat. Pflanzenfam.","Nachtr. 1: 227","","1897"
kew-2516295,A,Icacinaceae,,Trematosperma,,"cordatum",,"","Urb.",Unresolved,,L,WCSP (in review),652533,608512-1,"Ber. Deutsch. Bot. Ges.","1: 182","","1883"
