﻿ID,Major group,Family,Genus hybrid marker,Genus,Species hybrid marker,Species,Infraspecific rank,Infraspecific epithet,Authorship,Taxonomic status in TPL,Nomenclatural status from original data source,Confidence level,Source,Source id,IPNI id,Publication,Collation,Page,Date
tro-35189464,B,Jackiellaceae,,Jackiella,,"angustifolia",,"","Herzog",Unresolved,,L,TRO,35189464,,"Trans. Brit. Bryol. Soc.","1: 296","296","1950"
tro-35205619,B,Jackiellaceae,,Jackiella,,"brunnea",,"","(Horik.) S. Hatt.",Accepted,,M,TRO,35205619,,"Bull. Tokyo Sci. Mus.","11: 48","48","1944"
tro-35189465,B,Jackiellaceae,,Jackiella,,"javanica",,"","Schiffner",Accepted,,M,TRO,35189465,,"Hepat. Fl. Buitenzorg","212","212","1900"
tro-35208969,B,Jackiellaceae,,Jackiella,,"sinensis",,"","Grolle",Accepted,,M,TRO,35208969,,"Ann. Mag. Nat. Hist., ser. 2,","","",""
tro-35202524,B,Jackiellaceae,,Jackiella,,"singapurensis",,"","Schiffner",Unresolved,,L,TRO,35202524,,"Denkschr. Kaiserl. Akad. Wiss., Math.-Naturwiss. Kl.","70: 218","218","1900"
