﻿ID,Major group,Family,Genus hybrid marker,Genus,Species hybrid marker,Species,Infraspecific rank,Infraspecific epithet,Authorship,Taxonomic status in TPL,Nomenclatural status from original data source,Confidence level,Source,Source id,IPNI id,Publication,Collation,Page,Date
kew-314131,A,Juncaceae,,Distichia,,"acicularis",,"","Balslev & Laegaard",Accepted,,H,IOPI,314131,275984-2,"Nord. J. Bot.","6: 151","","1986"
tro-50073360,A,Juncaceae,,Distichia,,"bisexualis",,"","C.B. Clarke",Unresolved,,L,TRO,50073360,,"in sched.","","",""
kew-314134,A,Juncaceae,,Distichia,,"filamentosa",,"","Buchenau",Accepted,,H,IOPI,314134,442541-1,"Junc. S. Amer.","369","","1879"
kew-314137,A,Juncaceae,,Distichia,,"muscoides",,"","Nees & Meyen",Accepted,,H,IOPI,314137,,"Observ. Bot.","129","","1843"
tro-16900394,A,Juncaceae,,Juncodes,,"arcuatum",,"","Kuntze",Unresolved,,L,TRO,16900394,,"Revis. Gen. Pl.","2: 724","724","1891"
tro-16900439,A,Juncaceae,,Juncodes,,"divaricatum",,"","E. Sheld.",Unresolved,,L,TRO,16900439,,"Minnesota Bot. Stud.","1(9): 65","65","1894"
tro-16900446,A,Juncaceae,,Juncodes,,"glabratum",,"","E. Sheld.",Unresolved,,L,TRO,16900446,,"Minnesota Bot. Stud.","1(9): 63","63","1894"
tro-16900454,A,Juncaceae,,Juncodes,,"parviflorum",,"","E. Sheld.",Unresolved,,L,TRO,16900454,,"Minnesota Bot. Stud.","1(9): 63","63","1894"
tro-16900452,A,Juncaceae,,Juncodes,,"spadiceum",,"","Kuntze",Unresolved,,L,TRO,16900452,,"","","",""
tro-16900468,A,Juncaceae,,Juncodes,,"spicatum",,"","Kuntze",Unresolved,,L,TRO,16900468,,"Revis. Gen. Pl.","2: 725","725","1891"
tro-50003674,A,Juncaceae,,Juncoides,,"confestium",,"","Thier",Unresolved,,L,TRO,50003674,,"","","",""
tro-16900447,A,Juncaceae,,Juncoides,,"glabratum",,"","Piper",Accepted,,M,TRO,16900447,131921-2,"Contr. U.S. Natl. Herb.","11: 185","185","1906"
tro-50139276,A,Juncaceae,,Juncoides,,"pilosum",,"","Coville",Unresolved,,L,TRO,50139276,,"","","",""
tro-16900655,A,Juncaceae,,Juncoides,,"saltuense",,"","Small",Accepted,,M,TRO,16900655,,"","","",""
tro-16900430,A,Juncaceae,,Juncoides,,"subsessile",,"","Piper & Beattie",Unresolved,,L,TRO,16900430,,"Fl. N.W. Coast","91","91","1915"
kew-314237,A,Juncaceae,,Juncus,,"acuminatus",,"","Michx.",Accepted,,H,IOPI,314237,442622-1,"Fl. Bor.-Amer.","1: 192","","1803"
kew-314248,A,Juncaceae,,Juncus,,"acutiflorus",,"","Ehrh. ex Hoffm.",Accepted,,H,IOPI,314248,133720-3,"Deutschl. Fl.","125","","1791"
kew-314267,A,Juncaceae,,Juncus,,"acutiflorus",subsp.,"rugosus","(Steud.) Cout.",Accepted,,L,IOPI,314267,,"Fl. Port.","118","","1913"
kew-314275,A,Juncaceae,,Juncus,,"acutus",,"","L.",Accepted,,H,IOPI,314275,442636-1,"Sp. Pl.","325","","1753"
kew-314285,A,Juncaceae,,Juncus,,"acutus",subsp.,"leopoldii","(Parl.) Snogerup",Accepted,,L,IOPI,314285,,"Bot. Not.","130: 187","","1978"
kew-314304,A,Juncaceae,,Juncus,,"aemulans",,"","Liebm.",Accepted,,H,IOPI,314304,307717-2,"Vidensk. Meddel. Naturhist. Foren. Kjøbenhavn","2: 38","","1850"
kew-314309,A,Juncaceae,,Juncus,,"alatus",,"","Franch. & Sav.",Accepted,,H,IOPI,314309,,"Enum. Pl. Jap.","2: 98","","1879"
kew-314315,A,Juncaceae,,Juncus,,"alexandri",,"","L.A.S.Johnson",Accepted,,H,IOPI,314315,959491-1,"Aspects Tasmanian Bot.","37","","1991"
kew-314318,A,Juncaceae,,Juncus,,"allioides",,"","Franch.",Accepted,,H,IOPI,314318,,"Nouv. Arch. Mus. Hist. Nat.","II, 10: 99","","1887"
kew-314321,A,Juncaceae,,Juncus,,"alpigenus",,"","K.Koch",Accepted,,H,IOPI,314321,442656-1,"Ot Sist. Bot. Dergisi","21: 627","","1848"
kew-339994,A,Juncaceae,,Juncus,×,"alpiniformis",,"","Fernald",Accepted,,H,IOPI,339994,287857-2,"Rhodora","35: 235","","1933"
kew-314322,A,Juncaceae,,Juncus,,"alpinoarticulatus",,"","Chaix",Accepted,,H,IOPI,314322,,"Pl. Vapinc.","74","","1785"
kew-314323,A,Juncaceae,,Juncus,,"alpinoarticulatus",subsp.,"alpestris","(Hartm.) Hämet-Ahti",Accepted,,L,IOPI,314323,883663-1,"Ann. Bot. Fenn.","17: 342","","1980"
kew-314325,A,Juncaceae,,Juncus,,"alpinoarticulatus",subsp.,"americanus","(Farw.) Hämet-Ahti",Accepted,,L,IOPI,314325,952974-1,"Ann. Bot. Fenn.","23: 277","","1986"
kew-314327,A,Juncaceae,,Juncus,,"alpinoarticulatus",subsp.,"fischerianus","(Turcz. ex V.I.Krecz.) Hämet-Ahti",Accepted,,L,IOPI,314327,883664-1,"Memoranda Soc. Fauna Fl. Fenn.","56: 97","","1980"
kew-314328,A,Juncaceae,,Juncus,,"alpinoarticulatus",subsp.,"fuscescens","(Fernald) Hämet-Ahti",Accepted,,L,IOPI,314328,952975-1,"Ann. Bot. Fenn.","23: 280","","1986"
kew-314332,A,Juncaceae,,Juncus,,"alpinoarticulatus",subsp.,"rariflorus","(Hartm.) Holub",Accepted,,L,IOPI,314332,,"Folia Geobot. Phytotax.","23: 413","","1988"
kew-314366,A,Juncaceae,,Juncus,,"amabilis",,"","Edgar",Accepted,,H,IOPI,314366,442663-1,"New Zealand J. Bot.","2: 186","","1964"
kew-314372,A,Juncaceae,,Juncus,,"amplifolius",,"","A.Camus",Accepted,,H,IOPI,314372,442666-1,"Notul. Syst. (Paris)","1: 281","","1910"
kew-314374,A,Juncaceae,,Juncus,,"amuricus",,"","(Maxim.) V.I.Krecz. & Gontsch.",Accepted,,H,IOPI,314374,442667-1,"Fl. URSS","3: 623","","1935"
kew-314376,A,Juncaceae,,Juncus,,"anatolicus",,"","Snogerup",Accepted,,H,IOPI,314376,442668-1,"Bot. Not.","131: 194","","1978"
kew-314377,A,Juncaceae,,Juncus,,"anceps",,"","Laharpe",Accepted,,H,IOPI,314377,,"Essai Monogr. Jonc.","38","","1825"
kew-314385,A,Juncaceae,,Juncus,,"andersonii",,"","Buchenau",Accepted,,H,IOPI,314385,131978-2,"Pflanzenr.","IV, 36: 202","","1906"
tro-16900108,A,Juncaceae,,Juncus,,"andicolus",,"","Hook.",Unresolved,,L,TRO,16900108,,"","","",""
kew-314392,A,Juncaceae,,Juncus,,"antarcticus",,"","Hook.f.",Accepted,,H,IOPI,314392,442677-1,"Fl. Antarct.","1: 79","","1844"
kew-314393,A,Juncaceae,,Juncus,,"anthelatus",,"","(Wiegand) R.E.Brooks & Whittem.",Accepted,,H,IOPI,314393,1107238-2,"Novon","9: 11","","1999"
kew-314399,A,Juncaceae,,Juncus,,"arcticus",,"","Willd.",Accepted,,H,IOPI,314399,442684-1,"Sp. Pl.","2: 206","","1799"
kew-314400,A,Juncaceae,,Juncus,,"arcticus",subsp.,"alaskanus","Hultén",Accepted,,L,IOPI,314400,,"Acta Univ. Lund.","n.s., 39(2): 441","","1943"
kew-314408,A,Juncaceae,,Juncus,,"arcticus",subsp.,"grubovii","(Novikov) Novikov, Kirschner & Snogerup",Accepted,,L,IOPI,314408,20008353-1,"Preslia","74: 252","","2002"
kew-314421,A,Juncaceae,,Juncus,,"aridicola",,"","L.A.S.Johnson",Accepted,,H,IOPI,314421,442690-1,"Fl. S. Austral.","ed. 3, 1: 322","","1978"
kew-340151,A,Juncaceae,,Juncus,,"aristatus",,"","Larrañaga",Unresolved,,L,IOPI,340151,131992-2,"Escritos D. A. Larrañaga","2: 138","","1923"
kew-314426,A,Juncaceae,,Juncus,,"articulatus",,"","L.",Accepted,,H,IOPI,314426,442698-1,"Sp. Pl.","327","","1753"
kew-314439,A,Juncaceae,,Juncus,,"articulatus",subsp.,"limosus","(Vorosch.) Vorosch.",Accepted,,L,IOPI,314439,987712-1,"Florist. Issl. Razn. Raionakh SSSR","157","","1985"
kew-340030,A,Juncaceae,,Juncus,,"articulifolius",,"","Larrañaga",Unresolved,,L,IOPI,340030,132003-2,"Escritos D. A. Larrañaga","2: 138","","1923"
kew-314466,A,Juncaceae,,Juncus,,"astreptus",,"","L.A.S.Johnson",Accepted,,H,IOPI,314466,,"Aspects Tasmanian Bot.","37","","1991"
kew-314469,A,Juncaceae,,Juncus,,"atratus",,"","Krock.",Accepted,,H,IOPI,314469,442706-1,"Fl. Siles.","1: 562","","1787"
kew-314482,A,Juncaceae,,Juncus,,"australis",,"","Hook.f.",Accepted,,H,IOPI,314482,442717-1,"Fl. Tasman.","2: 66","","1858"
kew-314486,A,Juncaceae,,Juncus,,"balticus",,"","Willd.",Accepted,,H,IOPI,314486,324783-2,"Mag. Neuesten Entdeck. Gesammten Naturk. Ges. Naturf. Freunde Berlin","3: 298","","1809"
kew-314487,A,Juncaceae,,Juncus,,"balticus",subsp.,"andicola","(Hook.) Snogerup",Accepted,,L,IOPI,314487,20008358-1,"Preslia","74: 258","","2002"
kew-314488,A,Juncaceae,,Juncus,,"balticus",subsp.,"ater","(Rydb.) Snogerup",Accepted,,L,IOPI,314488,20008357-1,"Preslia","74: 258","","2002"
kew-314490,A,Juncaceae,,Juncus,,"balticus",subsp.,"cantabricus","(T.E.Díaz, Fern.-Carv. & Fern.Prieto) Snogerup",Accepted,,L,IOPI,314490,20008354-1,"Preslia","74: 256","","2002"
kew-314505,A,Juncaceae,,Juncus,,"balticus",subsp.,"littoralis","(Engelm.) Snogerup",Accepted,,L,IOPI,314505,20008355-1,"Preslia","74: 256","","2002"
kew-314509,A,Juncaceae,,Juncus,,"balticus",subsp.,"mexicanus","(Willd. ex Schult. & Schult.f.) Snogerup",Accepted,,L,IOPI,314509,20008356-1,"Preslia","74: 257","","2002"
kew-314518,A,Juncaceae,,Juncus,,"balticus",subsp.,"pyrenaeus","(Timb.-Lagr. & Jeanb.) P.Fourn.",Accepted,,L,IOPI,314518,1112824-2,"Quatre Fl. France","146","","1946"
kew-314523,A,Juncaceae,,Juncus,,"bassianus",,"","L.A.S.Johnson",Accepted,,H,IOPI,314523,,"Aspects Tasmanian Bot.","37","","1991"
kew-314524,A,Juncaceae,,Juncus,,"benghalensis",,"","Kunth",Accepted,,H,IOPI,314524,442722-1,"Enum. Pl.","3: 360","","1841"
kew-314525,A,Juncaceae,,Juncus,,"beringensis",,"","Buchenau",Accepted,,H,IOPI,314525,132026-2,"Bot. Jahrb. Syst.","12: 226","","1890"
kew-314530,A,Juncaceae,,Juncus,,"biflorus",,"","Elliott",Accepted,,H,IOPI,314530,442729-1,"Sketch Bot. S. Carolina","1: 407","","1817"
kew-314533,A,Juncaceae,,Juncus,,"biglumis",,"","L.",Accepted,,H,IOPI,314533,442732-1,"Sp. Pl.","328","","1753"
kew-314535,A,Juncaceae,,Juncus,,"biglumoides",,"","H.Hara",Accepted,,H,IOPI,314535,442734-1,"J. Jap. Bot.","49: 201","","1974"
kew-314540,A,Juncaceae,,Juncus,,"bolanderi",,"","Engelm.",Accepted,,H,IOPI,314540,442737-1,"Trans. Acad. Sci. St. Louis","2: 470","","1868"
kew-314545,A,Juncaceae,,Juncus,,"brachycarpus",,"","Engelm.",Accepted,,H,IOPI,314545,,"Manual","ed. 5: 542","","1867"
kew-314546,A,Juncaceae,,Juncus,,"brachycephalus",,"","(Engelm.) Buchenau",Accepted,,H,IOPI,314546,132036-2,"Bot. Jahrb. Syst.","12: 268","","1890"
kew-314548,A,Juncaceae,,Juncus,,"brachyphyllus",,"","Wiegand",Accepted,,H,IOPI,314548,132038-2,"Bull. Torrey Bot. Club","27: 519","","1900"
kew-314549,A,Juncaceae,,Juncus,,"brachyspathus",,"","Maxim.",Accepted,,H,IOPI,314549,442744-1,"Mém. Acad. Imp. Sci. Saint-Pétersbourg, Sér. 6, Sci. Math., Seconde Pt. Sci. Nat.","9: 293","","1859"
kew-314551,A,Juncaceae,,Juncus,,"brachystigma",,"","Sam.",Accepted,,H,IOPI,314551,442745-1,"Symb. Sin.","7: 1236","","1936"
kew-314556,A,Juncaceae,,Juncus,,"brasiliensis",,"","Breistr.",Accepted,,H,IOPI,314556,442751-1,"Bull. Soc. Sci. Isère","VI, 1: 609","","1947"
kew-314557,A,Juncaceae,,Juncus,,"brevibracteus",,"","L.A.S.Johnson",Accepted,,H,IOPI,314557,970841-1,"Telopea","5: 309","","1993"
kew-314558,A,Juncaceae,,Juncus,,"brevicaudatus",,"","(Engelm.) Fernald",Accepted,,H,IOPI,314558,132041-2,"Rhodora","6: 35","","1904"
kew-314559,A,Juncaceae,,Juncus,,"breviculmis",,"","Balslev",Accepted,,H,IOPI,314559,132042-2,"Brittonia","35: 303","","1983"
kew-314567,A,Juncaceae,,Juncus,,"breweri",,"","Engelm.",Accepted,,H,IOPI,314567,442759-1,"Trans. Acad. Sci. St. Louis","2: 440","","1866"
kew-340125,A,Juncaceae,,Juncus,×,"brueggeri",,"","Domin",Accepted,,H,IOPI,340125,442762-1,"Preslia","13-15: 23","","1936"
kew-314572,A,Juncaceae,,Juncus,,"bryoides",,"","F.J.Herm.",Accepted,,H,IOPI,314572,132047-2,"Leafl. W. Bot.","5: 117","","1948"
kew-314573,A,Juncaceae,,Juncus,,"bryophilus",,"","W.W.Sm.",Accepted,,H,IOPI,314573,,"Edinburgh J. Bot.","51: 137","","1994"
kew-314576,A,Juncaceae,,Juncus,,"bufonius",,"","L.",Accepted,,H,IOPI,314576,442769-1,"Sp. Pl.","328","","1753"
kew-314645,A,Juncaceae,,Juncus,,"bulbosus",,"","L.",Accepted,,H,IOPI,314645,442772-1,"Sp. Pl.","327","","1753"
kew-314668,A,Juncaceae,,Juncus,,"burkartii",,"","Barros",Accepted,,H,IOPI,314668,132056-2,"Darwiniana","10: 431","","1953"
kew-314669,A,Juncaceae,,Juncus,,"caesariensis",,"","Coville",Accepted,,H,IOPI,314669,132057-2,"Mem. Torrey Bot. Club","5: 106","","1894"
kew-314670,A,Juncaceae,,Juncus,,"caespiticius",,"","E.Mey.",Accepted,,H,IOPI,314670,442778-1,"Pl. Preiss.","2: 47","","1846"
kew-314680,A,Juncaceae,,Juncus,,"canadensis",,"","J.Gay ex Laharpe",Accepted,,H,IOPI,314680,30001342-2,"Essai Monogr. Jonc.","46","","1825"
kew-314696,A,Juncaceae,,Juncus,,"capensis",,"","Thunb.",Accepted,,H,IOPI,314696,,"Prodr. Pl. Cap.","1: 66","","1794"
kew-314715,A,Juncaceae,,Juncus,,"capillaceus",,"","Lam.",Accepted,,H,IOPI,314715,442788-1,"Encycl.","3: 266","","1789"
kew-314719,A,Juncaceae,,Juncus,,"capillaris",,"","F.J.Herm.",Accepted,,H,IOPI,314719,132072-2,"Leafl. W. Bot.","5: 116","","1948"
kew-314720,A,Juncaceae,,Juncus,,"capitatus",,"","Weigel",Accepted,,H,IOPI,314720,442792-1,"Observ. Bot.","28","","1772"
kew-314733,A,Juncaceae,,Juncus,,"castaneus",,"","Sm.",Accepted,,H,IOPI,314733,,"Fl. Brit.","1: 383","","1800"
kew-314737,A,Juncaceae,,Juncus,,"castaneus",subsp.,"leucochlamys","(V.J.Zinger ex V.I.Krecz.) Hultén",Accepted,,L,IOPI,314737,,"Ark. Bot.","a.s., 7(1): 32","","1967 publ. 1968"
kew-314740,A,Juncaceae,,Juncus,,"castaneus",subsp.,"triceps","(Rostk.) Novikov",Accepted,,L,IOPI,314740,883695-1,"Novosti Sist. Vyssh. Rast.","15: 92","","1979"
kew-314743,A,Juncaceae,,Juncus,,"cephalostigma",,"","Sam.",Accepted,,H,IOPI,314743,442801-1,"Symb. Sin.","7: 1233","","1936"
kew-314745,A,Juncaceae,,Juncus,,"cephalotes",,"","Thunb.",Accepted,,H,IOPI,314745,442804-1,"Prodr. Pl. Cap.","66","","1794"
kew-314751,A,Juncaceae,,Juncus,,"chiapasensis",,"","Balslev",Accepted,,H,IOPI,314751,279040-2,"Ann. Missouri Bot. Gard.","75: 379","","1988"
kew-314752,A,Juncaceae,,Juncus,,"chlorocephalus",,"","Engelm.",Accepted,,H,IOPI,314752,442810-1,"Trans. Acad. Sci. St. Louis","2: 485","","1868"
kew-314754,A,Juncaceae,,Juncus,,"chrysocarpus",,"","Buchenau",Accepted,,H,IOPI,314754,442812-1,"Bot. Jahrb. Syst.","6: 201","","1885"
kew-314755,A,Juncaceae,,Juncus,,"clarkei",,"","Buchenau",Accepted,,H,IOPI,314755,442813-1,"Bot. Jahrb. Syst.","6: 210","","1885"
kew-314772,A,Juncaceae,,Juncus,,"compressus",,"","Jacq.",Accepted,,H,IOPI,314772,442830-1,"Enum. Stirp. Vindob.","60, 235","","1762"
kew-314799,A,Juncaceae,,Juncus,,"concinnus",,"","D.Don",Accepted,,H,IOPI,314799,442833-1,"Prodr. Fl. Nepal.","44","","1825"
kew-314802,A,Juncaceae,,Juncus,,"concolor",,"","Sam.",Accepted,,H,IOPI,314802,442834-1,"Symb. Sin.","7: 1232","","1936"
kew-314804,A,Juncaceae,,Juncus,,"confusus",,"","Coville",Accepted,,H,IOPI,314804,132080-2,"Proc. Biol. Soc. Wash.","10: 127","","1896"
kew-314807,A,Juncaceae,,Juncus,,"conglomeratus",,"","L.",Accepted,,H,IOPI,314807,442841-1,"Sp. Pl.","326","","1753"
kew-314820,A,Juncaceae,,Juncus,,"continuus",,"","L.A.S.Johnson",Accepted,,H,IOPI,314820,442844-1,"Fl. S. Austral.","ed. 3, 1: 325","","1978"
kew-340076,A,Juncaceae,,Juncus,,"convolutus",,"","Raf.",Unresolved,,L,IOPI,340076,442846-1,"Autik. Bot.","195","","1840"
kew-314821,A,Juncaceae,,Juncus,,"cooperi",,"","Engelm.",Accepted,,H,IOPI,314821,442847-1,"Trans. Acad. Sci. St. Louis","2: 590","","1868"
kew-314822,A,Juncaceae,,Juncus,,"cordobensis",,"","Barros",Accepted,,H,IOPI,314822,132085-2,"Lilloa","28: 279","","1957"
kew-314823,A,Juncaceae,,Juncus,,"coriaceus",,"","Mack.",Accepted,,H,IOPI,314823,132086-2,"Bull. Torrey Bot. Club","56: 28","","1929"
kew-340139,A,Juncaceae,,Juncus,×,"correctus",,"","Steud.",Accepted,,H,IOPI,340139,442852-1,"Syn. Pl. Glumac.","2: 296","","1855"
kew-314825,A,Juncaceae,,Juncus,,"covillei",,"","Piper",Accepted,,H,IOPI,314825,132088-2,"Contr. U. S. Natl. Herb.","11: 182","","1906"
kew-314827,A,Juncaceae,,Juncus,,"covillei",var.,"obtusatus","C.L.Hitchc.",Accepted,,L,IOPI,314827,132089-2,"Vasc. Pl. Pacific Northw.","1: 193","","1969"
kew-314831,A,Juncaceae,,Juncus,,"crassistylus",,"","A.Camus",Accepted,,H,IOPI,314831,442857-1,"Notul. Syst. (Paris)","1: 278","","1910"
kew-314833,A,Juncaceae,,Juncus,,"curtisiae",,"","L.A.S.Johnson",Accepted,,H,IOPI,314833,959496-1,"Aspects Tasmanian Bot.","44","","1991"
kew-340103,A,Juncaceae,,Juncus,,"curvatus",,"","Buchenau",Accepted,,H,IOPI,340103,,"Pflanzenr.","IV, 36: 128","","1906"
kew-314836,A,Juncaceae,,Juncus,,"cyperoides",,"","Laharpe",Accepted,,H,IOPI,314836,,"Essai Monogr. Jonc.","57","","1825"
kew-314840,A,Juncaceae,,Juncus,,"debilis",,"","A.Gray",Accepted,,H,IOPI,314840,132094-2,"Manual","506","","1848"
kew-314841,A,Juncaceae,,Juncus,,"decipiens",,"","(Buchenau) Nakai",Accepted,,H,IOPI,314841,,"Veg. Kamikochi","35","","1928"
kew-314848,A,Juncaceae,,Juncus,,"decipiens",subsp.,"sundaicus","(Ridl.) L.A.S.Johnson & K.L.Wilson",Accepted,,L,IOPI,314848,1021347-1,"Telopea","9: 378","","2001"
kew-340009,A,Juncaceae,,Juncus,×,"degenianus",,"","Boros",Accepted,,H,IOPI,340009,442874-1,"Magyar Bot. Lapok","19: 41","","1920 publ. 1922"
kew-314852,A,Juncaceae,,Juncus,,"densiflorus",,"","Kunth",Accepted,,H,IOPI,314852,442877-1,"Nov. Gen. Sp.","1: 238","","1816"
kew-314855,A,Juncaceae,,Juncus,,"deosaicus",,"","Noltie",Accepted,,H,IOPI,314855,999929-1,"Edinburgh J. Bot.","55: 41","","1998"
kew-314860,A,Juncaceae,,Juncus,,"diastrophanthus",,"","Buchenau",Accepted,,H,IOPI,314860,442884-1,"Bot. Jahrb. Syst.","12: 309","","1890"
kew-314861,A,Juncaceae,,Juncus,,"dichotomus",,"","Elliott",Accepted,,H,IOPI,314861,442886-1,"Sketch Bot. S. Carolina","1: 406","","1817"
kew-314863,A,Juncaceae,,Juncus,,"diemii",,"","Barros",Accepted,,H,IOPI,314863,132100-2,"Darwiniana","10: 65","","1952"
kew-314864,A,Juncaceae,,Juncus,,"diffusissimus",,"","Buckley",Accepted,,H,IOPI,314864,310107-2,"Proc. Acad. Nat. Sci. Philadelphia","14: 9","","1862"
kew-340128,A,Juncaceae,,Juncus,×,"diffusus",,"","Hoppe",Accepted,,H,IOPI,340128,442889-1,"Flora","1(2): 186","","1819"
tro-50003598,A,Juncaceae,,Juncus,,"diffusus",,"","Wiegand",Unresolved,,L,TRO,50003598,,"","","",""
tro-16900919,A,Juncaceae,,Juncus,,"diganthus",,"","Phil.",Unresolved,,L,TRO,16900919,,"","","",""
kew-458018,A,Juncaceae,,Juncus,,"digitatus",,"","C.W.Witham & Zika",Accepted,,H,IOPI,458018,77099721-1,"J. Bot. Res. Inst. Texas","2: 775","","2008"
kew-314866,A,Juncaceae,,Juncus,,"distegus",,"","Edgar",Accepted,,H,IOPI,314866,442894-1,"New Zealand J. Bot.","2: 183","","1964"
kew-314869,A,Juncaceae,,Juncus,,"dolichanthus",,"","L.A.S.Johnson",Accepted,,H,IOPI,314869,970842-1,"Telopea","5: 310","","1993"
kew-314874,A,Juncaceae,,Juncus,,"dongchuanensis",,"","K.F.Wu",Accepted,,H,IOPI,314874,980966-1,"Acta Phytotax. Sin.","32: 457","","1994"
kew-340012,A,Juncaceae,,Juncus,×,"donyanae",,"","Fern.-Carv.",Accepted,,H,IOPI,340012,931263-1,"Lagascalia","14: 117","","1986"
kew-314875,A,Juncaceae,,Juncus,,"dregeanus",,"","Kunth",Accepted,,H,IOPI,314875,442899-1,"Enum. Pl.","3: 344","","1841"
kew-314876,A,Juncaceae,,Juncus,,"dregeanus",subsp.,"bachitii","(Hochst. ex Steud.) Hedberg",Accepted,,L,IOPI,314876,,"Symb. Bot. Upsal.","15: 61","","1957"
kew-314882,A,Juncaceae,,Juncus,,"drummondii",,"","E.Mey.",Accepted,,H,IOPI,314882,,"Fl. Ross.","4: 235","","1853"
kew-314888,A,Juncaceae,,Juncus,,"dubius",,"","Engelm.",Accepted,,H,IOPI,314888,442903-1,"Trans. Acad. Sci. St. Louis","2: 459","","1868"
kew-314890,A,Juncaceae,,Juncus,,"dudleyi",,"","Wiegand",Accepted,,H,IOPI,314890,132109-2,"Bull. Torrey Bot. Club","27: 524","","1900"
kew-340140,A,Juncaceae,,Juncus,,"dulongjiongensis",,"","Novikov",Accepted,,H,IOPI,340140,1008667-1,"Byull. Moskovsk. Obshch. Isp. Prir., Otd. Biol.","n.s., 103(4): 69","","1998"
kew-314892,A,Juncaceae,,Juncus,,"durus",,"","L.A.S.Johnson & K.L.Wilson",Accepted,,H,IOPI,314892,1021348-1,"Telopea","9: 380","","2001"
kew-314893,A,Juncaceae,,Juncus,,"duthiei",,"","(C.B.Clarke) Noltie",Accepted,,H,IOPI,314893,978932-1,"Edinburgh J. Bot.","51: 134","","1994"
kew-314895,A,Juncaceae,,Juncus,,"ebracteatus",,"","E.Mey.",Accepted,,H,IOPI,314895,442909-1,"Syn. Junc.","28","","1822"
kew-314898,A,Juncaceae,,Juncus,,"echinocephalus",,"","Balslev",Accepted,,H,IOPI,314898,132111-2,"Fl. Ecuador","11: 37","","1979"
kew-314900,A,Juncaceae,,Juncus,,"ecuadoriensis",,"","Balslev",Accepted,,H,IOPI,314900,132112-2,"Fl. Ecuador","11: 36","","1979"
kew-314901,A,Juncaceae,,Juncus,,"edgariae",,"","L.A.S.Johnson & K.L.Wilson",Accepted,,H,IOPI,314901,1021349-1,"Telopea","9: 399","","2001"
kew-314902,A,Juncaceae,,Juncus,,"effusus",,"","L.",Accepted,,H,IOPI,314902,442917-1,"Sp. Pl.","326","","1753"
kew-314931,A,Juncaceae,,Juncus,,"effusus",subsp.,"laxus","(Robyns & Tournay) Snogerup",Accepted,,L,IOPI,314931,20008359-1,"Preslia","74: 259","","2002"
kew-314934,A,Juncaceae,,Juncus,,"effusus",subsp.,"pacificus","(Fernald & Wiegand) Piper & Beattie",Accepted,,L,IOPI,314934,60428487-2,"Fl. N.W. Coast","88","","1915"
kew-314943,A,Juncaceae,,Juncus,,"effusus",subsp.,"solutus","(Fernald & Wiegand) Hämet-Ahti",Accepted,,L,IOPI,314943,883700-1,"Ann. Bot. Fenn.","17: 188","","1980"
kew-314951,A,Juncaceae,,Juncus,,"elbrusicus",,"","Galushko",Accepted,,H,IOPI,314951,442921-1,"Novosti Sist. Vyssh. Rast.","6: 212","","1970"
kew-314953,A,Juncaceae,,Juncus,,"elliottii",,"","Chapm.",Accepted,,H,IOPI,314953,442925-1,"Fl. South. U.S.","494","","1860"
kew-314956,A,Juncaceae,,Juncus,,"emmanuelis",,"","A.Fern. & J.G.García",Accepted,,H,IOPI,314956,,"Bol. Soc. Brot.","II, 21: 6","","1947"
kew-314959,A,Juncaceae,,Juncus,,"engleri",,"","Buchenau",Accepted,,H,IOPI,314959,,"Pflanzenr.","IV, 36: 248","","1906"
kew-314960,A,Juncaceae,,Juncus,,"ensifolius",,"","Wikstr.",Accepted,,H,IOPI,314960,,"Kongl. Vetensk. Acad. Handl.","2: 1","","1824"
tro-50003605,A,Juncaceae,,Juncus,,"ensiformis",,"","Wikstr.",Unresolved,,L,TRO,50003605,,"","","",""
kew-314965,A,Juncaceae,,Juncus,,"equisetinus",,"","Proskur.",Accepted,,H,IOPI,314965,442932-1,"Byull. Moskovsk. Obshch. Isp. Prir., Otd. Biol.","n.s., 80(2): 117","","1975"
kew-314970,A,Juncaceae,,Juncus,,"ernesti-barrosi",,"","Barros",Accepted,,H,IOPI,314970,132132-2,"Darwiniana","10: 433","","1953"
kew-314974,A,Juncaceae,,Juncus,,"exiguus",,"","(Fernald & Wiegand) Lint ex Snogerup & P.F.Zika",Accepted,,H,IOPI,314974,20008360-1,"Preslia","74: 260","","2002"
kew-314977,A,Juncaceae,,Juncus,,"exsertus",,"","Buchenau",Accepted,,H,IOPI,314977,442945-1,"Monogr. Junc. Cap","435","","1875"
kew-314979,A,Juncaceae,,Juncus,,"falcatus",,"","E.Mey.",Accepted,,H,IOPI,314979,442946-1,"Syn. Luzul.","34","","1823"
kew-314984,A,Juncaceae,,Juncus,,"falcatus",subsp.,"sitchensis","(Buchenau) Hultén",Accepted,,L,IOPI,314984,132138-2,"Acta Univ. Lund.","n.s., 39(2): 427","","1943"
kew-340010,A,Juncaceae,,Juncus,×,"fallax",,"","Trab.",Accepted,,H,IOPI,340010,442947-1,"Fl. Algérie","Monocot.: 86","","1895"
kew-314991,A,Juncaceae,,Juncus,,"fauriei",,"","Lév. & Vaniot",Accepted,,H,IOPI,314991,442955-1,"Bull. Soc. Bot. France","51: 292","","1904"
kew-314992,A,Juncaceae,,Juncus,,"fauriensis",,"","Buchenau",Accepted,,H,IOPI,314992,442956-1,"Notizbl. Königl. Bot. Gart. Berlin","3: 127","","1901"
kew-314995,A,Juncaceae,,Juncus,,"fauriensis",subsp.,"kamschatcensis","(Buchenau) Novikov",Accepted,,L,IOPI,314995,966369-1,"Byull. Moskovsk. Obshch. Isp. Prir., Otd. Biol.","n.s., 95(5): 120","","1990"
kew-314998,A,Juncaceae,,Juncus,,"filicaulis",,"","Buchenau",Accepted,,H,IOPI,314998,,"Proc. Linn. Soc. New South Wales","28: 913","","1904"
kew-315000,A,Juncaceae,,Juncus,,"filiformis",,"","L.",Accepted,,H,IOPI,315000,442961-1,"Sp. Pl.","326","","1753"
kew-315012,A,Juncaceae,,Juncus,,"filipendulus",,"","Buckley",Accepted,,H,IOPI,315012,442962-1,"Proc. Acad. Nat. Sci. Philadelphia","1862: 8","","1862"
kew-315013,A,Juncaceae,,Juncus,,"fimbristyloides",,"","Noltie",Accepted,,H,IOPI,315013,999928-1,"Edinburgh J. Bot.","55: 39","","1998"
kew-315014,A,Juncaceae,,Juncus,,"firmus",,"","L.A.S.Johnson",Accepted,,H,IOPI,315014,970843-1,"Telopea","5: 311","","1993"
kew-315019,A,Juncaceae,,Juncus,,"flavidus",,"","L.A.S.Johnson",Accepted,,H,IOPI,315019,442968-1,"Fl. S. Austral.","ed. 3, 1: 325","","1978"
kew-340143,A,Juncaceae,,Juncus,,"flexilis",,"","Turcz.",Unresolved,,L,IOPI,340143,,"Ukaz. Otkryt.","8(1): 412","",""
kew-315024,A,Juncaceae,,Juncus,,"fockei",,"","Buchenau",Accepted,,H,IOPI,315024,,"Bot. Jahrb. Syst.","12: 359","","1890"
kew-315025,A,Juncaceae,,Juncus,,"foliosus",,"","Desf.",Accepted,,H,IOPI,315025,442978-1,"Fl. Atlant.","1: 315","","1798"
kew-349434,A,Juncaceae,,Juncus,,"fominii",,"","Zoz",Accepted,,H,IOPI,349434,442979-1,"Sbirn. Pric. Pamj. Akad. O. B. Fomina","51","","1938"
kew-315027,A,Juncaceae,,Juncus,,"fontanesii",,"","J.Gay ex Laharpe",Accepted,,H,IOPI,315027,,"Essai Monogr. Jonc.","42","","1825"
kew-315028,A,Juncaceae,,Juncus,,"fontanesii",subsp.,"brachyanthus","Trab.",Accepted,,L,IOPI,315028,,"Fl. Algérie","Monocot.: 86","","1895"
kew-315031,A,Juncaceae,,Juncus,,"fontanesii",subsp.,"kotschyi","(Boiss.) Snogerup",Accepted,,L,IOPI,315031,883702-1,"in Fl. Iran.","75: 25","","1971"
kew-315034,A,Juncaceae,,Juncus,,"fontanesii",subsp.,"pyramidatus","(Laharpe) Snogerup",Accepted,,L,IOPI,315034,883703-1,"in Fl. Iran.","75: 25","","1971"
kew-334709,A,Juncaceae,,Juncus,,"fugongensis",,"","S.Y.Bao",Accepted,,H,IOPI,334709,77068163-1,"in Fl. Yunnanica","15: 804","","2003"
kew-339993,A,Juncaceae,,Juncus,×,"fulvescens",,"","Fernald",Accepted,,H,IOPI,339993,287856-2,"Rhodora","35: 236","","1933"
kew-340071,A,Juncaceae,,Juncus,,"fuscatus",,"","Raf.",Unresolved,,L,IOPI,340071,442988-1,"Autik. Bot.","194","","1840"
kew-315047,A,Juncaceae,,Juncus,,"ganeshii",,"","Miyam. & H.Ohba",Accepted,,H,IOPI,315047,986057-1,"J. Jap. Bot.","70: 245","","1995"
kew-315050,A,Juncaceae,,Juncus,,"georgianus",,"","Coville",Accepted,,H,IOPI,315050,132143-2,"Bull. Torrey Bot. Club","22: 44","","1895"
kew-315051,A,Juncaceae,,Juncus,,"gerardii",,"","Loisel.",Accepted,,H,IOPI,315051,442994-1,"J. Bot. (Desvaux)","2: 284","","1809"
kew-315053,A,Juncaceae,,Juncus,,"gerardii",subsp.,"atrofuscus","(Rupr.) Printz",Accepted,,L,IOPI,315053,,"Veg. Siber.-Mongol. Front.","177","","1921"
kew-315060,A,Juncaceae,,Juncus,,"gerardii",subsp.,"montanus","Snogerup",Accepted,,L,IOPI,315060,883708-1,"Bot. Not.","131: 185","","1978"
kew-315075,A,Juncaceae,,Juncus,,"giganteus",,"","Sam.",Accepted,,H,IOPI,315075,,"Acta Horti Gothob.","3: 70","","1927"
kew-315078,A,Juncaceae,,Juncus,,"glaucoturgidus",,"","Noltie",Accepted,,H,IOPI,315078,978930-1,"Edinburgh J. Bot.","51: 132","","1994"
kew-315117,A,Juncaceae,,Juncus,,"gonggae",,"","Miyam. & H.Ohba",Accepted,,H,IOPI,315117,996656-1,"J. Jap. Bot.","72: 162","","1997"
kew-339998,A,Juncaceae,,Juncus,×,"gracilescens",,"","F.J.Herm. ex Wadmond",Accepted,,H,IOPI,339998,287855-2,"Rhodora","49: 120","","1947"
kew-315119,A,Juncaceae,,Juncus,,"gracilicaulis",,"","A.Camus",Accepted,,H,IOPI,315119,443011-1,"Notul. Syst. (Paris)","1: 279","","1910"
kew-315127,A,Juncaceae,,Juncus,,"gracillimus",,"","(Buchenau) V.I.Krecz. & Gontsch.",Accepted,,H,IOPI,315127,443017-1,"Fl. URSS","3: 528","","1935"
kew-315134,A,Juncaceae,,Juncus,,"greenei",,"","Oakes & Tuck.",Accepted,,H,IOPI,315134,279041-2,"Amer. J. Sci. Arts","45: 37","","1843"
kew-315136,A,Juncaceae,,Juncus,,"gregiflorus",,"","L.A.S.Johnson",Accepted,,H,IOPI,315136,443023-1,"Contr. New South Wales Natl. Herb.","3: 243","","1963"
kew-315138,A,Juncaceae,,Juncus,,"grisebachii",,"","Buchenau",Accepted,,H,IOPI,315138,443025-1,"Abh. Naturwiss. Vereins Bremen","3: 295","","1873"
kew-315140,A,Juncaceae,,Juncus,,"guadeloupensis",,"","Buchenau & Urb.",Accepted,,H,IOPI,315140,308352-2,"Symb. Antill.","1: 496","","1900"
kew-315141,A,Juncaceae,,Juncus,,"gubanovii",,"","Novikov",Accepted,,H,IOPI,315141,443027-1,"Byull. Moskovsk. Obshch. Isp. Prir., Otd. Biol.","n.s., 80(3): 130","","1975"
kew-315144,A,Juncaceae,,Juncus,,"gymnocarpus",,"","Coville",Accepted,,H,IOPI,315144,132151-2,"Mem. Torrey Bot. Club","17: 106","","1894"
kew-315145,A,Juncaceae,,Juncus,,"haenkei",,"","E.Mey.",Accepted,,H,IOPI,315145,443032-1,"Syn. Junc.","10","","1822"
kew-315146,A,Juncaceae,,Juncus,,"hallii",,"","Engelm.",Accepted,,H,IOPI,315146,443033-1,"Trans. Acad. Sci. St. Louis","2: 433","","1866"
kew-315148,A,Juncaceae,,Juncus,,"harae",,"","Miyam. & H.Ohba",Accepted,,H,IOPI,315148,971611-1,"J. Jap. Bot.","68: 27","","1993"
kew-315150,A,Juncaceae,,Juncus,,"heldreichianus",,"","T.Marsson ex Parl.",Accepted,,H,IOPI,315150,443037-1,"Fl. Ital.","2: 315","","1852"
kew-315152,A,Juncaceae,,Juncus,,"heldreichianus",subsp.,"orientalis","Snogerup",Accepted,,L,IOPI,315152,883709-1,"in Fl. Iran.","75: 7","","1971"
kew-315154,A,Juncaceae,,Juncus,,"hemiendytus",,"","F.J.Herm.",Accepted,,H,IOPI,315154,132153-2,"Leafl. W. Bot.","5: 118","","1948"
kew-315155,A,Juncaceae,,Juncus,,"hemiendytus",var.,"abjectus","(F.J.Herm.) Ertter",Accepted,,L,IOPI,315155,952958-1,"Mem. New York Bot. Gard.","39: 76","","1986"
kew-315157,A,Juncaceae,,Juncus,,"heptopotamicus",,"","V.I.Krecz. & Gontsch.",Accepted,,H,IOPI,315157,443041-1,"Fl. URSS","3: 628","","1935"
kew-315158,A,Juncaceae,,Juncus,,"hesperius",,"","(Piper) Lint",Accepted,,H,IOPI,315158,20008362-1,"Preslia","74: 263","","2002"
kew-315160,A,Juncaceae,,Juncus,,"heterophyllus",,"","Dufour",Accepted,,H,IOPI,315160,,"Ann. Sci. Nat. (Paris)","5: 88","","1825"
kew-315161,A,Juncaceae,,Juncus,,"himalensis",,"","Klotzsch",Accepted,,H,IOPI,315161,443044-1,"Bot. Ergebn. Reise Waldemar","60","","1862"
kew-315167,A,Juncaceae,,Juncus,,"holoschoenus",,"","R.Br.",Accepted,,H,IOPI,315167,443048-1,"Prodr. Fl. Nov. Holl.","1: 259","","1810"
kew-315169,A,Juncaceae,,Juncus,,"homalocaulis",,"","F.Muell. ex Benth.",Accepted,,H,IOPI,315169,,"Fl. Austral.","7: 128","","1878"
tro-50003618,A,Juncaceae,,Juncus,,"hoodii",,"","Boottin Hook",Unresolved,,L,TRO,50003618,,"","","",""
tro-50264986,A,Juncaceae,,Juncus,,"hookerianus",,"","Steud.",Unresolved,,L,TRO,50264986,,"Syn. Pl. Glumac.","2: 307","307","1855"
kew-315174,A,Juncaceae,,Juncus,,"howellii",,"","F.J.Herm.",Accepted,,H,IOPI,315174,132154-2,"Leafl. W. Bot.","5: 182","","1949"
kew-315176,A,Juncaceae,,Juncus,,"hybridus",,"","Brot.",Accepted,,H,IOPI,315176,443056-1,"Fl. Lusit.","1: 513","","1804"
kew-315178,A,Juncaceae,,Juncus,,"hydrophilus",,"","Noltie",Accepted,,H,IOPI,315178,978934-1,"Edinburgh J. Bot.","51: 138","","1994"
kew-315179,A,Juncaceae,,Juncus,,"imbricatus",,"","Laharpe",Accepted,,H,IOPI,315179,,"Essai Monogr. Jonc.","61","","1825"
kew-315191,A,Juncaceae,,Juncus,,"inflexus",,"","L.",Accepted,,H,IOPI,315191,443065-1,"Sp. Pl.","326","","1753"
kew-315194,A,Juncaceae,,Juncus,,"inflexus",subsp.,"brachytepalus","(Trautv. ex V.I.Krecz. & Gontsch.) Novikov",Accepted,,L,IOPI,315194,883712-1,"Novosti Sist. Vyssh. Rast.","15: 86","","1979"
kew-315207,A,Juncaceae,,Juncus,,"ingens",,"","N.A.Wakef.",Accepted,,H,IOPI,315207,443066-1,"Victoria Naturalist","73: 211","","1957"
kew-315209,A,Juncaceae,,Juncus,,"interior",,"","Wiegand",Accepted,,H,IOPI,315209,132158-2,"Bull. Torrey Bot. Club","27: 516","","1900"
kew-340120,A,Juncaceae,,Juncus,×,"inundatus",,"","Drejer",Accepted,,H,IOPI,340120,443075-1,"Naturhist. Tidsskr.","2: 181","","1838"
tro-100377736,A,Juncaceae,,Juncus,,"isolepoides",,"","Nees",Unresolved,,L,TRO,100377736,443080-1,"Linnaea","20: 244","244","1847"
kew-315220,A,Juncaceae,,Juncus,,"jacquinii",,"","L.",Accepted,,H,IOPI,315220,,"Mant. Pl.","1: 63","","1767"
kew-315222,A,Juncaceae,,Juncus,,"jaxarticus",,"","V.I.Krecz. & Gontsch.",Accepted,,H,IOPI,315222,443086-1,"Fl. URSS","3: 628","","1935"
kew-334710,A,Juncaceae,,Juncus,,"jinpingensis",,"","S.Y.Bao",Accepted,,H,IOPI,334710,77068160-1,"in Fl. Yunnanica","15: 804","","2003"
kew-315231,A,Juncaceae,,Juncus,,"kelloggii",,"","Engelm.",Accepted,,H,IOPI,315231,443093-1,"Trans. Acad. Sci. St. Louis","2: 494","","1868"
kew-315232,A,Juncaceae,,Juncus,,"khasiensis",,"","Buchenau",Accepted,,H,IOPI,315232,443094-1,"Bot. Jahrb. Syst.","12: 407","","1890"
kew-315233,A,Juncaceae,,Juncus,,"kingii",,"","Rendle",Accepted,,H,IOPI,315233,443095-1,"J. Bot.","44: 45","","1906"
kew-315234,A,Juncaceae,,Juncus,,"kleinii",,"","Barros",Accepted,,H,IOPI,315234,132167-2,"Sellowia","14: 27","","1962"
kew-315239,A,Juncaceae,,Juncus,,"krameri",,"","Franch. & Sav.",Accepted,,H,IOPI,315239,443100-1,"Enum. Pl. Jap.","2: 99","","1879"
kew-315240,A,Juncaceae,,Juncus,,"kraussii",,"","Hochst.",Accepted,,H,IOPI,315240,443102-1,"Flora","28: 342","","1845"
kew-315241,A,Juncaceae,,Juncus,,"kraussii",subsp.,"austerus","(Buchenau) Snogerup",Accepted,,L,IOPI,315241,975185-1,"Willdenowia","23: 63","","1993"
kew-315242,A,Juncaceae,,Juncus,,"kraussii",subsp.,"australiensis","(Buchenau) Snogerup",Accepted,,L,IOPI,315242,975184-1,"Willdenowia","23: 61","","1993"
kew-315247,A,Juncaceae,,Juncus,,"laccatus",,"","P.F.Zika",Accepted,,H,IOPI,315247,,"Preslia","74: 261","","2002"
kew-315252,A,Juncaceae,,Juncus,,"laeviusculus",,"","L.A.S.Johnson",Accepted,,H,IOPI,315252,959492-1,"Aspects Tasmanian Bot.","38","","1991"
kew-347159,A,Juncaceae,,Juncus,,"lancangensis",,"","Y.Y.Qian",Accepted,,H,IOPI,347159,77084250-1,"Bull. Bot. Res., Harbin","21: 3","","2001"
kew-339997,A,Juncaceae,,Juncus,×,"langii",,"","Erdner",Accepted,,H,IOPI,339997,443110-1,"Allg. Bot. Z. Syst.","12: 196","","1906"
kew-340149,A,Juncaceae,,Juncus,,"lateriflorus",,"","Larrañaga",Unresolved,,L,IOPI,340149,132169-2,"Escritos D. A. Larrañaga","2: 138","","1923"
kew-315328,A,Juncaceae,,Juncus,,"leiospermus",,"","F.J.Herm.",Accepted,,H,IOPI,315328,132174-2,"Leafl. W. Bot.","5: 113","","1948"
kew-339996,A,Juncaceae,,Juncus,×,"lemieuxii",,"","B.Boivin",Accepted,,H,IOPI,339996,287854-2,"Naturaliste Canad.","94: 525","","1967"
kew-315335,A,Juncaceae,,Juncus,,"leptospermus",,"","Buchenau",Accepted,,H,IOPI,315335,443126-1,"Bot. Jahrb. Syst.","6: 203","","1885"
kew-315341,A,Juncaceae,,Juncus,,"lesueurii",,"","Bol.",Accepted,,H,IOPI,315341,443129-1,"Proc. Calif. Acad. Sci.","2: 179","","1863"
kew-315344,A,Juncaceae,,Juncus,,"leucanthus",,"","Royle ex D.Don",Accepted,,H,IOPI,315344,443130-1,"Proc. Linn. Soc. London","1: 10","","1840"
tro-16900282,A,Juncaceae,,Juncus,,"leucochlamus",,"","Zing. ex V. Krecz.",Unresolved,,L,TRO,16900282,,"","","",""
kew-315349,A,Juncaceae,,Juncus,,"leucomelas",,"","Royle ex D.Don",Accepted,,H,IOPI,315349,,"Proc. Linn. Soc. London","1: 10","","1840"
kew-315353,A,Juncaceae,,Juncus,,"liebmannii",,"","J.F.Macbr.",Accepted,,H,IOPI,315353,132180-2,"Publ. Field Mus. Nat. Hist., Bot. Ser.","11(1): 9","","1931"
kew-315356,A,Juncaceae,,Juncus,,"liebmannii",var.,"quitensis","(Buchenau) Balslev",Accepted,,L,IOPI,315356,132181-2,"Fl. Ecuador","11: 40","","1979"
kew-315360,A,Juncaceae,,Juncus,,"littoralis",,"","C.A.Mey.",Accepted,,H,IOPI,315360,443141-1,"Verz. Pfl. Casp. Meer.","34","","1831"
kew-315362,A,Juncaceae,,Juncus,,"llanquihuensis",,"","Barros",Accepted,,H,IOPI,315362,132183-2,"Darwiniana","10: 425","","1953"
kew-315363,A,Juncaceae,,Juncus,,"lomatophyllus",,"","Spreng.",Accepted,,H,IOPI,315363,443144-1,"Neue Entdeck. Pflanzenk.","2: 108","","1821"
kew-315372,A,Juncaceae,,Juncus,,"longiflorus",,"","(A.Camus) Noltie",Accepted,,H,IOPI,315372,978931-1,"Edinburgh J. Bot.","51: 134","","1994"
kew-315374,A,Juncaceae,,Juncus,,"longii",,"","Fernald",Accepted,,H,IOPI,315374,132185-2,"Rhodora","39: 397","","1937"
kew-315375,A,Juncaceae,,Juncus,,"longirostris",,"","Kuvaev",Accepted,,H,IOPI,315375,443151-1,"Bot. Zhurn. (Moscow & Leningrad)","57: 815","","1972"
kew-315376,A,Juncaceae,,Juncus,,"longistamineus",,"","A.Camus",Accepted,,H,IOPI,315376,443152-1,"Notul. Syst. (Paris)","1: 277","","1910"
kew-315377,A,Juncaceae,,Juncus,,"longistylis",,"","Torr.",Accepted,,H,IOPI,315377,,"Rep. U.S. Mex. Bound.","2(1): 223","","1858"
kew-315382,A,Juncaceae,,Juncus,,"luciensis",,"","Ertter",Accepted,,H,IOPI,315382,279045-2,"Mem. New York Bot. Gard.","39: 58","","1986"
kew-315389,A,Juncaceae,,Juncus,,"luzuliformis",,"","Franch.",Accepted,,H,IOPI,315389,,"Nouv. Arch. Mus. Hist. Nat.","II, 10: 99","","1887"
kew-315402,A,Juncaceae,,Juncus,,"macrandrus",,"","Coville",Accepted,,H,IOPI,315402,132194-2,"Ill. Fl. Pacific States","1: 367","","1923"
kew-315403,A,Juncaceae,,Juncus,,"macrantherus",,"","V.I.Krecz. & Gontsch.",Accepted,,H,IOPI,315403,443172-1,"Fl. URSS","3: 626","","1935"
kew-315406,A,Juncaceae,,Juncus,,"macrophyllus",,"","Coville",Accepted,,H,IOPI,315406,132195-2,"Univ. Calif. Publ. Bot.","1: 65","","1902"
kew-315413,A,Juncaceae,,Juncus,,"marginatus",,"","Rostk.",Accepted,,H,IOPI,315413,443182-1,"De Junco","38","","1801"
kew-315420,A,Juncaceae,,Juncus,,"maritimus",,"","Lam.",Accepted,,H,IOPI,315420,443185-1,"Encycl.","3: 264","","1789"
kew-250739,A,Juncaceae,,Juncus,,"maroccanus",,"","Kirschner",Accepted,,H,IOPI,250739,77063017-1,"Preslia","76: 372","","2004"
kew-315434,A,Juncaceae,,Juncus,,"maximowiczii",,"","Buchenau",Accepted,,H,IOPI,315434,443190-1,"Bot. Jahrb. Syst.","12: 394","","1890"
kew-315438,A,Juncaceae,,Juncus,,"megacephalus",,"","M.A.Curtis",Accepted,,H,IOPI,315438,443194-1,"Boston J. Nat. Hist.","1: 132","","1835"
kew-334711,A,Juncaceae,,Juncus,,"megalophyllus",,"","S.Y.Bao",Accepted,,H,IOPI,334711,,"in Fl. Yunnanica","15: 804","","2003"
kew-315442,A,Juncaceae,,Juncus,,"meianthus",,"","L.A.S.Johnson ex K.L.Wilson",Accepted,,H,IOPI,315442,20003359-1,"Taxon","50: 1112","","2001"
kew-315447,A,Juncaceae,,Juncus,,"membranaceus",,"","Royle",Accepted,,H,IOPI,315447,,"Proc. Linn. Soc. London","1: 10","","1840"
kew-315452,A,Juncaceae,,Juncus,,"mertensianus",,"","Bong.",Accepted,,H,IOPI,315452,,"Mém. Acad. Imp. Sci. St.-Pétersbourg, Sér. 6, Sci. Math.","6(2): 167","","1833"
kew-315462,A,Juncaceae,,Juncus,,"micranthus",,"","Schrad. ex E.Mey.",Accepted,,H,IOPI,315462,,"Syn. Luzul.","31","","1823"
kew-315463,A,Juncaceae,,Juncus,,"microcephalus",,"","Kunth",Accepted,,H,IOPI,315463,443213-1,"Nov. Gen. Sp.","1: 237","","1816"
kew-315470,A,Juncaceae,,Juncus,,"milashanensis",,"","A.M.Lu & Z.Y.Zhang",Accepted,,H,IOPI,315470,443214-1,"Acta Phytotax. Sin.","17: 127","","1979"
kew-315471,A,Juncaceae,,Juncus,,"militaris",,"","Bigelow",Accepted,,H,IOPI,315471,443215-1,"Fl. Boston.","ed. 2: 139","","1824"
kew-315475,A,Juncaceae,,Juncus,,"minimus",,"","Buchenau",Accepted,,H,IOPI,315475,443218-1,"Bot. Zeitung (Berlin)","25: 145","","1867"
kew-315477,A,Juncaceae,,Juncus,,"minutulus",,"","(Albert & Jahand.) Prain",Accepted,,H,IOPI,315477,77084798-1,"Index Kew.","Suppl. 5: 143","","1921"
tro-50105094,A,Juncaceae,,Juncus,,"miyiensis",,"","K.F. Wu",Accepted,,M,TRO,50105094,,"Acta Phytotax. Sin.","35(5): 456–457, pl. 5, f. 1–3","456","1994"
kew-315479,A,Juncaceae,,Juncus,,"modicus",,"","N.E.Br.",Accepted,,H,IOPI,315479,443223-1,"J. Linn. Soc., Bot.","36: 165","","1903"
kew-315482,A,Juncaceae,,Juncus,,"mollis",,"","L.A.S.Johnson",Accepted,,H,IOPI,315482,970844-1,"Telopea","5: 311","","1993"
kew-315483,A,Juncaceae,,Juncus,,"monanthos",,"","Jacq.",Accepted,,H,IOPI,315483,,"Enum. Stirp. Vindob.","61, 236","","1762"
kew-340118,A,Juncaceae,,Juncus,×,"montellii",,"","Vierh.",Accepted,,H,IOPI,340118,443229-1,"Exsicc. (Herb. Norm.)","1907: 4781","","1907"
kew-340001,A,Juncaceae,,Juncus,×,"montserratensis",,"","Marcet",Accepted,,H,IOPI,340001,443231-1,"Bol. Soc. Esp. Hist. Nat.","45: 238","","1947"
kew-340005,A,Juncaceae,,Juncus,×,"murbeckii",,"","Sagorski",Accepted,,H,IOPI,340005,,"Mitth. Thüring. Bot. Vereins","n.f., 16: 37","","1902"
kew-334713,A,Juncaceae,,Juncus,,"mustangensis",,"","Miyam. & H.Ohba",Accepted,,H,IOPI,334713,70028697-1,"J. Jap. Bot.","78: 154","","2003"
tro-16900281,A,Juncaceae,,Juncus,,"nastanthus",,"","V. Krecz. & Bobr.",Accepted,,M,TRO,16900281,,"","","",""
kew-315511,A,Juncaceae,,Juncus,,"nepalicus",,"","Miyam. & H.Ohba",Accepted,,H,IOPI,315511,971612-1,"J. Jap. Bot.","68: 28","","1993"
kew-315512,A,Juncaceae,,Juncus,,"nevadensis",,"","S.Watson",Accepted,,H,IOPI,315512,443258-1,"Proc. Amer. Acad. Arts","14: 303","","1879"
kew-340017,A,Juncaceae,,Juncus,,"nigricans",,"","Wolff ex Schreb.",Unresolved,,L,IOPI,340017,,"Fl. Erlang.","149","","1811"
kew-340024,A,Juncaceae,,Juncus,,"nitidus",,"","Phil.",Unresolved,,L,IOPI,340024,443270-1,"Fl. Atacam.","52","","1860"
kew-315526,A,Juncaceae,,Juncus,,"nodatus",,"","Coville",Accepted,,H,IOPI,315526,289227-2,"Ill. Fl. N. U.S.","ed. 2, 1: 482","","1913"
kew-340029,A,Juncaceae,,Juncus,,"nodifolius",,"","Larrañaga",Unresolved,,L,IOPI,340029,132232-2,"Escritos D. A. Larrañaga","2: 138","","1923"
kew-339999,A,Juncaceae,,Juncus,×,"nodosiformis",,"","Fernald",Accepted,,H,IOPI,339999,287853-2,"Rhodora","35: 235","","1933"
kew-315527,A,Juncaceae,,Juncus,,"nodosus",,"","L.",Accepted,,H,IOPI,315527,443278-1,"Sp. Pl.","ed. 2, 1: 466","","1762"
kew-315544,A,Juncaceae,,Juncus,,"novae-zelandiae",,"","Hook.f.",Accepted,,H,IOPI,315544,443282-1,"Fl. Nov.-Zel.","1: 264","","1853"
kew-315545,A,Juncaceae,,Juncus,,"nupela",,"","Veldkamp",Accepted,,H,IOPI,315545,443283-1,"Blumea","23: 415","","1977"
tro-50263567,A,Juncaceae,,Juncus,,"oauciflorus",,"","R. Br.",Unresolved,,L,TRO,50263567,,"","","",""
kew-315547,A,Juncaceae,,Juncus,,"obliquus",,"","Adamson",Accepted,,H,IOPI,315547,443285-1,"J. S. African Bot.","3: 165","","1937"
kew-340119,A,Juncaceae,,Juncus,×,"obotritorum",,"","Rothm.",Accepted,,H,IOPI,340119,443286-1,"Wiss. Z. Ernst-Moritz-Arndt-Univ. Greifswald, Math.-Naturwiss. Reihe","14: 79","","1965"
kew-315556,A,Juncaceae,,Juncus,,"occidentalis",,"","Wiegand",Accepted,,H,IOPI,315556,132242-2,"Bull. Torrey Bot. Club","27: 523","","1900"
kew-315557,A,Juncaceae,,Juncus,,"ochraceus",,"","Buchenau",Accepted,,H,IOPI,315557,443293-1,"Abh. Naturwiss. Vereins Bremen","3: 292","","1873"
kew-315558,A,Juncaceae,,Juncus,,"ochrocoleus",,"","L.A.S.Johnson",Accepted,,H,IOPI,315558,970845-1,"Telopea","5: 312","","1993"
kew-315564,A,Juncaceae,,Juncus,,"orchonicus",,"","Novikov",Accepted,,H,IOPI,315564,928845-1,"Byull. Moskovsk. Obshch. Isp. Prir., Otd. Biol.","n.s., 90(5): 110","","1985"
tro-16900759,A,Juncaceae,,Juncus,,"orientalis",,"","Filimonova",Accepted,,M,TRO,16900759,,"","","",""
kew-340069,A,Juncaceae,,Juncus,×,"oronensis",,"","Fernald",Accepted,,H,IOPI,340069,132244-2,"Rhodora","6: 36","","1904"
kew-315568,A,Juncaceae,,Juncus,,"orthophyllus",,"","Coville",Accepted,,H,IOPI,315568,132245-2,"Contr. U. S. Natl. Herb.","4: 207","","1893"
kew-315571,A,Juncaceae,,Juncus,,"oxycarpus",,"","E.Mey. ex Kunth",Accepted,,H,IOPI,315571,443305-1,"Enum. Pl.","3: 336","","1841"
kew-315575,A,Juncaceae,,Juncus,,"oxymeris",,"","Engelm.",Accepted,,H,IOPI,315575,443306-1,"Trans. Acad. Sci. St. Louis","2: 483","","1868"
kew-315578,A,Juncaceae,,Juncus,,"pallescens",,"","Lam.",Accepted,,H,IOPI,315578,443313-1,"Encycl.","3: 268","","1789"
kew-315581,A,Juncaceae,,Juncus,,"pallidus",,"","R.Br.",Accepted,,H,IOPI,315581,443318-1,"Prodr. Fl. Nov. Holl.","1: 258","","1810"
kew-373112,A,Juncaceae,,Juncus,,"paludosus",,"","E.L.Bridges & Orzell",Accepted,,H,IOPI,373112,77092506-1,"Novon","18: 294","","2008"
kew-340144,A,Juncaceae,,Juncus,,"palustris",,"","Gromov",Unresolved,,L,IOPI,340144,,"Trudy Inst. Bot. Kharkivs'k. Derzhavn. Univ.","1: 144","","1936"
kew-315586,A,Juncaceae,,Juncus,,"papillosus",,"","Franch. & Sav.",Accepted,,H,IOPI,315586,443325-1,"Enum. Pl. Jap.","2: 98, 532","","1876"
kew-315590,A,Juncaceae,,Juncus,,"parryi",,"","Engelm.",Accepted,,H,IOPI,315590,443329-1,"Trans. Acad. Sci. St. Louis","2: 446","","1866"
kew-315593,A,Juncaceae,,Juncus,,"patens",,"","E.Mey.",Accepted,,H,IOPI,315593,443335-1,"Syn. Luzul.","28","","1823"
kew-315595,A,Juncaceae,,Juncus,,"pauciflorus",,"","R.Br.",Accepted,,H,IOPI,315595,443338-1,"Prodr. Fl. Nov. Holl.","1: 259","","1810"
kew-340074,A,Juncaceae,,Juncus,,"pauperculus",,"","Raf.",Unresolved,,L,IOPI,340074,443340-1,"Autik. Bot.","195","","1840"
kew-315603,A,Juncaceae,,Juncus,,"pelocarpus",,"","E.Mey.",Accepted,,H,IOPI,315603,443344-1,"Syn. Luzul.","30","","1823"
kew-315609,A,Juncaceae,,Juncus,,"perpusillus",,"","Sam.",Accepted,,H,IOPI,315609,443346-1,"Symb. Sin.","7: 1237","","1936"
kew-315611,A,Juncaceae,,Juncus,,"persicus",,"","Boiss.",Accepted,,H,IOPI,315611,443347-1,"Diagn. Pl. Orient.","7: 101","","1846"
kew-315612,A,Juncaceae,,Juncus,,"persicus",subsp.,"libanoticus","(J.Thiébaut) Novikov & Snogerup",Accepted,,L,IOPI,315612,20008352-1,"Preslia","74: 252","","2002"
kew-315615,A,Juncaceae,,Juncus,,"pervetus",,"","Fernald",Accepted,,H,IOPI,315615,132264-2,"Rhodora","19: 17","","1917"
kew-315616,A,Juncaceae,,Juncus,,"phaeanthus",,"","L.A.S.Johnson",Accepted,,H,IOPI,315616,970846-1,"Telopea","5: 313","","1993"
kew-315618,A,Juncaceae,,Juncus,,"phaeocephalus",,"","Engelm.",Accepted,,H,IOPI,315618,443350-1,"Trans. Acad. Sci. St. Louis","2: 484","","1868"
kew-340148,A,Juncaceae,,Juncus,,"philippii",,"","Lojac.",Unresolved,,L,IOPI,340148,443352-1,"Fl. Sicul.","3: 167","","1909"
kew-340147,A,Juncaceae,,Juncus,,"phyllophorus",,"","Lojac.",Unresolved,,L,IOPI,340147,443353-1,"Fl. Sicul.","3: 165","","1909"
kew-315624,A,Juncaceae,,Juncus,,"pictus",,"","Steud.",Accepted,,H,IOPI,315624,443355-1,"Syn. Pl. Glumac.","2: 305","","1855"
kew-315633,A,Juncaceae,,Juncus,,"planifolius",,"","R.Br.",Accepted,,H,IOPI,315633,443362-1,"Prodr. Fl. Nov. Holl.","1: 259","","1810"
kew-315642,A,Juncaceae,,Juncus,,"polyanthemus",,"","Buchenau",Accepted,,H,IOPI,315642,,"Bot. Jahrb. Syst.","20: 261","","1895"
tro-50003635,A,Juncaceae,,Juncus,,"polycarpus",,"","Mey.",Unresolved,,L,TRO,50003635,,"","","",""
kew-315645,A,Juncaceae,,Juncus,,"polycephalus",,"","Michx.",Accepted,,H,IOPI,315645,443371-1,"Fl. Bor.-Amer.","1: 192","","1803"
kew-315653,A,Juncaceae,,Juncus,,"potaninii",,"","Buchenau",Accepted,,H,IOPI,315653,443377-1,"Bot. Jahrb. Syst.","12: 394","","1890"
kew-315655,A,Juncaceae,,Juncus,,"potaninii",subsp.,"woroschilovii","(Nechaev & Novikov) Novikov",Accepted,,L,IOPI,315655,966367-1,"Byull. Moskovsk. Obshch. Isp. Prir., Otd. Biol.","n.s., 95(5): 118","","1990"
kew-315657,A,Juncaceae,,Juncus,,"prismatocarpus",,"","R.Br.",Accepted,,H,IOPI,315657,443381-1,"Prodr. Fl. Nov. Holl.","1: 259","","1810"
kew-315659,A,Juncaceae,,Juncus,,"prismatocarpus",subsp.,"leschenaultii","(Gay ex Laharpe) Kirschner",Accepted,,L,IOPI,315659,20008350-1,"Preslia","74: 249","","2002"
kew-315667,A,Juncaceae,,Juncus,,"procerus",,"","E.Mey.",Accepted,,H,IOPI,315667,443382-1,"Linnaea","3: 367","","1828"
kew-315670,A,Juncaceae,,Juncus,,"prominens",,"","(Buchenau) Miyabe & Kudo",Accepted,,H,IOPI,315670,,"Trans. Sapporo Nat. Hist. Soc.","5: 40","","1913"
tro-16900683,A,Juncaceae,,Juncus,,"prominens",,"","Miyabe et Kudo",Unresolved,,L,TRO,16900683,,"","","",""
kew-315672,A,Juncaceae,,Juncus,,"przewalskii",,"","Buchenau",Accepted,,H,IOPI,315672,,"Bot. Jahrb. Syst.","12: 398","","1890"
kew-315674,A,Juncaceae,,Juncus,,"psammophilus",,"","L.A.S.Johnson",Accepted,,H,IOPI,315674,970847-1,"Telopea","5: 314","","1993"
kew-315678,A,Juncaceae,,Juncus,,"punctorius",,"","L.f.",Accepted,,H,IOPI,315678,,"Suppl. Pl.","208","","1781"
kew-315683,A,Juncaceae,,Juncus,,"pusillus",,"","Buchenau",Accepted,,H,IOPI,315683,443396-1,"Junc. S. Amer.","395","","1879"
kew-315684,A,Juncaceae,,Juncus,,"pygmaeus",,"","Rich. ex Thuill.",Accepted,,H,IOPI,315684,,"Fl. Env. Paris","ed. 2: 178","","1800"
kew-315691,A,Juncaceae,,Juncus,,"pylaei",,"","Laharpe",Accepted,,H,IOPI,315691,,"Essai Monogr. Jonc.","31","","1825"
kew-315698,A,Juncaceae,,Juncus,,"radula",,"","Buchenau",Accepted,,H,IOPI,315698,,"Krit. Verz. Juncac.","92","","1880"
tro-16900765,A,Juncaceae,,Juncus,×,"raeperi",,"","Asch. & Graebn.",Unresolved,,L,TRO,16900765,,"","","",""
kew-315701,A,Juncaceae,,Juncus,,"ramboi",,"","Barros",Accepted,,H,IOPI,315701,132285-2,"Darwiniana","11: 283","","1957"
kew-315705,A,Juncaceae,,Juncus,,"ranarius",,"","Songeon & E.P.Perrier",Accepted,,H,IOPI,315705,,"Annot. Fl. France Allemagne","192","","1859"
kew-315709,A,Juncaceae,,Juncus,,"ratkowskyanus",,"","L.A.S.Johnson",Accepted,,H,IOPI,315709,959495-1,"Aspects Tasmanian Bot.","43","","1991"
kew-315710,A,Juncaceae,,Juncus,,"rechingeri",,"","Snogerup",Accepted,,H,IOPI,315710,443412-1,"in Fl. Iran.","75: 19","","1971"
kew-340073,A,Juncaceae,,Juncus,,"recurvatus",,"","Raf.",Unresolved,,L,IOPI,340073,,"Autik. Bot.","194","","1840"
kew-315711,A,Juncaceae,,Juncus,,"regelii",,"","Buchenau",Accepted,,H,IOPI,315711,132290-2,"Bot. Jahrb. Syst.","12: 414","","1890"
kew-315712,A,Juncaceae,,Juncus,,"remotiflorus",,"","L.A.S.Johnson",Accepted,,H,IOPI,315712,970848-1,"Telopea","5: 315","","1993"
kew-315713,A,Juncaceae,,Juncus,,"repens",,"","Michx.",Accepted,,H,IOPI,315713,443416-1,"Fl. Bor.-Amer.","1: 191","","1803"
kew-315715,A,Juncaceae,,Juncus,,"requienii",,"","Parl.",Accepted,,H,IOPI,315715,443420-1,"Fl. Ital.","2: 346","","1852"
kew-315717,A,Juncaceae,,Juncus,,"revolutus",,"","R.Br.",Accepted,,H,IOPI,315717,443422-1,"Prodr. Fl. Nov. Holl.","1: 259","","1810"
kew-315721,A,Juncaceae,,Juncus,,"rigidus",,"","Desf.",Accepted,,H,IOPI,315721,443427-1,"Fl. Atlant.","1: 312","","1800"
kew-315726,A,Juncaceae,,Juncus,,"roemerianus",,"","Scheele",Accepted,,H,IOPI,315726,443432-1,"Linnaea","22: 348","","1849"
kew-315719,A,Juncaceae,,Juncus,,"rohtangensis",,"","Goel & Aswal",Accepted,,H,IOPI,315719,934024-1,"Indian J. Forest.","10: 262","","1987"
kew-340112,A,Juncaceae,,Juncus,,"rubens",,"","Lam.",Unresolved,,L,IOPI,340112,443438-1,"Encycl.","3: 266","","1789"
kew-464596,A,Juncaceae,,Juncus,×,"ruhmeri",,"","Asch. & Graebn.",Unresolved,,L,IOPI,464596,,"Syn. Mitteleur. Fl.","2(2): 451","","1904"
kew-315733,A,Juncaceae,,Juncus,,"rupestris",,"","Kunth",Accepted,,H,IOPI,315733,443443-1,"Enum. Pl.","3: 344","","1841"
kew-464595,A,Juncaceae,,Juncus,×,"rusguniensis",,"","Trab. ex Maire",Unresolved,,L,IOPI,464595,443444-1,"in Fl. Afr. Nord","4: 302","","1957"
kew-315740,A,Juncaceae,,Juncus,,"salsuginosus",,"","Turcz. ex C.A.Mey.",Accepted,,H,IOPI,315740,,"Fl. Ross.","4: 230","","1853"
kew-315742,A,Juncaceae,,Juncus,,"sandwithii",,"","Lourteig",Accepted,,H,IOPI,315742,443448-1,"Publ. Comit. Nat. Franc. Rech. Antarct., Biol.","23: 44","","1968"
kew-315743,A,Juncaceae,,Juncus,,"sarophorus",,"","L.A.S.Johnson",Accepted,,H,IOPI,315743,443449-1,"Contr. New South Wales Natl. Herb.","3: 242","","1963"
kew-315745,A,Juncaceae,,Juncus,,"saximontanus",,"","A.Nelson",Accepted,,H,IOPI,315745,443451-1,"Bull. Torrey Bot. Club","29: 401","","1902"
kew-315748,A,Juncaceae,,Juncus,,"scabriusculus",,"","Kunth",Accepted,,H,IOPI,315748,443452-1,"Enum. Pl.","3: 354","","1841"
kew-315750,A,Juncaceae,,Juncus,,"scheuchzerioides",,"","Gaudich.",Accepted,,H,IOPI,315750,443454-1,"Ann. Sci. Nat. (Paris)","5: 100","","1825"
kew-315757,A,Juncaceae,,Juncus,,"scirpoides",,"","Lam.",Accepted,,H,IOPI,315757,443461-1,"Encycl.","3: 267","","1789"
kew-340072,A,Juncaceae,,Juncus,,"secundiflorus",,"","Raf.",Unresolved,,L,IOPI,340072,443462-1,"Autik. Bot.","194","","1840"
kew-315769,A,Juncaceae,,Juncus,,"secundus",,"","P.Beauv. ex Poir.",Accepted,,H,IOPI,315769,443463-1,"Encycl.","Suppl. 3: 160","","1813"
kew-315771,A,Juncaceae,,Juncus,,"semisolidus",,"","L.A.S.Johnson",Accepted,,H,IOPI,315771,970849-1,"Telopea","5: 316","","1993"
kew-315774,A,Juncaceae,,Juncus,,"setchuensis",,"","Buchenau",Accepted,,H,IOPI,315774,443473-1,"Bot. Jahrb. Syst.","82(37): 17","","1905"
kew-315780,A,Juncaceae,,Juncus,,"sherei",,"","Miyam. & H.Ohba",Accepted,,H,IOPI,315780,999769-1,"J. Jap. Bot.","72: 293","","1997"
kew-315782,A,Juncaceae,,Juncus,,"sikkimensis",,"","Hook.f.",Accepted,,H,IOPI,315782,,"Fl. Brit. India","6: 399","","1892"
kew-315792,A,Juncaceae,,Juncus,,"socotranus",,"","(Buchenau) Snogerup",Accepted,,H,IOPI,315792,975183-1,"Willdenowia","23: 49","","1993"
kew-315793,A,Juncaceae,,Juncus,,"sonderianus",,"","Buchenau",Accepted,,H,IOPI,315793,443488-1,"Monogr. Junc. Cap","476","","1875"
kew-315794,A,Juncaceae,,Juncus,,"soranthus",,"","Schrenk",Accepted,,H,IOPI,315794,443489-1,"Bull. Cl. Phys.-Math. Acad. Imp. Sci. Saint-Pétersbourg","2: 193","","1843"
kew-315795,A,Juncaceae,,Juncus,,"sorrentinii",,"","Parl.",Accepted,,H,IOPI,315795,443491-1,"Fl. Ital.","2: 356","","1857"
kew-315802,A,Juncaceae,,Juncus,,"sparganiifolius",,"","Boiss. & Kotschy ex Buchenau",Accepted,,H,IOPI,315802,,"Krit. Verz. Juncac.","88","","1879"
kew-315803,A,Juncaceae,,Juncus,,"spectabilis",,"","Rendle",Accepted,,H,IOPI,315803,443497-1,"J. Bot.","44: 46","","1906"
kew-315804,A,Juncaceae,,Juncus,,"sphacelatus",,"","Decne.",Accepted,,H,IOPI,315804,443498-1,"Voy. Inde","4: 172","","1844"
kew-315806,A,Juncaceae,,Juncus,,"sphaerocarpus",,"","Nees",Accepted,,H,IOPI,315806,,"Flora","1: 521","","1818"
kew-315819,A,Juncaceae,,Juncus,,"spumosus",,"","Noltie",Accepted,,H,IOPI,315819,978935-1,"Edinburgh J. Bot.","51: 139","","1994"
kew-315820,A,Juncaceae,,Juncus,,"squarrosus",,"","L.",Accepted,,H,IOPI,315820,443512-1,"Sp. Pl.","327","","1753"
kew-315825,A,Juncaceae,,Juncus,,"stenopetalus",,"","Adamson",Accepted,,H,IOPI,315825,443517-1,"J. S. African Bot.","8: 273","","1942"
kew-315827,A,Juncaceae,,Juncus,,"stipulatus",,"","Nees & Meyen",Accepted,,H,IOPI,315827,324780-2,"Observ. Bot.","126","","1843"
kew-315828,A,Juncaceae,,Juncus,,"stipulatus",var.,"chilensis","(Gay) Kirschner",Accepted,,L,IOPI,315828,20008351-1,"Preslia","74: 251","","2002"
kew-315833,A,Juncaceae,,Juncus,,"striatus",,"","Schousb. ex E.Mey.",Accepted,,H,IOPI,315833,443523-1,"Syn. Junc.","27","","1822"
kew-340000,A,Juncaceae,,Juncus,×,"stuckeyi",,"","Reinking",Accepted,,H,IOPI,340000,132312-2,"Brittonia","33: 175","","1981"
kew-315842,A,Juncaceae,,Juncus,,"stygius",,"","L.",Accepted,,H,IOPI,315842,443526-1,"Syst. Nat. ed. 10","2: 987","","1759"
kew-315843,A,Juncaceae,,Juncus,,"stygius",subsp.,"americanus","(Buchenau) Hultén",Accepted,,L,IOPI,315843,132313-2,"Acta Univ. Lund.","n.s., 39(2): 430","","1943"
kew-315847,A,Juncaceae,,Juncus,,"subcaudatus",,"","(Engelm.) Coville & S.F.Blake",Accepted,,H,IOPI,315847,132315-2,"Proc. Biol. Soc. Wash.","31: 45","","1918"
kew-315854,A,Juncaceae,,Juncus,,"subglaucus",,"","L.A.S.Johnson",Accepted,,H,IOPI,315854,970850-1,"Telopea","5: 317","","1993"
kew-315859,A,Juncaceae,,Juncus,,"subnodulosus",,"","Schrank",Accepted,,H,IOPI,315859,443536-1,"Baier. Fl.","1: 616","","1789"
kew-315863,A,Juncaceae,,Juncus,,"subsecundus",,"","N.A.Wakef.",Accepted,,H,IOPI,315863,443539-1,"Victoria Naturalist","73: 211","","1957"
kew-315864,A,Juncaceae,,Juncus,,"subtilis",,"","E.Mey.",Accepted,,H,IOPI,315864,443541-1,"Syn. Luzul.","31","","1823"
kew-315866,A,Juncaceae,,Juncus,,"subulatus",,"","Forssk.",Accepted,,H,IOPI,315866,443542-1,"Fl. Aegypt.-Arab.","75","","1775"
kew-315873,A,Juncaceae,,Juncus,,"subulitepalus",,"","Balslev",Accepted,,H,IOPI,315873,302293-2,"Fl. Neotrop. Monogr.","68: 136","","1996"
kew-315882,A,Juncaceae,,Juncus,,"supiniformis",,"","Engelm.",Accepted,,H,IOPI,315882,443551-1,"Trans. Acad. Sci. St. Louis","2: 461","","1868"
tro-16900831,A,Juncaceae,,Juncus,,"surreyanus",,"","Druce ex Stace & Lambinon",Unresolved,,L,TRO,16900831,,"","","",""
kew-315933,A,Juncaceae,,Juncus,,"taonanensis",,"","Satake & Kitag.",Accepted,,H,IOPI,315933,443565-1,"Bot. Mag. (Tokyo)","48: 610","","1934"
kew-315936,A,Juncaceae,,Juncus,,"tenageia",,"","Ehrh. ex L.f.",Accepted,,H,IOPI,315936,,"Suppl. Pl.","208","","1781"
kew-315946,A,Juncaceae,,Juncus,,"tenageia",subsp.,"perpusillus","Fern.-Carv. & Navarro",Accepted,,L,IOPI,315946,972223-1,"Publ. Dept. Bot. Fac. Farmac. Salamanca","1: 28","","1979"
kew-315959,A,Juncaceae,,Juncus,,"tenuis",,"","Willd.",Accepted,,H,IOPI,315959,304453-2,"Sp. Pl.","2: 214","","1799"
kew-340150,A,Juncaceae,,Juncus,,"terminiflorus",,"","Larrañaga",Unresolved,,L,IOPI,340150,132340-2,"Escritos D. A. Larrañaga","2: 138","","1923"
kew-315980,A,Juncaceae,,Juncus,,"texanus",,"","(Engelm.) Coville",Accepted,,H,IOPI,315980,132341-2,"Fl. S.E. U.S.","259","","1903"
kew-315981,A,Juncaceae,,Juncus,,"textilis",,"","Buchenau",Accepted,,H,IOPI,315981,132342-2,"Abh. Naturwiss. Vereins Bremen","17: 336","","1903"
kew-315982,A,Juncaceae,,Juncus,,"thomasii",,"","Ten.",Accepted,,H,IOPI,315982,,"Index Seminum (NAP)","1827(App.): s.p..","","1827"
kew-315986,A,Juncaceae,,Juncus,,"thompsonianus",,"","L.A.S.Johnson",Accepted,,H,IOPI,315986,959497-1,"Aspects Tasmanian Bot.","45","","1991"
kew-315987,A,Juncaceae,,Juncus,,"thomsonii",,"","Buchenau",Accepted,,H,IOPI,315987,443583-1,"Bot. Zeitung (Berlin)","25: 148","","1867"
kew-315990,A,Juncaceae,,Juncus,,"tiehmii",,"","Ertter",Accepted,,H,IOPI,315990,279046-2,"Mem. New York Bot. Gard.","39: 60","","1986"
kew-315992,A,Juncaceae,,Juncus,,"tingitanus",,"","Maire & Weiller",Accepted,,H,IOPI,315992,443587-1,"in Fl. Afr. Nord","4: 284","","1957"
tro-16900075,A,Juncaceae,,Juncus,,"tirfidus",,"","L.",Unresolved,,L,TRO,16900075,,"","","",""
kew-315993,A,Juncaceae,,Juncus,,"tobdeniorum",,"","Noltie",Accepted,,H,IOPI,315993,999930-1,"Edinburgh J. Bot.","55: 42","","1998"
kew-315999,A,Juncaceae,,Juncus,,"torreyi",,"","Coville",Accepted,,H,IOPI,315999,289226-2,"Bull. Torrey Bot. Club","22: 303","","1895"
kew-316005,A,Juncaceae,,Juncus,,"trachyphyllus",,"","Miyam. & H.Ohba",Accepted,,H,IOPI,316005,996657-1,"J. Jap. Bot.","72: 164","","1997"
kew-316014,A,Juncaceae,,Juncus,,"trichophyllus",,"","W.W.Sm.",Accepted,,H,IOPI,316014,443604-1,"Rec. Bot. Surv. India","6: 103","","1914"
kew-316015,A,Juncaceae,,Juncus,,"trifidus",,"","L.",Accepted,,H,IOPI,316015,443605-1,"Sp. Pl.","326","","1753"
kew-316030,A,Juncaceae,,Juncus,,"triformis",,"","Engelm.",Accepted,,H,IOPI,316030,443607-1,"Trans. Acad. Sci. St. Louis","2: 492","","1868"
kew-316034,A,Juncaceae,,Juncus,,"triglumis",,"","L.",Accepted,,H,IOPI,316034,443609-1,"Sp. Pl.","328","","1753"
kew-316037,A,Juncaceae,,Juncus,,"triglumis",subsp.,"albescens","(Lange) Hultén",Accepted,,L,IOPI,316037,132354-2,"Kongl. Svenska Vetensk. Acad. Handl.","IV, 8(5): 241","","1962"
kew-316046,A,Juncaceae,,Juncus,,"trigonocarpus",,"","Steud.",Accepted,,H,IOPI,316046,443610-1,"Syn. Pl. Glumac.","2: 308","","1855"
kew-316054,A,Juncaceae,,Juncus,,"turkestanicus",,"","V.I.Krecz. & Gontsch.",Accepted,,H,IOPI,316054,443616-1,"Fl. URSS","3: 625","","1935"
tro-16900785,A,Juncaceae,,Juncus,,"tyraicus",,"","Novikov",Accepted,,M,TRO,16900785,,"","","",""
tro-16900218,A,Juncaceae,,Juncus,,"umbricatus",,"","Laharpe",Unresolved,,L,TRO,16900218,,"Essai Monogr. Jonc.","149","149","1827"
kew-316066,A,Juncaceae,,Juncus,,"uncialis",,"","Greene",Accepted,,H,IOPI,316066,132362-2,"Pittonia","2: 105","","1890"
kew-316068,A,Juncaceae,,Juncus,,"uniflorus",,"","W.W.Sm.",Accepted,,H,IOPI,316068,443626-1,"Rec. Bot. Surv. India","6: 104","","1914"
kew-316070,A,Juncaceae,,Juncus,,"uruguensis",,"","Griseb.",Accepted,,H,IOPI,316070,443629-1,"Abh. Königl. Ges. Wiss. Göttingen","24: 317","","1879"
kew-316072,A,Juncaceae,,Juncus,,"usitatus",,"","L.A.S.Johnson",Accepted,,H,IOPI,316072,443631-1,"Contr. New South Wales Natl. Herb.","3: 241","","1963"
kew-316079,A,Juncaceae,,Juncus,,"vaginatus",,"","R.Br.",Accepted,,H,IOPI,316079,443638-1,"Prodr. Fl. Nov. Holl.","1: 258","","1810"
kew-340013,A,Juncaceae,,Juncus,×,"valbrayi",,"","H.Lév.",Accepted,,H,IOPI,340013,443640-1,"Bull. Soc. Bot. France","54: 518","","1907"
kew-316082,A,Juncaceae,,Juncus,,"validus",,"","Coville",Accepted,,H,IOPI,316082,132364-2,"Bull. Torrey Bot. Club","22: 305","","1895"
kew-316083,A,Juncaceae,,Juncus,,"validus",var.,"fascinatus","M.C.Johnst.",Accepted,,L,IOPI,316083,132365-2,"S. W. Naturalist","9: 313","","1968"
kew-316087,A,Juncaceae,,Juncus,,"valvatus",,"","Link",Accepted,,H,IOPI,316087,443645-1,"J. Bot. (Schrader)","1799(2): 316","","1800"
kew-316091,A,Juncaceae,,Juncus,,"vaseyi",,"","Engelm.",Accepted,,H,IOPI,316091,132367-2,"Trans. Acad. Sci. St. Louis","2: 448","","1866"
kew-316092,A,Juncaceae,,Juncus,,"venturianus",,"","Castillón",Accepted,,H,IOPI,316092,443648-1,"Revista Univ. Tucumán","7: 24","","1926"
kew-316094,A,Juncaceae,,Juncus,,"virens",,"","Buchenau",Accepted,,H,IOPI,316094,,"Pflanzenr.","IV, 36: 220","","1906"
kew-340075,A,Juncaceae,,Juncus,,"virgatus",,"","Raf.",Unresolved,,L,IOPI,340075,443653-1,"Autik. Bot.","195","","1840"
kew-316099,A,Juncaceae,,Juncus,,"wallichianus",,"","J.Gay ex Laharpe",Accepted,,H,IOPI,316099,,"Essai Monogr. Jonc.","51","","1825"
kew-316105,A,Juncaceae,,Juncus,,"xiphioides",,"","E.Mey.",Accepted,,H,IOPI,316105,443666-1,"Syn. Junc.","50","","1822"
kew-334715,A,Juncaceae,,Juncus,,"yui",,"","S.Y.Bao",Accepted,,H,IOPI,334715,77068162-1,"in Fl. Yunnanica","15: 804","","2003"
kew-316122,A,Juncaceae,,Luzula,,"abchasica",,"","Novikov",Accepted,,H,IOPI,316122,936795-1,"Byull. Moskovsk. Obshch. Isp. Prir., Otd. Biol.","n.s., 94(1): 111","","1989"
kew-316123,A,Juncaceae,,Luzula,,"abyssinica",,"","Parl.",Accepted,,H,IOPI,316123,443689-1,"Fl. Ital.","2: 310","","1852"
kew-316127,A,Juncaceae,,Luzula,,"acuminata",,"","Raf.",Accepted,,H,IOPI,316127,443690-1,"Autik. Bot.","193","","1840"
kew-316129,A,Juncaceae,,Luzula,,"acuminata",subsp.,"carolinae","(S.Watson) Z.Kaplan",Accepted,,L,IOPI,316129,1020797-1,"Preslia","73: 63","","2001"
kew-316131,A,Juncaceae,,Luzula,,"acutifolia",,"","H.Nordensk.",Accepted,,H,IOPI,316131,,"Bot. Not.","122: 85","","1969"
kew-316134,A,Juncaceae,,Luzula,,"africana",,"","Drège ex Steud.",Accepted,,H,IOPI,316134,,"Syn. Pl. Glumac.","2: 294","","1855"
tro-16900507,A,Juncaceae,,Luzula,,"alopecuroides",,"","Desv.",Accepted,,M,TRO,16900507,,"J. Bot. (Desvaux)","1: 159","159","1808"
kew-316146,A,Juncaceae,,Luzula,,"alopecurus",,"","Desv.",Accepted,,H,IOPI,316146,146142-2,"J. Bot. (Desvaux)","1: 159","","1808"
kew-316147,A,Juncaceae,,Luzula,,"alpestris",,"","H.Nordensk.",Accepted,,H,IOPI,316147,,"Bot. Not.","122: 84","","1969"
kew-316149,A,Juncaceae,,Luzula,,"alpina",,"","Hoppe",Accepted,,H,IOPI,316149,,"Deutschl. Fl.","18","","1839"
kew-316150,A,Juncaceae,,Luzula,,"alpinopilosa",,"","(Chaix) Breistr.",Accepted,,H,IOPI,316150,,"Bull. Soc. Sci. Isère","61: 609","","1947"
kew-316153,A,Juncaceae,,Luzula,,"alpinopilosa",subsp.,"deflexa","(Kožuharov) Kirschner",Accepted,,L,IOPI,316153,20003356-1,"Taxon","50: 1109","","2001"
kew-316154,A,Juncaceae,,Luzula,,"alpinopilosa",subsp.,"obscura","S.E.Fröhner",Accepted,,L,IOPI,316154,,"Preslia","40: 426","","1968"
kew-316163,A,Juncaceae,,Luzula,,"antarctica",,"","Hook.f.",Accepted,,H,IOPI,316163,,"Fl. Antarct.","1: 359","","1847"
kew-316168,A,Juncaceae,,Luzula,,"arcuata",,"","(Wahlenb.) Sw.",Accepted,,H,IOPI,316168,30294949-2,"Summa Veg. Scand.","13","","1814"
kew-316178,A,Juncaceae,,Luzula,,"arcuata",subsp.,"unalaschkensis","(Buchenau) Hultén",Accepted,,L,IOPI,316178,,"Ark. Bot.","a.s., 7(1): 32","","1967 publ. 1968"
kew-316181,A,Juncaceae,,Luzula,,"atlantica",,"","Braun-Blanq.",Accepted,,H,IOPI,316181,443714-1,"Vierteljahrsschr. Naturf. Ges. Zürich","Suppl. 15: 347","","1928"
kew-316182,A,Juncaceae,,Luzula,,"atrata",,"","Edgar",Accepted,,H,IOPI,316182,443716-1,"New Zealand J. Bot.","13: 794","","1975"
kew-316184,A,Juncaceae,,Luzula,,"australasica",,"","Steud.",Accepted,,H,IOPI,316184,443718-1,"Syn. Pl. Glumac.","2: 294","","1855"
kew-316186,A,Juncaceae,,Luzula,,"australasica",subsp.,"dura","(Edgar) M.E.Jansen",Accepted,,L,IOPI,316186,883729-1,"Blumea","24(2): 531","","1978"
kew-316189,A,Juncaceae,,Luzula,,"banksiana",,"","E.Mey.",Accepted,,H,IOPI,316189,443720-1,"Linnaea","22: 412","","1849"
kew-316192,A,Juncaceae,,Luzula,,"banksiana",var.,"migrata","(Buchenau) Edgar",Accepted,,L,IOPI,316192,,"New Zealand J. Bot.","4: 170","","1966"
kew-316194,A,Juncaceae,,Luzula,,"banksiana",var.,"rhadina","(Buchenau) Edgar",Accepted,,L,IOPI,316194,,"New Zealand J. Bot.","4: 171","","1966"
kew-316907,A,Juncaceae,,Luzula,×,"bogdanii",,"","Kirschner",Accepted,,H,IOPI,316907,,"Preslia","63: 105","","1991"
tro-50197394,A,Juncaceae,,Luzula,,"bogdanii",,"","Kirschner",Unresolved,,L,TRO,50197394,,"Preslia","2(105):","","1991"
kew-316200,A,Juncaceae,,Luzula,,"bomiensis",,"","K.F.Wu",Accepted,,H,IOPI,316200,1009438-1,"J. E. China Norm. Univ., Nat. Sci.","1992(3): 100","","1992"
kew-316870,A,Juncaceae,,Luzula,×,"bornmuelleriana",,"","Kük.",Accepted,,H,IOPI,316870,443728-1,"Mitth. Thüring. Bot. Vereins","n.f., 23: 90","","1908"
kew-316934,A,Juncaceae,,Luzula,×,"borreri",,"","Bromf. ex Bab.",Accepted,,H,IOPI,316934,,"Man. Brit. Bot.","ed. 3: 333","","1851"
kew-316203,A,Juncaceae,,Luzula,,"brachyphylla",,"","Phil.",Accepted,,L,IOPI,316203,443731-1,"Linnaea","33: 268","","1865"
kew-458253,A,Juncaceae,,Luzula,,"brevispicata",,"","Knjaz.",Accepted,,H,IOPI,458253,77103258-1,"Novosti Sist. Vyssh. Rast.","40: 35","","2008 publ. 2009"
kew-316205,A,Juncaceae,,Luzula,,"bulbosa",,"","(Alph.Wood) Smyth & L.C.Smyth",Accepted,,H,IOPI,316205,77110958-1,"Trans. Kansas Acad. Sci.","25: 107","","1912"
kew-316208,A,Juncaceae,,Luzula,,"caespitosa",,"","(J.Gay ex E.Mey.) Steud.",Accepted,,H,IOPI,316208,443738-1,"Syn. Pl. Glumac.","2: 294","","1855"
kew-316211,A,Juncaceae,,Luzula,,"calabra",,"","Ten.",Accepted,,H,IOPI,316211,443741-1,"Fl. Napol.","3: 386","","1829"
kew-316212,A,Juncaceae,,Luzula,,"campestris",,"","(L.) DC.",Accepted,,H,IOPI,316212,443746-1,"Fl. Franç.","ed. 3, 3: 161","","1805"
kew-316289,A,Juncaceae,,Luzula,,"canariensis",,"","Poir.",Accepted,,H,IOPI,316289,,"Encycl.","Suppl. 3: 532","","1813"
kew-316291,A,Juncaceae,,Luzula,,"capitata",,"","(Miq. ex Franch. & Sav.) Kom.",Accepted,,H,IOPI,316291,,"Fl. Kamtschatka","1: 288","","1927"
kew-316292,A,Juncaceae,,Luzula,,"caricina",,"","E.Mey.",Accepted,,H,IOPI,316292,443751-1,"Linnaea","22: 418","","1849"
kew-316299,A,Juncaceae,,Luzula,,"celata",,"","Edgar",Accepted,,H,IOPI,316299,443756-1,"New Zealand J. Bot.","4: 165","","1966"
kew-316303,A,Juncaceae,,Luzula,,"chilensis",,"","Nees & Meyen ex Kunth",Accepted,,H,IOPI,316303,,"Enum. Pl.","3: 312","","1841"
kew-316309,A,Juncaceae,,Luzula,,"colensoi",,"","Hook.f.",Accepted,,H,IOPI,316309,443761-1,"Handb. N. Zeal. Fl.","293","","1864"
kew-316311,A,Juncaceae,,Luzula,,"comosa",,"","E.Mey.",Accepted,,H,IOPI,316311,146186-2,"Syn. Luzul.","21","","1823"
kew-316319,A,Juncaceae,,Luzula,,"confusa",,"","Lindeb.",Accepted,,H,IOPI,316319,443764-1,"Bot. Not.","1855: 9","","1855"
kew-316324,A,Juncaceae,,Luzula,,"congesta",,"","(Thuill.) Lej.",Accepted,,H,IOPI,316324,,"Fl. Spa","1: 169","","1811"
kew-316326,A,Juncaceae,,Luzula,,"crenulata",,"","Buchenau",Accepted,,H,IOPI,316326,443768-1,"Oesterr. Bot. Z.","48: 209","","1898"
kew-316327,A,Juncaceae,,Luzula,,"crinita",,"","Hook.f.",Accepted,,H,IOPI,316327,443769-1,"Fl. Antarct.","1: 84","","1844"
kew-316329,A,Juncaceae,,Luzula,,"crinita",var.,"petrieana","(Buchenau) Edgar",Accepted,,L,IOPI,316329,,"New Zealand J. Bot.","4: 174","","1966"
tro-100366979,A,Juncaceae,,Luzula,,"cuprina",,"","Rochel & Steud.",Unresolved,,L,TRO,100366979,443770-1,"Nomencl. Bot. (ed. 2)","2: 79","79","1841"
kew-316906,A,Juncaceae,,Luzula,×,"danica",,"","H.Nordensk. & Kirschner",Accepted,,H,IOPI,316906,,"Preslia","63: 109","","1991"
tro-50153796,A,Juncaceae,,Luzula,,"danica",,"","Nordensk. & Kirschner",Unresolved,,L,TRO,50153796,,"","","",""
kew-316331,A,Juncaceae,,Luzula,,"decipiens",,"","Edgar",Accepted,,H,IOPI,316331,443772-1,"New Zealand J. Bot.","13: 797","","1975"
kew-316334,A,Juncaceae,,Luzula,,"densiflora",,"","(H.Nordensk.) Edgar",Accepted,,H,IOPI,316334,443775-1,"New Zealand J. Bot.","13: 786","","1975"
kew-316335,A,Juncaceae,,Luzula,,"denticulata",,"","Liebm.",Accepted,,H,IOPI,316335,443776-1,"Vidensk. Meddel. Naturhist. Foren. Kjøbenhavn","2: 46","","1850"
kew-316336,A,Juncaceae,,Luzula,,"desvauxii",,"","Kunth",Accepted,,H,IOPI,316336,443778-1,"Enum. Pl.","3: 304","","1841"
kew-316337,A,Juncaceae,,Luzula,,"divaricata",,"","S.Watson",Accepted,,H,IOPI,316337,,"Proc. Amer. Acad. Arts","n.s., 6: 302","","1879"
kew-316338,A,Juncaceae,,Luzula,,"divulgata",,"","Kirschner",Accepted,,H,IOPI,316338,443780-1,"Folia Geobot. Phytotax.","14: 431","","1979 publ. 1980"
kew-347277,A,Juncaceae,,Luzula,,"divulgatiformis",,"","Bacic & Jogan",Accepted,,H,IOPI,347277,,"Taxon","56: 131","","2007"
kew-316339,A,Juncaceae,,Luzula,,"echinata",,"","(Small) F.J.Herm.",Accepted,,H,IOPI,316339,146196-2,"Rhodora","40: 84","","1938"
kew-316341,A,Juncaceae,,Luzula,,"ecuadoriensis",,"","Balslev",Accepted,,H,IOPI,316341,146198-2,"Fl. Ecuador","11: 11","","1979"
kew-316342,A,Juncaceae,,Luzula,,"effusa",,"","Buchenau",Accepted,,H,IOPI,316342,,"Krit. Verz. Juncac.","88","","1879"
kew-316343,A,Juncaceae,,Luzula,,"effusa",var.,"chinensis","(N.E.Br.) K.F.Wu",Accepted,,L,IOPI,316343,1009432-1,"J. E. China Norm. Univ., Nat. Sci.","1992(3): 92","","1992"
kew-316347,A,Juncaceae,,Luzula,,"elegans",,"","Lowe",Accepted,,H,IOPI,316347,443785-1,"Trans. Cambridge Philos. Soc.","6(3): 532","","1838"
kew-316359,A,Juncaceae,,Luzula,,"excelsa",,"","Buchenau",Accepted,,H,IOPI,316359,307991-2,"Abh. Naturwiss. Vereins Bremen","4: 126","","1874"
kew-347278,A,Juncaceae,,Luzula,,"exspectata",,"","Bacic & Jogan",Accepted,,H,IOPI,347278,,"Taxon","56: 131","","2007"
kew-316360,A,Juncaceae,,Luzula,,"fallax",,"","Kirschner",Accepted,,H,IOPI,316360,959318-1,"Preslia","63: 84","","1991"
kew-316864,A,Juncaceae,,Luzula,×,"favratii",,"","K.Richt.",Accepted,,H,IOPI,316864,443790-1,"Pl. Eur.","1: 185","","1890"
kew-316362,A,Juncaceae,,Luzula,,"flaccida",,"","(Buchenau) Edgar",Accepted,,H,IOPI,316362,443791-1,"New Zealand J. Bot.","13: 786","","1975"
kew-316365,A,Juncaceae,,Luzula,,"formosana",,"","Ohwi",Accepted,,H,IOPI,316365,443793-1,"Acta Phytotax. Geobot.","1: 79","","1932"
kew-316366,A,Juncaceae,,Luzula,,"forsteri",,"","(Sm.) DC.",Accepted,,H,IOPI,316366,443795-1,"Syn. Pl. Fl. Gall.","150","","1806"
kew-316370,A,Juncaceae,,Luzula,,"forsteri",subsp.,"caspica","Novikov",Accepted,,L,IOPI,316370,966500-1,"Novosti Sist. Vyssh. Rast.","27: 18","","1990"
kew-316376,A,Juncaceae,,Luzula,,"forsteri",subsp.,"rhizomata","(Ebinger) Z.Kaplan",Accepted,,L,IOPI,316376,1020794-1,"Preslia","73: 60","","2001"
kew-316893,A,Juncaceae,,Luzula,×,"gayana",,"","Font Quer & Rothm.",Accepted,,H,IOPI,316893,443799-1,"Cavanillesia","7: 175","","1936"
kew-316382,A,Juncaceae,,Luzula,,"gigantea",,"","Desv.",Accepted,,H,IOPI,316382,443801-1,"J. Bot. (Desvaux)","1: 145","","1808"
kew-316384,A,Juncaceae,,Luzula,,"glabrata",,"","(Hoppe) Desv.",Accepted,,H,IOPI,316384,443803-1,"J. Bot. (Desvaux)","1: 143","","1808"
tro-50304878,A,Juncaceae,,Luzula,,"graecans",,"","Chaub. & Bory",Unresolved,,L,TRO,50304878,,"Nouv. Fl. Pélop.","23, t. 12, f. 1","23","1838"
kew-316394,A,Juncaceae,,Luzula,,"groenlandica",,"","Böcher",Accepted,,H,IOPI,316394,,"Meddel. Grønland","67(7): 18","","1950"
kew-316867,A,Juncaceae,,Luzula,×,"hasleri",,"","Murr",Accepted,,H,IOPI,316867,443810-1,"Magyar Bot. Lapok","28: 68","","1930"
kew-316397,A,Juncaceae,,Luzula,,"hawaiiensis",,"","Buchenau",Accepted,,H,IOPI,316397,,"Krit. Verz. Juncac.","85","","1879"
kew-316398,A,Juncaceae,,Luzula,,"hawaiiensis",var.,"glabrata","(Hillebr.) O.Deg. & I.Deg.",Accepted,,L,IOPI,316398,,"Fl. Hawaiiensis","5, index","","1957"
kew-316400,A,Juncaceae,,Luzula,,"hawaiiensis",var.,"oahuensis","(O.Deg. & Fosberg) O.Deg. & I.Deg.",Accepted,,L,IOPI,316400,,"Fl. Hawaiiensis","5, index","","1957"
kew-316909,A,Juncaceae,,Luzula,×,"heddae",,"","Kirschner",Accepted,,H,IOPI,316909,959319-1,"Preslia","63: 93","","1991"
kew-316863,A,Juncaceae,,Luzula,×,"hermannii-muelleri",,"","Asch. & Graebn.",Accepted,,H,IOPI,316863,,"Syn. Mitteleur. Fl.","2(2): 507","","1904"
kew-316406,A,Juncaceae,,Luzula,,"hitchcockii",,"","Hämet-Ahti",Accepted,,H,IOPI,316406,279950-2,"Ann. Bot. Fenn.","8: 370","","1971"
kew-316910,A,Juncaceae,,Luzula,×,"hybrida",,"","H.Lindb. ex Kirschner",Accepted,,H,IOPI,316910,959320-1,"Preslia","63: 93","","1991"
kew-374804,A,Juncaceae,,Luzula,,"ignivoma",,"","Kirschner",Accepted,,H,IOPI,374804,,"Novon","17: 202","","2007"
kew-316928,A,Juncaceae,,Luzula,,"inaequalis",,"","K.F.Wu",Accepted,,H,IOPI,316928,1009435-1,"J. E. China Norm. Univ., Nat. Sci.","1992(3): 97","","1992"
kew-316414,A,Juncaceae,,Luzula,,"indica",,"","Kirschner",Accepted,,H,IOPI,316414,20003353-1,"Taxon","50: 1108","","2001"
tro-50136744,A,Juncaceae,,Luzula,,"involucratus",,"","Steud. ex Buchenau",Unresolved,,L,TRO,50136744,443829-1,"Abh. Naturwiss. Vereine Bremen","4: 121","121","1874"
kew-316426,A,Juncaceae,,Luzula,,"jimboi",,"","Miyabe & Kudo",Accepted,,H,IOPI,316426,,"Trans. Sapporo Nat. Hist. Soc.","5: 37","","1913"
kew-316868,A,Juncaceae,,Luzula,×,"johannis-principis",,"","Murr",Accepted,,H,IOPI,316868,443834-1,"Liechtenst. Volksblatt","1921(21 June): 49","","1921"
kew-316430,A,Juncaceae,,Luzula,,"johnstonii",,"","Buchenau",Accepted,,H,IOPI,316430,443835-1,"Bot. Jahrb. Syst.","12: 79","","1890"
kew-316433,A,Juncaceae,,Luzula,,"kjellmaniana",,"","Miyabe & Kudo",Accepted,,H,IOPI,316433,,"Trans. Sapporo Nat. Hist. Soc.","5: 38","","1913"
kew-316437,A,Juncaceae,,Luzula,,"kobayasii",,"","Satake",Accepted,,H,IOPI,316437,146221-2,"Bot. Mag. (Tokyo)","46: 186","","1932"
kew-316440,A,Juncaceae,,Luzula,,"lactea",,"","(Link) E.Mey.",Accepted,,H,IOPI,316440,443845-1,"Syn. Luzul.","15","","1823"
kew-316442,A,Juncaceae,,Luzula,,"lactea",var.,"velutina","(Lange) Cout.",Accepted,,L,IOPI,316442,,"Bol. Soc. Brot.","8: 122","","1890"
kew-316446,A,Juncaceae,,Luzula,,"leiboldii",,"","Buchenau",Accepted,,H,IOPI,316446,,"Junc. S. Amer.","418","","1880"
kew-316447,A,Juncaceae,,Luzula,,"leptophylla",,"","Buchenau & Petrie",Accepted,,H,IOPI,316447,443849-1,"Oesterr. Bot. Z.","48: 214","","1898"
kew-316866,A,Juncaceae,,Luzula,×,"levieri",,"","Asch. & Graebn.",Accepted,,H,IOPI,316866,443850-1,"Syn. Mitteleur. Fl.","2(2): 509","","1904"
kew-316448,A,Juncaceae,,Luzula,,"longiflora",,"","Benth.",Accepted,,H,IOPI,316448,443851-1,"Fl. Austral.","7: 123","","1878"
kew-316449,A,Juncaceae,,Luzula,,"lutea",,"","(All.) DC.",Accepted,,H,IOPI,316449,443852-1,"Fl. Franç.","ed. 3, 3: 159","","1805"
kew-316451,A,Juncaceae,,Luzula,,"lutescens",,"","(Koidz.) Kirschner & Miyam.",Accepted,,H,IOPI,316451,20003358-1,"Taxon","50: 1110","","2001"
kew-316452,A,Juncaceae,,Luzula,,"luzulina",,"","(Vill.) Racib.",Accepted,,H,IOPI,316452,,"Spraw. Komis. Fizjogr.","22(2): 21","","1888"
tro-16900013,A,Juncaceae,,Luzula,,"luzulina",,"","Dt. & Sarnth.",Unresolved,,L,TRO,16900013,,"","","",""
kew-316453,A,Juncaceae,,Luzula,,"luzuloides",,"","(Lam.) Dandy & Wilmott",Accepted,,H,IOPI,316453,146224-2,"J. Bot.","76: 352","","1938"
kew-316458,A,Juncaceae,,Luzula,,"luzuloides",subsp.,"rubella","(Hoppe ex Mert. & W.D.J.Koch) Holub",Accepted,,L,IOPI,316458,922343-1,"Folia Geobot. Phytotax.","18: 205","","1983"
kew-316464,A,Juncaceae,,Luzula,,"mannii",,"","(Buchenau) Kirschner & Cheek",Accepted,,H,IOPI,316464,1017497-1,"Kew Bull.","55: 900","","2000"
kew-316465,A,Juncaceae,,Luzula,,"mannii",subsp.,"gracilis","(S.Carter) Kirschner & Cheek",Accepted,,L,IOPI,316465,1017498-1,"Kew Bull.","55: 901","","2000"
kew-316467,A,Juncaceae,,Luzula,,"masafuerana",,"","Skottsb.",Accepted,,H,IOPI,316467,443858-1,"Nat. Hist. Juan Fernandez","2: 775","","1953"
kew-316908,A,Juncaceae,,Luzula,×,"media",,"","Kirschner",Accepted,,H,IOPI,316908,,"Preslia","63: 107","","1991"
tro-16900016,A,Juncaceae,,Luzula,,"melanocarpa",,"","Desv.",Accepted,,M,TRO,16900016,443861-1,"J. Bot. (Desvaux)","1: 142","142","1808"
kew-316476,A,Juncaceae,,Luzula,,"mendocina",,"","Barros",Accepted,,H,IOPI,316476,146227-2,"Darwiniana","10: 322","","1953"
kew-316477,A,Juncaceae,,Luzula,,"meridionalis",,"","H.Nordensk.",Accepted,,H,IOPI,316477,,"Bot. Not.","122: 71","","1969"
kew-316483,A,Juncaceae,,Luzula,,"modesta",,"","Buchenau",Accepted,,H,IOPI,316483,,"Pflanzenr.","IV, 36: 80","","1906"
kew-316484,A,Juncaceae,,Luzula,,"multiflora",,"","(Ehrh.) Lej.",Accepted,,H,IOPI,316484,1159940-2,"Fl. Spa","1: 169","","1811"
kew-316499,A,Juncaceae,,Luzula,,"multiflora",subsp.,"frigida","(Buchenau) V.I.Krecz.",Accepted,,L,IOPI,316499,,"Zhurn. Russk. Bot. Obshch.","12: 490","","1928"
kew-316520,A,Juncaceae,,Luzula,,"multiflora",subsp.,"sibirica","V.I.Krecz.",Accepted,,L,IOPI,316520,,"Zhurn. Russk. Bot. Obshch.","12: 490","","1928"
kew-316551,A,Juncaceae,,Luzula,,"nipponica",,"","(Satake) Kirschner & Miyam.",Accepted,,H,IOPI,316551,20003357-1,"Taxon","50: 1110","","2001"
kew-316552,A,Juncaceae,,Luzula,,"nivalis",,"","(Laest.) Spreng.",Accepted,,H,IOPI,316552,30284498-2,"Syst. Veg.","2: 111","","1825"
kew-316553,A,Juncaceae,,Luzula,,"nivea",,"","(Nathh.) DC.",Accepted,,H,IOPI,316553,443878-1,"Fl. Franç.","ed. 3, 3: 158","","1805"
kew-316564,A,Juncaceae,,Luzula,,"nodulosa",,"","E.Mey.",Accepted,,H,IOPI,316564,443879-1,"Linnaea","22: 410","","1849"
kew-316567,A,Juncaceae,,Luzula,,"novae-cambriae",,"","Gand.",Accepted,,H,IOPI,316567,443880-1,"Bull. Soc. Bot. France","46: 392","","1899"
kew-316574,A,Juncaceae,,Luzula,,"oligantha",,"","Sam.",Accepted,,H,IOPI,316574,,"Kongl. Svenska Vetensk. Acad. Handl.","III, 5(1): 227","","1927"
kew-316576,A,Juncaceae,,Luzula,,"orestera",,"","Sharsm.",Accepted,,H,IOPI,316576,146238-2,"Aliso","4(1): 125","","1958"
kew-316577,A,Juncaceae,,Luzula,,"ostenii",,"","(Mattf.) Herter",Accepted,,H,IOPI,316577,,"Revista Sudamer. Bot.","9: 199","","1956"
kew-316578,A,Juncaceae,,Luzula,,"ovata",,"","Edgar",Accepted,,H,IOPI,316578,443887-1,"New Zealand J. Bot.","13: 788","","1975"
kew-316579,A,Juncaceae,,Luzula,,"pallescens",,"","Sw.",Accepted,,H,IOPI,316579,,"Summa Veg. Scand.","13","","1814"
kew-316587,A,Juncaceae,,Luzula,,"papuana",,"","M.E.Jansen",Accepted,,H,IOPI,316587,443892-1,"Blumea","24: 529","","1978"
kew-316588,A,Juncaceae,,Luzula,,"parviflora",,"","(Ehrh.) Desv.",Accepted,,H,IOPI,316588,443893-1,"J. Bot. (Desvaux)","1: 144","","1808"
kew-316593,A,Juncaceae,,Luzula,,"parviflora",subsp.,"fastigiata","(E.Mey.) Hämet-Ahti",Accepted,,L,IOPI,316593,883742-1,"Ann. Bot. Fenn.","8: 374","","1971"
kew-316596,A,Juncaceae,,Luzula,,"parviflora",subsp.,"melanocarpa","(Michx.) Hämet-Ahti",Accepted,,L,IOPI,316596,146244-2,"Ann. Bot. Fenn.","8: 377","","1971"
kew-316608,A,Juncaceae,,Luzula,,"pedemontana",,"","Boiss. & Reut.",Accepted,,H,IOPI,316608,,"Syn. Luzul.","15","","1852"
kew-316609,A,Juncaceae,,Luzula,,"pediformis",,"","(Chaix) DC.",Accepted,,H,IOPI,316609,443900-1,"Fl. Franç.","ed. 3, 3: 162","","1805"
kew-316612,A,Juncaceae,,Luzula,,"peruviana",,"","Desv.",Accepted,,H,IOPI,316612,443901-1,"J. Bot. (Desvaux)","1: 160","","1808"
kew-316869,A,Juncaceae,,Luzula,×,"pfaffii",,"","Murr",Accepted,,H,IOPI,316869,443902-1,"Allg. Bot. Z. Syst.","1910: 118","","1910"
kew-316614,A,Juncaceae,,Luzula,,"philippinensis",,"","M.E.Jansen",Accepted,,H,IOPI,316614,443903-1,"Blumea","24: 530","","1978"
kew-316615,A,Juncaceae,,Luzula,,"picta",,"","A.Rich.",Accepted,,H,IOPI,316615,146252-2,"Voy. Astrolabe","1: 146","","1832"
kew-316619,A,Juncaceae,,Luzula,,"picta",var.,"pallida","(Hook.f.) Edgar",Accepted,,L,IOPI,316619,,"New Zealand J. Bot.","4: 176","","1966"
kew-316622,A,Juncaceae,,Luzula,,"pilosa",,"","(L.) Willd.",Accepted,,H,IOPI,316622,443907-1,"Enum. Pl.","393","","1809"
kew-316633,A,Juncaceae,,Luzula,,"pindica",,"","(Hausskn.) Chrtek & Krísa",Accepted,,H,IOPI,316633,443908-1,"Webbia","19: 6","","1964"
kew-316634,A,Juncaceae,,Luzula,,"piperi",,"","(Coville) M.E.Jones",Accepted,,H,IOPI,316634,146258-2,"Bull. Montana State Univ., Biol. Ser.","15: 22","","1910"
kew-316635,A,Juncaceae,,Luzula,,"plumosa",,"","E.Mey.",Accepted,,H,IOPI,316635,443909-1,"Linnaea","22: 387","","1849"
kew-316642,A,Juncaceae,,Luzula,,"plumosa",subsp.,"reflexa","(Ebinger) Z.Kaplan",Accepted,,L,IOPI,316642,1020826-1,"Preslia","73: 66","","2001"
kew-316645,A,Juncaceae,,Luzula,,"poimena",,"","W.M.Curtis",Accepted,,H,IOPI,316645,906557-1,"Brunonia","7: 297","","1985"
kew-316648,A,Juncaceae,,Luzula,,"pumila",,"","Hook.f.",Accepted,,H,IOPI,316648,443915-1,"Handb. N. Zeal. Fl.","293","","1864"
kew-316651,A,Juncaceae,,Luzula,,"purpureosplendens",,"","Seub.",Accepted,,H,IOPI,316651,,"Fl. Azor.","23","","1844"
kew-316652,A,Juncaceae,,Luzula,,"racemosa",,"","Desv.",Accepted,,H,IOPI,316652,443919-1,"J. Bot. (Desvaux)","1: 162","","1808"
kew-316936,A,Juncaceae,,Luzula,×,"romanica",,"","J.Dvorák & Vorel",Accepted,,H,IOPI,316936,,"Preslia","45: 87","","1973"
kew-316664,A,Juncaceae,,Luzula,,"rufa",,"","Edgar",Accepted,,H,IOPI,316664,443925-1,"New Zealand J. Bot.","4: 166","","1966"
kew-316667,A,Juncaceae,,Luzula,,"rufescens",,"","Fisch. ex E.Mey.",Accepted,,H,IOPI,316667,146266-2,"Linnaea","22: 385","","1849"
kew-316669,A,Juncaceae,,Luzula,,"rufescens",var.,"macrocarpa","Buchenau",Accepted,,L,IOPI,316669,146255-2,"Pflanzenr.","IV, 36: 47","","1906"
kew-316671,A,Juncaceae,,Luzula,,"ruiz-lealii",,"","Barros",Accepted,,H,IOPI,316671,146267-2,"Darwiniana","10: 346","","1953"
kew-316673,A,Juncaceae,,Luzula,,"seubertii",,"","Lowe",Accepted,,H,IOPI,316673,443930-1,"J. Bot. (Hooker)","8: 300","","1856"
kew-316871,A,Juncaceae,,Luzula,×,"sichuanensis",,"","K.F.Wu",Accepted,,H,IOPI,316871,1009433-1,"J. E. China Norm. Univ., Nat. Sci.","1992(3): 92","","1992"
tro-50003649,A,Juncaceae,,Luzula,,"silvatica",,"","Gaudich.",Unresolved,,L,TRO,50003649,,"","","",""
kew-316892,A,Juncaceae,,Luzula,×,"somedana",,"","Fern-Carv. & Fern.Prieto",Accepted,,H,IOPI,316892,902487-1,"Stud. Bot.","2: 134","","1983"
kew-316703,A,Juncaceae,,Luzula,,"spicata",,"","(L.) DC.",Accepted,,H,IOPI,316703,443940-1,"Fl. Franç.","ed. 3, 3: 161","","1805"
kew-316707,A,Juncaceae,,Luzula,,"spicata",subsp.,"conglomerata","(W.D.J.Koch) Murr",Accepted,,L,IOPI,316707,,"Magyar Bot. Lapok","28: 67","","1929 publ. 1930"
kew-316711,A,Juncaceae,,Luzula,,"spicata",subsp.,"italica","(Parl.) Arcang.",Accepted,,L,IOPI,316711,,"Comp. Fl. Ital.","713","","1882"
kew-316719,A,Juncaceae,,Luzula,,"spicata",subsp.,"mongolica","Novikov",Accepted,,L,IOPI,316719,951345-1,"Novosti Sist. Vyssh. Rast.","26: 34","","1989"
kew-316722,A,Juncaceae,,Luzula,,"spicata",subsp.,"nevadensis","P.Monts.",Accepted,,L,IOPI,316722,,"Anales Inst. Bot. Cavanilles","21(2): 478","","1964"
kew-316734,A,Juncaceae,,Luzula,,"stenophylla",,"","Steud.",Accepted,,H,IOPI,316734,443941-1,"Syn. Pl. Glumac.","2: 294","","1855"
kew-316736,A,Juncaceae,,Luzula,,"subcapitata",,"","(Rydb.) H.D.Harr.",Accepted,,H,IOPI,316736,146276-2,"Man. Pl. Colorado","151","","1954"
kew-316738,A,Juncaceae,,Luzula,,"subcongesta",,"","(S.Watson) Jeps.",Accepted,,H,IOPI,316738,146277-2,"Fl. Calif.","1: 258","","1921"
kew-316740,A,Juncaceae,,Luzula,,"subsessilis",,"","(S.Watson) Buchenau",Accepted,,H,IOPI,316740,146278-2,"Oesterr. Bot. Z.","48: 290","","1898"
kew-316741,A,Juncaceae,,Luzula,,"sudetica",,"","(Willd.) Schult.",Accepted,,H,IOPI,316741,,"Oestr. Fl.","ed. 2, 1: 573","","1814"
tro-16900475,A,Juncaceae,,Luzula,,"sudetica",,"","DC.",Unresolved,,L,TRO,16900475,443949-1,"Fl. Franç.","6: 306","306","1815"
kew-316747,A,Juncaceae,,Luzula,,"sylvatica",,"","(Huds.) Gaudin",Accepted,,H,IOPI,316747,20009373-1,"Agrost. Helv.","2: 240","","1811"
kew-316754,A,Juncaceae,,Luzula,,"sylvatica",subsp.,"henriquesii","(Degen) Pirajá",Accepted,,L,IOPI,316754,,"Agron. Lusit.","12: 359","","1951"
kew-316760,A,Juncaceae,,Luzula,,"sylvatica",subsp.,"sicula","(Parl.) K.Richt.",Accepted,,L,IOPI,316760,,"Pl. Eur.","1: 183","","1890"
kew-316761,A,Juncaceae,,Luzula,,"sylvatica",subsp.,"sieberi","(Tausch) K.Richt.",Accepted,,L,IOPI,316761,,"Pl. Eur.","1: 183","","1890"
kew-316764,A,Juncaceae,,Luzula,,"taiwaniana",,"","Satake",Accepted,,H,IOPI,316764,443951-1,"J. Fac. Sci. Univ. Tokyo, Sect. 3, Bot.","4(2): 202","","1933"
kew-316765,A,Juncaceae,,Luzula,,"taurica",,"","(V.I.Krecz.) Novikov",Accepted,,H,IOPI,316765,962292-1,"Novosti Sist. Vyssh. Rast.","27: 20","","1990"
kew-316768,A,Juncaceae,,Luzula,,"traversii",,"","(Buchenau) Cheeseman",Accepted,,H,IOPI,316768,443953-1,"Man. New Zealand Fl.","ed. 2: 305","","1925"
kew-316772,A,Juncaceae,,Luzula,,"tristachya",,"","Desv.",Accepted,,H,IOPI,316772,443955-1,"J. Bot. (Desvaux)","1: 159","","1808"
kew-316775,A,Juncaceae,,Luzula,,"ulei",,"","Buchenau",Accepted,,H,IOPI,316775,307830-2,"Bot. Jahrb. Syst.","26: 577","","1899"
kew-316776,A,Juncaceae,,Luzula,,"ulophylla",,"","(Buchenau) Cockayne & Laing",Accepted,,H,IOPI,316776,443959-1,"Trans. & Proc. New Zealand Inst.","43: 366","","1911"
kew-316937,A,Juncaceae,,Luzula,×,"vinesii",,"","Murr",Accepted,,H,IOPI,316937,,"Tiroler Anzeiger","163","","1925"
kew-316787,A,Juncaceae,,Luzula,,"vulcanica",,"","Liebm.",Accepted,,H,IOPI,316787,443969-1,"Vidensk. Meddel. Naturhist. Foren. Kjøbenhavn","2: 44","","1850"
kew-316789,A,Juncaceae,,Luzula,,"wahlenbergii",,"","Rupr.",Accepted,,H,IOPI,316789,,"Fl. Samojed. Cisural.","58","","1845"
kew-316930,A,Juncaceae,,Luzula,×,"wettsteinii",,"","Buchenau",Accepted,,H,IOPI,316930,443972-1,"Oesterr. Bot. Z.","48: 213","","1898"
kew-316921,A,Juncaceae,,Luzula,×,"winderiae",,"","Murr",Unresolved,,L,IOPI,316921,443973-1,"Magyar Bot. Lapok","28: 67","","1930"
kew-316794,A,Juncaceae,,Marsippospermum,,"gracile",,"","(Hook.f.) Buchenau",Accepted,,H,IOPI,316794,443976-1,"Junc. S. Amer.","374","","1879"
kew-316796,A,Juncaceae,,Marsippospermum,,"grandiflorum",,"","(L.f.) Hook.",Accepted,,H,IOPI,316796,443978-1,"Hooker's Icon. Pl.","6: t. 533","","1843"
kew-316798,A,Juncaceae,,Marsippospermum,,"philippii",,"","(Buchenau) Hauman",Accepted,,H,IOPI,316798,153678-2,"Anales Mus. Nac. Hist. Nat. Buenos Aires","27: 295","","1915"
kew-316799,A,Juncaceae,,Marsippospermum,,"reichei",,"","Buchenau",Accepted,,H,IOPI,316799,153679-2,"Ber. Deutsch. Bot. Ges.","19: 160","","1901"
kew-316806,A,Juncaceae,,Oxychloe,,"andina",,"","Phil.",Accepted,,H,IOPI,316806,443984-1,"Fl. Atacam.","52","","1860"
kew-316807,A,Juncaceae,,Oxychloe,,"bisexualis",,"","Kuntze",Accepted,,H,IOPI,316807,178725-2,"Revis. Gen. Pl.","3(2): 321","","1898"
kew-316809,A,Juncaceae,,Oxychloe,,"castellanosii",,"","Barros",Accepted,,H,IOPI,316809,178726-2,"Lilloa","23: 417","","1950"
kew-316811,A,Juncaceae,,Oxychloe,,"haumaniana",,"","(Barros) Barros",Accepted,,H,IOPI,316811,178728-2,"Darwiniana","10: 303","","1953"
kew-316812,A,Juncaceae,,Oxychloe,,"mendocina",,"","Barros",Accepted,,H,IOPI,316812,178729-2,"Lilloa","28: 282","","1957"
kew-316815,A,Juncaceae,,Patosia,,"clandestina",,"","(Phil.) Buchenau",Accepted,,H,IOPI,316815,185560-2,"Bot. Jahrb. Syst.","12: 64","","1890"
tro-16900298,A,Juncaceae,,Phylloschoenus,,"alpinus",,"","Fourr.",Unresolved,,L,TRO,16900298,443996-1,"Ann. Soc. Linn. Lyon, ser. 2,","17: 172","172","1869"
kew-316834,A,Juncaceae,,Rostkovia,,"magellanica",,"","(Lam.) Hook.f.",Accepted,,H,IOPI,316834,444014-1,"Fl. Antarct.","1: 814","","1844"
kew-316839,A,Juncaceae,,Rostkovia,,"tristanensis",,"","Christoph.",Accepted,,H,IOPI,316839,444018-1,"Results Norweg. Sci. Exped. Tristan da Cunha","11: 3","","1944"
