﻿ID,Major group,Family,Genus hybrid marker,Genus,Species hybrid marker,Species,Infraspecific rank,Infraspecific epithet,Authorship,Taxonomic status in TPL,Nomenclatural status from original data source,Confidence level,Source,Source id,IPNI id,Publication,Collation,Page,Date
kew-2627091,A,Lardizabalaceae,,Akebia,,"cavaleriei",,"","H.Lév.",Unresolved,,L,WCSP (in review),759412,462092-1,"Fl. Kouy-Tchéou","47","","1914"
kew-2627093,A,Lardizabalaceae,,Akebia,,"chingshuiensis",,"","T.Shimizu",Accepted,,M,WCSP (in review),759414,462093-1,"Quart. J. Taiwan Mus.","14: 201","","1961"
kew-2627099,A,Lardizabalaceae,,Akebia,,"longiracemosa",,"","Matsum.",Accepted,,M,WCSP (in review),759420,106374-1,"Bot. Mag. (Tokyo)","13: 18","","1899"
kew-2627101,A,Lardizabalaceae,,Akebia,×,"pentaphylla",,"","(Makino) Makino",Accepted,,M,WCSP (in review),759422,,"Bot. Mag. (Tokyo)","16: 30","","1902"
tro-50064690,A,Lardizabalaceae,,Akebia,,"pentaphylla",,"","Makino",Unresolved,,L,TRO,50064690,,"","","",""
kew-2627104,A,Lardizabalaceae,,Akebia,,"quinata",,"","(Houtt.) Decne.",Accepted,,M,WCSP (in review),759425,,"Arch. Mus. Hist. Nat.","1: 195","","1839"
kew-2627108,A,Lardizabalaceae,,Akebia,,"trifoliata",,"","(Thunb.) Koidz.",Accepted,,M,WCSP (in review),759429,462097-1,"Bot. Mag. (Tokyo)","39: 310","","1925"
kew-2627109,A,Lardizabalaceae,,Akebia,,"trifoliata",subsp.,"australis","(Diels) T.Shimizu",Accepted,,L,WCSP (in review),759430,,"Quart. J. Taiwan Mus.","14: 201","","1961"
kew-2646858,A,Lardizabalaceae,,Archakebia,,"apetala",,"","(Q.Xia, J.Z.Sun & Z.X.Peng) C.Y.Wu, T.C.Chen & H.N.Qin",Accepted,,M,WCSP (in review),778923,,"Acta Phytotax. Sin.","33: 240","","1995"
kew-2679653,A,Lardizabalaceae,,Boquila,,"trifoliolata",,"","(DC.) Decne.",Accepted,,M,WCSP (in review),811378,,"Ann. Sci. Nat., Bot.","II, 12: 103","","1839"
kew-2758557,A,Lardizabalaceae,,Decaisnea,,"insignis",,"","(Griff.) Hook.f. & Thomson",Accepted,,M,WCSP (in review),888207,107240-1,"Proc. Linn. Soc. London","2: 350","","1854"
kew-2852353,A,Lardizabalaceae,,Holboellia,,"angustifolia",subsp.,"linearifolia","T.Chen & H.N.Qin",Accepted,,L,WCSP (in review),979517,999320-1,"Cathaya","8-9: 112","","1997"
kew-2852354,A,Lardizabalaceae,,Holboellia,,"angustifolia",subsp.,"obtusa","(Gagnep.) H.N.Qin",Accepted,,L,WCSP (in review),979518,999322-1,"Cathaya","8-9: 116","","1997"
kew-2852357,A,Lardizabalaceae,,Holboellia,,"brachyandra",,"","H.N.Qin",Accepted,,M,WCSP (in review),979521,999324-1,"Cathaya","8-9: 126","","1997"
kew-2852359,A,Lardizabalaceae,,Holboellia,,"chapaensis",,"","Gagnep.",Accepted,,M,WCSP (in review),979523,462099-1,"Bull. Soc. Bot. France","85: 165","","1938"
kew-2852362,A,Lardizabalaceae,,Holboellia,,"crassifolia",,"","H.N.Qin",Unresolved,,L,WCSP (in review),979526,999317-1,"Cathaya","8-9: 88","","1997"
kew-2852366,A,Lardizabalaceae,,Holboellia,,"formosana",,"","(Hayata) Hayata",Unresolved,,L,WCSP (in review),979530,462102-1,"Icon. Pl. Formosan.","8: 1","","1919"
kew-2852367,A,Lardizabalaceae,,Holboellia,,"grandiflora",,"","Réaub.",Accepted,,M,WCSP (in review),979531,,"Bull. Soc. Bot. France","53: 453","","1906"
kew-2852368,A,Lardizabalaceae,,Holboellia,,"khasiana",,"","T.K.Paul & M.P.Nayar",Unresolved,,L,WCSP (in review),979532,932064-1,"Bull. Bot. Surv. India","27: 105","","1985 publ. 1987"
kew-2852375,A,Lardizabalaceae,,Holboellia,,"medogensis",,"","H.N.Qin",Accepted,,M,WCSP (in review),979539,999319-1,"Cathaya","8-9: 93","","1997"
kew-2852376,A,Lardizabalaceae,,Holboellia,,"obovata",,"","(Hemsl.) Chun",Unresolved,,L,WCSP (in review),979540,462105-1,"Sunyatsenia","1: 233","","1934"
kew-2852378,A,Lardizabalaceae,,Holboellia,,"parviflora",,"","(Hemsl.) Gagnep.",Accepted,,M,WCSP (in review),979542,462107-1,"Bull. Mus. Natl. Hist. Nat.","14: 68","","1908"
kew-2852379,A,Lardizabalaceae,,Holboellia,,"pterocaulis",,"","T.Chen & Q.H.Chen",Accepted,,M,WCSP (in review),979543,985291-1,"in Fl. Guizhouensis","2: 675","","1986"
kew-2348748,A,Lardizabalaceae,,Lardizabala,,"biternata",,"","Ruiz & Pav.",Accepted,,M,WCSP (in review),488282,107351-1,"Syst. Veg. Fl. Peruv. Chil.","286","","1798"
kew-2348749,A,Lardizabalaceae,,Lardizabala,,"discolor",,"","Poepp. & Endl.",Unresolved,,L,WCSP (in review),488283,135595-2,"Nov. Gen. Sp. Pl.","2: 64","","1838"
kew-2348751,A,Lardizabalaceae,,Lardizabala,,"infusiata",,"","Miers",Unresolved,,L,WCSP (in review),488285,107353-1,"Ann. Mag. Nat. Hist.","III, 2: 431","","1858"
kew-2348752,A,Lardizabalaceae,,Lardizabala,,"silvicola",,"","Miers",Unresolved,,L,WCSP (in review),488286,107354-1,"Ann. Mag. Nat. Hist.","III, 2: 191","","1858"
kew-2348753,A,Lardizabalaceae,,Lardizabala,,"ternata",,"","Molina",Unresolved,,L,WCSP (in review),488287,107355-1,"Sag. Stor. Nat. Chili","ed. 2: 137","","1810"
kew-2900642,A,Lardizabalaceae,,Sargentodoxa,,"cuneata",,"","(Oliv.) Rehder & E.H.Wilson",Accepted,,L,WCSP (in review),1023327,,"Pl. Wilson.","1: 353","","1913"
tro-50064718,A,Lardizabalaceae,,Sinofranchetia,,"chinensis",,"","(Franch.) Hemsl.",Accepted,,M,TRO,50064718,462112-1,"Hooker's Icon. Pl.","29: , pl. 2842","","1907"
tro-50188923,A,Lardizabalaceae,,Stauntonia,,"brachyanthera",,"","Hand.-Mazz.",Accepted,,M,TRO,50188923,,"Sitzungsber. Kaiserl. Akad. Wiss., Math.-Naturwiss. Cl., Abt. 1","58: 90","90","1876"
kew-2588131,A,Lardizabalaceae,,Stauntonia,,"brachybotrya",,"","T.C.Chen",Unresolved,,L,WCSP (in review),721655,,"Cat. Type Spec. China","Suppl. 2: 112","","2007"
tro-50215449,A,Lardizabalaceae,,Stauntonia,,"brunoniana",,"","(Decne.) Hemsl.",Accepted,,M,TRO,50215449,941738-1,"Hooker's Icon. Pl.","29: , pl. 2843","","1907"
tro-50178990,A,Lardizabalaceae,,Stauntonia,,"cavalerieana",,"","Gagnep.",Accepted,,M,TRO,50178990,462116-1,"Bull. Soc. Bot. France","55: 47","47","1908"
kew-2473160,A,Lardizabalaceae,,Stauntonia,,"chinensis",,"","DC.",Accepted,,M,WCSP (in review),610080,107613-1,"Syst. Nat.","1: 514","","1817"
tro-50064697,A,Lardizabalaceae,,Stauntonia,,"conspicua",,"","R.H. Chang",Accepted,,M,TRO,50064697,932629-1,"Acta Phytotax. Sin.","25(3): 235–236, pl. 1","235","1987"
tro-50215447,A,Lardizabalaceae,,Stauntonia,,"decora",,"","(Dunn) C.Y. Wu ex S.H. Huang",Accepted,,M,TRO,50215447,,"Fl. Yunnan.","2: 8","8","1979"
tro-50193385,A,Lardizabalaceae,,Stauntonia,,"duclouxii",,"","Gagnep.",Accepted,,M,TRO,50193385,462119-1,"Bull. Soc. Bot. France","55: 48","48","1908"
tro-50215452,A,Lardizabalaceae,,Stauntonia,,"elliptica",,"","Hemsl.",Accepted,,M,TRO,50215452,462120-1,"Hooker's Icon. Pl.","29: , pl. 2844","","1907"
tro-17700007,A,Lardizabalaceae,,Stauntonia,,"glauca",,"","Merr. & F.P. Metcalf",Accepted,,M,TRO,17700007,462122-1,"Lingnan Sci. J.","16(1): 80–81, f. 2","80","1937"
kew-2473161,A,Lardizabalaceae,,Stauntonia,,"hexaphylla",,"","Decne.",Unresolved,,L,WCSP (in review),610081,107615-1,"Ann. Sci. Nat., Bot.","II, 12: 105","","1839"
tro-50215549,A,Lardizabalaceae,,Stauntonia,,"leucantha",,"","Y.C. Wu",Accepted,,M,TRO,50215549,,"Notizbl. Bot. Gart. Berlin-Dahlem","13: 373","373","1936"
tro-50215455,A,Lardizabalaceae,,Stauntonia,,"libera",,"","H.N. Qin",Accepted,,M,TRO,50215455,999326-1,"Cathaya","8–9: 136","136","1997"
tro-17700009,A,Lardizabalaceae,,Stauntonia,,"maculata",,"","Merr.",Accepted,,M,TRO,17700009,462127-1,"Lingnan Sci. J.","13(1): 24, pl. 5","24","1934"
tro-50162194,A,Lardizabalaceae,,Stauntonia,,"obcordatilimba",,"","C.Y. Wu & S.H. Huang",Accepted,,M,TRO,50162194,,"Fl. Yunnan.","2: 11, pl. 3, f. 4–6","11","1979"
tro-50215543,A,Lardizabalaceae,,Stauntonia,,"obovata",,"","Hemsl.",Accepted,,M,TRO,50215543,462129-1,"Hooker's Icon. Pl.","29: , pl. 2847","","1907"
tro-17700014,A,Lardizabalaceae,,Stauntonia,,"obovatifoliola",,"","Hayata",Accepted,,M,TRO,17700014,462130-1,"Icon. Pl. Formosan.","8: 4–6, f. 3","4","1919"
tro-50130166,A,Lardizabalaceae,,Stauntonia,,"obovatifoliola",subsp.,"intermedia","(Y.C. Wu) T. Chen",Accepted,,L,TRO,50130166,20001791-1,"Fl. Reipubl. Popularis Sin.","29: 40–41","40","2001"
tro-50215540,A,Lardizabalaceae,,Stauntonia,,"obovatifoliola",subsp.,"urophylla","(Hand.-Mazz.) H.N. Qin",Accepted,,L,TRO,50215540,999327-1,"Cathaya","8–9: 164","164","1997"
tro-17700017,A,Lardizabalaceae,,Stauntonia,,"oligophylla",,"","Merr. & Chun",Accepted,,M,TRO,17700017,462131-1,"Sunyatsenia","5(1–3): 54–55","54","1940"
tro-50162195,A,Lardizabalaceae,,Stauntonia,,"pseudomaculata",,"","C.Y. Wu & S.H. Huang",Accepted,,M,TRO,50162195,,"Fl. Yunnan.","2: 11, pl. 3, f. 7–9","11","1979"
tro-50064699,A,Lardizabalaceae,,Stauntonia,,"purpurea",,"","Y.C. Liu & F.Y. Lu",Accepted,,M,TRO,50064699,462134-1,"Quart. J. Chin. Forest.","11: 110","110","1978"
kew-2591928,A,Lardizabalaceae,,Stauntonia,,"racemosa",,"","Chatterjee",Unresolved,,L,WCSP (in review),725302,462135-1,"Kew Bull.","3: 57","","1948"
tro-17700010,A,Lardizabalaceae,,Stauntonia,,"trinervia",,"","Merr.",Accepted,,M,TRO,17700010,462137-1,"Lingnan Sci. J.","13(1): 24–25, pl. 6","24","1934"
tro-50053509,A,Lardizabalaceae,,Stauntonia,,"yaoshanensis",,"","F.N. Wei & S.L. Mo",Accepted,,M,TRO,50053509,903137-1,"Guihaia","3(4): 308–309, f. 2","308","1983"
