﻿ID,Major group,Family,Genus hybrid marker,Genus,Species hybrid marker,Species,Infraspecific rank,Infraspecific epithet,Authorship,Taxonomic status in TPL,Nomenclatural status from original data source,Confidence level,Source,Source id,IPNI id,Publication,Collation,Page,Date
kew-372195,A,Lecythidaceae,,Allantoma,,"decandra",,"","(Ducke) S.A.Mori, Ya Y.Huang & Prance",Accepted,,H,iPlants,372195,77094245-1,"Brittonia","60: 80","","2008"
kew-372196,A,Lecythidaceae,,Allantoma,,"integrifolia",,"","(Ducke) S.A.Mori, Ya Y.Huang & Prance",Accepted,,H,iPlants,372196,77094246-1,"Brittonia","60: 80","","2008"
kew-372182,A,Lecythidaceae,,Allantoma,,"kuhlmannii",,"","(Ducke) S.A.Mori, Ya Y.Huang & Prance",Accepted,,H,iPlants,372182,77094247-1,"Brittonia","60: 80","","2008"
kew-313377,A,Lecythidaceae,,Allantoma,,"lineata",,"","(Mart. ex O.Berg) Miers",Accepted,,H,iPlants,313377,590593-1,"Trans. Linn. Soc. London","30: 297","","1874"
kew-372191,A,Lecythidaceae,,Allantoma,,"pachyantha",,"","(A.C.Sm.) S.A.Mori, Ya Y.Huang & Prance",Accepted,,H,iPlants,372191,77094249-1,"Brittonia","60: 80","","2008"
kew-372175,A,Lecythidaceae,,Allantoma,,"pauciramosa",,"","(W.A.Rodrigues) S.A.Mori, Ya Y.Huang & Prance",Accepted,,H,iPlants,372175,77094250-1,"Brittonia","60: 80","","2008"
kew-372192,A,Lecythidaceae,,Allantoma,,"pluriflora",,"","S.A.Mori, Ya Y.Huang & Prance",Accepted,,H,iPlants,372192,77094248-1,"Brittonia","60: 80","","2008"
kew-372176,A,Lecythidaceae,,Allantoma,,"uaupensis",,"","(Spruce ex O.Berg) S.A.Mori, Ya Y.Huang & Prance",Accepted,,H,iPlants,372176,77094251-1,"Brittonia","60: 80","","2008"
kew-312896,A,Lecythidaceae,,Asteranthos,,"brasiliensis",,"","Desf.",Accepted,,H,iPlants,312896,590680-1,"Mém. Mus. Hist. Nat.","6: 9","","1820"
kew-313389,A,Lecythidaceae,,Barringtonia,,"acutangula",,"","(L.) Gaertn.",Accepted,,H,iPlants,313389,591177-1,"Fruct. Sem. Pl.","2: 97","","1791"
kew-313392,A,Lecythidaceae,,Barringtonia,,"acutangula",subsp.,"spicata","(Blume) Payens",Accepted,,L,iPlants,313392,,"Blumea","15: 231","","1967"
kew-313397,A,Lecythidaceae,,Barringtonia,,"apiculata",,"","Lauterb.",Accepted,,H,iPlants,313397,469055-1,"Bot. Jahrb. Syst.","57: 350","","1922"
kew-313401,A,Lecythidaceae,,Barringtonia,,"ashtonii",,"","Payens",Accepted,,H,iPlants,313401,469059-1,"Blumea","15: 218","","1968"
kew-313402,A,Lecythidaceae,,Barringtonia,,"asiatica",,"","(L.) Kurz",Accepted,,H,iPlants,313402,469061-1,"Prelim. Rep. Forest Pegu","App. A: lxv","","1875"
kew-313403,A,Lecythidaceae,,Barringtonia,,"augusta",,"","Kurz",Accepted,,H,iPlants,313403,591184-1,"J. Asiat. Soc. Bengal, Pt. 2, Nat. Hist.","42(2): 233","","1874"
kew-462477,A,Lecythidaceae,,Barringtonia,,"badia",,"","Prance",Accepted,,H,iPlants,462477,77104902-1,"Blumea","55: 14","","2010"
kew-313407,A,Lecythidaceae,,Barringtonia,,"belagaensis",,"","Chantar.",Accepted,,H,iPlants,313407,985580-1,"Kew Bull.","50: 695","","1995"
kew-313416,A,Lecythidaceae,,Barringtonia,,"calyptrata",,"","(Miers) R.Br. ex Benth.",Accepted,,H,iPlants,313416,,"Queensland Agric. J.","18: 125","","1907"
kew-313417,A,Lecythidaceae,,Barringtonia,,"calyptrocalyx",,"","K.Schum.",Accepted,,H,iPlants,313417,591189-1,"Fl. Kais. Wilh. Land","91","","1889"
kew-313418,A,Lecythidaceae,,Barringtonia,,"calyptrocalyx",var.,"boridiensis","(R.Knuth) Payens",Accepted,,L,iPlants,313418,,"Blumea","15: 213","","1967"
kew-462464,A,Lecythidaceae,,Barringtonia,,"chaniana",,"","(Whitmore) Prance",Accepted,,H,iPlants,462464,77104898-1,"Blumea","55: 14","","2010"
kew-313429,A,Lecythidaceae,,Barringtonia,,"conoidea",,"","Griff.",Accepted,,H,iPlants,313429,,"Not. Pl. Asiat.","4: 656","","1854"
kew-313430,A,Lecythidaceae,,Barringtonia,,"corneri",,"","Kiew & K.M.Wong",Accepted,,H,iPlants,313430,975182-1,"Malayan Nat. J.","41: 457","","1988"
kew-313433,A,Lecythidaceae,,Barringtonia,,"curranii",,"","Merr.",Accepted,,H,iPlants,313433,469079-1,"Philipp. J. Sci., C","1(Suppl.): 211","","1906"
kew-313444,A,Lecythidaceae,,Barringtonia,,"edulis",,"","Seem.",Accepted,,H,iPlants,313444,591196-1,"Fl. Vit.","82","","1866"
kew-313447,A,Lecythidaceae,,Barringtonia,,"filirachis",,"","Payens",Accepted,,H,iPlants,313447,469088-1,"Blumea","15: 198","","1967"
kew-313452,A,Lecythidaceae,,Barringtonia,,"fusiformis",,"","King",Accepted,,H,iPlants,313452,591199-1,"J. Asiat. Soc. Bengal, Pt. 2, Nat. Hist.","70: 140","","1901"
kew-313453,A,Lecythidaceae,,Barringtonia,,"gigantostachya",,"","Koord. & Valeton",Accepted,,H,iPlants,313453,591200-1,"Bull. Inst. Bot. Buitenzorg","2: 9","","1899"
kew-313454,A,Lecythidaceae,,Barringtonia,,"gigantostachya",var.,"megistophylla","(Merr.) Payens",Accepted,,L,iPlants,313454,,"Blumea","15: 207","","1967"
kew-462476,A,Lecythidaceae,,Barringtonia,,"glomerata",,"","Prance",Accepted,,H,iPlants,462476,77104903-1,"Blumea","55: 17","","2010"
kew-313459,A,Lecythidaceae,,Barringtonia,,"hallieri",,"","R.Knuth",Accepted,,H,iPlants,313459,,"Pflanzenr.","IV, 219: 34","","1939"
kew-313460,A,Lecythidaceae,,Barringtonia,,"havilandii",,"","Ridl.",Accepted,,H,iPlants,313460,469097-1,"Bull. Misc. Inform. Kew","1938: 284","","1938"
kew-313465,A,Lecythidaceae,,Barringtonia,,"integrifolia",,"","(Montrouz.) Schltr.",Accepted,,H,iPlants,313465,469098-1,"Bot. Jahrb. Syst.","39: 200","","1906"
kew-461187,A,Lecythidaceae,,Barringtonia,,"jebbiana",,"","Takeuchi",Accepted,,H,iPlants,461187,,"Harvard Pap. Bot.","15: 27","","2010"
kew-313468,A,Lecythidaceae,,Barringtonia,,"josephstaalensis",,"","W.N.Takeuchi",Accepted,,H,iPlants,313468,1018845-1,"Sida","19: 9","","2000"
kew-313471,A,Lecythidaceae,,Barringtonia,,"khaoluangensis",,"","Chantar.",Accepted,,H,iPlants,313471,985578-1,"Kew Bull.","50: 684","","1995"
kew-313474,A,Lecythidaceae,,Barringtonia,,"lanceolata",,"","(Ridl.) Payens",Accepted,,H,iPlants,313474,469106-1,"Blumea","15: 250","","1967"
kew-462462,A,Lecythidaceae,,Barringtonia,,"latiffiana",,"","(El-Sherif) Prance",Accepted,,H,iPlants,462462,77104899-1,"Blumea","55: 14","","2010"
kew-313475,A,Lecythidaceae,,Barringtonia,,"lauterbachii",,"","R.Knuth",Accepted,,H,iPlants,313475,,"Pflanzenr.","IV, 219: 37","","1939"
kew-313479,A,Lecythidaceae,,Barringtonia,,"longifolia",,"","Schltr.",Accepted,,H,iPlants,313479,469110-1,"Bot. Jahrb. Syst.","39: 201","","1906"
kew-313483,A,Lecythidaceae,,Barringtonia,,"longisepala",,"","Payens",Accepted,,H,iPlants,313483,469114-1,"Blumea","15: 191","","1967"
kew-468672,A,Lecythidaceae,,Barringtonia,,"lumina",,"","Jebb & Prance",Accepted,,H,iPlants,468672,,"Blumea","56: 106","","2011"
kew-313485,A,Lecythidaceae,,Barringtonia,,"macrocarpa",,"","Hassk.",Accepted,,H,iPlants,313485,,"Flora","25(2, Beibl.): 36","","1842"
kew-313487,A,Lecythidaceae,,Barringtonia,,"macrostachya",,"","(Jack) Kurz",Accepted,,H,iPlants,313487,469115-1,"Prelim. Rep. Forest Pegu","App. A: lxvi","","1875"
kew-313491,A,Lecythidaceae,,Barringtonia,,"maunwongyathiae",,"","Chuakul",Accepted,,H,iPlants,313491,20002927-1,"Blumea","46: 575","","2001"
kew-462474,A,Lecythidaceae,,Barringtonia,,"maxwelliana",,"","(Whitmore) Prance",Accepted,,H,iPlants,462474,77104900-1,"Blumea","55: 14","","2010"
kew-468674,A,Lecythidaceae,,Barringtonia,,"monticola",,"","Jebb & Prance",Accepted,,H,iPlants,468674,,"Blumea","56: 107","","2011"
kew-313501,A,Lecythidaceae,,Barringtonia,,"neocaledonica",,"","Vieill.",Accepted,,H,iPlants,313501,591215-1,"Bull. Soc. Linn. Normandie","10: 99","","1866"
kew-313502,A,Lecythidaceae,,Barringtonia,,"niedenzuana",,"","(K.Schum.) R.Knuth",Accepted,,H,iPlants,313502,,"Pflanzenr.","IV, 219: 39","","1939"
kew-462479,A,Lecythidaceae,,Barringtonia,,"norshamiae",,"","Prance",Accepted,,H,iPlants,462479,77104904-1,"Blumea","55: 17","","2010"
kew-313504,A,Lecythidaceae,,Barringtonia,,"novae-hiberniae",,"","Lauterb.",Accepted,,H,iPlants,313504,469127-1,"Bot. Jahrb. Syst.","45: 362","","1911"
kew-313508,A,Lecythidaceae,,Barringtonia,,"palawanensis",,"","Chantar.",Accepted,,H,iPlants,313508,985581-1,"Kew Bull.","50: 697","","1995"
kew-313510,A,Lecythidaceae,,Barringtonia,,"papeh",,"","Lauterb.",Accepted,,H,iPlants,313510,469131-1,"Bot. Jahrb. Syst.","57: 346","","1922"
kew-313511,A,Lecythidaceae,,Barringtonia,,"papuana",,"","Lauterb.",Accepted,,H,iPlants,313511,469132-1,"Nova Guinea","8: 314","","1910"
kew-313512,A,Lecythidaceae,,Barringtonia,,"pauciflora",,"","King",Accepted,,H,iPlants,313512,591217-1,"J. Asiat. Soc. Bengal, Pt. 2, Nat. Hist.","70: 137","","1901"
kew-313514,A,Lecythidaceae,,Barringtonia,,"payensiana",,"","Whitmore",Accepted,,H,iPlants,313514,469134-1,"Gard. Bull. Singapore","26: 284","","1973"
kew-313518,A,Lecythidaceae,,Barringtonia,,"pendula",,"","(Griff.) Kurz",Accepted,,H,iPlants,313518,591218-1,"J. Asiat. Soc. Bengal, Pt. 2, Nat. Hist.","46(2): 71","","1877"
kew-468673,A,Lecythidaceae,,Barringtonia,,"pinnifolia",,"","Jebb & Prance",Accepted,,H,iPlants,468673,,"Blumea","56: 108","","2011"
kew-313521,A,Lecythidaceae,,Barringtonia,,"procera",,"","(Miers) R.Knuth",Accepted,,H,iPlants,313521,,"Pflanzenr.","IV, 219: 25","","1939"
kew-313522,A,Lecythidaceae,,Barringtonia,,"pseudoglomerata",,"","Chantar.",Accepted,,H,iPlants,313522,985582-1,"Kew Bull.","50: 697","","1995"
kew-313523,A,Lecythidaceae,,Barringtonia,,"pterita",,"","Merr.",Accepted,,H,iPlants,313523,469141-1,"Philipp. J. Sci., C","9: 322","","1914"
kew-313527,A,Lecythidaceae,,Barringtonia,,"racemosa",,"","(L.) Spreng.",Accepted,,H,iPlants,313527,,"Syst. Veg.","3: 127","","1826"
kew-313533,A,Lecythidaceae,,Barringtonia,,"reticulata",,"","(Blume) Miq.",Accepted,,H,iPlants,313533,591224-1,"Fl. Ned. Ind.","1: 490","","1855"
kew-313534,A,Lecythidaceae,,Barringtonia,,"revoluta",,"","Merr.",Accepted,,H,iPlants,313534,469144-1,"Philipp. J. Sci., C","1(Suppl.): 211","","1906"
tro-50164773,A,Lecythidaceae,,Barringtonia,,"ridsalei",,"","P. Chantaranothai",Unresolved,,L,TRO,50164773,,"Kew Bull.","50(4): 700","700","1995"
kew-313536,A,Lecythidaceae,,Barringtonia,,"ridsdalei",,"","Chantar.",Accepted,,H,iPlants,313536,985583-1,"Kew Bull.","50: 700","","1995"
kew-313538,A,Lecythidaceae,,Barringtonia,,"rimata",,"","Chantar.",Accepted,,H,iPlants,313538,985579-1,"Kew Bull.","50: 691","","1995"
kew-313545,A,Lecythidaceae,,Barringtonia,,"samoensis",,"","A.Gray",Accepted,,H,iPlants,313545,,"U.S. Expl. Exped., Phan.","1: 508","","1845"
kew-313546,A,Lecythidaceae,,Barringtonia,,"sarawakensis",,"","Chantar.",Accepted,,H,iPlants,313546,985584-1,"Kew Bull.","50: 700","","1995"
kew-313547,A,Lecythidaceae,,Barringtonia,,"sarcostachys",,"","(Blume) Miq.",Accepted,,H,iPlants,313547,591229-1,"Fl. Ned. Ind.","1: 490","","1855"
kew-313548,A,Lecythidaceae,,Barringtonia,,"sarcostachys",f.,"dolichophylla","(Merr.) Payens",Accepted,,L,iPlants,313548,,"Blumea","15: 218","","1967"
kew-313551,A,Lecythidaceae,,Barringtonia,,"scortechinii",,"","King",Accepted,,H,iPlants,313551,591231-1,"J. Asiat. Soc. Bengal, Pt. 2, Nat. Hist.","70: 138","","1901"
kew-313553,A,Lecythidaceae,,Barringtonia,,"seaturae",,"","H.B.Guppy",Accepted,,H,iPlants,313553,469152-1,"Obs. Nat. Pacific 1896 & 1899","2: 574","","1906"
kew-468671,A,Lecythidaceae,,Barringtonia,,"serenae",,"","Jebb & Prance",Accepted,,H,iPlants,468671,,"Blumea","56: 108","","2011"
kew-468670,A,Lecythidaceae,,Barringtonia,,"tagala",,"","Jebb & Prance",Accepted,,H,iPlants,468670,77112813-1,"Blumea","56: 112","","2011"
kew-313563,A,Lecythidaceae,,Barringtonia,,"terengganuensis",,"","Chantar.",Accepted,,H,iPlants,313563,1001096-1,"Gard. Bull. Singapore","48: 201","","1996 publ. 1998"
kew-313568,A,Lecythidaceae,,Barringtonia,,"waasii",,"","Chantar.",Accepted,,H,iPlants,313568,985585-1,"Kew Bull.","50: 702","","1995"
kew-462475,A,Lecythidaceae,,Barringtonia,,"zainudiniana",,"","(El-Sherif & Latiff) Prance",Accepted,,H,iPlants,462475,77104901-1,"Blumea","55: 14","","2010"
kew-313577,A,Lecythidaceae,,Bertholletia,,"excelsa",,"","Bonpl.",Accepted,,H,iPlants,313577,,"Pl. Aequinoct.","1: 122","","1808"
kew-2683155,A,Lecythidaceae,,Brazzeia,,"congoensis",,"","Baill.",Accepted,,M,WCSP (in review),814846,833334-1,"Bull. Mens. Soc. Linn. Paris","1: 609","","1886"
kew-2683158,A,Lecythidaceae,,Brazzeia,,"longipedicellata",,"","Verdc.",Accepted,,M,WCSP (in review),814849,833337-1,"Kew Bull.","5: 344","","1950 publ. 1951"
kew-2683162,A,Lecythidaceae,,Brazzeia,,"soyauxii",,"","(Oliv.) Tiegh.",Accepted,,M,WCSP (in review),814853,833341-1,"Ann. Sci. Nat., Bot.","IX, 1: 356","","1905"
kew-313601,A,Lecythidaceae,,Careya,,"arborea",,"","Roxb.",Accepted,,H,iPlants,313601,469163-1,"Pl. Coromandel","3: 14","","1819"
kew-313604,A,Lecythidaceae,,Careya,,"herbacea",,"","Roxb.",Accepted,,H,iPlants,313604,469166-1,"Pl. Coromandel","3: 13","","1819"
kew-313612,A,Lecythidaceae,,Careya,,"valida",,"","Kurz",Accepted,,H,iPlants,313612,592119-1,"J. Asiat. Soc. Bengal, Pt. 2, Nat. Hist.","46(2): 72","","1877"
kew-313619,A,Lecythidaceae,,Cariniana,,"domestica",,"","(Mart.) Miers",Accepted,,H,iPlants,313619,592121-1,"Trans. Linn. Soc. London","30: 286","","1874"
kew-313620,A,Lecythidaceae,,Cariniana,,"estrellensis",,"","(Raddi) Kuntze",Accepted,,H,iPlants,313620,47516-2,"Revis. Gen. Pl.","3(2): 89","","1898"
kew-313624,A,Lecythidaceae,,Cariniana,,"ianeirensis",,"","R.Knuth",Accepted,,H,iPlants,313624,47518-2,"Repert. Spec. Nov. Regni Veg.","35: 340","","1934"
kew-313628,A,Lecythidaceae,,Cariniana,,"legalis",,"","(Mart.) Kuntze",Accepted,,H,iPlants,313628,592126-1,"Revis. Gen. Pl.","3(2): 89","","1898"
kew-313629,A,Lecythidaceae,,Cariniana,,"micrantha",,"","Ducke",Accepted,,H,iPlants,313629,47522-2,"Arch. Jard. Bot. Rio de Janeiro","5: 175","","1930"
kew-312898,A,Lecythidaceae,,Cariniana,,"parvifolia",,"","S.A.Mori, Prance & Menandro",Accepted,,H,iPlants,312898,302134-2,"Bol. Bot. (São Paulo)","14: 8","","1995"
kew-313634,A,Lecythidaceae,,Cariniana,,"penduliflora",,"","Prance",Accepted,,H,iPlants,313634,47527-2,"Brittonia","28: 298","","1976"
kew-313635,A,Lecythidaceae,,Cariniana,,"pyriformis",,"","Miers",Accepted,,H,iPlants,313635,592127-1,"Trans. Linn. Soc. London","30: 290","","1874"
kew-313636,A,Lecythidaceae,,Cariniana,,"rubra",,"","Gardner ex Miers",Accepted,,H,iPlants,313636,592128-1,"Trans. Linn. Soc. London","30: 288","","1874"
tro-17900017,A,Lecythidaceae,,Chydenanthus,,"chartacea",,"","Miers",Unresolved,,L,TRO,17900017,,"","","",""
tro-17900003,A,Lecythidaceae,,Chydenanthus,,"excelsa",,"","Miers",Unresolved,,L,TRO,17900003,,"","","",""
kew-313642,A,Lecythidaceae,,Chydenanthus,,"excelsus",,"","(Blume) Miers",Accepted,,H,iPlants,313642,592198-1,"Trans. Linn. Soc. London, Bot.","1: 112","","1875"
tro-17900018,A,Lecythidaceae,,Chydenanthus,,"idatimon",,"","Miers",Unresolved,,L,TRO,17900018,,"","","",""
tro-17900019,A,Lecythidaceae,,Chydenanthus,,"turbinata",,"","Miers",Unresolved,,L,TRO,17900019,,"","","",""
tro-17900023,A,Lecythidaceae,,Chytroma,,"matamata",,"","Huber",Unresolved,,L,TRO,17900023,,"","","",""
kew-313647,A,Lecythidaceae,,Corythophora,,"alta",,"","R.Knuth",Accepted,,H,iPlants,313647,66711-2,"Pflanzenr.","IV, 219a: 51","","1939"
kew-313648,A,Lecythidaceae,,Corythophora,,"amapaensis",,"","Pires ex S.A.Mori & Prance",Accepted,,H,iPlants,313648,66712-2,"Brittonia","33: 365","","1981"
kew-313649,A,Lecythidaceae,,Corythophora,,"labriculata",,"","(Eyma) S.A.Mori & Prance",Accepted,,H,iPlants,313649,908571-1,"Brittonia","33: 365","","1981"
kew-313650,A,Lecythidaceae,,Corythophora,,"rimosa",,"","W.A.Rodrigues",Accepted,,H,iPlants,313650,66621-2,"Acta Amazon.","4: 5","","1974"
kew-313654,A,Lecythidaceae,,Couratari,,"asterophora",,"","Rizzini",Accepted,,H,iPlants,313654,67247-2,"Rodriguésia","28(41): 177","","1976"
kew-313655,A,Lecythidaceae,,Couratari,,"asterotricha",,"","Prance",Accepted,,H,iPlants,313655,67248-2,"Brittonia","33: 17","","1981"
kew-313656,A,Lecythidaceae,,Couratari,,"atrovinosa",,"","Prance",Accepted,,H,iPlants,313656,67249-2,"Brittonia","28: 300","","1976"
kew-313659,A,Lecythidaceae,,Couratari,,"calycina",,"","Sandwith",Accepted,,H,iPlants,313659,469214-1,"J. Bot.","78: 253","","1940"
kew-313670,A,Lecythidaceae,,Couratari,,"gloriosa",,"","Sandwith",Accepted,,H,iPlants,313670,67258-2,"Kew Bull.","10: 472","","1955"
kew-313671,A,Lecythidaceae,,Couratari,,"guianensis",,"","Aubl.",Accepted,,H,iPlants,313671,592371-1,"Hist. Pl. Guiane","2: 724","","1775"
kew-313677,A,Lecythidaceae,,Couratari,,"longipedicellata",,"","W.A.Rodrigues",Accepted,,H,iPlants,313677,67261-2,"Acta Amazon.","4: 10","","1974"
kew-313679,A,Lecythidaceae,,Couratari,,"macrosperma",,"","A.C.Sm.",Accepted,,H,iPlants,313679,67262-2,"Bull. Torrey Bot. Club","60: 383","","1933"
kew-313682,A,Lecythidaceae,,Couratari,,"multiflora",,"","(Sm.) Eyma",Accepted,,H,iPlants,313682,469226-1,"Polygon. Guttif. Surinam","60","","1932"
kew-313683,A,Lecythidaceae,,Couratari,,"oblongifolia",,"","Ducke & R.Knuth",Accepted,,H,iPlants,313683,67264-2,"Pflanzenr.","IV, 219a: 134","","1939"
kew-313684,A,Lecythidaceae,,Couratari,,"oligantha",,"","A.C.Sm.",Accepted,,H,iPlants,313684,67265-2,"Amer. J. Bot.","26: 411","","1939"
kew-313688,A,Lecythidaceae,,Couratari,,"prancei",,"","W.A.Rodrigues",Accepted,,H,iPlants,313688,67269-2,"Acta Amazon.","4: 10","","1974"
kew-313690,A,Lecythidaceae,,Couratari,,"pyramidata",,"","(Vell.) R.Knuth",Accepted,,H,iPlants,313690,67271-2,"Pflanzenr.","IV, 219a: 129","","1939"
kew-313692,A,Lecythidaceae,,Couratari,,"riparia",,"","Sandwith",Accepted,,H,iPlants,313692,67273-2,"Kew Bull.","10: 473","","1955"
kew-313695,A,Lecythidaceae,,Couratari,,"sandwithii",,"","Prance",Accepted,,H,iPlants,313695,67274-2,"Brittonia","33: 19","","1981"
kew-313696,A,Lecythidaceae,,Couratari,,"scottmorii",,"","Prance",Accepted,,H,iPlants,313696,67275-2,"Brittonia","33: 15","","1981"
kew-313697,A,Lecythidaceae,,Couratari,,"stellata",,"","A.C.Sm.",Accepted,,H,iPlants,313697,67276-2,"Amer. J. Bot.","26: 410","","1939"
kew-313699,A,Lecythidaceae,,Couratari,,"tauari",,"","O.Berg",Accepted,,H,iPlants,313699,592380-1,"Fl. Bras.","14(1): 509","","1858"
kew-313700,A,Lecythidaceae,,Couratari,,"tenuicarpa",,"","A.C.Sm.",Accepted,,H,iPlants,313700,67292-2,"Brittonia","2: 158","","1936"
kew-313712,A,Lecythidaceae,,Couroupita,,"guianensis",,"","Aubl.",Accepted,,H,iPlants,313712,592385-1,"Hist. Pl. Guiane","2: 708","","1775"
kew-313717,A,Lecythidaceae,,Couroupita,,"nicaraguarensis",,"","DC.",Accepted,,H,iPlants,313717,592389-1,"Prodr.","3: 294","","1828"
kew-313721,A,Lecythidaceae,,Couroupita,,"subsessilis",,"","Pilg.",Accepted,,H,iPlants,313721,67290-2,"Verh. Bot. Vereins Prov. Brandenburg","47: 163","","1905"
kew-313725,A,Lecythidaceae,,Crateranthus,,"congolensis",,"","Lecomte",Accepted,,H,iPlants,313725,469250-1,"Bull. Mus. Natl. Hist. Nat.","26: 70","","1920"
kew-313726,A,Lecythidaceae,,Crateranthus,,"le-testui",,"","Lecomte",Accepted,,H,iPlants,313726,469251-1,"Bull. Mus. Natl. Hist. Nat.","26: 68","","1920"
kew-313727,A,Lecythidaceae,,Crateranthus,,"talbotii",,"","Baker f.",Accepted,,H,iPlants,313727,469252-1,"Cat. Pl. Oban","36","","1913"
kew-2801738,A,Lecythidaceae,,Erytropyxis,,"eetveldiana",,"","(De Wild. & T.Durand) Engl.",Unresolved,,L,WCSP (in review),929487,,"Bot. Jahrb. Syst.","32: 103","","1902"
kew-372754,A,Lecythidaceae,,Eschweilera,,"aguilarii",,"","S.A.Mori",Accepted,,H,iPlants,372754,77089929-1,"Monogr. Syst. Bot. Missouri Bot. Gard.","111: 903","","2007"
kew-313746,A,Lecythidaceae,,Eschweilera,,"alata",,"","A.C.Sm.",Accepted,,H,iPlants,313746,97363-2,"Amer. J. Bot.","26: 407","","1939"
kew-313748,A,Lecythidaceae,,Eschweilera,,"albiflora",,"","(DC.) Miers",Accepted,,H,iPlants,313748,592586-1,"Trans. Linn. Soc. London","30: 268","","1874"
kew-313750,A,Lecythidaceae,,Eschweilera,,"alvimii",,"","S.A.Mori",Accepted,,H,iPlants,313750,97366-2,"Brittonia","33: 469","","1981"
kew-313752,A,Lecythidaceae,,Eschweilera,,"amazonica",,"","R.Knuth",Accepted,,H,iPlants,313752,97368-2,"Pflanzenr.","IV, 219a: 109","","1939"
kew-313753,A,Lecythidaceae,,Eschweilera,,"amazoniciformis",,"","S.A.Mori",Accepted,,H,iPlants,313753,939645-1,"Fl. Neotrop. Monogr.","31(II): 227","","1990"
kew-313754,A,Lecythidaceae,,Eschweilera,,"amplexifolia",,"","S.A.Mori",Accepted,,H,iPlants,313754,939641-1,"Fl. Neotrop. Monogr.","21(II): 210","","1990"
kew-313755,A,Lecythidaceae,,Eschweilera,,"andina",,"","(Rusby) J.F.Macbr.",Accepted,,H,iPlants,313755,97369-2,"Publ. Field Mus. Nat. Hist., Bot. Ser.","13(4): 246","","1941"
kew-313757,A,Lecythidaceae,,Eschweilera,,"antioquensis",,"","Dugand & H.Daniel",Accepted,,H,iPlants,313757,97370-2,"Contr. Hist. Nat. Colomb.","2: 1","","1938"
kew-313758,A,Lecythidaceae,,Eschweilera,,"apiculata",,"","(Miers) A.C.Sm.",Accepted,,H,iPlants,313758,97371-2,"Phytologia","1: 124","","1935"
kew-313759,A,Lecythidaceae,,Eschweilera,,"atropetiolata",,"","S.A.Mori",Accepted,,H,iPlants,313759,939650-1,"Fl. Neotrop. Monogr.","21(II): 241","","1990"
kew-313760,A,Lecythidaceae,,Eschweilera,,"baguensis",,"","S.A.Mori",Accepted,,H,iPlants,313760,939634-1,"Fl. Neotrop. Monogr.","21(II): 185","","1990"
kew-313761,A,Lecythidaceae,,Eschweilera,,"beebei",,"","Pittier ex S.A.Mori",Accepted,,H,iPlants,313761,939632-1,"Fl. Neotrop. Monogr.","21(II): 183","","1990"
kew-372743,A,Lecythidaceae,,Eschweilera,,"biflava",,"","S.A.Mori",Accepted,,H,iPlants,372743,77089930-1,"Monogr. Syst. Bot. Missouri Bot. Gard.","111: 903","","2007"
kew-313763,A,Lecythidaceae,,Eschweilera,,"bogotensis",,"","R.Knuth",Accepted,,H,iPlants,313763,97372-2,"Repert. Spec. Nov. Regni Veg.","38: 115","","1935"
kew-313765,A,Lecythidaceae,,Eschweilera,,"boltenii",,"","S.A.Mori",Accepted,,H,iPlants,313765,939649-1,"Fl. Neotrop. Monogr.","21(II): 240","","1990"
kew-313766,A,Lecythidaceae,,Eschweilera,,"bracteosa",,"","(Poepp. ex O.Berg) Miers",Accepted,,H,iPlants,313766,592591-1,"Trans. Linn. Soc. London","30: 274","","1874"
kew-313768,A,Lecythidaceae,,Eschweilera,,"cabrerana",,"","Philipson",Accepted,,H,iPlants,313768,97375-2,"Mutisia","24: 3","","1956"
kew-313769,A,Lecythidaceae,,Eschweilera,,"calyculata",,"","Pittier",Accepted,,H,iPlants,313769,97376-2,"Contr. U. S. Natl. Herb.","12: 97","","1908"
kew-313770,A,Lecythidaceae,,Eschweilera,,"carinata",,"","S.A.Mori",Accepted,,H,iPlants,313770,939653-1,"Fl. Neotrop. Monogr.","21(II): 257","","1990"
kew-313772,A,Lecythidaceae,,Eschweilera,,"caudiculata",,"","R.Knuth",Accepted,,H,iPlants,313772,97378-2,"Pflanzenr.","IV, 219a: 95","","1939"
kew-313776,A,Lecythidaceae,,Eschweilera,,"chartaceifolia",,"","S.A.Mori",Accepted,,H,iPlants,313776,939647-1,"Fl. Neotrop. Monogr.","21(II): 228","","1990"
kew-313779,A,Lecythidaceae,,Eschweilera,,"collina",,"","Eyma",Accepted,,H,iPlants,313779,,"Meded. Bot. Mus. Herb. Rijks Univ. Utrecht","4: 63","","1932"
kew-313781,A,Lecythidaceae,,Eschweilera,,"complanata",,"","S.A.Mori",Accepted,,H,iPlants,313781,305749-2,"Bol. Bot. (São Paulo)","14: 16","","1995"
kew-313782,A,Lecythidaceae,,Eschweilera,,"compressa",,"","(Vell.) Miers",Accepted,,H,iPlants,313782,592592-1,"Trans. Linn. Soc. London","30: 248","","1874"
kew-313786,A,Lecythidaceae,,Eschweilera,,"congestiflora",,"","(Benoist) Eyma",Accepted,,H,iPlants,313786,469278-1,"Polygon. Guttif. Surinam","71","","1932"
kew-313788,A,Lecythidaceae,,Eschweilera,,"coriacea",,"","(DC.) S.A.Mori",Accepted,,H,iPlants,313788,947902-1,"Fl. Neotrop. Monogr.","21(II): 203","","1990"
tro-50324172,A,Lecythidaceae,,Eschweilera,,"correae",,"","S.A. Mori",Unresolved,,L,TRO,50324172,,"","","",""
kew-313790,A,Lecythidaceae,,Eschweilera,,"costaricensis",,"","S.A.Mori",Accepted,,H,iPlants,313790,276903-2,"Ann. Missouri Bot. Gard.","74: 455","","1987"
kew-313791,A,Lecythidaceae,,Eschweilera,,"cyathiformis",,"","S.A.Mori",Accepted,,H,iPlants,313791,276904-2,"Bol. Mus. Paraense Emilio Gouldi, Bot.","5: 20","","1989"
kew-313792,A,Lecythidaceae,,Eschweilera,,"decolorans",,"","Sandwith",Accepted,,H,iPlants,313792,97390-2,"Bull. Misc. Inform. Kew","1932: 214","","1932"
kew-313794,A,Lecythidaceae,,Eschweilera,,"eperuetorum",,"","Sandwith",Accepted,,H,iPlants,313794,97391-2,"Kew Bull.","10: 475","","1955"
kew-313796,A,Lecythidaceae,,Eschweilera,,"fanshawei",,"","Sandwith",Accepted,,H,iPlants,313796,97393-2,"Kew Bull.","10: 478","","1955"
tro-50324174,A,Lecythidaceae,,Eschweilera,,"foetulenta",,"","S.A. Mori",Unresolved,,L,TRO,50324174,,"","","",""
kew-313803,A,Lecythidaceae,,Eschweilera,,"gigantea",,"","(R.Knuth) J.F.Macbr.",Accepted,,H,iPlants,313803,97399-2,"Candollea","8: 25","","1940"
kew-313806,A,Lecythidaceae,,Eschweilera,,"grandiflora",,"","(Aubl.) Sandwith",Accepted,,H,iPlants,313806,97401-2,"Kew Bull.","10: 479","","1955"
kew-372742,A,Lecythidaceae,,Eschweilera,,"harmonii",,"","S.A.Mori",Accepted,,H,iPlants,372742,77089931-1,"Monogr. Syst. Bot. Missouri Bot. Gard.","111: 903","","2007"
kew-313811,A,Lecythidaceae,,Eschweilera,,"hondurensis",,"","Standl.",Accepted,,H,iPlants,313811,97404-2,"Publ. Field Mus. Nat. Hist., Bot. Ser.","9: 318","","1940"
kew-313815,A,Lecythidaceae,,Eschweilera,,"integricalyx",,"","S.A.Mori",Accepted,,H,iPlants,313815,939640-1,"Fl. Neotrop. Monogr.","21(II): 210","","1990"
kew-313816,A,Lecythidaceae,,Eschweilera,,"integrifolia",,"","(Ruiz & Pav. ex Miers) R.Knuth",Accepted,,H,iPlants,313816,97407-2,"Pflanzenr.","IV, 219a: 97","","1939"
kew-313818,A,Lecythidaceae,,Eschweilera,,"itayensis",,"","R.Knuth",Accepted,,H,iPlants,313818,97409-2,"Pflanzenr.","IV, 219a: 111","","1939"
kew-313819,A,Lecythidaceae,,Eschweilera,,"jacquelyniae",,"","S.A.Mori",Accepted,,H,iPlants,313819,939635-1,"Fl. Neotrop. Monogr.","21(II): 192","","1990"
kew-313823,A,Lecythidaceae,,Eschweilera,,"juruensis",,"","R.Knuth",Accepted,,H,iPlants,313823,97414-2,"Pflanzenr.","IV, 219a: 111","","1939"
kew-313825,A,Lecythidaceae,,Eschweilera,,"klugii",,"","R.Knuth",Accepted,,H,iPlants,313825,97416-2,"Pflanzenr.","IV, 219a: 111","","1939"
kew-313829,A,Lecythidaceae,,Eschweilera,,"laevicarpa",,"","S.A.Mori",Accepted,,H,iPlants,313829,276905-2,"Mem. New York Bot. Gard.","44: 32","","1987"
kew-313833,A,Lecythidaceae,,Eschweilera,,"longipedicellata",,"","S.A.Mori",Accepted,,H,iPlants,313833,939638-1,"Fl. Neotrop. Monogr.","21(II): 199","","1990"
kew-313835,A,Lecythidaceae,,Eschweilera,,"longirachis",,"","S.A.Mori",Accepted,,H,iPlants,313835,939639-1,"Fl. Neotrop. Monogr.","21(II): 203","","1990"
kew-313839,A,Lecythidaceae,,Eschweilera,,"macrocarpa",,"","Pittier",Accepted,,H,iPlants,313839,97424-2,"Bol. Soc. Venez. Ci. Nat.","4(30): 89","","1937"
kew-313841,A,Lecythidaceae,,Eschweilera,,"manaosensis",,"","R.Knuth",Unresolved,,L,iPlants,313841,97425-2,"Repert. Spec. Nov. Regni Veg.","38: 116","","1935"
kew-313844,A,Lecythidaceae,,Eschweilera,,"mattos-silvae",,"","S.A.Mori",Accepted,,H,iPlants,313844,303637-2,"Bol. Bot. (São Paulo)","14: 22","","1995"
kew-313847,A,Lecythidaceae,,Eschweilera,,"mexicana",,"","T.Wendt, S.A.Mori & Prance",Accepted,,H,iPlants,313847,276906-2,"Brittonia","37: 347","","1985"
kew-313848,A,Lecythidaceae,,Eschweilera,,"micrantha",,"","(O.Berg) Miers",Accepted,,H,iPlants,313848,592613-1,"Trans. Linn. Soc. London","30: 260","","1874"
kew-313849,A,Lecythidaceae,,Eschweilera,,"microcalyx",,"","S.A.Mori",Accepted,,H,iPlants,313849,939636-1,"Fl. Neotrop. Monogr.","21(II): 195","","1990"
kew-313854,A,Lecythidaceae,,Eschweilera,,"moritziana",,"","Miers",Unresolved,,L,iPlants,313854,592614-1,"Trans. Linn. Soc. London","30: 271","","1874"
kew-313855,A,Lecythidaceae,,Eschweilera,,"nana",,"","(O.Berg) Miers",Accepted,,H,iPlants,313855,592615-1,"Trans. Linn. Soc. London","30: 261","","1874"
kew-313856,A,Lecythidaceae,,Eschweilera,,"neblinensis",,"","S.A.Mori",Accepted,,H,iPlants,313856,939652-1,"Fl. Neotrop. Monogr.","21(II): 256","","1990"
kew-313857,A,Lecythidaceae,,Eschweilera,,"neei",,"","S.A.Mori",Accepted,,H,iPlants,313857,939633-1,"Fl. Neotrop. Monogr.","21(II): 183","","1990"
tro-50324176,A,Lecythidaceae,,Eschweilera,,"nitida",,"","S.A. Mori",Unresolved,,L,TRO,50324176,,"","","",""
kew-313861,A,Lecythidaceae,,Eschweilera,,"obversa",,"","(O.Berg) Miers",Accepted,,H,iPlants,313861,592616-1,"Trans. Linn. Soc. London","30: 267","","1874"
kew-313864,A,Lecythidaceae,,Eschweilera,,"ovalifolia",,"","(DC.) Nied.",Accepted,,H,iPlants,313864,97437-2,"Nat. Pflanzenfam.","3(7): 40","","1892"
kew-313866,A,Lecythidaceae,,Eschweilera,,"ovata",,"","(Cambess.) Mart. ex Miers",Accepted,,H,iPlants,313866,592619-1,"Trans. Linn. Soc. London","30: 257","","1874"
kew-313867,A,Lecythidaceae,,Eschweilera,,"pachyderma",,"","Cuatrec.",Accepted,,H,iPlants,313867,97439-2,"Fieldiana, Bot.","27(2): 91","","1951"
kew-313870,A,Lecythidaceae,,Eschweilera,,"panamensis",,"","Pittier",Accepted,,H,iPlants,313870,97440-2,"Contr. U. S. Natl. Herb.","26: 12","","1927"
kew-313871,A,Lecythidaceae,,Eschweilera,,"paniculata",,"","(O.Berg) Miers",Accepted,,H,iPlants,313871,592622-1,"Trans. Linn. Soc. London","30: 265","","1874"
kew-313873,A,Lecythidaceae,,Eschweilera,,"parviflora",,"","(Aubl.) Miers",Accepted,,H,iPlants,313873,592623-1,"Trans. Linn. Soc. London","30: 260","","1874"
kew-313874,A,Lecythidaceae,,Eschweilera,,"parvifolia",,"","Mart. ex DC.",Accepted,,H,iPlants,313874,592624-1,"Prodr.","3: 293","","1828"
kew-313876,A,Lecythidaceae,,Eschweilera,,"pedicellata",,"","(Rich.) S.A.Mori",Accepted,,H,iPlants,313876,276907-2,"Mem. New York Bot. Gard.","44: 34","","1987"
kew-313878,A,Lecythidaceae,,Eschweilera,,"perumbonata",,"","Pittier",Accepted,,H,iPlants,313878,469328-1,"Bol. Soc. Venez. Ci. Nat.","4: 90","","1938"
kew-313880,A,Lecythidaceae,,Eschweilera,,"piresii",,"","S.A.Mori",Accepted,,H,iPlants,313880,939646-1,"Fl. Neotrop. Monogr.","21(II): 227","","1990"
kew-313886,A,Lecythidaceae,,Eschweilera,,"potaroensis",,"","Sandwith",Accepted,,H,iPlants,313886,97447-2,"Kew Bull.","10: 476","","1955"
kew-313887,A,Lecythidaceae,,Eschweilera,,"praealta",,"","(Sprague) Sandwith",Accepted,,H,iPlants,313887,97448-2,"Kew Bull.","10: 479","","1955"
kew-313889,A,Lecythidaceae,,Eschweilera,,"pseudodecolorans",,"","S.A.Mori",Accepted,,H,iPlants,313889,301534-2,"Brittonia","44: 244","","1992"
kew-313890,A,Lecythidaceae,,Eschweilera,,"punctata",,"","S.A.Mori",Accepted,,H,iPlants,313890,939642-1,"Fl. Neotrop. Monogr.","21(II): 219","","1990"
kew-313891,A,Lecythidaceae,,Eschweilera,,"rabeliana",,"","S.A.Mori",Accepted,,H,iPlants,313891,276908-2,"Bol. Mus. Paraense Emilio Gouldi, Bot.","5: 21","","1989"
kew-313892,A,Lecythidaceae,,Eschweilera,,"rankiniae",,"","S.A.Mori",Accepted,,H,iPlants,313892,300592-2,"Mem. New York Bot. Gard.","75: 39","","1995"
kew-313895,A,Lecythidaceae,,Eschweilera,,"reversa",,"","Pittier",Accepted,,H,iPlants,313895,97452-2,"Contr. U. S. Natl. Herb.","26: 11","","1927"
kew-313896,A,Lecythidaceae,,Eschweilera,,"revoluta",,"","S.A.Mori",Accepted,,H,iPlants,313896,939631-1,"Fl. Neotrop. Monogr.","21(II): 174","","1990"
kew-313897,A,Lecythidaceae,,Eschweilera,,"rhododendrifolia",,"","(R.Knuth) A.C.Sm.",Accepted,,H,iPlants,313897,97453-2,"Amer. J. Bot.","26: 408","","1939"
kew-313901,A,Lecythidaceae,,Eschweilera,,"rimbachii",,"","Standl.",Accepted,,H,iPlants,313901,97455-2,"Trop. Woods","42: 31","","1935"
kew-313902,A,Lecythidaceae,,Eschweilera,,"rionegrense",,"","S.A.Mori",Accepted,,H,iPlants,313902,939643-1,"Fl. Neotrop. Monogr.","21(II): 223","","1990"
kew-313903,A,Lecythidaceae,,Eschweilera,,"rodriguesiana",,"","S.A.Mori",Accepted,,H,iPlants,313903,939651-1,"Fl. Neotrop. Monogr.","21(II): 255","","1990"
kew-313905,A,Lecythidaceae,,Eschweilera,,"roraimensis",,"","S.A.Mori",Accepted,,H,iPlants,313905,939648-1,"Fl. Neotrop. Monogr.","21(II): 237","","1990"
kew-313907,A,Lecythidaceae,,Eschweilera,,"rufifolia",,"","S.A.Mori",Accepted,,H,iPlants,313907,939654-1,"Fl. Neotrop. Monogr.","21(II): 257","","1990"
kew-313908,A,Lecythidaceae,,Eschweilera,,"sagotiana",,"","Miers",Accepted,,H,iPlants,313908,592631-1,"Trans. Linn. Soc. London","30: 262","","1874"
kew-313912,A,Lecythidaceae,,Eschweilera,,"sclerophylla",,"","Cuatrec.",Accepted,,H,iPlants,313912,97460-2,"Fieldiana, Bot.","27(2): 92","","1951"
kew-313914,A,Lecythidaceae,,Eschweilera,,"sessilis",,"","A.C.Sm.",Accepted,,H,iPlants,313914,97461-2,"Phytologia","1: 21","","1933"
kew-313916,A,Lecythidaceae,,Eschweilera,,"simiorum",,"","(Benoist) Eyma",Accepted,,H,iPlants,313916,469343-1,"Polygon. Guttif. Surinam","81","","1932"
tro-50324166,A,Lecythidaceae,,Eschweilera,,"spapanama",,"","S.A. Mori",Unresolved,,L,TRO,50324166,,"","","",""
kew-313919,A,Lecythidaceae,,Eschweilera,,"squamata",,"","S.A.Mori",Accepted,,H,iPlants,313919,276909-2,"Mem. New York Bot. Gard.","44: 33","","1987"
kew-313920,A,Lecythidaceae,,Eschweilera,,"subcordata",,"","S.A.Mori",Accepted,,H,iPlants,313920,939644-1,"Fl. Neotrop. Monogr.","21(II): 225","","1990"
kew-313921,A,Lecythidaceae,,Eschweilera,,"subglandulosa",,"","(Steud. ex O.Berg) Miers",Accepted,,H,iPlants,313921,592638-1,"Trans. Linn. Soc. London","30: 266","","1874"
kew-313923,A,Lecythidaceae,,Eschweilera,,"tenax",,"","(Moritz ex O.Berg) Miers",Accepted,,H,iPlants,313923,592639-1,"Trans. Linn. Soc. London","30: 270","","1874"
kew-313924,A,Lecythidaceae,,Eschweilera,,"tenuifolia",,"","(O.Berg) Miers",Accepted,,H,iPlants,313924,592640-1,"Trans. Linn. Soc. London","30: 266","","1874"
kew-313925,A,Lecythidaceae,,Eschweilera,,"tessmannii",,"","R.Knuth",Accepted,,H,iPlants,313925,97466-2,"Pflanzenr.","IV, 219a: 115","","1939"
kew-313926,A,Lecythidaceae,,Eschweilera,,"tetrapetala",,"","S.A.Mori",Accepted,,H,iPlants,313926,97467-2,"Brittonia","33: 467","","1981"
kew-313930,A,Lecythidaceae,,Eschweilera,,"truncata",,"","A.C.Sm.",Accepted,,H,iPlants,313930,97470-2,"Bull. Torrey Bot. Club","60: 382","","1933"
kew-313935,A,Lecythidaceae,,Eschweilera,,"venezuelica",,"","S.A.Mori",Accepted,,H,iPlants,313935,939637-1,"Fl. Neotrop. Monogr.","21(II): 197","","1990"
kew-313939,A,Lecythidaceae,,Eschweilera,,"wachenheimii",,"","(Benoist) Sandwith",Accepted,,H,iPlants,313939,97477-2,"Bull. Misc. Inform. Kew","1932: 215","","1932"
kew-313941,A,Lecythidaceae,,Foetidia,,"africana",,"","Verdc.",Accepted,,H,iPlants,313941,906130-1,"Kew Bull.","40: 635","","1985"
kew-313942,A,Lecythidaceae,,Foetidia,,"asymmetrica",,"","H.Perrier",Accepted,,H,iPlants,313942,469356-1,"Notul. Syst. (Paris)","14: 305","","1953"
kew-313943,A,Lecythidaceae,,Foetidia,,"capuronii",,"","Bosser",Accepted,,H,iPlants,313943,935651-1,"Bull. Mus. Natl. Hist. Nat., B, Adansonia","10: 112","","1988"
kew-84638,A,Lecythidaceae,,Foetidia,,"clusioides",,"","Baker",Accepted,,H,iPlants,84638,596477-1,"Bull. Misc. Inform. Kew","1895: 104","","1895"
tro-100376278,A,Lecythidaceae,,Foetidia,,"comorensis",,"","Labat, Bidault & Viscardi",Unresolved,,L,TRO,100376278,77117462-1,"Adansonia, sér. 3,","33(2): 263–269","263","2011"
kew-313944,A,Lecythidaceae,,Foetidia,,"cuneata",,"","Bosser",Accepted,,H,iPlants,313944,935649-1,"Bull. Mus. Natl. Hist. Nat., B, Adansonia","10: 110","","1988"
kew-313945,A,Lecythidaceae,,Foetidia,,"delphinensis",,"","Bosser",Accepted,,H,iPlants,313945,935648-1,"Bull. Mus. Natl. Hist. Nat., B, Adansonia","10: 108","","1988"
kew-313946,A,Lecythidaceae,,Foetidia,,"dracaenoides",,"","Capuron ex Bosser",Accepted,,H,iPlants,313946,935646-1,"Bull. Mus. Natl. Hist. Nat., B, Adansonia","10: 106","","1988"
kew-313947,A,Lecythidaceae,,Foetidia,,"macrocarpa",,"","Bosser",Accepted,,H,iPlants,313947,935655-1,"Bull. Mus. Natl. Hist. Nat., B, Adansonia","10: 117","","1988"
kew-84639,A,Lecythidaceae,,Foetidia,,"mauritiana",,"","Lam.",Accepted,,H,iPlants,84639,596478-1,"Encycl.","2: 457","","1788"
kew-84640,A,Lecythidaceae,,Foetidia,,"obliqua",,"","Blume",Accepted,,H,iPlants,84640,596479-1,"Mus. Bot.","1: 145","","1850"
kew-313949,A,Lecythidaceae,,Foetidia,,"parviflora",,"","Capuron ex Bosser",Accepted,,H,iPlants,313949,935647-1,"Bull. Mus. Natl. Hist. Nat., B, Adansonia","10: 108","","1988"
kew-313950,A,Lecythidaceae,,Foetidia,,"pterocarpa",,"","Bosser",Accepted,,H,iPlants,313950,935650-1,"Bull. Mus. Natl. Hist. Nat., B, Adansonia","10: 111","","1988"
kew-84642,A,Lecythidaceae,,Foetidia,,"retusa",,"","Blume",Accepted,,H,iPlants,84642,596481-1,"Mus. Bot.","1: 144","","1850"
kew-313951,A,Lecythidaceae,,Foetidia,,"rodriguesiana",,"","F.Friedmann",Accepted,,H,iPlants,313951,897772-1,"Adansonia","n.s., 20: 448","","1981"
kew-313952,A,Lecythidaceae,,Foetidia,,"rubescens",,"","Bosser",Accepted,,H,iPlants,313952,935652-1,"Bull. Mus. Natl. Hist. Nat., B, Adansonia","10: 112","","1988"
kew-313953,A,Lecythidaceae,,Foetidia,,"sambiranensis",,"","Bosser",Accepted,,H,iPlants,313953,935654-1,"Bull. Mus. Natl. Hist. Nat., B, Adansonia","10: 116","","1988"
tro-17900319,A,Lecythidaceae,,Foetidia,,"velutina",,"","Blume",Accepted,,M,TRO,17900319,,"","","",""
kew-313954,A,Lecythidaceae,,Foetidia,,"vohemarensis",,"","Bosser",Accepted,,H,iPlants,313954,935653-1,"Bull. Mus. Natl. Hist. Nat., B, Adansonia","10: 114","","1988"
kew-313960,A,Lecythidaceae,,Grias,,"cauliflora",,"","L.",Accepted,,H,iPlants,313960,596618-1,"Syst. Nat. ed. 10","2: 1075","","1759"
kew-313961,A,Lecythidaceae,,Grias,,"colombiana",,"","Cuatrec.",Accepted,,H,iPlants,313961,113429-2,"Fieldiana, Bot.","27(2): 96","","1951"
kew-313968,A,Lecythidaceae,,Grias,,"haughtii",,"","R.Knuth",Accepted,,H,iPlants,313968,113436-2,"Pflanzenr.","IV, 219a: 31","","1939"
kew-313970,A,Lecythidaceae,,Grias,,"longirachis",,"","S.A.Mori & J.L.Clark",Accepted,,H,iPlants,313970,1016640-1,"Brittonia","52: 145","","2000"
kew-313974,A,Lecythidaceae,,Grias,,"multinervia",,"","Cuatrec.",Accepted,,H,iPlants,313974,113442-2,"Fieldiana, Bot.","27(2): 97","","1951"
kew-313975,A,Lecythidaceae,,Grias,,"neuberthii",,"","J.F.Macbr.",Accepted,,H,iPlants,313975,113443-2,"Publ. Field Mus. Nat. Hist., Bot. Ser.","11: 30","","1931"
kew-313976,A,Lecythidaceae,,Grias,,"peruviana",,"","Miers",Accepted,,H,iPlants,313976,113444-2,"Trans. Linn. Soc. London","30: 301","","1874"
kew-462072,A,Lecythidaceae,,Grias,,"purpuripetala",,"","S.A.Mori & J.D.García-Gonz.",Accepted,,H,iPlants,462072,,"Brittonia","62: 106","","2010"
kew-462073,A,Lecythidaceae,,Grias,,"theobromicarpa",,"","Cornejo & S.A.Mori",Accepted,,H,iPlants,462073,,"Brittonia","62: 100","","2010"
kew-313982,A,Lecythidaceae,,Gustavia,,"acuminata",,"","S.A.Mori",Accepted,,H,iPlants,313982,114911-2,"Fl. Neotrop. Monogr.","21: 185","","1979"
kew-313986,A,Lecythidaceae,,Gustavia,,"angustifolia",,"","Benth.",Accepted,,H,iPlants,313986,596727-1,"Bot. Voy. Sulphur","99","","1844"
tro-17900410,A,Lecythidaceae,,Gustavia,,"antioquensis",,"","Dugand & Daniel",Unresolved,,L,TRO,17900410,,"","","",""
kew-313988,A,Lecythidaceae,,Gustavia,,"augusta",,"","L.",Accepted,,H,iPlants,313988,114915-2,"Pl. Surin.","12: 17","","1775"
kew-313994,A,Lecythidaceae,,Gustavia,,"brachycarpa",,"","Pittier",Accepted,,H,iPlants,313994,114920-2,"Contr. U. S. Natl. Herb.","26: 3","","1927"
tro-17900055,A,Lecythidaceae,,Gustavia,,"calvoris",,"","Miers",Unresolved,,L,TRO,17900055,,"","","",""
kew-314002,A,Lecythidaceae,,Gustavia,,"coriacea",,"","S.A.Mori",Accepted,,H,iPlants,314002,114925-2,"Fl. Neotrop. Monogr.","21: 184","","1979"
kew-314003,A,Lecythidaceae,,Gustavia,,"dodsonii",,"","S.A.Mori",Accepted,,H,iPlants,314003,114926-2,"Selbyana","2: 37","","1977"
kew-314004,A,Lecythidaceae,,Gustavia,,"dubia",,"","(Kunth) O.Berg",Accepted,,H,iPlants,314004,596736-1,"Linnaea","27: 446","","1856"
kew-314007,A,Lecythidaceae,,Gustavia,,"elliptica",,"","S.A.Mori",Accepted,,H,iPlants,314007,114929-2,"Fl. Neotrop. Monogr.","21: 154","","1979"
kew-314008,A,Lecythidaceae,,Gustavia,,"erythrocarpa",,"","S.A.Mori",Accepted,,H,iPlants,314008,114930-2,"Fl. Neotrop. Monogr.","21: 156","","1979"
kew-314009,A,Lecythidaceae,,Gustavia,,"excelsa",,"","R.Knuth",Accepted,,H,iPlants,314009,114931-2,"Pflanzenr.","IV, 219a: 25","","1939"
kew-314014,A,Lecythidaceae,,Gustavia,,"flagellata",,"","S.A.Mori",Accepted,,H,iPlants,314014,469389-1,"Brittonia","28: 293","","1976"
kew-314016,A,Lecythidaceae,,Gustavia,,"foliosa",,"","Cuatrec.",Accepted,,H,iPlants,314016,114938-2,"Fieldiana, Bot.","27(2): 96","","1951"
kew-314017,A,Lecythidaceae,,Gustavia,,"fosteri",,"","S.A.Mori",Accepted,,H,iPlants,314017,114939-2,"Brittonia","30: 340","","1978"
kew-314019,A,Lecythidaceae,,Gustavia,,"gentryi",,"","S.A.Mori",Accepted,,H,iPlants,314019,114940-2,"Fl. Neotrop. Monogr.","21: 174","","1979"
kew-314020,A,Lecythidaceae,,Gustavia,,"gigantophylla",,"","Sandwith",Accepted,,H,iPlants,314020,114941-2,"Kew Bull.","10: 471","","1955"
kew-314022,A,Lecythidaceae,,Gustavia,,"gracillima",,"","Miers",Accepted,,H,iPlants,314022,114943-2,"Trans. Linn. Soc. London","30: 180","","1874"
kew-314023,A,Lecythidaceae,,Gustavia,,"gracillipes",,"","R.Knuth",Accepted,,H,iPlants,314023,469395-1,"Repert. Spec. Nov. Regni Veg.","35: 338","","1934"
kew-314024,A,Lecythidaceae,,Gustavia,,"grandibracteata",,"","Croat & S.A.Mori",Accepted,,H,iPlants,314024,114944-2,"Brittonia","26: 22","","1974"
kew-314025,A,Lecythidaceae,,Gustavia,,"hexapetala",,"","(Aubl.) Sm.",Accepted,,H,iPlants,314025,596743-1,"Cycl.","17: 2","","1811"
kew-314026,A,Lecythidaceae,,Gustavia,,"inakuama",,"","S.A.Mori",Accepted,,H,iPlants,314026,114945-2,"Fl. Neotrop. Monogr.","21: 184","","1979"
kew-314031,A,Lecythidaceae,,Gustavia,,"latifolia",,"","Miers",Accepted,,H,iPlants,314031,596748-1,"Trans. Linn. Soc. London","30: 182","","1874"
kew-314032,A,Lecythidaceae,,Gustavia,,"longifolia",,"","Poepp. ex O.Berg",Accepted,,H,iPlants,314032,114952-2,"Fl. Bras.","14(1): 472","","1858"
kew-314033,A,Lecythidaceae,,Gustavia,,"longifuniculata",,"","S.A.Mori",Accepted,,H,iPlants,314033,114953-2,"Fl. Neotrop. Monogr.","21: 139","","1979"
kew-313336,A,Lecythidaceae,,Gustavia,,"longipetiolata",,"","Huber",Accepted,,H,iPlants,313336,114950-2,"Bull. Soc. Bot. Genève","6: 191","","1914 publ. 1915"
kew-314035,A,Lecythidaceae,,Gustavia,,"macarenensis",,"","Philipson",Accepted,,H,iPlants,314035,114954-2,"Mutisia","24: 3","","1956"
kew-314044,A,Lecythidaceae,,Gustavia,,"monocaulis",,"","S.A.Mori",Accepted,,H,iPlants,314044,114961-2,"Brittonia","28: 289","","1976"
kew-314045,A,Lecythidaceae,,Gustavia,,"nana",,"","Pittier",Accepted,,H,iPlants,314045,469407-1,"Contr. U. S. Natl. Herb.","26: 5","","1927"
kew-314046,A,Lecythidaceae,,Gustavia,,"nana",subsp.,"rhodantha","(Standl.) S.A.Mori",Accepted,,L,iPlants,314046,114962-2,"Fl. Neotrop. Monogr.","21: 173","","1979"
kew-314048,A,Lecythidaceae,,Gustavia,,"parviflora",,"","S.A.Mori",Accepted,,H,iPlants,314048,292160-2,"Fl. Neotrop. Monogr.","21: 162","","1979"
kew-314049,A,Lecythidaceae,,Gustavia,,"petiolata",,"","S.A.Mori",Accepted,,H,iPlants,314049,114964-2,"Fl. Neotrop. Monogr.","21: 151","","1979"
kew-314051,A,Lecythidaceae,,Gustavia,,"poeppigiana",,"","O.Berg",Accepted,,H,iPlants,314051,114966-2,"Fl. Bras.","14(1): 471","","1858"
kew-314056,A,Lecythidaceae,,Gustavia,,"pubescens",,"","Ruiz & Pav. ex O.Berg",Accepted,,H,iPlants,314056,114971-2,"Linnaea","27: 443","","1856"
kew-314057,A,Lecythidaceae,,Gustavia,,"pulchra",,"","Miers",Accepted,,H,iPlants,314057,596756-1,"Trans. Linn. Soc. London","30: 182","","1874"
kew-314059,A,Lecythidaceae,,Gustavia,,"romeroi",,"","S.A.Mori & García-Barr.",Accepted,,H,iPlants,314059,114973-2,"Caldasia","11: 51","","1975"
kew-314061,A,Lecythidaceae,,Gustavia,,"santanderiensis",,"","R.Knuth",Accepted,,H,iPlants,314061,114975-2,"Pflanzenr.","IV, 219a: 24","","1939"
kew-314062,A,Lecythidaceae,,Gustavia,,"serrata",,"","S.A.Mori",Accepted,,H,iPlants,314062,114976-2,"Fl. Neotrop. Monogr.","21: 180","","1979"
kew-314063,A,Lecythidaceae,,Gustavia,,"sessilis",,"","S.A.Mori",Accepted,,H,iPlants,314063,114977-2,"Brittonia","28: 291","","1976"
kew-314064,A,Lecythidaceae,,Gustavia,,"speciosa",,"","(Kunth) DC.",Accepted,,H,iPlants,314064,596758-1,"Prodr.","3: 289","","1828"
kew-314065,A,Lecythidaceae,,Gustavia,,"speciosa",subsp.,"occidentalis","(Cuatrec.) S.A.Mori",Accepted,,L,iPlants,314065,114978-2,"Fl. Neotrop. Monogr.","21: 168","","1979"
kew-314067,A,Lecythidaceae,,Gustavia,,"superba",,"","(Kunth) O.Berg",Accepted,,H,iPlants,314067,323304-2,"Linnaea","27: 444","","1856"
kew-314069,A,Lecythidaceae,,Gustavia,,"tejerae",,"","R.Knuth",Accepted,,H,iPlants,314069,114981-2,"Pflanzenr.","IV, 219a: 23","","1939"
kew-314070,A,Lecythidaceae,,Gustavia,,"terminaliflora",,"","S.A.Mori",Accepted,,H,iPlants,314070,114982-2,"Fl. Neotrop. Monogr.","21: 160","","1979"
kew-314077,A,Lecythidaceae,,Gustavia,,"verticillata",,"","Miers",Accepted,,H,iPlants,314077,596767-1,"Trans. Linn. Soc. London","30: 181","","1874"
kew-313094,A,Lecythidaceae,,Lecythis,,"alutacea",,"","(A.C.Sm.) S.A.Mori",Accepted,,H,iPlants,313094,909035-1,"Brittonia","33: 362","","1981"
kew-313009,A,Lecythidaceae,,Lecythis,,"ampla",,"","Miers",Accepted,,H,iPlants,313009,597240-1,"Trans. Linn. Soc. London","30: 204","","1874"
tro-17900073,A,Lecythidaceae,,Lecythis,,"apiculata",,"","Miers",Unresolved,,L,TRO,17900073,,"","","",""
kew-313093,A,Lecythidaceae,,Lecythis,,"barnebyi",,"","S.A.Mori",Accepted,,H,iPlants,313093,136912-2,"Brittonia","33: 360","","1981"
kew-313109,A,Lecythidaceae,,Lecythis,,"brancoensis",,"","(R.Knuth) S.A.Mori",Accepted,,H,iPlants,313109,909036-1,"Brittonia","33: 359","","1981"
kew-313070,A,Lecythidaceae,,Lecythis,,"chartacea",,"","O.Berg",Accepted,,H,iPlants,313070,597250-1,"Linnaea","27: 450","","1856"
kew-313107,A,Lecythidaceae,,Lecythis,,"confertiflora",,"","(A.C.Sm.) S.A.Mori",Accepted,,H,iPlants,313107,944640-1,"Mem. New York Bot. Gard.","44: 31","","1987"
kew-313054,A,Lecythidaceae,,Lecythis,,"confusa",,"","Benoist",Unresolved,,L,iPlants,313054,469434-1,"Arch. Bot. Mém.","5(1): 214","","1933"
kew-313017,A,Lecythidaceae,,Lecythis,,"corrugata",,"","Poit.",Accepted,,H,iPlants,313017,597255-1,"Mém. Mus. Hist. Nat.","13: 146","","1825"
kew-313101,A,Lecythidaceae,,Lecythis,,"corrugata",subsp.,"rosea","(Spruce ex O.Berg) S.A.Mori",Accepted,,L,iPlants,313101,136921-2,"Brittonia","33: 363","","1981"
kew-313024,A,Lecythidaceae,,Lecythis,,"gracieana",,"","S.A.Mori",Accepted,,H,iPlants,313024,303921-2,"Mem. New York Bot. Gard.","75: 47","","1995"
kew-313096,A,Lecythidaceae,,Lecythis,,"holcogyne",,"","(Sandwith) S.A.Mori",Accepted,,H,iPlants,313096,909037-1,"Brittonia","33: 363","","1981"
tro-17900081,A,Lecythidaceae,,Lecythis,,"ianthivenis",,"","R. Knuth",Unresolved,,L,TRO,17900081,,"","","",""
kew-312978,A,Lecythidaceae,,Lecythis,,"idatimon",,"","Aubl.",Accepted,,H,iPlants,312978,597269-1,"Hist. Pl. Guiane","2: 721","","1775"
kew-312974,A,Lecythidaceae,,Lecythis,,"lanceolata",,"","Poir.",Accepted,,H,iPlants,312974,597275-1,"Encycl.","6: 27","","1804"
kew-313088,A,Lecythidaceae,,Lecythis,,"lurida",,"","(Miers) S.A.Mori",Accepted,,H,iPlants,313088,909038-1,"Brittonia","33: 362","","1981"
kew-313027,A,Lecythidaceae,,Lecythis,,"martiana",,"","O.Berg",Unresolved,,L,iPlants,313027,597285-1,"Fl. Bras.","14(1): 487","","1858"
kew-313040,A,Lecythidaceae,,Lecythis,,"mesophylla",,"","S.A.Mori",Accepted,,H,iPlants,313040,136951-2,"Ann. Missouri Bot. Gard.","57: 386","","1970 publ. 1971"
kew-313020,A,Lecythidaceae,,Lecythis,,"minor",,"","Jacq.",Accepted,,H,iPlants,313020,,"Select. Stirp. Amer. Hist.","168","","1763"
kew-314084,A,Lecythidaceae,,Lecythis,,"ollaria",,"","Loefl.",Accepted,,H,iPlants,314084,,"Iter Hispan.","189","","1758"
kew-313105,A,Lecythidaceae,,Lecythis,,"parvifructa",,"","S.A.Mori",Accepted,,H,iPlants,313105,939657-1,"Fl. Neotrop. Monogr.","21: 312","","1990"
kew-312998,A,Lecythidaceae,,Lecythis,,"persistens",,"","Sagot",Accepted,,H,iPlants,312998,597312-1,"Ann. Sci. Nat., Bot.","VI, 20: 201","","1885"
kew-313001,A,Lecythidaceae,,Lecythis,,"pisonis",,"","Cambess.",Accepted,,H,iPlants,313001,597315-1,"Fl. Bras. Merid.","2: 377","","1833"
kew-313103,A,Lecythidaceae,,Lecythis,,"pneumatophora",,"","S.A.Mori",Accepted,,H,iPlants,313103,939655-1,"Fl. Neotrop. Monogr.","21: 288","","1990"
kew-313005,A,Lecythidaceae,,Lecythis,,"poiteaui",,"","O.Berg",Accepted,,H,iPlants,313005,136965-2,"Fl. Bras.","14(1): 615","","1859"
kew-313104,A,Lecythidaceae,,Lecythis,,"prancei",,"","S.A.Mori",Accepted,,H,iPlants,313104,939656-1,"Fl. Neotrop. Monogr.","21: 304","","1990"
kew-313112,A,Lecythidaceae,,Lecythis,,"retusa",,"","Spruce ex O.Berg",Accepted,,H,iPlants,313112,597323-1,"Fl. Bras.","14(1): 487","","1858"
kew-313080,A,Lecythidaceae,,Lecythis,,"sagotiana",,"","Benoist",Unresolved,,L,iPlants,313080,469460-1,"Arch. Bot. Mém.","5(1): 214","","1933"
kew-313119,A,Lecythidaceae,,Lecythis,,"schomburgkii",,"","O.Berg",Accepted,,H,iPlants,313119,597330-1,"Linnaea","27: 456","","1856"
kew-313099,A,Lecythidaceae,,Lecythis,,"schwackei",,"","(R.Knuth) S.A.Mori",Accepted,,H,iPlants,313099,909039-1,"Brittonia","33: 359","","1981"
kew-313106,A,Lecythidaceae,,Lecythis,,"serrata",,"","S.A.Mori",Accepted,,H,iPlants,313106,939658-1,"Fl. Neotrop. Monogr.","21: 320","","1990"
tro-17900101,A,Lecythidaceae,,Lecythis,,"stigmatosa",,"","O. Berg",Unresolved,,L,TRO,17900101,,"","","",""
kew-313075,A,Lecythidaceae,,Lecythis,,"tuyrana",,"","Pittier",Accepted,,H,iPlants,313075,136980-2,"Contr. U. S. Natl. Herb.","26: 9","","1927"
kew-313097,A,Lecythidaceae,,Lecythis,,"zabucajo",,"","Aubl.",Accepted,,H,iPlants,313097,597352-1,"Hist. Pl. Guiane","2: 719","","1775"
kew-313180,A,Lecythidaceae,,Napoleonaea,,"egertonii",,"","Baker f.",Accepted,,H,iPlants,313180,469468-1,"Cat. Pl. Oban","33","","1913"
kew-313185,A,Lecythidaceae,,Napoleonaea,,"gabonensis",,"","Liben",Accepted,,H,iPlants,313185,469479-1,"Bull. Jard. Bot. Natl. Belg.","41: 370","","1971"
kew-313179,A,Lecythidaceae,,Napoleonaea,,"gossweileri",,"","Baker f.",Accepted,,H,iPlants,313179,469470-1,"Cat. Pl. Oban","32","","1913"
kew-313188,A,Lecythidaceae,,Napoleonaea,,"heudelotii",,"","A.Juss.",Accepted,,H,iPlants,313188,600384-1,"Ann. Sci. Nat., Bot.","III, 2: 227","","1844"
kew-313196,A,Lecythidaceae,,Napoleonaea,,"imperialis",,"","P.Beauv.",Accepted,,H,iPlants,313196,,"Napoléone","1","","1804"
kew-313177,A,Lecythidaceae,,Napoleonaea,,"lutea",,"","Baker f. ex Hutch. & Dalziel",Accepted,,H,iPlants,313177,469473-1,"Fl. W. Trop. Afr.","1: 204","","1927"
kew-313191,A,Lecythidaceae,,Napoleonaea,,"reptans",,"","Baker f. ex Hutch. & Dalziel",Accepted,,H,iPlants,313191,469477-1,"Fl. W. Trop. Afr.","1: 204","","1927"
kew-313197,A,Lecythidaceae,,Napoleonaea,,"septentrionalis",,"","Liben",Accepted,,H,iPlants,313197,469481-1,"Bull. Jard. Bot. Natl. Belg.","41: 375","","1971"
kew-313200,A,Lecythidaceae,,Napoleonaea,,"talbotii",,"","Baker f.",Accepted,,H,iPlants,313200,469478-1,"Cat. Pl. Oban","32","","1913"
kew-313192,A,Lecythidaceae,,Napoleonaea,,"vogelii",,"","Hook. & Planch.",Accepted,,H,iPlants,313192,,"Hooker's Icon. Pl.","t. 799","","1848"
kew-371611,A,Lecythidaceae,,Noallia,,"incarnata",,"","Buc'hoz",Unresolved,,L,iPlants,371611,435634-1,"Herb. Color. Amérique","t. 14","","1783"
kew-2902209,A,Lecythidaceae,,Oubanguia,,"africana",,"","Baill.",Accepted,,M,WCSP (in review),710172,834972-1,"Bull. Mens. Soc. Linn. Paris","2: 869","","1890"
kew-2902210,A,Lecythidaceae,,Oubanguia,,"alata",,"","Baker f.",Accepted,,M,WCSP (in review),710173,834973-1,"Cat. Pl. Oban","15","","1913"
kew-2902214,A,Lecythidaceae,,Oubanguia,,"laurifolia",,"","(Pierre) Pierre",Accepted,,M,WCSP (in review),1011697,608189-1,"Miss. Ém. Laurent","150","","1905"
kew-313237,A,Lecythidaceae,,Petersianthus,,"macrocarpus",,"","(P.Beauv.) Liben",Accepted,,H,iPlants,313237,469487-1,"Bull. Jard. Bot. Natl. Belg.","38: 207","","1968"
kew-313235,A,Lecythidaceae,,Petersianthus,,"quadrialatus",,"","(Merr.) Merr.",Accepted,,L,iPlants,313235,469489-1,"Philipp. J. Sci., C","11: 200","","1916"
kew-2902220,A,Lecythidaceae,,Pierrina,,"zenkeri",,"","Engl.",Accepted,,M,WCSP (in review),1011803,813002-1,"Bot. Jahrb. Syst.","43: 376","","1909"
tro-17900107,A,Lecythidaceae,,Pirigara,,"dubia",,"","Kunth",Unresolved,,L,TRO,17900107,,"","","",""
kew-313221,A,Lecythidaceae,,Planchonia,,"andamanica",,"","King",Accepted,,H,iPlants,313221,600589-1,"J. Asiat. Soc. Bengal, Pt. 2, Nat. Hist.","70: 142","","1902"
kew-2551913,A,Lecythidaceae,,Planchonia,,"arbutifolia",,"","Dunal",Unresolved,,L,WCSP (in review),687623,817678-1,"Prodr.","13(1): 475","","1852"
kew-313233,A,Lecythidaceae,,Planchonia,,"brevistipitata",,"","Kuswata",Accepted,,H,iPlants,313233,469490-1,"Bull. Bot. Surv. India","7: 179","","1965"
kew-313234,A,Lecythidaceae,,Planchonia,,"careya",,"","(F.Muell.) R.Knuth",Accepted,,H,iPlants,313234,,"Pflanzenr.","IV, 219: 56","","1939"
kew-313220,A,Lecythidaceae,,Planchonia,,"grandis",,"","Ridl.",Accepted,,H,iPlants,313220,469493-1,"J. Straits Branch Roy. Asiat. Soc.","61: 9","","1912"
kew-313210,A,Lecythidaceae,,Planchonia,,"papuana",,"","R.Knuth",Accepted,,H,iPlants,313210,,"Pflanzenr.","IV, 219: 56","","1939"
kew-347929,A,Lecythidaceae,,Planchonia,,"rupestris",,"","R.L.Barrett",Accepted,,H,iPlants,347929,,"Austral. Syst. Bot.","19: 151","","2006"
kew-313216,A,Lecythidaceae,,Planchonia,,"spectabilis",,"","Merr.",Accepted,,H,iPlants,313216,600594-1,"Publ. Bur. Sci. Gov. Lab.","17: 30","","1904"
kew-313212,A,Lecythidaceae,,Planchonia,,"timorensis",,"","Blume",Accepted,,H,iPlants,313212,600598-1,"Fl. Serres Jard. Eur.","7: 25","","1851"
kew-313207,A,Lecythidaceae,,Planchonia,,"valida",,"","(Blume) Blume",Accepted,,H,iPlants,313207,600600-1,"Fl. Serres Jard. Eur.","7: 24","","1851"
tro-50054791,A,Lecythidaceae,,Rhaptopetalum,,"beguei",,"","Mangenot",Accepted,,M,TRO,50054791,813004-1,"Bull. Inst. Franç. Afrique Noire","19: 362","362","1957"
kew-2871090,A,Lecythidaceae,,Rhaptopetalum,,"belingense",,"","Letouzey",Unresolved,,L,WCSP (in review),997590,813005-1,"Adansonia","II, 17: 132","","1977"
kew-2425645,A,Lecythidaceae,,Rhaptopetalum,,"brachyantherum",,"","Tiegh.",Unresolved,,L,WCSP (in review),563730,608300-1,"Ann. Sci. Nat., Bot.","IX, 1: 373","","1905"
tro-50277693,A,Lecythidaceae,,Rhaptopetalum,,"breteleri",,"","Letouzey",Accepted,,M,TRO,50277693,813006-1,"Adansonia, n.s.","17(2): 134–136, pl. 3","134","1977"
kew-2425646,A,Lecythidaceae,,Rhaptopetalum,,"coriaceum",,"","Oliv.",Accepted,,M,WCSP (in review),563731,608301-1,"J. Linn. Soc., Bot.","8: 160","","1865"
tro-50277759,A,Lecythidaceae,,Rhaptopetalum,,"depressum",,"","Letouzey",Accepted,,M,TRO,50277759,813007-1,"Adansonia, n.s.","17(2): 136–138, pl. 4","136","1977"
kew-2425647,A,Lecythidaceae,,Rhaptopetalum,,"eetveldeanum",,"","De Wild. & T.Durand",Unresolved,,L,WCSP (in review),563732,608302-1,"Bull. Soc. Roy. Bot. Belgique","Compt. Rend. 38: 121","","1899"
kew-2871093,A,Lecythidaceae,,Rhaptopetalum,,"evrardii",,"","R.Germ.",Unresolved,,L,WCSP (in review),997593,813008-1,"Bull. Jard. Bot. État","32: 490","","1962"
kew-2871094,A,Lecythidaceae,,Rhaptopetalum,,"geophylax",,"","Cheek & Gosline",Unresolved,,L,WCSP (in review),997594,20007993-1,"Kew Bull.","57: 662","","2002"
kew-2871095,A,Lecythidaceae,,Rhaptopetalum,,"pachyphyllum",,"","Engl.",Accepted,,M,WCSP (in review),997595,813009-1,"Veg. Erde","9(III 2): 475","","1921"
kew-2871096,A,Lecythidaceae,,Rhaptopetalum,,"roseum",,"","(Gürke) Engl.",Accepted,,M,WCSP (in review),997596,813010-1,"Veg. Erde","9(III 2): 475","","1921"
kew-2425648,A,Lecythidaceae,,Rhaptopetalum,,"sessilifolium",,"","Engl.",Unresolved,,L,WCSP (in review),563733,608303-1,"Bot. Jahrb. Syst.","32: 101","","1902"
tro-29300002,A,Lecythidaceae,,Rhaptopetalum,,"sindarense",,"","Pellegr.",Accepted,,M,TRO,29300002,,"","","",""
kew-2425659,A,Lecythidaceae,,Rhaptopetalum,,"thollonii",,"","Tiegh.",Unresolved,,L,WCSP (in review),563744,608305-1,"Ann. Sci. Nat., Bot.","IX, 1: 372","","1905"
kew-2870308,A,Lecythidaceae,,Scytopetalum,,"brevipes",,"","Pierre ex Tiegh.",Unresolved,,L,WCSP (in review),996878,608408-1,"Ann. Sci. Nat., Bot.","IX, 1: 343","","1905"
kew-2870312,A,Lecythidaceae,,Scytopetalum,,"kamerunianum",,"","Engl.",Accepted,,M,WCSP (in review),996882,813013-1,"Bot. Jahrb. Syst.","43: 373","","1909"
kew-2870307,A,Lecythidaceae,,Scytopetalum,,"klaineanum",,"","Pierre ex Engl.",Accepted,,M,WCSP (in review),996877,608410-1,"Nat. Pflanzenfam.","Nachtr. 1: 244","","1897"
kew-2899041,A,Lecythidaceae,,Scytopetalum,,"klaineanum",,"","Pierre",Unresolved,,L,WCSP (in review),1021818,77106608-1,"Tab. Herb. L.Pierre","t. s.n.","","1896"
kew-2870309,A,Lecythidaceae,,Scytopetalum,,"latifolium",,"","Tiegh.",Unresolved,,L,WCSP (in review),996879,608411-1,"Ann. Sci. Nat., Bot.","IX, 1: 342","","1905"
kew-2870310,A,Lecythidaceae,,Scytopetalum,,"pierreanum",,"","(De Wild.) Tiegh.",Accepted,,M,WCSP (in review),996880,608412-1,"Ann. Sci. Nat., Bot.","IX, 1: 343","","1905"
kew-2870313,A,Lecythidaceae,,Scytopetalum,,"tieghemii",,"","Hutch. & Dalziel",Unresolved,,L,WCSP (in review),996883,813015-1,"Fl. W. Trop. Afr.","1: 238","","1927"
