﻿ID,Major group,Family,Genus hybrid marker,Genus,Species hybrid marker,Species,Infraspecific rank,Infraspecific epithet,Authorship,Taxonomic status in TPL,Nomenclatural status from original data source,Confidence level,Source,Source id,IPNI id,Publication,Collation,Page,Date
kew-2655440,A,Lentibulariaceae,,Askofake,,"recurva",,"","Raf.",Unresolved,,L,WCSP (in review),787486,526312-1,"Fl. Tellur.","4: 108","","1838"
kew-2676248,A,Lentibulariaceae,,Biovularia,,"cymbadantha",,"","(Oliv.) Kuhlm.",Unresolved,,L,WCSP (in review),808038,,"Bot. Jahrb. Syst.","33: 113","","1902"
kew-2685266,A,Lentibulariaceae,,Bucranion,,"spicatum",,"","Raf.",Unresolved,,L,WCSP (in review),816939,,"Autik. Bot.","159","","1840"
kew-2693712,A,Lentibulariaceae,,Calpidisca,,"takenakai",,"","Nakai",Unresolved,,L,WCSP (in review),825225,526328-1,"J. Jap. Bot.","17: 193","","1941"
kew-2739942,A,Lentibulariaceae,,Cosmiza,,"coccinea",,"","Raf.",Unresolved,,L,WCSP (in review),870213,526329-1,"Fl. Tellur.","4: 110","","1838"
kew-2739944,A,Lentibulariaceae,,Cosmiza,,"multifida",,"","Barnhart",Unresolved,,L,WCSP (in review),870215,,"Mem. New York Bot. Gard.","6: 49","","1916"
kew-2773593,A,Lentibulariaceae,,Diurospermum,,"album",,"","Edgew.",Unresolved,,L,WCSP (in review),901704,526332-1,"Proc. Linn. Soc. London","1: 351","","1847"
kew-2789412,A,Lentibulariaceae,,Enskide,,"barbata",,"","(R.Br.) Raf.",Unresolved,,L,WCSP (in review),917240,526334-1,"Fl. Tellur.","4: 109","","1838"
kew-2789413,A,Lentibulariaceae,,Enskide,,"chrysantha",,"","(R.Br.) Raf.",Unresolved,,L,WCSP (in review),917241,526335-1,"Fl. Tellur.","4: 109","","1838"
kew-2789414,A,Lentibulariaceae,,Enskide,,"flava",,"","(R.Br.) Raf.",Unresolved,,L,WCSP (in review),917242,526336-1,"Fl. Tellur.","4: 109","","1838"
kew-2819768,A,Lentibulariaceae,,Genlisea,,"africana",,"","Oliv.",Accepted,,M,WCSP (in review),947207,526337-1,"J. Linn. Soc., Bot.","9: 145","","1867"
kew-2819769,A,Lentibulariaceae,,Genlisea,,"africana",subsp.,"stapfii","(A.Chev.) P.Taylor",Accepted,,L,WCSP (in review),947208,886079-1,"in Fl. Afr. Centr.","Lentibular.: 58","","1972"
kew-2819771,A,Lentibulariaceae,,Genlisea,,"angolensis",,"","R.D.Good",Accepted,,M,WCSP (in review),947210,526339-1,"J. Bot.","62: 165","","1924"
kew-2819772,A,Lentibulariaceae,,Genlisea,,"aurea",,"","A.St.-Hil.",Accepted,,M,WCSP (in review),947211,526340-1,"Voy. Distr. Diam.","2: 429","","1833"
kew-2819773,A,Lentibulariaceae,,Genlisea,,"barthlottii",,"","Porembski, Eb.Fisch. & Gemmel",Accepted,,M,WCSP (in review),947212,,"Bull. Mus. Natl. Hist. Nat., B, Adansonia","18: 152","","1996"
kew-2819777,A,Lentibulariaceae,,Genlisea,,"filiformis",,"","A.St.-Hil.",Accepted,,M,WCSP (in review),947216,324243-2,"Voy. Distr. Diam.","2: 430","","1833"
kew-2819778,A,Lentibulariaceae,,Genlisea,,"glabra",,"","P.Taylor",Accepted,,M,WCSP (in review),947217,526345-1,"Mem. New York Bot. Gard.","17(1): 203","","1967"
kew-2819779,A,Lentibulariaceae,,Genlisea,,"glandulosissima",,"","R.E.Fr.",Accepted,,M,WCSP (in review),947218,526346-1,"Wiss. Erg. Schwed. Rhod.-Kongo Exped.","1: 301","","1916"
kew-2819780,A,Lentibulariaceae,,Genlisea,,"guianensis",,"","N.E.Br.",Accepted,,M,WCSP (in review),947219,526347-1,"Hooker's Icon. Pl.","27: t. 2629","","1899"
kew-2819781,A,Lentibulariaceae,,Genlisea,,"hispidula",,"","Stapf",Accepted,,M,WCSP (in review),947220,526348-1,"Fl. Cap.","4(2): 437","","1904"
kew-2819782,A,Lentibulariaceae,,Genlisea,,"hispidula",subsp.,"subglabra","(Stapf) P.Taylor",Accepted,,L,WCSP (in review),947221,886080-1,"Kew Bull.","26: 444","","1972"
kew-2819783,A,Lentibulariaceae,,Genlisea,,"lobata",,"","Fromm",Accepted,,M,WCSP (in review),947222,277359-2,"Bradea","5: 152","","1989"
kew-2819785,A,Lentibulariaceae,,Genlisea,,"margaretae",,"","Hutch.",Accepted,,M,WCSP (in review),947224,526352-1,"Botanist S. Afr.","529","","1946"
kew-2819789,A,Lentibulariaceae,,Genlisea,,"oxycentron",,"","P.Taylor",Unresolved,,L,WCSP (in review),947228,526356-1,"Fl. Trinidad","2: 288","","1954"
kew-2819790,A,Lentibulariaceae,,Genlisea,,"pallida",,"","Fromm & P.Taylor",Accepted,,M,WCSP (in review),947229,929079-1,"Bradea","4: 177","","1985"
kew-2819793,A,Lentibulariaceae,,Genlisea,,"pygmaea",,"","A.St.-Hil.",Accepted,,M,WCSP (in review),947232,526359-1,"Voy. Distr. Diam.","2: 431","","1833"
kew-2819796,A,Lentibulariaceae,,Genlisea,,"repens",,"","Benj.",Accepted,,M,WCSP (in review),947235,526362-1,"Fl. Bras.","10: 253","","1847"
kew-2819797,A,Lentibulariaceae,,Genlisea,,"roraimensis",,"","N.E.Br.",Accepted,,M,WCSP (in review),947236,526363-1,"Trans. Linn. Soc. London, Bot.","6: 56","","1901"
kew-2819798,A,Lentibulariaceae,,Genlisea,,"sanariapoana",,"","Steyerm.",Accepted,,M,WCSP (in review),947237,526364-1,"Fieldiana, Bot.","28: 534","","1953"
kew-2819802,A,Lentibulariaceae,,Genlisea,,"taylorii",,"","Eb.Fisch., Porembski & Barthlott",Accepted,,M,WCSP (in review),947241,1016175-1,"Nordic J. Bot.","20: 311","","2000"
kew-2819803,A,Lentibulariaceae,,Genlisea,,"uncinata",,"","P.Taylor & Fromm",Accepted,,M,WCSP (in review),947242,902093-1,"Bradea","3: 365","","1983"
kew-2819804,A,Lentibulariaceae,,Genlisea,,"violacea",,"","A.St.-Hil.",Accepted,,M,WCSP (in review),947243,526368-1,"Voy. Distr. Diam.","2: 429","","1833"
kew-2839146,A,Lentibulariaceae,,Hamulia,,"flava",,"","Raf.",Unresolved,,L,WCSP (in review),966428,526370-1,"Fl. Tellur.","4: 109","","1838"
tro-100353960,A,Lentibulariaceae,,Isoloba,,"elatior",,"","(Michx.) Raf.",Accepted,,M,TRO,100353960,,"Fl. Tellur.","4: 59","59","1836"
tro-100375796,A,Lentibulariaceae,,Isoloba,,"lutea",,"","(Walter) Raf.",Accepted,,M,TRO,100375796,,"Fl. Tellur.","459:","","1836"
kew-2867322,A,Lentibulariaceae,,Isoloba,,"pumila",,"","Raf.",Unresolved,,L,WCSP (in review),993986,526374-1,"Fl. Tellur.","4: 59","","1838"
kew-2867323,A,Lentibulariaceae,,Isoloba,,"recurva",,"","Raf.",Unresolved,,L,WCSP (in review),993987,526375-1,"Fl. Tellur.","4: 59","","1838"
gcc-91228,A,Lentibulariaceae,,Lepiactis,,"virgata",,"","Raf.",Unresolved,,L,TICA,CB005F29-B0D0-4DD1-ABEA-85E589CCA38C,229682-1,"Fl. Tellur. ii. 43 (1836).","","ii. 43","1836"
kew-2375176,A,Lentibulariaceae,,Meionula,,"parviflora",,"","Raf.",Unresolved,,L,WCSP (in review),514085,526387-1,"Fl. Tellur.","4: 108","","1838"
tro-50158203,A,Lentibulariaceae,,Pinguicula,,"acuminata",,"","Benth.",Accepted,,M,TRO,50158203,,"Pl. Hartw.","71","71","1839"
kew-2537251,A,Lentibulariaceae,,Pinguicula,,"acutifolia",,"","Michx.",Unresolved,,L,WCSP (in review),673147,526402-1,"Fl. Bor.-Amer.","1: 11","","1803"
tro-50092742,A,Lentibulariaceae,,Pinguicula,,"agnata",,"","Casper",Accepted,,M,TRO,50092742,196859-2,"Feddes Repert. Spec. Nov. Regni Veg.","67(1–3): 14","14","1963"
kew-2537273,A,Lentibulariaceae,,Pinguicula,,"alba",,"","Kuhl ex Hoppe",Unresolved,,L,WCSP (in review),673169,526404-1,"Bot. Taschenb. Anfänger Wiss. Apothekerkunst","1800: 225","","1800"
kew-2537260,A,Lentibulariaceae,,Pinguicula,,"albanica",,"","Griseb.",Unresolved,,L,WCSP (in review),673156,526405-1,"Spic. Fl. Rumel.","2: 9","","1844"
kew-2537259,A,Lentibulariaceae,,Pinguicula,,"albida",,"","C.Wright ex Griseb.",Unresolved,,L,WCSP (in review),673155,526406-1,"Cat. Pl. Cub.","162","","1866"
kew-2537258,A,Lentibulariaceae,,Pinguicula,,"algida",,"","Malyschev",Unresolved,,L,WCSP (in review),673154,526407-1,"Novosti Sist. Vyssh. Rast.","1966: 252","","1966"
kew-2537257,A,Lentibulariaceae,,Pinguicula,,"alpestris",,"","Pers.",Unresolved,,L,WCSP (in review),673153,526408-1,"Syn. Pl.","1: 18","","1805"
kew-2537256,A,Lentibulariaceae,,Pinguicula,,"alpicola",,"","Rouy",Unresolved,,L,WCSP (in review),673152,526409-1,"Fl. France","11: 202","","1909"
kew-2537533,A,Lentibulariaceae,,Pinguicula,,"alpina",,"","L.",Accepted,,M,WCSP (in review),673429,526412-1,"Sp. Pl.","17","","1753"
tro-18300166,A,Lentibulariaceae,,Pinguicula,,"antarctica",,"","Vahl",Accepted,,M,TRO,18300166,,"Enum. Pl.","1: 192","192","1827"
kew-2897063,A,Lentibulariaceae,,Pinguicula,,"apuana",,"","Casper & Ansaldi",Unresolved,,L,WCSP (in review),1019892,77103314-1,"Wulfenia","16: 13","","2009"
kew-2537519,A,Lentibulariaceae,,Pinguicula,,"arctica",,"","Eastw.",Unresolved,,L,WCSP (in review),673415,196860-2,"Bot. Gaz.","33: 293","","1902"
kew-2537530,A,Lentibulariaceae,,Pinguicula,,"arvetii",,"","Genty",Unresolved,,L,WCSP (in review),673426,526415-1,"J. Bot. (Morot)","5: 250","","1891"
kew-2537541,A,Lentibulariaceae,,Pinguicula,,"auricolor",,"","Arv.-Touv.",Unresolved,,L,WCSP (in review),673437,526416-1,"Ess. Pl. Dauph.","50","","1871"
kew-2537527,A,Lentibulariaceae,,Pinguicula,,"australis",,"","Nutt.",Unresolved,,L,WCSP (in review),673423,30226758-2,"J. Acad. Nat. Sci. Philadelphia","7: 103","","1834"
kew-2537528,A,Lentibulariaceae,,Pinguicula,,"australis",,"","Chapm.",Unresolved,,L,WCSP (in review),673424,526417-1,"Fl. South. U.S.","284","","1860"
kew-2537525,A,Lentibulariaceae,,Pinguicula,,"balcanica",,"","Casper",Accepted,,M,WCSP (in review),673421,526420-1,"Feddes Repert. Spec. Nov. Regni Veg.","66: 105","","1962"
kew-2537524,A,Lentibulariaceae,,Pinguicula,,"barbata",,"","S.Z.Ruiz & Rzed.",Unresolved,,L,WCSP (in review),673420,930335-1,"Phytologia","60: 256","","1986"
kew-2537523,A,Lentibulariaceae,,Pinguicula,,"benedicta",,"","Barnhart",Unresolved,,L,WCSP (in review),673419,196861-2,"Mem. Torrey Bot. Club","16: 110","","1920"
tro-18300002,A,Lentibulariaceae,,Pinguicula,,"bicolor",,"","Wot.",Accepted,,M,TRO,18300002,,"","","",""
kew-2537521,A,Lentibulariaceae,,Pinguicula,,"bissei",,"","Casper",Unresolved,,L,WCSP (in review),673417,77063292-1,"Wulfenia","11: 2","","2004"
kew-2537520,A,Lentibulariaceae,,Pinguicula,,"bohemica",,"","Krajina",Unresolved,,L,WCSP (in review),673416,526423-1,"V?stn. Král. Ceské Spole?n. Nauk, T?. Mat.-P?ír.","15: 1","","1926 publ. 1927"
kew-2532341,A,Lentibulariaceae,,Pinguicula,,"borealis",,"","Salisb.",Unresolved,,L,WCSP (in review),668355,526424-1,"Prodr. Stirp. Chap. Allerton","90","","1796"
kew-2532307,A,Lentibulariaceae,,Pinguicula,,"brachyloba",,"","Schult.",Unresolved,,L,WCSP (in review),668321,526425-1,"Mant.","1: 167","","1822"
tro-18300080,A,Lentibulariaceae,,Pinguicula,,"caerulea",,"","Walter",Accepted,,M,TRO,18300080,526434-1,"Fl. Carol.","63","63","1788"
tro-50337559,A,Lentibulariaceae,,Pinguicula,,"calderoniae",,"","Zamudio",Accepted,,M,TRO,50337559,77065797-1,"Bol. Soc. Bot. México","68: 85","85","2001"
tro-18300017,A,Lentibulariaceae,,Pinguicula,,"calyptrata",,"","Kunth",Accepted,,M,TRO,18300017,,"Nov. Gen. Sp. (quarto ed.)","2: 226","226","1817"
kew-2532315,A,Lentibulariaceae,,Pinguicula,,"campanulata",,"","Lam.",Unresolved,,L,WCSP (in review),668329,526427-1,"J. Hist. Nat.","1: 336","","1792"
kew-2532314,A,Lentibulariaceae,,Pinguicula,,"camtschatica",,"","Willd. ex Link",Unresolved,,L,WCSP (in review),668328,526428-1,"Jahrb. Gewächsk.","1(3): 54","","1820"
kew-2532313,A,Lentibulariaceae,,Pinguicula,,"caryophyllacea",,"","Casper",Unresolved,,L,WCSP (in review),668327,77063293-1,"Wulfenia","11: 8","","2004"
kew-2532312,A,Lentibulariaceae,,Pinguicula,,"casabitoana",,"","J.Jiménez Alm.",Unresolved,,L,WCSP (in review),668326,196863-2,"Rhodora","62: 238","","1960"
tro-18300167,A,Lentibulariaceae,,Pinguicula,,"chilensis",,"","Clos",Accepted,,M,TRO,18300167,526431-1,"Fl. Chil.","4: 365","365","1849"
kew-2608244,A,Lentibulariaceae,,Pinguicula,,"chuquisacensis",,"","S.Beck, A.Fleischm. & Borsch",Unresolved,,L,WCSP (in review),741196,,"Willdenowia","38: 205","","2008"
kew-2532298,A,Lentibulariaceae,,Pinguicula,,"cladophila",,"","Ernst",Unresolved,,L,WCSP (in review),668312,196864-2,"Bot. Jahrb. Syst.","80: 175","","1961"
tro-18300398,A,Lentibulariaceae,,Pinguicula,,"clivorum",,"","Standl. & Steyerm.",Accepted,,M,TRO,18300398,196865-2,"Publ. Field Mus. Nat. Hist., Bot. Ser.","23(4): 179","179","1944"
tro-50158208,A,Lentibulariaceae,,Pinguicula,,"colimensis",,"","McVaugh & Mickel",Accepted,,M,TRO,50158208,196866-2,"Brittonia","15(2): 138, f. 3, 6–7","138","1963"
tro-50229873,A,Lentibulariaceae,,Pinguicula,,"conzattii",,"","Zamudio & van Marm",Accepted,,M,TRO,50229873,326513-2,"Acta Bot. Mex.","62: 16–20, f. 1","16","2003"
kew-2532304,A,Lentibulariaceae,,Pinguicula,,"corsica",,"","Bernard & Gren.",Accepted,,M,WCSP (in review),668318,,"Fl. France","2: 443","","1853"
tro-50173443,A,Lentibulariaceae,,Pinguicula,,"crassifolia",,"","Zamudio",Accepted,,M,TRO,50173443,935776-1,"Acta Bot. Mex.","3: 21–25, f. 1–2","21","1988"
kew-2532302,A,Lentibulariaceae,,Pinguicula,,"crenatiloba",,"","A.DC.",Accepted,,M,WCSP (in review),668316,526437-1,"Prodr.","8: 30","","1844"
kew-2532301,A,Lentibulariaceae,,Pinguicula,,"crystallina",,"","Sm.",Unresolved,,L,WCSP (in review),668315,526438-1,"Fl. Graec.","1: 11","","1806"
kew-2532299,A,Lentibulariaceae,,Pinguicula,,"cubensis",,"","Urquiola & Casper",Unresolved,,L,WCSP (in review),668313,70029227-1,"Willdenowia","33: 170","","2003"
tro-50107850,A,Lentibulariaceae,,Pinguicula,,"cyclosecta",,"","Casper",Accepted,,M,TRO,50107850,196867-2,"Feddes Repert. Spec. Nov. Regni Veg.","67(1–3): 11–12","11","1963"
kew-2532332,A,Lentibulariaceae,,Pinguicula,,"daurica",,"","Pall. ex Link",Unresolved,,L,WCSP (in review),668346,526440-1,"Jahrb. Gewächsk.","1(3): 54","","1820"
kew-2532309,A,Lentibulariaceae,,Pinguicula,,"davurica",,"","Schult.",Unresolved,,L,WCSP (in review),668323,526441-1,"Mant.","1: 373","","1822"
tro-50337562,A,Lentibulariaceae,,Pinguicula,,"debbertiana",,"","Speta & F. Fuchs",Accepted,,M,TRO,50337562,961415-1,"Linzer Biol. Beitr.","24(1): 375","375","1992"
kew-2532339,A,Lentibulariaceae,,Pinguicula,,"dertosensis",,"","(Cañig.) Mateo & M.B.Crespo",Unresolved,,L,WCSP (in review),668353,988994-1,"Fl. Abrev. Comun. Valenciana","430","","1995"
tro-50319895,A,Lentibulariaceae,,Pinguicula,,"diversifolia",,"","Cuatrec.",Accepted,,M,TRO,50319895,196868-2,"Caldasia","3: 430, f. 2","430","1945"
kew-2532337,A,Lentibulariaceae,,Pinguicula,,"edentula",,"","Hook.",Unresolved,,L,WCSP (in review),668351,526443-1,"Exot. Fl.","1: t. 16","","1822"
tro-50337563,A,Lentibulariaceae,,Pinguicula,,"ehlersiae",,"","Speta & F. Fuchs",Accepted,,M,TRO,50337563,928596-1,"Stapfia","10: 114","114","1982"
kew-2532334,A,Lentibulariaceae,,Pinguicula,,"eliae",,"","Sennen",Unresolved,,L,WCSP (in review),668348,526445-1,"Bol. Soc. Ibér. Ci. Nat.","35: 21","","1936"
tro-50149771,A,Lentibulariaceae,,Pinguicula,,"elizabethiae",,"","Zamudio",Accepted,,M,TRO,50149771,1009200-1,"Acta Bot. Mex.","47: 16–22, f. 1, 2A–D","16","1999"
kew-2532320,A,Lentibulariaceae,,Pinguicula,,"elongata",,"","Benj.",Accepted,,M,WCSP (in review),668334,526446-1,"Linnaea","20: 318","","1847"
tro-50147868,A,Lentibulariaceae,,Pinguicula,,"emarginata",,"","Zamudio & Rzed.",Accepted,,M,TRO,50147868,,"Phytologia","60(4): 258–260, f. 2","258","1986"
tro-50173433,A,Lentibulariaceae,,Pinguicula,,"esseriana",,"","B. Kirchn.",Accepted,,M,TRO,50173433,196870-2,"Willdenowia","11(2): 317–319, f. 1","317","1981"
kew-2532329,A,Lentibulariaceae,,Pinguicula,,"filifolia",,"","C.Wright ex Griseb.",Unresolved,,L,WCSP (in review),668343,526447-1,"Cat. Pl. Cub.","162","","1866"
kew-2532328,A,Lentibulariaceae,,Pinguicula,,"fiorii",,"","Tammaro & Pace",Unresolved,,L,WCSP (in review),668342,936583-1,"Inform. Bot. Ital.","19: 430","","1987 publ. 1988"
kew-2532327,A,Lentibulariaceae,,Pinguicula,,"flavescens",,"","Flörke ex Hoppe",Unresolved,,L,WCSP (in review),668341,526448-1,"Bot. Taschenb. Anfänger Wiss. Apothekerkunst","1800: 14","","1800"
kew-2532326,A,Lentibulariaceae,,Pinguicula,,"floridensis",,"","Chapm.",Unresolved,,L,WCSP (in review),668340,,"Fl. South. U.S.","ed. 2(Suppl.): 635","","1883"
kew-2532324,A,Lentibulariaceae,,Pinguicula,,"fontiqueriana",,"","Romo, Peris & Stübing",Unresolved,,L,WCSP (in review),668338,988905-1,"Ann. Bot. Fenn.","33: 31","","1996"
kew-2532323,A,Lentibulariaceae,,Pinguicula,,"gelida",,"","Schur",Unresolved,,L,WCSP (in review),668337,,"Enum. Pl. Transsilv.","548","","1866"
tro-50173460,A,Lentibulariaceae,,Pinguicula,,"gigantea",,"","Luhrs",Accepted,,M,TRO,50173460,,"Phytologia","79(6): 389–392, f. 1","389","1995"
kew-2537561,A,Lentibulariaceae,,Pinguicula,,"glandulosa",,"","Trautv. & C.A.Mey.",Unresolved,,L,WCSP (in review),673457,,"Fl. Ochot.","65","","1856"
tro-50173444,A,Lentibulariaceae,,Pinguicula,,"gracilis",,"","Zamudio",Accepted,,M,TRO,50173444,935777-1,"Acta Bot. Mex.","3: 25–28, f. 2–3","25","1988"
kew-2537605,A,Lentibulariaceae,,Pinguicula,,"grandiflora",,"","Lam.",Accepted,,M,WCSP (in review),673501,526455-1,"Encycl.","3: 22","","1789"
kew-2900964,A,Lentibulariaceae,,Pinguicula,,"grandiflora",subsp.,"rosea","(Mutel) Casper",Accepted,,L,WCSP (in review),1023646,,"Feddes Repert. Spec. Nov. Regni Veg.","66: 85","","1962"
tro-50154738,A,Lentibulariaceae,,Pinguicula,,"greenwoodii",,"","Cheek",Accepted,,M,TRO,50154738,304103-2,"Kew Bull.","49(4): 813–815, f. 1","813","1994"
tro-50158207,A,Lentibulariaceae,,Pinguicula,,"gypsicola",,"","Brandegee",Accepted,,M,TRO,50158207,196871-2,"Univ. Calif. Publ. Bot.","4(11): 190","190","1911"
kew-2537599,A,Lentibulariaceae,,Pinguicula,,"gypsophila",,"","Wallr.",Unresolved,,L,WCSP (in review),673495,526457-1,"Linnaea","14: 533","","1841"
kew-2537598,A,Lentibulariaceae,,Pinguicula,,"hellwegeri",,"","Murr",Unresolved,,L,WCSP (in review),673494,526458-1,"Deutsche Bot. Monatsschr.","15: 80","","1897"
tro-18300393,A,Lentibulariaceae,,Pinguicula,,"hemiepiphytica",,"","Zamudio & Rzed.",Accepted,,M,TRO,18300393,302332-2,"Acta Bot. Mex.","14: 24–27, f. 1","24","1991"
tro-50158202,A,Lentibulariaceae,,Pinguicula,,"heterophylla",,"","Benth.",Accepted,,M,TRO,50158202,,"Pl. Hartw.","70–71","70","1839"
kew-2537607,A,Lentibulariaceae,,Pinguicula,,"hintoniorum",,"","B.L.Turner",Unresolved,,L,WCSP (in review),673503,304874-2,"Phytologia","76: 71","","1994"
kew-2537594,A,Lentibulariaceae,,Pinguicula,,"hirtiflora",,"","Ten.",Accepted,,M,WCSP (in review),673490,,"Fl. Napol.","1(Prodr.): vi","","1811"
kew-2537591,A,Lentibulariaceae,,Pinguicula,×,"hybrida",,"","Wettst.",Unresolved,,L,WCSP (in review),673487,526462-1,"Oesterr. Bot. Z.","68: 295","","1919"
tro-50337564,A,Lentibulariaceae,,Pinguicula,,"ibarrae",,"","Zamudio",Accepted,,M,TRO,50337564,60437637-2,"Acta Bot. Mex.","70: 70–75, 81–82, f. 1–2","70","2005"
tro-50158205,A,Lentibulariaceae,,Pinguicula,,"imitatrix",,"","Casper",Accepted,,M,TRO,50158205,196873-2,"Feddes Repert. Spec. Nov. Regni Veg.","67(1–3): 12–13","12","1963"
tro-50173455,A,Lentibulariaceae,,Pinguicula,,"immaculata",,"","Zamudio & Lux",Accepted,,M,TRO,50173455,302071-2,"Acta Bot. Mex.","20: 40–44, f. 1–2","40","1992"
kew-2537588,A,Lentibulariaceae,,Pinguicula,,"inaequilobata",,"","Sennen",Unresolved,,L,WCSP (in review),673484,526464-1,"Bol. Soc. Ibér. Ci. Nat.","35: 20","","1936"
kew-2537587,A,Lentibulariaceae,,Pinguicula,,"infundibuliformis",,"","Casper",Unresolved,,L,WCSP (in review),673483,327778-2,"Haussknechtia","9: 144","","2003"
tro-18300354,A,Lentibulariaceae,,Pinguicula,,"involuta",,"","Ruiz & Pav.",Accepted,,M,TRO,18300354,526466-1,"Fl. Peruv.","1: 20","20","1798"
tro-18300081,A,Lentibulariaceae,,Pinguicula,,"ionantha",,"","R.K. Godfrey",Accepted,,M,TRO,18300081,196874-2,"Amer. Midl. Naturalist","66(2): 405–408, f. 6","405","1961"
kew-2537626,A,Lentibulariaceae,,Pinguicula,,"jackii",,"","Barnhart",Unresolved,,L,WCSP (in review),673522,196875-2,"Addisonia","15: 61","","1930 publ. 1931"
kew-2537625,A,Lentibulariaceae,,Pinguicula,,"jaraguana",,"","Casper",Unresolved,,L,WCSP (in review),673521,70027839-1,"Haussknechtia","9: 141","","2003"
tro-100367270,A,Lentibulariaceae,,Pinguicula,,"jarmilae",,"","Halda & Malina",Accepted,,M,TRO,100367270,77089439-1,"Acta Mus. Richnov. Sect. Nat.","14(4): 110","110","2007"
tro-50173454,A,Lentibulariaceae,,Pinguicula,,"jaumavensis",,"","Debbert",Accepted,,M,TRO,50173454,,"Mitt. Bot. Staatssamml. München","30: 379–380","379","1991"
kew-2537623,A,Lentibulariaceae,,Pinguicula,,"jorgehintonii",,"","B.L.Turner",Unresolved,,L,WCSP (in review),673519,305388-2,"Phytologia","76: 69","","1994"
kew-2537622,A,Lentibulariaceae,,Pinguicula,,"kamtzchatica",,"","Willd. ex Ledeb.",Unresolved,,L,WCSP (in review),673518,526470-1,"Fl. Ross.","3: 3","","1847"
tro-50173432,A,Lentibulariaceae,,Pinguicula,,"kondoi",,"","Casper",Accepted,,M,TRO,50173432,196877-2,"Feddes Repert.","85(1–2): 1–6, f. 1–4","1","1974"
kew-2537620,A,Lentibulariaceae,,Pinguicula,,"laeta",,"","Pant.",Unresolved,,L,WCSP (in review),673516,526472-1,"Oesterr. Bot. Z.","23: 80","","1873"
kew-2537608,A,Lentibulariaceae,,Pinguicula,,"lateciliata",,"","McVaugh & Mickel",Unresolved,,L,WCSP (in review),673504,196878-2,"Brittonia","15: 138","","1963"
tro-50173448,A,Lentibulariaceae,,Pinguicula,,"laueana",,"","Speta & F. Fuchs",Accepted,,M,TRO,50173448,,"Phyton (Horn)","29(1): 94–97, f. 1–2, 8, 13","94","1989"
tro-50173459,A,Lentibulariaceae,,Pinguicula,,"laxifolia",,"","Luhrs",Accepted,,M,TRO,50173459,989139-1,"Phytologia","79(2): 116–118, f. 2","116","1995"
kew-2537617,A,Lentibulariaceae,,Pinguicula,,"leptoceras",,"","Rchb.",Accepted,,M,WCSP (in review),673513,526474-1,"Iconogr. Bot. Pl. Crit.","1: 69","","1823"
kew-2537616,A,Lentibulariaceae,,Pinguicula,,"leptoceratia",,"","St.-Lag.",Unresolved,,L,WCSP (in review),673512,526475-1,"Ann. Soc. Bot. Lyon","7: 131","","1880"
tro-18300421,A,Lentibulariaceae,,Pinguicula,,"lignicola",,"","Barnhart",Accepted,,M,TRO,18300421,196879-2,"Mem. Torrey Bot. Club","16(2): 110","110","1920"
kew-2537614,A,Lentibulariaceae,,Pinguicula,,"lilacina",,"","Schltdl. & Cham.",Accepted,,M,WCSP (in review),673510,526477-1,"Linnaea","5: 94","","1830"
kew-2608246,A,Lentibulariaceae,,Pinguicula,,"lippoldii",,"","Casper",Unresolved,,L,WCSP (in review),741198,77087315-1,"Wulfenia","14: 77","","2007"
kew-2897064,A,Lentibulariaceae,,Pinguicula,,"lithophytica",,"","Panfet & P.Temple",Unresolved,,L,WCSP (in review),1019893,,"Carniv. Pl. Newslett.","37: 92","","2008"
kew-2537612,A,Lentibulariaceae,,Pinguicula,,"longifolia",,"","Ramond ex DC.",Accepted,,M,WCSP (in review),673508,526479-1,"Fl. Franç.","ed. 3, 3: 728","","1805"
kew-2900963,A,Lentibulariaceae,,Pinguicula,,"longifolia",subsp.,"reichenbachiana","(Schindl.) Casper",Accepted,,L,WCSP (in review),1023645,,"Feddes Repert. Spec. Nov. Regni Veg.","66: 71","","1962"
kew-2537584,A,Lentibulariaceae,,Pinguicula,,"lusitanica",,"","L.",Accepted,,M,WCSP (in review),673480,526482-1,"Sp. Pl.","17","","1753"
tro-18300082,A,Lentibulariaceae,,Pinguicula,,"lutea",,"","Walter",Accepted,,M,TRO,18300082,30056247-2,"Fl. Carol.","63","63","1788"
tro-18300083,A,Lentibulariaceae,,Pinguicula,,"macroceras",,"","Pall. ex Link",Accepted,,M,TRO,18300083,196882-2,"Jahrb. Gewächsk.","1(3): 54","54","1820"
tro-18300019,A,Lentibulariaceae,,Pinguicula,,"macrophylla",,"","Kunth",Accepted,,M,TRO,18300019,526485-1,"Nov. Gen. Sp. (quarto ed.)","2: 226","226","1818"
kew-2537558,A,Lentibulariaceae,,Pinguicula,,"macrostyla",,"","Benj.",Unresolved,,L,WCSP (in review),673454,526486-1,"Linnaea","20: 317","","1847"
kew-2537557,A,Lentibulariaceae,,Pinguicula,,"magellanica",,"","Comm. ex Franch.",Unresolved,,L,WCSP (in review),673453,526487-1,"Miss. Sci. Cap Horn","5: 353","","1889"
kew-2897065,A,Lentibulariaceae,,Pinguicula,,"mariae",,"","Casper",Unresolved,,L,WCSP (in review),1019894,77103313-1,"Wulfenia","16: 3","","2009"
tro-50337565,A,Lentibulariaceae,,Pinguicula,,"martinezii",,"","Zamudio",Accepted,,M,TRO,50337565,60437638-2,"Acta Bot. Mex.","70: 76–83, f. 4–5","76","2005"
tro-50337566,A,Lentibulariaceae,,Pinguicula,,"medusina",,"","Zamudio & Studnička",Accepted,,M,TRO,50337566,1018990-1,"Acta Bot. Mex.","53: 68–74, f. 1–2","68","2000"
kew-2537555,A,Lentibulariaceae,,Pinguicula,,"megaspilaea",,"","Boiss. & Heldr.",Unresolved,,L,WCSP (in review),673451,526488-1,"Fl. Orient.","4: 2","","1875"
kew-2537554,A,Lentibulariaceae,,Pinguicula,,"merinoana",,"","Sennen",Unresolved,,L,WCSP (in review),673450,526489-1,"Bol. Soc. Ibér. Ci. Nat.","35: 20","","1936"
kew-2537542,A,Lentibulariaceae,,Pinguicula,,"mesophytica",,"","Zamudio",Accepted,,M,WCSP (in review),673438,998410-1,"Acta Bot. Mex.","40: 65","","1997"
kew-2537552,A,Lentibulariaceae,,Pinguicula,,"microceras",,"","Cham.",Unresolved,,L,WCSP (in review),673448,526490-1,"Linnaea","6: 568","","1831"
tro-50176060,A,Lentibulariaceae,,Pinguicula,,"mirandae",,"","Zamudio & A. Salinas",Accepted,,M,TRO,50176060,320032-2,"Acta Bot. Mex.","37: 40","40","1996"
tro-50173456,A,Lentibulariaceae,,Pinguicula,,"moctezumae",,"","Zamudio & R.Z. Ortega",Accepted,,M,TRO,50173456,979747-1,"Acta Bot. Mex.","28: 58–62, f. 1","58","1994"
kew-2537549,A,Lentibulariaceae,,Pinguicula,,"moranensis",,"","Kunth",Accepted,,M,WCSP (in review),673445,526491-1,"Nov. Gen. Sp.","2: 226","","1818"
tro-50154909,A,Lentibulariaceae,,Pinguicula,,"mundi",,"","Blanca, Jamilena, Ruíz Rejón & Reg.Zamora",Unresolved,,L,TRO,50154909,988716-1,"","","",""
kew-2537547,A,Lentibulariaceae,,Pinguicula,,"mundii",,"","Blanca & al.",Unresolved,,L,WCSP (in review),673443,,"Pl. Syst. Evol.","200: 58","","1996"
kew-2537544,A,Lentibulariaceae,,Pinguicula,,"nevadensis",,"","(H.Lindb.) Casper",Accepted,,M,WCSP (in review),673440,526494-1,"Feddes Repert. Spec. Nov. Regni Veg.","66: 112","","1962"
tro-50337568,A,Lentibulariaceae,,Pinguicula,,"nivalis",,"","Luhrs & Lampard",Accepted,,M,TRO,50337568,60441695-2,"Carniv. Pl. Newslett.","35(1): 4","4","2006"
tro-18300020,A,Lentibulariaceae,,Pinguicula,,"oblongiloba",,"","A. DC.",Accepted,,M,TRO,18300020,526496-1,"Prodr.","8: 27","27","1844"
tro-50149772,A,Lentibulariaceae,,Pinguicula,,"orchidioides",,"","DC.",Accepted,,M,TRO,50149772,526498-1,"Prodr.","8: 27","27","1844"
kew-2537583,A,Lentibulariaceae,,Pinguicula,,"ovata",,"","Stokes",Unresolved,,L,WCSP (in review),673479,526499-1,"Bot. Mat. Med.","1: 37","","1812"
kew-2537582,A,Lentibulariaceae,,Pinguicula,,"oxyptera",,"","Rchb. ex Benj.",Unresolved,,L,WCSP (in review),673478,526500-1,"Linnaea","20: 318","","1847"
kew-2537581,A,Lentibulariaceae,,Pinguicula,,"pallida",,"","Turcz.",Unresolved,,L,WCSP (in review),673477,526501-1,"Bull. Soc. Imp. Naturalistes Moscou","22(2): 288","","1849"
tro-50158204,A,Lentibulariaceae,,Pinguicula,,"parvifolia",,"","B.L. Rob.",Accepted,,M,TRO,50158204,196883-2,"Proc. Amer. Acad. Arts","29: 320–321","320","1894"
tro-100375763,A,Lentibulariaceae,,Pinguicula,,"pilosa",,"","Luhrs, Studnička & Gluch",Accepted,,M,TRO,100375763,60433659-2,"Carniv. Pl. Newslett.","33(2): 43–46, f. 1","43","2004"
tro-18300084,A,Lentibulariaceae,,Pinguicula,,"planifolia",,"","Chapm.",Accepted,,M,TRO,18300084,196884-2,"Fl. South. U.S. (ed. 3)","303","303","1897"
kew-2537578,A,Lentibulariaceae,,Pinguicula,,"poldinii",,"","J.Steiger & Casper",Unresolved,,L,WCSP (in review),673474,20002046-1,"Wulfenia","8: 28","","2001"
tro-18300085,A,Lentibulariaceae,,Pinguicula,,"primuliflora",,"","C.E. Wood & R.K. Godfrey",Accepted,,M,TRO,18300085,,"Rhodora","59(705): 219–226, f. 1–7, 11–14, 30","219","1957"
tro-18300086,A,Lentibulariaceae,,Pinguicula,,"pumila",,"","Michx.",Accepted,,M,TRO,18300086,526505-1,"Fl. Bor.-Amer.","1: 11","11","1803"
kew-2537585,A,Lentibulariaceae,,Pinguicula,,"purpurea",,"","Willd.",Unresolved,,L,WCSP (in review),673481,526506-1,"Neue Schriften Ges. Naturf. Freunde Berlin","2: 112","","1799"
kew-2537572,A,Lentibulariaceae,,Pinguicula,,"ramosa",,"","Miyoshi ex Yatabe",Unresolved,,L,WCSP (in review),673468,526507-1,"Bot. Mag. (Tokyo)","4: 43, t. 11","","1890"
kew-2537568,A,Lentibulariaceae,,Pinguicula,,"reticulata",,"","Schlauer",Unresolved,,L,WCSP (in review),673464,959873-1,"Palmengarten","55(3): 28","","1991"
kew-2537567,A,Lentibulariaceae,,Pinguicula,,"reuteri",,"","Genty",Unresolved,,L,WCSP (in review),673463,526509-1,"J. Bot. (Morot)","5: 229","","1891"
kew-2904887,A,Lentibulariaceae,,Pinguicula,,"rosea",,"","(Mutel) Landolt",Unresolved,,L,WCSP (in review),1027343,77113890-1,"Fl. Indicativa","269","","2010"
tro-50173435,A,Lentibulariaceae,,Pinguicula,,"rotundiflora",,"","Studnička",Accepted,,M,TRO,50173435,906862-1,"Folia Geobot. Phytotax.","20(2): 201–203, f. 1","201","1985"
kew-2532296,A,Lentibulariaceae,,Pinguicula,×,"scullyi",,"","Druce",Unresolved,,L,WCSP (in review),668310,526512-1,"Rep. Bot. Soc. Exch. Club Brit. Isles","6: 301","","1921 publ. 1922"
tro-18300011,A,Lentibulariaceae,,Pinguicula,,"sharpii",,"","Casper & K. Kondo",Accepted,,M,TRO,18300011,196890-2,"Brittonia","29(1): 112–115, f. 1–3","112","1977"
kew-2532321,A,Lentibulariaceae,,Pinguicula,,"sibirica",,"","Vest ex A.DC.",Unresolved,,L,WCSP (in review),668335,526514-1,"Prodr.","8: 32","","1844"
kew-2537413,A,Lentibulariaceae,,Pinguicula,,"spathulata",,"","Ledeb.",Unresolved,,L,WCSP (in review),673309,526516-1,"Mém. Acad. Imp. Sci. St. Pétersbourg Hist. Acad.","5: 515","","1815"
kew-2537411,A,Lentibulariaceae,,Pinguicula,,"stolonifera",,"","Luhrs",Unresolved,,L,WCSP (in review),673307,303551-2,"Phytologia","79: 114","","1995 publ. 1996"
kew-2537410,A,Lentibulariaceae,,Pinguicula,,"subaequalis",,"","Stokes",Unresolved,,L,WCSP (in review),673306,526517-1,"Bot. Comm.","123","","1830"
kew-2537409,A,Lentibulariaceae,,Pinguicula,,"submediterranea",,"","Blanca, Jamilena, Ruíz Rejón & Reg.Zamora",Unresolved,,L,WCSP (in review),673305,988715-1,"Pl. Syst. Evol.","200: 57","","1996"
tro-50173439,A,Lentibulariaceae,,Pinguicula,,"takakii",,"","Zamudio & Rzed.",Accepted,,M,TRO,50173439,,"Phytologia","60(4): 260–262, f. 3","260","1986"
kew-2608247,A,Lentibulariaceae,,Pinguicula,,"toldensis",,"","Casper",Unresolved,,L,WCSP (in review),741199,77087316-1,"Wulfenia","14: 85","","2007"
tro-18300394,A,Lentibulariaceae,,Pinguicula,,"utricularioides",,"","Zamudio & Rzed.",Accepted,,M,TRO,18300394,304865-2,"Acta Bot. Mex.","14: 28–31, f. 2","28","1991"
kew-2605206,A,Lentibulariaceae,,Pinguicula,,"vallis-regiae",,"","F.Conti & Peruzzi",Unresolved,,L,WCSP (in review),738356,,"Ann. Bot. Fenn.","43: 329","","2006"
kew-2537416,A,Lentibulariaceae,,Pinguicula,,"vallisneriifolia",,"","Webb",Accepted,,M,WCSP (in review),673312,,"Otia Hispan.","new ed.: 48","","1853"
kew-2537403,A,Lentibulariaceae,,Pinguicula,,"variegata",,"","Arv.-Touv.",Unresolved,,L,WCSP (in review),673299,526521-1,"Monogr. Pilosella & Hieracium","Add.: 54","","1879"
kew-2537404,A,Lentibulariaceae,,Pinguicula,,"variegata",,"","Turcz.",Unresolved,,L,WCSP (in review),673300,526520-1,"Bull. Soc. Imp. Naturalistes Moscou","14: 77","","1840"
kew-2537402,A,Lentibulariaceae,,Pinguicula,,"villosa",,"","L.",Accepted,,M,WCSP (in review),673298,526522-1,"Sp. Pl.","17","","1753"
kew-2537399,A,Lentibulariaceae,,Pinguicula,,"violacea",,"","Michx. ex Rehder",Unresolved,,L,WCSP (in review),673295,,"J. Arnold Arbor.","4: 5","","1923"
kew-2537397,A,Lentibulariaceae,,Pinguicula,,"vulgaris",,"","L.",Accepted,,M,WCSP (in review),673293,,"Sp. Pl.","17","","1753"
tro-50337569,A,Lentibulariaceae,,Pinguicula,,"zecheri",,"","Speta & F. Fuchs",Accepted,,M,TRO,50337569,928595-1,"Stapfia","10: 111","111","1982"
kew-2537433,A,Lentibulariaceae,,Plectoma,,"inflata",,"","(Walter) Raf.",Unresolved,,L,WCSP (in review),673329,526528-1,"Fl. Tellur.","4: 110","","1838"
kew-2537426,A,Lentibulariaceae,,Polypompholyx,,"bicolor",,"","Klotzsch",Unresolved,,L,WCSP (in review),673322,526532-1,"Reis. Br.-Guiana","3: 1160","","1849"
kew-2537374,A,Lentibulariaceae,,Polypompholyx,,"holtzei",,"","F.Muell.",Unresolved,,L,WCSP (in review),673270,526535-1,"Victoria Naturalist","9: 176","","1893"
kew-2447374,A,Lentibulariaceae,,Utricularia,,"acicularis",,"","Sol. ex Stapf",Unresolved,,L,WCSP (in review),584921,526559-1,"Fl. Cap.","4(2): 430","","1904"
kew-2447351,A,Lentibulariaceae,,Utricularia,,"adpressa",,"","Salzm. ex A.St.-Hilaire & F.Girard",Accepted,,M,WCSP (in review),584898,526564-1,"Compt. Rend. Hebd. Séances Acad. Sci.","7: 870","","1838"
tro-18300320,A,Lentibulariaceae,,Utricularia,,"albiflora",,"","R. Br.",Accepted,,M,TRO,18300320,526569-1,"Prodr.","431","431","1810"
tro-50188061,A,Lentibulariaceae,,Utricularia,,"albocaerulea",,"","Dalzell",Accepted,,M,TRO,50188061,526572-1,"Hooker's J. Bot. Kew Gard. Misc.","3: 279","279","1851"
kew-2447356,A,Lentibulariaceae,,Utricularia,,"alpina",,"","Jacq.",Accepted,,M,WCSP (in review),584903,526574-1,"Enum. Syst. Pl.","11","","1760"
kew-2447381,A,Lentibulariaceae,,Utricularia,,"amethystina",,"","Salzm. ex A.St.-Hilaire & F.Girard",Accepted,,M,WCSP (in review),584928,260742-2,"Compt. Rend. Hebd. Séances Acad. Sci.","7: 870","","1838"
kew-2447396,A,Lentibulariaceae,,Utricularia,,"andongensis",,"","Welw. ex Hiern",Accepted,,M,WCSP (in review),584943,526582-1,"Cat. Afr. Pl.","1: 787","","1900"
tro-50187533,A,Lentibulariaceae,,Utricularia,,"antennifera",,"","P. Taylor",Accepted,,M,TRO,50187533,929332-1,"Kew Bull.","41: 2","2","1986"
kew-2447404,A,Lentibulariaceae,,Utricularia,,"antirrhinoides",,"","Wall.",Unresolved,,L,WCSP (in review),584951,526589-1,"Numer. List","1498 B","","1829"
kew-2447406,A,Lentibulariaceae,,Utricularia,,"appendiculata",,"","E.A.Bruce",Accepted,,M,WCSP (in review),584953,526591-1,"Bull. Misc. Inform. Kew","1933: 475","","1933"
kew-2447407,A,Lentibulariaceae,,Utricularia,,"appressa",,"","Benj.",Unresolved,,L,WCSP (in review),584954,526592-1,"Fl. Bras.","10: 244","","1847"
tro-50188128,A,Lentibulariaceae,,Utricularia,,"arcuata",,"","Wight",Accepted,,M,TRO,50188128,526593-1,"Hooker's J. Bot. Kew Gard. Misc.","1: 372","372","1849"
kew-2447386,A,Lentibulariaceae,,Utricularia,,"arenaria",,"","A.DC.",Accepted,,M,WCSP (in review),584933,526594-1,"Prodr.","8: 20","","1844"
tro-18300311,A,Lentibulariaceae,,Utricularia,,"arnhemica",,"","P. Taylor",Accepted,,M,TRO,18300311,929333-1,"Kew Bull.","41: 3","3","1986"
tro-18300332,A,Lentibulariaceae,,Utricularia,,"asplundii",,"","P. Taylor",Accepted,,M,TRO,18300332,526597-1,"Fl. Ecuador","4: 16","16","1975"
kew-2447383,A,Lentibulariaceae,,Utricularia,,"aurea",,"","Lour.",Accepted,,M,WCSP (in review),584930,526598-1,"Fl. Cochinch.","26","","1790"
kew-2447371,A,Lentibulariaceae,,Utricularia,,"aureomaculata",,"","Steyerm.",Accepted,,M,WCSP (in review),584918,260749-2,"Fieldiana, Bot.","28: 536","","1953"
kew-2447366,A,Lentibulariaceae,,Utricularia,,"australis",,"","R.Br.",Accepted,,M,WCSP (in review),584913,526603-1,"Prodr. Fl. Nov. Holl.","430","","1810"
kew-2605743,A,Lentibulariaceae,,Utricularia,,"babui",,"","S.R.Yadav, Sardesai & S.P.Gaikwad",Accepted,,M,WCSP (in review),738865,77077746-1,"Rheedea","15: 71","","2005"
kew-2450516,A,Lentibulariaceae,,Utricularia,,"baouleensis",,"","A.Chev.",Accepted,,M,WCSP (in review),588045,,"Mém. Soc. Bot. France","2(8): 186","","1910"
kew-2447365,A,Lentibulariaceae,,Utricularia,,"beaugleholei",,"","R.J.Gassin",Unresolved,,L,WCSP (in review),584912,,"Muelleria","8: 37","","1993"
kew-2447307,A,Lentibulariaceae,,Utricularia,,"benjaminiana",,"","Oliv.",Accepted,,M,WCSP (in review),584854,526611-1,"J. Proc. Linn. Soc., Bot.","4: 178","","1860"
tro-18300299,A,Lentibulariaceae,,Utricularia,,"benthamii",,"","P. Taylor",Accepted,,M,TRO,18300299,929334-1,"Kew Bull.","41: 3","3","1986"
tro-50061638,A,Lentibulariaceae,,Utricularia,,"bifida",,"","L.",Accepted,,M,TRO,50061638,526616-1,"Sp. Pl.","1: 18","18","1753"
kew-2447304,A,Lentibulariaceae,,Utricularia,,"billardierei",,"","F.Muell.",Unresolved,,L,WCSP (in review),584851,526626-1,"Fragm.","6: 161","","1868"
tro-50188802,A,Lentibulariaceae,,Utricularia,,"biloba",,"","R. Br.",Accepted,,M,TRO,50188802,526627-1,"Prodr.","432","432","1810"
tro-50158760,A,Lentibulariaceae,,Utricularia,,"biovularioides",,"","(Kuhlm.) P. Taylor",Accepted,,M,TRO,50158760,286582-2,"Kew Bull.","41(1): 16","16","1986"
kew-2447299,A,Lentibulariaceae,,Utricularia,,"bisquamata",,"","Schrank",Accepted,,M,WCSP (in review),584846,526630-1,"Flora","7(2 Beil.): 9","","1824"
tro-50158723,A,Lentibulariaceae,,Utricularia,,"blanchetii",,"","A. DC.",Accepted,,M,TRO,50158723,526631-1,"Prodr.","8: 13","13","1844"
tro-50188055,A,Lentibulariaceae,,Utricularia,,"bosminifera",,"","Ostenf.",Accepted,,M,TRO,50188055,526634-1,"Repert. Spec. Nov. Regni Veg.","2: 68","68","1906"
tro-50061663,A,Lentibulariaceae,,Utricularia,,"brachiata",,"","Oliv.",Accepted,,M,TRO,50061663,526637-1,"J. Proc. Linn. Soc., Bot.","3: 187","187","1859"
kew-2447338,A,Lentibulariaceae,,Utricularia,,"bracteata",,"","R.D.Good",Accepted,,M,WCSP (in review),584885,526641-1,"J. Bot.","62: 161","","1924"
kew-2447345,A,Lentibulariaceae,,Utricularia,,"breviscapa",,"","C.Wright ex Griseb.",Accepted,,M,WCSP (in review),584892,526649-1,"Cat. Pl. Cub.","161","","1866"
kew-2447347,A,Lentibulariaceae,,Utricularia,,"buntingiana",,"","P.Taylor",Accepted,,M,WCSP (in review),584894,260754-2,"Acta Bot. Venez.","10: 188","","1975 publ. 1976"
kew-2447348,A,Lentibulariaceae,,Utricularia,,"butanensis",,"","Merl ex Luetzelb.",Unresolved,,L,WCSP (in review),584895,262040-2,"Estud. Bot. Nordéste","3: 219","","1926"
tro-50061655,A,Lentibulariaceae,,Utricularia,,"caerulea",,"","L.",Accepted,,M,TRO,50061655,526656-1,"Sp. Pl.","1: 18","18","1753"
kew-2447329,A,Lentibulariaceae,,Utricularia,,"calycifida",,"","Benj.",Accepted,,M,WCSP (in review),584876,526660-1,"Linnaea","20: 493","","1847"
kew-2447328,A,Lentibulariaceae,,Utricularia,,"campbelliana",,"","Oliv.",Accepted,,M,WCSP (in review),584875,526661-1,"Trans. Linn. Soc. London, Bot.","2: 280","","1887"
kew-2447327,A,Lentibulariaceae,,Utricularia,,"campestris",,"","Miq. ex C.B.Clarke",Unresolved,,L,WCSP (in review),584874,526662-1,"Fl. Brit. India","4: 333","","1884"
kew-2447166,A,Lentibulariaceae,,Utricularia,,"capillacea",,"","Thwaites",Unresolved,,L,WCSP (in review),584713,526667-1,"Enum. Pl. Zeyl.","171","","1860"
kew-2447323,A,Lentibulariaceae,,Utricularia,,"capillacea",,"","Wall.",Unresolved,,L,WCSP (in review),584870,526666-1,"Numer. List","6399","","1832"
kew-2447324,A,Lentibulariaceae,,Utricularia,,"capillacea",,"","Willd.",Unresolved,,L,WCSP (in review),584871,526665-1,"Sp. Pl.","1: 113","","1797"
tro-50187530,A,Lentibulariaceae,,Utricularia,,"capilliflora",,"","F. Muell.",Accepted,,M,TRO,50187530,526670-1,"J. Roy. Soc. New S. Wales","24: 176","176","1891"
kew-2905317,A,Lentibulariaceae,,Utricularia,,"catolesensis",,"","G.L.Campos, Cheek & Giul.",Unresolved,,L,WCSP (in review),1027773,,"Sitientibus Sér. Ci. Biol.","10: 233","","2010"
tro-50188058,A,Lentibulariaceae,,Utricularia,,"cecilii",,"","P. Taylor",Accepted,,M,TRO,50188058,905508-1,"Proc. Indian Acad. Sci.","93: 99","99","1984"
kew-2447016,A,Lentibulariaceae,,Utricularia,,"ceratophylloides",,"","O.Schwarz",Unresolved,,L,WCSP (in review),584563,526674-1,"Repert. Spec. Nov. Regni Veg.","24: 98","","1927"
kew-2447008,A,Lentibulariaceae,,Utricularia,,"cernua",,"","Hoffmanns. ex Benj.",Unresolved,,L,WCSP (in review),584555,526675-1,"Fl. Bras.","10: 237","","1847"
kew-2447010,A,Lentibulariaceae,,Utricularia,,"chamissonis",,"","Weber ex Benj.",Unresolved,,L,WCSP (in review),584557,526677-1,"Fl. Bras.","10: 241","","1847"
tro-50187529,A,Lentibulariaceae,,Utricularia,,"cheiranthos",,"","P. Taylor",Accepted,,M,TRO,50187529,929335-1,"Kew Bull.","41: 3","3","1986"
kew-2898833,A,Lentibulariaceae,,Utricularia,,"chiakiana",,"","Komiya & C.Shibata",Unresolved,,L,WCSP (in review),1021612,60453544-2,"Bull. Nippon Dental Univ.","26: 209","","1997"
kew-2447014,A,Lentibulariaceae,,Utricularia,,"chiribiquetensis",,"","A.Fernández",Accepted,,M,WCSP (in review),584561,260759-2,"Caldasia","9: 42","","1964"
tro-18300358,A,Lentibulariaceae,,Utricularia,,"choristotheca",,"","P. Taylor",Accepted,,M,TRO,18300358,286583-2,"Kew Bull.","41(1): 14","14","1986"
tro-50188508,A,Lentibulariaceae,,Utricularia,,"christopheri",,"","P. Taylor",Accepted,,M,TRO,50188508,929355-1,"Kew Bull.","41: 12","12","1986"
tro-50188025,A,Lentibulariaceae,,Utricularia,,"chrysantha",,"","R. Br.",Accepted,,M,TRO,50188025,526681-1,"Prodr.","432","432","1810"
tro-50188236,A,Lentibulariaceae,,Utricularia,,"circumvoluta",,"","P. Taylor",Accepted,,M,TRO,50188236,929352-1,"Kew Bull.","41: 9","9","1986"
kew-2897694,A,Lentibulariaceae,,Utricularia,,"cochleata",,"","C.P.Bove",Unresolved,,L,WCSP (in review),1020521,60452898-2,"Revista Brasil. Bot.","31: 555","","2008"
kew-2446993,A,Lentibulariaceae,,Utricularia,,"complanata",,"","Wall.",Unresolved,,L,WCSP (in review),584540,526688-1,"Numer. List","1497","","1829"
kew-2446992,A,Lentibulariaceae,,Utricularia,,"compressa",,"","R.Br.",Unresolved,,L,WCSP (in review),584539,526689-1,"Prodr. Fl. Nov. Holl.","431","","1810"
kew-2898832,A,Lentibulariaceae,,Utricularia,,"cornigera",,"","Studnička",Unresolved,,L,WCSP (in review),1021611,,"Thaiszia","19: 135","","2009"
kew-2447417,A,Lentibulariaceae,,Utricularia,,"cornuta",,"","Michx.",Accepted,,M,WCSP (in review),584964,526696-1,"Fl. Bor.-Amer.","1: 12","","1803"
tro-50188542,A,Lentibulariaceae,,Utricularia,,"corynephora",,"","P. Taylor",Accepted,,M,TRO,50188542,929356-1,"Kew Bull.","41: 12","12","1986"
tro-18300232,A,Lentibulariaceae,,Utricularia,,"costata",,"","P. Taylor",Accepted,,M,TRO,18300232,286584-2,"Kew Bull.","41(1): 7","7","1986"
kew-2447414,A,Lentibulariaceae,,Utricularia,,"crenata",,"","Vahl",Unresolved,,L,WCSP (in review),584961,526697-1,"Enum. Pl.","1: 203","","1804"
kew-2447412,A,Lentibulariaceae,,Utricularia,,"cucullata",,"","A.St.-Hil. & Girard",Accepted,,M,WCSP (in review),584959,526699-1,"Compt. Rend. Hebd. Séances Acad. Sci.","7: 869","","1838"
kew-2447457,A,Lentibulariaceae,,Utricularia,,"cymbantha",,"","Oliv.",Accepted,,M,WCSP (in review),585004,526703-1,"J. Linn. Soc., Bot.","9: 147","","1867"
tro-50187571,A,Lentibulariaceae,,Utricularia,,"delicatula",,"","Cheeseman",Accepted,,M,TRO,50187571,526709-1,"Man. New Zealand Fl.","561","561","1906"
tro-50188126,A,Lentibulariaceae,,Utricularia,,"delphinioides",,"","Thorel ex Pellegr.",Accepted,,M,TRO,50188126,526710-1,"Bull. Mus. Hist. Nat. (Paris)","26: 180","180","1920"
kew-2905318,A,Lentibulariaceae,,Utricularia,,"densiflora",,"","Baleeiro & C.P.Bove",Unresolved,,L,WCSP (in review),1027774,,"Syst. Bot.","36: 465","","2011"
kew-2447000,A,Lentibulariaceae,,Utricularia,,"dentata",,"","Weber ex Benj.",Unresolved,,L,WCSP (in review),584547,526711-1,"Fl. Bras.","10: 248","","1847"
tro-50158732,A,Lentibulariaceae,,Utricularia,,"determannii",,"","P. Taylor",Accepted,,M,TRO,50158732,286585-2,"Kew Bull.","41(1): 14","14","1986"
tro-18300302,A,Lentibulariaceae,,Utricularia,,"dichotoma",,"","Labill.",Accepted,,M,TRO,18300302,526715-1,"Nov. Holl. Pl.","1: 11","11","1804"
tro-50189034,A,Lentibulariaceae,,Utricularia,,"dimorphantha",,"","Makino",Accepted,,M,TRO,50189034,526717-1,"Bot. Mag. (Tokyo)","20: 96","96","1906"
kew-2447031,A,Lentibulariaceae,,Utricularia,,"dissectifolia",,"","Merl ex Luetzelb.",Unresolved,,L,WCSP (in review),584578,262042-2,"Estud. Bot. Nordéste","3: 221","","1926"
tro-50187531,A,Lentibulariaceae,,Utricularia,,"dunlopii",,"","P. Taylor",Accepted,,M,TRO,50187531,929336-1,"Kew Bull.","41: 3","3","1986"
tro-50187532,A,Lentibulariaceae,,Utricularia,,"dunstaniae",,"","F.E. Lloyd",Accepted,,M,TRO,50187532,,"Victoria Naturalist","53: 106, 108","106","1936"
kew-2447017,A,Lentibulariaceae,,Utricularia,,"dunstanii",,"","F.E.Lloyd",Unresolved,,L,WCSP (in review),584564,526724-1,"Victoria Naturalist","53: 106","","1936"
kew-2447027,A,Lentibulariaceae,,Utricularia,,"elegans",,"","Wall.",Unresolved,,L,WCSP (in review),584574,526729-1,"Numer. List","1502","","1829"
tro-18300113,A,Lentibulariaceae,,Utricularia,,"endresii",,"","Rchb. f.",Accepted,,M,TRO,18300113,526733-1,"Gard. Chron., n.s.,","1874(2): 582","582","1874"
kew-2447019,A,Lentibulariaceae,,Utricularia,,"erectiflora",,"","A.St.-Hil. & Girard",Accepted,,M,WCSP (in review),584566,526737-1,"Compt. Rend. Hebd. Séances Acad. Sci.","7: 870","","1838"
kew-2446946,A,Lentibulariaceae,,Utricularia,,"fasciculata",,"","Roxb.",Unresolved,,L,WCSP (in review),584493,526744-1,"Fl. Ind.","1: 143","","1820"
kew-2446952,A,Lentibulariaceae,,Utricularia,,"fimbriata",,"","Kunth",Accepted,,M,WCSP (in review),584499,526751-1,"Nov. Gen. Sp.","2: 225","","1818"
kew-2446953,A,Lentibulariaceae,,Utricularia,,"firmula",,"","Welw. ex Oliv.",Accepted,,M,WCSP (in review),584500,526752-1,"J. Linn. Soc., Bot.","9: 152","","1867"
tro-18300314,A,Lentibulariaceae,,Utricularia,,"fistulosa",,"","P. Taylor",Accepted,,M,TRO,18300314,929337-1,"Kew Bull.","41: 3","3","1986"
tro-18300035,A,Lentibulariaceae,,Utricularia,,"flaccida",,"","A. DC.",Accepted,,M,TRO,18300035,526753-1,"Prodr.","8: 17","17","1844"
tro-50061672,A,Lentibulariaceae,,Utricularia,,"flexuosa",,"","Vahl",Accepted,,M,TRO,50061672,526755-1,"Enum. Pl.","1: 198","198","1804"
tro-18300089,A,Lentibulariaceae,,Utricularia,,"floridana",,"","Nash",Accepted,,M,TRO,18300089,260773-2,"Bull. Torrey Bot. Club","23(3): 105–106","105","1896"
kew-2446939,A,Lentibulariaceae,,Utricularia,,"foliosa",,"","L.",Accepted,,M,WCSP (in review),584486,526759-1,"Sp. Pl.","18","","1753"
tro-50188509,A,Lentibulariaceae,,Utricularia,,"forrestii",,"","P. Taylor",Accepted,,M,TRO,50188509,929357-1,"Kew Bull.","41: 13","13","1986"
tro-50188462,A,Lentibulariaceae,,Utricularia,,"foveolata",,"","Edgew.",Accepted,,M,TRO,50188462,526765-1,"Proc. Linn. Soc. Lond.","1: 351","351","1847"
tro-50188033,A,Lentibulariaceae,,Utricularia,,"fulva",,"","F. Muell.",Accepted,,M,TRO,50188033,526766-1,"Trans. Philos. Soc. Victoria","3: 63","63","1858"
kew-2446930,A,Lentibulariaceae,,Utricularia,,"furcata",,"","Pers.",Unresolved,,L,WCSP (in review),584477,526767-1,"Syn. Pl.","1: 18","","1805"
kew-2446971,A,Lentibulariaceae,,Utricularia,,"furcellata",,"","Oliv.",Accepted,,M,WCSP (in review),584518,526768-1,"J. Proc. Linn. Soc., Bot.","3: 189","","1859"
tro-18300036,A,Lentibulariaceae,,Utricularia,,"fusifora",,"","Vahl",Unresolved,,L,TRO,18300036,,"","","",""
kew-2446956,A,Lentibulariaceae,,Utricularia,,"galloprovincialis",,"","J.Gay ex Webb",Unresolved,,L,WCSP (in review),584503,526770-1,"J. Bot.","14: 144","","1876"
kew-2446973,A,Lentibulariaceae,,Utricularia,,"garrettii",,"","P.Taylor",Accepted,,M,WCSP (in review),584520,929358-1,"Kew Bull.","41: 13","","1986"
tro-18300037,A,Lentibulariaceae,,Utricularia,,"geminiloba",,"","Benj.",Accepted,,M,TRO,18300037,526772-1,"Fl. Bras.","10: 242","242","1847"
tro-18300091,A,Lentibulariaceae,,Utricularia,,"geminiscapa",,"","Benj.",Accepted,,M,TRO,18300091,526773-1,"Linnaea","20(3): 305","305","1847"
tro-50187565,A,Lentibulariaceae,,Utricularia,,"geoffrayi",,"","Pellegr.",Accepted,,M,TRO,50187565,526776-1,"Bull. Mus. Hist. Nat. (Paris)","26: 181","181","1920"
tro-18300308,A,Lentibulariaceae,,Utricularia,,"georgei",,"","P. Taylor",Accepted,,M,TRO,18300308,929338-1,"Kew Bull.","41: 3","3","1986"
kew-2446981,A,Lentibulariaceae,,Utricularia,,"gibba",,"","L.",Accepted,,M,WCSP (in review),584528,526777-1,"Sp. Pl.","18","","1753"
kew-2885224,A,Lentibulariaceae,,Utricularia,,"gibba",subsp.,"exoleta","(R.Br.) P.Taylor",Accepted,,L,WCSP (in review),1009017,,"Mitt. Bot. Staatssamml. München","4: 101","","1961"
kew-2446983,A,Lentibulariaceae,,Utricularia,,"gibbosa",,"","Hill",Unresolved,,L,WCSP (in review),584530,526779-1,"Veg. Syst.","20: 45","","1772"
kew-2450320,A,Lentibulariaceae,,Utricularia,,"goebelii",,"","Merl ex Luetzelb.",Unresolved,,L,WCSP (in review),587851,262046-2,"Estud. Bot. Nordéste","3: 220","","1926"
tro-50061650,A,Lentibulariaceae,,Utricularia,,"graminifolia",,"","Vahl",Accepted,,M,TRO,50061650,526792-1,"Enum. Pl.","1: 195","195","1804"
kew-2447126,A,Lentibulariaceae,,Utricularia,,"greenei",,"","Oakes",Unresolved,,L,WCSP (in review),584673,526801-1,"Mag. Hort. Bot.","7: 180","","1841"
kew-2447121,A,Lentibulariaceae,,Utricularia,,"guyanensis",,"","A.DC.",Accepted,,M,WCSP (in review),584668,526804-1,"Prodr.","8: 11","","1844"
tro-18300309,A,Lentibulariaceae,,Utricularia,,"hamiltonii",,"","F.E. Lloyd",Accepted,,M,TRO,18300309,526806-1,"Victoria Naturalist","53: 109","109","1936"
tro-18300298,A,Lentibulariaceae,,Utricularia,,"helix",,"","P. Taylor",Accepted,,M,TRO,18300298,929339-1,"Kew Bull.","41: 4","4","1986"
kew-2447107,A,Lentibulariaceae,,Utricularia,,"heterochroma",,"","Steyerm.",Accepted,,M,WCSP (in review),584654,260779-2,"Fieldiana, Bot.","28: 544","","1953"
tro-50188465,A,Lentibulariaceae,,Utricularia,,"heterosepala",,"","Benj.",Accepted,,M,TRO,50188465,526810-1,"Linnaea","20: 310","310","1847"
tro-18300355,A,Lentibulariaceae,,Utricularia,,"hintonii",,"","P. Taylor",Accepted,,M,TRO,18300355,286587-2,"Kew Bull.","41(1): 8","8","1986"
tro-50114050,A,Lentibulariaceae,,Utricularia,,"hirta",,"","Klein ex Link",Accepted,,M,TRO,50114050,526812-1,"Jahrb. Gewächsk.","1(3): 55","55","1820"
kew-2447115,A,Lentibulariaceae,,Utricularia,,"hispida",,"","Lam.",Accepted,,M,WCSP (in review),584662,526815-1,"Tabl. Encycl.","1: 50","","1791"
tro-50187526,A,Lentibulariaceae,,Utricularia,,"holtzei",,"","F. Muell.",Accepted,,M,TRO,50187526,526817-1,"Victoria Naturalist","9: 176","176","1893"
kew-2447154,A,Lentibulariaceae,,Utricularia,,"humboldtii",,"","R.H.Schomb.",Accepted,,M,WCSP (in review),584701,,"Flora","23: 487","","1840"
kew-2447167,A,Lentibulariaceae,,Utricularia,,"huntii",,"","P.Taylor",Accepted,,M,WCSP (in review),584714,286588-2,"Kew Bull.","41: 8","","1986"
kew-2447159,A,Lentibulariaceae,,Utricularia,,"hydrocarpa",,"","Vahl",Accepted,,M,WCSP (in review),584706,526824-1,"Enum. Pl.","1: 200","","1804"
tro-18300300,A,Lentibulariaceae,,Utricularia,,"inaequalis",,"","A. DC.",Accepted,,M,TRO,18300300,526828-1,"Prodr.","8: 666","666","1844"
tro-50158757,A,Lentibulariaceae,,Utricularia,,"incisa",,"","(A. Rich.) A. H. Liogier",Accepted,,L,TRO,50158757,,"Contr. Ocas. Mus. Hist. Nat. Colegio ""De La Salle""","15: 20","20","1956"
kew-2447150,A,Lentibulariaceae,,Utricularia,,"inflexa",,"","Forssk.",Accepted,,M,WCSP (in review),584697,526834-1,"Fl. Aegypt.-Arab.","9","","1775"
kew-2447148,A,Lentibulariaceae,,Utricularia,,"intermedia",,"","Hayne",Accepted,,M,WCSP (in review),584695,262047-2,"J. Bot. (Schrader)","1800(1): 18","","1800"
kew-2905323,A,Lentibulariaceae,,Utricularia,,"inthanonensis",,"","Suksathan & J.Parn.",Unresolved,,L,WCSP (in review),1027779,77110062-1,"Thai Forest Bull., Bot.","38: 25","","2010"
kew-2447146,A,Lentibulariaceae,,Utricularia,,"intricata",,"","Griff. ex Oliv.",Unresolved,,L,WCSP (in review),584693,526837-1,"J. Proc. Linn. Soc., Bot.","3: 179","","1859"
tro-50188054,A,Lentibulariaceae,,Utricularia,,"involvens",,"","Ridl.",Accepted,,M,TRO,50188054,526838-1,"J. Bot.","33: 11","11","1895"
kew-2447144,A,Lentibulariaceae,,Utricularia,,"jackii",,"","J.Parn.",Unresolved,,L,WCSP (in review),584691,,"Thai Forest Bull., Bot.","33: 128","","2005"
kew-2447143,A,Lentibulariaceae,,Utricularia,,"jamesoniana",,"","Oliv.",Accepted,,M,WCSP (in review),584690,526839-1,"J. Proc. Linn. Soc., Bot.","4: 169","","1860"
kew-2447142,A,Lentibulariaceae,,Utricularia,,"janarthanamii",,"","S.R.Yadav, Sardesai & S.P.Gaikwad",Unresolved,,L,WCSP (in review),584689,20000440-1,"Rheedea","10: 107","","2000"
kew-2447048,A,Lentibulariaceae,,Utricularia,,"juncea",,"","Vahl",Accepted,,M,WCSP (in review),584595,260789-2,"Enum. Pl.","1: 202","","1804"
tro-18300317,A,Lentibulariaceae,,Utricularia,,"kamienskii",,"","F. Muell.",Accepted,,M,TRO,18300317,526848-1,"Victoria Naturalist","9: 175","175","1893"
tro-18300318,A,Lentibulariaceae,,Utricularia,,"kenneallyi",,"","P. Taylor",Accepted,,M,TRO,18300318,929340-1,"Kew Bull.","41: 4","4","1986"
tro-18300307,A,Lentibulariaceae,,Utricularia,,"kimberleyensis",,"","C.A. Gardner",Accepted,,M,TRO,18300307,526850-1,"For. Dep. Bull. W. Austral.","32: 90","90","1923"
tro-50188510,A,Lentibulariaceae,,Utricularia,,"kumaonensis",,"","Oliv.",Accepted,,M,TRO,50188510,526853-1,"J. Proc. Linn. Soc., Bot.","3: 189","189","1859"
tro-18300043,A,Lentibulariaceae,,Utricularia,,"laciniata",,"","St.-Hilaire & Girard",Accepted,,M,TRO,18300043,,"Compt. Rend. Hebd. Séances Acad. Sci.","7: 870","870","1838"
tro-18300316,A,Lentibulariaceae,,Utricularia,,"lasiocaulis",,"","F. Muell.",Accepted,,M,TRO,18300316,526858-1,"Australas. Chem. Druggist","1885: 50","50","1885"
tro-50187568,A,Lentibulariaceae,,Utricularia,,"lateriflora",,"","R. Br.",Accepted,,M,TRO,50187568,526859-1,"Prodr.","431","431","1810"
tro-18300044,A,Lentibulariaceae,,Utricularia,,"laxa",,"","St. Hilaire & Girard",Accepted,,M,TRO,18300044,,"Compt. Rend. Hebd. Séances Acad. Sci.","7: 870","870","1838"
tro-50188062,A,Lentibulariaceae,,Utricularia,,"lazulina",,"","P. Taylor",Accepted,,M,TRO,50188062,905509-1,"Proc. Indian Acad. Sci.","93: 101","101","1984"
tro-50188799,A,Lentibulariaceae,,Utricularia,,"leptoplectra",,"","F. Muell.",Accepted,,M,TRO,50188799,526867-1,"Australas. Chem. Druggist","8: 50","50","1885"
tro-18300319,A,Lentibulariaceae,,Utricularia,,"leptorhyncha",,"","O. Schwarz",Accepted,,M,TRO,18300319,526868-1,"Repert. Spec. Nov. Regni Veg.","24: 97","97","1927"
tro-50188468,A,Lentibulariaceae,,Utricularia,,"letestui",,"","P. Taylor",Accepted,,M,TRO,50188468,937977-1,"Kew Bull., Addit. Ser.","14: 401–403, f. 118","401","1989"
tro-50061666,A,Lentibulariaceae,,Utricularia,,"limosa",,"","R. Br.",Accepted,,M,TRO,50061666,526871-1,"Prodr.","432","432","1810"
kew-2447094,A,Lentibulariaceae,,Utricularia,,"linearifolia",,"","Benj.",Unresolved,,L,WCSP (in review),584641,526874-1,"Linnaea","20: 306","","1847"
kew-2447106,A,Lentibulariaceae,,Utricularia,,"livida",,"","E.Mey.",Accepted,,M,WCSP (in review),584653,526878-1,"Comm. Pl. Afr. Austr.","281","","1838"
kew-2447099,A,Lentibulariaceae,,Utricularia,,"lloydii",,"","Merl",Accepted,,M,WCSP (in review),584646,526879-1,"Bull. Torrey Bot. Club","61: 270","","1934"
tro-18300116,A,Lentibulariaceae,,Utricularia,,"lloydii",,"","Merl ex F.E. Lloyd",Unresolved,,L,TRO,18300116,,"Flora","126: 311–313, f. 8","311","1932"
kew-2447101,A,Lentibulariaceae,,Utricularia,,"longicalcarata",,"","Benj.",Unresolved,,L,WCSP (in review),584648,526881-1,"Linnaea","20: 314","","1847"
kew-2447102,A,Lentibulariaceae,,Utricularia,,"longiciliata",,"","A.DC.",Accepted,,M,WCSP (in review),584649,526882-1,"Prodr.","8: 23","","1844"
tro-18300045,A,Lentibulariaceae,,Utricularia,,"longifolia",,"","Gardner",Accepted,,M,TRO,18300045,526883-1,"London J. Bot.","1: 545","545","1842"
kew-2447077,A,Lentibulariaceae,,Utricularia,,"longissima",,"","Klotzsch",Unresolved,,L,WCSP (in review),584624,526886-1,"Reis. Br.-Guiana","3: 973","","1849"
tro-50188252,A,Lentibulariaceae,,Utricularia,,"macrocheilos",,"","(P. Taylor) P. Taylor",Accepted,,M,TRO,50188252,942435-1,"Kew Bull.","41: 9","9","1986"
kew-2447090,A,Lentibulariaceae,,Utricularia,,"macroptera",,"","Schreib.",Unresolved,,L,WCSP (in review),584637,,"Archiv Vereins Freunde Naturgesch. Mecklenburg","7: 234","","1853"
kew-2447098,A,Lentibulariaceae,,Utricularia,,"macroptera",,"","G.A.Brückn. ex Garcke",Unresolved,,L,WCSP (in review),584645,526894-1,"Fl. N. Mitt.-Deutschland","ed. 3: 274","","1854"
kew-2447080,A,Lentibulariaceae,,Utricularia,,"major",,"","St.-Lag.",Unresolved,,L,WCSP (in review),584627,,"Étude Fl.","ed. 8, 2: 646","","1889"
kew-2447081,A,Lentibulariaceae,,Utricularia,,"major",,"","K.D.Koenig ex Vahl",Unresolved,,L,WCSP (in review),584628,526904-1,"Enum. Pl.","1: 200","","1804"
kew-2447082,A,Lentibulariaceae,,Utricularia,,"major",,"","Schmidel",Unresolved,,L,WCSP (in review),584629,,"Icon. Pl.","80","","1771"
kew-2447079,A,Lentibulariaceae,,Utricularia,,"malabarica",,"","Janarth. & A.N.Henry",Unresolved,,L,WCSP (in review),584626,938150-1,"J. Bombay Nat. Hist. Soc.","86: 84","","1989"
tro-50319142,A,Lentibulariaceae,,Utricularia,,"mangshanensis",,"","G.W. Hu",Accepted,,M,TRO,50319142,77087147-1,"Ann. Bot. Fenn.","44: 389–391, f. 1","389","2007"
tro-50127631,A,Lentibulariaceae,,Utricularia,,"mannii",,"","Oliv.",Accepted,,M,TRO,50127631,526907-1,"J. Linn. Soc., Bot.","9: 149","149","1865"
kew-2449968,A,Lentibulariaceae,,Utricularia,,"marcelliana",,"","Merl ex Luetzelb.",Unresolved,,L,WCSP (in review),587510,262052-2,"Estud. Bot. Nordéste","3: 221","","1926"
tro-18300296,A,Lentibulariaceae,,Utricularia,,"menziesii",,"","R. Br.",Accepted,,M,TRO,18300296,526913-1,"Prodr.","431","431","1810"
tro-50061016,A,Lentibulariaceae,,Utricularia,,"meyeri",,"","Pilg.",Accepted,,M,TRO,50061016,260808-2,"Bot. Jahrb. Syst.","30: 194","194","1901"
kew-2449668,A,Lentibulariaceae,,Utricularia,,"microcalyx",,"","(P.Taylor) P.Taylor",Accepted,,M,WCSP (in review),587210,526916-1,"Bull. Jard. Bot. Natl. Belg.","41: 270","","1971"
kew-2449677,A,Lentibulariaceae,,Utricularia,,"microcarpa",,"","F.Dietr.",Unresolved,,L,WCSP (in review),587219,526917-1,"Vollst. Lex. Gärtn.","10: 305","","1810"
kew-2449678,A,Lentibulariaceae,,Utricularia,,"micropetala",,"","Sm.",Accepted,,M,WCSP (in review),587220,526918-1,"Cycl.","37: no. 58","","1818"
kew-2449679,A,Lentibulariaceae,,Utricularia,,"millefolia",,"","Nutt. ex Tuck.",Unresolved,,L,WCSP (in review),587221,526919-1,"Amer. J. Sci. Arts","14: 28","","1843"
kew-2449653,A,Lentibulariaceae,,Utricularia,,"minor",,"","L.",Accepted,,M,WCSP (in review),587195,526922-1,"Sp. Pl.","18","","1753"
tro-50061653,A,Lentibulariaceae,,Utricularia,,"minutissima",,"","Vahl",Accepted,,M,TRO,50061653,526925-1,"Enum. Pl.","1: 204","204","1804"
kew-2449663,A,Lentibulariaceae,,Utricularia,,"mirabilis",,"","P.Taylor",Accepted,,M,WCSP (in review),587205,286589-2,"Kew Bull.","41: 14","","1986"
tro-18300305,A,Lentibulariaceae,,Utricularia,,"monanthos",,"","Hook. f.",Accepted,,M,TRO,18300305,526929-1,"Fl. Tasman.","1: 299","299","1859"
tro-50188540,A,Lentibulariaceae,,Utricularia,,"moniliformis",,"","P. Taylor",Accepted,,M,TRO,50188540,929359-1,"Kew Bull.","41: 13","13","1986"
tro-50189068,A,Lentibulariaceae,,Utricularia,,"muelleri",,"","Kamienski",Accepted,,M,TRO,50189068,,"Ber. Deutsch. Bot. Ges.","12: 5","5","1894"
tro-50061664,A,Lentibulariaceae,,Utricularia,,"multicaulis",,"","Oliv.",Accepted,,M,TRO,50061664,526935-1,"J. Linn. Soc., Bot.","3: 188–189","188","1859"
tro-18300289,A,Lentibulariaceae,,Utricularia,,"multifida",,"","R. Br.",Accepted,,M,TRO,18300289,526936-1,"Prodr.","432","432","1810"
kew-2448326,A,Lentibulariaceae,,Utricularia,,"myriocista",,"","A.St.-Hil. & Girard",Accepted,,M,WCSP (in review),585871,526940-1,"Compt. Rend. Hebd. Séances Acad. Sci.","7: 869","","1838"
kew-2448324,A,Lentibulariaceae,,Utricularia,,"naikii",,"","S.R.Yadav, Sardesai & S.P.Gaikwad",Accepted,,M,WCSP (in review),585869,20000441-1,"Rheedea","10: 110","","2000"
kew-2448322,A,Lentibulariaceae,,Utricularia,,"nana",,"","A.St.-Hil. & Girard",Accepted,,M,WCSP (in review),585867,526943-1,"Compt. Rend. Hebd. Séances Acad. Sci.","7: 869","","1838"
kew-2448321,A,Lentibulariaceae,,Utricularia,,"natans",,"","Salzm. ex A.St.-Hil. & Girard",Unresolved,,L,WCSP (in review),585866,526944-1,"Ann. Sci. Nat., Bot.","II, 11: 154","","1839"
kew-2448320,A,Lentibulariaceae,,Utricularia,,"naviculata",,"","P.Taylor",Accepted,,M,WCSP (in review),585865,260813-2,"Mem. New York Bot. Gard.","17(1): 226","","1967"
tro-50049290,A,Lentibulariaceae,,Utricularia,,"nelumbifolia",,"","Gardner",Accepted,,M,TRO,50049290,,"Icon. Pl.","6: t. 504","t. 504","1843"
kew-2448367,A,Lentibulariaceae,,Utricularia,,"neottioides",,"","A.St.-Hil. & Girard",Accepted,,M,WCSP (in review),585912,526950-1,"Compt. Rend. Hebd. Séances Acad. Sci.","7: 869","","1838"
tro-50158731,A,Lentibulariaceae,,Utricularia,,"nephrophylla",,"","Benj.",Accepted,,M,TRO,50158731,,"Fl. Bras.","10: 247","247","1847"
kew-2448379,A,Lentibulariaceae,,Utricularia,,"nervosa",,"","Weber ex Benj.",Accepted,,M,WCSP (in review),585923,526953-1,"Fl. Bras.","10: 247","","1847"
tro-50158741,A,Lentibulariaceae,,Utricularia,,"nigrescens",,"","Sylvén",Accepted,,M,TRO,50158741,526954-1,"Ark. Bot.","8: 21","21","1908"
tro-18300304,A,Lentibulariaceae,,Utricularia,,"novae-zelandiae",,"","Hook. f.",Accepted,,M,TRO,18300304,,"Fl. Nov.-Zel.","1: 206","206","1854"
kew-2448356,A,Lentibulariaceae,,Utricularia,,"obsoleta",,"","Merl ex Luetzelb.",Unresolved,,L,WCSP (in review),585901,262057-2,"Estud. Bot. Nordéste","3: 221","","1926"
kew-2448370,A,Lentibulariaceae,,Utricularia,,"obtusata",,"","Sw.",Unresolved,,L,WCSP (in review),585915,526963-1,"Fl. Ind. Occid.","1: 41","","1797"
kew-2449703,A,Lentibulariaceae,,Utricularia,×,"ochroleuca",,"","R.W.Hartm.",Accepted,,M,WCSP (in review),587245,526966-1,"Bot. Not.","1857: 30","","1857"
tro-50188049,A,Lentibulariaceae,,Utricularia,,"odorata",,"","Pellegr.",Accepted,,M,TRO,50188049,526969-1,"Bull. Mus. Hist. Nat. (Paris)","26: 182","182","1920"
kew-2449699,A,Lentibulariaceae,,Utricularia,,"ogmosperrna",,"","Blatt. & McCann",Unresolved,,L,WCSP (in review),587241,526970-1,"J. Indian Bot. Soc.","10: 123","","1931"
kew-2449710,A,Lentibulariaceae,,Utricularia,,"olivacea",,"","C.Wright ex Griseb.",Accepted,,M,WCSP (in review),587252,,"Cat. Pl. Cub.","161","","1866"
kew-2449711,A,Lentibulariaceae,,Utricularia,,"oliveriana",,"","Steyerm.",Accepted,,M,WCSP (in review),587253,260821-2,"Fieldiana, Bot.","28: 546","","1953"
kew-2449705,A,Lentibulariaceae,,Utricularia,,"oppositifolia",,"","Spreng.",Unresolved,,L,WCSP (in review),587247,526978-1,"Syst. Veg.","1: 50","","1824"
kew-2449695,A,Lentibulariaceae,,Utricularia,,"oryzetorum",,"","Miq. ex C.B.Clarke",Unresolved,,L,WCSP (in review),587237,526981-1,"Fl. Brit. India","4: 331","","1884"
tro-18300356,A,Lentibulariaceae,,Utricularia,,"panamensis",,"","Steyerm. ex P. Taylor",Accepted,,M,TRO,18300356,286590-2,"Kew Bull.","41(1): 8","8","1986"
kew-2449687,A,Lentibulariaceae,,Utricularia,,"paradoxa",,"","F.E.Lloyd & G.Taylor",Unresolved,,L,WCSP (in review),587229,526988-1,"Contr. Gray Herb.","165: 83","","1947"
tro-50158725,A,Lentibulariaceae,,Utricularia,,"parthenopipes",,"","P. Taylor",Accepted,,M,TRO,50158725,929347-1,"Kew Bull.","41(1): 7","7","1986"
kew-2449611,A,Lentibulariaceae,,Utricularia,,"paulineae",,"","Lowrie",Unresolved,,L,WCSP (in review),587153,999837-1,"Nuytsia","12: 38","","1998"
kew-2449617,A,Lentibulariaceae,,Utricularia,,"pentadactyla",,"","P.Taylor",Accepted,,M,WCSP (in review),587159,527001-1,"Mem. New York Bot. Gard.","9: 16","","1954"
tro-50188503,A,Lentibulariaceae,,Utricularia,,"peranomala",,"","P. Taylor",Accepted,,M,TRO,50188503,929354-1,"Kew Bull.","41(1): 12","12","1986"
tro-50096396,A,Lentibulariaceae,,Utricularia,,"perversa",,"","P. Taylor",Accepted,,M,TRO,50096396,286592-2,"Kew Bull.","41(1): 16–17","16","1986"
tro-50055783,A,Lentibulariaceae,,Utricularia,,"petersoniae",,"","P. Taylor",Accepted,,M,TRO,50055783,286591-2,"Kew Bull.","41(1): 8","8","1986"
kew-2449605,A,Lentibulariaceae,,Utricularia,,"petertaylorii",,"","Lowrie",Unresolved,,L,WCSP (in review),587147,20006060-1,"Nuytsia","14: 406","","2002"
kew-2905325,A,Lentibulariaceae,,Utricularia,,"phusoidaoensis",,"","Suksathan & J.Parn.",Unresolved,,L,WCSP (in review),1027781,77110063-1,"Thai Forest Bull., Bot.","38: 27","","2010"
kew-2449603,A,Lentibulariaceae,,Utricularia,,"physoceras",,"","P.Taylor",Accepted,,M,WCSP (in review),587145,286593-2,"Kew Bull.","41: 15","","1986"
tro-50188234,A,Lentibulariaceae,,Utricularia,,"pierrei",,"","Pellegr.",Accepted,,M,TRO,50188234,527007-1,"Bull. Mus. Hist. Nat. (Paris)","26: 183","183","1920"
tro-18300357,A,Lentibulariaceae,,Utricularia,,"platensis",,"","Speg.",Accepted,,M,TRO,18300357,260829-2,"Comun. Mus. Nac. B. Aires","1(3): 81","81","1899"
tro-50127647,A,Lentibulariaceae,,Utricularia,,"pobeguinii",,"","Pellegr.",Accepted,,M,TRO,50127647,527012-1,"Bull. Soc. Bot. France","61: 16","16","1914"
tro-50158752,A,Lentibulariaceae,,Utricularia,,"poconensis",,"","Fromm",Accepted,,M,TRO,50158752,286594-2,"Bradea","4: 139","139","1985"
tro-50187704,A,Lentibulariaceae,,Utricularia,,"podadena",,"","P. Taylor",Accepted,,M,TRO,50187704,,"Kew Bull.","18: 76","76","1964"
tro-50188116,A,Lentibulariaceae,,Utricularia,,"polygaloides",,"","Edgew.",Accepted,,M,TRO,50188116,527015-1,"Proc. Linn. Soc. Lond.","1: 351","351","1847"
kew-2449641,A,Lentibulariaceae,,Utricularia,,"praelonga",,"","A.St.-Hil. & Girard",Accepted,,M,WCSP (in review),587183,527019-1,"Compt. Rend. Hebd. Séances Acad. Sci.","7: 870","","1838"
tro-50188059,A,Lentibulariaceae,,Utricularia,,"praeterita",,"","P. Taylor",Accepted,,M,TRO,50188059,903330-1,"Fl. Tamilnadu Carnatic","3: 1120","1120","1983"
kew-2449652,A,Lentibulariaceae,,Utricularia,,"praetermissa",,"","P.Taylor",Accepted,,M,WCSP (in review),587194,260831-2,"Ann. Missouri Bot. Gard.","63: 576","","1976 publ. 1977"
kew-2449644,A,Lentibulariaceae,,Utricularia,,"prehensilis",,"","E.Mey.",Accepted,,M,WCSP (in review),587186,527021-1,"Comm. Pl. Afr. Austr.","282","","1838"
tro-18300049,A,Lentibulariaceae,,Utricularia,,"prolonga",,"","A. St.-Hil.",Unresolved,,L,TRO,18300049,,"","","",""
kew-2449647,A,Lentibulariaceae,,Utricularia,,"ptemcalycina",,"","O.Schwarz",Unresolved,,L,WCSP (in review),587189,,"Repert. Spec. Nov. Regni Veg.","24: 97","","1927"
kew-2450537,A,Lentibulariaceae,,Utricularia,,"pterocalycina",,"","O.Schwarz",Unresolved,,L,WCSP (in review),588066,527024-1,"Repert. Spec. Nov. Regni Veg.","24: 97","","1927"
kew-2449650,A,Lentibulariaceae,,Utricularia,,"pubescens",,"","Sm.",Accepted,,M,WCSP (in review),587192,527027-1,"Cycl.","37: no. 53","","1818"
tro-50188539,A,Lentibulariaceae,,Utricularia,,"pulchra",,"","P. Taylor",Accepted,,M,TRO,50188539,527030-1,"Fl. Males. Bull.","8: 290","290","1977"
tro-50061668,A,Lentibulariaceae,,Utricularia,,"punctata",,"","Wall. ex A. DC.",Accepted,,M,TRO,50061668,,"Prodr.","8: 5","5","1844"
tro-18300098,A,Lentibulariaceae,,Utricularia,,"purpurea",,"","Walter",Accepted,,M,TRO,18300098,30033844-2,"Fl. Carol.","64","64","1788"
tro-18300416,A,Lentibulariaceae,,Utricularia,,"purpureocaerulea",,"","A. St.-Hil. & Girard",Accepted,,M,TRO,18300416,527039-1,"Compt. Rend. Hebd. Séances Acad. Sci.","7: 869","869","1838"
kew-2449625,A,Lentibulariaceae,,Utricularia,,"pusilla",,"","Vahl",Accepted,,M,WCSP (in review),587167,527040-1,"Enum. Pl.","1: 202","","1804"
kew-2449821,A,Lentibulariaceae,,Utricularia,,"quelchii",,"","N.E.Br.",Accepted,,M,WCSP (in review),587363,527044-1,"Trans. Linn. Soc. London, Bot.","6: 53","","1901"
tro-50187523,A,Lentibulariaceae,,Utricularia,,"quinquedentata",,"","F. Muell. ex P. Taylor",Accepted,,M,TRO,50187523,929341-1,"Kew Bull.","41: 4","4","1986"
tro-18300100,A,Lentibulariaceae,,Utricularia,,"radiata",,"","Small",Accepted,,M,TRO,18300100,260836-2,"Fl. S.E. U.S.","1090","1090","1903"
kew-2449799,A,Lentibulariaceae,,Utricularia,,"ramosa",,"","Vahl",Unresolved,,L,WCSP (in review),587341,527049-1,"Enum. Pl.","1: 204","","1804"
tro-50189079,A,Lentibulariaceae,,Utricularia,,"raynalii",,"","P. Taylor",Accepted,,M,TRO,50189079,929366-1,"Kew Bull.","41: 17","17","1986"
kew-2449804,A,Lentibulariaceae,,Utricularia,,"reflexa",,"","Oliv.",Accepted,,M,WCSP (in review),587346,527052-1,"J. Linn. Soc., Bot.","9: 146","","1867"
tro-100352290,A,Lentibulariaceae,,Utricularia,,"regia",,"","Zamudio & Olvera",Accepted,,M,TRO,100352290,60452899-2,"Brittonia","61(2): 119–124, f. 1–2","119","2009"
tro-18300052,A,Lentibulariaceae,,Utricularia,,"reniformis",,"","A. St.-Hil.",Accepted,,M,TRO,18300052,527056-1,"Voy. Rio de Janeiro & Minas Gerais","1: 224","224","1830"
tro-18300007,A,Lentibulariaceae,,Utricularia,,"resupinata",,"","B.D. Greene ex Bigelow",Accepted,,M,TRO,18300007,260838-2,"Fl. Boston. (ed. 3)","10","10","1840"
tro-50188068,A,Lentibulariaceae,,Utricularia,,"reticulata",,"","Sm.",Accepted,,M,TRO,50188068,527058-1,"Exot. Bot.","2: 119, t. 119","119","1808"
kew-2449788,A,Lentibulariaceae,,Utricularia,,"rhodocnemis",,"","Mart. ex Benj.",Unresolved,,L,WCSP (in review),587330,527059-1,"Fl. Bras.","10: 237","","1847"
tro-50187528,A,Lentibulariaceae,,Utricularia,,"rhododactylos",,"","P. Taylor",Accepted,,M,TRO,50187528,929342-1,"Kew Bull.","41: 5","5","1986"
kew-2449784,A,Lentibulariaceae,,Utricularia,,"rigida",,"","Benj.",Accepted,,M,WCSP (in review),587326,527062-1,"Linnaea","20: 303","","1847"
tro-50188997,A,Lentibulariaceae,,Utricularia,,"robbinsii",,"","(Alph. Wood) Alph. Wood",Accepted,,M,TRO,50188997,260839-2,"Amer. Bot. Fl.","216","216","1870"
kew-2897696,A,Lentibulariaceae,,Utricularia,,"rostrata",,"","A.Fleischm. & Rivadavia",Unresolved,,L,WCSP (in review),1020523,,"Kew Bull.","64: 155","","2009"
kew-2449809,A,Lentibulariaceae,,Utricularia,,"rotundifolia",,"","Merl ex Luetzelb.",Unresolved,,L,WCSP (in review),587351,262061-2,"Estud. Bot. Nordéste","3: 221","","1926"
kew-2449830,A,Lentibulariaceae,,Utricularia,,"roxburghii",,"","Spreng.",Unresolved,,L,WCSP (in review),587372,527070-1,"Syst. Veg.","1: 52","","1824"
kew-2449826,A,Lentibulariaceae,,Utricularia,,"saccata",,"","Leconte",Unresolved,,L,WCSP (in review),587368,30178207-2,"Sketch Bot. S. Carolina","1: 21","","1816"
kew-2449837,A,Lentibulariaceae,,Utricularia,,"saharunporensis",,"","Royle ex Oliv.",Unresolved,,L,WCSP (in review),587379,527076-1,"J. Proc. Linn. Soc., Bot.","3: 176","","1859"
tro-50061660,A,Lentibulariaceae,,Utricularia,,"salwinensis",,"","Hand.-Mazz.",Accepted,,M,TRO,50061660,527077-1,"Symb. Sin.","7(4): 873–874, pl. 24, f. 11","873","1936"
tro-18300151,A,Lentibulariaceae,,Utricularia,,"sandersonii",,"","Oliv.",Accepted,,M,TRO,18300151,527080-1,"J. Linn. Soc., Bot.","9: 155","155","1865"
kew-2449834,A,Lentibulariaceae,,Utricularia,,"sandwithii",,"","P.Taylor",Accepted,,M,WCSP (in review),587376,260843-2,"Mem. New York Bot. Gard.","17(1): 218","","1967"
kew-2449836,A,Lentibulariaceae,,Utricularia,,"saudadensis",,"","Merl ex Luetzelb.",Unresolved,,L,WCSP (in review),587378,262063-2,"Estud. Bot. Nordéste","3: 222","","1926"
kew-2449815,A,Lentibulariaceae,,Utricularia,,"scandens",,"","Benj.",Accepted,,M,WCSP (in review),587357,527085-1,"Linnaea","20: 309","","1847"
tro-50162059,A,Lentibulariaceae,,Utricularia,,"scandens",subsp.,"firmula","(Oliv.) Z. Yu Li",Accepted,,L,TRO,50162059,954304-1,"Bull. Bot. Res., Harbin","8(2): 29–30","29","1988"
kew-2885272,A,Lentibulariaceae,,Utricularia,,"scandens",subsp.,"schweinfurthii","(Baker ex Stapf) P.Taylor",Accepted,,L,WCSP (in review),1009064,,"Taxon","12: 294","","1963"
kew-2449822,A,Lentibulariaceae,,Utricularia,,"schultesii",,"","A.Fernández",Accepted,,M,WCSP (in review),587364,260845-2,"Caldasia","9: 39","","1964"
kew-2609102,A,Lentibulariaceae,,Utricularia,,"simmonsii",,"","Lowrie, Cowie & Conran",Unresolved,,L,WCSP (in review),742058,,"Telopea","12: 32","","2008"
tro-50187573,A,Lentibulariaceae,,Utricularia,,"simplex",,"","R. Br.",Accepted,,M,TRO,50187573,527101-1,"Prodr.","431","431","1810"
kew-2449745,A,Lentibulariaceae,,Utricularia,,"simulans",,"","Pilg.",Accepted,,M,WCSP (in review),587287,260847-2,"Notizbl. Königl. Bot. Gart. Berlin","6: 189","","1914"
tro-18300313,A,Lentibulariaceae,,Utricularia,,"singeriana",,"","F. Muell.",Accepted,,M,TRO,18300313,,"J. & Proc. Roy. Soc. New South Wales","24: 76, 176","76","1890"
tro-50188100,A,Lentibulariaceae,,Utricularia,,"smithiana",,"","Wight",Accepted,,M,TRO,50188100,527107-1,"Hooker's J. Bot. Kew Gard. Misc.","1: 373","373","1849"
kew-2905324,A,Lentibulariaceae,,Utricularia,,"spinomarginata",,"","Suksathan & J.Parn.",Unresolved,,L,WCSP (in review),1027780,77110064-1,"Thai Forest Bull., Bot.","38: 27","","2010"
kew-2449727,A,Lentibulariaceae,,Utricularia,,"spiralis",,"","Sm.",Accepted,,M,WCSP (in review),587269,527116-1,"Cycl.","37: no. 5","","1818"
kew-2449725,A,Lentibulariaceae,,Utricularia,,"spiricaulis",,"","Miq. ex Oliv.",Unresolved,,L,WCSP (in review),587267,527118-1,"J. Proc. Linn. Soc., Bot.","3: 180","","1859"
kew-2449723,A,Lentibulariaceae,,Utricularia,,"spruceana",,"","Benth. ex Oliv.",Accepted,,M,WCSP (in review),587265,527120-1,"J. Proc. Linn. Soc., Bot.","4: 173","","1860"
tro-50127661,A,Lentibulariaceae,,Utricularia,,"stanfieldii",,"","P. Taylor",Accepted,,M,TRO,50127661,527123-1,"Taxon","12: 294","294","1963"
kew-2449719,A,Lentibulariaceae,,Utricularia,,"stapfiana",,"","Mildbr.",Unresolved,,L,WCSP (in review),587261,527124-1,"Wiss. Erg. Zweit. Deut. Zentr.-Afr. Exped., Bot.","2: 80","","1922"
tro-50188528,A,Lentibulariaceae,,Utricularia,,"steenisii",,"","P. Taylor",Accepted,,M,TRO,50188528,929360-1,"Kew Bull.","41: 13","13","1986"
kew-2449717,A,Lentibulariaceae,,Utricularia,,"stellaris",,"","L.f.",Accepted,,M,WCSP (in review),587259,527125-1,"Suppl. Pl.","86","","1782"
kew-2449760,A,Lentibulariaceae,,Utricularia,,"steyermarkii",,"","P.Taylor",Accepted,,M,WCSP (in review),587302,260851-2,"Acta Bot. Venez.","2: 326","","1967"
tro-50127027,A,Lentibulariaceae,,Utricularia,,"striata",,"","Leconte ex Torr.",Accepted,,M,TRO,50127027,,"Cat. Pl. New York","89","89","1819"
kew-2449763,A,Lentibulariaceae,,Utricularia,,"striatula",,"","Sm.",Accepted,,M,WCSP (in review),587305,527130-1,"Cycl.","37: no. 17","","1818"
kew-2449766,A,Lentibulariaceae,,Utricularia,,"strumosa",,"","Sol. ex Stapf",Unresolved,,L,WCSP (in review),587308,527133-1,"Fl. Cap.","4(2): 429","","1904"
kew-2449776,A,Lentibulariaceae,,Utricularia,,"stygia",,"","G.Thor",Unresolved,,L,WCSP (in review),587318,934921-1,"Nordic J. Bot.","8: 219","","1988"
kew-2449770,A,Lentibulariaceae,,Utricularia,,"subramanyamii",,"","Janarth. & A.N.Henry",Unresolved,,L,WCSP (in review),587312,959868-1,"J. Bombay Nat. Hist. Soc.","87: 441","","1990 publ. 1991"
kew-2449773,A,Lentibulariaceae,,Utricularia,,"subulata",,"","L.",Accepted,,M,WCSP (in review),587315,260854-2,"Sp. Pl.","18","","1753"
kew-2449774,A,Lentibulariaceae,,Utricularia,,"sumatrana",,"","Miq.",Unresolved,,L,WCSP (in review),587316,527139-1,"Fl. Ned. Ind.","2: 998","","1859"
tro-18300288,A,Lentibulariaceae,,Utricularia,,"tenella",,"","R. Br.",Accepted,,M,TRO,18300288,527142-1,"Prodr.","432","432","1810"
kew-2449753,A,Lentibulariaceae,,Utricularia,,"tenuissima",,"","Tutin",Accepted,,M,WCSP (in review),587295,260860-2,"J. Bot.","72: 334","","1934"
tro-18300303,A,Lentibulariaceae,,Utricularia,,"terrae-reginae",,"","P. Taylor",Accepted,,M,TRO,18300303,929343-1,"Kew Bull.","41: 5","5","1986"
kew-2449749,A,Lentibulariaceae,,Utricularia,,"tertia",,"","Salzm. ex A.St.-Hil. & Girard",Unresolved,,L,WCSP (in review),587291,527151-1,"Ann. Sci. Nat., Bot.","II, 11: 158","","1839"
tro-50127663,A,Lentibulariaceae,,Utricularia,,"tetraloba",,"","P. Taylor",Accepted,,M,TRO,50127663,527152-1,"Taxon","12: 293","293","1963"
kew-2449425,A,Lentibulariaceae,,Utricularia,,"tortilis",,"","Welw. ex Oliv.",Accepted,,M,WCSP (in review),586967,527156-1,"J. Linn. Soc., Bot.","9: 150","","1867"
kew-2449429,A,Lentibulariaceae,,Utricularia,,"tremula",,"","Salzm. ex A.St.-Hil. & Girard",Unresolved,,L,WCSP (in review),586971,527160-1,"Ann. Sci. Nat., Bot.","II, 11: 155","","1839"
kew-2449424,A,Lentibulariaceae,,Utricularia,,"trichophylla",,"","Spruce ex Oliv.",Accepted,,M,WCSP (in review),586966,527163-1,"J. Proc. Linn. Soc., Bot.","4: 173","","1860"
kew-2449433,A,Lentibulariaceae,,Utricularia,,"trichoschiza",,"","Stapf",Unresolved,,L,WCSP (in review),586975,527164-1,"Fl. Trop. Afr.","4(2): 488","","1906"
kew-2449434,A,Lentibulariaceae,,Utricularia,,"tricolor",,"","A.St.-Hil.",Accepted,,M,WCSP (in review),586976,527165-1,"Voy. Distr. Diam.","2: 418","","1833"
tro-18300312,A,Lentibulariaceae,,Utricularia,,"tridactyla",,"","P. Taylor",Accepted,,M,TRO,18300312,929344-1,"Kew Bull.","41: 5","5","1986"
tro-50158728,A,Lentibulariaceae,,Utricularia,,"tridentata",,"","Sylvén",Accepted,,M,TRO,50158728,527167-1,"Ark. Bot.","8: 28","28","1908"
tro-18300310,A,Lentibulariaceae,,Utricularia,,"triflora",,"","P. Taylor",Accepted,,M,TRO,18300310,929345-1,"Kew Bull.","41: 5","5","1986"
kew-2449432,A,Lentibulariaceae,,Utricularia,,"triloba",,"","Benj.",Accepted,,M,WCSP (in review),586974,527168-1,"Fl. Bras.","10: 248","","1847"
tro-18300369,A,Lentibulariaceae,,Utricularia,,"troupinii",,"","P. Taylor",Accepted,,M,TRO,18300369,,"Bull. Jard. Bot. Belg.","41: 289","289","1971"
tro-18300315,A,Lentibulariaceae,,Utricularia,,"tubulata",,"","F. Muell.",Accepted,,M,TRO,18300315,527173-1,"Fragm.","9: 48","48","1875"
tro-50162061,A,Lentibulariaceae,,Utricularia,,"uliginosa",,"","Vahl",Accepted,,M,TRO,50162061,527176-1,"Enum. Pl.","1: 203","203","1804"
tro-18300306,A,Lentibulariaceae,,Utricularia,,"uniflora",,"","R. Br.",Accepted,,M,TRO,18300306,527179-1,"Prodr.","431","431","1810"
kew-2449411,A,Lentibulariaceae,,Utricularia,,"unifolia",,"","Ruiz & Pav.",Accepted,,M,WCSP (in review),586953,527180-1,"Fl. Peruv.","1: 20","","1798"
tro-50290280,A,Lentibulariaceae,,Utricularia,,"uxoris",,"","Gómez-Laur.",Accepted,,M,TRO,50290280,60440693-2,"Lankesteriana","5(2): 137–139, f.1A–H","137","2005"
kew-2449460,A,Lentibulariaceae,,Utricularia,,"villosula",,"","Stapf",Accepted,,M,WCSP (in review),587002,527188-1,"Fl. Trop. Afr.","4(2): 490","","1906"
tro-18300301,A,Lentibulariaceae,,Utricularia,,"violacea",,"","R. Br.",Accepted,,M,TRO,18300301,527189-1,"Prodr.","431","431","1810"
kew-2449464,A,Lentibulariaceae,,Utricularia,,"viscosa",,"","Spruce ex Oliv.",Accepted,,M,WCSP (in review),587006,527192-1,"J. Proc. Linn. Soc., Bot.","4: 172","","1860"
tro-50188466,A,Lentibulariaceae,,Utricularia,,"vitellina",,"","Ridl.",Accepted,,M,TRO,50188466,527193-1,"Fl. Malay. Penin.","2: 492","492","1923"
tro-18300297,A,Lentibulariaceae,,Utricularia,,"volubilis",,"","R. Br.",Accepted,,M,TRO,18300297,527195-1,"Prodr.","430","430","1810"
kew-2449461,A,Lentibulariaceae,,Utricularia,,"vulgaris",,"","L.",Accepted,,M,WCSP (in review),587003,527199-1,"Sp. Pl.","18","","1753"
kew-2450382,A,Lentibulariaceae,,Utricularia,,"vulgaris",subsp.,"macrorhiza","(Leconte) R.T.Clausen",Accepted,,L,WCSP (in review),587913,260872-2,"Cornell Univ. Agric. Exp. Sta. Mem.","291: 9","","1949"
tro-50187614,A,Lentibulariaceae,,Utricularia,,"warburgii",,"","K.I. Goebel",Accepted,,M,TRO,50187614,,"Ann. Jard. Bot. Buitenzorg","9: 66","66","1890"
kew-2449447,A,Lentibulariaceae,,Utricularia,,"warmingii",,"","Kamieński",Accepted,,M,WCSP (in review),586989,260873-2,"Ber. Deutsch. Bot. Ges.","12: 7","","1894"
kew-2449446,A,Lentibulariaceae,,Utricularia,,"welwitschii",,"","Oliv.",Accepted,,M,WCSP (in review),586988,527205-1,"J. Linn. Soc., Bot.","9: 152","","1867"
tro-18300343,A,Lentibulariaceae,,Utricularia,,"welwitschii",var.,"odontosepala","(Stapf) P. Taylor",Accepted,,L,TRO,18300343,,"Kew Bull.","18(1): 148","148","1964"
tro-18300290,A,Lentibulariaceae,,Utricularia,,"westonii",,"","P. Taylor",Accepted,,M,TRO,18300290,929331-1,"Kew Bull.","41: 2","2","1986"
tro-50188102,A,Lentibulariaceae,,Utricularia,,"wightiana",,"","P. Taylor",Accepted,,M,TRO,50188102,940814-1,"Kew Bull.","41: 10","10","1986"
kew-2451816,A,Lentibulariaceae,,Vesiculina,,"saccata",,"","Raf.",Unresolved,,L,WCSP (in review),589334,527215-1,"Fl. Tellur.","4: 109","","1838"
