﻿ID,Major group,Family,Genus hybrid marker,Genus,Species hybrid marker,Species,Infraspecific rank,Infraspecific epithet,Authorship,Taxonomic status in TPL,Nomenclatural status from original data source,Confidence level,Source,Source id,IPNI id,Publication,Collation,Page,Date
tro-35205136,B,Lepicoleaceae,,Leperoma,,"scolopendra",,"","(Hook.) Bastow",Accepted,,M,TRO,35205136,,"Pap. & Proc. Roy. Soc. Tasmania","1887: 249","249","1888"
tro-35205143,B,Lepicoleaceae,,Lepicolea,,"abnormis",,"","Stephani",Unresolved,,L,TRO,35205143,,"Kongl. Svenska Vetensk. Acad. Handl., n.s.","46(9): 72","72","1911"
tro-35205144,B,Lepicoleaceae,,Lepicolea,,"algoides",,"","Stephani",Unresolved,,L,TRO,35205144,,"Kongl. Svenska Vetensk. Acad. Handl., n.s.","46(9): 73","73","1911"
tro-35205145,B,Lepicoleaceae,,Lepicolea,,"attenuata",,"","(Mitt.) Stephani",Accepted,,M,TRO,35205145,,"J. Linn. Soc., Bot.","29: 276","276","1892"
tro-35205146,B,Lepicoleaceae,,Lepicolea,,"boliviensis",,"","Steph.",Accepted,,M,TRO,35205146,,"Biblioth. Bot.","87: 228. f. 171","228","1916"
tro-35205147,B,Lepicoleaceae,,Lepicolea,,"fissa",,"","Stephani",Unresolved,,L,TRO,35205147,,"Sp. Hepat.","6: 364","364","1922"
tro-35205148,B,Lepicoleaceae,,Lepicolea,,"flaccida",,"","Stephani",Unresolved,,L,TRO,35205148,,"Sp. Hepat.","6: 365","365","1922"
tro-35205153,B,Lepicoleaceae,,Lepicolea,,"georgica",,"","Stephani",Unresolved,,L,TRO,35205153,,"Kongl. Svenska Vetensk. Acad. Handl., n.s.","46(9): 73","73","1911"
tro-35205154,B,Lepicoleaceae,,Lepicolea,,"herzogiana",,"","Steph.",Accepted,,M,TRO,35205154,,"Biblioth. Bot.","87: 229. f. 172","229","1916"
tro-35205155,B,Lepicoleaceae,,Lepicolea,,"longifissa",,"","Stephani",Unresolved,,L,TRO,35205155,,"Sp. Hepat.","6: 364","364","1922"
tro-35205156,B,Lepicoleaceae,,Lepicolea,,"loriana",,"","Stephani",Unresolved,,L,TRO,35205156,,"Sp. Hepat.","6: 363","363","1922"
tro-35202022,B,Lepicoleaceae,,Lepicolea,,"magellanica",,"","(Gola) Solari",Accepted,,M,TRO,35202022,,"Lindbergia","9: 86","86","1983"
tro-35207146,B,Lepicoleaceae,,Lepicolea,,"norrisii",,"","Piippo",Accepted,,M,TRO,35207146,,"Ann. Bot. Fenn.","25: 55. f. 1","55","1988"
tro-35187479,B,Lepicoleaceae,,Lepicolea,,"ochroleuca",,"","(L. f. ex Spreng.) Spruce",Accepted,,M,TRO,35187479,,"Trans. & Proc. Bot. Soc. Edinburgh","15: 345","345","1885"
tro-35205157,B,Lepicoleaceae,,Lepicolea,,"ochroleuca",var.,"nana","(Nees) Schiffner",Accepted,,L,TRO,35205157,,"Consp. Hepat. Arch. Ind.","201","201","1898"
tro-35205159,B,Lepicoleaceae,,Lepicolea,,"ochroleuca",var.,"piligera","(De Not.) Massari",Accepted,,L,TRO,35205159,,"Atti Reale Ist. Veneto Sci. Lett. Arti","87(2): 223","223","1928"
tro-35205160,B,Lepicoleaceae,,Lepicolea,,"ochroleuca",var.,"seriata","(Herzog) Herzog",Accepted,,L,TRO,35205160,,"Nat. Hist. Juan Fernandez","2: 728","728","1942"
tro-35205161,B,Lepicoleaceae,,Lepicolea,,"ochroleuca",var.,"tenerior","(Nees) Schiffner",Accepted,,L,TRO,35205161,,"Consp. Hepat. Arch. Ind.","201","201","1898"
tro-35205162,B,Lepicoleaceae,,Lepicolea,,"ochroleuca",var.,"viridis","(Nees) Schiffner",Accepted,,L,TRO,35205162,,"Consp. Hepat. Arch. Ind.","201","201","1898"
tro-35203974,B,Lepicoleaceae,,Lepicolea,,"pruinosa",,"","(Taylor) Spruce",Accepted,,M,TRO,35203974,,"Trans. & Proc. Bot. Soc. Edinburgh","15: 345","345","1885"
tro-35205163,B,Lepicoleaceae,,Lepicolea,,"pruinosa",var.,"aequabilis","(Taylor) Spruce",Accepted,,L,TRO,35205163,,"Trans. & Proc. Bot. Soc. Edinburgh","15: 346","346","1885"
tro-35205212,B,Lepicoleaceae,,Lepicolea,,"ramenifissa",,"","Herzog",Unresolved,,L,TRO,35205212,,"Biblioth. Bot.","88: 30","30","1920"
tro-35205213,B,Lepicoleaceae,,Lepicolea,,"rara",,"","(Stephani) Grolle",Accepted,,M,TRO,35205213,,"Nova Hedwigia","16: 152","152","1968"
tro-35190214,B,Lepicoleaceae,,Lepicolea,,"rigida",,"","(De Not.) G.A.M. Scott",Accepted,,M,TRO,35190214,,"Nova Hedwigia","2: 148","148","1960"
tro-35203102,B,Lepicoleaceae,,Lepicolea,,"scolopendra",,"","(Hook.) Dumort. ex Trevis.",Accepted,,M,TRO,35203102,,"Mem. Reale Ist. Lombardo Sci., Ser. 3, Cl. Sci. Mat.","4: 398","398","1877"
tro-35205215,B,Lepicoleaceae,,Lepicolea,,"simplicior",,"","Herzog",Unresolved,,L,TRO,35205215,,"Ann. Bryol.","5: 81","81","1932"
tro-35205217,B,Lepicoleaceae,,Lepicolea,,"yakusimensis",,"","(S. Hatt.) S. Hatt.",Accepted,,M,TRO,35205217,,"J. Hattori Bot. Lab.","10: 42","42","1953"
tro-35205921,B,Lepicoleaceae,,Mastigophora,,"bisseti",,"","Mitt.",Accepted,,M,TRO,35205921,,"Trans. Linn. Soc. London, Bot.","3: 200","200","1891"
tro-35208826,B,Lepicoleaceae,,Mastigophora,,"caledonica",,"","Stephani",Accepted,,M,TRO,35208826,,"Stud. Handb. Brit. Hepat. (ed. 2)","","",""
tro-35207777,B,Lepicoleaceae,,Mastigophora,,"chordulifera",,"","(Taylor) Trevis.",Accepted,,M,TRO,35207777,,"Mem. Reale Ist. Lombardo Sci., Ser. 3, Cl. Sci. Mat.","4: 397","397","1877"
tro-35216257,B,Lepicoleaceae,,Mastigophora,,"mascarenica",,"","(Mitt.) Stephani",Accepted,,M,TRO,35216257,,"Rev. Bryol.","18: 58","58","1891"
tro-35212594,B,Lepicoleaceae,,Mastigophora,,"parvifolia",,"","Stephani",Unresolved,,L,TRO,35212594,,"Sp. Hepat.","6: 367","367","1922"
tro-35189281,B,Lepicoleaceae,,Mastigophora,,"tuberculata",,"","D.H. Mill. & H.A. Mill.",Accepted,,M,TRO,35189281,,"J. Hattori Bot. Lab.","75: 181. f. 1","181","1994"
tro-35185626,B,Lepicoleaceae,,Mastigophora,,"woodsii",,"","(Hook.) Nees",Accepted,,M,TRO,35185626,,"Naturgesch. Eur. Leberm.","3: 95","95","1838"
