﻿ID,Major group,Family,Genus hybrid marker,Genus,Species hybrid marker,Species,Infraspecific rank,Infraspecific epithet,Authorship,Taxonomic status in TPL,Nomenclatural status from original data source,Confidence level,Source,Source id,IPNI id,Publication,Collation,Page,Date
tro-35186144,B,Leskeaceae,,Bryonorrisia,,"acutifolia",,"","(Mitt.) Enroth",Accepted,,M,TRO,35186144,,"J. Bryol.","16: 407","407","1991"
tro-35183218,B,Leskeaceae,,Bryonorrisia,,"secunda",,"","(Dixon & Badhw.) L. R. Stark & W.R. Buck",Accepted,,M,TRO,35183218,,"Brittonia","38: 52","52","1986"
tro-35186357,B,Leskeaceae,,Chileobryon,,"callicostelloides",,"","(Broth. ex Thér.) Enroth",Accepted,,M,TRO,35186357,,"Nova Hedwigia","54: 138","138","1992"
tro-35162289,B,Leskeaceae,,Duthiella,,"declinata",,"","(Mitt.) Zanten",Accepted,,M,TRO,35162289,,"Blumea","9: 559. 9 f. 3","559","1959"
tro-35133635,B,Leskeaceae,,Duthiella,,"flaccida",,"","(Cardot) Broth.",Accepted,,M,TRO,35133635,,"Nat. Pflanzenfam.","I(3): 1010","1010","1908"
tro-35162291,B,Leskeaceae,,Duthiella,,"flaccida",var.,"rigida","(Broth.) Zanten",Accepted,,L,TRO,35162291,,"Blumea","9: 568. 11 f. 3c, d","568","1959"
tro-35133637,B,Leskeaceae,,Duthiella,,"formosana",,"","Nog.",Accepted,,M,TRO,35133637,,"Trans. Nat. Hist. Soc. Taiwan","24: 469. 1","469","1934"
tro-35133638,B,Leskeaceae,,Duthiella,,"guilbertii",,"","Thér. & P. de la Varde",Accepted,,M,TRO,35133638,,"Rev. Bryol. Lichénol.","15: 146","146","1945"
tro-35133642,B,Leskeaceae,,Duthiella,,"media",,"","Nog.",Accepted,,M,TRO,35133642,,"J. Hattori Bot. Lab.","2: 61. 14","61","1947"
tro-35133644,B,Leskeaceae,,Duthiella,,"myuriiformis",,"","Sakurai",Accepted,,M,TRO,35133644,,"Bot. Mag. (Tokyo)","50: 518. 6","518","1936"
tro-35133649,B,Leskeaceae,,Duthiella,,"robusta",,"","Nog.",Accepted,,M,TRO,35133649,,"Trans. Nat. Hist. Soc. Taiwan","24: 470, 2","470","1936"
tro-35133650,B,Leskeaceae,,Duthiella,,"speciosissima",,"","Broth. ex Cardot",Accepted,,M,TRO,35133650,,"Bull. Soc. Bot. Genève","5: 317","317","1913"
tro-35133652,B,Leskeaceae,,Duthiella,,"wallichii",,"","(Mitt.) Müll. Hal.",Accepted,,M,TRO,35133652,,"Nat. Pflanzenfam.","I(3): 1010. 733","1010","1908"
tro-35180041,B,Leskeaceae,,Fabroleskea,,"austinii",,"","(Sull.) Best",Accepted,,M,TRO,35180041,,"Bull. Torrey Bot. Club","25: 108","108","1898"
tro-35167860,B,Leskeaceae,,Fabronidium,,"guatemaliense",,"","(Müll. Hal.) W.R. Buck",Accepted,,M,TRO,35167860,,"Brittonia","33: 474","474","1981"
tro-35169280,B,Leskeaceae,,Habrodon,,"kashmiriensis",,"","Vohra",Accepted,,M,TRO,35169280,,"Bull. Bot. Surv. India","11: 70. f. 1–10","70","1969"
tro-35148073,B,Leskeaceae,,Habrodon,,"perpusillus",,"","(De Not.) Lindb.",Accepted,,M,TRO,35148073,,"Öfvers. Förh. Kongl. Svenska Vetensk.-Akad.","20: 401","401","1863"
tro-35148076,B,Leskeaceae,,Habrodon,,"perpusillus",var.,"subenervium","(Spruce) Bott.",Accepted,,L,TRO,35148076,,"Webbia","2: 381","381","1907"
tro-35129709,B,Leskeaceae,,Ishibaea,,"japonica",,"","Broth. & S. Okamura",Unresolved,,L,TRO,35129709,,"Bot. Mag. (Tokyo)","29: 186. pl. 8","186","1915"
tro-35140772,B,Leskeaceae,,Iwatsukiella,,"leucotricha",,"","(Mitt.) W.R. Buck & H.A. Crum",Accepted,,M,TRO,35140772,,"J. Hattori Bot. Lab.","44: 352","352","1978"
tro-35183936,B,Leskeaceae,,Lescuraea,,"arizonae",,"","(R.S. Williams) P.S. Wilson & D.H. Norris",Accepted,,M,TRO,35183936,,"Bryologist","92: 395","395","1989"
tro-35139406,B,Leskeaceae,,Lescuraea,,"atricha",,"","(Kindb.) E. Lawton",Accepted,,M,TRO,35139406,,"Bull. Torrey Bot. Club","84: 306. 60–65","306","1957"
tro-35139407,B,Leskeaceae,,Lescuraea,,"atrovirens",,"","(Dicks. ex Brid.) Kindb.",Accepted,,M,TRO,35139407,,"Rev. Bryol.","12: 29","29","1885"
tro-35139411,B,Leskeaceae,,Lescuraea,,"baileyi",,"","(Best & Grout) E. Lawton",Accepted,,M,TRO,35139411,,"Bull. Torrey Bot. Club","84: 342 84–95","342 84","1957"
tro-35139416,B,Leskeaceae,,Lescuraea,,"chilensis",,"","Herzog",Accepted,,M,TRO,35139416,,"Rev. Bryol. Lichénol.","23: 87. 24","87","1954"
tro-35140796,B,Leskeaceae,,Lescuraea,,"darjeelingensis",,"","Vohra",Accepted,,M,TRO,35140796,,"Bull. Bot. Surv. India","20: 150. pl. 1","150","1978"
tro-35130169,B,Leskeaceae,,Lescuraea,,"filamentosa",,"","(Dicks. ex With.) Lindb.",Accepted,,M,TRO,35130169,,"Musci Scand.","36","36","1879"
tro-35130172,B,Leskeaceae,,Lescuraea,,"glacialis",,"","J.J. Amann",Accepted,,M,TRO,35130172,,"Bull. Murith. Soc. Valais. Sci. Nat.","40: 53","53","1919"
tro-35139426,B,Leskeaceae,,Lescuraea,,"gracillima",,"","(Taylor) Spruce",Accepted,,M,TRO,35139426,,"Cat. Musc.","21","21","1867"
tro-35139427,B,Leskeaceae,,Lescuraea,,"iliamniana",,"","E. Lawton",Accepted,,M,TRO,35139427,,"Bull. Torrey Bot. Club","84: 349. f. 108–118","349","1957"
tro-35139428,B,Leskeaceae,,Lescuraea,,"imperfecta",,"","Müll. Hal. & Kindb.",Accepted,,M,TRO,35139428,,"Cat. Canad. Pl., Musci","170","170","1892"
tro-35139429,B,Leskeaceae,,Lescuraea,,"incurvata",,"","(Hedw.) E. Lawton",Accepted,,M,TRO,35139429,,"Bull. Torrey Bot. Club","84: 290. pl. 15: f. 29","290","1957"
tro-35162787,B,Leskeaceae,,Lescuraea,,"incurvata",var.,"subnitidula","(Lindb.) Wijk & Margad.",Accepted,,L,TRO,35162787,,"Taxon","17: 467","467","1968"
tro-35139431,B,Leskeaceae,,Lescuraea,,"incurvata",var.,"tenuiretis","(Culm.) E. Lawton",Accepted,,L,TRO,35139431,,"Bull. Torrey Bot. Club","84: 294. 26–27","294","1957"
tro-35139432,B,Leskeaceae,,Lescuraea,,"insignis",,"","De Not.",Unresolved,,L,TRO,35139432,,"Atti Reale Univ. Genova","1: 216","216","1869"
tro-35139433,B,Leskeaceae,,Lescuraea,,"interrupta",,"","(Besch.) Broth. ex Paris",Accepted,,M,TRO,35139433,,"Coll. Nom. Broth.","18","18","1909"
tro-35139434,B,Leskeaceae,,Lescuraea,,"julacea",,"","Besch. & Cardot",Accepted,,M,TRO,35139434,,"Bull. Soc. Bot. Genève","3: 284","284","1911"
tro-35140797,B,Leskeaceae,,Lescuraea,,"laevifolia",,"","(Mitt.) R.S. Chopra",Accepted,,M,TRO,35140797,,"Bryologist","80: 544","544","1977"
tro-35139435,B,Leskeaceae,,Lescuraea,,"longipes",,"","Broth. & Paris",Accepted,,M,TRO,35139435,,"Bull. Herb. Boissier, sér. 2,","2: 930","930","1902"
tro-35182618,B,Leskeaceae,,Lescuraea,,"morrisonensis",,"","(Takaki) Nog. & Takaki",Accepted,,M,TRO,35182618,,"Yushania","2: 23","23","1985"
tro-35130175,B,Leskeaceae,,Lescuraea,,"mutabilis",,"","(Brid.) Lindb.",Accepted,,M,TRO,35130175,,"Contr. Fl. Crypt. As.","247","247","1872"
tro-35169630,B,Leskeaceae,,Lescuraea,,"mutabilis",var.,"iwateana","(Iisiba) Z. Iwats. & Nog.",Accepted,,L,TRO,35169630,,"J. Jap. Bot.","48: 216","216","1973"
tro-35139439,B,Leskeaceae,,Lescuraea,,"mutabilis",var.,"saxicola","(Schimp.) I. Hagen",Accepted,,L,TRO,35139439,,"Kongel. Norske Vidensk. Selsk. Skr. (Trondheim)","1908(9): 53","53","1909"
tro-35214748,B,Leskeaceae,,Lescuraea,,"pallida",,"","(Best) D.H. Norris & Shevock",Accepted,,M,TRO,35214748,,"Madroño","51: 74","74","2004"
tro-35139441,B,Leskeaceae,,Lescuraea,,"patens",,"","Lindb.",Accepted,,M,TRO,35139441,,"Meddeland. Soc. Fauna Fl. Fenn.","14: 75","75","1888"
tro-35130177,B,Leskeaceae,,Lescuraea,,"plicata",,"","(Schleich. ex F. Weber & D. Mohr) Lindb.",Accepted,,M,TRO,35130177,,"Musci Scand.","36","36","1879"
tro-35139443,B,Leskeaceae,,Lescuraea,,"radicosa",,"","(Mitt.) Mönk.",Accepted,,M,TRO,35139443,,"Laubm. Eur.","693","693","1927"
tro-35139447,B,Leskeaceae,,Lescuraea,,"radicosa",var.,"pfundtneri","(Limpr.) Mönk.",Accepted,,L,TRO,35139447,,"Laubm. Eur.","693. 155e","693","1927"
tro-35140798,B,Leskeaceae,,Lescuraea,,"ramuligera",,"","(Mitt.) R.S. Chopra",Accepted,,M,TRO,35140798,,"Bryologist","80: 544","544","1977"
tro-35130179,B,Leskeaceae,,Lescuraea,,"robusta",,"","Lindb.",Accepted,,M,TRO,35130179,,"Contr. Fl. Crypt. As.","245","245","1872"
tro-35139452,B,Leskeaceae,,Lescuraea,,"saviana",,"","(De Not.) E. Lawton",Accepted,,M,TRO,35139452,,"Bull. Torrey Bot. Club","84: 295. 30–35","295","1957"
tro-35139453,B,Leskeaceae,,Lescuraea,,"saxicola",,"","(Schimp.) Molendo",Accepted,,M,TRO,35139453,,"Moosstudien","144, 147, 149","144","1864"
tro-35139458,B,Leskeaceae,,Lescuraea,,"secunda",,"","Arnold",Accepted,,M,TRO,35139458,,"Rev. Bryol.","25: 9","9","1898"
tro-35139459,B,Leskeaceae,,Lescuraea,,"serrata",,"","Warnst.",Accepted,,M,TRO,35139459,,"Hedwigia","57: 110. 44","110","1915"
tro-35211548,B,Leskeaceae,,Lescuraea,,"setschwanica",,"","(Broth.) T. Cao & W.H. Wang",Accepted,,M,TRO,35211548,,"Fl. Bryophyt. Sin.","6: 152","152","2002"
tro-35139460,B,Leskeaceae,,Lescuraea,,"stenophylla",,"","(Renauld & Cardot) Kindb.",Accepted,,M,TRO,35139460,,"Eur. N. Amer. Bryin.","1: 26","26","1897"
tro-35186951,B,Leskeaceae,,Lescuraea,,"williamsii",,"","(Best) P.S. Wilson & D.H. Norris ex Crosby & Magill",Accepted,,M,TRO,35186951,,"Monogr. Syst. Bot. Missouri Bot. Gard.","50: 35","395","1989"
tro-35139467,B,Leskeaceae,,Lescuraea,,"xanthophylla",,"","(Hampe & Lorentz) A. Jaeger",Accepted,,M,TRO,35139467,,"Ber. Thätigk. St. Gallischen Naturwiss. Ges.","1876–77: 274 (Gen. Sp. Musc. 2: 340)","274 ","1878"
tro-35211549,B,Leskeaceae,,Lescuraea,,"yunnanensis",,"","(Broth.) T. Cao & W.H. Wang",Accepted,,M,TRO,35211549,,"Fl. Bryophyt. Sin.","6: 154","154","2002"
tro-35139506,B,Leskeaceae,,Leskea,,"abietina",,"","(Hedw.) Mitt.",Accepted,,M,TRO,35139506,,"J. Proc. Linn. Soc., Bot.","8: 8, 44","8, 44","1864"
tro-35139508,B,Leskeaceae,,Leskea,,"acidodon",,"","Mont.",Accepted,,M,TRO,35139508,,"Ann. Sci. Nat., Bot., sér. 3,","4: 96. 5 f. 4","96","1845"
tro-35139511,B,Leskeaceae,,Leskea,,"adnata",,"","Michx.",Accepted,,M,TRO,35139511,,"Fl. Bor.-Amer.","2: 310","310","1803"
tro-35139513,B,Leskeaceae,,Leskea,,"ahnfeltii",,"","Ångstr.",Accepted,,M,TRO,35139513,,"Deutschl. Moose","466","466","1853"
tro-35139514,B,Leskeaceae,,Leskea,,"albicans",,"","Hedw.",Accepted,,M,TRO,35139514,,"Sp. Musc. Frond.","218. 54 f. 13–16","218","1801"
tro-35139516,B,Leskeaceae,,Leskea,,"ambigua",,"","Schwägr.",Accepted,,M,TRO,35139516,,"Sp. Musc. Frond., Suppl. 2","2(2): 165. pl. 198","165","1827"
tro-35139518,B,Leskeaceae,,Leskea,,"amblyocarpa",,"","Hampe",Accepted,,M,TRO,35139518,,"Linnaea","30: 638","638","1860"
tro-35139519,B,Leskeaceae,,Leskea,,"andicola",,"","(Hook.) Brid.",Accepted,,M,TRO,35139519,,"Bryol. Univ.","2: 297","297","1827"
tro-35139520,B,Leskeaceae,,Leskea,,"angustata",,"","Taylor",Accepted,,M,TRO,35139520,,"London J. Bot.","5: 62","62","1846"
tro-35139521,B,Leskeaceae,,Leskea,,"angustifolia",,"","Taylor",Accepted,,M,TRO,35139521,,"Ann. Mag. Nat. Hist.","20: 379","379","1847"
tro-35139524,B,Leskeaceae,,Leskea,,"arbuscula",,"","(Sm.) Schwägr.",Accepted,,M,TRO,35139524,,"Sp. Musc. Frond., Suppl. 1","2: 169","169","1816"
tro-35139525,B,Leskeaceae,,Leskea,,"arcuata",,"","Brid.",Accepted,,M,TRO,35139525,,"Muscol. Recent. Suppl.","2: 54","54","1812"
tro-35139530,B,Leskeaceae,,Leskea,,"atro-virens",,"","(Dicks. ex Brid.) Hartm.",Accepted,,M,TRO,35139530,,"Handb. Skand. Fl. (ed. 2)","339","339","1832"
tro-35139531,B,Leskeaceae,,Leskea,,"attenuata",,"","Hedw.",Accepted,,M,TRO,35139531,,"Sp. Musc. Frond.","230","230","1801"
tro-35139535,B,Leskeaceae,,Leskea,,"australis",,"","Sharp",Accepted,,M,TRO,35139535,,"Moss Fl. N. Amer.","3: 193","193","1934"
tro-35139539,B,Leskeaceae,,Leskea,,"blandowii",,"","(F. Weber & D. Mohr) Mitt.",Accepted,,M,TRO,35139539,,"J. Proc. Linn. Soc., Bot.","8: 44","44","1864"
tro-35139540,B,Leskeaceae,,Leskea,,"blepharophylla",,"","(Müll. Hal.) Mitt.",Accepted,,M,TRO,35139540,,"J. Proc. Linn. Soc., Bot., Suppl.","2: 133","133","1859"
tro-35139546,B,Leskeaceae,,Leskea,,"brevifolia",,"","Lindb.",Accepted,,M,TRO,35139546,,"Cat. Descr. Briol. Portug.","96","96","1918"
tro-35139547,B,Leskeaceae,,Leskea,,"bulbifera",,"","Froel. ex Brid.",Accepted,,M,TRO,35139547,,"Muscol. Recent. Suppl.","2: 61","61","1812"
tro-35139554,B,Leskeaceae,,Leskea,,"capillaris",,"","Hedw.",Accepted,,M,TRO,35139554,,"Sp. Musc. Frond.","221","221","1801"
tro-35139558,B,Leskeaceae,,Leskea,,"catenularia",,"","(Müll. Hal.) Broth.",Accepted,,M,TRO,35139558,,"Nat. Pflanzenfam.","I(3): 994","994","1907"
tro-35139559,B,Leskeaceae,,Leskea,,"catenulata",,"","(Brid. ex Schrad.) Mitt.",Accepted,,M,TRO,35139559,,"Musci Scand.","31","31","1879"
tro-35139566,B,Leskeaceae,,Leskea,,"catenulata",var.,"subtectorum","(Thér.) Meyl.",Accepted,,L,TRO,35139566,,"Rev. Bryol. Lichénol.","10: 36","36","1937"
tro-35139575,B,Leskeaceae,,Leskea,,"cirrhifolia",,"","(Arn.) Schwägr.",Accepted,,M,TRO,35139575,,"Sp. Musc. Frond., Suppl. 3","2(2): 290b","290b","1830"
tro-35139576,B,Leskeaceae,,Leskea,,"claviramea",,"","(Müll. Hal.) Mitt.",Accepted,,M,TRO,35139576,,"J. Linn. Soc., Bot.","22: 318","318","1886"
tro-35139582,B,Leskeaceae,,Leskea,,"concinna",,"","Hook.",Accepted,,M,TRO,35139582,,"Musci Exot.","1: 34","34","1818"
tro-35139583,B,Leskeaceae,,Leskea,,"confervoides",,"","(Brid.) Spruce",Accepted,,M,TRO,35139583,,"London J. Bot.","4: 182","182","1845"
tro-35139584,B,Leskeaceae,,Leskea,,"congesta",,"","(Sw. ex Hedw.) Sw.",Accepted,,M,TRO,35139584,,"Fl. Ind. Occid.","3: 1809","1809","1806"
tro-35139586,B,Leskeaceae,,Leskea,,"consanguinea",,"","(Mont.) Mitt.",Accepted,,M,TRO,35139586,,"J. Proc. Linn. Soc., Bot., Suppl.","2: 131","131","1859"
tro-35139587,B,Leskeaceae,,Leskea,,"constricta",,"","Brid.",Accepted,,M,TRO,35139587,,"Muscol. Recent. Suppl.","2: 79","79","1812"
tro-35139590,B,Leskeaceae,,Leskea,,"crispifolia",,"","(Hook.) Mitt.",Accepted,,M,TRO,35139590,,"J. Proc. Linn. Soc., Bot.","8: 45","45","1864"
tro-35139599,B,Leskeaceae,,Leskea,,"cyrtophylla",,"","Kindb.",Accepted,,M,TRO,35139599,,"Cat. Canad. Pl., Musci","169","169","1892"
tro-35139600,B,Leskeaceae,,Leskea,,"dealbata",,"","(Sw. ex Hedw.) F. Weber & D. Mohr",Accepted,,M,TRO,35139600,,"Index Mus. Pl. Crypt.","[3]","","1803"
tro-35139605,B,Leskeaceae,,Leskea,,"delicatula",,"","(Hedw.) Sw.",Accepted,,M,TRO,35139605,,"Adnot. Bot.","175","175","1829"
tro-35139607,B,Leskeaceae,,Leskea,,"dendroides",,"","Hedw.",Accepted,,M,TRO,35139607,,"Sp. Musc. Frond.","228","228","1801"
tro-35139611,B,Leskeaceae,,Leskea,,"depressa",,"","Hedw.",Accepted,,M,TRO,35139611,,"Sp. Musc. Frond.","215. pl. 53: f. 1–7","215","1801"
tro-35139615,B,Leskeaceae,,Leskea,,"doii",,"","Sakurai",Unresolved,,L,TRO,35139615,,"Bot. Mag. (Tokyo)","48: 390","390","1934"
tro-35139623,B,Leskeaceae,,Leskea,,"ericoides",,"","Hook.",Accepted,,M,TRO,35139623,,"Musci Exot.","1: 28","28","1818"
tro-35139627,B,Leskeaceae,,Leskea,,"extensa",,"","Spreng.",Accepted,,M,TRO,35139627,,"Mant. Prim. Fl. Hal.","55","55","1807"
tro-35139628,B,Leskeaceae,,Leskea,,"fabronia",,"","Hook.",Accepted,,M,TRO,35139628,,"Sp. Musc. Frond., Suppl. 3","2(2): 294","294","1830"
tro-35139633,B,Leskeaceae,,Leskea,,"fendleri",,"","Sull.",Accepted,,M,TRO,35139633,,"Mem. Amer. Acad. Arts, n.s.","4: 169. pl. 1","169","1849"
tro-35139634,B,Leskeaceae,,Leskea,,"filamentosa",,"","(Dicks. ex With.) Kindb.",Accepted,,M,TRO,35139634,,"Bih. Kongl. Svenska Vetensk.-Akad. Handl.","7(9): 12","12","1883"
tro-35162790,B,Leskeaceae,,Leskea,,"filaria",,"","Broth. ex Iisiba",Accepted,,M,TRO,35162790,,"Cat. Mosses Japan","180","180","1929"
tro-35139639,B,Leskeaceae,,Leskea,,"filivaga",,"","(Müll. Hal.) Broth.",Accepted,,M,TRO,35139639,,"Nat. Pflanzenfam.","I(3): 994","994","1907"
tro-35139641,B,Leskeaceae,,Leskea,,"flabellata",,"","(Sm.) Schwägr.",Accepted,,M,TRO,35139641,,"Sp. Musc. Frond., Suppl. 1","2: 164","164","1816"
tro-35139642,B,Leskeaceae,,Leskea,,"flaccida",,"","Brid.",Accepted,,M,TRO,35139642,,"Bryol. Univ.","2: 308","308","1827"
tro-35139645,B,Leskeaceae,,Leskea,,"flexilis",,"","Hedw.",Accepted,,M,TRO,35139645,,"Sp. Musc. Frond.","234. 58","234","1801"
tro-35139652,B,Leskeaceae,,Leskea,,"fulva",,"","Harv.",Accepted,,M,TRO,35139652,,"Icon. Pl.","1: pl. 23: f. 3","23 f","1836"
tro-35139658,B,Leskeaceae,,Leskea,,"gracilescens",,"","Hedw.",Accepted,,M,TRO,35139658,,"Sp. Musc. Frond.","222. 56 f. 8–13","222","1801"
tro-35139659,B,Leskeaceae,,Leskea,,"gracilis",,"","(Schimp.) Mitt.",Accepted,,M,TRO,35139659,,"J. Proc. Linn. Soc., Bot.","8: 44","44","1864"
tro-35139660,B,Leskeaceae,,Leskea,,"gracillima",,"","(Taylor) Mitt.",Accepted,,M,TRO,35139660,,"J. Linn. Soc., Bot.","12: 567","567","1869"
tro-35139662,B,Leskeaceae,,Leskea,,"guineensis",,"","Broth. & Paris",Accepted,,M,TRO,35139662,,"Rev. Bryol.","35: 4","4","1908"
tro-35139666,B,Leskeaceae,,Leskea,,"haplohymenium",,"","(Harv. & Hook. f.) Mitt.",Accepted,,M,TRO,35139666,,"J. Proc. Linn. Soc., Bot., Suppl.","2: 135","135","1859"
tro-35139674,B,Leskeaceae,,Leskea,,"hispida",,"","(Hook. f. & Wilson) Mitt.",Accepted,,M,TRO,35139674,,"J. Proc. Linn. Soc., Bot.","4: 91","91","1859"
tro-35139677,B,Leskeaceae,,Leskea,,"hookeri",,"","Mitt.",Accepted,,M,TRO,35139677,,"J. Proc. Linn. Soc., Bot., Suppl.","2: 132","132","1859"
tro-35139678,B,Leskeaceae,,Leskea,,"hyloapiculata",,"","Dixon",Accepted,,M,TRO,35139678,,"Notes Roy. Bot. Gard. Edinburgh","19: 294","294","1938"
tro-35139682,B,Leskeaceae,,Leskea,,"inclinata",,"","(Sw. ex Brid.) F. Weber & D. Mohr",Accepted,,M,TRO,35139682,,"Index Mus. Pl. Crypt.","[3]","","1803"
tro-35139684,B,Leskeaceae,,Leskea,,"incrassata",,"","Lindb. ex Broth.",Accepted,,M,TRO,35139684,,"Acta Soc. Sci. Fenn.","19(12): 96","96","1892"
tro-35139693,B,Leskeaceae,,Leskea,,"inflectens",,"","Brid.",Accepted,,M,TRO,35139693,,"Bryol. Univ.","2: 331","331","1827"
tro-35139694,B,Leskeaceae,,Leskea,,"integra",,"","P. Beauv.",Accepted,,M,TRO,35139694,,"Fl. Oware","2: 54. 91 f. 3","54","1818"
tro-35139696,B,Leskeaceae,,Leskea,,"intricata",,"","Hartm.",Accepted,,M,TRO,35139696,,"Handb. Skand. Fl. (ed. 5)","336","336","1849"
tro-35139700,B,Leskeaceae,,Leskea,,"investis",,"","(Mitt.) Mitt.",Accepted,,M,TRO,35139700,,"J. Proc. Linn. Soc., Bot., Suppl.","2: 135","135","1859"
tro-35139701,B,Leskeaceae,,Leskea,,"involvens",,"","Hedw.",Accepted,,M,TRO,35139701,,"Sp. Musc. Frond.","218","218","1801"
tro-35139710,B,Leskeaceae,,Leskea,,"laevifolia",,"","Mitt.",Accepted,,M,TRO,35139710,,"J. Proc. Linn. Soc., Bot., Suppl.","2: 130","130","1859"
tro-35139711,B,Leskeaceae,,Leskea,,"laeviseta",,"","(Crome) Schultz",Accepted,,M,TRO,35139711,,"Syll. Pl. Nov.","2: 199","199","1828"
tro-35139712,B,Leskeaceae,,Leskea,,"laeviuscula",,"","Mitt.",Accepted,,M,TRO,35139712,,"J. Proc. Linn. Soc., Bot.","4: 92","92","1859"
tro-35140799,B,Leskeaceae,,Leskea,,"lagoensis",,"","(Hampe) Gier",Accepted,,M,TRO,35140799,,"J. Bryol.","10: 211","211","1978"
tro-35139715,B,Leskeaceae,,Leskea,,"latebricola",,"","(Schimp.) Wilson",Accepted,,M,TRO,35139715,,"Bryol. Brit.","329. 54","329","1855"
tro-35139716,B,Leskeaceae,,Leskea,,"latifolia",,"","Lindb. ex Broth.",Accepted,,M,TRO,35139716,,"Acta Soc. Sci. Fenn.","19(12): 97","97","1892"
tro-35139719,B,Leskeaceae,,Leskea,,"leptoclada",,"","Taylor",Accepted,,M,TRO,35139719,,"London J. Bot.","6: 339","339","1847"
tro-35162792,B,Leskeaceae,,Leskea,,"leskeoides",,"","Cardot ex Iisiba",Accepted,,M,TRO,35162792,,"Cat. Mosses Japan","180","180","1929"
tro-35139720,B,Leskeaceae,,Leskea,,"leucostega",,"","Brid.",Accepted,,M,TRO,35139720,,"Bryol. Univ.","2: 333","333","1827"
tro-35139723,B,Leskeaceae,,Leskea,,"longifolia",,"","(Schleich. ex Brid.) Spruce",Accepted,,M,TRO,35139723,,"Musci Pyren.","87","87","1847"
tro-35139725,B,Leskeaceae,,Leskea,,"longirostris",,"","Brid.",Accepted,,M,TRO,35139725,,"Bryol. Univ.","2: 311","311","1827"
tro-35139727,B,Leskeaceae,,Leskea,,"lucens",,"","(Hedw.) Lam. & DC.",Accepted,,M,TRO,35139727,,"Fl. Franç. (ed. 3)","2: 513","513","1805"
tro-35139730,B,Leskeaceae,,Leskea,,"magniretis",,"","Müll. Hal.",Accepted,,M,TRO,35139730,,"Nuovo Giorn. Bot. Ital., n.s.,","4: 274","274","1897"
tro-35139732,B,Leskeaceae,,Leskea,,"marginata",,"","(Michx.) Brid.",Accepted,,M,TRO,35139732,,"Muscol. Recent. Suppl.","4: 133","133","1819"
tro-35139734,B,Leskeaceae,,Leskea,,"mauritiana",,"","Besch.",Accepted,,M,TRO,35139734,,"Ann. Sci. Nat., Bot., sér. 6,","10: 287","287","1880"
tro-35139736,B,Leskeaceae,,Leskea,,"mexicana",,"","Besch.",Accepted,,M,TRO,35139736,,"Mém. Soc. Sci. Nat. Cherbourg","16: 233","233","1872"
tro-35139737,B,Leskeaceae,,Leskea,,"micans",,"","(Mitt.) Hobk.",Accepted,,M,TRO,35139737,,"Syn. Brit. Mosses","143","143","1873"
tro-35139742,B,Leskeaceae,,Leskea,,"microphylla",,"","(Hedw.) Sw.",Accepted,,M,TRO,35139742,,"J. Proc. Linn. Soc., Bot., Suppl.","2: 130","130","1859"
tro-35139743,B,Leskeaceae,,Leskea,,"mildeana",,"","De Not.",Accepted,,M,TRO,35139743,,"Comment. Soc. Crittog. Ital.","2: 311 [Cronaca Briol. Ital. 2: 45]","45","1867"
tro-35139744,B,Leskeaceae,,Leskea,,"minuscula",,"","Mitt.",Accepted,,M,TRO,35139744,,"J. Proc. Linn. Soc., Bot., Suppl.","2: 134","134","1859"
tro-35139750,B,Leskeaceae,,Leskea,,"montanae",,"","(Bryhn) Grout",Accepted,,M,TRO,35139750,,"Moss Fl. N. Amer.","3: 75","75","1931"
tro-35169005,B,Leskeaceae,,Leskea,,"moravica",,"","Pilous",Accepted,,M,TRO,35169005,,"Preslia","40: 72. f. 1","72","1968"
tro-35139752,B,Leskeaceae,,Leskea,,"multiflora",,"","Brid.",Accepted,,M,TRO,35139752,,"Muscol. Recent. Suppl.","4: 147","147","1819"
tro-35139753,B,Leskeaceae,,Leskea,,"muricola",,"","(Müll. Hal.) Mitt.",Accepted,,M,TRO,35139753,,"J. Proc. Linn. Soc., Bot., Suppl.","2: 130","130","1859"
tro-35139760,B,Leskeaceae,,Leskea,,"nervosa",,"","(Brid.) Myrin",Accepted,,M,TRO,35139760,,"Coroll. Fl. Upsal.","52","52","1834"
tro-35139773,B,Leskeaceae,,Leskea,,"nitens",,"","Brid.",Accepted,,M,TRO,35139773,,"Muscol. Recent. Suppl.","2: 50","50","1812"
tro-35139777,B,Leskeaceae,,Leskea,,"norvegica",,"","Sommerf.",Unresolved,,L,TRO,35139777,,"Fl. Lapp.","61. 11","61","1826"
tro-35139778,B,Leskeaceae,,Leskea,,"novae-hollandiae",,"","(Brid.) Schwägr.",Accepted,,M,TRO,35139778,,"Sp. Musc. Frond., Suppl. 1","2: 160. pl. 83","160","1816"
tro-35139779,B,Leskeaceae,,Leskea,,"obscura",,"","Hedw.",Accepted,,M,TRO,35139779,,"Sp. Musc. Frond.","223. Pl. 57, f. 1–9","223","1801"
tro-35140814,B,Leskeaceae,,Leskea,,"obtusa",,"","Renauld & Cardot",Unresolved,,L,TRO,35140814,,"Bot. Gaz.","17: 296","296","1892"
tro-35129961,B,Leskeaceae,,Leskea,,"parvula",,"","Hampe",Accepted,,M,TRO,35129961,,"Linnaea","13: 46","46","1839"
tro-35129962,B,Leskeaceae,,Leskea,,"patens",,"","Hornsch.",Unresolved,,L,TRO,35129962,,"Fl. Bras.","1(2): 72","72","1840"
tro-35129966,B,Leskeaceae,,Leskea,,"pellucinervis",,"","Mitt.",Accepted,,M,TRO,35129966,,"J. Proc. Linn. Soc., Bot., Suppl.","2: 130","130","1859"
tro-35162793,B,Leskeaceae,,Leskea,,"perstricta",,"","Dixon",Accepted,,M,TRO,35162793,,"Rec. Bot. Surv. India","6(3): 68. 2 f. 6","68","1914"
tro-35129970,B,Leskeaceae,,Leskea,,"pilifera",,"","Sw.",Accepted,,M,TRO,35129970,,"Handb. Skand. Fl.","419","419","1820"
tro-35129971,B,Leskeaceae,,Leskea,,"plumaria",,"","Mitt.",Accepted,,M,TRO,35129971,,"J. Linn. Soc., Bot.","12: 568","568","1869"
tro-35129973,B,Leskeaceae,,Leskea,,"plumulosa",,"","(Dozy & Molk.) Mitt.",Accepted,,M,TRO,35129973,,"J. Proc. Linn. Soc., Bot., Suppl.","2: 133","133","1859"
tro-35129974,B,Leskeaceae,,Leskea,,"polenburgii",,"","Lobarzewski",Accepted,,M,TRO,35129974,,"Naturwiss. Abh. (Vienna)","1: 55","55","1847"
tro-35129979,B,Leskeaceae,,Leskea,,"polycarpa",,"","Ehrh. ex Hedw.",Accepted,,M,TRO,35129979,,"Sp. Musc. Frond.","225","225","1801"
tro-35129982,B,Leskeaceae,,Leskea,,"polycarpa",var.,"froehlichii","(Brid.) Dalla Torre & Sarnth.",Accepted,,L,TRO,35129982,,"Fl. Tirol","5: 454","454","1902"
tro-35129986,B,Leskeaceae,,Leskea,,"polycarpa",var.,"paludosa","(Hedw.) Schimp.",Accepted,,L,TRO,35129986,,"Syn. Musc. Eur.","486,","486,","1860"
tro-35129988,B,Leskeaceae,,Leskea,,"polycarpa",var.,"subobtusifolia","(Müll. Hal. & Kindb.) Paris",Accepted,,L,TRO,35129988,,"Index Bryol. Suppl.","227","227","1900"
tro-35129989,B,Leskeaceae,,Leskea,,"polycarpa",var.,"tenella","Schimp.",Accepted,,L,TRO,35129989,,"Bryol. Eur.","5: 136. 470b (fasc. 44–45 Mon. 2. 1b)","136","1850"
tro-35129991,B,Leskeaceae,,Leskea,,"prionophylla",,"","(Müll. Hal.) Mitt.",Accepted,,M,TRO,35129991,,"J. Proc. Linn. Soc., Bot., Suppl.","2: 132","132","1859"
tro-35129992,B,Leskeaceae,,Leskea,,"pristocalyx",,"","(Müll. Hal.) Mitt.",Accepted,,M,TRO,35129992,,"J. Proc. Linn. Soc., Bot., Suppl.","2: 133","133","1859"
tro-35129994,B,Leskeaceae,,Leskea,,"prolixa",,"","Mitt.",Accepted,,M,TRO,35129994,,"J. Proc. Linn. Soc., Bot.","8: 7. 1","7","1864"
tro-35129996,B,Leskeaceae,,Leskea,,"pseudotristis",,"","(Müll. Hal.) A. Jaeger",Accepted,,M,TRO,35129996,,"Ber. Thätigk. St. Gallischen Naturwiss. Ges.","1876–77: 232 (Gen. Sp. Musc. 2: 298)","232 ","1878"
tro-35129997,B,Leskeaceae,,Leskea,,"pterogonioides",,"","Harv.",Accepted,,M,TRO,35129997,,"Icon. Pl.","1: pl. 24: f. 8","24 f","1836"
tro-35129999,B,Leskeaceae,,Leskea,,"pulvinata",,"","Wahlenb.",Accepted,,M,TRO,35129999,,"Fl. Lapp.","369","369","1812"
tro-35130001,B,Leskeaceae,,Leskea,,"pungens",,"","(Hedw.) Sw.",Accepted,,M,TRO,35130001,,"Fl. Ind. Occid.","3: 1806","1806","1806"
tro-35130002,B,Leskeaceae,,Leskea,,"pusilla",,"","Mitt.",Accepted,,M,TRO,35130002,,"Trans. Linn. Soc. London, Bot.","3: 188","188","1891"
tro-35130005,B,Leskeaceae,,Leskea,,"quadrifaria",,"","(Sm.) Schwägr.",Accepted,,M,TRO,35130005,,"Sp. Musc. Frond., Suppl. 1","2: 160","160","1816"
tro-35130009,B,Leskeaceae,,Leskea,,"ramusculosa",,"","Mitt.",Accepted,,M,TRO,35130009,,"J. Proc. Linn. Soc., Bot.","7: 161","161","1863"
tro-35130011,B,Leskeaceae,,Leskea,,"recurvans",,"","Michx.",Accepted,,M,TRO,35130011,,"Fl. Bor.-Amer.","2: 311","311","1803"
tro-35130015,B,Leskeaceae,,Leskea,,"reinwardtii",,"","(Nees) Spreng.",Accepted,,M,TRO,35130015,,"Syst. Veg.","4(1): 192","192","1827"
tro-35130019,B,Leskeaceae,,Leskea,,"repens",,"","Schleich. ex Schultz",Accepted,,M,TRO,35130019,,"Syll. Pl. Nov.","2: 200","200","1828"
tro-35130022,B,Leskeaceae,,Leskea,,"rigidula",,"","(Kindb.) G. Roth",Accepted,,M,TRO,35130022,,"Eur. Laubm.","2: 347. 39 f. 10","347","1904"
tro-35130023,B,Leskeaceae,,Leskea,,"riparia",,"","Hampe",Accepted,,M,TRO,35130023,,"Linnaea","13: 46","46","1839"
tro-35130025,B,Leskeaceae,,Leskea,,"rostrata",,"","Hedw.",Accepted,,M,TRO,35130025,,"Sp. Musc. Frond.","226","226","1801"
tro-35130029,B,Leskeaceae,,Leskea,,"rufescens",,"","(Dicks. ex Brid.) Schwägr.",Accepted,,M,TRO,35130029,,"Sp. Musc. Frond., Suppl. 1","2: 178. pl. 86","178","1816"
tro-35130037,B,Leskeaceae,,Leskea,,"saviana",,"","De Not.",Accepted,,M,TRO,35130037,,"Musc. Ital. Spic.","8","8","1837"
tro-35130038,B,Leskeaceae,,Leskea,,"scabrinervis",,"","Broth. & Paris",Accepted,,M,TRO,35130038,,"Rev. Bryol.","33: 26","26","1906"
tro-35130039,B,Leskeaceae,,Leskea,,"schiedeana",,"","Hampe",Unresolved,,L,TRO,35130039,,"Linnaea","20: 98","98","1847"
tro-35130040,B,Leskeaceae,,Leskea,,"sciuroides",,"","Hook.",Accepted,,M,TRO,35130040,,"Musci Exot.","2: 175","175","1819"
tro-35186256,B,Leskeaceae,,Leskea,,"sciuroides",,"","Dozy & Molk.",Unresolved,,L,TRO,35186256,,"Musci Frond. Ined. Archip. Ind.","178","178","1854"
tro-35130041,B,Leskeaceae,,Leskea,,"scopula",,"","Mitt.",Accepted,,M,TRO,35130041,,"J. Proc. Linn. Soc., Bot., Suppl.","2: 131","131","1859"
tro-35130044,B,Leskeaceae,,Leskea,,"seligeri",,"","Brid.",Accepted,,M,TRO,35130044,,"Muscol. Recent.","2(2): 47","47","1801"
tro-35130045,B,Leskeaceae,,Leskea,,"seminervis",,"","Kunze ex Schwägr.",Accepted,,M,TRO,35130045,,"Sp. Musc. Frond., Suppl. 3","2(1): 273","273","1829"
tro-35130052,B,Leskeaceae,,Leskea,,"setigera",,"","Mitt.",Accepted,,M,TRO,35130052,,"J. Proc. Linn. Soc., Bot.","8: 8. 1","8","1864"
tro-35130054,B,Leskeaceae,,Leskea,,"smithii",,"","Sw.",Accepted,,M,TRO,35130054,,"Utkast Svensk Fl. (ed. 3)","3: 549","549","1816"
tro-35130056,B,Leskeaceae,,Leskea,,"spinosa",,"","Mitt.",Accepted,,M,TRO,35130056,,"J. Proc. Linn. Soc., Bot.","8: 7. 1","7","1864"
tro-35130057,B,Leskeaceae,,Leskea,,"splendens",,"","Wibel",Unresolved,,L,TRO,35130057,,"Arch. Bot. (Leipzig)","3: 283","283","1805"
tro-35130060,B,Leskeaceae,,Leskea,,"squarrosa",,"","Michx.",Accepted,,M,TRO,35130060,,"Fl. Bor.-Amer.","2: 312","312","1803"
tro-35130063,B,Leskeaceae,,Leskea,,"stratosa",,"","Mitt.",Accepted,,M,TRO,35130063,,"J. Proc. Linn. Soc., Bot., Suppl.","2: 131","131","1859"
tro-35130065,B,Leskeaceae,,Leskea,,"striatella",,"","Brid.",Accepted,,M,TRO,35130065,,"Bryol. Univ.","2: 762","762","1827"
tro-35130067,B,Leskeaceae,,Leskea,,"subacuminata",,"","Nog.",Accepted,,M,TRO,35130067,,"J. Jap. Bot.","13: 409. 1 f. 9–14","409","1937"
tro-35130072,B,Leskeaceae,,Leskea,,"subfiliramea",,"","Broth. & Paris",Accepted,,M,TRO,35130072,,"Rev. Bryol.","38: 56","56","1911"
tro-35187063,B,Leskeaceae,,Leskea,,"sublaevifolia",,"","Herzog",Accepted,,M,TRO,35187063,,"Repert. Spec. Nov. Regni Veg. Beih.","108: 10","10","1938"
tro-35130074,B,Leskeaceae,,Leskea,,"subpinnata",,"","Brid.",Accepted,,M,TRO,35130074,,"Muscol. Recent. Suppl.","2: 54","54","1812"
tro-35130078,B,Leskeaceae,,Leskea,,"subulacea",,"","Mitt.",Accepted,,M,TRO,35130078,,"J. Proc. Linn. Soc., Bot., Suppl.","2: 131","131","1859"
tro-35130080,B,Leskeaceae,,Leskea,,"sulcata",,"","Hook.",Accepted,,M,TRO,35130080,,"Musci Exot.","2: 164","164","1819"
tro-35130082,B,Leskeaceae,,Leskea,,"superba",,"","Taylor",Accepted,,M,TRO,35130082,,"London J. Bot.","5: 61","61","1846"
tro-35130083,B,Leskeaceae,,Leskea,,"tamariscella",,"","(Müll. Hal.) Mitt.",Accepted,,M,TRO,35130083,,"J. Proc. Linn. Soc., Bot., Suppl.","2: 134","134","1859"
tro-35130084,B,Leskeaceae,,Leskea,,"tamariscina",,"","Hedw.",Accepted,,M,TRO,35130084,,"Sp. Musc. Frond.","212. pl. 51: f. 1–7","212","1801"
tro-35130086,B,Leskeaceae,,Leskea,,"tectorum",,"","(Funck ex Brid.) Lindb.",Accepted,,M,TRO,35130086,,"Bot. Not.","1865: 73","73","1865"
tro-35130093,B,Leskeaceae,,Leskea,,"tenuirostris",,"","Bruch & Schimp. ex Sull.",Accepted,,M,TRO,35130093,,"Manual","668","668","1848"
tro-35130095,B,Leskeaceae,,Leskea,,"teretiuscula",,"","Mitt.",Accepted,,M,TRO,35130095,,"J. Linn. Soc., Bot.","12: 567","567","1869"
tro-35130098,B,Leskeaceae,,Leskea,,"tristis",,"","Ces.",Accepted,,M,TRO,35130098,,"Syllab. Musc.","67","67","1838"
tro-35130099,B,Leskeaceae,,Leskea,,"umbrosa",,"","Mitt.",Accepted,,M,TRO,35130099,,"J. Proc. Linn. Soc., Bot.","4: 92","92","1859"
tro-35130101,B,Leskeaceae,,Leskea,,"undata",,"","Hedw.",Accepted,,M,TRO,35130101,,"Sp. Musc. Frond.","214. pl. 52: f. 7–12","214","1801"
tro-35130103,B,Leskeaceae,,Leskea,,"vaucheri",,"","Schimp.",Accepted,,M,TRO,35130103,,"Bryol. Brit.","358","358","1855"
tro-35130105,B,Leskeaceae,,Leskea,,"viticulosa",,"","(Hedw.) Spruce",Accepted,,M,TRO,35130105,,"Musci Pyren.","89","89","1847"
tro-35130107,B,Leskeaceae,,Leskea,,"wallichii",,"","Mitt.",Accepted,,M,TRO,35130107,,"J. Proc. Linn. Soc., Bot., Suppl.","2: 132","132","1859"
tro-100353800,B,Leskeaceae,,Leskeadelphus,,"angustatus",,"","(Taylor) B.H. Allen",Accepted,,M,TRO,100353800,,"Cat. Brio. Bolivia","251","251","2009"
tro-35130112,B,Leskeaceae,,Leskeadelphus,,"angustifolius",,"","Herzog",Accepted,,M,TRO,35130112,,"Repert. Spec. Nov. Regni Veg.","55: 23. 12","23","1952"
tro-35167904,B,Leskeaceae,,Leskeadelphus,,"bolivianus",,"","(Müll. Hal. ex E. Britton) W.R. Buck",Accepted,,M,TRO,35167904,,"J. Hattori Bot. Lab.","47: 54","54","1980"
tro-35169611,B,Leskeaceae,,Leskeella,,"arizonae",,"","(R.S. Williams) Flowers",Accepted,,M,TRO,35169611,,"Bryologist","76: 290","290","1973"
tro-35130114,B,Leskeaceae,,Leskeella,,"consanguinea",,"","(Mont.) Broth.",Accepted,,M,TRO,35130114,,"Nat. Pflanzenfam.","I(3): 996","996","1907"
tro-35130116,B,Leskeaceae,,Leskeella,,"cyrtophylla",,"","(Kindb.) Grout",Accepted,,M,TRO,35130116,,"Check List Pleuroc. Moss. N. Amer.","25","25","1929"
tro-35130118,B,Leskeaceae,,Leskeella,,"incrassata",,"","(Lindb. ex Broth.) Broth.",Accepted,,M,TRO,35130118,,"Nat. Pflanzenfam.","I(3): 996","996","1907"
tro-35130121,B,Leskeaceae,,Leskeella,,"nervosa",,"","(Brid.) Loeske",Accepted,,M,TRO,35130121,,"Moosfl. Harz.","255","255","1903"
tro-35130122,B,Leskeaceae,,Leskeella,,"nervosa",var.,"angustifolia","(Roll) Podp.",Accepted,,L,TRO,35130122,,"Consp. Musc. Eur.","526","526","1954"
tro-35130123,B,Leskeaceae,,Leskeella,,"nervosa",var.,"eurydictyon","(Herzog) Podp.",Accepted,,L,TRO,35130123,,"Consp. Musc. Eur.","526","526","1954"
tro-35130124,B,Leskeaceae,,Leskeella,,"nervosa",var.,"flagellifera","(Kindb.) Wijk & Margad.",Accepted,,L,TRO,35130124,,"Taxon","8: 73","73","1959"
tro-35130126,B,Leskeaceae,,Leskeella,,"nervosa",var.,"laxifolia","(Lindb.) I. Hagen",Accepted,,L,TRO,35130126,,"Kongel. Norske Vidensk. Selsk. Skr. (Trondheim)","1908(9): 97","97","1909"
tro-35130127,B,Leskeaceae,,Leskeella,,"nervosa",var.,"nigrescens","(Kindb.) Grout",Accepted,,L,TRO,35130127,,"Check List Pleuroc. Moss. N. Amer.","25","25","1929"
tro-35130128,B,Leskeaceae,,Leskeella,,"nervosa",var.,"rigidula","(Kindb.) Podp.",Accepted,,L,TRO,35130128,,"Zprávy Kommis. PYir. Prozk. Moravi","9: 16","16","1932"
tro-35130129,B,Leskeaceae,,Leskeella,,"nervosa",var.,"rupestris","(Berggr.) H. Möller",Accepted,,L,TRO,35130129,,"Ark. Bot.","15(2): 16","16","1918"
tro-35162794,B,Leskeaceae,,Leskeella,,"nervosa",var.,"subrigidula","(Kindb.) Podp.",Accepted,,L,TRO,35162794,,"Consp. Musc. Eur.","526","526","1954"
tro-35169515,B,Leskeaceae,,Leskeella,,"pusilla",,"","(Mitt.) Nog.",Accepted,,M,TRO,35169515,,"J. Hattori Bot. Lab.","36: 506","506","1972"
tro-35130131,B,Leskeaceae,,Leskeella,,"tectorum",,"","(Funck ex Brid.) I. Hagen",Accepted,,M,TRO,35130131,,"Kongel. Norske Vidensk. Selsk. Skr. (Trondheim)","1908(9): 92","92","1909"
tro-35130134,B,Leskeaceae,,Leskeella,,"tectorum",var.,"scabriuscula","(Jörg.) Wijk & Margad.",Accepted,,L,TRO,35130134,,"Taxon","11: 221","221","1962"
tro-35130137,B,Leskeaceae,,Leskeella,,"williamsii",,"","(Best) Grout",Accepted,,M,TRO,35130137,,"Check List Pleuroc. Moss. N. Amer.","25","25","1929"
tro-35130139,B,Leskeaceae,,Leskeella,,"zuluensis",,"","Broth. & Bryhn",Accepted,,M,TRO,35130139,,"Forh. Vidensk.-Selsk. Kristiania","1911(4): 21","21","1911"
tro-35186319,B,Leskeaceae,,Lesquereuxia,,"longipes",,"","(Broth. & Paris) Broth.",Accepted,,M,TRO,35186319,,"Nat. Pflanzenfam. (ed. 2)","11: 475","475","1925"
tro-35186318,B,Leskeaceae,,Lesquereuxia,,"rufescens",,"","(Besch.) Broth.",Accepted,,M,TRO,35186318,,"Nat. Pflanzenfam. (ed. 2)","11: 475","475","1925"
tro-35160510,B,Leskeaceae,,Lindbergia,,"austinii",,"","(Sull.) Broth.",Accepted,,M,TRO,35160510,,"Nat. Pflanzenfam.","I(3): 993","993","1907"
tro-35160511,B,Leskeaceae,,Lindbergia,,"brachyptera",,"","(Mitt.) Kindb.",Accepted,,M,TRO,35160511,,"Eur. N. Amer. Bryin.","1: 13","13","1897"
tro-35160512,B,Leskeaceae,,Lindbergia,,"brachyptera",var.,"austinii","(Sull.) Grout",Accepted,,L,TRO,35160512,,"Moss Fl. N. Amer.","3: 196","196","1934"
tro-35182736,B,Leskeaceae,,Lindbergia,,"brevifolia",,"","C. Gao",Accepted,,M,TRO,35182736,,"Bryofl. Xizang","307","307","1985"
tro-100367512,B,Leskeaceae,,Lindbergia,,"dagestanica",,"","Ignatova & Ignatov",Accepted,,M,TRO,100367512,,"Arctoa","19: 108","108","2010"
tro-35160513,B,Leskeaceae,,Lindbergia,,"duthiei",,"","(Broth.) Broth.",Accepted,,M,TRO,35160513,,"Nat. Pflanzenfam.","I(3): 993. 721","993","1907"
tro-100367511,B,Leskeaceae,,Lindbergia,,"geniculata",,"","(Lazarenko) Ignatova & Ignatov",Accepted,,M,TRO,100367511,,"Arctoa","19: 105","105",""
tro-35217645,B,Leskeaceae,,Lindbergia,,"grandiretis",,"","(Lindb. ex Broth.) Ignatov & Ignatova",Accepted,,M,TRO,35217645,,"Arctoa","15: 49","49","2006"
tro-35160515,B,Leskeaceae,,Lindbergia,,"haplocladioides",,"","Dixon",Accepted,,M,TRO,35160515,,"Bull. Torrey Bot. Club","43: 75. 6","75","1916"
tro-35160516,B,Leskeaceae,,Lindbergia,,"japonica",,"","Cardot",Accepted,,M,TRO,35160516,,"Bull. Soc. Bot. Genève","3: 280","280","1911"
tro-35160517,B,Leskeaceae,,Lindbergia,,"koelzii",,"","R.S. Williams",Accepted,,M,TRO,35160517,,"Bryologist","35: 3. 2","3","1932"
tro-35162812,B,Leskeaceae,,Lindbergia,,"longinervis",,"","Cardot & Dixon",Accepted,,M,TRO,35162812,,"J. Bot.","50: 155. 517 f. 5","155","1912"
tro-35160518,B,Leskeaceae,,Lindbergia,,"magniretis",,"","(Müll. Hal.) Broth.",Accepted,,M,TRO,35160518,,"Nat. Pflanzenfam.","I(3): 993","993","1907"
tro-35140830,B,Leskeaceae,,Lindbergia,,"maritima",,"","Lewinsky",Accepted,,M,TRO,35140830,,"New Zealand J. Bot.","15: 193. f. 1","193","1977"
tro-35160520,B,Leskeaceae,,Lindbergia,,"mexicana",,"","(Besch.) Cardot",Accepted,,M,TRO,35160520,,"Rev. Bryol.","37: 51","51","1910"
tro-35160522,B,Leskeaceae,,Lindbergia,,"ovata",,"","Thér.",Accepted,,M,TRO,35160522,,"Smithsonian Misc. Collect.","81(1): 23. 9","23","1928"
tro-35160523,B,Leskeaceae,,Lindbergia,,"patentifolia",,"","Dixon",Accepted,,M,TRO,35160523,,"Smithsonian Misc. Collect.","69(8): 7. 6","7","1918"
tro-35201239,B,Leskeaceae,,Lindbergia,,"pellicula",,"","(Müll. Hal.) W.R. Buck & Schiavone",Accepted,,M,TRO,35201239,,"Bol. Soc. Argent. Bot.","32: 259","259","1997"
tro-35160524,B,Leskeaceae,,Lindbergia,,"pseudoleskeoides",,"","Dixon",Accepted,,M,TRO,35160524,,"Bull. Torrey Bot. Club","43: 75. 5","75","1916"
tro-35211547,B,Leskeaceae,,Lindbergia,,"serrulata",,"","C. Gao, T. Cao & W.H. Wang",Accepted,,M,TRO,35211547,,"Fl. Bryophyt. Sin.","6: 130. f. 55","130","2002"
tro-35160526,B,Leskeaceae,,Lindbergia,,"sinensis",,"","(Müll. Hal.) Broth.",Accepted,,M,TRO,35160526,,"Nat. Pflanzenfam.","I(3): 993","993","1907"
tro-35160527,B,Leskeaceae,,Lindbergia,,"taxifolia",,"","Dixon",Accepted,,M,TRO,35160527,,"Brit., Austral., New Zealand Antarc. Res. Exped., Rep. A","","","1918"
tro-35160528,B,Leskeaceae,,Lindbergia,,"viridis",,"","Dixon",Accepted,,M,TRO,35160528,,"Trans. Roy. Soc. South Africa","8: 214. 15","214","1920"
tro-35150714,B,Leskeaceae,,Mamillariella,,"geniculata",,"","Lazarenko",Accepted,,M,TRO,35150714,,"Izv. Kievsk. Bot. Sada","17: 104. 1–5","104","1934"
tro-35169518,B,Leskeaceae,,Neolescuraea,,"arcuata",,"","Nog.",Accepted,,M,TRO,35169518,,"J. Hattori Bot. Lab.","36: 523. f. 8","523","1972"
tro-35169517,B,Leskeaceae,,Neolescuraea,,"robusta",,"","(Lindb.) Nog.",Accepted,,M,TRO,35169517,,"J. Hattori Bot. Lab.","36: 523","523","1972"
tro-35172695,B,Leskeaceae,,Orthoamblystegium,,"longinerve",,"","(Cardot) Toyama",Accepted,,M,TRO,35172695,,"Acta Phytotax. Geobot.","6: 105","105","1937"
tro-35100261,B,Leskeaceae,,Orthoamblystegium,,"spuriosubtile",,"","(Broth. & Paris) Kanda & Nog.",Accepted,,M,TRO,35100261,,"Misc. Bryol. Lichenol.","9: 135","135","1982"
tro-35142965,B,Leskeaceae,,Pseudodimerodontium,,"bolivianum",,"","(Müll. Hal. ex E. Britton) Broth.",Accepted,,M,TRO,35142965,,"Nat. Pflanzenfam. (ed. 2)","11: 294","294","1925"
tro-35142987,B,Leskeaceae,,Pseudoleskea,,"affinis",,"","(Limpr.) Kindb.",Accepted,,M,TRO,35142987,,"Eur. N. Amer. Bryin.","1: 52","52","1897"
tro-35142991,B,Leskeaceae,,Pseudoleskea,,"andina",,"","Schimp. ex E. Britton",Accepted,,M,TRO,35142991,,"Bull. Torrey Bot. Club","23: 498","498","1896"
tro-35142993,B,Leskeaceae,,Pseudoleskea,,"annamensis",,"","(Broth. & Paris) Dixon",Accepted,,M,TRO,35142993,,"Ann. Bryol.","9: 68","68","1937"
tro-35142995,B,Leskeaceae,,Pseudoleskea,,"arizonae",,"","R.S. Williams",Accepted,,M,TRO,35142995,,"Bryologist","33: 20. f. 1–10","20","1930"
tro-35142998,B,Leskeaceae,,Pseudoleskea,,"atricha",,"","(Kindb.) Kindb.",Accepted,,M,TRO,35142998,,"Ottawa Naturalist","7: 20","20","1893"
tro-35142999,B,Leskeaceae,,Pseudoleskea,,"atrovirens",,"","(Dicks. ex Brid.) Schimp.",Accepted,,M,TRO,35142999,,"Bryol. Eur.","5: 148. 477 (fasc. 49–51 Mon. 2. 1)","148","1852"
tro-35143013,B,Leskeaceae,,Pseudoleskea,,"atrovirens",var.,"illyrica","(Glow.) Giacom.",Accepted,,L,TRO,35143013,,"Ist. Bot. Reale Univ. Reale Lab. Crittog. Pavia, Atti","4: 256","256","1947"
tro-35143021,B,Leskeaceae,,Pseudoleskea,,"atrovirens",var.,"subcatenulata","(Saelan) Paris",Accepted,,L,TRO,35143021,,"Index Bryol.","1033","1033","1898"
tro-35143026,B,Leskeaceae,,Pseudoleskea,,"attenuata",,"","Broth. & Paris",Accepted,,M,TRO,35143026,,"Rev. Bryol.","31: 57","57","1904"
tro-35143028,B,Leskeaceae,,Pseudoleskea,,"baileyi",,"","Best & Grout",Accepted,,M,TRO,35143028,,"N. Amer. Musci Pleurocarpi","474","474","1917"
tro-35143029,B,Leskeaceae,,Pseudoleskea,,"bicolor",,"","Kindb.",Accepted,,M,TRO,35143029,,"Eur. N. Amer. Bryin.","1: 53","53","1897"
tro-35143030,B,Leskeaceae,,Pseudoleskea,,"brachyclados",,"","(Schwägr.) Kindb.",Accepted,,M,TRO,35143030,,"Mém. Soc. Sci. Nat. Cherbourg","24: 324","324","1884"
tro-35143032,B,Leskeaceae,,Pseudoleskea,,"breidleri",,"","Kindb.",Accepted,,M,TRO,35143032,,"Eur. N. Amer. Bryin.","1: 54","54","1897"
tro-35143037,B,Leskeaceae,,Pseudoleskea,,"capillata",,"","(Mitt.) Sauerb.",Accepted,,M,TRO,35143037,,"Ber. Thätigk. St. Gallischen Naturwiss. Ges.","1877–78: 475 (Gen. Sp. Musc. 2: 739)","475 ","1880"
tro-35143038,B,Leskeaceae,,Pseudoleskea,,"capilliramea",,"","Müll. Hal.",Accepted,,M,TRO,35143038,,"Hedwigia","38: 148","148","1899"
tro-35143040,B,Leskeaceae,,Pseudoleskea,,"catenularia",,"","Müll. Hal.",Accepted,,M,TRO,35143040,,"Nuovo Giorn. Bot. Ital., n.s.,","4: 161","161","1897"
tro-35143041,B,Leskeaceae,,Pseudoleskea,,"catenulata",,"","(Brid. ex Schrad.) Schimp.",Accepted,,M,TRO,35143041,,"Bryol. Eur.","5: 149. 478 (fasc. 49–51 Mon. 3. 2)","149","1852"
tro-35143043,B,Leskeaceae,,Pseudoleskea,,"catenulata",var.,"acuminata","(Culm.) Crundw.",Accepted,,L,TRO,35143043,,"Trans. Brit. Bryol. Soc.","2: 278","278","1956"
tro-35183328,B,Leskeaceae,,Pseudoleskea,,"chilensis",,"","(Lorentz) Ochyra",Accepted,,M,TRO,35183328,,"J. Bryol.","14: 459","459","1987"
tro-35143052,B,Leskeaceae,,Pseudoleskea,,"circinata",,"","(Brid.) Lindb.",Accepted,,M,TRO,35143052,,"Acta Soc. Sci. Fenn.","10: 84","84","1871"
tro-35143053,B,Leskeaceae,,Pseudoleskea,,"claviramea",,"","(Müll. Hal.) A. Jaeger",Accepted,,M,TRO,35143053,,"Ber. Thätigk. St. Gallischen Naturwiss. Ges.","1876–77: 243 (Gen. Sp. Musc. 2: 309)","243 ","1878"
tro-35143063,B,Leskeaceae,,Pseudoleskea,,"coreana",,"","Uno & Takahasi",Accepted,,M,TRO,35143063,,"Bot. Mag. (Tokyo)","54: 31. 2","31","1940"
tro-35143070,B,Leskeaceae,,Pseudoleskea,,"decurvata",,"","(Mitt.) Broth. ex Dixon",Accepted,,M,TRO,35143070,,"Ann. Bryol.","9: 68","68","1937"
tro-35143073,B,Leskeaceae,,Pseudoleskea,,"denudata",,"","(Kindb.) Best",Accepted,,M,TRO,35143073,,"Bull. Torrey Bot. Club","27: 229","229","1900"
tro-35143075,B,Leskeaceae,,Pseudoleskea,,"denudata",var.,"hyperborea","(Kindb.) Meyl.",Accepted,,L,TRO,35143075,,"Ber. Schweiz. Bot. Ges.","50: 490","490","1940"
tro-35143077,B,Leskeaceae,,Pseudoleskea,,"desmioclada",,"","(Müll. Hal.) Kindb.",Accepted,,M,TRO,35143077,,"Enum. Bryin. Exot., suppl. 2,","103","103","1891"
tro-35143078,B,Leskeaceae,,Pseudoleskea,,"dispersa",,"","Müll. Hal.",Accepted,,M,TRO,35143078,,"Bot. Jahrb. Syst.","24: 282","282","1897"
tro-35143083,B,Leskeaceae,,Pseudoleskea,,"falcifolia",,"","Dixon & Thér.",Accepted,,M,TRO,35143083,,"Mélanges Bryol. Lichénol.","75","75","1942"
tro-35143084,B,Leskeaceae,,Pseudoleskea,,"filamentosa",,"","(Dicks. ex With.) C.E.O. Jensen",Accepted,,M,TRO,35143084,,"Meddel. Grønland","3: 341","341","1887"
tro-35143099,B,Leskeaceae,,Pseudoleskea,,"glaberrima",,"","(Kindb.) P. Syd.",Accepted,,M,TRO,35143099,,"Bot. Jahresber. (Just)","35(1): 285","285","1910"
tro-35143100,B,Leskeaceae,,Pseudoleskea,,"gracilis",,"","(Jur.) Schimp.",Accepted,,M,TRO,35143100,,"Syn. Musc. Eur. (ed. 2)","853","853","1876"
tro-35143101,B,Leskeaceae,,Pseudoleskea,,"heterocladioides",,"","Kindb.",Accepted,,M,TRO,35143101,,"Rev. Bryol.","22: 83","83","1895"
tro-35143103,B,Leskeaceae,,Pseudoleskea,,"howei",,"","(Best) L.F. Koch",Accepted,,M,TRO,35143103,,"Rev. Bryol. Lichénol.","24: 224","224","1955"
tro-35143104,B,Leskeaceae,,Pseudoleskea,,"hyperborea",,"","Kindb.",Accepted,,M,TRO,35143104,,"Eur. N. Amer. Bryin.","1: 52","52","1897"
tro-35168259,B,Leskeaceae,,Pseudoleskea,,"iliamniana",,"","(E. Lawton) H.A. Crum, Steere & L.E. Anderson",Accepted,,M,TRO,35168259,,"Bryologist","67: 163","163","1964"
tro-35143106,B,Leskeaceae,,Pseudoleskea,,"imbricata",,"","(Hook. f. & Wilson) Broth.",Accepted,,M,TRO,35143106,,"Nat. Pflanzenfam.","I(3): 1000. 728","1000","1907"
tro-35143107,B,Leskeaceae,,Pseudoleskea,,"incurvata",,"","(Hedw.) Loeske",Accepted,,M,TRO,35143107,,"Hedwigia","50: 313","313","1911"
tro-35217414,B,Leskeaceae,,Pseudoleskea,,"incurvata",f.,"brachyclados","(Schwägr.) C.E.O. Jensen",Accepted,,L,TRO,35217414,,"Skand. Bladmossfl.","411","411","1939"
tro-35217416,B,Leskeaceae,,Pseudoleskea,,"incurvata",f.,"gracillima","(Podp.) Podp.",Accepted,,L,TRO,35217416,,"Consp. Musc. Eur.","532","532","1954"
tro-35143109,B,Leskeaceae,,Pseudoleskea,,"incurvata",var.,"laevior","(Podp.) Podp.",Accepted,,L,TRO,35143109,,"Consp. Musc. Eur.","531","531","1954"
tro-35143110,B,Leskeaceae,,Pseudoleskea,,"incurvata",var.,"meridionalis","(Culm.) Podp.",Accepted,,L,TRO,35143110,,"Consp. Musc. Eur.","531","531","1954"
tro-35143111,B,Leskeaceae,,Pseudoleskea,,"incurvata",var.,"nitidula","(Herzog) Podp.",Accepted,,L,TRO,35143111,,"Consp. Musc. Eur.","531","531","1954"
tro-35143112,B,Leskeaceae,,Pseudoleskea,,"incurvata",var.,"revoluta","(Schiffner) Podp.",Accepted,,L,TRO,35143112,,"Consp. Musc. Eur.","533","533","1954"
tro-35217417,B,Leskeaceae,,Pseudoleskea,,"incurvata",f.,"scabra","(Podp.) Podp.",Accepted,,L,TRO,35217417,,"Consp. Musc. Eur.","531","531","1954"
tro-35143116,B,Leskeaceae,,Pseudoleskea,,"incurvata",var.,"tenella","(Limpr.) Podp.",Accepted,,L,TRO,35143116,,"Consp. Musc. Eur.","533","533","1954"
tro-35183348,B,Leskeaceae,,Pseudoleskea,,"julacea",,"","(Besch. & Cardot) H.A. Crum, Steere & L.E. Anderson",Accepted,,M,TRO,35183348,,"Bryologist","76: 103","103","1973"
tro-35183349,B,Leskeaceae,,Pseudoleskea,,"korjakorum",,"","Lazarenko",Accepted,,M,TRO,35183349,,"Bot. Žurn. (Kiev)","2: 212","212","1945"
tro-35143122,B,Leskeaceae,,Pseudoleskea,,"laevifolia",,"","(Mitt.) A. Jaeger",Accepted,,M,TRO,35143122,,"Ber. Thätigk. St. Gallischen Naturwiss. Ges.","1876–77: 243 (Gen. Sp. Musc. 2: 1061)","243 ","1878"
tro-35143123,B,Leskeaceae,,Pseudoleskea,,"laevissima",,"","Cardot",Accepted,,M,TRO,35143123,,"Bull. Soc. Bot. Genève","3: 285","285","1911"
tro-35143129,B,Leskeaceae,,Pseudoleskea,,"leikipiae",,"","(Müll. Hal.) Paris",Accepted,,M,TRO,35143129,,"Index Bryol.","1036","1036","1898"
tro-35143130,B,Leskeaceae,,Pseudoleskea,,"leskeoides",,"","(Paris) Müll. Hal.",Accepted,,M,TRO,35143130,,"Hedwigia","38: 149","149","1899"
tro-35143135,B,Leskeaceae,,Pseudoleskea,,"macowaniana",,"","Rehmann ex Müll. Hal.",Accepted,,M,TRO,35143135,,"Hedwigia","38: 148","148","1899"
tro-35143136,B,Leskeaceae,,Pseudoleskea,,"macropilum",,"","(Müll. Hal.) E.S. Salmon",Accepted,,M,TRO,35143136,,"J. Linn. Soc., Bot.","34: 471","471","1900"
tro-35143138,B,Leskeaceae,,Pseudoleskea,,"microphylla",,"","(Hedw.) Sauerb.",Accepted,,M,TRO,35143138,,"Ber. Thätigk. St. Gallischen Naturwiss. Ges.","1877–78: 475 (Gen. Sp. Musc. 2: 739)","475 ","1880"
tro-35143139,B,Leskeaceae,,Pseudoleskea,,"minuta",,"","Müll. Hal.",Accepted,,M,TRO,35143139,,"Nuovo Giorn. Bot. Ital., n.s.,","4: 160","160","1897"
tro-35143143,B,Leskeaceae,,Pseudoleskea,,"muricola",,"","(Müll. Hal.) Sauerb.",Accepted,,M,TRO,35143143,,"Ber. Thätigk. St. Gallischen Naturwiss. Ges.","1877–78: 475 (Gen. Sp. Musc. 2: 739)","475 ","1880"
tro-35143145,B,Leskeaceae,,Pseudoleskea,,"obtusiuscula",,"","Renauld & Cardot",Accepted,,M,TRO,35143145,,"Suppl. Prodr. Fl. Bryol. Madagascar","82: 22 f. 3","22 f","1909"
tro-35143148,B,Leskeaceae,,Pseudoleskea,,"orbiculata",,"","(Mitt.) A. Jaeger",Accepted,,M,TRO,35143148,,"Ber. Thätigk. St. Gallischen Naturwiss. Ges.","1876–77: 243 (Gen. Sp. Musc. 2: 309)","243 ","1878"
tro-35143149,B,Leskeaceae,,Pseudoleskea,,"pallida",,"","Best",Accepted,,M,TRO,35143149,,"Bull. Torrey Bot. Club","27: 227. pl. 7","227","1900"
tro-35143151,B,Leskeaceae,,Pseudoleskea,,"papillarioides",,"","Müll. Hal.",Accepted,,M,TRO,35143151,,"Nuovo Giorn. Bot. Ital., n.s.,","3: 118","118","1896"
tro-35143152,B,Leskeaceae,,Pseudoleskea,,"papillosa",,"","(Lindb.) A. Jaeger",Accepted,,M,TRO,35143152,,"Ber. Thätigk. St. Gallischen Naturwiss. Ges.","1876–77: 243 (Gen. Sp. Musc. 2: 309)","243 ","1878"
tro-35143154,B,Leskeaceae,,Pseudoleskea,,"patens",,"","(Lindb.) Kindb.",Accepted,,M,TRO,35143154,,"Canad. Rec. Sci.","6: 20","20","1894"
tro-35143157,B,Leskeaceae,,Pseudoleskea,,"penzigii",,"","Brizi",Accepted,,M,TRO,35143157,,"Malpighia","7: 296","296","1893"
tro-35143158,B,Leskeaceae,,Pseudoleskea,,"perraldieri",,"","Besch.",Accepted,,M,TRO,35143158,,"Cat. Mous. Algérie","33","33","1882"
tro-35143159,B,Leskeaceae,,Pseudoleskea,,"pfundtneri",,"","(Limpr.) Kindb.",Accepted,,M,TRO,35143159,,"Eur. N. Amer. Bryin.","1: 53","53","1897"
tro-35143160,B,Leskeaceae,,Pseudoleskea,,"plagiostoma",,"","Müll. Hal.",Accepted,,M,TRO,35143160,,"Nuovo Giorn. Bot. Ital.","4: 20","20","1872"
tro-35143163,B,Leskeaceae,,Pseudoleskea,,"plicata",,"","(Schleich. ex F. Weber & D. Mohr) Kindb.",Accepted,,M,TRO,35143163,,"Eur. N. Amer. Bryin.","1: 51","51","1897"
tro-35143165,B,Leskeaceae,,Pseudoleskea,,"praelonga",,"","Schimp. ex Besch.",Accepted,,M,TRO,35143165,,"Mém. Soc. Sci. Nat. Cherbourg","16: 233","233","1872"
tro-35143166,B,Leskeaceae,,Pseudoleskea,,"prionophylla",,"","(Müll. Hal.) Bosch & Sande Lac.",Accepted,,M,TRO,35143166,,"Bryol. Jav.","2: 124. 227","124","1867"
tro-35143167,B,Leskeaceae,,Pseudoleskea,,"pseudoattenuata",,"","(Müll. Hal.) Broth.",Accepted,,M,TRO,35143167,,"Nat. Pflanzenfam.","I(3): 1000","1000","1907"
tro-35143168,B,Leskeaceae,,Pseudoleskea,,"pseudogracilis",,"","(Müll. Hal.) Paris",Accepted,,M,TRO,35143168,,"Index Bryol.","1037","1037","1898"
tro-35143172,B,Leskeaceae,,Pseudoleskea,,"radicosa",,"","(Mitt.) Macoun & Kindb.",Accepted,,M,TRO,35143172,,"Cat. Canad. Pl., Musci","181","181","1892"
tro-35143179,B,Leskeaceae,,Pseudoleskea,,"radicosa",var.,"denudata","(Kindb.) Wijk & Margad.",Accepted,,L,TRO,35143179,,"Taxon","9: 191","191","1960"
tro-35217420,B,Leskeaceae,,Pseudoleskea,,"radicosa",f.,"jemtlandica","(Kindb.) C.E.O. Jensen",Accepted,,L,TRO,35217420,,"Skand. Bladmossfl.","412","412","1939"
tro-35143186,B,Leskeaceae,,Pseudoleskea,,"ramuligera",,"","(Mitt.) Sauerb. & A. Jaeger",Accepted,,M,TRO,35143186,,"Ber. Thätigk. St. Gallischen Naturwiss. Ges.","1877–78: 475 (Gen. Sp. Musc. 2: 739)","475 ","1880"
tro-35143193,B,Leskeaceae,,Pseudoleskea,,"rupestris",,"","(Berggr.) Kindb.",Accepted,,M,TRO,35143193,,"Bih. Kongl. Svenska Vetensk.-Akad. Handl.","7(9): 6","6","1883"
tro-35143195,B,Leskeaceae,,Pseudoleskea,,"saviana",,"","(De Not.) Latzel",Accepted,,M,TRO,35143195,,"Beih. Bot. Centralbl., Abt. 2","48(2): 499","499","1931"
tro-35168263,B,Leskeaceae,,Pseudoleskea,,"saxicola",,"","(Schimp.) H.A. Crum, Steere & L.E. Anderson",Accepted,,M,TRO,35168263,,"Bryologist","67: 164","164","1964"
tro-35143201,B,Leskeaceae,,Pseudoleskea,,"scopula",,"","(Mitt.) Sauerb.",Accepted,,M,TRO,35143201,,"Ber. Thätigk. St. Gallischen Naturwiss. Ges.","1877–78: 477 (Gen. Sp. Musc. 2: 741)","477 ","1880"
tro-35143202,B,Leskeaceae,,Pseudoleskea,,"secunda",,"","(Arnold) Broth.",Accepted,,M,TRO,35143202,,"Nat. Pflanzenfam. (ed. 2)","11: 307","307","1925"
tro-35143203,B,Leskeaceae,,Pseudoleskea,,"semensis",,"","(Müll. Hal.) A. Jaeger",Accepted,,M,TRO,35143203,,"Ber. Thätigk. St. Gallischen Naturwiss. Ges.","1876–77: 243 (Gen. Sp. Musc. 2: 309)","243 ","1878"
tro-35143205,B,Leskeaceae,,Pseudoleskea,,"setschwanica",,"","Broth.",Accepted,,M,TRO,35143205,,"Akad. Wiss. Wien Sitzungsber., Math.-Naturwiss. Kl., Abt. 1,","133: 579","579","1924"
tro-35143206,B,Leskeaceae,,Pseudoleskea,,"siambonica",,"","Müll. Hal.",Accepted,,M,TRO,35143206,,"Hedwigia","36: 138","138","1897"
tro-35143208,B,Leskeaceae,,Pseudoleskea,,"stellatifolia",,"","(Hampe) Sauerb.",Accepted,,M,TRO,35143208,,"Ber. Thätigk. St. Gallischen Naturwiss. Ges.","1877–78: 475 (Gen. Sp. Musc. 2: 739)","475 ","1880"
tro-35143209,B,Leskeaceae,,Pseudoleskea,,"stenophylla",,"","Renauld & Cardot",Accepted,,M,TRO,35143209,,"Bot. Centralbl.","44: 421","421","1890"
tro-35143210,B,Leskeaceae,,Pseudoleskea,,"stratosa",,"","(Mitt.) Sauerb.",Accepted,,M,TRO,35143210,,"Ber. Thätigk. St. Gallischen Naturwiss. Ges.","1877–78: 475 (Gen. Sp. Musc. 2: 739)","475 ","1879"
tro-35143211,B,Leskeaceae,,Pseudoleskea,,"striata",,"","(Schwägr.) Dixon",Accepted,,M,TRO,35143211,,"Stud. Handb. Brit. Mosses (ed. 3)","422","422","1924"
tro-35143221,B,Leskeaceae,,Pseudoleskea,,"subulacea",,"","(Mitt.) Sauerb.",Accepted,,M,TRO,35143221,,"Ber. Thätigk. St. Gallischen Naturwiss. Ges.","1877–78: 477 (Gen. Sp. Musc. 2: 741)","477 ","1880"
tro-35143224,B,Leskeaceae,,Pseudoleskea,,"tectorum",,"","(Funck ex Brid.) Schimp.",Accepted,,M,TRO,35143224,,"Syn. Musc. Eur. (ed. 2)","605","605","1876"
tro-35143230,B,Leskeaceae,,Pseudoleskea,,"tonkinensis",,"","Besch.",Accepted,,M,TRO,35143230,,"Bull. Soc. Bot. France","34: 98","98","1887"
tro-35217975,B,Leskeaceae,,Pseudoleskea,,"tribulosa",,"","Shevock & W.R. Buck",Accepted,,M,TRO,35217975,,"Bryologist","112: 184","184","2009"
tro-35143231,B,Leskeaceae,,Pseudoleskea,,"trichodes",,"","Besch.",Accepted,,M,TRO,35143231,,"Bull. Soc. Bot. France","34: 98","98","1887"
tro-35143235,B,Leskeaceae,,Pseudoleskea,,"wallichii",,"","(Mitt.) Sauerb.",Accepted,,M,TRO,35143235,,"Ber. Thätigk. St. Gallischen Naturwiss. Ges.","1877–78: 475 (Gen. Sp. Musc. 2: 739)","475 ","1880"
tro-35143237,B,Leskeaceae,,Pseudoleskea,,"yuennanensis",,"","Broth.",Accepted,,M,TRO,35143237,,"Akad. Wiss. Wien Sitzungsber., Math.-Naturwiss. Kl., Abt. 1,","133: 579","579","1924"
tro-35143238,B,Leskeaceae,,Pseudoleskea,,"zippelii",,"","(Dozy & Molk.) Bosch & Sande Lac.",Accepted,,M,TRO,35143238,,"Bryol. Jav.","2: 126","126","1867"
tro-35143240,B,Leskeaceae,,Pseudoleskeella,,"arizonae",,"","(R.S. Williams) E. Lawton",Accepted,,M,TRO,35143240,,"Bull. Torrey Bot. Club","84: 351","351","1957"
tro-35143241,B,Leskeaceae,,Pseudoleskeella,,"catenulata",,"","(Brid. ex Schrad.) Kindb.",Accepted,,M,TRO,35143241,,"Eur. N. Amer. Bryin.","1: 48","48","1897"
tro-35143246,B,Leskeaceae,,Pseudoleskeella,,"catenulata",var.,"ambigua","(J.J. Amann) J.J. Amann",Accepted,,L,TRO,35143246,,"Fl. Mouss. Suisse","3: 131","131","1933"
tro-35217423,B,Leskeaceae,,Pseudoleskeella,,"catenulata",f.,"brevifolia","(J.J. Amann) Podp.",Accepted,,L,TRO,35217423,,"Consp. Musc. Eur.","528","528","1954"
tro-35217424,B,Leskeaceae,,Pseudoleskeella,,"catenulata",f.,"filescens","(Boulay) H. Möller",Accepted,,L,TRO,35217424,,"Ark. Bot.","15: 58","58","1918"
tro-35217405,B,Leskeaceae,,Pseudoleskeella,,"catenulata",f.,"latifolia","(Mönk.) Podp.",Accepted,,L,TRO,35217405,,"Consp. Musc. Eur.","528","528","1954"
tro-35143249,B,Leskeaceae,,Pseudoleskeella,,"catenulata",var.,"laxifolia","(Kindb.) Zmuda",Accepted,,L,TRO,35143249,,"Bull. Int. Acad. Sci. Cracovie, Cl. Sci. Math., Sér. B, Sci. Nat.","1915: 131","131","1915"
tro-35217406,B,Leskeaceae,,Pseudoleskeella,,"catenulata",f.,"macrophylla","(Roll) Podp.",Accepted,,L,TRO,35217406,,"Consp. Musc. Eur.","528","528","1954"
tro-35217407,B,Leskeaceae,,Pseudoleskeella,,"catenulata",f.,"rebusta","(Meyl.) Podp.",Accepted,,L,TRO,35217407,,"Consp. Musc. Eur.","528","528","1954"
tro-35143243,B,Leskeaceae,,Pseudoleskeella,,"catenulata",subsp.,"remotifolia","(Lindb. ex Broth.) Podp.",Accepted,,L,TRO,35143243,,"Consp. Musc. Eur.","528","528","1954"
tro-35204517,B,Leskeaceae,,Pseudoleskeella,,"catenulata",f.,"ursorum","(J.J. Amann) Podp.",Accepted,,L,TRO,35204517,,"Consp. Musc. Eur.","528","528","1954"
tro-35143251,B,Leskeaceae,,Pseudoleskeella,,"denticulata",,"","(Sull.) Kindb.",Accepted,,M,TRO,35143251,,"Eur. N. Amer. Bryin.","1: 47","47","1897"
tro-35143252,B,Leskeaceae,,Pseudoleskeella,,"glaberrima",,"","Kindb.",Accepted,,M,TRO,35143252,,"Rev. Bryol.","34: 87","87","1907"
tro-35143253,B,Leskeaceae,,Pseudoleskeella,,"heteroptera",,"","(Brid.) Kindb.",Accepted,,M,TRO,35143253,,"Eur. N. Amer. Bryin.","1: 47","47","1897"
tro-35143254,B,Leskeaceae,,Pseudoleskeella,,"homalostegia",,"","(Müll. Hal.) Kindb.",Accepted,,M,TRO,35143254,,"Eur. N. Amer. Bryin.","1: 48","48","1897"
tro-35143256,B,Leskeaceae,,Pseudoleskeella,,"laxiramea",,"","(Schiffner) Broth.",Accepted,,M,TRO,35143256,,"Nat. Pflanzenfam. (ed. 2)","11: 304","304","1925"
tro-35143258,B,Leskeaceae,,Pseudoleskeella,,"malacoclada",,"","(Müll. Hal. & Kindb.) Kindb.",Accepted,,M,TRO,35143258,,"Eur. N. Amer. Bryin.","1: 49","49","1897"
tro-35143259,B,Leskeaceae,,Pseudoleskeella,,"mildeana",,"","(De Not.) J.J. Amann",Accepted,,M,TRO,35143259,,"Bull. Soc. Vaud. Sci. Nat.","3: 132","132","1933"
tro-35168954,B,Leskeaceae,,Pseudoleskeella,,"nervosa",,"","(Brid.) Nyholm",Accepted,,M,TRO,35168954,,"Ill. Moss Fl. Fennoscandia. II. Musci","776","776","1969"
tro-35143260,B,Leskeaceae,,Pseudoleskeella,,"occidentalis",,"","(Kindb.) Kindb.",Accepted,,M,TRO,35143260,,"Eur. N. Amer. Bryin.","1: 48","48","1897"
tro-35143261,B,Leskeaceae,,Pseudoleskeella,,"papillosa",,"","(Lindb.) Kindb.",Accepted,,M,TRO,35143261,,"Eur. N. Amer. Bryin.","1: 49","49","1897"
tro-35186954,B,Leskeaceae,,Pseudoleskeella,,"rupestris",,"","(Berggr.) Hedenäs & L. Söderstr.",Accepted,,M,TRO,35186954,,"Lindbergia","17: 64","64","1991"
tro-35183935,B,Leskeaceae,,Pseudoleskeella,,"serpentinensis",,"","P.S. Wilson & D.H. Norris",Accepted,,M,TRO,35183935,,"Bryologist","92: 391. f. 30–39","391","1989"
tro-35183934,B,Leskeaceae,,Pseudoleskeella,,"sibirica",,"","(Arnell) P.S. Wilson & D.H. Norris",Accepted,,M,TRO,35183934,,"Bryologist","92: 390","390","1989"
tro-35143262,B,Leskeaceae,,Pseudoleskeella,,"tectorum",,"","(Funck ex Brid.) Kindb. ex Broth.",Accepted,,M,TRO,35143262,,"Nat. Pflanzenfam.","I(3): 997","997","1907"
tro-35143267,B,Leskeaceae,,Pseudoleskeella,,"vancouveriensis",,"","(Kindb.) Kindb.",Accepted,,M,TRO,35143267,,"Eur. N. Amer. Bryin.","1: 47","47","1897"
tro-35168266,B,Leskeaceae,,Pseudoleskeella,,"williamsii",,"","(Best) H.A. Crum, Steere & L.E. Anderson",Accepted,,M,TRO,35168266,,"Bryologist","67: 164","164","1964"
tro-35143268,B,Leskeaceae,,Pseudoleskeella,,"wollei",,"","(Austin) Kindb.",Accepted,,M,TRO,35143268,,"Eur. N. Amer. Bryin.","1: 49","49","1897"
tro-35143271,B,Leskeaceae,,Pseudoleskeopsis,,"acutissima",,"","Broth.",Accepted,,M,TRO,35143271,,"Philipp. J. Sci.","13: 214","214","1918"
tro-35143272,B,Leskeaceae,,Pseudoleskeopsis,,"annamensis",,"","Broth. & Paris",Accepted,,M,TRO,35143272,,"Rev. Bryol.","38: 56","56","1911"
tro-35143273,B,Leskeaceae,,Pseudoleskeopsis,,"artariae",,"","(Thér.) Thér.",Accepted,,M,TRO,35143273,,"Ann. Cryptog. Exot.","2: 20","20","1929"
tro-35208645,B,Leskeaceae,,Pseudoleskeopsis,,"bollei",,"","(Broth. & Geh.) P. Rao",Accepted,,M,TRO,35208645,,"Bryobrothera","7: 107","107","2001"
tro-35143274,B,Leskeaceae,,Pseudoleskeopsis,,"claviramea",,"","(Müll. Hal.) Thér.",Accepted,,M,TRO,35143274,,"Ann. Cryptog. Exot.","2: 20","20","1929"
tro-35143276,B,Leskeaceae,,Pseudoleskeopsis,,"compressa",,"","(Mitt.) Broth.",Accepted,,M,TRO,35143276,,"Nat. Pflanzenfam.","I(3): 1024","1024","1908"
tro-35143282,B,Leskeaceae,,Pseudoleskeopsis,,"imbricata",,"","(Hook. f. & Wilson) Thér.",Accepted,,M,TRO,35143282,,"Ann. Cryptog. Exot.","2: 20","20","1929"
tro-35143283,B,Leskeaceae,,Pseudoleskeopsis,,"integrifolia",,"","Broth.",Accepted,,M,TRO,35143283,,"Symb. Sin.","4: 95","95","1929"
tro-35168627,B,Leskeaceae,,Pseudoleskeopsis,,"japonica",,"","(Sull.) Z. Iwats.",Accepted,,M,TRO,35168627,,"J. Hattori Bot. Lab.","29: 58","58","1966"
tro-35143285,B,Leskeaceae,,Pseudoleskeopsis,,"leikipiae",,"","(Müll. Hal.) Thér.",Accepted,,M,TRO,35143285,,"Ann. Cryptog. Exot.","2: 20","20","1929"
tro-35163038,B,Leskeaceae,,Pseudoleskeopsis,,"lutescens",,"","(Cardot) Broth.",Accepted,,M,TRO,35163038,,"Nat. Pflanzenfam. (ed. 2)","11: 308","308","1925"
tro-35143288,B,Leskeaceae,,Pseudoleskeopsis,,"mollicula",,"","Cardot",Accepted,,M,TRO,35143288,,"Bull. Soc. Bot. Genève","5: 317","317","1913"
tro-35143289,B,Leskeaceae,,Pseudoleskeopsis,,"occidentalis",,"","(Kindb.) Grout",Accepted,,M,TRO,35143289,,"Check List Pleuroc. Moss. N. Amer.","25","25","1929"
tro-35143290,B,Leskeaceae,,Pseudoleskeopsis,,"orbiculata",,"","(Mitt.) Broth.",Accepted,,M,TRO,35143290,,"Nat. Pflanzenfam.","I(3): 1003","1003","1907"
tro-35143291,B,Leskeaceae,,Pseudoleskeopsis,,"orbiculata",var.,"laticuspis","(Cardot) Thér.",Accepted,,L,TRO,35143291,,"Ann. Cryptog. Exot.","2: 15","15","1929"
tro-35143292,B,Leskeaceae,,Pseudoleskeopsis,,"osterwaldii",,"","M. Fleisch.",Accepted,,M,TRO,35143292,,"Musci Buitenzorg","4: 1668","1668","1923"
tro-35143294,B,Leskeaceae,,Pseudoleskeopsis,,"pseudo-attenuata",,"","(Müll. Hal.) Thér.",Accepted,,M,TRO,35143294,,"Ann. Cryptog. Exot.","2: 20","20","1929"
tro-35143300,B,Leskeaceae,,Pseudoleskeopsis,,"tosana",,"","Cardot",Accepted,,M,TRO,35143300,,"Bull. Soc. Bot. Genève","5: 317","317","1913"
tro-35143302,B,Leskeaceae,,Pseudoleskeopsis,,"unilateralis",,"","Dixon",Accepted,,M,TRO,35143302,,"Kongel. Norske Vidensk. Selsk. Forh.","1932(4): 17. 4","17","1932"
tro-35143303,B,Leskeaceae,,Pseudoleskeopsis,,"zippelii",,"","(Dozy & Molk.) Broth.",Accepted,,M,TRO,35143303,,"Nat. Pflanzenfam.","I(3): 1003","1003","1907"
tro-35169674,B,Leskeaceae,,Rigodiadelphus,,"arcuatus",,"","(Nog.) Nog.",Accepted,,M,TRO,35169674,,"Misc. Bryol. Lichenol.","6: 95","95","1973"
tro-35169675,B,Leskeaceae,,Rigodiadelphus,,"robustus",,"","(Lindb.) Nog.",Accepted,,M,TRO,35169675,,"Misc. Bryol. Lichenol.","6: 95","95","1973"
tro-35149676,B,Leskeaceae,,Schwetschkea,,"applanata",,"","(Thwaites & Mitt.) Broth.",Accepted,,M,TRO,35149676,,"Nat. Pflanzenfam.","I(3): 908","908","1907"
tro-35149677,B,Leskeaceae,,Schwetschkea,,"arachnoidea",,"","Sakurai",Accepted,,M,TRO,35149677,,"Bot. Mag. (Tokyo)","48: 388","388","1937"
tro-35149679,B,Leskeaceae,,Schwetschkea,,"boliviana",,"","(Müll. Hal. ex E. Britton) Müll. Hal.",Accepted,,M,TRO,35149679,,"Nuovo Giorn. Bot. Ital., n.s.,","4: 145","145","1897"
tro-35149680,B,Leskeaceae,,Schwetschkea,,"brevipes",,"","(Broth. & Paris) Broth.",Accepted,,M,TRO,35149680,,"Nat. Pflanzenfam.","I(3): 1232","1232","1909"
tro-35149682,B,Leskeaceae,,Schwetschkea,,"brotheri",,"","Dusén",Accepted,,M,TRO,35149682,,"Kongl. Svenska Vetensk. Acad. Handl., n.s.","28(2): 54. a–e, 1 f. 9","54","1895"
tro-35184123,B,Leskeaceae,,Schwetschkea,,"capillifolia",,"","Dixon",Accepted,,M,TRO,35184123,,"Repert. Spec. Nov. Regni Veg.","38: 101","101","1935"
tro-35149684,B,Leskeaceae,,Schwetschkea,,"courtoisii",,"","Broth. & Paris",Accepted,,M,TRO,35149684,,"Rev. Bryol.","35: 127","127","1908"
tro-35149688,B,Leskeaceae,,Schwetschkea,,"enervis",,"","Sakurai",Accepted,,M,TRO,35149688,,"Bot. Mag. (Tokyo)","49: 142","142","1935"
tro-35149689,B,Leskeaceae,,Schwetschkea,,"fabronioides",,"","(Welw. & Duby) Broth.",Accepted,,M,TRO,35149689,,"Nat. Pflanzenfam.","I(3): 908","908","1907"
tro-35149690,B,Leskeaceae,,Schwetschkea,,"formosica",,"","Cardot",Accepted,,M,TRO,35149690,,"Beih. Bot. Centralbl., Abt. 2","19(2): 125. f. 21","125","1905"
tro-35149694,B,Leskeaceae,,Schwetschkea,,"grateloupii",,"","(Mont.) Müll. Hal.",Accepted,,M,TRO,35149694,,"Linnaea","39: 433","433","1875"
tro-35149695,B,Leskeaceae,,Schwetschkea,,"guatemaliensis",,"","Müll. Hal.",Accepted,,M,TRO,35149695,,"Linnaea","39: 434","434","1875"
tro-35149696,B,Leskeaceae,,Schwetschkea,,"gymnostoma",,"","Thér.",Accepted,,M,TRO,35149696,,"Monde Pl.","9(45): 22","22","1907"
tro-35149697,B,Leskeaceae,,Schwetschkea,,"incerta",,"","Thér.",Accepted,,M,TRO,35149697,,"Ann. Cryptog. Exot.","5: 178. ic","178","1932"
tro-35149698,B,Leskeaceae,,Schwetschkea,,"indica",,"","Broth.",Accepted,,M,TRO,35149698,,"Rec. Bot. Surv. India","1(12): 328","328","1899"
tro-35149700,B,Leskeaceae,,Schwetschkea,,"javensis",,"","M. Fleisch.",Accepted,,M,TRO,35149700,,"Musci Buitenzorg","4: 1131. 188 f. 1. 2. 1923","1131","1923"
tro-35149703,B,Leskeaceae,,Schwetschkea,,"laxa",,"","(Wilson) A. Jaeger",Accepted,,M,TRO,35149703,,"Ber. Thätigk. St. Gallischen Naturwiss. Ges.","1876–77: 222 (Gen. Sp. Musc. 2: 288)","222 ","1878"
tro-35149705,B,Leskeaceae,,Schwetschkea,,"matsumurae",,"","Besch.",Accepted,,M,TRO,35149705,,"J. Bot. (Morot)","13: 40","40","1899"
tro-35149706,B,Leskeaceae,,Schwetschkea,,"minuta",,"","Müll. Hal.",Accepted,,M,TRO,35149706,,"Nuovo Giorn. Bot. Ital., n.s.,","4: 145","145","1897"
tro-35149708,B,Leskeaceae,,Schwetschkea,,"papillata",,"","Besch.",Unresolved,,L,TRO,35149708,,"Bull. Soc. Bot. Genève","3: 277","277","1911"
tro-35183338,B,Leskeaceae,,Schwetschkea,,"peracuminata",,"","Demaret & J.-F. Leroy",Accepted,,M,TRO,35183338,,"Explor. Parc Natl. Albert, Mission Lebrun","6: 45. f. 50–54","45","1944"
tro-35149710,B,Leskeaceae,,Schwetschkea,,"pygmaea",,"","(Dozy & Molk.) Müll. Hal.",Accepted,,M,TRO,35149710,,"Linnaea","39: 434","434","1875"
tro-35149713,B,Leskeaceae,,Schwetschkea,,"schweinfurthii",,"","Müll. Hal.",Accepted,,M,TRO,35149713,,"Linnaea","39: 432","432","1875"
tro-35149714,B,Leskeaceae,,Schwetschkea,,"sinensis",,"","Müll. Hal.",Accepted,,M,TRO,35149714,,"Nuovo Giorn. Bot. Ital., n.s.,","3: 111","111","1896"
tro-35149715,B,Leskeaceae,,Schwetschkea,,"sinica",,"","Broth. & Paris",Accepted,,M,TRO,35149715,,"Rev. Bryol.","38: 56","56","1911"
tro-35149716,B,Leskeaceae,,Schwetschkea,,"sublaxa",,"","Broth. & Paris",Accepted,,M,TRO,35149716,,"Rev. Bryol.","35: 41","41","1908"
tro-35149717,B,Leskeaceae,,Schwetschkea,,"usambarica",,"","Broth.",Accepted,,M,TRO,35149717,,"Bot. Jahrb. Syst.","20: 209","209","1894"
