﻿ID,Major group,Family,Genus hybrid marker,Genus,Species hybrid marker,Species,Infraspecific rank,Infraspecific epithet,Authorship,Taxonomic status in TPL,Nomenclatural status from original data source,Confidence level,Source,Source id,IPNI id,Publication,Collation,Page,Date
tro-35102610,B,Leucodontaceae,,Alsia,,"abietina",,"","(Hook.) Sull.",Accepted,,M,TRO,35102610,,"Icon. Musc.","115. 72b","115","1864"
tro-35102611,B,Leucodontaceae,,Alsia,,"californica",,"","(Hook. & Arn.) Sull.",Accepted,,M,TRO,35102611,,"Proc. Amer. Acad. Arts","3: 185","185","1855"
tro-35102618,B,Leucodontaceae,,Alsia,,"macounii",,"","Kindb.",Unresolved,,L,TRO,35102618,,"Bull. Torrey Bot. Club","17: 275","275","1890"
tro-35160981,B,Leucodontaceae,,Alsia,,"smithii",,"","(Hedw.) Lindb.",Accepted,,M,TRO,35160981,,"Brit. Moss Fl.","3: 206. pl. 122: A","206","1905"
tro-35178526,B,Leucodontaceae,,Antitrichia,,"californica",,"","Sull.",Accepted,,M,TRO,35178526,,"Trans. Amer. Philos. Soc.","13: 11","11","1865"
tro-35178528,B,Leucodontaceae,,Antitrichia,,"curtipendula",,"","(Timm ex Hedw.) Brid.",Accepted,,M,TRO,35178528,,"Muscol. Recent. Suppl.","4: 136","136","1819"
tro-35136125,B,Leucodontaceae,,Antitrichia,,"curtipendula",subsp.,"gigantea","(Sull. & Lesq.) Perss.",Accepted,,L,TRO,35136125,,"Lindbergia","9: 16","16","1983"
tro-35178543,B,Leucodontaceae,,Antitrichia,,"kilimandscharica",,"","Broth.",Accepted,,M,TRO,35178543,,"Bot. Jahrb. Syst.","24: 254","254","1897"
tro-35178546,B,Leucodontaceae,,Antitrichia,,"pseudocalifornia",,"","Kindb.",Accepted,,M,TRO,35178546,,"Eur. N. Amer. Bryin.","1: 9","9","1897"
tro-35179151,B,Leucodontaceae,,Astrodontium,,"canariense",,"","(Brid.) Schwägr.",Accepted,,M,TRO,35179151,,"Sp. Musc. Frond., Suppl. 2","2: 128. pl. 134","128","1824"
tro-35179153,B,Leucodontaceae,,Astrodontium,,"cryptotheca",,"","(Hampe) Schimp.",Accepted,,M,TRO,35179153,,"Mém. Soc. Sci. Nat. Cherbourg","16: 217","217","1872"
tro-35179154,B,Leucodontaceae,,Astrodontium,,"curvirostre",,"","(Hampe) Schimp.",Accepted,,M,TRO,35179154,,"Mém. Soc. Sci. Nat. Cherbourg","16: 218","218","1872"
tro-35179157,B,Leucodontaceae,,Astrodontium,,"secundum",,"","(Harv.) Besch.",Accepted,,M,TRO,35179157,,"Ann. Sci. Nat., Bot., sér. 7,","15: 73","73","1892"
tro-35113744,B,Leucodontaceae,,Bestia,,"breweriana",,"","(Lesq.) Grout",Accepted,,M,TRO,35113744,,"Moss Fl. N. Amer.","3: 10","10","1928"
tro-35113747,B,Leucodontaceae,,Bestia,,"cristata",,"","(Hampe) L.F. Koch",Accepted,,M,TRO,35113747,,"Leafl. W. Bot.","6: 25","25","1950"
tro-35113750,B,Leucodontaceae,,Bestia,,"holzingeri",,"","(Renauld & Cardot) Broth.",Accepted,,M,TRO,35113750,,"Nat. Pflanzenfam.","I(3): 858","858","1906"
tro-35113751,B,Leucodontaceae,,Bestia,,"longipes",,"","(Sull. & Lesq.) Broth.",Accepted,,M,TRO,35113751,,"Nat. Pflanzenfam.","I(3): 859","859","1906"
tro-35113752,B,Leucodontaceae,,Bestia,,"obtusatula",,"","(Kindb.) Broth.",Accepted,,M,TRO,35113752,,"Nat. Pflanzenfam.","I(3): 858","858","1906"
tro-35113753,B,Leucodontaceae,,Bestia,,"occidentalis",,"","(Kindb.) Grout",Accepted,,M,TRO,35113753,,"Moss Fl. N. Amer.","3: 264","264","1934"
tro-35161312,B,Leucodontaceae,,Bestia,,"vancouveriensis",,"","(Kindb.) Wijk & Margad.",Accepted,,M,TRO,35161312,,"Taxon","10: 24","24","1961"
tro-35100869,B,Leucodontaceae,,Dendroalsia,,"abietina",,"","(Hook.) E. Britton",Accepted,,M,TRO,35100869,,"Nat. Pflanzenfam.","I(3): 1214","1214","1909"
tro-35100871,B,Leucodontaceae,,Dendroalsia,,"circinnata",,"","(Sull.) E. Britton",Accepted,,M,TRO,35100871,,"Nat. Pflanzenfam.","I(3): 1214","1214","1909"
tro-35132965,B,Leucodontaceae,,Dozya,,"breviseta",,"","Dixon",Accepted,,M,TRO,35132965,,"Trav. Bryol.","1[13]: 12","12","1942"
tro-35132966,B,Leucodontaceae,,Dozya,,"chloroclados",,"","Paris",Unresolved,,L,TRO,35132966,,"Bull. Herb. Boissier, sér. 2,","2: 925","925","1902"
tro-35132967,B,Leucodontaceae,,Dozya,,"japonica",,"","Sande Lac.",Accepted,,M,TRO,35132967,,"Ann. Mus. Bot. Lugduno-Batavi","2: 296","296","1866"
tro-35133614,B,Leucodontaceae,,Dusenia,,"fruticella",,"","(Mitt.) Müll. Hal.",Accepted,,M,TRO,35133614,,"Hedwigia","59: 214","214","1917"
tro-35133615,B,Leucodontaceae,,Dusenia,,"incrassata",,"","Broth.",Accepted,,M,TRO,35133615,,"Bot. Jahrb. Syst.","20: 195","195","1894"
tro-35133628,B,Leucodontaceae,,Dusenia,,"ulei",,"","Müll. Hal.",Accepted,,M,TRO,35133628,,"Hedwigia","36: 107","107","1897"
tro-35140596,B,Leucodontaceae,,Eoleucodon,,"pacificus",,"","(Schimp. ex Besch.) H.A. Mill. & H. Whittier",Accepted,,M,TRO,35140596,,"Phytologia","40: 254","254","1978"
tro-35208483,B,Leucodontaceae,,Felipponea,,"assimilis",,"","(Müll. Hal.) O'Shea",Accepted,,M,TRO,35208483,,"Trop. Bryol.","20: 47","47","2001"
tro-35184097,B,Leucodontaceae,,Felipponea,,"esquirolii",,"","(Thér.) H. Akiy.",Accepted,,M,TRO,35184097,,"J. Jap. Bot.","63: 265","265","1988"
tro-35180257,B,Leucodontaceae,,Felipponea,,"hollermayeri",,"","Thér.",Accepted,,M,TRO,35180257,,"Revista Chilena Hist. Nat.","39: 20. 3 f. 10–19","20","1935"
tro-35180258,B,Leucodontaceae,,Felipponea,,"montevidensis",,"","(Müll. Hal.) Broth.",Accepted,,M,TRO,35180258,,"Nat. Pflanzenfam. (ed. 2)","11: 93","93","1925"
tro-35160128,B,Leucodontaceae,,Forsstroemia,,"borgenii",,"","(Renauld & Cardot) Paris",Accepted,,M,TRO,35160128,,"Index Bryol. (ed. 2)","2: 242","242","1904"
tro-35186359,B,Leucodontaceae,,Forsstroemia,,"canariensis",,"","(Renauld & Cardot) Enroth",Accepted,,M,TRO,35186359,,"J. Hattori Bot. Lab.","71: 79","79","1992"
tro-35160130,B,Leucodontaceae,,Forsstroemia,,"coronata",,"","(Mont.) Paris",Accepted,,M,TRO,35160130,,"Index Bryol.","498","498","1896"
tro-35160132,B,Leucodontaceae,,Forsstroemia,,"cryphaeoides",,"","Cardot",Accepted,,M,TRO,35160132,,"Bull. Soc. Bot. Genève","1: 132","132","1909"
tro-35160134,B,Leucodontaceae,,Forsstroemia,,"cuspidata",,"","(Müll. Hal.) Broth.",Accepted,,L,TRO,35160134,,"Bih. Kongl. Svenska Vetensk.-Akad. Handl.","26 Afd. 3(7): 39","39","1900"
tro-35160138,B,Leucodontaceae,,Forsstroemia,,"flagellacea",,"","(Müll. Hal.) Paris",Accepted,,M,TRO,35160138,,"Index Bryol.","498,","498,","1896"
tro-35160139,B,Leucodontaceae,,Forsstroemia,,"floridana",,"","(Lindb.) Kindb.",Accepted,,M,TRO,35160139,,"Eur. N. Amer. Bryin.","1: 7","7","1897"
tro-35160141,B,Leucodontaceae,,Forsstroemia,,"geniculata",,"","(Mitt.) Paris",Accepted,,M,TRO,35160141,,"Index Bryol.","499","499","1896"
tro-100367150,B,Leucodontaceae,,Forsstroemia,,"goughiana",,"","(Mitt.) S. Olsson, Enroth & D. Quandt",Accepted,,M,TRO,100367150,,"Taxon","60(1): 45","45","2011"
tro-35160142,B,Leucodontaceae,,Forsstroemia,,"immersa",,"","(Sull. & Lesq.) Kindb.",Accepted,,M,TRO,35160142,,"Eur. N. Amer. Bryin.","1: 7","7","1897"
tro-35160144,B,Leucodontaceae,,Forsstroemia,,"incrassata",,"","(Broth.) Paris",Accepted,,M,TRO,35160144,,"Index Bryol.","499","499","1896"
tro-35160145,B,Leucodontaceae,,Forsstroemia,,"indica",,"","(Mont.) Paris",Accepted,,M,TRO,35160145,,"Index Bryol.","499","499","1896"
tro-35160146,B,Leucodontaceae,,Forsstroemia,,"japonica",,"","(Besch.) Paris",Accepted,,M,TRO,35160146,,"Index Bryol.","499","499","1896"
tro-35168839,B,Leucodontaceae,,Forsstroemia,,"lasioides",,"","(Müll. Hal.) Nog.",Accepted,,M,TRO,35168839,,"Misc. Bryol. Lichenol.","5: 28","28","1969"
tro-35160150,B,Leucodontaceae,,Forsstroemia,,"mexicana",,"","Cardot",Accepted,,M,TRO,35160150,,"Rev. Bryol.","37: 6","6","1910"
tro-35160152,B,Leucodontaceae,,Forsstroemia,,"neckeroides",,"","Broth.",Accepted,,M,TRO,35160152,,"Rev. Bryol., n.s.","2: 7","7","1929"
tro-35167979,B,Leucodontaceae,,Forsstroemia,,"noguchii",,"","L. R. Stark",Accepted,,M,TRO,35167979,,"Misc. Bryol. Lichenol.","9: 182. f. 1","182","1983"
tro-35160154,B,Leucodontaceae,,Forsstroemia,,"occulta",,"","(Besch.) Paris",Accepted,,M,TRO,35160154,,"Index Bryol.","498","498","1896"
tro-35160157,B,Leucodontaceae,,Forsstroemia,,"producta",,"","(Hornsch.) Paris",Accepted,,M,TRO,35160157,,"Index Bryol.","499","499","1896"
tro-35160160,B,Leucodontaceae,,Forsstroemia,,"ravenelii",,"","(Austin) Kindb.",Accepted,,M,TRO,35160160,,"Eur. N. Amer. Bryin.","1: 7","7","1897"
tro-100372675,B,Leucodontaceae,,Forsstroemia,,"remotifolia",,"","(Lindb. ex Broth.) Hedenäs & Zare",Accepted,,M,TRO,100372675,,"Nova Hedwigia Beih.","138: 62","62","2010"
tro-35183529,B,Leucodontaceae,,Forsstroemia,,"stricta",,"","Lazarenko",Accepted,,M,TRO,35183529,,"Bot. Žurn. (Kiev)","2(1): 84","84","1941"
tro-35160169,B,Leucodontaceae,,Forsstroemia,,"subcoronata",,"","(Besch.) Paris",Accepted,,M,TRO,35160169,,"Index Bryol.","499","499","1896"
tro-35160170,B,Leucodontaceae,,Forsstroemia,,"subcoronata",var.,"patens","(Besch.) Paris",Accepted,,L,TRO,35160170,,"Index Bryol.","499","499","1896"
tro-35160171,B,Leucodontaceae,,Forsstroemia,,"subproducta",,"","(Müll. Hal.) Broth.",Accepted,,M,TRO,35160171,,"Nat. Pflanzenfam.","I(3): 759","759","1905"
tro-35167866,B,Leucodontaceae,,Forsstroemia,,"thomsonii",,"","(Mitt.) W.R. Buck",Accepted,,M,TRO,35167866,,"Bryologist","83: 457","457","1980"
tro-35160172,B,Leucodontaceae,,Forsstroemia,,"trichomitria",,"","(Hedw.) Lindb.",Accepted,,M,TRO,35160172,,"Öfvers. Förh. Kongl. Svenska Vetensk.-Akad.","19: 605","605","1863"
tro-35183620,B,Leucodontaceae,,Forsstroemia,,"trichomitria",subsp.,"australis","(Müll. Hal.) L. R. Stark",Accepted,,L,TRO,35183620,,"J. Hattori Bot. Lab.","63: 198","198","1987"
tro-35168249,B,Leucodontaceae,,Forsstroemia,,"trichomitria",var.,"floridana","(Lindb.) H.A. Crum, Steere & L.E. Anderson",Accepted,,L,TRO,35168249,,"Bryologist","67: 163","163","1964"
tro-35167876,B,Leucodontaceae,,Forsstroemia,,"tripinnata",,"","(Dixon) Nog.",Accepted,,M,TRO,35167876,,"J. Hattori Bot. Lab.","47: 311","311","1980"
tro-35160176,B,Leucodontaceae,,Forsstroemia,,"ulei",,"","(Müll. Hal.) Broth.",Accepted,,M,TRO,35160176,,"Bih. Kongl. Svenska Vetensk.-Akad. Handl.","26 Afd. 3(7): 38","38","1900"
tro-100367151,B,Leucodontaceae,,Forsstroemia,,"yezoana",,"","(Besch.) S. Olsson, Enroth & D. Quandt",Accepted,,M,TRO,100367151,,"Taxon","60(1): 45","45","2011"
tro-35130531,B,Leucodontaceae,,Leucodon,,"alopecurus",,"","Brid.",Accepted,,M,TRO,35130531,,"Muscol. Recent. Suppl.","4: 135","135","1819"
tro-35184093,B,Leucodontaceae,,Leucodon,,"alpinus",,"","H. Akiyama",Accepted,,M,TRO,35184093,,"J. Hattori Bot. Lab.","65: 42","42","1988"
tro-35201019,B,Leucodontaceae,,Leucodon,,"andrewsianus",,"","(H.A. Crum & L.E. Anderson) W.D. Reese & L.E. Anderson",Accepted,,M,TRO,35201019,,"Bryologist","100: 92","92","1997"
tro-35162801,B,Leucodontaceae,,Leucodon,,"angustiretis",,"","Dixon",Accepted,,M,TRO,35162801,,"J. Bot.","79: 138","138","1941"
tro-35130533,B,Leucodontaceae,,Leucodon,,"arbuscula",,"","Welw. & Duby",Accepted,,M,TRO,35130533,,"Mém. Soc. Phys. Genève","21: 427. 1 f 4","427","1872"
tro-35130534,B,Leucodontaceae,,Leucodon,,"assimilis",,"","(Müll. Hal.) A. Jaeger",Accepted,,M,TRO,35130534,,"Ber. Thätigk. St. Gallischen Naturwiss. Ges.","1875–76: 217 (Gen. Sp. Musc. 2: 121)","217 ","1877"
tro-35130537,B,Leucodontaceae,,Leucodon,,"atrovirens",,"","Nog.",Accepted,,M,TRO,35130537,,"J. Hattori Bot. Lab.","2: 42. 7","42","1947"
tro-35130541,B,Leucodontaceae,,Leucodon,,"bartramioides",,"","Hook.",Accepted,,M,TRO,35130541,,"Icon. Pl.","1: pl. 71","71","1836"
tro-35130544,B,Leucodontaceae,,Leucodon,,"brachypus",,"","Brid.",Accepted,,M,TRO,35130544,,"Bryol. Univ.","2: 210","210","1827"
tro-35130547,B,Leucodontaceae,,Leucodon,,"calycinus",,"","Hook.",Accepted,,M,TRO,35130547,,"Musci Exot.","1: 17","17","1818"
tro-35130549,B,Leucodontaceae,,Leucodon,,"canariensis",,"","(Brid.) Schwägr.",Accepted,,M,TRO,35130549,,"Sp. Musc. Frond., Suppl. 1","2: 3","3","1816"
tro-35130556,B,Leucodontaceae,,Leucodon,,"coreensis",,"","Cardot",Accepted,,M,TRO,35130556,,"Beih. Bot. Centralbl.","17: 23. 15","23","1904"
tro-35130560,B,Leucodontaceae,,Leucodon,,"cryptotheca",,"","Hampe",Accepted,,M,TRO,35130560,,"Linnaea","12: 350","350","1838"
tro-35130561,B,Leucodontaceae,,Leucodon,,"curtipendulus",,"","(Timm ex Hedw.) T. Jensen",Accepted,,M,TRO,35130561,,"Bryol. Danic.","154","154","1856"
tro-35130562,B,Leucodontaceae,,Leucodon,,"curvirostris",,"","Hampe",Accepted,,M,TRO,35130562,,"Icon. Musc.","16","16","1844"
tro-35130566,B,Leucodontaceae,,Leucodon,,"domingensis",,"","(Spreng.) Mitt.",Accepted,,M,TRO,35130566,,"J. Linn. Soc., Bot.","12: 409","409","1869"
tro-35130569,B,Leucodontaceae,,Leucodon,,"dracaenae",,"","Solms ex Venturi",Accepted,,M,TRO,35130569,,"Nuovo Giorn. Bot. Ital.","4: 20","20","1872"
tro-35130572,B,Leucodontaceae,,Leucodon,,"esquirolii",,"","Thér.",Accepted,,M,TRO,35130572,,"Monde Pl.","9: 22","22","1907"
tro-35130573,B,Leucodontaceae,,Leucodon,,"exaltatus",,"","Müll. Hal.",Accepted,,M,TRO,35130573,,"Nuovo Giorn. Bot. Ital., n.s.,","3: 112","112","1896"
tro-35130574,B,Leucodontaceae,,Leucodon,,"felipponei",,"","Thér.",Accepted,,M,TRO,35130574,,"Revista Sudamer. Bot.","6: 109","109","1941"
tro-35130576,B,Leucodontaceae,,Leucodon,,"flagellaris",,"","Broth.",Accepted,,M,TRO,35130576,,"Acta Soc. Sci. Fenn.","19(12): 138","138","1892"
tro-35130577,B,Leucodontaceae,,Leucodon,,"flagelliformis",,"","Müll. Hal.",Accepted,,M,TRO,35130577,,"Nuovo Giorn. Bot. Ital., n.s.,","3: 112","112","1896"
tro-35130579,B,Leucodontaceae,,Leucodon,,"flexisetus",,"","(Besch.) Paris",Accepted,,M,TRO,35130579,,"Index Bryol. Suppl.","231","231","1900"
tro-35183675,B,Leucodontaceae,,Leucodon,,"formosanus",,"","H. Akiyama",Accepted,,M,TRO,35183675,,"Bot. Mag. (Tokyo)","100: 322, f. 4","322","1987"
tro-35168838,B,Leucodontaceae,,Leucodon,,"giganteus",,"","(Nog.) Nog.",Accepted,,M,TRO,35168838,,"J. Jap. Bot.","43: 459","459","1968"
tro-35130583,B,Leucodontaceae,,Leucodon,,"glaucus",,"","(Müll. Hal.) A. Jaeger",Accepted,,M,TRO,35130583,,"Ber. Thätigk. St. Gallischen Naturwiss. Ges.","1875–76: 220 (Gen. Sp. Musc. 2: 124)","220 ","1877"
tro-35130586,B,Leucodontaceae,,Leucodon,,"hexastichus",,"","Mont.",Accepted,,M,TRO,35130586,,"Ann. Sci. Nat., Bot., sér. 3,","4: 101","101","1845"
tro-35130587,B,Leucodontaceae,,Leucodon,,"immersus",,"","Lindb.",Accepted,,M,TRO,35130587,,"Oefvers. Förh. Finska Vetensk.-Soc.","12: 72","72","1870"
tro-35130589,B,Leucodontaceae,,Leucodon,,"involutaceus",,"","(Mitt.) A. Jaeger",Accepted,,M,TRO,35130589,,"Ber. Thätigk. St. Gallischen Naturwiss. Ges.","1875–76: 217 (Gen. Sp. Musc. 2: 121)","217 ","1877"
tro-35184092,B,Leucodontaceae,,Leucodon,,"jaegerinaceus",,"","(Müll. Hal.) H. Akiyama",Accepted,,M,TRO,35184092,,"J. Hattori Bot. Lab.","65: 33","33","1988"
tro-35130591,B,Leucodontaceae,,Leucodon,,"julaceus",,"","(Hedw.) Sull.",Accepted,,M,TRO,35130591,,"Musci Allegh.","87 [Schedae 25]","87","1846"
tro-35130594,B,Leucodontaceae,,Leucodon,,"lagurus",,"","Hook.",Accepted,,M,TRO,35130594,,"Musci Exot.","2: 126","126","1819"
tro-35130596,B,Leucodontaceae,,Leucodon,,"lasioides",,"","Müll. Hal.",Accepted,,M,TRO,35130596,,"Nuovo Giorn. Bot. Ital., n.s.,","3: 113","113","1896"
tro-35130598,B,Leucodontaceae,,Leucodon,,"laxifolius",,"","Müll. Hal. & M. Fleisch.",Accepted,,M,TRO,35130598,,"Hedwigia","59: 216","216","1917"
tro-35130602,B,Leucodontaceae,,Leucodon,,"luteus",,"","Besch.",Accepted,,M,TRO,35130602,,"J. Bot. (Morot)","13: 37","37","1899"
tro-35130604,B,Leucodontaceae,,Leucodon,,"madagascariensis",,"","Brid.",Accepted,,M,TRO,35130604,,"Bryol. Univ.","2: 213","213","1827"
tro-35130605,B,Leucodontaceae,,Leucodon,,"maritimus",,"","(Hook.) Wijk & Margad.",Accepted,,M,TRO,35130605,,"Taxon","9: 190","190","1960"
tro-35130606,B,Leucodontaceae,,Leucodon,,"morensis",,"","Schwägr.",Accepted,,M,TRO,35130606,,"Sp. Musc. Frond., Suppl. 1","2: 2","2","1816"
tro-35130607,B,Leucodontaceae,,Leucodon,,"morrisonensis",,"","Nog.",Accepted,,M,TRO,35130607,,"Trans. Nat. Hist. Soc. Taiwan","26: 34. 2 f. 1–4","34","1936"
tro-35130609,B,Leucodontaceae,,Leucodon,,"nipponicus",,"","Nog.",Accepted,,M,TRO,35130609,,"J. Hattori Bot. Lab.","2: 43. 8; 3 f. 4","43","1947"
tro-35130613,B,Leucodontaceae,,Leucodon,,"orientalis",,"","(Müll. Hal.) A. Jaeger",Accepted,,M,TRO,35130613,,"Ber. Thätigk. St. Gallischen Naturwiss. Ges.","1875–76: 217 (Gen. Sp. Musc. 2: 121)","217 ","1877"
tro-35130615,B,Leucodontaceae,,Leucodon,,"pallidus",,"","Hook.",Accepted,,M,TRO,35130615,,"Musci Exot.","2: 12. 172","12","1819"
tro-35130616,B,Leucodontaceae,,Leucodon,,"parvulus",,"","(Mitt.) A. Jaeger",Accepted,,M,TRO,35130616,,"Ber. Thätigk. St. Gallischen Naturwiss. Ges.","1875–76: 218 (Gen. Sp. Musc. 2: 122)","218 ","1877"
tro-35130617,B,Leucodontaceae,,Leucodon,,"pendulus",,"","Lindb.",Accepted,,M,TRO,35130617,,"Contr. Fl. Crypt. As.","273","273","1872"
tro-35140535,B,Leucodontaceae,,Leucodon,,"radicalis",,"","M. X. Zhang",Accepted,,M,TRO,35140535,,"Acta Bot. Yunnan.","5: 386, f. 2","386","1983"
tro-35130624,B,Leucodontaceae,,Leucodon,,"ramondii",,"","(Lam. & DC.) Brid.",Accepted,,M,TRO,35130624,,"Muscol. Recent. Suppl.","4: 135","135","1819"
tro-35130625,B,Leucodontaceae,,Leucodon,,"rigidus",,"","Bosch & Sande Lac.",Accepted,,M,TRO,35130625,,"Bryol. Jav.","2: 104. pl. 215","104","1864"
tro-35130627,B,Leucodontaceae,,Leucodon,,"rugosus",,"","Hook.",Accepted,,M,TRO,35130627,,"Musci Exot.","1: 20","20","1818"
tro-35130628,B,Leucodontaceae,,Leucodon,,"rutenbergii",,"","Müll. Hal.",Accepted,,M,TRO,35130628,,"Abh. Naturwiss. Vereine Bremen","7: 210","210","1881"
tro-35130630,B,Leucodontaceae,,Leucodon,,"sapporensis",,"","Besch.",Accepted,,M,TRO,35130630,,"Ann. Sci. Nat., Bot., sér. 7,","17: 360","360","1893"
tro-35130632,B,Leucodontaceae,,Leucodon,,"schweinfurthii",,"","Müll. Hal.",Accepted,,M,TRO,35130632,,"Linnaea","39: 447","447","1875"
tro-35130633,B,Leucodontaceae,,Leucodon,,"sciuroides",,"","(Hedw.) Schwägr.",Accepted,,M,TRO,35130633,,"Sp. Musc. Frond., Suppl. 1","2: 1","1","1816"
tro-35155904,B,Leucodontaceae,,Leucodon,,"secundus",,"","(Harv.) Mitt.",Accepted,,M,TRO,35155904,,"J. Proc. Linn. Soc., Bot., Suppl.","2: 124","124","1859"
tro-35184096,B,Leucodontaceae,,Leucodon,,"secundus",var.,"strictus","(Harv.) H. Akiy.",Accepted,,L,TRO,35184096,,"J. Hattori Bot. Lab.","65: 60","60","1988"
tro-35155905,B,Leucodontaceae,,Leucodon,,"sekistos",,"","Welw. & Duby",Accepted,,M,TRO,35155905,,"Mém. Soc. Phys. Genève","21: 427","427","1872"
tro-35155906,B,Leucodontaceae,,Leucodon,,"sericeus",,"","(A. Jaeger) Hornsch.",Accepted,,M,TRO,35155906,,"Index Bryol.","757","757","1897"
tro-35155908,B,Leucodontaceae,,Leucodon,,"sinensis",,"","Thér.",Accepted,,M,TRO,35155908,,"Bull. Acad. Int. Géogr. Bot.","18: 252","252","1908"
tro-35184094,B,Leucodontaceae,,Leucodon,,"sohayakiensis",,"","H. Akiy.",Accepted,,M,TRO,35184094,,"J. Hattori Bot. Lab.","65: 44. f. 4: c, 9: c–e, 16: e, 24","44","1988"
tro-35183676,B,Leucodontaceae,,Leucodon,,"sphaerocarpus",,"","H. Akiy.",Accepted,,M,TRO,35183676,,"Bot. Mag. (Tokyo)","100: 328. f. 2: e–h, 7","328","1987"
tro-35155913,B,Leucodontaceae,,Leucodon,,"strictus",,"","(Harv.) A. Jaeger",Accepted,,M,TRO,35155913,,"Ber. Thätigk. St. Gallischen Naturwiss. Ges.","1875–76: 216 (Gen. Sp. Musc. 2: 120)","216 ","1877"
tro-35155914,B,Leucodontaceae,,Leucodon,,"subemersus",,"","(Hampe ex Besch.) Hampe",Accepted,,M,TRO,35155914,,"Index Bryol.","757","757","1897"
tro-35155915,B,Leucodontaceae,,Leucodon,,"subgracilis",,"","Hampe & M. Fleisch.",Accepted,,M,TRO,35155915,,"Hedwigia","59: 215","215","1917"
tro-35155920,B,Leucodontaceae,,Leucodon,,"subulatus",,"","Broth.",Accepted,,M,TRO,35155920,,"Symb. Sin.","4: 75","75","1929"
tro-35183677,B,Leucodontaceae,,Leucodon,,"temperatus",,"","H. Akiy.",Accepted,,M,TRO,35183677,,"Bot. Mag. (Tokyo)","100: 330. f. 3: a–f, 8","330","1987"
tro-35155922,B,Leucodontaceae,,Leucodon,,"tenuis",,"","(Schimp.) Schimp. ex Paris",Accepted,,M,TRO,35155922,,"Index Bryol.","757","757","1897"
tro-35155923,B,Leucodontaceae,,Leucodon,,"thomsonii",,"","Mitt.",Accepted,,M,TRO,35155923,,"J. Proc. Linn. Soc., Bot., Suppl.","2: 124","124","1859"
tro-35167905,B,Leucodontaceae,,Leucodon,,"tibeticus",,"","M. X. Zhang",Accepted,,M,TRO,35167905,,"Acta Bot. Yunnan.","2: 483. f. 1–7","483","1980"
tro-35155924,B,Leucodontaceae,,Leucodon,,"tomentosus",,"","Hook.",Accepted,,M,TRO,35155924,,"Musci Exot.","1: 37","37","1818"
tro-35155925,B,Leucodontaceae,,Leucodon,,"treleasei",,"","(Cardot) Paris",Accepted,,M,TRO,35155925,,"Index Bryol. Suppl.","232","232","1900"
tro-35155926,B,Leucodontaceae,,Leucodon,,"trichophyllus",,"","(Sw. ex Hedw.) A. Jaeger",Accepted,,M,TRO,35155926,,"Ber. Thätigk. St. Gallischen Naturwiss. Ges.","1875–76: 218 (Gen. Sp. Musc. 2: 122)","218 ","1877"
tro-35155927,B,Leucodontaceae,,Leucodon,,"vaginatus",,"","(Michx.) Arn.",Accepted,,M,TRO,35155927,,"Mém. Soc. Linn. Paris","5: 290","290","1827"
tro-35154761,B,Leucodontaceae,,Leucodontella,,"brachypus",,"","(Brid.) Nog.",Accepted,,M,TRO,35154761,,"J. Hattori Bot. Lab.","2: 40","40","1947"
tro-35154762,B,Leucodontaceae,,Leucodontella,,"julacea",,"","(Hedw.) Nog.",Accepted,,M,TRO,35154762,,"J. Hattori Bot. Lab.","2: 40","40","1947"
tro-35154763,B,Leucodontaceae,,Leucodontella,,"perdependens",,"","(S. Okamura) Nog.",Accepted,,M,TRO,35154763,,"J. Hattori Bot. Lab.","2: 40. pl. 3: f. 1","40","1947"
tro-35160615,B,Leucodontaceae,,Macouniella,,"californica",,"","(Sull.) Kindb.",Accepted,,M,TRO,35160615,,"Eur. N. Amer. Bryin.","1: 21","21","1897"
tro-35150693,B,Leucodontaceae,,Macrosporiella,,"dozyoides",,"","(Broth. & Paris) Nog.",Accepted,,M,TRO,35150693,,"J. Hattori Bot. Lab.","2: 47","47","1947"
tro-35150695,B,Leucodontaceae,,Macrosporiella,,"gigantea",,"","Nog.",Accepted,,M,TRO,35150695,,"J. Hattori Bot. Lab.","2: 48. f. 10","48","1947"
tro-35150696,B,Leucodontaceae,,Macrosporiella,,"sapporensis",,"","(Besch.) Nog.",Accepted,,M,TRO,35150696,,"J. Hattori Bot. Lab.","2: 47. 3 f. 5","47","1947"
tro-100376578,B,Leucodontaceae,,Nogopterium,,"beyrichianum",,"","(Hampe) Crosby & W.R. Buck",Accepted,,M,TRO,100376578,,"Novon","21(4): 424","424","2011"
tro-100376579,B,Leucodontaceae,,Nogopterium,,"gracile",,"","(Hedw.) Crosby & W.R. Buck",Accepted,,M,TRO,100376579,,"Novon","21(4): 424","424","2011"
tro-35172423,B,Leucodontaceae,,Okamuraea,,"brachydictyon",,"","(Cardot) Nog.",Accepted,,M,TRO,35172423,,"J. Hattori Bot. Lab.","9: 10. 7","10","1953"
tro-35172425,B,Leucodontaceae,,Okamuraea,,"brevipes",,"","Broth. ex S. Okamura",Accepted,,M,TRO,35172425,,"J. Coll. Sci. Imp. Univ. Tokyo","38(4): 76. pl. 33","76","1916"
tro-35183154,B,Leucodontaceae,,Okamuraea,,"filipendula",,"","Dixon ex Lazarenko",Accepted,,M,TRO,35183154,,"Bot. Žurn. (Kiev)","2: 208","208","1945"
tro-35172432,B,Leucodontaceae,,Okamuraea,,"hakoniensis",,"","(Mitt.) Broth.",Accepted,,M,TRO,35172432,,"Nat. Pflanzenfam.","I(3): 1133","1133","1908"
tro-35186531,B,Leucodontaceae,,Okamuraea,,"hakoniensis",f.,"multiflagellifera","(Sakurai) Nog.",Accepted,,L,TRO,35186531,,"J. Hattori Bot. Lab.","9: 9","9","1953"
tro-35207709,B,Leucodontaceae,,Okamuraea,,"micrangia",,"","(Müll. Hal.) Y.F. Wang & R.L. Hu",Accepted,,M,TRO,35207709,,"Acta Phytotax. Sin.","38: 483","483","2000"
tro-35172438,B,Leucodontaceae,,Okamuraea,,"plicata",,"","Cardot",Accepted,,M,TRO,35172438,,"Bull. Soc. Bot. Genève","4: 379","379","1912"
tro-35215562,B,Leucodontaceae,,Pterogoniadelphus,,"assimilis",,"","(Müll. Hal.) Ochyra & Zijlstra",Accepted,,M,TRO,35215562,,"Taxon","53: 810","810","2004"
tro-35215563,B,Leucodontaceae,,Pterogoniadelphus,,"esquirolii",,"","(Thér.) Ochyra & Zijlstra",Accepted,,M,TRO,35215563,,"Taxon","53: 811","811","2004"
tro-35215564,B,Leucodontaceae,,Pterogoniadelphus,,"hollermayeri",,"","(Thér.) Ochyra & Zijlstra",Accepted,,M,TRO,35215564,,"Taxon","53: 811","811","2004"
tro-35143778,B,Leucodontaceae,,Pterogonium,,"ambiguum",,"","Hook.",Accepted,,M,TRO,35143778,,"Trans. Linn. Soc. London","9: 310. pl. 26: f. 4","310","1808"
tro-35143779,B,Leucodontaceae,,Pterogonium,,"apiculatum",,"","(Brid.) Schwägr.",Accepted,,M,TRO,35143779,,"Sp. Musc. Frond., Suppl. 1","1: 137","137","1811"
tro-35143782,B,Leucodontaceae,,Pterogonium,,"aureum",,"","(Brid. ex P. Beauv.) Schwägr.",Accepted,,M,TRO,35143782,,"Sp. Musc. Frond., Suppl. 1","1: 108","108","1811"
tro-35143784,B,Leucodontaceae,,Pterogonium,,"beyrichianum",,"","Hampe",Accepted,,M,TRO,35143784,,"Vidensk. Meddel. Dansk Naturhist. Foren. Kjøbenhavn","1: 127","127","1879"
tro-35143788,B,Leucodontaceae,,Pterogonium,,"brachypterum",,"","Mitt.",Accepted,,M,TRO,35143788,,"J. Linn. Soc., Bot.","8: 37","37","1865"
tro-35143791,B,Leucodontaceae,,Pterogonium,,"carolinianum",,"","(Brid.) Schwägr.",Accepted,,M,TRO,35143791,,"Sp. Musc. Frond., Suppl. 1","1: 108","108","1811"
tro-35143790,B,Leucodontaceae,,Pterogonium,,"catenulatum",,"","(Brid. ex Schrad.) Schleich.",Accepted,,M,TRO,35143790,,"Cat. Pl. Helv. (ed. 2)","30","30","1807"
tro-35143793,B,Leucodontaceae,,Pterogonium,,"ciliatum",,"","(Hedw.) Schwägr.",Accepted,,M,TRO,35143793,,"Sp. Musc. Frond., Suppl. 1","1: 108","108","1811"
tro-35143802,B,Leucodontaceae,,Pterogonium,,"declinatum",,"","Hook.",Accepted,,M,TRO,35143802,,"Trans. Linn. Soc. London","9: 309. 26 f. 3","309","1808"
tro-35143803,B,Leucodontaceae,,Pterogonium,,"decumbens",,"","Schwägr.",Accepted,,M,TRO,35143803,,"Sp. Musc. Frond., Suppl. 2","1: 32. pl. 110","32","1823"
tro-35143804,B,Leucodontaceae,,Pterogonium,,"densum",,"","(Sw. ex Hedw.) Schwägr.",Accepted,,M,TRO,35143804,,"Sp. Musc. Frond., Suppl. 3","1(2): 243","243","1828"
tro-35143806,B,Leucodontaceae,,Pterogonium,,"filiforme",,"","(Hedw.) Schwägr.",Accepted,,M,TRO,35143806,,"Sp. Musc. Frond., Suppl. 1","1: 100","100","1811"
tro-35143809,B,Leucodontaceae,,Pterogonium,,"filiforme",var.,"majus","Lesq.",Accepted,,L,TRO,35143809,,"Mém. Soc. Sci. Nat. Neuchâtel","3(3): 44","44","1846"
tro-35143810,B,Leucodontaceae,,Pterogonium,,"flavescens",,"","Hook.",Accepted,,M,TRO,35143810,,"Musci Exot.","2: 155","155","1819"
tro-35143812,B,Leucodontaceae,,Pterogonium,,"fulgens",,"","(Hedw.) Sw.",Accepted,,M,TRO,35143812,,"Fl. Ind. Occid.","3: 1776","1776","1806"
tro-35143815,B,Leucodontaceae,,Pterogonium,,"gracile",,"","(Hedw.) Sm.",Accepted,,M,TRO,35143815,,"Engl. Bot.","16: 1085","1085","1803"
tro-35217467,B,Leucodontaceae,,Pterogonium,,"gracile",f.,"cavernarum","(Pfeff.) Podp.",Accepted,,L,TRO,35217467,,"Consp. Musc. Eur.","488","488","1954"
tro-35143820,B,Leucodontaceae,,Pterogonium,,"gracile",var.,"duplicato-serratum","(Hampe) Lesq. & James",Accepted,,L,TRO,35143820,,"Man. Mosses N. America","290","290","1884"
tro-35217468,B,Leucodontaceae,,Pterogonium,,"gracile",f.,"flagelliferum","(Renauld & Hérib.) Podp.",Accepted,,L,TRO,35217468,,"Consp. Musc. Eur.","488","488","1954"
tro-35143824,B,Leucodontaceae,,Pterogonium,,"gracile",var.,"kilimandscharicum","(Müll. Hal.) M. Fleisch.",Accepted,,L,TRO,35143824,,"Hedwigia","59: 218","218","1917"
tro-35143825,B,Leucodontaceae,,Pterogonium,,"gracile",var.,"latifolium","(Giacom.) Podp.",Accepted,,L,TRO,35143825,,"Consp. Musc. Eur.","488","488","1954"
tro-35143826,B,Leucodontaceae,,Pterogonium,,"gracile",var.,"madagassum","(Müll. Hal.) M. Fleisch.",Accepted,,L,TRO,35143826,,"Hedwigia","59: 218","218","1917"
tro-35143836,B,Leucodontaceae,,Pterogonium,,"intricatum",,"","(Hedw.) Schwägr.",Accepted,,M,TRO,35143836,,"Sp. Musc. Frond., Suppl. 1","1: 100","100","1811"
tro-35143838,B,Leucodontaceae,,Pterogonium,,"jagorii",,"","(Müll. Hal.) Müll. Hal.",Accepted,,M,TRO,35143838,,"Linnaea","36: 8","8","1869"
tro-35143840,B,Leucodontaceae,,Pterogonium,,"julaceum",,"","(Hedw.) Schwägr.",Accepted,,M,TRO,35143840,,"Sp. Musc. Frond., Suppl. 1","1: 100","100","1811"
tro-35143850,B,Leucodontaceae,,Pterogonium,,"madagassum",,"","(Müll. Hal.) C.H. Wright",Accepted,,M,TRO,35143850,,"J. Bot.","26: 266","266","1888"
tro-35143853,B,Leucodontaceae,,Pterogonium,,"microcarpum",,"","Harv.",Accepted,,M,TRO,35143853,,"Icon. Pl.","1: pl. 24: f. 12","24 f","1836"
tro-35143854,B,Leucodontaceae,,Pterogonium,,"myurum",,"","Hook.",Accepted,,M,TRO,35143854,,"Musci Exot.","2: 148","148","1819"
tro-35143856,B,Leucodontaceae,,Pterogonium,,"nervosum",,"","(Brid.) Schwägr.",Accepted,,M,TRO,35143856,,"Sp. Musc. Frond., Suppl. 1","1: 28","28","1811"
tro-35143857,B,Leucodontaceae,,Pterogonium,,"nigrescens",,"","(Sw. ex Hedw.) Sw.",Accepted,,M,TRO,35143857,,"Fl. Ind. Occid.","3: 1778","1778","1806"
tro-35143861,B,Leucodontaceae,,Pterogonium,,"ornithopodioides",var.,"flaccidum","(Herzog) Herzog",Unresolved,,L,TRO,35143861,,"Bot. Jahrb. Syst.","60: 576","576","1926"
tro-35143865,B,Leucodontaceae,,Pterogonium,,"perpusillum",,"","De Not.",Accepted,,M,TRO,35143865,,"Musc. Ital. Spic.","84","84","1838"
tro-35143868,B,Leucodontaceae,,Pterogonium,,"procurrens",,"","Mitt.",Accepted,,M,TRO,35143868,,"J. Proc. Linn. Soc., Bot.","8: 37","37","1864"
tro-35143870,B,Leucodontaceae,,Pterogonium,,"pulchellum",,"","Hook.",Accepted,,M,TRO,35143870,,"Musci Exot.","1: 4","4","1818"
tro-35143871,B,Leucodontaceae,,Pterogonium,,"repens",,"","(Brid.) Schwägr.",Accepted,,M,TRO,35143871,,"Sp. Musc. Frond., Suppl. 1","1: 100. pl. 27","100","1811"
tro-35143874,B,Leucodontaceae,,Pterogonium,,"sciuroides",,"","(Hedw.) Turner",Accepted,,M,TRO,35143874,,"Muscol. Hibern. Spic.","32","32","1804"
tro-35143877,B,Leucodontaceae,,Pterogonium,,"smithii",,"","(Hedw.) Sm.",Accepted,,M,TRO,35143877,,"Fl. Brit.","3: 1271","1271","1804"
tro-35143882,B,Leucodontaceae,,Pterogonium,,"striatum",,"","Schwägr.",Accepted,,M,TRO,35143882,,"Sp. Musc. Frond., Suppl. 1","1: 103. pl. 27","103","1811"
tro-35143884,B,Leucodontaceae,,Pterogonium,,"subcapillatum",,"","(Hedw.) Schwägr.",Accepted,,M,TRO,35143884,,"Sp. Musc. Frond., Suppl. 1","1: 107","107","1811"
tro-35143888,B,Leucodontaceae,,Pterogonium,,"tenue",,"","(Hook.) Schwägr.",Accepted,,M,TRO,35143888,,"Sp. Musc. Frond., Suppl. 2","1: 30. pl. 108","30","1823"
tro-35143891,B,Leucodontaceae,,Pterogonium,,"urceolatum",,"","Schwägr.",Accepted,,M,TRO,35143891,,"Sp. Musc. Frond., Suppl. 2","1: 33. pl. 110","33","1823"
tro-35149131,B,Leucodontaceae,,Scabridens,,"sinensis",,"","E.B. Bartram",Accepted,,M,TRO,35149131,,"Ann. Bryol.","8: 16. f. 10","16","1936"
