﻿ID,Major group,Family,Genus hybrid marker,Genus,Species hybrid marker,Species,Infraspecific rank,Infraspecific epithet,Authorship,Taxonomic status in TPL,Nomenclatural status from original data source,Confidence level,Source,Source id,IPNI id,Publication,Collation,Page,Date
tro-700129,A,Limeaceae,,Limeum,,"aethiopicum",,"","Burm. f.",Accepted,,M,TRO,700129,362388-1,"Fl. Indica","11","11",""
tro-700123,A,Limeaceae,,Limeum,,"africanum",,"","L.",Accepted,,M,TRO,700123,,"Syst. Nat. (ed. 10)","995","995",""
kew-2494440,A,Limeaceae,,Limeum,,"angustifolium",,"","Verdc.",Unresolved,,L,WCSP (in review),631009,57579-1,"Kirkia","5: 31","","1965"
kew-2494439,A,Limeaceae,,Limeum,,"aphyllum",,"","L.f.",Unresolved,,L,WCSP (in review),631008,362392-1,"Suppl. Pl.","214","","1782"
kew-2494438,A,Limeaceae,,Limeum,,"arabicum",,"","Friedrich",Unresolved,,L,WCSP (in review),631007,676256-1,"Mitt. Bot. Staatssamml. München","2: 156","","1956"
tro-700127,A,Limeaceae,,Limeum,,"arenicolum",,"","Schellenb.",Accepted,,M,TRO,700127,676257-1,"Bot. Jahrb. Syst.","48: 496","496","1912"
kew-2494436,A,Limeaceae,,Limeum,,"argutecarinatum",,"","Wawra",Accepted,,M,WCSP (in review),631005,362393-1,"Sitzungsber. Kaiserl. Akad. Wiss., Math.-Naturwiss. Cl.","38: 563","","1860"
kew-2870178,A,Limeaceae,,Limeum,,"argutecarinatum",var.,"kwebense","(N.E.Br.) Friedr.",Accepted,,L,WCSP (in review),996767,,"Mitt. Bot. Staatssamml. München","1: 149","","1956"
kew-2494435,A,Limeaceae,,Limeum,,"canescens",,"","E.Mey. ex Fenzl",Unresolved,,L,WCSP (in review),631004,362394-1,"Ann. Wiener Mus. Naturgesch.","1: 342","","1836"
kew-2494425,A,Limeaceae,,Limeum,,"capense",,"","Thunb.",Unresolved,,L,WCSP (in review),630994,362395-1,"Prodr. Pl. Cap.","68","","1794"
tro-700134,A,Limeaceae,,Limeum,,"deserticolum",,"","Dinter & Schellenb.",Accepted,,M,TRO,700134,676258-1,"Bot. Jahrb. Syst.","48: 492","492","1912"
kew-2901555,A,Limeaceae,,Limeum,,"diffusum",,"","(J.Gay) Schinz",Accepted,,M,WCSP (in review),1024230,,"Bull. Herb. Boissier","5(App. 3): 69","","1897"
tro-700136,A,Limeaceae,,Limeum,,"dinteri",,"","G. Schellenb.",Accepted,,M,TRO,700136,676259-1,"Bot. Jahrb. Syst.","48: 493","493","1912"
kew-2494431,A,Limeaceae,,Limeum,,"echinatum",,"","H.Walter",Unresolved,,L,WCSP (in review),631000,676260-1,"Repert. Spec. Nov. Regni Veg.","8: 55","","1910"
kew-2494430,A,Limeaceae,,Limeum,,"fenestratum",,"","(Fenzl) Heimerl",Accepted,,M,WCSP (in review),630999,362396-1,"Nat. Pflanzenfam.","3(1b): 9","","1889"
kew-2494429,A,Limeaceae,,Limeum,,"fluviale",,"","Eckl. & Zeyh.",Unresolved,,L,WCSP (in review),630998,362397-1,"Enum. Pl. Afric. Austral.","287","","1836"
kew-2494428,A,Limeaceae,,Limeum,,"frutescens",,"","Dinter",Unresolved,,L,WCSP (in review),630997,676261-1,"Repert. Spec. Nov. Regni Veg.","18: 439","","1922"
tro-700122,A,Limeaceae,,Limeum,,"fruticosum",,"","Verdc.",Accepted,,M,TRO,700122,676262-1,"Kew Bull.","1957, 351","1957","1957"
kew-2494426,A,Limeaceae,,Limeum,,"glaberrimum",,"","Pax",Unresolved,,L,WCSP (in review),630995,362398-1,"Bot. Jahrb. Syst.","19: 132","","1894"
kew-2494451,A,Limeaceae,,Limeum,,"glaberrimum",,"","Kuntze",Unresolved,,L,WCSP (in review),631020,362399-1,"Revis. Gen. Pl.","3(2): 108","","1898"
tro-700146,A,Limeaceae,,Limeum,,"humifusum",,"","Friedrich",Accepted,,M,TRO,700146,676263-1,"Mitt. Bot. Staatssamml. München","2: 143","143","1956"
kew-2494457,A,Limeaceae,,Limeum,,"induratum",,"","Gand.",Unresolved,,L,WCSP (in review),631026,676264-1,"Bull. Soc. Bot. France","65: 29","","1918"
kew-2494456,A,Limeaceae,,Limeum,,"katangense",,"","Hauman",Unresolved,,L,WCSP (in review),631025,676265-1,"Bull. Jard. Bot. État","19: 446","","1949"
kew-2494455,A,Limeaceae,,Limeum,,"kenyense",,"","Suess.",Unresolved,,L,WCSP (in review),631024,676266-1,"Mitt. Bot. Staatssamml. München","2: 46","","1950"
kew-2494454,A,Limeaceae,,Limeum,,"kotschyi",,"","(Moq.) G.Schellenb.",Unresolved,,L,WCSP (in review),631023,676267-1,"Bot. Jahrb. Syst.","48: 497","","1912"
kew-2494452,A,Limeaceae,,Limeum,,"linifolium",,"","Fenzl",Unresolved,,L,WCSP (in review),631021,362403-1,"Ann. Wiener Mus. Naturgesch.","1: 342","","1836"
kew-2494461,A,Limeaceae,,Limeum,,"litorale",,"","Eckl. & Zeyh.",Unresolved,,L,WCSP (in review),631030,362404-1,"Enum. Pl. Afric. Austral.","287","","1836"
kew-2494450,A,Limeaceae,,Limeum,,"meyeri",,"","Fenzl",Unresolved,,L,WCSP (in review),631019,362405-1,"Ann. Wiener Mus. Naturgesch.","1: 342","","1836"
kew-2494449,A,Limeaceae,,Limeum,,"mossambicense",,"","G.Schellenb.",Unresolved,,L,WCSP (in review),631018,676269-1,"Bot. Jahrb. Syst.","48: 491","","1912"
kew-2494448,A,Limeaceae,,Limeum,,"myosotis",,"","H.Walter",Accepted,,M,WCSP (in review),631017,676270-1,"Repert. Spec. Nov. Regni Veg.","8: 56","","1910"
tro-700148,A,Limeaceae,,Limeum,,"myosotis",var.,"confusum","Friedr.",Accepted,,L,TRO,700148,,"","","",""
kew-2494445,A,Limeaceae,,Limeum,,"nummulifolium",,"","H.Walter",Unresolved,,L,WCSP (in review),631014,676273-1,"Repert. Spec. Nov. Regni Veg.","8: 55","","1910"
kew-2901556,A,Limeaceae,,Limeum,,"obovatum",,"","Vicary",Accepted,,M,WCSP (in review),1024231,,"J. Asiat. Soc. Bengal","16: 1163","","1847"
kew-2494506,A,Limeaceae,,Limeum,,"omahekense",,"","Dinter",Unresolved,,L,WCSP (in review),631075,676274-1,"Repert. Spec. Nov. Regni Veg.","18: 439","","1922"
kew-2494432,A,Limeaceae,,Limeum,,"orientale",,"","G.Schellenb.",Unresolved,,L,WCSP (in review),631001,676275-1,"Bot. Jahrb. Syst.","48: 497","","1912"
kew-2494626,A,Limeaceae,,Limeum,,"pauciflorum",,"","Moq.",Accepted,,M,WCSP (in review),631193,362406-1,"Prodr.","13(2): 23","","1849"
tro-703780,A,Limeaceae,,Limeum,,"praetermissum",,"","C. Jeffrey",Accepted,,M,TRO,703780,676276-1,"Kew Bull.","14: 235","235","1960"
kew-2494633,A,Limeaceae,,Limeum,,"pterocarpum",,"","(J.Gay) Heimerl",Accepted,,M,WCSP (in review),631200,362407-1,"Nat. Pflanzenfam.","3(1b): 9","","1889"
tro-700160,A,Limeaceae,,Limeum,,"rhombifolium",,"","Schellenb.",Accepted,,M,TRO,700160,676278-1,"Bot. Jahrb. Syst.","48: 496","496","1912"
kew-2494631,A,Limeaceae,,Limeum,,"schlechteri",,"","G.Schellenb.",Unresolved,,L,WCSP (in review),631198,676279-1,"Bot. Jahrb. Syst.","48: 493","","1912"
kew-2494630,A,Limeaceae,,Limeum,,"sol",,"","Dinter",Unresolved,,L,WCSP (in review),631197,676280-1,"Repert. Spec. Nov. Regni Veg.","18: 440","","1922"
tro-700161,A,Limeaceae,,Limeum,,"subnudum",,"","Friedrich",Accepted,,M,TRO,700161,676281-1,"Mitt. Bot. Staatssamml. München","2: 145","145","1956"
kew-2494628,A,Limeaceae,,Limeum,,"suffruticosum",,"","G.Schellenb.",Unresolved,,L,WCSP (in review),631195,676282-1,"Bot. Jahrb. Syst.","48: 492","","1912"
kew-2494605,A,Limeaceae,,Limeum,,"sulcatum",,"","(Klotzsch) Hutch.",Accepted,,M,WCSP (in review),631173,676283-1,"Man. Pl. Transvaal","1: 46","","1926"
tro-700170,A,Limeaceae,,Limeum,,"telephioides",,"","E. Mey. ex Fenzl",Accepted,,M,TRO,700170,362408-1,"Nov. Stirp. Dec.","87","87",""
kew-2494608,A,Limeaceae,,Limeum,,"viscosum",,"","(J.Gay) Fenzl",Accepted,,M,WCSP (in review),631176,362409-1,"Nov. Stirp. Dec.","87","","1839"
tro-700133,A,Limeaceae,,Limeum,,"viscosum",,"","Burtt Davy",Unresolved,,L,TRO,700133,,"","","",""
tro-700177,A,Limeaceae,,Limeum,,"viscosum",subsp.,"viscosum","",Accepted,,L,TRO,700177,,"","","",""
kew-2505279,A,Limeaceae,,Macarthuria,,"apetala",,"","Harv.",Unresolved,,L,WCSP (in review),641750,362508-1,"Hooker's J. Bot. Kew Gard. Misc.","7: 55","","1855"
kew-2505267,A,Limeaceae,,Macarthuria,,"australis",,"","Hügel ex Endl.",Unresolved,,L,WCSP (in review),641738,362509-1,"Enum. Pl. Hügel","11","","1837"
kew-2505278,A,Limeaceae,,Macarthuria,,"complanata",,"","E.M.Ross",Unresolved,,L,WCSP (in review),641749,904614-1,"Austrobaileya","2: 25","","1984"
kew-2505288,A,Limeaceae,,Macarthuria,,"ephedroides",,"","C.T.White",Unresolved,,L,WCSP (in review),641759,57593-1,"Proc. Roy. Soc. Queensland","57: 27","","1947"
kew-2505276,A,Limeaceae,,Macarthuria,,"foliosa",,"","Preiss. ex Steud.",Unresolved,,L,WCSP (in review),641747,362510-1,"Pl. Preiss.","1: 230","","1845"
kew-2505275,A,Limeaceae,,Macarthuria,,"georgeana",,"","Keighery",Unresolved,,L,WCSP (in review),641746,904615-1,"Willdenowia","13: 387","","1983 publ. 1984"
kew-2505274,A,Limeaceae,,Macarthuria,,"intricata",,"","Keighery",Unresolved,,L,WCSP (in review),641745,900239-1,"Nordic J. Bot.","2: 5","","1982"
kew-2505273,A,Limeaceae,,Macarthuria,,"keigheryi",,"","Lepschi",Unresolved,,L,WCSP (in review),641744,990754-1,"Nuytsia","11: 48","","1996"
kew-2512231,A,Limeaceae,,Macarthuria,,"neocambrica",,"","F.Muell.",Unresolved,,L,WCSP (in review),648538,362511-1,"Fragm.","5: 28","","1865"
kew-2505271,A,Limeaceae,,Macarthuria,,"vertex",,"","Lepschi",Unresolved,,L,WCSP (in review),641742,990755-1,"Nuytsia","11: 51","","1996"
kew-2601435,A,Limeaceae,,Semonvillea,,"chenopodioides",,"","J.Gay ex Moq.",Unresolved,,L,WCSP (in review),734707,364594-1,"Prodr.","13(2): 19","","1849"
kew-2601403,A,Limeaceae,,Semonvillea,,"punctata",,"","Steud.",Unresolved,,L,WCSP (in review),734675,364598-1,"Nomencl. Bot.","ed. 2, 2: 556","","1841"
kew-2601402,A,Limeaceae,,Semonvillea,,"sol",,"","H.Walter",Unresolved,,L,WCSP (in review),734674,676519-1,"Repert. Spec. Nov. Regni Veg.","8: 57","","1910"
