﻿ID,Major group,Family,Genus hybrid marker,Genus,Species hybrid marker,Species,Infraspecific rank,Infraspecific epithet,Authorship,Taxonomic status in TPL,Nomenclatural status from original data source,Confidence level,Source,Source id,IPNI id,Publication,Collation,Page,Date
kew-2634725,A,Linderniaceae,,Amphiolanthus,,"arenaroides",,"","Griseb.",Accepted,,M,WCSP (in review),766863,798875-1,"Cat. Pl. Cub.","187","","1866"
kew-2634726,A,Linderniaceae,,Amphiolanthus,,"bryoides",,"","Griseb.",Accepted,,M,WCSP (in review),766864,798876-1,"Cat. Pl. Cub.","186","","1866"
kew-2634727,A,Linderniaceae,,Amphiolanthus,,"longipes",,"","Urb.",Accepted,,M,WCSP (in review),766865,11599-2,"Ark. Bot.","23A(11): 42","","1931"
kew-2653393,A,Linderniaceae,,Artanema,,"bantamense",,"","Backer",Accepted,,M,WCSP (in review),785444,799412-1,"Bull. Jard. Bot. Buitenzorg","II, 12: 37","","1913"
kew-2653395,A,Linderniaceae,,Artanema,,"evrardii",,"","(Bonati) T.Yamaz.",Accepted,,M,WCSP (in review),785446,799414-1,"J. Jap. Bot.","28: 36","","1953"
kew-2653396,A,Linderniaceae,,Artanema,,"fimbriatum",,"","(Hook. ex Graham) D.Don",Accepted,,M,WCSP (in review),785447,,"Brit. Fl. Gard.","3: t. 234","","1829"
kew-2653397,A,Linderniaceae,,Artanema,,"finetianum",,"","(Bonati) T.Yamaz.",Accepted,,M,WCSP (in review),785448,799416-1,"J. Jap. Bot.","28: 34","","1953"
kew-2653399,A,Linderniaceae,,Artanema,,"longifolium",,"","(L.) Vatke",Accepted,,M,WCSP (in review),785450,799419-1,"Linnaea","43: 307","","1882"
kew-2668382,A,Linderniaceae,,Bampsia,,"lawalreana",,"","Lisowski & Mielcarek",Accepted,,M,WCSP (in review),800333,901557-1,"Bull. Jard. Bot. Natl. Belg.","53: 378","","1983"
kew-2668383,A,Linderniaceae,,Bampsia,,"symoensiana",,"","Lisowski & Mielcarek",Accepted,,M,WCSP (in review),800334,901558-1,"Bull. Jard. Bot. Natl. Belg.","53: 380","","1983"
kew-2679426,A,Linderniaceae,,Bonnaya,,"alata",,"","Spreng.",Unresolved,,L,WCSP (in review),811151,799763-1,"Syst. Veg.","1: 41","","1824"
kew-2679429,A,Linderniaceae,,Bonnaya,,"aristatoserrata",,"","Hayata",Unresolved,,L,WCSP (in review),811154,799767-1,"Icon. Pl. Formosan.","9: 79","","1920"
kew-2679437,A,Linderniaceae,,Bonnaya,,"cordifolia",,"","Spreng.",Unresolved,,L,WCSP (in review),811162,799775-1,"Syst. Veg.","1: 42","","1824"
kew-2679441,A,Linderniaceae,,Bonnaya,,"hispidula",,"","G.Don",Unresolved,,L,WCSP (in review),811166,799779-1,"Gen. Hist.","4: 538","","1838"
kew-2679443,A,Linderniaceae,,Bonnaya,,"ilicifolia",,"","(Bonati) Bonati",Unresolved,,L,WCSP (in review),811168,799782-1,"Fl. Indo-Chine","4: 435","","1927"
kew-2679444,A,Linderniaceae,,Bonnaya,,"integrifolia",,"","Kostel.",Unresolved,,L,WCSP (in review),811169,799783-1,"Allg. Med.-Pharm. Fl.","3: 893","","1834"
kew-2679449,A,Linderniaceae,,Bonnaya,,"multiflora",,"","Bonati",Unresolved,,L,WCSP (in review),811174,799788-1,"Bull. Soc. Bot. France","55: 542","","1908"
kew-2679450,A,Linderniaceae,,Bonnaya,,"ocymifolia",,"","G.Don",Unresolved,,L,WCSP (in review),811175,799789-1,"Gen. Hist.","4: 538","","1838"
kew-2679451,A,Linderniaceae,,Bonnaya,,"oppositifolia",,"","Spreng.",Unresolved,,L,WCSP (in review),811176,799790-1,"Syst. Veg.","1: 41","","1824"
kew-2679453,A,Linderniaceae,,Bonnaya,,"peduncularis",,"","Benth.",Unresolved,,L,WCSP (in review),811178,,"Scroph. Ind.","34","","1835"
kew-2679460,A,Linderniaceae,,Bonnaya,,"pusilla",,"","Griff.",Unresolved,,L,WCSP (in review),811185,799800-1,"Not. Pl. Asiat.","4: 107","","1854"
kew-2679470,A,Linderniaceae,,Bonnaya,,"tenuifolia",,"","Spreng.",Unresolved,,L,WCSP (in review),811195,799812-1,"Syst. Veg.","1: 42","","1824"
kew-2742304,A,Linderniaceae,,Craterostigma,,"alatum",,"","Hepper",Accepted,,M,WCSP (in review),872560,933046-1,"Kew Bull.","42: 945","","1987"
kew-2742305,A,Linderniaceae,,Craterostigma,,"auriculifolium",,"","Benth. & Hook.f.",Unresolved,,L,WCSP (in review),872561,801720-1,"Gen. Pl.","2: 954","","1876"
kew-2742306,A,Linderniaceae,,Craterostigma,,"boranense",,"","Chiov.",Unresolved,,L,WCSP (in review),872562,801721-1,"Miss. Biol. Borana, Racc. Bot., Angiosp.-Gymnosp.","206","","1939"
kew-2742307,A,Linderniaceae,,Craterostigma,,"cerastioides",,"","Bonati",Unresolved,,L,WCSP (in review),872563,801722-1,"Bull. Soc. Bot. Genève","II, 15: 106","","1923 publ. 1924"
kew-2742308,A,Linderniaceae,,Craterostigma,,"chironioides",,"","S.Moore",Unresolved,,L,WCSP (in review),872564,801723-1,"J. Bot.","57: 215","","1919"
kew-2742312,A,Linderniaceae,,Craterostigma,,"guineense",,"","Hepper",Unresolved,,L,WCSP (in review),872568,801727-1,"Kew Bull.","14: 407","","1960"
kew-2742313,A,Linderniaceae,,Craterostigma,,"hirsutum",,"","S.Moore",Accepted,,M,WCSP (in review),872569,801728-1,"J. Bot.","38: 461","","1900"
kew-2742314,A,Linderniaceae,,Craterostigma,,"kundalungense",,"","Engl.",Unresolved,,L,WCSP (in review),872570,801729-1,"Bot. Jahrb. Syst.","57: 612","","1922"
kew-2742315,A,Linderniaceae,,Craterostigma,,"lanceolatum",,"","(Engl.) Skan",Accepted,,M,WCSP (in review),872571,801730-1,"Fl. Trop. Afr.","4(2): 331","","1906"
kew-2742319,A,Linderniaceae,,Craterostigma,,"longicarpum",,"","Hepper",Accepted,,M,WCSP (in review),872575,933047-1,"Kew Bull.","42: 945","","1987"
kew-2742323,A,Linderniaceae,,Craterostigma,,"ndassekerense",,"","Engl.",Unresolved,,L,WCSP (in review),872579,801736-1,"Bot. Jahrb. Syst.","57: 611","","1922"
kew-2742324,A,Linderniaceae,,Craterostigma,,"perrieri",,"","Bonati",Unresolved,,L,WCSP (in review),872580,801737-1,"Bull. Soc. Bot. Genève","II, 15: 108","","1923 publ. 1924"
kew-2742325,A,Linderniaceae,,Craterostigma,,"plantagineum",,"","Hochst.",Accepted,,M,WCSP (in review),872581,801738-1,"Flora","24: 669","","1841"
kew-2742326,A,Linderniaceae,,Craterostigma,,"pumilum",,"","Hochst.",Accepted,,M,WCSP (in review),872582,801739-1,"Flora","24: 670","","1841"
kew-2742327,A,Linderniaceae,,Craterostigma,,"purpureum",,"","Lebrun & Touss.",Accepted,,M,WCSP (in review),872583,801740-1,"Bull. Jard. Bot. État","17: 83","","1943"
kew-2742328,A,Linderniaceae,,Craterostigma,,"pygmaeum",,"","Bonati",Unresolved,,L,WCSP (in review),872584,801741-1,"Bull. Soc. Bot. Genève","II, 15: 107","","1923 publ. 1924"
kew-2742330,A,Linderniaceae,,Craterostigma,,"smithii",,"","S.Moore",Accepted,,M,WCSP (in review),872586,801743-1,"J. Bot.","38: 461","","1900"
kew-2742332,A,Linderniaceae,,Craterostigma,,"wilmsii",,"","Engl.",Accepted,,M,WCSP (in review),872588,801745-1,"Bot. Jahrb. Syst.","26: 122","","1898"
tro-29203173,A,Linderniaceae,,Craterostigma,,"wilmsii",,"","Engl. ex Diels",Unresolved,,L,TRO,29203173,,"","","",""
kew-2742691,A,Linderniaceae,,Crepidorhopalon,,"affinis",,"","(De Wild.) Eb.Fisch. ex Govaerts",Accepted,,M,WCSP (in review),872947,1009986-1,"World Checklist Seed Pl.","3(1): 20","","1999"
kew-2742692,A,Linderniaceae,,Crepidorhopalon,,"alatocalycinus",,"","Eb.Fisch.",Accepted,,M,WCSP (in review),872948,938942-1,"Bull. Jard. Bot. Natl. Belg.","59: 454","","1989"
kew-2742693,A,Linderniaceae,,Crepidorhopalon,,"bifolius",,"","(Skan) Eb.Fisch.",Accepted,,L,WCSP (in review),872949,962279-1,"Bull. Jard. Bot. Natl. Belg.","60: 413","","1990"
kew-2742694,A,Linderniaceae,,Crepidorhopalon,,"chironioides",,"","(Moore) Eb.Fisch.",Accepted,,M,WCSP (in review),872950,947528-1,"Feddes Repert.","100: 444","","1989"
kew-2742696,A,Linderniaceae,,Crepidorhopalon,,"debilis",,"","(Skan) Eb.Fisch.",Accepted,,M,WCSP (in review),872952,982768-1,"Feddes Repert.","106: 8","","1995"
kew-2742697,A,Linderniaceae,,Crepidorhopalon,,"goetzei",,"","(Engl.) Eb.Fisch.",Accepted,,L,WCSP (in review),872953,947529-1,"Feddes Repert.","100: 444","","1989"
kew-2742698,A,Linderniaceae,,Crepidorhopalon,,"gracilis",,"","(Pilg.) Eb.Fisch.",Accepted,,M,WCSP (in review),872954,947525-1,"Feddes Repert.","100: 443","","1989"
kew-2742699,A,Linderniaceae,,Crepidorhopalon,,"hartlii",,"","Eb.Fisch.",Accepted,,M,WCSP (in review),872955,938941-1,"Bull. Jard. Bot. Natl. Belg.","59: 453","","1989"
kew-2742700,A,Linderniaceae,,Crepidorhopalon,,"hepperi",,"","Eb.Fisch.",Accepted,,L,WCSP (in review),872956,958329-1,"Bull. Jard. Bot. Natl. Belg.","60: 410","","1990"
kew-2742702,A,Linderniaceae,,Crepidorhopalon,,"involucratus",,"","(Philcox) Eb.Fisch.",Accepted,,L,WCSP (in review),872958,969472-1,"Trop. Subtrop. Pflanzenwelt","81: 197","","1992"
kew-2742703,A,Linderniaceae,,Crepidorhopalon,,"latibracteatus",,"","(Skan) Eb.Fisch.",Accepted,,M,WCSP (in review),872959,947527-1,"Feddes Repert.","100: 444","","1989"
kew-2742705,A,Linderniaceae,,Crepidorhopalon,,"laxiflorus",,"","Eb.Fisch.",Accepted,,M,WCSP (in review),872961,958330-1,"Bull. Jard. Bot. Natl. Belg.","60: 410","","1990"
kew-2742706,A,Linderniaceae,,Crepidorhopalon,,"malaissei",,"","Eb.Fisch.",Accepted,,M,WCSP (in review),872962,938939-1,"Bull. Jard. Bot. Natl. Belg.","59: 450","","1989"
kew-2742707,A,Linderniaceae,,Crepidorhopalon,,"manganicolus",,"","Eb.Fisch.",Accepted,,M,WCSP (in review),872963,938943-1,"Bull. Jard. Bot. Natl. Belg.","59: 455","","1989"
kew-2742708,A,Linderniaceae,,Crepidorhopalon,,"membranocalycinus",,"","Eb.Fisch.",Accepted,,M,WCSP (in review),872964,938959-1,"Feddes Repert.","100: 444","","1989"
kew-2742709,A,Linderniaceae,,Crepidorhopalon,,"microcarpaeoides",,"","(Bonati) Eb.Fisch.",Accepted,,M,WCSP (in review),872965,,"Bull. Mus. Natl. Hist. Nat., B, Adansonia","17: 252","","1995"
kew-2742710,A,Linderniaceae,,Crepidorhopalon,,"parviflorus",,"","(Philcox) Eb.Fisch.",Accepted,,L,WCSP (in review),872966,1007465-1,"Bull. Jard. Bot. Natl. Belg.","67: 378","","1999"
kew-2742711,A,Linderniaceae,,Crepidorhopalon,,"perennis",,"","(J.Duvign.) Eb.Fisch.",Accepted,,M,WCSP (in review),872967,962277-1,"Bull. Jard. Bot. Natl. Belg.","60: 413","","1990"
kew-2742712,A,Linderniaceae,,Crepidorhopalon,,"robynsii",,"","Eb.Fisch.",Accepted,,M,WCSP (in review),872968,1007462-1,"Bull. Jard. Bot. Natl. Belg.","67: 371","","1999"
kew-2742713,A,Linderniaceae,,Crepidorhopalon,,"rupestris",,"","(Engl.) Eb.Fisch.",Accepted,,M,WCSP (in review),872969,1007464-1,"Bull. Jard. Bot. Natl. Belg.","67: 376","","1999"
kew-2742714,A,Linderniaceae,,Crepidorhopalon,,"scaettae",,"","(Staner) Eb.Fisch.",Accepted,,L,WCSP (in review),872970,1006696-1,"Bull. Jard. Bot. Natl. Belg.","66: 78","","1997"
kew-2742715,A,Linderniaceae,,Crepidorhopalon,,"schweinfurthii",,"","(Oliv.) Eb.Fisch.",Accepted,,M,WCSP (in review),872971,969469-1,"Trop. Subtrop. Pflanzenwelt","81: 130","","1992"
kew-2742716,A,Linderniaceae,,Crepidorhopalon,,"spicatus",,"","(Engl.) Eb.Fisch.",Accepted,,M,WCSP (in review),872972,947531-1,"Feddes Repert.","100: 444","","1989"
kew-2742717,A,Linderniaceae,,Crepidorhopalon,,"symoensii",,"","Eb.Fisch.",Accepted,,M,WCSP (in review),872973,938940-1,"Bull. Jard. Bot. Natl. Belg.","59: 451","","1989"
kew-2742718,A,Linderniaceae,,Crepidorhopalon,,"tanzanicus",,"","Eb.Fisch.",Accepted,,M,WCSP (in review),872974,1007463-1,"Bull. Jard. Bot. Natl. Belg.","67: 374","","1999"
kew-2742719,A,Linderniaceae,,Crepidorhopalon,,"tenuifolius",,"","(Philcox) Eb.Fisch.",Accepted,,L,WCSP (in review),872975,969470-1,"Trop. Subtrop. Pflanzenwelt","81: 141","","1992"
kew-2742720,A,Linderniaceae,,Crepidorhopalon,,"tenuis",,"","(S.Moore) Eb.Fisch.",Accepted,,L,WCSP (in review),872976,947518-1,"Bull. Jard. Bot. Natl. Belg.","59: 457","","1989"
kew-2742721,A,Linderniaceae,,Crepidorhopalon,,"uvens",,"","(Hiern) Eb.Fisch.",Accepted,,M,WCSP (in review),872977,962278-1,"Bull. Jard. Bot. Natl. Belg.","60: 413","","1990"
kew-2742722,A,Linderniaceae,,Crepidorhopalon,,"welwitschii",,"","(Engl.) Eb.Fisch.",Accepted,,L,WCSP (in review),872978,947524-1,"Feddes Repert.","100: 443","","1989"
kew-2742723,A,Linderniaceae,,Crepidorhopalon,,"whytei",,"","(Skan) Eb.Fisch.",Accepted,,M,WCSP (in review),872979,947530-1,"Feddes Repert.","100: 444","","1989"
kew-2839956,A,Linderniaceae,,Hartliella,,"bampsii",,"","(Eb.Fisch.) Eb.Fisch.",Accepted,,M,WCSP (in review),967238,969474-1,"Trop. Subtrop. Pflanzenwelt","81: 209","","1992"
kew-2839957,A,Linderniaceae,,Hartliella,,"capitata",,"","(Eb.Fisch.) Eb.Fisch.",Accepted,,M,WCSP (in review),967239,969475-1,"Trop. Subtrop. Pflanzenwelt","81: 211","","1992"
kew-2839958,A,Linderniaceae,,Hartliella,,"cupricola",,"","Eb.Fisch.",Accepted,,M,WCSP (in review),967240,968614-1,"Trop. Subtrop. Pflanzenwelt","81: 207","","1992"
kew-2839959,A,Linderniaceae,,Hartliella,,"suffruticosa",,"","(Lisowski & Mielcarek) Eb.Fisch.",Accepted,,M,WCSP (in review),967241,969473-1,"Trop. Subtrop. Pflanzenwelt","81: 204","","1992"
tro-100354612,A,Linderniaceae,,Hemiarrhena,,"plantagina",,"","(F. Muell.) Benth.",Accepted,,M,TRO,100354612,,"Fl. Austral.","4: 518","518","1868"
kew-2861987,A,Linderniaceae,,Ilysanthes,,"aculeata",,"","Bonati",Unresolved,,L,WCSP (in review),988704,803948-1,"Bull. Soc. Bot. France","55: 541","","1908"
kew-2861988,A,Linderniaceae,,Ilysanthes,,"albertina",,"","S.Moore",Unresolved,,L,WCSP (in review),988705,803949-1,"J. Bot.","45: 331","","1907"
kew-2861997,A,Linderniaceae,,Ilysanthes,,"attenuata",,"","Small",Unresolved,,L,WCSP (in review),988713,128197-2,"Bull. Torrey Bot. Club","23: 297","","1896"
kew-2862001,A,Linderniaceae,,Ilysanthes,,"cambodgiana",,"","Bonati",Unresolved,,L,WCSP (in review),988717,803962-1,"Bull. Soc. Bot. France","55: 542","","1908"
kew-2862002,A,Linderniaceae,,Ilysanthes,,"capensis",,"","Benth.",Unresolved,,L,WCSP (in review),988718,803963-1,"Prodr.","10: 419","","1846"
tro-29203184,A,Linderniaceae,,Ilysanthes,,"conferta",,"","Hiern",Accepted,,M,TRO,29203184,803967-1,"Fl. Cap.","4, 2: 365","365","1904"
kew-2862013,A,Linderniaceae,,Ilysanthes,,"gossweileri",,"","S.Moore",Unresolved,,L,WCSP (in review),988729,803974-1,"J. Bot.","57: 215","","1919"
kew-2862024,A,Linderniaceae,,Ilysanthes,,"lobelioides",,"","Benth.",Unresolved,,L,WCSP (in review),988740,803984-1,"Fl. Austral.","4: 498","","1868"
kew-2862031,A,Linderniaceae,,Ilysanthes,,"minima",,"","Benth.",Unresolved,,L,WCSP (in review),988747,803991-1,"Prodr.","10: 420","","1846"
kew-2862032,A,Linderniaceae,,Ilysanthes,,"mitrasacmoides",,"","O.Schwarz",Unresolved,,L,WCSP (in review),988748,803992-1,"Repert. Spec. Nov. Regni Veg.","24: 96","","1927"
tro-29204536,A,Linderniaceae,,Ilysanthes,,"monticola",,"","(Muhl. ex Nutt.) Raf.",Accepted,,M,TRO,29204536,,"","","",""
tro-29203185,A,Linderniaceae,,Ilysanthes,,"muddii",,"","Hiern",Accepted,,M,TRO,29203185,803993-1,"Fl. Cap.","4, 2: 366","366","1904"
kew-2862041,A,Linderniaceae,,Ilysanthes,,"plantaginella",,"","S.Moore",Unresolved,,L,WCSP (in review),988757,804001-1,"J. Bot.","43: 49","","1905"
kew-2862042,A,Linderniaceae,,Ilysanthes,,"procumbens",,"","Bold.",Unresolved,,L,WCSP (in review),988758,804002-1,"Zakfl. Java","164","","1916"
kew-2862045,A,Linderniaceae,,Ilysanthes,,"purpurascens",,"","Hutch.",Unresolved,,L,WCSP (in review),988761,804005-1,"Botanist S. Afr.","461","","1946"
kew-2862047,A,Linderniaceae,,Ilysanthes,,"radicans",,"","Pilg.",Unresolved,,L,WCSP (in review),988763,804007-1,"Wiss. Erg. Deut. Zentr.-Afr. Exped., Bot.","2: 286","","1911"
kew-2862057,A,Linderniaceae,,Ilysanthes,,"rupicola",,"","Lanza",Unresolved,,L,WCSP (in review),988773,804018-1,"Miss. Biol. Borana, Racc. Bot., Angiosp.-Gymnosp.","208","","1939"
kew-2862058,A,Linderniaceae,,Ilysanthes,,"saginoides",,"","Franch. & Sav.",Unresolved,,L,WCSP (in review),988774,804019-1,"Enum. Pl. Jap.","1: 346","","1875"
kew-2862059,A,Linderniaceae,,Ilysanthes,,"saxatilis",,"","Norl.",Unresolved,,L,WCSP (in review),988775,804020-1,"Bot. Not.","1951: 115","","1951"
tro-29203187,A,Linderniaceae,,Ilysanthes,,"schlechteri",,"","Hiern",Accepted,,M,TRO,29203187,,"","","",""
kew-2862064,A,Linderniaceae,,Ilysanthes,,"spinifida",,"","Kerr ex Barnett",Unresolved,,L,WCSP (in review),988780,804025-1,"Kew Bull.","16: 489","","1963"
kew-2862066,A,Linderniaceae,,Ilysanthes,,"succosa",,"","Kerr ex Barnett",Unresolved,,L,WCSP (in review),988782,804027-1,"Kew Bull.","16: 489","","1963"
kew-2862068,A,Linderniaceae,,Ilysanthes,,"trichotoma",,"","(Oliv.) Urb.",Accepted,,M,WCSP (in review),988784,804029-1,"Ber. Deutsch. Bot. Ges.","2: 435","","1884"
kew-2862074,A,Linderniaceae,,Ilysanthes,,"viatica",,"","Kerr ex Barnett",Unresolved,,L,WCSP (in review),988790,804034-1,"Kew Bull.","16: 489","","1963"
kew-2862075,A,Linderniaceae,,Ilysanthes,,"victorina",,"","A.Chev.",Unresolved,Invalid,L,WCSP (in review),988791,804035-1,"Rev. Int. Bot. Appl. Agric. Trop.","31: 269","","1951"
tro-29208212,A,Linderniaceae,,Legazpia,,"polygonoides",,"","(Benth.) T. Yamaz.",Accepted,,M,TRO,29208212,804222-1,"J. Jap. Bot.","30(12): 359, pl. 11, f. 1–4,6","359","1955"
tro-50126480,A,Linderniaceae,,Lindernia,,"abyssinica",,"","Engl.",Accepted,,M,TRO,50126480,805077-1,"Bot. Jahrb. Syst.","23: 503, t. 9, f. A–E","503","1897"
kew-2498877,A,Linderniaceae,,Lindernia,,"acicularis",,"","Eb.Fisch.",Unresolved,,L,WCSP (in review),635391,938935-1,"Bull. Jard. Bot. Natl. Belg.","59: 446","","1989"
tro-50172937,A,Linderniaceae,,Lindernia,,"alterniflora",,"","(C. Wright) A. H. Liogier",Accepted,,L,TRO,50172937,,"Contr. Ocas. Mus. Hist. Nat. Colegio ""De La Salle""","15: 13","13","1956"
kew-2498872,A,Linderniaceae,,Lindernia,,"anagallis",,"","(Burm.f.) Pennell",Accepted,,M,WCSP (in review),635386,805082-1,"J. Arnold Arbor.","24: 252","","1943"
kew-2498871,A,Linderniaceae,,Lindernia,,"andongensis",,"","(Hiern) Eb.Fisch.",Accepted,,M,WCSP (in review),635385,969481-1,"Trop. Subtrop. Pflanzenwelt","81: 304","","1992"
tro-50066850,A,Linderniaceae,,Lindernia,,"andringitrae",,"","Eb. Fisch.",Accepted,,M,TRO,50066850,986957-1,"Bull. Mus. Natl. Hist. Nat., B, Adansonia","17: 236","236","1995"
kew-2498869,A,Linderniaceae,,Lindernia,,"angolensis",,"","(Skan) Eb.Fisch.",Accepted,,M,WCSP (in review),635383,969476-1,"Trop. Subtrop. Pflanzenwelt","81: 254","","1992"
kew-2498867,A,Linderniaceae,,Lindernia,,"annamensis",,"","T.Yamaz.",Unresolved,,L,WCSP (in review),635381,898095-1,"J. Fac. Sci. Univ. Tokyo, Sect. 3, Bot.","13: 48","","1981"
kew-2498927,A,Linderniaceae,,Lindernia,,"antipoda",,"","(L.) Alston",Accepted,,M,WCSP (in review),635439,805084-1,"Handb. Fl. Ceylon","6(Suppl.): 214","","1931"
kew-2498903,A,Linderniaceae,,Lindernia,,"aplectra",,"","W.R.Barker",Unresolved,,L,WCSP (in review),635415,940636-1,"J. Adelaide Bot. Gard.","13: 90","","1990"
kew-2498974,A,Linderniaceae,,Lindernia,,"aprica",,"","Kerr ex Barnett",Unresolved,,L,WCSP (in review),635486,805085-1,"Kew Bull.","16: 487","","1962 publ. 1963"
tro-50172943,A,Linderniaceae,,Lindernia,,"blancoi",,"","(Merr.) Philcox",Accepted,,M,TRO,50172943,805089-1,"Kew Bull.","22(1): 23","23","1968"
kew-2498968,A,Linderniaceae,,Lindernia,,"bolusii",,"","(Hiern) Eb.Fisch.",Accepted,,M,WCSP (in review),635480,969478-1,"Trop. Subtrop. Pflanzenwelt","81: 261","","1992"
tro-50109407,A,Linderniaceae,,Lindernia,,"bonatii",,"","Eb. Fisch.",Accepted,,M,TRO,50109407,986960-1,"Bull. Mus. Natl. Hist. Nat., B, Adansonia","17: 242","242","1995"
kew-2498975,A,Linderniaceae,,Lindernia,,"boutiqueana",,"","Germ.",Unresolved,,L,WCSP (in review),635487,805091-1,"Bull. Jard. Bot. État","22: 74","","1952"
kew-2498963,A,Linderniaceae,,Lindernia,,"brachyphylla",,"","Pennell",Accepted,,M,WCSP (in review),635475,140513-2,"Fieldiana, Bot.","28: 519","","1953"
kew-2498962,A,Linderniaceae,,Lindernia,,"bracteoides",,"","(Blatt. & Hallb.) Mukerjee",Unresolved,,L,WCSP (in review),635474,805094-1,"J. Indian Bot. Soc.","24: 133","","1945"
tro-50246005,A,Linderniaceae,,Lindernia,,"brevidens",,"","Skan",Accepted,,M,TRO,50246005,805095-1,"Fl. Trop. Afr.","4(2): 339","339","1906"
tro-29208273,A,Linderniaceae,,Lindernia,,"brevipedunculata",,"","Migo",Accepted,,M,TRO,29208273,805096-1,"J. Shanghai Sci. Inst.","4: 160","160","1939"
tro-50172941,A,Linderniaceae,,Lindernia,,"brucei",,"","R.A. Howard",Accepted,,M,TRO,50172941,,"J. Arnold Arbor.","56(4): 449–455","449","1975"
tro-50109413,A,Linderniaceae,,Lindernia,,"bryoides",,"","Eb. Fisch.",Accepted,,M,TRO,50109413,,"Bull. Mus. Natl. Hist. Nat., B, Adansonia","17: 248, f. 8, 11(map)","248","1995"
kew-2498980,A,Linderniaceae,,Lindernia,,"caespitosa",,"","(Blume) Panigrahi",Unresolved,,L,WCSP (in review),635492,914155-1,"Taxon","33: 320","","1984"
kew-2498986,A,Linderniaceae,,Lindernia,,"celebica",,"","Philcox",Unresolved,,L,WCSP (in review),635498,805100-1,"Kew Bull.","22: 15","","1968"
kew-2498958,A,Linderniaceae,,Lindernia,,"cephalantha",,"","T.Yamaz.",Unresolved,,L,WCSP (in review),635470,805101-1,"J. Jap. Bot.","53: 1","","1978"
kew-2498936,A,Linderniaceae,,Lindernia,,"cerastioides",,"","T.Yamaz.",Unresolved,,L,WCSP (in review),635448,805102-1,"J. Jap. Bot.","53: 97","","1978"
kew-2498935,A,Linderniaceae,,Lindernia,,"chinensis",,"","(T.Yamaz.) Philcox",Unresolved,,L,WCSP (in review),635447,805103-1,"Taxon","19: 649","","1970"
kew-2498934,A,Linderniaceae,,Lindernia,,"chrysoplectra",,"","W.R.Barker",Unresolved,,L,WCSP (in review),635446,940637-1,"J. Adelaide Bot. Gard.","13: 81","","1990"
kew-2498933,A,Linderniaceae,,Lindernia,,"ciliata",,"","(Colsm.) Pennell",Accepted,,M,WCSP (in review),635445,805104-1,"Brittonia","2: 182","","1936"
kew-2498932,A,Linderniaceae,,Lindernia,,"clausa",,"","F.Muell.",Unresolved,,L,WCSP (in review),635444,805105-1,"Fragm.","6: 102","","1868"
kew-2498931,A,Linderniaceae,,Lindernia,,"cleistandra",,"","W.R.Barker",Unresolved,,L,WCSP (in review),635443,940638-1,"J. Adelaide Bot. Gard.","13: 82","","1990"
tro-29206715,A,Linderniaceae,,Lindernia,,"conferta",,"","(Hiern) Philcox",Accepted,,M,TRO,29206715,944945-1,"Bol. Soc. Brot., sér. 2,","60: 268","268","1987"
tro-50195813,A,Linderniaceae,,Lindernia,,"congesta",,"","(A. Raynal) Eb. Fisch.",Accepted,,M,TRO,50195813,969482-1,"Trop. Subtrop. Pflanz.","81: 317","317","1992"
kew-2498926,A,Linderniaceae,,Lindernia,,"cowiei",,"","W.R.Barker",Unresolved,,L,WCSP (in review),635438,1005036-1,"J. Adelaide Bot. Gard.","18: 162","","1998"
kew-2498925,A,Linderniaceae,,Lindernia,,"crassifolia",,"","(Engl.) Eb.Fisch.",Accepted,,M,WCSP (in review),635437,969477-1,"Trop. Subtrop. Pflanzenwelt","81: 256","","1992"
kew-2498923,A,Linderniaceae,,Lindernia,,"cruciformis",,"","Hayata",Unresolved,,L,WCSP (in review),635435,805109-1,"Icon. Pl. Formosan.","9: 78","","1920"
kew-2498922,A,Linderniaceae,,Lindernia,,"crustacea",,"","(L.) F.Muell.",Accepted,,L,WCSP (in review),635434,805110-1,"Syst. Census Austral. Pl.","97","","1882"
tro-29208287,A,Linderniaceae,,Lindernia,,"cyrtotricha",,"","Tsoong & T.C. Ku",Accepted,,M,TRO,29208287,805112-1,"Fl. Reipubl. Popularis Sin.","67(2): 148, 398 (addenda), pl. 17, f. 1–2","148","1979"
kew-2498953,A,Linderniaceae,,Lindernia,,"damblonii",,"","P.A.Duvign.",Unresolved,,L,WCSP (in review),635465,805113-1,"Bull. Soc. Roy. Bot. Belgique","90: 256","","1958"
tro-29208288,A,Linderniaceae,,Lindernia,,"delicatula",,"","Tsoong & T.C. Ku",Accepted,,M,TRO,29208288,,"Fl. Reipubl. Popularis Sin.","67(2): 152, 398–399 (addenda), pl. 18, f. 4–6","152","1979"
tro-29208255,A,Linderniaceae,,Lindernia,,"dictyophora",,"","Tsoong",Accepted,,M,TRO,29208255,,"Fl. Reipubl. Popularis Sin.","67(2): 128, 397–398 (addenda), pl. 12, f. 3–4","128","1979"
kew-2498938,A,Linderniaceae,,Lindernia,,"diffusa",,"","(L.) Wettst.",Accepted,,M,WCSP (in review),635450,140516-2,"Nat. Pflanzenfam.","4(3b): 73","","1891"
kew-2892606,A,Linderniaceae,,Lindernia,,"diffusa",var.,"pedunculata","(Benth.) Skan",Accepted,,L,WCSP (in review),1015726,,"Fl. Trop. Afr.","4: 338","","1906"
kew-2498956,A,Linderniaceae,,Lindernia,,"dinteri",,"","Schinz",Unresolved,,L,WCSP (in review),635468,805120-1,"Mém. Herb. Boissier","20: 27","","1900"
tro-29203175,A,Linderniaceae,,Lindernia,,"dongolensis",,"","E.A. Bruce",Accepted,,M,TRO,29203175,805121-1,"Bothalia","6: 235","235","1951"
kew-2498944,A,Linderniaceae,,Lindernia,,"dubia",,"","(L.) Pennell",Accepted,,L,WCSP (in review),635456,140517-2,"Monogr. Acad. Nat. Sci. Philadelphia","1: 141","","1935"
kew-2498943,A,Linderniaceae,,Lindernia,,"dubia",var.,"anagallidea","(Michx.) Cooperr.",Accepted,,L,WCSP (in review),635455,140518-2,"Castanea","41: 224","","1976"
tro-29201041,A,Linderniaceae,,Lindernia,,"dubia",var.,"inundata","(Pennell) Pennell",Accepted,,L,TRO,29201041,291276-2,"Acad. Nat. Sci. Philadelphia Monogr.","1: 151","151","1935"
kew-2498940,A,Linderniaceae,,Lindernia,,"eberhardtii",,"","Bonati",Unresolved,,L,WCSP (in review),635452,805123-1,"Bull. Soc. Bot. Genève","II, 15: 111","","1923 publ. 1924"
tro-29209241,A,Linderniaceae,,Lindernia,,"elata",,"","(Benth.) Wettst.",Accepted,,M,TRO,29209241,805124-1,"Pflanzenr.","4(3b): 79","79","1891"
kew-2498750,A,Linderniaceae,,Lindernia,,"eremophiloides",,"","W.R.Barker",Unresolved,,L,WCSP (in review),635266,940639-1,"J. Adelaide Bot. Gard.","13: 84","","1990"
kew-2498749,A,Linderniaceae,,Lindernia,,"estaminodiosa",,"","(Blatt. & Hallb.) Mukerjee",Unresolved,,L,WCSP (in review),635265,805128-1,"J. Indian Bot. Soc.","24: 133","","1945"
kew-2498748,A,Linderniaceae,,Lindernia,,"exilis",,"","Philcox",Accepted,,M,WCSP (in review),635264,940995-1,"Bol. Soc. Brot.","II, 60: 269","","1987"
kew-2498747,A,Linderniaceae,,Lindernia,,"fasciculata",,"","Bonati",Unresolved,,L,WCSP (in review),635263,805129-1,"Bull. Soc. Bot. Genève","II, 15: 112","","1923 publ. 1924"
kew-2498746,A,Linderniaceae,,Lindernia,,"flava",,"","S.Moore",Unresolved,,L,WCSP (in review),635262,805130-1,"J. Linn. Soc., Bot.","40: 153","","1911"
tro-29203176,A,Linderniaceae,,Lindernia,,"fugax",,"","R.G.N. Young",Accepted,,M,TRO,29203176,805132-1,"Candollea","15: 125","125","1956"
kew-2498753,A,Linderniaceae,,Lindernia,,"glabra",,"","Philcox",Unresolved,,L,WCSP (in review),635269,805133-1,"Kew Bull.","22: 23","","1968"
kew-2498743,A,Linderniaceae,,Lindernia,,"glandulifera",,"","(Blume) Backer",Unresolved,,L,WCSP (in review),635259,805135-1,"Onkruidfl. Jav. Suikerrietgr.","616","","1930"
kew-2498742,A,Linderniaceae,,Lindernia,,"gossweileri",,"","S.Moore",Unresolved,,L,WCSP (in review),635258,805136-1,"J. Bot.","45: 87","","1907"
tro-29201042,A,Linderniaceae,,Lindernia,,"grandiflora",,"","Nutt.",Accepted,,M,TRO,29201042,805138-1,"Gen. N. Amer. Pl.","2: 43","43","1818"
kew-2498770,A,Linderniaceae,,Lindernia,,"grossidentata",,"","O.Schwarz",Unresolved,,L,WCSP (in review),635286,805143-1,"Repert. Spec. Nov. Regni Veg.","24: 95","","1927"
kew-2498769,A,Linderniaceae,,Lindernia,,"harmandii",,"","(Bonati) T.Yamaz.",Unresolved,,L,WCSP (in review),635285,909043-1,"J. Fac. Sci. Univ. Tokyo, Sect. 3, Bot.","13: 21","","1981"
kew-2498768,A,Linderniaceae,,Lindernia,,"hartlii",,"","Eb.Fisch. & Hepper",Unresolved,,L,WCSP (in review),635284,938936-1,"Bull. Jard. Bot. Natl. Belg.","59: 447","","1989"
kew-2498765,A,Linderniaceae,,Lindernia,,"hookeri",,"","Wettst.",Unresolved,,L,WCSP (in review),635281,805146-1,"Nat. Pflanzenfam.","4(3b): 80","","1891"
tro-50109404,A,Linderniaceae,,Lindernia,,"horombensis",,"","Eb. Fisch.",Accepted,,M,TRO,50109404,986958-1,"Bull. Mus. Natl. Hist. Nat., B, Adansonia","17: 238, f. 3, 12(map)","238","1995"
tro-29207682,A,Linderniaceae,,Lindernia,,"humilis",,"","Bonati",Accepted,,M,TRO,29207682,805147-1,"Bull. Soc. Bot. Genève","15: 100–101","100","1923"
kew-2498762,A,Linderniaceae,,Lindernia,,"hypandra",,"","W.R.Barker",Unresolved,,L,WCSP (in review),635278,940640-1,"J. Adelaide Bot. Gard.","13: 85","","1990"
tro-29200340,A,Linderniaceae,,Lindernia,,"hyssopoides",,"","(L.) Haines",Accepted,,L,TRO,29200340,,"Bot. Bihar Orissa","4: 635, 666","635","1922"
kew-2498760,A,Linderniaceae,,Lindernia,,"ilicifolia",,"","(Bonati) Philcox",Unresolved,,L,WCSP (in review),635276,805149-1,"Taxon","19: 649","","1970"
kew-2498759,A,Linderniaceae,,Lindernia,,"inaperta",,"","Thore ex Maxim.",Unresolved,,L,WCSP (in review),635275,805150-1,"Bull. Acad. Imp. Sci. Saint-Pétersbourg","20: 449","","1875"
kew-2498757,A,Linderniaceae,,Lindernia,,"intrepida",,"","(Dinter ex Heil) Oberm.",Unresolved,,L,WCSP (in review),635273,805152-1,"Fl. Pl. Africa","38: t. 1503","","1967"
tro-29203178,A,Linderniaceae,,Lindernia,,"intrepidus",,"","Oberm.",Accepted,,M,TRO,29203178,,"","","",""
tro-29209240,A,Linderniaceae,,Lindernia,,"jiuhuanica",,"","X.H. Guo & X.L. Liu",Accepted,,M,TRO,29209240,934846-1,"Acta Phytotax. Sin.","26(2): 153–155, pl. 1","153","1988"
kew-2498738,A,Linderniaceae,,Lindernia,,"junciformis",,"","(Bonati) T.Yamaz.",Unresolved,,L,WCSP (in review),635254,805155-1,"J. Jap. Bot.","53: 97","","1978"
kew-2498717,A,Linderniaceae,,Lindernia,,"kerrii",,"","T.Yamaz.",Unresolved,,L,WCSP (in review),635235,805156-1,"J. Jap. Bot.","53: 98","","1978"
kew-2498716,A,Linderniaceae,,Lindernia,,"khaoyaiensis",,"","T.Yamaz.",Unresolved,,L,WCSP (in review),635234,805157-1,"J. Jap. Bot.","55: 331","","1980"
tro-29208270,A,Linderniaceae,,Lindernia,,"kiangsiensis",,"","Tsoong",Accepted,,M,TRO,29208270,,"Fl. Reipubl. Popularis Sin.","67(2): 138, 396–397 (addenda), pl. 14, f. 5–8","138","1979"
kew-2498714,A,Linderniaceae,,Lindernia,,"kigomensis",,"","Eb.Fisch.",Unresolved,,L,WCSP (in review),635232,,"Bull. Jard. Bot. Natl. Belg.","66: 362","","1999"
kew-2904515,A,Linderniaceae,,Lindernia,,"kinmenensis",,"","Y.S.Liang, Chih H.Chen & J.L.Tsai",Unresolved,,L,WCSP (in review),1026971,,"Nordic J. Bot.","29: 435","","2011"
kew-2498711,A,Linderniaceae,,Lindernia,,"latifolia",,"","Koord.",Unresolved,,L,WCSP (in review),635229,805161-1,"Exkurs.-Fl. Java","3: 179","","1912"
kew-2498707,A,Linderniaceae,,Lindernia,,"linearifolia",,"","(Engl.) Eb.Fisch.",Accepted,,M,WCSP (in review),635225,969483-1,"Trop. Subtrop. Pflanzenwelt","81: 319","","1992"
tro-50195818,A,Linderniaceae,,Lindernia,,"longicarpa",,"","Eb. Fisch. & Hepper",Accepted,,M,TRO,50195818,959631-1,"Kew Bull.","46(3): 534","534","1991"
kew-2498702,A,Linderniaceae,,Lindernia,,"macrantha",,"","Rouy",Unresolved,,L,WCSP (in review),635220,805168-1,"Fl. France","11: 96","","1909"
tro-29208266,A,Linderniaceae,,Lindernia,,"macrobotrys",,"","Tsoong",Accepted,,M,TRO,29208266,,"Fl. Reipubl. Popularis Sin.","67(2): 139, 396 (addenda)","139","1979"
kew-2498728,A,Linderniaceae,,Lindernia,,"macrosiphonia",,"","(F.Muell.) W.R.Barker",Unresolved,,L,WCSP (in review),635245,948364-1,"J. Adelaide Bot. Gard.","13: 86","","1990"
kew-2498710,A,Linderniaceae,,Lindernia,,"maculata",,"","Bonati",Unresolved,,L,WCSP (in review),635228,805170-1,"Fl. Indo-Chine","4: 414","","1927"
kew-2498734,A,Linderniaceae,,Lindernia,,"madiensis",,"","Dandy",Unresolved,,L,WCSP (in review),635250,805171-1,"Fl. Pl. Sudan","3: 139","","1956"
kew-2498733,A,Linderniaceae,,Lindernia,,"manilaliana",,"","Sivar.",Unresolved,,L,WCSP (in review),635249,805172-1,"Kew Bull.","31: 151","","1976"
kew-2498732,A,Linderniaceae,,Lindernia,,"maxwellii",,"","T.Yamaz.",Unresolved,,L,WCSP (in review),635248,805173-1,"J. Jap. Bot.","53: 2","","1978"
kew-2498731,A,Linderniaceae,,Lindernia,,"mbalaensis",,"","Eb.Fisch.",Unresolved,,L,WCSP (in review),635247,,"Bull. Jard. Bot. Natl. Belg.","66: 361","","1999"
tro-29208259,A,Linderniaceae,,Lindernia,,"megaphylla",,"","Tsoong",Accepted,,M,TRO,29208259,,"Kew Bull.","64: 574","574","2009"
kew-2498729,A,Linderniaceae,,Lindernia,,"mexicana",,"","(S.Watson) T.Yamaz.",Accepted,,M,WCSP (in review),635246,140522-2,"J. Jap. Bot.","28: 130","","1953"
tro-29209242,A,Linderniaceae,,Lindernia,,"micrantha",,"","D. Don",Accepted,,M,TRO,29209242,805176-1,"Prodr. Fl. Nepal.","85","85","1825"
tro-50195820,A,Linderniaceae,,Lindernia,,"micrantha",,"","(Blatt. & Hallb.) V. Singh",Unresolved,,L,TRO,50195820,976724-1,"","2: 597","597","1991"
kew-2498722,A,Linderniaceae,,Lindernia,,"microcalyx",,"","Pennell & Stehlé",Accepted,,M,WCSP (in review),635240,140523-2,"Fl. Guadeloupe","2(1): 217","","1938"
tro-29208264,A,Linderniaceae,,Lindernia,,"mollis",,"","(Benth.) Wettst.",Accepted,,L,TRO,29208264,805183-1,"Nat. Pflanzenfam.","4(3b): 79","79","1891"
kew-2498826,A,Linderniaceae,,Lindernia,,"molluginoides",,"","Wettst.",Unresolved,,L,WCSP (in review),635340,805184-1,"Nat. Pflanzenfam.","4(3b): 80","","1891"
tro-50195821,A,Linderniaceae,,Lindernia,,"monroi",,"","(S. Moore) Eb. Fisch.",Accepted,,L,TRO,50195821,969484-1,"Trop. Subtrop. Pflanz.","81: 322","322","1992"
tro-29201043,A,Linderniaceae,,Lindernia,,"monticola",,"","Muhl. ex Nutt.",Accepted,,M,TRO,29201043,,"Gen. N. Amer. Pl.","2: [additions p. 1]","[additions p. 1]","1818"
kew-2498818,A,Linderniaceae,,Lindernia,,"nana",,"","(Engl.) Roessler",Accepted,,M,WCSP (in review),635332,805191-1,"Mitt. Bot. Staatssamml. München","5: 691","","1965"
tro-50109415,A,Linderniaceae,,Lindernia,,"natans",,"","Eb. Fisch.",Accepted,,M,TRO,50109415,,"Bull. Mus. Natl. Hist. Nat., B, Adansonia","17: 250, f. 9, 11(map)","250","1995"
kew-2498816,A,Linderniaceae,,Lindernia,,"neocaledonica",,"","S.Moore",Unresolved,,L,WCSP (in review),635330,805192-1,"J. Linn. Soc., Bot.","45: 372","","1921"
kew-2498815,A,Linderniaceae,,Lindernia,,"nervosa",,"","Koord.",Unresolved,,L,WCSP (in review),635329,805193-1,"Exkurs.-Fl. Java","3: 179","","1912"
kew-2498814,A,Linderniaceae,,Lindernia,,"newtonii",,"","Engl.",Accepted,,L,WCSP (in review),635328,805194-1,"Bot. Jahrb. Syst.","23: 503","","1897"
tro-50195822,A,Linderniaceae,,Lindernia,,"niamniamensis",,"","Eb. Fisch. & Hepper",Accepted,,M,TRO,50195822,959630-1,"Kew Bull.","46(3): 534","534","1991"
kew-2498812,A,Linderniaceae,,Lindernia,,"noei",,"","Kerr ex Barnett",Unresolved,,L,WCSP (in review),635326,805195-1,"Kew Bull.","16: 488","","1962 publ. 1963"
kew-2498811,A,Linderniaceae,,Lindernia,,"nummulariifolia",,"","(D.Don) Wettst.",Accepted,,M,WCSP (in review),635325,805196-1,"Nat. Pflanzenfam.","4(3b): 80","","1891"
tro-29208256,A,Linderniaceae,,Lindernia,,"oblonga",,"","(Benth.) Merr. & Chun",Accepted,,M,TRO,29208256,805198-1,"Sunyatsenia","5(1–3): 180","180","1940"
kew-2498844,A,Linderniaceae,,Lindernia,,"oppositifolia",,"","(L.) Mukerjee",Unresolved,,L,WCSP (in review),635358,805201-1,"J. Indian Bot. Soc.","24: 134","","1945"
kew-2498843,A,Linderniaceae,,Lindernia,,"ovata",,"","Schltr.",Unresolved,,L,WCSP (in review),635357,805202-1,"Bot. Jahrb. Syst.","59: 107","","1924"
tro-29206979,A,Linderniaceae,,Lindernia,,"paludosa",,"","(Bonati) Eb. Fisch.",Accepted,,M,TRO,29206979,986961-1,"Bull. Mus. Natl. Hist. Nat., B, Adansonia","17: 245","245","1995"
kew-2498840,A,Linderniaceae,,Lindernia,,"palustris",,"","Hartmann",Unresolved,,L,WCSP (in review),635354,77066136-1,"Primae Lin. Inst. Bot.","77","","1767"
kew-2498839,A,Linderniaceae,,Lindernia,,"papuana",,"","Pennell",Unresolved,,L,WCSP (in review),635353,805204-1,"J. Arnold Arbor.","24: 251","","1943"
kew-2498828,A,Linderniaceae,,Lindernia,,"parviflora",,"","(Roxb.) Haines",Accepted,,M,WCSP (in review),635342,805205-1,"Bot. Bihar Orissa","635","","1922"
kew-2498837,A,Linderniaceae,,Lindernia,,"pedunculata",,"","Wettst.",Unresolved,,L,WCSP (in review),635351,805206-1,"Nat. Pflanzenfam.","4(3b): 80","","1891"
kew-2498835,A,Linderniaceae,,Lindernia,,"perennis",,"","P.A.Duvign.",Unresolved,,L,WCSP (in review),635349,805208-1,"Bull. Soc. Roy. Bot. Belgique","90: 256","","1958"
tro-50195823,A,Linderniaceae,,Lindernia,,"philcoxii",,"","Eb. Fisch.",Accepted,,M,TRO,50195823,969014-1,"Trop. Subtrop. Pflanz.","81: 295","295","1992"
kew-2498831,A,Linderniaceae,,Lindernia,,"pierreanoides",,"","T.Yamaz.",Unresolved,,L,WCSP (in review),635345,805211-1,"J. Jap. Bot.","53: 2","","1978"
kew-2498807,A,Linderniaceae,,Lindernia,,"procumbens",,"","(Krock.) Philcox",Accepted,,M,WCSP (in review),635321,805213-1,"Taxon","14: 30","","1965"
kew-2498838,A,Linderniaceae,,Lindernia,,"pterogona",,"","T.Yamaz.",Unresolved,,L,WCSP (in review),635352,805214-1,"J. Jap. Bot.","55: 328","","1980"
kew-2498788,A,Linderniaceae,,Lindernia,,"pulchella",,"","(Skan) Philcox",Accepted,,M,WCSP (in review),635303,944946-1,"Bol. Soc. Brot.","II, 60: 268","","1987"
tro-29208260,A,Linderniaceae,,Lindernia,,"pusilla",,"","(Willd.) Bold.",Accepted,,M,TRO,29208260,805220-1,"Zakfl. Java","165","165","1916"
tro-50066849,A,Linderniaceae,,Lindernia,,"pygmaea",,"","(Bonati) Eb. Fisch.",Accepted,,M,TRO,50066849,986956-1,"Bull. Mus. Natl. Hist. Nat., B, Adansonia","17: 234","234","1995"
kew-2498789,A,Linderniaceae,,Lindernia,,"pyxidaria",,"","L.",Unresolved,,L,WCSP (in review),635304,30170737-2,"Mant. Pl.","2: 252","","1771"
kew-2498778,A,Linderniaceae,,Lindernia,,"quinqueloba",,"","(Blatt. & Hallb.) Mukerjee",Unresolved,,L,WCSP (in review),635294,805224-1,"J. Indian Bot. Soc.","24: 133","","1945"
kew-2498775,A,Linderniaceae,,Lindernia,,"reptans",,"","(Spreng.) F.Muell.",Unresolved,,L,WCSP (in review),635291,805227-1,"Descr. Notes Papuan Pl.","7: 31","","1886"
kew-2498774,A,Linderniaceae,,Lindernia,,"rivularis",,"","Kerr ex Barnett",Unresolved,,L,WCSP (in review),635290,805228-1,"Kew Bull.","16: 488","","1962 publ. 1963"
kew-2498773,A,Linderniaceae,,Lindernia,,"rotundata",,"","(Pilg.) Eb.Fisch.",Unresolved,,L,WCSP (in review),635289,,"Bull. Jard. Bot. Natl. Belg.","66: 366","","1999"
kew-2498798,A,Linderniaceae,,Lindernia,,"rotundifolia",,"","(L.) Alston",Accepted,,M,WCSP (in review),635313,1061345-2,"Handb. Fl. Ceylon","6(Suppl.): 214","","1931"
tro-29208286,A,Linderniaceae,,Lindernia,,"ruellioides",,"","(Colsm.) Pennell",Accepted,,L,TRO,29208286,805232-1,"Brittonia","2: 182","182","1936"
kew-2498803,A,Linderniaceae,,Lindernia,,"satakei",,"","T.Yamaz.",Unresolved,,L,WCSP (in review),635317,805235-1,"J. Jap. Bot.","55: 331","","1980"
kew-2498801,A,Linderniaceae,,Lindernia,,"scabra",,"","Wettst.",Unresolved,,L,WCSP (in review),635315,805237-1,"Nat. Pflanzenfam.","4(3b): 80","","1891"
tro-50195826,A,Linderniaceae,,Lindernia,,"scapoidea",,"","Eb. Fisch.",Accepted,,M,TRO,50195826,969013-1,"Trop. Subtrop. Pflanz.","81: 285","285","1992"
kew-2498808,A,Linderniaceae,,Lindernia,,"schweinfurthii",,"","(Engl.) Dandy",Accepted,,M,WCSP (in review),635322,805239-1,"Fl. Pl. Sudan","3: 139","","1956"
tro-29208269,A,Linderniaceae,,Lindernia,,"scutellariiformis",,"","T. Yamaz.",Accepted,,M,TRO,29208269,805240-1,"J. Jap. Bot.","27(2): 67–68, f. s.n.","67","1952"
kew-2499160,A,Linderniaceae,,Lindernia,,"senegalensis",,"","(Benth.) Hiern",Accepted,,M,WCSP (in review),635671,805241-1,"Cat. Afr. Pl.","1: 763","","1898"
kew-2607753,A,Linderniaceae,,Lindernia,,"serpens",,"","Philcox",Unresolved,,L,WCSP (in review),740747,77092200-1,"in Fl. Trop. E. Afr.","Scrophular.: 89","","2008"
tro-29208268,A,Linderniaceae,,Lindernia,,"setulosa",,"","(Maxim.) Tuyama ex H. Hara",Accepted,,M,TRO,29208268,805246-1,"J. Jap. Bot.","19(7): 207","207","1943"
kew-2499169,A,Linderniaceae,,Lindernia,,"sphaerocarpa",,"","Koord.",Unresolved,,L,WCSP (in review),635680,805248-1,"Exkurs.-Fl. Java","3: 179","","1912"
kew-2499154,A,Linderniaceae,,Lindernia,,"srilankana",,"","L.H.Cramer & Philcox",Unresolved,,L,WCSP (in review),635665,805250-1,"Ceylon J. Sci., Biol. Sci.","11: 35","","1974"
tro-100351582,A,Linderniaceae,,Lindernia,,"stemodioides",,"","(Miq.) Kerr",Accepted,,M,TRO,100351582,805252-1,"Fl. Siam. Enum.","3(2): 79–80","79","1954"
kew-2499175,A,Linderniaceae,,Lindernia,,"stictantha",,"","(Hiern) Skan",Accepted,,M,WCSP (in review),635686,805253-1,"Fl. Trop. Afr.","4(2): 339","","1906"
kew-2499174,A,Linderniaceae,,Lindernia,,"stolonifera",,"","T.Yamaz.",Unresolved,,L,WCSP (in review),635685,805254-1,"J. Jap. Bot.","53: 6","","1978"
tro-29208271,A,Linderniaceae,,Lindernia,,"stricta",,"","Tsoong & T.C. Ku",Accepted,,M,TRO,29208271,,"Fl. Reipubl. Popularis Sin.","67(2): 140, 397 (addenda), pl. 18, f. 1–3","140","1979"
kew-2499172,A,Linderniaceae,,Lindernia,,"stuhlmannii",,"","Engl.",Unresolved,,L,WCSP (in review),635683,805256-1,"Pflanzenw. Ost-Afrikas","C: 357","","1895"
kew-2499161,A,Linderniaceae,,Lindernia,,"subconnivens",,"","Philcox",Unresolved,,L,WCSP (in review),635672,805257-1,"Kew Bull.","22: 13","","1968"
tro-29206301,A,Linderniaceae,,Lindernia,,"subracemosa",,"","De Wild.",Accepted,,M,TRO,29206301,805259-1,"Pl. Bequaert.","5: 425","425","1932"
kew-2499167,A,Linderniaceae,,Lindernia,,"subscaposa",,"","Mildbr.",Unresolved,,L,WCSP (in review),635678,805260-1,"Notizbl. Bot. Gart. Berlin-Dahlem","8: 233","","1922"
tro-50195827,A,Linderniaceae,,Lindernia,,"sudanica",,"","Eb. Fisch. & Hepper",Accepted,,M,TRO,50195827,959629-1,"Kew Bull.","46(3): 530","530","1991"
tro-50195828,A,Linderniaceae,,Lindernia,,"syncerus",,"","R. Seine, Eb. Fischer & W. Barthlott",Accepted,,M,TRO,50195828,,"Feddes Repert.","106(1–2): 8","8","1995"
tro-29209237,A,Linderniaceae,,Lindernia,,"taishanensis",,"","F.Z. Li",Accepted,,M,TRO,29209237,929946-1,"Bull. Bot. Res., Harbin","6(1): 169–170","169","1986"
kew-2498993,A,Linderniaceae,,Lindernia,,"tectanthera",,"","W.R.Barker",Unresolved,,L,WCSP (in review),635504,940641-1,"J. Adelaide Bot. Gard.","13: 86","","1990"
tro-29208278,A,Linderniaceae,,Lindernia,,"tenuifolia",,"","(Colsm.) Alston",Accepted,,M,TRO,29208278,805263-1,"Handb. Fl. Ceylon","6(suppl.): 214","214","1931"
tro-50172936,A,Linderniaceae,,Lindernia,,"tridentata",,"","(Small) D.Q. Lewis",Accepted,,M,TRO,50172936,1015551-1,"Castanea","65(2): 105, 107, map 1","105","2000"
kew-2499165,A,Linderniaceae,,Lindernia,,"udawnensis",,"","T.Yamaz.",Unresolved,,L,WCSP (in review),635676,805270-1,"J. Jap. Bot.","53: 9","","1978"
kew-2607754,A,Linderniaceae,,Lindernia,,"ugandensis",,"","(Skan) Philcox",Unresolved,,L,WCSP (in review),740748,77092199-1,"in Fl. Trop. E. Afr.","Scrophular.: 86","","2008"
kew-2499164,A,Linderniaceae,,Lindernia,,"umbellata",,"","T.Yamaz.",Unresolved,,L,WCSP (in review),635675,805271-1,"J. Jap. Bot.","53: 10","","1978"
kew-2499224,A,Linderniaceae,,Lindernia,,"uvens",,"","Hiern",Accepted,,M,WCSP (in review),635735,805273-1,"Cat. Afr. Pl.","1: 763","","1898"
tro-100351784,A,Linderniaceae,,Lindernia,,"vandellioides",,"","(Benth.) Pennell ex G.M. Barroso",Accepted,,M,TRO,100351784,805274-1,"Rodriguésia","27: 44","44","1952"
tro-50109406,A,Linderniaceae,,Lindernia,,"viguieri",,"","(Bonati) Eb. Fisch.",Accepted,,M,TRO,50109406,986959-1,"Bull. Mus. Natl. Hist. Nat., B, Adansonia","17: 240","240","1995"
tro-50109306,A,Linderniaceae,,Lindernia,,"viscosa",,"","(Hornem.) Merr.",Accepted,,M,TRO,50109306,805279-1,"Sp. Blancoan.","14","14","1918"
tro-50126478,A,Linderniaceae,,Lindernia,,"vogelii",,"","Skan",Accepted,,M,TRO,50126478,805281-1,"Fl. Trop. Afr.","4(2): 339","339","1906"
kew-2499258,A,Linderniaceae,,Lindernia,,"welwitschii",,"","(Engl.) Eb.Fisch.",Accepted,,M,WCSP (in review),635769,969479-1,"Trop. Subtrop. Pflanzenwelt","81: 283","","1992"
kew-2499256,A,Linderniaceae,,Lindernia,,"wilmsii",,"","(Engl. & Diels) Philcox",Accepted,,M,WCSP (in review),635767,944947-1,"Bol. Soc. Brot.","II, 60: 268","","1987"
tro-29208267,A,Linderniaceae,,Lindernia,,"yaoshanensis",,"","Tsoong",Accepted,,M,TRO,29208267,,"Fl. Reipubl. Popularis Sin.","67(2): 136, 396 (addenda), pl. 13, f. 1–2","136","1979"
tro-50195833,A,Linderniaceae,,Lindernia,,"yaundensis",,"","(S. Moore) Eb. Fisch.",Accepted,,M,TRO,50195833,969480-1,"Trop. Subtrop. Pflanz.","81: 286","286","1992"
tro-50195834,A,Linderniaceae,,Lindernia,,"zanzibarica",,"","Eb. Fisch. & Hepper",Accepted,,M,TRO,50195834,959628-1,"Kew Bull.","46(3): 529","529","1991"
kew-2396210,A,Linderniaceae,,Ourisianthus,,"caeruleus",,"","Bonati",Unresolved,,L,WCSP (in review),534740,806617-1,"Bull. Soc. Bot. France","71: 1098","","1924 publ. 1925"
kew-2549224,A,Linderniaceae,,Picria,,"fel-terrae",,"","Lour.",Accepted,,M,WCSP (in review),685036,808406-1,"Fl. Cochinch.","393","","1790"
tro-100354615,A,Linderniaceae,,Pierranthus,,"capitatus",,"","(Bonati) Bonati",Accepted,,M,TRO,100354615,808413-1,"Bull. Soc. Bot. Geneve (ser. 2)","4: 254","254","1912"
tro-100354619,A,Linderniaceae,,Schizotorenia,,"finetiana",,"","(Bonati) T. Yamaz.",Accepted,,M,TRO,100354619,808964-1,"J. Jap. Bot.","53(4): 101","101","1978"
tro-100354622,A,Linderniaceae,,Scolophyllum,,"ilicifolium",,"","(Bonati) T. Yamaz.",Accepted,,M,TRO,100354622,808973-1,"J. Jap. Bot.","53(4): 100","100","1978"
kew-2585477,A,Linderniaceae,,Scolophyllum,,"longitubum",,"","T.Yamaz. & Chuakul",Unresolved,,L,WCSP (in review),719032,1008032-1,"J. Jap. Bot.","74: 82","","1999"
kew-2586363,A,Linderniaceae,,Strigina,,"pusilla",,"","Engl.",Unresolved,,L,WCSP (in review),719916,810064-1,"Bot. Jahrb. Syst.","23: 516","","1897"
kew-2520826,A,Linderniaceae,,Torenia,,"aerinea",,"","Alston",Unresolved,,L,WCSP (in review),656959,810347-1,"Handb. Fl. Ceylon","6(Suppl.): 212","","1931"
kew-2520844,A,Linderniaceae,,Torenia,,"alata",,"","Benth.",Unresolved,,L,WCSP (in review),656977,810349-1,"Prodr.","10: 411","","1846"
kew-2520814,A,Linderniaceae,,Torenia,,"alba",,"","Buch.-Ham. ex Wall.",Unresolved,,L,WCSP (in review),656947,810350-1,"Numer. List","3961","","1831"
kew-2520781,A,Linderniaceae,,Torenia,,"albomarginata",,"","Bonati",Unresolved,,L,WCSP (in review),656914,810352-1,"Bull. Soc. Bot. France","71: 1096","","1924 publ. 1925"
kew-2520782,A,Linderniaceae,,Torenia,,"alboviolacea",,"","Bonati",Unresolved,,L,WCSP (in review),656915,810351-1,"Bull. Soc. Bot. France","71: 1094","","1924 publ. 1925"
kew-2520779,A,Linderniaceae,,Torenia,,"angustifolia",,"","Buch.-Ham.",Unresolved,,L,WCSP (in review),656912,,"Numer. List","3951 A","","1831"
kew-2520778,A,Linderniaceae,,Torenia,,"annamitica",,"","Bonati",Unresolved,,L,WCSP (in review),656911,810355-1,"Bull. Soc. Bot. France","71: 1094","","1924 publ. 1925"
kew-2520777,A,Linderniaceae,,Torenia,,"arisanensis",,"","Sasaki",Unresolved,,L,WCSP (in review),656910,810356-1,"Trans. Nat. Hist. Soc. Taiwan","21: 222","","1931"
kew-2520776,A,Linderniaceae,,Torenia,,"arracanensis",,"","Paxton",Unresolved,,L,WCSP (in review),656909,810357-1,"Paxton's Mag. Bot.","15: 198","","1849"
kew-2520783,A,Linderniaceae,,Torenia,,"asiatica",,"","L.",Accepted,,M,WCSP (in review),656916,810361-1,"Sp. Pl.","619","","1753"
kew-2520770,A,Linderniaceae,,Torenia,,"atropurpurea",,"","Ridl.",Unresolved,,L,WCSP (in review),656903,810363-1,"J. Straits Branch Roy. Asiat. Soc.","49: 24","","1908"
kew-2520768,A,Linderniaceae,,Torenia,,"baillonii",,"","Godefroy ex André",Unresolved,,L,WCSP (in review),656901,810365-1,"Ill. Hort.","25: 136, t. 324","","1878"
tro-29209247,A,Linderniaceae,,Torenia,,"benthamiana",,"","Hance",Accepted,,M,TRO,29209247,810366-1,"Ann. Sci. Nat., Bot., sér. 4,","18: 226","226","1862"
kew-2520766,A,Linderniaceae,,Torenia,,"bicolor",,"","Dalzell",Unresolved,,L,WCSP (in review),656899,810367-1,"Hooker's J. Bot. Kew Gard. Misc.","3: 38","","1851"
kew-2520765,A,Linderniaceae,,Torenia,,"bimaculata",,"","Ridl.",Unresolved,,L,WCSP (in review),656898,810368-1,"J. Fed. Malay States Mus.","10: 149","","1920"
tro-29209210,A,Linderniaceae,,Torenia,,"biniflora",,"","T.L. Chin & D.Y. Hong",Accepted,,M,TRO,29209210,810369-1,"Fl. Reipubl. Popularis Sin.","67(2): 154, 399 (addenda), f. 43","154","1979"
kew-2520774,A,Linderniaceae,,Torenia,,"brevifolia",,"","Engl. & Pilg.",Unresolved,,L,WCSP (in review),656907,810371-1,"Bot. Jahrb. Syst.","45: 214","","1910"
kew-2520803,A,Linderniaceae,,Torenia,,"burttiana",,"","R.R.Mill",Unresolved,,L,WCSP (in review),656936,973682-1,"Edinburgh J. Bot.","50: 211","","1993"
kew-2520802,A,Linderniaceae,,Torenia,,"caelestis",,"","Ridl.",Unresolved,,L,WCSP (in review),656935,810372-1,"J. Straits Branch Roy. Asiat. Soc.","46: 23","","1908"
kew-2520801,A,Linderniaceae,,Torenia,,"calcarata",,"","Griff.",Unresolved,,L,WCSP (in review),656934,810373-1,"Not. Pl. Asiat.","4: 124","","1854"
kew-2520800,A,Linderniaceae,,Torenia,,"cambodgiana",,"","Bonati",Unresolved,,L,WCSP (in review),656933,810374-1,"Bull. Soc. Bot. France","55: 513","","1908"
kew-2520799,A,Linderniaceae,,Torenia,,"cardiosepala",,"","Benth.",Unresolved,,L,WCSP (in review),656932,810375-1,"Prodr.","10: 409","","1846"
kew-2520798,A,Linderniaceae,,Torenia,,"celebica",,"","T.Yamaz.",Unresolved,,L,WCSP (in review),656931,940545-1,"J. Jap. Bot.","65: 262","","1990"
kew-2520796,A,Linderniaceae,,Torenia,,"chevalieri",,"","Bonati",Unresolved,,L,WCSP (in review),656929,810377-1,"Bull. Soc. Bot. France","71: 1095","","1924 publ. 1925"
kew-2520784,A,Linderniaceae,,Torenia,,"ciliaris",,"","Sm.",Unresolved,,L,WCSP (in review),656917,810378-1,"Cycl.","36: no. 3","","1817"
kew-2520794,A,Linderniaceae,,Torenia,,"ciliata",,"","Hook.f.",Unresolved,,L,WCSP (in review),656927,810379-1,"Fl. Brit. India","4: 278","","1884"
kew-2520804,A,Linderniaceae,,Torenia,,"coerulea",,"","Miq.",Unresolved,,L,WCSP (in review),656937,810380-1,"Fl. Ned. Ind., Eerste Bijv.","562","","1861"
kew-2520792,A,Linderniaceae,,Torenia,,"colorans",,"","C.Morren",Unresolved,,L,WCSP (in review),656925,,"Ann. Soc. Roy. Agric. Gand","2: t. 94","","1846"
tro-29209252,A,Linderniaceae,,Torenia,,"concolor",,"","Lindl.",Accepted,,M,TRO,29209252,810382-1,"Edwards's Bot. Reg.","32:pl. 62","","1846"
tro-29209250,A,Linderniaceae,,Torenia,,"cordifolia",,"","Roxb.",Accepted,,M,TRO,29209250,810384-1,"Pl. Coromandel","2: 52, pl. 161","52","1798"
kew-2520284,A,Linderniaceae,,Torenia,,"courtallensis",,"","Gamble",Unresolved,,L,WCSP (in review),656424,810387-1,"Fl. Madras","956","","1923"
tro-50265637,A,Linderniaceae,,Torenia,,"crenata",,"","(Pennell) Pennell",Accepted,,M,TRO,50265637,,"J. Arnold Arbor.","24(3): 254–255, pl. I, B","254","1943"
kew-2519916,A,Linderniaceae,,Torenia,,"cyanea",,"","Alston",Unresolved,,L,WCSP (in review),656058,,"Handb. Fl. Ceylon","6(Suppl.): 212","","1931"
kew-2519915,A,Linderniaceae,,Torenia,,"cyrtandriflora",,"","B.L.Burtt",Unresolved,,L,WCSP (in review),656057,960112-1,"Rheedea","1: 3","","1991"
kew-2519913,A,Linderniaceae,,Torenia,,"diffusa",,"","Roxb.",Unresolved,,L,WCSP (in review),656055,810392-1,"Fl. Ind. ed. 1832","3: 95","","1832"
kew-2519914,A,Linderniaceae,,Torenia,,"diffusa",,"","D.Don",Unresolved,,L,WCSP (in review),656056,810391-1,"Prodr. Fl. Nepal.","86","","1825"
tro-29206968,A,Linderniaceae,,Torenia,,"dinklagei",,"","Engl.",Accepted,,M,TRO,29206968,810393-1,"Bot. Jahrb. Syst.","57: 610","610","1922"
kew-2519910,A,Linderniaceae,,Torenia,,"edentula",,"","Benth.",Unresolved,,L,WCSP (in review),656052,810395-1,"Prodr.","10: 410","","1846"
kew-2519911,A,Linderniaceae,,Torenia,,"edentula",,"","Griff.",Unresolved,,L,WCSP (in review),656053,810394-1,"Madras J. Lit. Sci.","4: 376","","1836"
kew-2519897,A,Linderniaceae,,Torenia,,"evrardii",,"","Bonati",Unresolved,,L,WCSP (in review),656039,810397-1,"Bull. Soc. Bot. France","71: 1097","","1924 publ. 1925"
tro-29209211,A,Linderniaceae,,Torenia,,"flava",,"","Buch.-Ham. ex Benth.",Accepted,,M,TRO,29209211,,"Scroph. Ind.","38","38","1835"
tro-29209248,A,Linderniaceae,,Torenia,,"fordii",,"","Hook. f.",Accepted,,M,TRO,29209248,810405-1,"Bot. Mag.","111: , pl. 6797B","","1885"
kew-2519899,A,Linderniaceae,,Torenia,,"fournieri",,"","Linden ex E. Fourn.",Accepted,,M,WCSP (in review),656041,810406-1,"Ill. Hort.","23: 129, t. 249","","1876"
kew-2519898,A,Linderniaceae,,Torenia,,"gavottiana",,"","Buscal.",Unresolved,,L,WCSP (in review),656040,255155-2,"Ann. Bot. (Rome)","9: 106","","1911"
kew-2519908,A,Linderniaceae,,Torenia,,"godefroyi",,"","Bonati",Unresolved,,L,WCSP (in review),656050,810410-1,"Bull. Soc. Bot. France","55: 514","","1908"
kew-2519936,A,Linderniaceae,,Torenia,,"gracilis",,"","Benth.",Unresolved,,L,WCSP (in review),656078,810411-1,"Numer. List","3952","","1831"
kew-2519935,A,Linderniaceae,,Torenia,,"guinguenervis",,"","Llanos",Unresolved,,L,WCSP (in review),656077,810412-1,"Fragm. Pl. Filip.","76","","1851"
kew-2519934,A,Linderniaceae,,Torenia,,"hayatae",,"","Bonati",Unresolved,,L,WCSP (in review),656076,810413-1,"Bull. Soc. Bot. France","71: 1096","","1924 publ. 1925"
kew-2519933,A,Linderniaceae,,Torenia,,"hexandra",,"","R.Br.",Unresolved,,L,WCSP (in review),656075,810414-1,"Prodr. Fl. Nov. Holl.","440","","1810"
kew-2519932,A,Linderniaceae,,Torenia,,"hians",,"","Roxb.",Unresolved,,L,WCSP (in review),656074,810415-1,"Fl. Ind. ed. 1832","3: 96","","1832"
kew-2519931,A,Linderniaceae,,Torenia,,"hirsulissima",,"","Bonati",Unresolved,,L,WCSP (in review),656073,,"Bull. Soc. Bot. France","55: 512","","1908"
kew-2519930,A,Linderniaceae,,Torenia,,"hirsuta",,"","Willd.",Unresolved,,L,WCSP (in review),656072,810417-1,"Sp. Pl.","3: 266","","1800"
kew-2519939,A,Linderniaceae,,Torenia,,"hirtella",,"","Hook.f.",Unresolved,,L,WCSP (in review),656081,810420-1,"Fl. Brit. India","4: 277","","1884"
kew-2519924,A,Linderniaceae,,Torenia,,"indica",,"","C.J.Saldanha",Unresolved,,L,WCSP (in review),656066,810423-1,"Bull. Bot. Surv. India","8: 127","","1967"
kew-2519921,A,Linderniaceae,,Torenia,,"javanica",,"","T.Yamaz.",Unresolved,,L,WCSP (in review),656063,940544-1,"J. Jap. Bot.","65: 261","","1990"
kew-2519920,A,Linderniaceae,,Torenia,,"kiusiana",,"","Ohwi",Unresolved,,L,WCSP (in review),656062,810425-1,"Repert. Spec. Nov. Regni Veg.","36: 55","","1934"
kew-2519887,A,Linderniaceae,,Torenia,,"lamponga",,"","Miq.",Unresolved,,L,WCSP (in review),656030,810426-1,"Fl. Ned. Ind., Eerste Bijv.","562","","1861"
kew-2519938,A,Linderniaceae,,Torenia,,"lanceolata",,"","Hook.f.",Unresolved,,L,WCSP (in review),656080,810427-1,"Fl. Brit. India","4: 279","","1884"
kew-2519906,A,Linderniaceae,,Torenia,,"laotica",,"","Bonati",Unresolved,,L,WCSP (in review),656048,810428-1,"Bull. Soc. Bot. France","55: 512","","1908"
kew-2519870,A,Linderniaceae,,Torenia,,"leucosiphon",,"","Alston",Unresolved,,L,WCSP (in review),656013,810430-1,"Handb. Fl. Ceylon","6(Suppl.): 212","","1931"
kew-2519869,A,Linderniaceae,,Torenia,,"lindernioides",,"","C.J.Saldanha",Unresolved,,L,WCSP (in review),656012,810431-1,"Bull. Bot. Surv. India","8: 130","","1967"
kew-2519868,A,Linderniaceae,,Torenia,,"lobelioides",,"","Hook. & Arn.",Unresolved,,L,WCSP (in review),656011,810432-1,"Bot. Beechey Voy.","202","","1837"
kew-2519867,A,Linderniaceae,,Torenia,,"longiflora",,"","C.Morren",Unresolved,,L,WCSP (in review),656010,,"Ann. Soc. Roy. Agric. Gand","2: 441","","1846"
kew-2519865,A,Linderniaceae,,Torenia,,"mannii",,"","Skan",Unresolved,,L,WCSP (in review),656008,810435-1,"Fl. Trop. Afr.","4(2): 336","","1906"
kew-2519875,A,Linderniaceae,,Torenia,,"mildbraedii",,"","Pilg.",Unresolved,,L,WCSP (in review),656018,810436-1,"Wiss. Erg. Deut. Zentr.-Afr. Exped., Bot.","2: 285","","1911"
kew-2519862,A,Linderniaceae,,Torenia,,"mollissima",,"","Merr.",Unresolved,,L,WCSP (in review),656005,810438-1,"Lingnan Univ. Sci. Bull.","2: 94","","1930"
kew-2519859,A,Linderniaceae,,Torenia,,"mucronulata",,"","Benth.",Unresolved,,L,WCSP (in review),656002,810440-1,"Prodr.","10: 409","","1846"
kew-2519858,A,Linderniaceae,,Torenia,,"multiflora",,"","Roxb.",Unresolved,,L,WCSP (in review),656001,810441-1,"Fl. Ind. ed. 1832","3: 96","","1832"
kew-2519866,A,Linderniaceae,,Torenia,,"nortenia",,"","Steud.",Unresolved,,L,WCSP (in review),656009,,"Nomencl. Bot.","ed. 2, 2: 692","","1841"
kew-2519893,A,Linderniaceae,,Torenia,,"obtusifolia",,"","Sm.",Unresolved,,L,WCSP (in review),656035,810448-1,"Cycl.","36: no. 5","","1817"
kew-2519891,A,Linderniaceae,,Torenia,,"paniculata",,"","Blanco",Unresolved,,L,WCSP (in review),656033,810450-1,"Fl. Filip.","486","","1837"
kew-2519888,A,Linderniaceae,,Torenia,,"patens",,"","Pennell",Unresolved,,L,WCSP (in review),656031,810453-1,"Kew Bull.","23: 463","","1969"
kew-2519896,A,Linderniaceae,,Torenia,,"pedunculata",,"","Willd. ex Steud.",Unresolved,,L,WCSP (in review),656038,,"Nomencl. Bot.","ed. 2, 2: 692","","1841"
kew-2519884,A,Linderniaceae,,Torenia,,"pierreana",,"","Bonati",Unresolved,,L,WCSP (in review),656027,810457-1,"Bull. Soc. Bot. France","55: 513","","1908"
tro-29206690,A,Linderniaceae,,Torenia,,"plantagineum",,"","Benth.",Unresolved,,L,TRO,29206690,810458-1,"Prodr.","10: 411","411",""
kew-2519882,A,Linderniaceae,,Torenia,,"poilanei",,"","Bonati",Unresolved,,L,WCSP (in review),656025,810459-1,"Bull. Soc. Bot. France","71: 1093","","1924 publ. 1925"
kew-2519880,A,Linderniaceae,,Torenia,,"pterocalyx",,"","Mildbr.",Unresolved,,L,WCSP (in review),656023,810461-1,"Wiss. Erg. Zweit. Deut. Zentr.-Afr. Exped., Bot.","2: 63","","1922"
kew-2519879,A,Linderniaceae,,Torenia,,"pubescens",,"","Peter",Unresolved,,L,WCSP (in review),656022,810462-1,"Abh. Königl. Ges. Wiss. Göttingen, Math.-Phys. Kl.","n.f., 13(2): 35","","1928"
kew-2519941,A,Linderniaceae,,Torenia,,"quinquenervis",,"","Llanos",Unresolved,,L,WCSP (in review),656083,810464-1,"Fragm. Pl. Filip.","70","","1851"
kew-2519856,A,Linderniaceae,,Torenia,,"racemosa",,"","Benth.",Unresolved,,L,WCSP (in review),655999,,"Scroph. Ind.","38","","1835"
kew-2520000,A,Linderniaceae,,Torenia,,"ramosissima",,"","Vatke",Unresolved,,L,WCSP (in review),656142,810467-1,"Oesterr. Bot. Z.","25: 10","","1875"
kew-2519999,A,Linderniaceae,,Torenia,,"ranongensis",,"","T.Yamaz.",Unresolved,,L,WCSP (in review),656141,903270-1,"J. Jap. Bot.","58: 14","","1983"
kew-2519998,A,Linderniaceae,,Torenia,,"reptans",,"","Kerr ex Barnett",Unresolved,,L,WCSP (in review),656140,810468-1,"Kew Bull.","16: 487","","1962 publ. 1963"
kew-2519981,A,Linderniaceae,,Torenia,,"rupestris",,"","Bonati",Unresolved,,L,WCSP (in review),656123,810474-1,"Fl. Indo-Chine","4: 402","","1927"
kew-2519989,A,Linderniaceae,,Torenia,,"scandens",,"","Bonati",Unresolved,,L,WCSP (in review),656131,810477-1,"Bull. Soc. Bot. France","71: 1095","","1924 publ. 1925"
kew-2519987,A,Linderniaceae,,Torenia,,"sessiliflora",,"","Benth.",Unresolved,,L,WCSP (in review),656129,810479-1,"Numer. List","3959","","1831"
kew-2519985,A,Linderniaceae,,Torenia,,"siamensis",,"","T.Yamaz.",Unresolved,,L,WCSP (in review),656127,810481-1,"J. Jap. Bot.","53: 103","","1978"
kew-2519984,A,Linderniaceae,,Torenia,,"silvicola",,"","A.Raynal",Accepted,,M,WCSP (in review),656126,810482-1,"Adansonia","n.s., 5: 522","","1965"
kew-2519983,A,Linderniaceae,,Torenia,,"soriana",,"","Blanco",Unresolved,,L,WCSP (in review),656125,810483-1,"Fl. Filip., ed. 2","340","","1845"
tro-29204662,A,Linderniaceae,,Torenia,,"stolonifera",,"","Bojer ex Benth.",Accepted,,M,TRO,29204662,810485-1,"Prodr.","10: 410","410","1846"
kew-2519992,A,Linderniaceae,,Torenia,,"thailandica",,"","T.Yamaz.",Unresolved,,L,WCSP (in review),656134,,"J. Jap. Bot.","65: 266","","1990"
kew-2520021,A,Linderniaceae,,Torenia,,"thorelii",,"","Bonati",Unresolved,,L,WCSP (in review),656163,810486-1,"Bull. Soc. Bot. France","55: 514","","1908"
kew-2520020,A,Linderniaceae,,Torenia,,"thouarsii",,"","(Cham. & Schltdl.) Kuntze",Accepted,,M,WCSP (in review),656162,255156-2,"Revis. Gen. Pl.","2: 468","","1891"
tro-50004756,A,Linderniaceae,,Torenia,,"tournieri",,"","Lindl.",Unresolved,,L,TRO,50004756,,"","","",""
kew-2520019,A,Linderniaceae,,Torenia,,"travancorica",,"","Gamble",Unresolved,,L,WCSP (in review),656161,810488-1,"Fl. Madras","957","","1923"
kew-2520017,A,Linderniaceae,,Torenia,,"vagans",,"","Roxb.",Unresolved,,L,WCSP (in review),656159,810490-1,"Fl. Ind. ed. 1832","3: 96","","1832"
kew-2520016,A,Linderniaceae,,Torenia,,"varians",,"","Griff.",Unresolved,,L,WCSP (in review),656158,810491-1,"Not. Pl. Asiat.","4: 125","","1854"
kew-2520002,A,Linderniaceae,,Torenia,,"veronicifolia",,"","Klotzsch",Unresolved,,L,WCSP (in review),656144,810494-1,"Allg. Gartenzeitung","19: 282","","1851"
kew-2520012,A,Linderniaceae,,Torenia,,"veronicifolia",,"","Wall.",Unresolved,,L,WCSP (in review),656154,810495-1,"Numer. List","3856 B","","1831"
kew-2520014,A,Linderniaceae,,Torenia,,"veronicifolia",,"","Willd. ex Steud.",Unresolved,,L,WCSP (in review),656156,,"Nomencl. Bot.","ed. 2, 2: 692","","1841"
kew-2520023,A,Linderniaceae,,Torenia,,"vientianica",,"","T.Yamaz.",Unresolved,,L,WCSP (in review),656165,810496-1,"J. Jap. Bot.","55: 328","","1980"
tro-29209249,A,Linderniaceae,,Torenia,,"violacea",,"","(Azaola ex Blanco) Pennell",Accepted,,M,TRO,29209249,810498-1,"J. Arnold Arbor.","24(3): 255","255","1943"
kew-2520008,A,Linderniaceae,,Torenia,,"viscosa",,"","Sweet",Unresolved,,L,WCSP (in review),656150,810499-1,"Hort. Brit.","306","","1826"
kew-2454596,A,Linderniaceae,,Vandellia,,"alsinoides",,"","Benth.",Unresolved,,L,WCSP (in review),592099,810556-1,"Prodr.","10: 415","","1846"
kew-2454592,A,Linderniaceae,,Vandellia,,"arridens",,"","Hance",Unresolved,,L,WCSP (in review),592095,810560-1,"Ann. Sci. Nat., Bot.","IV, 15: 226","","1861"
kew-2454594,A,Linderniaceae,,Vandellia,,"bonatii",,"","T.Yamaz.",Unresolved,,L,WCSP (in review),592097,810562-1,"Bull. Natl. Sci. Mus. Tokyo","n.s., 6: 371","","1963"
kew-2454610,A,Linderniaceae,,Vandellia,,"brownii",,"","Benth.",Unresolved,,L,WCSP (in review),592113,810565-1,"Prodr.","10: 413","","1846"
kew-2454628,A,Linderniaceae,,Vandellia,,"caespitosa",,"","Benth.",Unresolved,,L,WCSP (in review),592131,810566-1,"Prodr.","10: 415","","1846"
kew-2454632,A,Linderniaceae,,Vandellia,,"cerastoides",,"","Collett & Hemsl.",Unresolved,,L,WCSP (in review),592135,810570-1,"J. Linn. Soc., Bot.","28: 100","","1890"
kew-2454633,A,Linderniaceae,,Vandellia,,"chamaedrys",,"","G.Don",Unresolved,,L,WCSP (in review),592136,810571-1,"Gen. Hist.","4: 549","","1837"
kew-2454640,A,Linderniaceae,,Vandellia,,"cymulosa",,"","Miq.",Unresolved,,L,WCSP (in review),592143,810578-1,"Ann. Mus. Bot. Lugduno-Batavi","2: 117","","1866"
kew-2454613,A,Linderniaceae,,Vandellia,,"ellobum",,"","Benth.",Unresolved,,L,WCSP (in review),592116,810583-1,"Prodr.","10: 417","","1846"
kew-2454614,A,Linderniaceae,,Vandellia,,"emarginata",,"","T.Yamaz.",Unresolved,,L,WCSP (in review),592117,810584-1,"Bull. Natl. Sci. Mus. Tokyo","n.s., 6: 370","","1963"
kew-2454617,A,Linderniaceae,,Vandellia,,"foliosa",,"","Bonati",Unresolved,,L,WCSP (in review),592120,810587-1,"Bull. Soc. Bot. France","56: 468","","1909"
kew-2454626,A,Linderniaceae,,Vandellia,,"glandulifera",,"","Benth.",Unresolved,,L,WCSP (in review),592129,810588-1,"Prodr.","10: 415","","1846"
kew-2454619,A,Linderniaceae,,Vandellia,,"gracilis",,"","Bonati",Unresolved,,L,WCSP (in review),592122,810589-1,"Bull. Soc. Bot. France","55: 539","","1908"
kew-2454612,A,Linderniaceae,,Vandellia,,"grandiflora",,"","Merr.",Unresolved,,L,WCSP (in review),592115,810590-1,"Philipp. J. Sci.","1(Suppl.): 237","","1906"
kew-2454624,A,Linderniaceae,,Vandellia,,"hookeri",,"","C.B.Clarke ex Hook.f.",Unresolved,,L,WCSP (in review),592127,810594-1,"Fl. Brit. India","4: 280","","1884"
kew-2454531,A,Linderniaceae,,Vandellia,,"laotica",,"","T.Yamaz.",Unresolved,,L,WCSP (in review),592034,810598-1,"J. Jap. Bot.","37: 268","","1962"
kew-2454580,A,Linderniaceae,,Vandellia,,"laotica",,"","Bonati",Unresolved,,L,WCSP (in review),592083,810597-1,"Bull. Soc. Bot. Genève","II, 5: 140","","1913"
kew-2454595,A,Linderniaceae,,Vandellia,,"latifolia",,"","Benth.",Unresolved,,L,WCSP (in review),592098,810599-1,"Prodr.","10: 415","","1846"
kew-2454534,A,Linderniaceae,,Vandellia,,"laxa",,"","Benth.",Unresolved,,L,WCSP (in review),592037,810600-1,"Scroph. Ind.","36","","1835"
kew-2454535,A,Linderniaceae,,Vandellia,,"ligulata",,"","T.Yamaz.",Unresolved,,L,WCSP (in review),592038,810601-1,"J. Jap. Bot.","28: 37","","1953"
kew-2454536,A,Linderniaceae,,Vandellia,,"limosa",,"","Walp.",Unresolved,,L,WCSP (in review),592039,810602-1,"Nov. Actorum Acad. Caes. Leop.-Carol. Nat. Cur.","19(Suppl. 1): 394","","1843"
kew-2454548,A,Linderniaceae,,Vandellia,,"longituba",,"","T.Yamaz.",Unresolved,,L,WCSP (in review),592051,810605-1,"Bull. Natl. Sci. Mus. Tokyo","n.s., 6: 370","","1963"
kew-2454542,A,Linderniaceae,,Vandellia,,"minima",,"","Royle ex Benth.",Unresolved,,L,WCSP (in review),592045,810608-1,"Scroph. Ind.","37","","1835"
kew-2454543,A,Linderniaceae,,Vandellia,,"minuta",,"","Miq.",Unresolved,,L,WCSP (in review),592046,810609-1,"Fl. Ned. Ind.","2: 691","","1857"
kew-2454545,A,Linderniaceae,,Vandellia,,"molluginoides",,"","Benth.",Unresolved,,L,WCSP (in review),592048,810611-1,"Scroph. Ind.","35","","1835"
kew-2454546,A,Linderniaceae,,Vandellia,,"monnerioides",,"","Buch.-Ham. ex Wall.",Unresolved,,L,WCSP (in review),592049,810612-1,"Numer. List","3945","","1831"
kew-2454539,A,Linderniaceae,,Vandellia,,"multiflora",,"","Náves ex Fern.-Vill.",Unresolved,,L,WCSP (in review),592042,810615-1,"Fl. Filip., ed. 3","4(13A): 148","","1880"
kew-2454541,A,Linderniaceae,,Vandellia,,"multiflora",,"","G.Don",Unresolved,,L,WCSP (in review),592044,810614-1,"Gen. Hist.","4: 549","","1837"
kew-2454520,A,Linderniaceae,,Vandellia,,"nervosa",,"","Benth.",Unresolved,,L,WCSP (in review),592023,810618-1,"Prodr.","10: 417","","1846"
kew-2454522,A,Linderniaceae,,Vandellia,,"nutans",,"","T.Yamaz.",Unresolved,,L,WCSP (in review),592025,810620-1,"J. Jap. Bot.","28: 36","","1953"
kew-2454517,A,Linderniaceae,,Vandellia,,"obtusa",,"","Miq.",Unresolved,,L,WCSP (in review),592020,810623-1,"Fl. Ned. Ind.","2: 691","","1857"
kew-2454527,A,Linderniaceae,,Vandellia,,"ovata",,"","Walp.",Unresolved,,L,WCSP (in review),592030,810625-1,"Nov. Actorum Acad. Caes. Leop.-Carol. Nat. Cur.","19(Suppl. 1): 394","","1843"
kew-2454528,A,Linderniaceae,,Vandellia,,"pachypoda",,"","Franch. & Sav.",Unresolved,,L,WCSP (in review),592031,810626-1,"Enum. Pl. Jap.","2: 457","","1878"
kew-2454529,A,Linderniaceae,,Vandellia,,"palustris",,"","Benth.",Unresolved,,L,WCSP (in review),592032,810627-1,"Prodr.","10: 417","","1846"
kew-2454555,A,Linderniaceae,,Vandellia,,"perennans",,"","T.Yamaz.",Unresolved,,L,WCSP (in review),592058,810629-1,"J. Jap. Bot.","28: 39","","1953"
kew-2454523,A,Linderniaceae,,Vandellia,,"pierreana",,"","Bonati",Unresolved,,L,WCSP (in review),592026,810630-1,"Bull. Soc. Bot. France","55: 538","","1908"
kew-2454566,A,Linderniaceae,,Vandellia,,"pratensis",,"","Vahl",Unresolved,,L,WCSP (in review),592069,810632-1,"Eclog. Amer.","2: 48","","1798"
kew-2454567,A,Linderniaceae,,Vandellia,,"prostrata",,"","Klotzsch",Unresolved,,L,WCSP (in review),592070,810633-1,"Reis. Br.-Guiana","3: 966","","1849"
kew-2454568,A,Linderniaceae,,Vandellia,,"pubescens",,"","Benth.",Unresolved,,L,WCSP (in review),592071,810634-1,"Prodr.","10: 415","","1846"
kew-2454569,A,Linderniaceae,,Vandellia,,"punctata",,"","Prain",Unresolved,,L,WCSP (in review),592072,810635-1,"J. Asiat. Soc. Bengal, Pt. 2, Nat. Hist.","72: 19","","1903"
kew-2454581,A,Linderniaceae,,Vandellia,,"pyxidaria",,"","Maxim.",Unresolved,,L,WCSP (in review),592084,810638-1,"Bull. Acad. Imp. Sci. Saint-Pétersbourg","20: 449","","1875"
kew-2454565,A,Linderniaceae,,Vandellia,,"racemosa",,"","Bonati",Unresolved,,L,WCSP (in review),592068,810640-1,"Bull. Soc. Bot. France","55: 537","","1908"
kew-2454573,A,Linderniaceae,,Vandellia,,"racemosa",,"","Spreng.",Unresolved,,L,WCSP (in review),592076,810639-1,"Neue Entdeck. Pflanzenk.","1: 262","","1820"
kew-2454575,A,Linderniaceae,,Vandellia,,"repens",,"","Thouars ex Steud.",Unresolved,,L,WCSP (in review),592078,,"Nomencl. Bot.","ed. 2, 2: 744","","1841"
kew-2454576,A,Linderniaceae,,Vandellia,,"rotundifolia",,"","Griff.",Unresolved,,L,WCSP (in review),592079,810642-1,"Itin. Pl. Khasyah Mts.","27","","1848"
kew-2454577,A,Linderniaceae,,Vandellia,,"roxburghii",,"","G.Don",Unresolved,,L,WCSP (in review),592080,810643-1,"Gen. Hist.","4: 549","","1837"
kew-2454578,A,Linderniaceae,,Vandellia,,"saginiformis",,"","Bonati",Unresolved,,L,WCSP (in review),592081,810644-1,"Bull. Soc. Bot. Genève","II, 4: 240","","1912"
kew-2454579,A,Linderniaceae,,Vandellia,,"scabra",,"","Benth.",Unresolved,,L,WCSP (in review),592082,810645-1,"Scroph. Ind.","36","","1835"
kew-2454557,A,Linderniaceae,,Vandellia,,"scapigera",,"","Benth.",Unresolved,,L,WCSP (in review),592060,810646-1,"Prodr.","10: 415","","1846"
tro-29209025,A,Linderniaceae,,Vandellia,,"scutellariiformis",,"","(T. Yamaz.) T. Yamaz.",Accepted,,M,TRO,29209025,810647-1,"J. Jap. Bot.","30(6): 174","174","1955"
kew-2454550,A,Linderniaceae,,Vandellia,,"sericea",,"","Bonati",Unresolved,,L,WCSP (in review),592053,810649-1,"Bull. Soc. Bot. France","55: 540","","1908"
kew-2454551,A,Linderniaceae,,Vandellia,,"serrata",,"","(Thunb.) Nakai",Unresolved,,L,WCSP (in review),592054,810650-1,"Thunb. Misc. Papers Jap. Pl., Jap. Comm.","19","","1935"
kew-2454554,A,Linderniaceae,,Vandellia,,"soriana",,"","Blanco",Unresolved,,L,WCSP (in review),592057,810653-1,"Fl. Filip.","506","","1837"
kew-2454564,A,Linderniaceae,,Vandellia,,"spathacea",,"","Bonati",Unresolved,,L,WCSP (in review),592067,810654-1,"Notul. Syst. (Paris)","1: 333","","1911"
kew-2454556,A,Linderniaceae,,Vandellia,,"sphaerocarpa",,"","Benth.",Unresolved,,L,WCSP (in review),592059,810655-1,"Prodr.","10: 417","","1846"
kew-2454559,A,Linderniaceae,,Vandellia,,"strigosa",,"","G.Don",Unresolved,,L,WCSP (in review),592062,810658-1,"Gen. Hist.","4: 549","","1837"
kew-2454561,A,Linderniaceae,,Vandellia,,"subulata",,"","Benth.",Unresolved,,L,WCSP (in review),592064,810660-1,"Prodr.","10: 415","","1846"
kew-2454562,A,Linderniaceae,,Vandellia,,"sulcata",,"","Steud.",Unresolved,,L,WCSP (in review),592065,,"Nomencl. Bot.","ed. 2, 2: 744","","1841"
kew-2454384,A,Linderniaceae,,Vandellia,,"thorelii",,"","Bonati",Unresolved,,L,WCSP (in review),591897,810663-1,"Bull. Soc. Bot. France","55: 539","","1908"
kew-2454174,A,Linderniaceae,,Vandellia,,"tonkinensis",,"","Bonati",Unresolved,,L,WCSP (in review),591687,810664-1,"Bull. Soc. Bot. France","55: 540","","1908"
tro-29209014,A,Linderniaceae,,Vandellia,,"vandellioides",,"","Hance ex Hemsl.",Unresolved,,L,TRO,29209014,,"Walp. Ann.","3: 193","193","1852"
kew-2454210,A,Linderniaceae,,Vandellia,,"varians",,"","G.Don",Unresolved,,L,WCSP (in review),591723,810666-1,"Gen. Hist.","4: 549","","1837"
