﻿ID,Major group,Family,Genus hybrid marker,Genus,Species hybrid marker,Species,Infraspecific rank,Infraspecific epithet,Authorship,Taxonomic status in TPL,Nomenclatural status from original data source,Confidence level,Source,Source id,IPNI id,Publication,Collation,Page,Date
kew-2620156,A,Loasaceae,,Acrolasia,,"affinis",,"","(Greene) Rydb.",Unresolved,,L,WCSP (in review),752528,3622-2,"Bull. Torrey Bot. Club","30: 278","","1903"
kew-2620157,A,Loasaceae,,Acrolasia,,"albicaulis",,"","(Douglas ex Hook.) Rydb.",Unresolved,,L,WCSP (in review),752529,3623-2,"Bull. Torrey Bot. Club","30: 277","","1903"
kew-2620160,A,Loasaceae,,Acrolasia,,"bartonioides",,"","C.Presl",Unresolved,,L,WCSP (in review),752532,544930-1,"Reliq. Haenk.","2: 39","","1831"
kew-2620161,A,Loasaceae,,Acrolasia,,"catalinensis",,"","Millsp.",Unresolved,,L,WCSP (in review),752533,3626-2,"Publ. Field Mus. Nat. Hist., Bot. Ser.","5: 177","","1923"
kew-2620162,A,Loasaceae,,Acrolasia,,"compacta",,"","(A.Nelson) Rydb.",Unresolved,,L,WCSP (in review),752534,3627-2,"Bull. Torrey Bot. Club","30: 278","","1903"
kew-2620163,A,Loasaceae,,Acrolasia,,"congesta",,"","(Torr. & A.Gray) Rydb.",Unresolved,,L,WCSP (in review),752535,3628-2,"Bull. Torrey Bot. Club","30: 277","","1903"
kew-2620164,A,Loasaceae,,Acrolasia,,"ctenophora",,"","(Rydb.) Rydb.",Unresolved,,L,WCSP (in review),752536,3629-2,"Bull. Torrey Bot. Club","30: 277","","1903"
kew-2620167,A,Loasaceae,,Acrolasia,,"dispersa",,"","(S.Watson) Rydb.",Unresolved,,L,WCSP (in review),752539,544937-1,"Fl. Rocky Mts.","574","","1917"
kew-2620168,A,Loasaceae,,Acrolasia,,"elata",,"","Phil.",Unresolved,,L,WCSP (in review),752540,3633-2,"Anales Univ. Chile","85: 5","","1894"
kew-2620169,A,Loasaceae,,Acrolasia,,"gracilenta",,"","(Torr. & A.Gray) Rydb.",Unresolved,,L,WCSP (in review),752541,3634-2,"Bull. Torrey Bot. Club","30: 278","","1903"
kew-2620171,A,Loasaceae,,Acrolasia,,"humilis",,"","Osterh.",Unresolved,,L,WCSP (in review),752543,3636-2,"Bull. Torrey Bot. Club","49: 183","","1922"
kew-2620172,A,Loasaceae,,Acrolasia,,"integrifolia",,"","(Rydb.) Rydb.",Unresolved,,L,WCSP (in review),752544,3637-2,"Bull. Torrey Bot. Club","30: 278","","1903"
kew-2620174,A,Loasaceae,,Acrolasia,,"micrantha",,"","(Torr. & A.Gray) Rydb.",Unresolved,,L,WCSP (in review),752546,3639-2,"Bull. Torrey Bot. Club","30: 278","","1903"
kew-2620177,A,Loasaceae,,Acrolasia,,"nitens",,"","(Greene) Rydb.",Unresolved,,L,WCSP (in review),752549,3642-2,"Bull. Torrey Bot. Club","30: 278","","1903"
kew-2620178,A,Loasaceae,,Acrolasia,,"parviflora",,"","(A.Heller) A.Heller",Unresolved,,L,WCSP (in review),752550,3643-2,"Muhlenbergia","1: 138","","1906"
kew-2620179,A,Loasaceae,,Acrolasia,,"pectinata",,"","(Kellogg) Rydb.",Unresolved,,L,WCSP (in review),752551,3644-2,"Bull. Torrey Bot. Club","30: 278","","1903"
kew-2620180,A,Loasaceae,,Acrolasia,,"pinetorum",,"","(A.Heller) A.Heller",Unresolved,,L,WCSP (in review),752552,3645-2,"Muhlenbergia","2: 99","","1905"
kew-2620181,A,Loasaceae,,Acrolasia,,"pinnatifida",,"","Phil.",Unresolved,,L,WCSP (in review),752553,3646-2,"Anales Univ. Chile","85: 6","","1894"
kew-2620182,A,Loasaceae,,Acrolasia,,"solieri",,"","Gay",Unresolved,,L,WCSP (in review),752554,544952-1,"Fl. Chil.","2: 430","","1847"
kew-2620184,A,Loasaceae,,Acrolasia,,"tenerrima",,"","(Rydb.) Rydb.",Unresolved,,L,WCSP (in review),752556,3647-2,"Bull. Torrey Bot. Club","30: 277","","1903"
kew-2620185,A,Loasaceae,,Acrolasia,,"thompsonii",,"","(Glad) W.A.Weber",Unresolved,,L,WCSP (in review),752557,271578-2,"Phytologia","55: 8","","1984"
kew-2620186,A,Loasaceae,,Acrolasia,,"tricuspis",,"","Davidson",Unresolved,,L,WCSP (in review),752558,3649-2,"Bull. S. Calif. Acad. Sci.","9: 71","","1910"
kew-2620188,A,Loasaceae,,Acrolasia,,"tweedyi",,"","(Rydb.) Rydb.",Unresolved,,L,WCSP (in review),752560,3651-2,"Bull. Torrey Bot. Club","30: 277","","1903"
kew-2620189,A,Loasaceae,,Acrolasia,,"veatchiana",,"","(Kellogg) Rydb.",Unresolved,,L,WCSP (in review),752561,3652-2,"Bull. Torrey Bot. Club","30: 278","","1903"
kew-2620190,A,Loasaceae,,Acrolasia,,"viridescens",,"","A.Heller",Unresolved,,L,WCSP (in review),752562,3653-2,"Muhlenbergia","2: 98","","1905"
kew-2643126,A,Loasaceae,,Aosa,,"gilgiana",,"","(Urb.) Weigend",Accepted,,M,WCSP (in review),775223,1007428-1,"Taxon","55: 464","","2006"
kew-2643127,A,Loasaceae,,Aosa,,"parviflora",,"","(Schrad. ex DC.) Weigend",Accepted,,M,WCSP (in review),775224,1007420-1,"Taxon","55: 464","","2006"
kew-2643128,A,Loasaceae,,Aosa,,"plumieri",,"","(Urb.) Weigend",Accepted,,M,WCSP (in review),775225,1007429-1,"Taxon","55: 464","","2006"
tro-50292699,A,Loasaceae,,Aosa,,"rostrata",,"","(Urb.) Weigend",Accepted,,M,TRO,50292699,1007430-1,"Taxon","55(2): 464","464","2006"
kew-2643129,A,Loasaceae,,Aosa,,"rupestris",,"","(Gardner) Weigend",Accepted,,M,WCSP (in review),775226,1007431-1,"Taxon","55: 464","","2006"
kew-2888486,A,Loasaceae,,Aosa,,"sigmoidea",,"","Weigend",Accepted,,M,WCSP (in review),1012013,77096649-1,"Revista Peru. Biol.","13: 71","","2006"
tro-50299067,A,Loasaceae,,Aosa,,"uleana",,"","(Urb. & Gilg) Weigend",Accepted,,M,TRO,50299067,1007432-1,"Taxon","55(2): 464","464","2006"
kew-2670420,A,Loasaceae,,Bartonia,,"multiflora",,"","Nutt.",Unresolved,,L,WCSP (in review),802291,544969-1,"J. Acad. Nat. Sci. Philadelphia","II, 1: 180","","1847"
kew-2670421,A,Loasaceae,,Bartonia,,"nuda",,"","Pursh",Unresolved,,L,WCSP (in review),802292,29689-2,"Fl. Amer. Sept.","1: 328, 749","","1813"
kew-2670422,A,Loasaceae,,Bartonia,,"ornata",,"","Pursh",Unresolved,,L,WCSP (in review),802293,317397-2,"Fl. Amer. Sept.","1: 327","","1813"
kew-2670428,A,Loasaceae,,Bartonia,,"parviflora",,"","Douglas ex Hook.",Unresolved,,L,WCSP (in review),802299,29694-2,"Fl. Bor.-Amer.","1: 221","","1832"
kew-2670431,A,Loasaceae,,Bartonia,,"pumila",,"","(Torr. & Gray) Nutt. ex Jacks.",Unresolved,Invalid,L,WCSP (in review),802302,,"Index Kew.","276","","1895"
kew-2670432,A,Loasaceae,,Bartonia,,"sinuata",,"","C.Presl",Unresolved,,L,WCSP (in review),802303,544976-1,"Reliq. Haenk.","2: 38","","1831"
kew-2670442,A,Loasaceae,,Bartonia,,"wrightii",,"","Walp.",Unresolved,,L,WCSP (in review),802313,544977-1,"Ann. Bot. Syst.","2: 656","","1852"
kew-2675759,A,Loasaceae,,Bicuspidaria,,"hirsutissima",,"","(S.Watson) Rydb.",Unresolved,,L,WCSP (in review),807579,32276-2,"Bull. Torrey Bot. Club","30: 275","","1903"
kew-2675760,A,Loasaceae,,Bicuspidaria,,"involucrata",,"","(S.Watson) Rydb.",Unresolved,,L,WCSP (in review),807580,32277-2,"Bull. Torrey Bot. Club","30: 275","","1903"
kew-2675761,A,Loasaceae,,Bicuspidaria,,"tricuspis",,"","(A.Gray) Rydb.",Unresolved,,L,WCSP (in review),807581,32278-2,"Bull. Torrey Bot. Club","30: 275","","1903"
kew-2677667,A,Loasaceae,,Blumenbachia,,"acaulis",,"","Phil.",Unresolved,,L,WCSP (in review),809399,544981-1,"Anales Univ. Chile","75: 17","","1894"
kew-2677671,A,Loasaceae,,Blumenbachia,,"catharinensis",,"","Urb. & Gilg",Accepted,,M,WCSP (in review),809403,34012-2,"Nova Acta Acad. Caes. Leop.-Carol. German. Nat. Cur.","76: 355","","1905"
kew-2677673,A,Loasaceae,,Blumenbachia,,"chuqultensis",,"","Hook.f.",Unresolved,,L,WCSP (in review),809405,1007682-2,"Bot. Mag.","101: t. 6143","","1875"
kew-2606452,A,Loasaceae,,Blumenbachia,,"dissecta",,"","(Hook. & Arn.) Weigend & Grau",Accepted,,M,WCSP (in review),739506,77091966-1,"Darwiniana","45: 239","","2007"
kew-2677679,A,Loasaceae,,Blumenbachia,,"espigneera",,"","Gay",Accepted,,M,WCSP (in review),809411,544994-1,"Fl. Chil.","2: 434","","1847"
kew-2677680,A,Loasaceae,,Blumenbachia,,"exalata",,"","Weigend",Accepted,,M,WCSP (in review),809412,1007433-1,"Taxon","55: 464","","2006"
kew-2677682,A,Loasaceae,,Blumenbachia,,"hieronymi",,"","Urb.",Accepted,,M,WCSP (in review),809414,34018-2,"Jahrb. Königl. Bot. Gart. Berlin","3: 249","","1884"
tro-18900004,A,Loasaceae,,Blumenbachia,,"hierorymi",,"","Urb.",Accepted,,M,TRO,18900004,34018-2,"Bot. Jahrb. Syst.","3: 249","249","1884"
kew-2677683,A,Loasaceae,,Blumenbachia,,"insignis",,"","Schrad.",Accepted,,M,WCSP (in review),809415,544997-1,"Gött. Gel. Anz.","1706","","1825"
kew-2677685,A,Loasaceae,,Blumenbachia,,"latifolia",,"","Cambess.",Accepted,,M,WCSP (in review),809417,545001-1,"Fl. Bras. Merid.","2: 209","","1830"
kew-2677689,A,Loasaceae,,Blumenbachia,,"multifida",,"","Griseb.",Unresolved,Illegitimate,L,WCSP (in review),809421,545006-1,"Abh. Königl. Ges. Wiss. Göttingen","24: 139","","1879"
kew-2677695,A,Loasaceae,,Blumenbachia,,"punicea",,"","G.Don",Unresolved,,L,WCSP (in review),809427,313831-2,"Gen. Hist.","3: 62","","1834"
kew-2690191,A,Loasaceae,,Caiophora,,"aconquijae",,"","Sleumer",Accepted,,M,WCSP (in review),821845,40147-2,"Bot. Jahrb. Syst.","76: 454","","1955"
kew-2690194,A,Loasaceae,,Caiophora,,"andina",,"","Urb. & Gilg",Accepted,,M,WCSP (in review),821848,40150-2,"Nova Acta Acad. Caes. Leop.-Carol. German. Nat. Cur.","76: 287","","1900"
kew-2690197,A,Loasaceae,,Caiophora,,"arechavaletae",,"","(Urb.) Urb.",Accepted,,M,WCSP (in review),821851,1154318-2,"Nat. Pflanzenfam.","3(6a): 120","","1894"
tro-18900038,A,Loasaceae,,Caiophora,,"arechavaletae",,"","Urb. & Gilg",Unresolved,,L,TRO,18900038,,"","","",""
kew-2690198,A,Loasaceae,,Caiophora,,"aspera",,"","(Miers) Urb. & Gilg",Accepted,,M,WCSP (in review),821852,40154-2,"Nova Acta Acad. Caes. Leop.-Carol. German. Nat. Cur.","76: 347","","1900"
kew-2690199,A,Loasaceae,,Caiophora,,"boliviana",,"","Urb. & Gilg",Accepted,,M,WCSP (in review),821853,40155-2,"Nat. Pflanzenfam.","3(6a): 119","","1894"
kew-2690200,A,Loasaceae,,Caiophora,,"buraeavi",,"","Urb. & Gilg ex Rusby",Accepted,,M,WCSP (in review),821854,545030-1,"Mem. Torrey Bot. Club","3(3): 37","","1893"
tro-18900279,A,Loasaceae,,Caiophora,,"buraeavii",,"","Urb. & Gilg",Accepted,,M,TRO,18900279,40156-2,"Mem. Torrey Bot. Club","3(3): 37","37","1893"
tro-18900039,A,Loasaceae,,Caiophora,,"campaniflora",,"","Triana & Planch.",Unresolved,,L,TRO,18900039,,"","","",""
kew-2690201,A,Loasaceae,,Caiophora,,"canarinoides",,"","(Lenné & K.Koch) Urb. & Gilg",Accepted,,M,WCSP (in review),821855,40157-2,"Nat. Pflanzenfam.","3(6a): 119","","1894"
kew-2690202,A,Loasaceae,,Caiophora,,"carduifolia",,"","C.Presl",Accepted,,M,WCSP (in review),821856,328873-2,"Reliq. Haenk.","2: 41","","1831"
kew-2690203,A,Loasaceae,,Caiophora,,"cernua",,"","(Griseb.) Urb. & Gilg ex Kurtz",Accepted,,M,WCSP (in review),821857,40158-2,"Revista Mus. La Plata, Secc. Bot.","5: 829","","1893"
kew-2690204,A,Loasaceae,,Caiophora,,"chuquisacana",,"","Urb. & Gilg",Accepted,,M,WCSP (in review),821858,40159-2,"Nova Acta Acad. Caes. Leop.-Carol. German. Nat. Cur.","76: 322","","1900"
kew-2690205,A,Loasaceae,,Caiophora,,"chuquitensis",,"","(Meyen) Urb. & Gilg",Accepted,,L,WCSP (in review),821859,40160-2,"Nova Acta Acad. Caes. Leop.-Carol. German. Nat. Cur.","76: 301","","1900"
kew-2690207,A,Loasaceae,,Caiophora,,"cirsiifolia",,"","C.Presl",Accepted,,M,WCSP (in review),821861,328871-2,"Reliq. Haenk.","2: 41","","1831"
kew-2690208,A,Loasaceae,,Caiophora,,"clavata",,"","Urb. & Gilg",Accepted,,M,WCSP (in review),821862,40162-2,"Nova Acta Acad. Caes. Leop.-Carol. German. Nat. Cur.","76: 308","","1900"
kew-2690209,A,Loasaceae,,Caiophora,,"clavata",var.,"dumetorum","(Urb. & Gilg) Sleumer",Accepted,,L,WCSP (in review),821863,40163-2,"Bot. Jahrb. Syst.","76: 452","","1955"
kew-2690210,A,Loasaceae,,Caiophora,,"contorta",,"","(Desr.) C.Presl",Accepted,,M,WCSP (in review),821864,,"Reliq. Haenk.","2: 41","","1831"
kew-2690211,A,Loasaceae,,Caiophora,,"coronata",,"","(Gillies ex Arnott) Hook. & Arn.",Accepted,,M,WCSP (in review),821865,545041-1,"Bot. Misc.","3: 327","","1833"
kew-2606493,A,Loasaceae,,Caiophora,,"deserticola",,"","Weigend & Mark.Ackermann",Accepted,,M,WCSP (in review),739547,,"Darwiniana","45: 58","","2007"
kew-2690213,A,Loasaceae,,Caiophora,,"dissecta",,"","(Hook. & Arn.) Urb. & Gilg",Accepted,,M,WCSP (in review),821867,40166-2,"Nat. Pflanzenfam.","3(6a): 120","","1894"
kew-2690215,A,Loasaceae,,Caiophora,,"eichleri",,"","(Urb.) Urb.",Accepted,,M,WCSP (in review),821869,40168-2,"Nat. Pflanzenfam.","3(6a): 121","","1894"
kew-2690216,A,Loasaceae,,Caiophora,,"espigneira",,"","(Gay) Urb. & Gilg",Accepted,,M,WCSP (in review),821870,40169-2,"Nat. Pflanzenfam.","3(6a): 121","","1894"
kew-2690218,A,Loasaceae,,Caiophora,,"grandiflora",,"","(G.Don) Weigend & Mark.Ackermann",Accepted,,M,WCSP (in review),821872,50425650-2,"Arnaldoa","10: 84","","2003"
kew-2690223,A,Loasaceae,,Caiophora,,"hibiscifolia",,"","(Griseb.) Urb. & Gilg",Accepted,,M,WCSP (in review),821876,40172-2,"Nat. Pflanzenfam.","3(6a): 119","","1894"
kew-2690226,A,Loasaceae,,Caiophora,,"kuntzei",,"","Urb. & Gilg",Unresolved,,L,WCSP (in review),821879,40174-2,"Nova Acta Acad. Caes. Leop.-Carol. German. Nat. Cur.","76: 314","","1900"
kew-2690229,A,Loasaceae,,Caiophora,,"lateritia",,"","(Hook.) Benth.",Accepted,,M,WCSP (in review),821882,,"Botanist","t. 119","","1839"
tro-50237203,A,Loasaceae,,Caiophora,,"lateritia",,"","Klotzsch",Unresolved,,L,TRO,50237203,,"Allg. Gartenzeitung","6: 329","329","1838"
kew-2690232,A,Loasaceae,,Caiophora,,"macrantha",,"","Killip",Accepted,,M,WCSP (in review),821885,40178-2,"J. Wash. Acad. Sci.","18: 94","","1928"
kew-2690235,A,Loasaceae,,Caiophora,,"madrequisa",,"","Killip",Accepted,,M,WCSP (in review),821888,40181-2,"J. Wash. Acad. Sci.","18: 94","","1928"
kew-2690237,A,Loasaceae,,Caiophora,,"mollis",,"","(Griseb.) Urb. & Gilg",Accepted,,L,WCSP (in review),821890,1145357-2,"Nat. Pflanzenfam.","3(6a): 119","","1894"
kew-2690238,A,Loasaceae,,Caiophora,,"nivalis",,"","Lillo",Accepted,,M,WCSP (in review),821891,40184-2,"Reunión Nac. Soc. Argent. Ci. Nat.","1: 229","","1919"
kew-2690241,A,Loasaceae,,Caiophora,,"patagonica",,"","(Speg.) Urb. & Gilg",Accepted,,L,WCSP (in review),821894,545069-1,"Nova Acta Acad. Caes. Leop.-Carol. German. Nat. Cur.","76: 341","","1900"
kew-2690244,A,Loasaceae,,Caiophora,,"pedicularifolia",,"","Killip",Accepted,,M,WCSP (in review),821897,40190-2,"J. Wash. Acad. Sci.","18: 95","","1928"
kew-2690245,A,Loasaceae,,Caiophora,,"peduncularis",,"","(C.Presl) Weigend & Mark.Ackermann",Accepted,,M,WCSP (in review),821898,1018813-2,"Arnaldoa","10: 78","","2003"
kew-2899213,A,Loasaceae,,Caiophora,,"pentlandii",,"","(Paxton) Paxton & Lindl.",Accepted,,M,WCSP (in review),1021957,60454787-2,"Pocket Bot. Dict.","ed. 2, Suppl.: 11","","1849"
kew-2690249,A,Loasaceae,,Caiophora,,"prietea",,"","(Gay) Urb. & Gilg",Accepted,,M,WCSP (in review),821901,40193-2,"Nat. Pflanzenfam.","3(6a): 120","","1894"
kew-2690250,A,Loasaceae,,Caiophora,,"pterosperma",,"","(G.Don) Urb. & Gilg",Accepted,,M,WCSP (in review),821902,40194-2,"Nova Acta Acad. Caes. Leop.-Carol. German. Nat. Cur.","76: 324","","1900"
kew-2690251,A,Loasaceae,,Caiophora,,"pulchella",,"","Urb. & Gilg",Unresolved,,L,WCSP (in review),821903,545080-1,"Nova Acta Acad. Caes. Leop.-Carol. German. Nat. Cur.","76: 272","","1900"
kew-2690254,A,Loasaceae,,Caiophora,,"rosulata",,"","(Wedd.) Urb. & Gilg",Accepted,,M,WCSP (in review),821906,40198-2,"Nat. Pflanzenfam.","3(6a): 119","","1894"
kew-2606494,A,Loasaceae,,Caiophora,,"rosulata",subsp.,"taraxacoides","(Killip) Weigend & Mark.Ackermann",Accepted,,L,WCSP (in review),739548,77090260-1,"Darwiniana","45: 63","","2007"
kew-2690255,A,Loasaceae,,Caiophora,,"rusbyana",,"","Urb. & Gilg ex Rusby",Accepted,,M,WCSP (in review),821907,545084-1,"Mem. Torrey Bot. Club","3(3): 35","","1893"
kew-2690257,A,Loasaceae,,Caiophora,,"scabra",,"","(Miers) Urb.",Accepted,,M,WCSP (in review),821909,1086482-2,"Nat. Pflanzenfam.","3(6a): 121","","1894"
kew-2690262,A,Loasaceae,,Caiophora,,"scarlatina",,"","Urb. & Gilg",Accepted,,M,WCSP (in review),821914,40204-2,"Bot. Jahrb. Syst.","45: 470","","1911"
kew-2690265,A,Loasaceae,,Caiophora,,"silvestris",,"","(Poepp.) Urb. & Gilg",Accepted,,M,WCSP (in review),821917,40207-2,"Nova Acta Acad. Caes. Leop.-Carol. German. Nat. Cur.","76: 338","","1900"
kew-2690269,A,Loasaceae,,Caiophora,,"smithii",,"","Killip",Accepted,,M,WCSP (in review),821921,40211-2,"J. Wash. Acad. Sci.","24: 51","","1934"
kew-2690272,A,Loasaceae,,Caiophora,,"stenocarpa",,"","Urb. & Gilg",Accepted,,M,WCSP (in review),821924,40214-2,"Nova Acta Acad. Caes. Leop.-Carol. German. Nat. Cur.","76: 330","","1900"
kew-2690275,A,Loasaceae,,Caiophora,,"tenuis",,"","Killip",Accepted,,M,WCSP (in review),821927,40217-2,"J. Wash. Acad. Sci.","18: 93","","1928"
kew-2690276,A,Loasaceae,,Caiophora,,"tomentosula",,"","Urb. & Gilg",Accepted,,M,WCSP (in review),821928,545098-1,"Nova Acta Acad. Caes. Leop.-Carol. German. Nat. Cur.","76: 340","","1900"
kew-2690278,A,Loasaceae,,Caiophora,,"vargasii",,"","Standl. & F.A.Barkley",Accepted,,M,WCSP (in review),821930,40220-2,"Bull. Torrey Bot. Club","74: 81","","1947"
tro-18900080,A,Loasaceae,,Caiophora,,"werdermannii",,"","Urb. & Gilg",Unresolved,,L,TRO,18900080,,"","","",""
kew-2713900,A,Loasaceae,,Cevallia,,"sinuata",,"","Lag.",Accepted,,M,WCSP (in review),844444,545105-1,"Varied. Ci.","2(4): 36","","1805"
kew-2718061,A,Loasaceae,,Chichicaste,,"grandis",,"","(Standl.) Weigend",Accepted,,M,WCSP (in review),848496,1007422-1,"Taxon","55: 465","","2006"
kew-2720309,A,Loasaceae,,Chrysostoma,,"aurea",,"","Lilja",Unresolved,,L,WCSP (in review),850710,,"Fl. Sv. Odl. Vext.","Suppl. 1: 33","","1840"
kew-2802722,A,Loasaceae,,Eucnide,,"aurea",,"","(A.Gray) H.J.Thomps. & W.R.Ernst",Accepted,,M,WCSP (in review),930388,97932-2,"J. Arnold Arbor.","48: 85","","1967"
kew-2802723,A,Loasaceae,,Eucnide,,"bartonioides",,"","Zucc.",Accepted,,M,WCSP (in review),930389,545111-1,"Index Seminum (M)","1844: 4","","1844"
kew-2802724,A,Loasaceae,,Eucnide,,"cordata",,"","(Keller) Kellogg ex Curran",Accepted,,M,WCSP (in review),930390,,"Bull. Calif. Acad. Sci.","1(4): 137","","1855"
kew-2802725,A,Loasaceae,,Eucnide,,"durangensis",,"","H.J.Thomps. & A.M.Powell",Accepted,,M,WCSP (in review),930391,97933-2,"Phytologia","49: 16","","1981"
kew-2802727,A,Loasaceae,,Eucnide,,"grandiflora",,"","(Groenl.) Rose",Accepted,,M,WCSP (in review),930393,97934-2,"Contr. U. S. Natl. Herb.","3: 317","","1895"
kew-2802730,A,Loasaceae,,Eucnide,,"hirta",,"","(G.Don) H.J.Thomps. & W.R.Ernst",Accepted,,M,WCSP (in review),930396,97937-2,"J. Arnold Arbor.","48: 83","","1967"
kew-2802731,A,Loasaceae,,Eucnide,,"hypomalaca",,"","Standl.",Accepted,,M,WCSP (in review),930397,97938-2,"Publ. Field Mus. Nat. Hist., Bot. Ser.","22: 41","","1940"
kew-2802732,A,Loasaceae,,Eucnide,,"lobata",,"","(Hook.) A.Gray",Accepted,,M,WCSP (in review),930398,,"Pl. Lindheim.","1: 192","","1845"
kew-2802737,A,Loasaceae,,Eucnide,,"rupestris",,"","(Baill.) H.J.Thomps. & W.R.Ernst",Accepted,,M,WCSP (in review),930403,97943-2,"J. Arnold Arbor.","48: 86","","1967"
kew-2802740,A,Loasaceae,,Eucnide,,"tenella",,"","(I.M.Johnst.) H.J.Thomps. & W.R.Ernst",Accepted,,M,WCSP (in review),930406,97944-2,"J. Arnold Arbor.","48: 87","","1967"
kew-2802741,A,Loasaceae,,Eucnide,,"urens",,"","Parry",Accepted,,L,WCSP (in review),930407,545124-1,"Amer. Naturalist","9: 144","","1875"
kew-2802742,A,Loasaceae,,Eucnide,,"watsonii",,"","Urb. & Gilg",Accepted,,M,WCSP (in review),930408,97945-2,"Nova Acta Acad. Caes. Leop.-Carol. German. Nat. Cur.","76: 105","","1905"
kew-2802743,A,Loasaceae,,Eucnide,,"xylinea",,"","C.H.Müll.",Accepted,,M,WCSP (in review),930409,,"Amer. Midl. Naturalist","27: 487","","1942"
kew-2815115,A,Loasaceae,,Fuertesia,,"domingensis",,"","Urb.",Accepted,,M,WCSP (in review),942581,545130-1,"Ber. Deutsch. Bot. Ges.","28: 522","","1911"
kew-2833651,A,Loasaceae,,Gronovia,,"longiflora",,"","Rose",Accepted,,M,WCSP (in review),961008,545138-1,"Contr. U. S. Natl. Herb.","5: 197","","1899"
kew-2833652,A,Loasaceae,,Gronovia,,"scandens",,"","L.",Accepted,,M,WCSP (in review),961009,545139-1,"Sp. Pl.","202","","1753"
kew-2854851,A,Loasaceae,,Huidobria,,"chilensis",,"","Gay",Accepted,,M,WCSP (in review),981695,545151-1,"Fl. Chil.","2: 438","","1847"
kew-2854852,A,Loasaceae,,Huidobria,,"fruticosa",,"","Phil.",Accepted,,M,WCSP (in review),981696,545152-1,"Fl. Atacam.","19","","1860"
tro-18900011,A,Loasaceae,,Kissenia,,"capensis",,"","Endl.",Accepted,,M,TRO,18900011,,"","","",""
kew-2334908,A,Loasaceae,,Kissenia,,"spathulata",,"","R.Br. ex T.Anderson",Unresolved,,L,WCSP (in review),474633,545154-1,"J. Proc. Linn. Soc., Bot.","5(Suppl. 1): 43","","1860"
kew-2334910,A,Loasaceae,,Klaprothia,,"fasciculata",,"","(C.Presl) Poston",Accepted,,M,WCSP (in review),474635,279218-2,"Syst. Bot.","15: 677","","1990"
kew-2334911,A,Loasaceae,,Klaprothia,,"mentzelioides",,"","Kunth",Accepted,,M,WCSP (in review),474636,545155-1,"Nov. Gen. Sp.","6: 121","","1823"
kew-2353540,A,Loasaceae,,Loasa,,"acanthifolia",,"","Lam.",Accepted,,M,WCSP (in review),492892,545156-1,"Encycl.","3: 579","","1792"
tro-18900082,A,Loasaceae,,Loasa,,"acerifolia",,"","Dombey ex Juss.",Accepted,,M,TRO,18900082,,"","","",""
kew-2353533,A,Loasaceae,,Loasa,,"alba",,"","D.Don",Unresolved,,L,WCSP (in review),492885,,"Brit. Fl. Gard.","5: t. 192","","1833"
kew-2353564,A,Loasaceae,,Loasa,,"aldunatea",,"","Gay",Unresolved,,L,WCSP (in review),492910,545163-1,"Fl. Chil.","2: 442","","1847"
tro-18900088,A,Loasaceae,,Loasa,,"argentina",,"","Urb. & Gilg",Accepted,,M,TRO,18900088,,"","","",""
tro-18900089,A,Loasaceae,,Loasa,,"arnottiana",,"","Gay",Accepted,,M,TRO,18900089,,"","","",""
kew-2353565,A,Loasaceae,,Loasa,,"asterias",,"","Dusén",Unresolved,,L,WCSP (in review),492911,545175-1,"Rep. Princeton Univ. Exped. Patagonia, Botany","8(Suppl.): 178","","1914"
kew-2353560,A,Loasaceae,,Loasa,,"barneoudii",,"","Gay",Unresolved,,L,WCSP (in review),492906,545179-1,"Fl. Chil.","2: 452","","1847"
kew-2353559,A,Loasaceae,,Loasa,,"bergii",,"","Hieron.",Accepted,,M,WCSP (in review),492905,545180-1,"Bol. Acad. Nac. Ci. Republ. Argent.","3: 349","","1879"
kew-2353558,A,Loasaceae,,Loasa,,"bicolor",,"","Klotzsch",Unresolved,,L,WCSP (in review),492904,545181-1,"Allg. Gartenzeitung","19: 361","","1851"
kew-2353532,A,Loasaceae,,Loasa,,"brasiliensis",,"","Mart. ex Colla",Unresolved,,L,WCSP (in review),492884,545185-1,"Herb. Pedem.","2: 451","","1834"
kew-2353504,A,Loasaceae,,Loasa,,"bryoniifolia",,"","Schrad.",Unresolved,,L,WCSP (in review),492857,1013989-1,"Index Seminum (GOET)","1831: 4","","1831"
kew-2353505,A,Loasaceae,,Loasa,,"bryoniifolia",,"","Schrad. ex DC.",Unresolved,,L,WCSP (in review),492858,545187-1,"Prodr.","3: 341","","1828"
tro-18900093,A,Loasaceae,,Loasa,,"caespitosa",,"","Phil.",Accepted,,M,TRO,18900093,,"","","",""
kew-2355449,A,Loasaceae,,Loasa,,"caricifolia",,"","Phil.",Unresolved,,L,WCSP (in review),494764,141932-2,"Anales Univ. Chile","85: 16","","1893"
kew-2353490,A,Loasaceae,,Loasa,,"cirsiifolia",,"","Kunze ex Walp.",Unresolved,,L,WCSP (in review),492843,,"Nov. Actorum Acad. Caes. Leop.-Carol. Nat. Cur.","19(Suppl. 1): 338","","1843"
kew-2353489,A,Loasaceae,,Loasa,,"coccinea",,"","Loudon",Unresolved,,L,WCSP (in review),492842,545202-1,"Encycl. Pl.","Suppl. 1: 1246","","1840"
kew-2355450,A,Loasaceae,,Loasa,,"cymbaepetala",,"","Ruíz & Pav.",Unresolved,,L,WCSP (in review),494765,,"Anales Inst. Bot. Cavanilles","16: 409","","1958"
kew-2353498,A,Loasaceae,,Loasa,,"cymbipetala",,"","Ruiz & Pav.",Unresolved,,L,WCSP (in review),492851,545206-1,"Anales Inst. Bot. Cavanilles","16: 409","","1958"
kew-2353527,A,Loasaceae,,Loasa,,"decorticans",,"","Steud.",Unresolved,,L,WCSP (in review),492880,545208-1,"Nomencl. Bot.","ed. 2, 2: 58","","1841"
kew-2353526,A,Loasaceae,,Loasa,,"dissecta",,"","Hook. & Arn.",Unresolved,,L,WCSP (in review),492879,545209-1,"Bot. Misc.","3: 330","","1833"
tro-18900104,A,Loasaceae,,Loasa,,"elongata",,"","Hook. & Arn.",Accepted,,M,TRO,18900104,,"","","",""
kew-2353521,A,Loasaceae,,Loasa,,"filicifolia",,"","Poepp.",Accepted,,M,WCSP (in review),492874,545214-1,"Fragm. Syn. Pl.","23","","1833"
tro-18900107,A,Loasaceae,,Loasa,,"floribunda",,"","Hook. & Arn.",Accepted,,M,TRO,18900107,,"","","",""
kew-2353517,A,Loasaceae,,Loasa,,"furcata",,"","Phil.",Unresolved,,L,WCSP (in review),492870,545218-1,"Anales Univ. Chile","27: 328","","1865"
tro-18900111,A,Loasaceae,,Loasa,,"gayana",,"","Urb. & Gilg",Accepted,,M,TRO,18900111,,"","","",""
kew-2355483,A,Loasaceae,,Loasa,,"germainii",,"","Phil.",Unresolved,,L,WCSP (in review),494798,141950-2,"Anales Univ. Chile","85: 10","","1893"
kew-2353323,A,Loasaceae,,Loasa,×,"herbertii",,"","Herb.",Unresolved,,L,WCSP (in review),492677,545229-1,"Gard. Chron.","1841: 582","","1841"
tro-18900119,A,Loasaceae,,Loasa,,"heterophylla",,"","Hook. & Arn.",Accepted,,M,TRO,18900119,,"","","",""
tro-18900343,A,Loasaceae,,Loasa,,"humilis",,"","Phil.",Accepted,,M,TRO,18900343,,"","","",""
tro-18900122,A,Loasaceae,,Loasa,,"illapelina",,"","Phil.",Accepted,,M,TRO,18900122,141966-2,"","","",""
kew-2353308,A,Loasaceae,,Loasa,,"incurva",,"","R.L.Pérez-Mor. & Crespo",Unresolved,,L,WCSP (in review),492662,279754-2,"Hickenia","2: 1","","1983"
tro-50292705,A,Loasaceae,,Loasa,,"insons",,"","Poepp.",Accepted,,M,TRO,50292705,141972-2,"Fragm. Syn. Pl.","24","24","1833"
kew-2355477,A,Loasaceae,,Loasa,,"laciniata",,"","Phil.",Unresolved,,L,WCSP (in review),494792,141975-2,"Anales Univ. Chile","85: 8","","1893"
kew-2353315,A,Loasaceae,,Loasa,,"lateritia",,"","Gillies ex Arn.",Accepted,,M,WCSP (in review),492669,545247-1,"Edinburgh J. Nat. Geogr. Sci.","3: 275","","1831"
kew-2353344,A,Loasaceae,,Loasa,,"lechleriana",,"","Miq.",Unresolved,,L,WCSP (in review),492698,545250-1,"Berberid. Amer. Austral.","55","","1857"
kew-2353340,A,Loasaceae,,Loasa,,"leucantha",,"","Bertero ex Steud.",Unresolved,,L,WCSP (in review),492694,545254-1,"Nomencl. Bot.","ed. 2, 2: 58","","1841"
kew-2353337,A,Loasaceae,,Loasa,,"longiseta",,"","Phil.",Accepted,,M,WCSP (in review),492691,,"Anales Univ. Chile","27: 347","","1865"
tro-18900134,A,Loasaceae,,Loasa,,"malesherbioides",,"","Phil.",Accepted,,M,TRO,18900134,,"","","",""
kew-2353328,A,Loasaceae,,Loasa,,"martini",,"","Phil.",Unresolved,,L,WCSP (in review),492682,545266-1,"Anales Univ. Chile","41: 716","","1872"
tro-18900135,A,Loasaceae,,Loasa,,"martinii",,"","Phil.",Accepted,,M,TRO,18900135,,"","","",""
kew-2353327,A,Loasaceae,,Loasa,,"meyeniana",,"","Walp.",Unresolved,,L,WCSP (in review),492681,545267-1,"Nov. Actorum Acad. Caes. Leop.-Carol. Nat. Cur.","19(Suppl. 1): 338","","1843"
kew-2353303,A,Loasaceae,,Loasa,,"micrantha",,"","Poepp.",Accepted,,M,WCSP (in review),492657,545268-1,"Fragm. Syn. Pl.","24","","1833"
kew-2355476,A,Loasaceae,,Loasa,,"microcalyx",,"","Phil.",Unresolved,,L,WCSP (in review),494791,141989-2,"Anales Univ. Chile","85: 12","","1893"
tro-18900137,A,Loasaceae,,Loasa,,"multifida",,"","Gay",Accepted,,M,TRO,18900137,,"","","",""
tro-18900138,A,Loasaceae,,Loasa,,"nana",,"","Phil.",Accepted,,M,TRO,18900138,,"","","",""
kew-2355475,A,Loasaceae,,Loasa,,"nemoralis",,"","Phil.",Unresolved,,L,WCSP (in review),494790,141992-2,"Anales Univ. Chile","85: 14","","1893"
kew-2353286,A,Loasaceae,,Loasa,,"nitida",,"","Desr.",Accepted,,M,WCSP (in review),492640,,"Encycl.","3: 581","","1792"
kew-2353292,A,Loasaceae,,Loasa,,"ochagaviae",,"","Phil.",Unresolved,,L,WCSP (in review),492646,545276-1,"Linnaea","28: 641","","1858"
tro-18900140,A,Loasaceae,,Loasa,,"pallida",,"","Gillies ex Arn.",Accepted,,M,TRO,18900140,,"","","",""
tro-18900142,A,Loasaceae,,Loasa,,"paradoxa",,"","Urb. & Gilg",Accepted,,M,TRO,18900142,,"","","",""
kew-2353396,A,Loasaceae,,Loasa,,"patagonica",,"","Urb. & Gilg",Unresolved,,L,WCSP (in review),492750,141997-2,"Nat. Pflanzenfam.","3(6a): 117","","1894"
kew-2353389,A,Loasaceae,,Loasa,,"pedicularifolia",,"","Meyen",Unresolved,,L,WCSP (in review),492743,545287-1,"Observ. Bot.","1: 310","","1834"
kew-2353358,A,Loasaceae,,Loasa,,"pinnata",,"","Ruiz & Pav.",Unresolved,,L,WCSP (in review),492712,142002-2,"Anales Inst. Bot. Cavanilles","16: 421","","1958"
kew-2353348,A,Loasaceae,,Loasa,,"pinnatifida",,"","Gillies ex Arn.",Accepted,,M,WCSP (in review),492702,545297-1,"Edinburgh J. Nat. Geogr. Sci.","3: 275","","1831"
kew-2353367,A,Loasaceae,,Loasa,,"placei",,"","Lindl.",Unresolved,,L,WCSP (in review),492721,545299-1,"Trans. Hort. Soc. London","6: 95","","1825"
kew-2353351,A,Loasaceae,,Loasa,,"prostrata",,"","Larrañaga",Unresolved,,L,WCSP (in review),492705,142010-2,"Escritos D. A. Larrañaga","2: 175","","1923"
kew-2353352,A,Loasaceae,,Loasa,,"prostrata",,"","Gillies ex Arn.",Unresolved,,L,WCSP (in review),492706,545304-1,"Edinburgh J. Nat. Geogr. Sci.","3: 274","","1831"
kew-2353384,A,Loasaceae,,Loasa,,"remyi",,"","Gay",Unresolved,,L,WCSP (in review),492738,545312-1,"Fl. Chil.","2: 462","","1847"
kew-2355485,A,Loasaceae,,Loasa,,"rotundifolia",,"","Phil.",Unresolved,,L,WCSP (in review),494800,142017-2,"Anales Univ. Chile","85: 10","","1893"
tro-18900151,A,Loasaceae,,Loasa,,"runuculifolia",,"","Kunth",Unresolved,,L,TRO,18900151,,"","","",""
tro-18900152,A,Loasaceae,,Loasa,,"sagittata",,"","Hook. & Arn.",Accepted,,M,TRO,18900152,,"","","",""
kew-2353374,A,Loasaceae,,Loasa,,"sclareifolia",,"","Juss.",Accepted,,M,WCSP (in review),492728,545323-1,"Ann. Mus. Natl. Hist. Nat.","5: 25","","1804"
tro-18900353,A,Loasaceae,,Loasa,,"sigmoidea",,"","Urb. & Gilg",Accepted,,M,TRO,18900353,,"","","",""
tro-18900154,A,Loasaceae,,Loasa,,"signoidea",,"","Urb. & Gilg",Unresolved,,L,TRO,18900154,,"","","",""
kew-2353371,A,Loasaceae,,Loasa,,"simonii",,"","Phil.",Unresolved,,L,WCSP (in review),492725,545326-1,"Linnaea","30: 188","","1859"
kew-2353370,A,Loasaceae,,Loasa,,"solanifolia",,"","Gay",Unresolved,,L,WCSP (in review),492724,545327-1,"Fl. Chil.","2: 449","","1847"
kew-2355467,A,Loasaceae,,Loasa,,"spegazzinii",,"","Macloskie",Unresolved,,L,WCSP (in review),494782,288438-2,"Rep. Princeton Univ. Exped. Patagonia, Botany","8: 588","","1905"
kew-2355466,A,Loasaceae,,Loasa,,"subandina",,"","F.Phil.",Unresolved,,L,WCSP (in review),494781,142031-2,"Anales Univ. Chile","85: 8","","1893"
tro-18900015,A,Loasaceae,,Loasa,,"tricolor",,"","Ker Gawl.",Accepted,,M,TRO,18900015,142034-2,"","","",""
tro-18900357,A,Loasaceae,,Loasa,,"triloba",,"","Dombey ex Juss.",Accepted,,M,TRO,18900357,,"","","",""
tro-18900164,A,Loasaceae,,Loasa,,"unguiculata",,"","Urb. & Gilg",Accepted,,M,TRO,18900164,,"","","",""
kew-2355411,A,Loasaceae,,Loasa,,"urbanii",,"","A.Soriano",Unresolved,,L,WCSP (in review),494727,142050-2,"Bol. Soc. Argent. Bot.","2: 102","","1947"
kew-2353722,A,Loasaceae,,Loasa,,"urticifolia",,"","Bertero ex Steud.",Unresolved,,L,WCSP (in review),493068,545349-1,"Nomencl. Bot.","ed. 2, 2: 58","","1841"
kew-2353753,A,Loasaceae,,Loasa,,"vitifolia",,"","Ruiz & Pav.",Unresolved,,L,WCSP (in review),493099,142054-2,"Anales Inst. Bot. Cavanilles","16: 412","","1958"
kew-2353752,A,Loasaceae,,Loasa,,"volckmannii",,"","Phil.",Unresolved,,L,WCSP (in review),493098,545353-1,"Anales Univ. Chile","41: 715","","1872"
kew-2353750,A,Loasaceae,,Loasa,,"volubilis",,"","Juss.",Accepted,,M,WCSP (in review),493096,545355-1,"Ann. Mus. Natl. Hist. Nat.","5: 26","","1804"
kew-2355410,A,Loasaceae,,Loasa,,"williamsii",,"","F.Phil.",Unresolved,,L,WCSP (in review),494726,142058-2,"Anales Univ. Chile","85: 7","","1893"
tro-50145142,A,Loasaceae,,Mentzelia,,"adhaerens",,"","Benth.",Accepted,,M,TRO,50145142,,"Bot. Voy. Sulphur","15–16","15","1844"
tro-18900199,A,Loasaceae,,Mentzelia,,"affinis",,"","Greene",Accepted,,M,TRO,18900199,157380-2,"Pittonia","2(8C): 103","103","1890"
tro-18900171,A,Loasaceae,,Mentzelia,,"albescens",,"","(Gillies ex Arn.) Griseb.",Accepted,,L,TRO,18900171,60443474-2,"Abh. Königl. Ges. Wiss. Göttingen","19: 150","150","1874"
kew-2607848,A,Loasaceae,,Mentzelia,,"angurate",,"","Weigend",Unresolved,,L,WCSP (in review),740840,,"Ann. Missouri Bot. Gard.","94: 661","","2007"
tro-50176415,A,Loasaceae,,Mentzelia,,"arborescens",,"","Urb. & Gilg",Accepted,,M,TRO,50176415,157393-2,"Nat. Pflanzenfam.","3(6a): 110","110","1894"
tro-50224610,A,Loasaceae,,Mentzelia,,"argillicola",,"","N.H. Holmgren & P.K.Holmgren",Accepted,,M,TRO,50224610,325528-2,"Syst. Bot.","27(4): 751–753, f. 2 [map], 3","751","2002"
tro-18900201,A,Loasaceae,,Mentzelia,,"argillosa",,"","J. Darl.",Accepted,,M,TRO,18900201,280780-2,"Ann. Missouri Bot. Gard.","21(1): 153–154","153","1934"
kew-2368849,A,Loasaceae,,Mentzelia,,"aspera",,"","L.",Accepted,,L,WCSP (in review),508111,545374-1,"Sp. Pl.","516","","1753"
tro-18900018,A,Loasaceae,,Mentzelia,,"asperula",,"","Wooton & Standl.",Accepted,,M,TRO,18900018,157396-2,"Contr. U.S. Natl. Herb.","16(4): 148–149","148","1913"
kew-2368830,A,Loasaceae,,Mentzelia,,"aurea",,"","Nutt.",Unresolved,,L,WCSP (in review),508092,545376-1,"Gen. N. Amer. Pl.","1: 300","","1818"
kew-2368831,A,Loasaceae,,Mentzelia,,"aurea",,"","Baill. ex Urb. & Gilg",Unresolved,,L,WCSP (in review),508093,157397-2,"Nat. Pflanzenfam.","3(6a): 111","","1894"
kew-2368833,A,Loasaceae,,Mentzelia,,"bartonia",,"","Steud.",Unresolved,,L,WCSP (in review),508095,545379-1,"Nomencl. Bot.","ed. 2, 2: 128","","1841"
tro-18900328,A,Loasaceae,,Mentzelia,,"bartonioides",,"","Lehm.",Accepted,,M,TRO,18900328,941605-1,"Del. Sem. Hort. Hamb.","1850: 6","6","1850"
tro-18900366,A,Loasaceae,,Mentzelia,,"brandegeei",,"","S. Watson",Accepted,,M,TRO,18900366,545381-1,"Proc. Amer. Acad. Arts","20: 367","367","1885"
tro-18900374,A,Loasaceae,,Mentzelia,,"candelariae",,"","H.J. Thomps. & Prigge",Accepted,,M,TRO,18900374,904685-1,"Phytologia","55(5): 281–284, f. 1, 2 [map], 3","281","1984"
tro-18900203,A,Loasaceae,,Mentzelia,,"chrysantha",,"","Engelm.",Accepted,,M,TRO,18900203,157403-2,"Bull. U.S. Geol. Geogr. Surv. Territ.","2(3): 237","237","1876"
kew-2368803,A,Loasaceae,,Mentzelia,,"collomiae",,"","Christy",Unresolved,,L,WCSP (in review),508065,994839-1,"Novon","7: 25","","1997"
tro-18900204,A,Loasaceae,,Mentzelia,,"congesta",,"","Torr. & A. Gray",Accepted,,L,TRO,18900204,545387-1,"Fl. N. Amer.","1(3): 534","534","1840"
kew-2368757,A,Loasaceae,,Mentzelia,,"conspicua",,"","Todsen",Unresolved,,L,WCSP (in review),508021,,"Sida","18: 819","","1999"
tro-50217905,A,Loasaceae,,Mentzelia,,"conzattii",,"","Greenm.",Accepted,,M,TRO,50217905,157408-2,"Proc. Amer. Acad. Arts","32(16): 298","298","1897"
kew-2368759,A,Loasaceae,,Mentzelia,,"cordata",,"","Kellogg",Unresolved,,L,WCSP (in review),508023,545389-1,"Proc. Calif. Acad. Sci.","2: 33","","1863"
tro-18900205,A,Loasaceae,,Mentzelia,,"crocea",,"","Kellogg",Accepted,,M,TRO,18900205,157412-2,"Proc. Calif. Acad. Sci.","7(1): 110–111","110","1876"
tro-18900003,A,Loasaceae,,Mentzelia,,"decapetala",,"","(Pursh ex Sims) Urb.",Accepted,,L,TRO,18900003,1133249-2,"Ber. Deutsch. Bot. Ges.","10: 263","263","1892"
tro-18900206,A,Loasaceae,,Mentzelia,,"densa",,"","Greene",Accepted,,M,TRO,18900206,157416-2,"Pittonia","3(15B): 99","99","1896"
tro-18900207,A,Loasaceae,,Mentzelia,,"desertorum",,"","(Davidson) H.J. Thomps. & J.E. Roberts",Accepted,,L,TRO,18900207,157417-2,"Phytologia","21(4): 280","280","1971"
kew-2368764,A,Loasaceae,,Mentzelia,,"diehlii",,"","M.E.Jones",Unresolved,,L,WCSP (in review),508028,157418-2,"Contr. W. Bot.","12: 16","","1908"
tro-18900208,A,Loasaceae,,Mentzelia,,"dispersa",,"","S. Watson",Accepted,,L,TRO,18900208,157419-2,"Proc. Amer. Acad. Arts","11: 137","137","1876"
tro-18900209,A,Loasaceae,,Mentzelia,,"eremophila",,"","(Jeps.) H.J. Thomps. & J.E. Roberts",Accepted,,M,TRO,18900209,545402-1,"Phytologia","21(4): 281","281","1971"
kew-2375371,A,Loasaceae,,Mentzelia,,"fendleriana",,"","Urb. & Gilg",Accepted,,M,WCSP (in review),514279,312131-2,"Mem. Torrey Bot. Club","3(3): 34","","1893"
kew-2904684,A,Loasaceae,,Mentzelia,,"filifolia",,"","J.J.Schenk & L.Hufford",Unresolved,,L,WCSP (in review),1027140,77111902-1,"Madroño","57: 251","","2010"
tro-18900210,A,Loasaceae,,Mentzelia,,"floridana",,"","Nutt. ex Torr. & A. Gray",Accepted,,M,TRO,18900210,,"Fl. N. Amer.","1(3): 533","533","1840"
tro-100000767,A,Loasaceae,,Mentzelia,,"flumensevera",,"","(N.H. Holmgren & P.K.Holmgren) J.J. Schenk & L. Hufford",Accepted,,M,TRO,100000767,77100334-1,"Novon","19(1): 118","118","2009"
kew-2375374,A,Loasaceae,,Mentzelia,,"fulva",,"","Ruiz & Pav.",Unresolved,,L,WCSP (in review),514282,157427-2,"Anales Inst. Bot. Cavanilles","16: 424","","1958"
tro-50059962,A,Loasaceae,,Mentzelia,,"goodrichii",,"","K.H. Thorne & S.L. Welsh",Accepted,,M,TRO,50059962,976847-1,"Rhodora","95(883/884): 407–408, f. 14","407","1993"
tro-18900211,A,Loasaceae,,Mentzelia,,"gracilenta",,"","Torr. & A. Gray",Accepted,,M,TRO,18900211,545408-1,"Fl. N. Amer.","1(3): 534","534","1840"
tro-50088157,A,Loasaceae,,Mentzelia,,"gracilenta",var.,"pectinata","(Kellogg) Jeps.",Accepted,,L,TRO,50088157,157432-2,"Man. Fl. Pl. Calif.","652","652","1925"
kew-2904710,A,Loasaceae,,Mentzelia,,"gypsophila",,"","B.L.Turner",Unresolved,,L,WCSP (in review),1027166,,"Phytoneuron","2010-7: 1","","2011"
kew-2375383,A,Loasaceae,,Mentzelia,,"haenkii",,"","A.Gray",Unresolved,,L,WCSP (in review),514291,,"Pl. Wright.","1: 74","","1852"
tro-50135584,A,Loasaceae,,Mentzelia,,"heterosepala",,"","Weigend & E. Rodr.",Accepted,,M,TRO,50135584,,"Arnaldoa","5(1): 51–56","51","1998"
kew-2375362,A,Loasaceae,,Mentzelia,,"hintoniorum",,"","B.L.Turner & A.L.Hempel",Unresolved,,L,WCSP (in review),514270,301185-2,"Phytologia","79: 298","","1995 publ. 1996"
tro-18900212,A,Loasaceae,,Mentzelia,,"hirsutissima",,"","S. Watson",Accepted,,M,TRO,18900212,545415-1,"Proc. Amer. Acad. Arts","12: 252","252","1877"
tro-18900383,A,Loasaceae,,Mentzelia,,"hirsutissima",var.,"stenophylla","(Urb. & Gilg) I.M. Johnst.",Accepted,,L,TRO,18900383,,"Univ. Calif. Publ. Bot.","7(13): 443","443","1922"
tro-18900194,A,Loasaceae,,Mentzelia,,"hispida",,"","Willd.",Accepted,,M,TRO,18900194,545417-1,"Sp. Pl.","2(2): 1176","1176","1799"
kew-2904695,A,Loasaceae,,Mentzelia,,"holmgreniorum",,"","J.J.Schenk & L.Hufford",Unresolved,,L,WCSP (in review),1027151,77111903-1,"Madroño","57: 252","","2010"
kew-2899073,A,Loasaceae,,Mentzelia,,"hualapaiensis",,"","J.J.Schenk, W.C.Hodgs. & L.Hufford",Unresolved,,L,WCSP (in review),1021846,60454073-2,"Brittonia","62: 1","","2010"
tro-18900213,A,Loasaceae,,Mentzelia,,"humilis",,"","(Urb. & Gilg) J. Darl.",Accepted,,M,TRO,18900213,157440-2,"Ann. Missouri Bot. Gard.","21(1): 155","155","1934"
tro-50088115,A,Loasaceae,,Mentzelia,,"integra",,"","(M.E. Jones) Tidestr.",Accepted,,M,TRO,50088115,157444-2,"Contr. U.S. Natl. Herb.","25: 363","363","1925"
tro-18900215,A,Loasaceae,,Mentzelia,,"involucrata",,"","S. Watson",Accepted,,M,TRO,18900215,322064-2,"Proc. Amer. Acad. Arts","20: 367","367","1885"
tro-50286793,A,Loasaceae,,Mentzelia,,"inyoensis",,"","H.J. Thomps. & Prigge",Accepted,,M,TRO,50286793,60437308-2,"Madroño","51(4): 379–383, f. 1–2, 3 [map]","379","2004"
tro-18900020,A,Loasaceae,,Mentzelia,,"isolata",,"","Gentry",Accepted,,M,TRO,18900020,157446-2,"Brittonia","6(3): 322–323","322","1948"
kew-2375366,A,Loasaceae,,Mentzelia,,"jonesii",,"","(Urb. & Gilg) H.J.Thomps. & J.E.Roberts",Accepted,,M,WCSP (in review),514274,157447-2,"Phytologia","21: 282","","1971"
tro-18900217,A,Loasaceae,,Mentzelia,,"laciniata",,"","(Rydb.) J. Darl.",Accepted,,M,TRO,18900217,157450-2,"Ann. Missouri Bot. Gard.","21(1): 173","173","1934"
tro-18900218,A,Loasaceae,,Mentzelia,,"laevicaulis",,"","(Douglas) Torr. & A. Gray",Accepted,,L,TRO,18900218,545430-1,"Fl. N. Amer.","1(3): 535","535","1840"
tro-18900219,A,Loasaceae,,Mentzelia,,"laevicaulis",var.,"parviflora","(Douglas) C.L. Hitchc.",Accepted,,L,TRO,18900219,157452-2,"Vasc. Pl. Pacific N.W.","3: 455","455","1961"
tro-100372106,A,Loasaceae,,Mentzelia,,"lagarosa",,"","(K.H. Thorne) J.J. Schenk & L. Hufford",Accepted,,M,TRO,100372106,77111900-1,"Madroño","57(4): 247","247","2010"
tro-18900220,A,Loasaceae,,Mentzelia,,"leucophylla",,"","Brandegee",Accepted,,M,TRO,18900220,157454-2,"Bot. Gaz.","27(6): 448","448","1899"
tro-100000781,A,Loasaceae,,Mentzelia,,"librina",,"","(K.H. Thorne & F.J. Sm.) J.J. Schenk & L. Hufford",Accepted,,M,TRO,100000781,77100335-1,"Novon","19(1): 119","119","2009"
tro-18900021,A,Loasaceae,,Mentzelia,,"lindheimeri",,"","Urb. & Gilg",Accepted,,M,TRO,18900021,157455-2,"Nova Acta Acad. Caes. Leop.-Carol. German. Nat. Cur.","76(1): 54–55","54","1900"
tro-18900221,A,Loasaceae,,Mentzelia,,"lindleyi",,"","Torr. & A. Gray",Accepted,,M,TRO,18900221,545434-1,"Fl. N. Amer.","1(3): 533","533","1840"
tro-50165599,A,Loasaceae,,Mentzelia,,"lobata",,"","(Hook.) Hemsl.",Accepted,,M,TRO,50165599,,"Biol. Cent.-Amer., Bot.","1(5): 472","472","1880"
tro-18900222,A,Loasaceae,,Mentzelia,,"longiloba",,"","J. Darl.",Accepted,,M,TRO,18900222,157459-2,"Ann. Missouri Bot. Gard.","21(1): 176–177","176","1934"
tro-18900387,A,Loasaceae,,Mentzelia,,"marginata",,"","(Osterh.) H.J. Thomps. & Prigge",Accepted,,M,TRO,18900387,943355-1,"Great Basin Naturalist","46(3): 549","549","1986"
tro-50265853,A,Loasaceae,,Mentzelia,,"marginata",var.,"cronquistii","(H.J. Thomps. & Prigge) N.H. Holmgren & P.K. Holmgren",Accepted,,L,TRO,50265853,60435154-2,"Brittonia","56(3): 249","249","2004"
tro-50224615,A,Loasaceae,,Mentzelia,,"memorabilis",,"","N.H. Holmgren & P.K.Holmgren",Accepted,,M,TRO,50224615,20010011-1,"Syst. Bot.","27(4): 753–756, f. 2 [map], 4","753","2002"
tro-18900022,A,Loasaceae,,Mentzelia,,"mexicana",,"","H.J. Thomps. & Zavort.",Accepted,,M,TRO,18900022,157461-2,"Wrightia","4(1): 21–22","21","1968"
tro-18900223,A,Loasaceae,,Mentzelia,,"micrantha",,"","(Hook. & Arn.) Torr. & A. Gray",Accepted,,L,TRO,18900223,545439-1,"Fl. N. Amer.","1(3): 535","535","1840"
tro-50088166,A,Loasaceae,,Mentzelia,,"micrantha",var.,"stricta","(Davidson) Davidson",Accepted,,L,TRO,50088166,157463-2,"Fl. South. Calif.","239","239","1923"
tro-18900224,A,Loasaceae,,Mentzelia,,"mojavensis",,"","H.J. Thomps. & J.E. Roberts",Accepted,,M,TRO,18900224,157464-2,"Phytologia","21(4): 283–284","283","1971"
tro-18900225,A,Loasaceae,,Mentzelia,,"mollis",,"","M. Peck",Accepted,,M,TRO,18900225,157465-2,"Leafl. W. Bot.","4(7): 183","183","1945"
kew-2904199,A,Loasaceae,,Mentzelia,,"monoensis",,"","Brokaw & L.Hufford",Unresolved,,L,WCSP (in review),1026656,,"Madroño","58: 57","","2011"
kew-2375416,A,Loasaceae,,Mentzelia,,"monosperma",,"","Wooton & Standl.",Unresolved,,L,WCSP (in review),514324,157466-2,"Contr. U. S. Natl. Herb.","16: 149","","1913"
tro-18900226,A,Loasaceae,,Mentzelia,,"montana",,"","(Davidson) Davidson",Accepted,,L,TRO,18900226,157467-2,"Fl. S. Calif.","240","240","1923"
tro-18900227,A,Loasaceae,,Mentzelia,,"multicaulis",,"","(Osterh.) J. Darl.",Accepted,,M,TRO,18900227,,"Ann. Missouri Bot. Gard.","21(1): 156","156","1934"
tro-18900023,A,Loasaceae,,Mentzelia,,"multiflora",,"","(Nutt.) A. Gray",Accepted,,M,TRO,18900023,157468-2,"Mem. Amer. Acad. Arts","4: 48","48","1849"
tro-50088056,A,Loasaceae,,Mentzelia,,"multiflora",var.,"densa","(Greene) A. Nelson",Accepted,,L,TRO,50088056,157469-2,"New Man. Bot. Centr. Rocky Mt.","325–326","325","1909"
kew-2375401,A,Loasaceae,,Mentzelia,,"nelsonii",,"","Greene",Unresolved,,L,WCSP (in review),514309,157472-2,"Erythea","3: 70","","1895"
tro-18900228,A,Loasaceae,,Mentzelia,,"nitens",,"","Greene",Accepted,,M,TRO,18900228,157473-2,"Fl. Francisc.","2: 234","234","1891"
tro-18900229,A,Loasaceae,,Mentzelia,,"nuda",,"","(Pursh) Torr. & A. Gray",Accepted,,M,TRO,18900229,157477-2,"Fl. N. Amer.","1(3): 535","535","1840"
tro-50113807,A,Loasaceae,,Mentzelia,,"nuda",var.,"stricta","(Osterh.) H.D. Harr.",Accepted,,L,TRO,50113807,157480-2,"Man. Pl. Colorado","641","641","1954"
tro-18900230,A,Loasaceae,,Mentzelia,,"obscura",,"","H.J. Thomps. & J.E. Roberts",Accepted,,M,TRO,18900230,157482-2,"Phytologia","21(4): 284–285","284","1971"
tro-18900024,A,Loasaceae,,Mentzelia,,"oligosperma",,"","Nutt.",Accepted,,M,TRO,18900024,,"Bot. Mag.","42: pl. 1760","pl. 1760","1815"
tro-18900231,A,Loasaceae,,Mentzelia,,"oreophila",,"","J. Darl.",Accepted,,M,TRO,18900231,157484-2,"Ann. Missouri Bot. Gard.","21(1): 175–176","175","1934"
tro-18900025,A,Loasaceae,,Mentzelia,,"pachyrhiza",,"","I.M. Johnst.",Accepted,,M,TRO,18900025,157486-2,"J. Arnold Arbor.","21: 71","71","1940"
tro-18900396,A,Loasaceae,,Mentzelia,,"packardiae",,"","Glad",Accepted,,M,TRO,18900396,545456-1,"Madroño","23(5): 289, f. 2C–D, 3 [map]","289","1976"
kew-2904700,A,Loasaceae,,Mentzelia,,"paradoxensis",,"","J.J.Schenk & L.Hufford",Unresolved,,L,WCSP (in review),1027156,77111901-1,"Madroño","57: 249","","2010"
tro-18900184,A,Loasaceae,,Mentzelia,,"parvifolia",,"","Urb. & Gilg ex Kurtz",Accepted,,M,TRO,18900184,545460-1,"Revista Mus. La Plata","5: 289","289","1893"
kew-2376892,A,Loasaceae,,Mentzelia,,"pattersonii",,"","B.L.Turner",Unresolved,,L,WCSP (in review),515794,60437678-2,"Phytologia","86: 173","","2004"
tro-18900232,A,Loasaceae,,Mentzelia,,"pectinata",,"","Kellogg",Accepted,,M,TRO,18900232,157493-2,"Proc. Calif. Acad. Sci.","3(3): 40, f. 9","40","1863"
kew-2375315,A,Loasaceae,,Mentzelia,,"peirsonii",,"","Jeps.",Unresolved,,L,WCSP (in review),514223,157494-2,"Fl. Calif.","2: 529","","1936"
tro-18900233,A,Loasaceae,,Mentzelia,,"perennis",,"","Wooton",Accepted,,M,TRO,18900233,157495-2,"Bull. Torrey Bot. Club","25(5): 260–261","260","1898"
kew-2375317,A,Loasaceae,,Mentzelia,,"petiolata",,"","Buckley",Unresolved,,L,WCSP (in review),514225,545465-1,"Proc. Acad. Nat. Sci. Philadelphia","1861: 455","","1862"
tro-18900234,A,Loasaceae,,Mentzelia,,"pinetorum",,"","A. Heller",Accepted,,M,TRO,18900234,157496-2,"Bull. S. Calif. Acad. Sci.","2(6): 69–70","69","1903"
tro-18900235,A,Loasaceae,,Mentzelia,,"polita",,"","A. Nelson",Accepted,,M,TRO,18900235,157499-2,"Bot. Gaz.","47(6): 427–428","427","1909"
tro-100372105,A,Loasaceae,,Mentzelia,,"procera",,"","(Wooton & Standl.) J.J. Schenk & L. Hufford",Accepted,,M,TRO,100372105,77111899-1,"Madroño","57(4): 247","247","2010"
tro-18900236,A,Loasaceae,,Mentzelia,,"pterosperma",,"","Eastw.",Accepted,,M,TRO,18900236,157502-2,"Proc. Calif. Acad. Sci., ser. 2,","6(17): 290","290","1896"
tro-18900237,A,Loasaceae,,Mentzelia,,"puberula",,"","J. Darl.",Accepted,,M,TRO,18900237,157503-2,"Ann. Missouri Bot. Gard.","21(1): 177","177","1934"
tro-18900329,A,Loasaceae,,Mentzelia,,"pumila",,"","Torr. & A. Gray",Accepted,,M,TRO,18900329,157505-2,"Fl. N. Amer.","1(3): 535","535","1840"
tro-18900239,A,Loasaceae,,Mentzelia,,"ravenii",,"","H.J. Thomps. & J. Roberts",Accepted,,M,TRO,18900239,157514-2,"Phytologia","21(4): 285–287","285","1971"
tro-18900240,A,Loasaceae,,Mentzelia,,"reflexa",,"","Coville",Accepted,,M,TRO,18900240,157515-2,"Proc. Biol. Soc. Wash.","7(2): 74–75","74","1892"
tro-18900241,A,Loasaceae,,Mentzelia,,"reverchonii",,"","(Urb. & Gilg) H.J. Thomps. & Zavort.",Accepted,,M,TRO,18900241,157516-2,"Wrightia","4(1): 24","24","1968"
kew-2375292,A,Loasaceae,,Mentzelia,,"rhombifolia",,"","Nutt.",Unresolved,,L,WCSP (in review),514200,,"Fl. N. Amer.","1: 533","","1840"
tro-18900242,A,Loasaceae,,Mentzelia,,"rusbyi",,"","Wooton",Accepted,,M,TRO,18900242,157517-2,"Bull. Torrey Bot. Club","25(5): 261–262","261","1898"
tro-18900026,A,Loasaceae,,Mentzelia,,"saxicola",,"","H.J. Thomps. & Zavort.",Accepted,,M,TRO,18900026,157518-2,"Wrightia","4(1): 22–23","22","1968"
tro-18900195,A,Loasaceae,,Mentzelia,,"scabra",,"","Kunth",Accepted,,M,TRO,18900195,545481-1,"Nov. Gen. Sp. (quarto ed.)","6: 120","120","1823"
tro-50290026,A,Loasaceae,,Mentzelia,,"scabra",subsp.,"chilensis","(Gay) Weigend",Accepted,,L,TRO,50290026,77090537-1,"Ann. Missouri Bot. Gard.","94(3): 677","677","2007"
tro-50294415,A,Loasaceae,,Mentzelia,,"scabra",subsp.,"grandiflora","(Ruiz & Pav. ex G. Don) Weigend",Accepted,,L,TRO,50294415,77090539-1,"Ann. Missouri Bot. Gard.","94(3): 682–687, 15C, D","682","2007"
kew-2607854,A,Loasaceae,,Mentzelia,,"sericea",,"","Weigend",Unresolved,,L,WCSP (in review),740846,,"Ann. Missouri Bot. Gard.","94: 687","","2007"
tro-18900187,A,Loasaceae,,Mentzelia,,"sessilifolia",,"","Urb. & Gilg",Accepted,,M,TRO,18900187,,"","","",""
tro-18900327,A,Loasaceae,,Mentzelia,,"shultziorum",,"","Prigge",Accepted,,M,TRO,18900327,,"Great Basin Naturalist","46(2): 361–365, f. 1, 2 [map], 3–4","361","1986"
tro-18900243,A,Loasaceae,,Mentzelia,,"sinuata",,"","(Rydb.) R.J. Hill",Accepted,,M,TRO,18900243,545483-1,"Bull. Torrey Bot. Club","103(5): 216","216","1976"
kew-2904678,A,Loasaceae,,Mentzelia,,"sivinskii",,"","J.J.Schenk & L.Hufford",Unresolved,,L,WCSP (in review),1027134,77111904-1,"Madroño","57: 253","","2010"
tro-18900244,A,Loasaceae,,Mentzelia,,"speciosa",,"","Osterh.",Accepted,,M,TRO,18900244,289800-2,"Bull. Torrey Bot. Club","28(12): 689","689","1901"
tro-18900245,A,Loasaceae,,Mentzelia,,"springeri",,"","(Standl.) Tidestr.",Accepted,,M,TRO,18900245,157522-2,"Fl. Ariz. New Mex.","288","288","1941"
tro-18900246,A,Loasaceae,,Mentzelia,,"strictissima",,"","(Wooton & Standl.) J. Darl.",Accepted,,M,TRO,18900246,157525-2,"Ann. Missouri Bot. Gard.","21(1): 163–164","163","1934"
kew-2375338,A,Loasaceae,,Mentzelia,,"strigosa",,"","Kunth",Unresolved,,L,WCSP (in review),514246,545493-1,"Nov. Gen. Sp.","6: 120","","1823"
tro-18900192,A,Loasaceae,,Mentzelia,,"texana",,"","Urb. & Gilg",Accepted,,M,TRO,18900192,157528-2,"Nova Acta Acad. Caes. Leop.-Carol. German. Nat. Cur.","76: 52–53","52","1900"
tro-18900379,A,Loasaceae,,Mentzelia,,"thompsonii",,"","Glad",Accepted,,M,TRO,18900379,280788-2,"Madroño","23(5): 289–292, f. 2A–B, 4 [map]","289","1976"
tro-50224609,A,Loasaceae,,Mentzelia,,"tiehmii",,"","N.H. Holmgren & P.K.Holmgren",Accepted,,M,TRO,50224609,325527-2,"Syst. Bot.","27(4): 748–751, f. 1, 2 [map]","748","2002"
kew-2376904,A,Loasaceae,,Mentzelia,,"todiltoensis",,"","N.D.Atwood & S.L.Welsh",Unresolved,,L,WCSP (in review),515806,60441543-2,"W. N. Amer. Naturalist","65: 365","","2005"
tro-18900247,A,Loasaceae,,Mentzelia,,"torreyi",,"","A. Gray",Accepted,,M,TRO,18900247,545498-1,"Proc. Amer. Acad. Arts","10: 72","72","1874"
tro-50092334,A,Loasaceae,,Mentzelia,,"torreyi",var.,"acerosa","(M.E. Jones) Barneby",Accepted,,L,TRO,50092334,157530-2,"Leafl. W. Bot.","5(4): 63","63","1947"
tro-18900248,A,Loasaceae,,Mentzelia,,"tricuspis",,"","A. Gray",Accepted,,M,TRO,18900248,322065-2,"Amer. Naturalist","9(5): 271","271","1875"
tro-18900249,A,Loasaceae,,Mentzelia,,"tridentata",,"","(Davidson) H.J. Thomps. & J.E. Roberts",Accepted,,L,TRO,18900249,157531-2,"Phytologia","21(4): 287","287","1971"
tro-100000782,A,Loasaceae,,Mentzelia,,"uintahensis",,"","(N.H. Holmgren & P.K.Holmgren) J.J. Schenk & L. Hufford",Accepted,,M,TRO,100000782,77100336-1,"Novon","19(1): 120","120","2009"
kew-2375327,A,Loasaceae,,Mentzelia,,"urens",,"","Vell.",Unresolved,,L,WCSP (in review),514235,545504-1,"Fl. Flumin.","5: t. 97","","1829"
tro-18900369,A,Loasaceae,,Mentzelia,,"veatchiana",,"","Kellogg",Accepted,,M,TRO,18900369,545505-1,"Proc. Calif. Acad. Sci.","2: 99–101, f. 28","99","1863"
kew-2375336,A,Loasaceae,,Microsperma,,"rudis",,"","S.Schauer",Unresolved,,L,WCSP (in review),514244,545511-1,"Linnaea","20: 721","","1847"
tro-50304932,A,Loasaceae,,Nasa,,"aequatoriana",,"","(Urb. & Gilg) Weigend",Accepted,,M,TRO,50304932,77096650-1,"Revista Peruana Biol.","13(1): 71–72","71","2006"
tro-50304933,A,Loasaceae,,Nasa,,"amaluzensis",,"","(Weigend) Weigend",Accepted,,M,TRO,50304933,77096651-1,"Revista Peruana Biol.","13(1): 72","72","2006"
tro-50304934,A,Loasaceae,,Nasa,,"anderssonii",,"","Weigend",Accepted,,M,TRO,50304934,77096652-1,"Revista Peruana Biol.","13(1): 72","72","2006"
tro-50304935,A,Loasaceae,,Nasa,,"argemonoides",,"","(Juss.) Weigend",Accepted,,M,TRO,50304935,77096653-1,"Revista Peruana Biol.","13(1): 72","72","2006"
tro-50304936,A,Loasaceae,,Nasa,,"aspiazui",,"","(J.F. Macbr.) Weigend",Accepted,,M,TRO,50304936,77096654-1,"Revista Peruana Biol.","13(1): 72","72","2006"
tro-50304937,A,Loasaceae,,Nasa,,"asplundii",,"","Weigend",Accepted,,M,TRO,50304937,77096655-1,"Revista Peruana Biol.","13(1): 72","72","2006"
tro-50304939,A,Loasaceae,,Nasa,,"auca",,"","(Weigend) Weigend",Accepted,,M,TRO,50304939,77096656-1,"Revista Peruana Biol.","13(1): 72","72","2006"
kew-2902664,A,Loasaceae,,Nasa,,"basilica",,"","T.Henning & Weigend",Unresolved,,L,WCSP (in review),1025121,77114315-1,"Bot. J. Linn. Soc.","167: 63","","2011"
tro-50304941,A,Loasaceae,,Nasa,,"bicornuta",,"","(Weigend) Weigend",Accepted,,M,TRO,50304941,77096657-1,"Revista Peruana Biol.","13(1): 72","72","2006"
tro-50304942,A,Loasaceae,,Nasa,,"callacallensis",,"","Weigend & E. Rodr.",Accepted,,M,TRO,50304942,77096658-1,"Revista Peruana Biol.","13(1): 72","72","2006"
tro-50304943,A,Loasaceae,,Nasa,,"campaniflora",,"","(Triana & Planch. ex Urb. & Gilg) Weigend",Accepted,,M,TRO,50304943,77096659-1,"Revista Peruana Biol.","13(1): 72","72","2006"
tro-50304944,A,Loasaceae,,Nasa,,"carnea",,"","(Urb. & Gilg) Weigend",Accepted,,M,TRO,50304944,77096660-1,"Revista Peruana Biol.","13(1): 73","73","2006"
tro-50304945,A,Loasaceae,,Nasa,,"carunculata",,"","(Urb. & Gilg) Weigend",Accepted,,M,TRO,50304945,77096661-1,"Revista Peruana Biol.","13(1): 73","73","2006"
kew-2377995,A,Loasaceae,,Nasa,,"chenopodiifolia",,"","(Desr.) Weigend",Accepted,,M,WCSP (in review),516882,1010177-1,"Arnaldoa","5: 163","","1998"
tro-50304947,A,Loasaceae,,Nasa,,"colanii",,"","Dostert & Weigend",Accepted,,M,TRO,50304947,77096663-1,"Revista Peruana Biol.","13(1): 73","73","2006"
tro-50304948,A,Loasaceae,,Nasa,,"connectans",,"","Weigend",Accepted,,M,TRO,50304948,77096664-1,"Revista Peruana Biol.","13(1): 73","73","2006"
tro-50304949,A,Loasaceae,,Nasa,,"contumazensis",,"","Weigend & E. Rodr.",Accepted,,M,TRO,50304949,77096665-1,"Revista Peruana Biol.","13(1): 73","73","2006"
tro-50197921,A,Loasaceae,,Nasa,,"cuatrecasasii",,"","Weigend",Accepted,,M,TRO,50197921,1007434-1,"Taxon","55(2): 465","465","2006"
tro-50304952,A,Loasaceae,,Nasa,,"cymbopetala",,"","(Urb. & Gilg) Weigend",Accepted,,M,TRO,50304952,77096666-1,"Revista Peruana Biol.","13(1): 73–74","73","2006"
tro-50304953,A,Loasaceae,,Nasa,,"dillonii",,"","Weigend",Accepted,,M,TRO,50304953,77096680-1,"Revista Peruana Biol.","13(1): 74","74","2006"
tro-50304954,A,Loasaceae,,Nasa,,"dolichostemon",,"","(Urb. & Gilg) Weigend",Accepted,,M,TRO,50304954,77096681-1,"Revista Peruana Biol.","13(1): 74","74","2006"
kew-2896753,A,Loasaceae,,Nasa,,"driessleae",,"","Weigend",Unresolved,,L,WCSP (in review),1019581,77096935-1,"Revista Peru. Biol.","13: 74","","2006"
tro-50304956,A,Loasaceae,,Nasa,,"driesslei",,"","Weigend",Accepted,,M,TRO,50304956,,"Revista Peruana Biol.","13(1): 74","74","2006"
tro-50304958,A,Loasaceae,,Nasa,,"dyeri",,"","(Urb. & Gilg) Weigend",Accepted,,M,TRO,50304958,1072603-2,"Revista Peruana Biol.","13(1): 74","74","2006"
tro-50304959,A,Loasaceae,,Nasa,,"ferox",,"","Weigend",Accepted,,M,TRO,50304959,77096682-1,"Revista Peruana Biol.","13(1): 74","74","2006"
kew-2377977,A,Loasaceae,,Nasa,,"ferruginea",,"","(Urb. & Gilg) Weigend",Accepted,,M,WCSP (in review),516864,1010179-1,"Arnaldoa","5: 164","","1998"
tro-50304961,A,Loasaceae,,Nasa,,"formosissima",,"","Weigend",Accepted,,M,TRO,50304961,77096684-1,"Revista Peruana Biol.","13(1): 74–75","74","2006"
tro-50304962,A,Loasaceae,,Nasa,,"glabra",,"","(Weigend) Weigend",Accepted,,M,TRO,50304962,77096685-1,"Revista Peruana Biol.","13(1): 75","75","2006"
tro-50304963,A,Loasaceae,,Nasa,,"glandulosissima",,"","Weigend",Accepted,,M,TRO,50304963,77096686-1,"Revista Peruana Biol.","13(1): 75","75","2006"
tro-50304964,A,Loasaceae,,Nasa,,"grandiflora",,"","(Desr.) Weigend",Accepted,,M,TRO,50304964,77096687-1,"Revista Peruana Biol.","13(1): 75","75","2006"
tro-50304965,A,Loasaceae,,Nasa,,"hastata",,"","(Killip) Weigend",Accepted,,M,TRO,50304965,77096936-1,"Revista Peruana Biol.","13(1): 75","75","2006"
tro-50304966,A,Loasaceae,,Nasa,,"herzogii",,"","(Urb. & Gilg) Weigend",Accepted,,M,TRO,50304966,77096688-1,"Revista Peruana Biol.","13(1): 75","75","2006"
tro-50304967,A,Loasaceae,,Nasa,,"hornii",,"","(Weigend) Weigend",Accepted,,M,TRO,50304967,77096689-1,"Revista Peruana Biol.","13(1): 75","75","2006"
tro-50304968,A,Loasaceae,,Nasa,,"humboldtiana",,"","(Urb. & Gilg) Weigend",Accepted,,M,TRO,50304968,77096690-1,"Revista Peruana Biol.","13(1): 75","75","2006"
tro-50304973,A,Loasaceae,,Nasa,,"humboldtiana",subsp.,"roseoalba","(Weigend) Dostert & Weigend",Accepted,,L,TRO,50304973,77096711-1,"Revista Peruana Biol.","13(1): 75–76","75","2006"
tro-50304975,A,Loasaceae,,Nasa,,"insignis",,"","Weigend & E. Rodr.",Accepted,,M,TRO,50304975,77096713-1,"Revista Peruana Biol.","13(1): 76","76","2006"
tro-50304981,A,Loasaceae,,Nasa,,"jungiifolia",,"","(Weigend) Weigend",Accepted,,M,TRO,50304981,77096937-1,"Revista Peruana Biol.","13(1): 76","76","2006"
tro-50304982,A,Loasaceae,,Nasa,,"karsteniana",,"","(Urb. & Gilg) Weigend",Accepted,,M,TRO,50304982,77096714-1,"Revista Peruana Biol.","13(1): 76","76","2006"
tro-50304985,A,Loasaceae,,Nasa,,"kuelapensis",,"","Weigend",Accepted,,M,TRO,50304985,77096716-1,"Revista Peruana Biol.","13(1): 76","76","2006"
tro-50304986,A,Loasaceae,,Nasa,,"lambayequensis",,"","Weigend",Accepted,,M,TRO,50304986,77096717-1,"Revista Peruana Biol.","13(1): 76","76","2006"
tro-50304988,A,Loasaceae,,Nasa,,"laxa",,"","(J.F. Macbr.) Weigend",Accepted,,M,TRO,50304988,77096718-1,"Revista Peruana Biol.","13(1): 76","76","2006"
tro-50304983,A,Loasaceae,,Nasa,,"lehmanniana",,"","(Urb. & Gilg) Weigend",Accepted,,M,TRO,50304983,77096715-1,"Revista Peruana Biol.","13(1): 76","76","2006"
tro-50304987,A,Loasaceae,,Nasa,,"lenta",,"","(J.F. Macbr.) Weigend",Accepted,,M,TRO,50304987,77096719-1,"Revista Peruana Biol.","13(1): 76","76","2006"
tro-50304989,A,Loasaceae,,Nasa,,"limata",,"","(J.F. Macbr.) Weigend",Accepted,,M,TRO,50304989,77096720-1,"Revista Peruana Biol.","13(1): 76–77","76","2006"
kew-2383561,A,Loasaceae,,Nasa,,"lindeniana",,"","(Urb. & Gilg) Weigend",Accepted,,M,WCSP (in review),522257,77096721-1,"Revista Peru. Biol.","13: 77","","2006"
tro-50304991,A,Loasaceae,,Nasa,,"longivalvis",,"","E. Rodr. & Weigend",Accepted,,M,TRO,50304991,77096938-1,"Revista Peruana Biol.","13(1): 77","77","2006"
tro-50304992,A,Loasaceae,,Nasa,,"loxensis",,"","(Kunth) Weigend",Accepted,,M,TRO,50304992,77096939-1,"Revista Peruana Biol.","13(1): 77","77","2006"
tro-50304994,A,Loasaceae,,Nasa,,"macrantha",,"","(Urb. & Gilg) Weigend",Accepted,,M,TRO,50304994,77096940-1,"Revista Peruana Biol.","13(1): 77","77","2006"
tro-50304996,A,Loasaceae,,Nasa,,"macrorrhiza",,"","(Urb. & Gilg) Weigend",Accepted,,M,TRO,50304996,77096941-1,"Revista Peruana Biol.","13(1): 77","77","2006"
tro-50304999,A,Loasaceae,,Nasa,,"macrothyrsa",,"","(Urb. & Gilg) Weigend",Accepted,,M,TRO,50304999,77096942-1,"Revista Peruana Biol.","13(1): 77","77","2006"
tro-50305001,A,Loasaceae,,Nasa,,"magnifica",,"","(Urb. & Gilg) Weigend",Accepted,,M,TRO,50305001,77096955-1,"Revista Peruana Biol.","13(1): 77","77","2006"
tro-50305003,A,Loasaceae,,Nasa,,"modesta",,"","Weigend",Accepted,,M,TRO,50305003,77096943-1,"Revista Peruana Biol.","13(1): 77","77","2006"
tro-50305004,A,Loasaceae,,Nasa,,"moroensis",,"","Weigend",Accepted,,M,TRO,50305004,77096944-1,"Revista Peruana Biol.","13(1): 77–78","77","2006"
tro-50305006,A,Loasaceae,,Nasa,,"nubicolorum",,"","Weigend",Accepted,,M,TRO,50305006,77096945-1,"Revista Peruana Biol.","13(1): 78","78","2006"
tro-50305007,A,Loasaceae,,Nasa,,"olmosiana",,"","(Gilg ex J.F. Macbr.) Weigend",Accepted,,M,TRO,50305007,77096946-1,"Revista Peruana Biol.","13(1): 78","78","2006"
tro-50211121,A,Loasaceae,,Nasa,,"orbicularis",,"","Weigend",Accepted,,M,TRO,50211121,1007435-1,"Taxon","55(2): 465","465","2006"
tro-50305008,A,Loasaceae,,Nasa,,"otuzcensis",,"","Weigend & E. Rodr.",Accepted,,M,TRO,50305008,77096947-1,"Revista Peruana Biol.","13(1): 78","78","2006"
tro-50152109,A,Loasaceae,,Nasa,,"pamparomasii",,"","Weigend",Unresolved,,L,TRO,50152109,,"","","",""
tro-50305010,A,Loasaceae,,Nasa,,"panamensis",,"","Weigend",Accepted,,M,TRO,50305010,77096948-1,"Revista Peruana Biol.","13(1): 78","78","2006"
tro-50305011,A,Loasaceae,,Nasa,,"pascoensis",,"","Weigend",Accepted,,M,TRO,50305011,77096949-1,"Revista Peruana Biol.","13(1): 78","78","2006"
tro-50305013,A,Loasaceae,,Nasa,,"peltata",,"","(Spruce ex Urb. & Gilg) Weigend",Accepted,,M,TRO,50305013,77096950-1,"Revista Peruana Biol.","13(1): 78","78","2006"
tro-50305015,A,Loasaceae,,Nasa,,"peltiphylla",,"","(Weigend) Weigend",Accepted,,M,TRO,50305015,77096951-1,"Revista Peruana Biol.","13(1): 78","78","2006"
kew-2377717,A,Loasaceae,,Nasa,,"perijensis",,"","(Weigend) Weigend",Accepted,,M,WCSP (in review),516607,77096952-1,"Revista Peru. Biol.","13: 78","","2006"
tro-50305017,A,Loasaceae,,Nasa,,"picta",,"","(Hook. f.) Weigend",Accepted,,M,TRO,50305017,77096953-1,"Revista Peruana Biol.","13(1): 79","79","2006"
tro-50211123,A,Loasaceae,,Nasa,,"pilovena",,"","Weigend",Accepted,,M,TRO,50211123,1007436-1,"Taxon","55(2): 465","465","2006"
kew-2379553,A,Loasaceae,,Nasa,,"poissoniana",,"","(Urb. & Gilg) Weigend",Accepted,,M,WCSP (in review),518395,1010189-1,"Arnaldoa","5: 165","","1998"
tro-50305021,A,Loasaceae,,Nasa,,"pongalamesa",,"","Weigend",Accepted,,M,TRO,50305021,77096958-1,"Revista Peruana Biol.","13(1): 79","79","2006"
tro-50305023,A,Loasaceae,,Nasa,,"profundilobata",,"","(Werderm.) Weigend",Accepted,,M,TRO,50305023,77096959-1,"Revista Peruana Biol.","13(1): 79","79","2006"
tro-50211125,A,Loasaceae,,Nasa,,"profundiserrata",,"","Weigend",Accepted,,M,TRO,50211125,1007437-1,"Taxon","55(2): 465, 467","465","2006"
tro-50305024,A,Loasaceae,,Nasa,,"pteridophylla",,"","Weigend & Dostert",Accepted,,M,TRO,50305024,77096960-1,"Revista Peruana Biol.","13(1): 79","79","2006"
tro-50305027,A,Loasaceae,,Nasa,,"puma-chini",,"","(Weigend) Weigend",Accepted,,M,TRO,50305027,77097020-1,"Revista Peruana Biol.","13(1): 80","80","2006"
tro-50305026,A,Loasaceae,,Nasa,,"puracensis",,"","(S.F. Blake & Killip) Weigend",Accepted,,M,TRO,50305026,77096962-1,"Revista Peruana Biol.","13(1): 80","80","2006"
kew-2378755,A,Loasaceae,,Nasa,,"raimondii",,"","(Standl. & F.A.Barkley) Weigend",Accepted,,M,WCSP (in review),517641,1010190-1,"Arnaldoa","5: 166","","1998"
tro-50305033,A,Loasaceae,,Nasa,,"ramirezii",,"","(Weigend) Weigend",Accepted,,M,TRO,50305033,77096964-1,"Revista Peruana Biol.","13(1): 80","80","2006"
tro-50305034,A,Loasaceae,,Nasa,,"ranunculifolia",,"","(Kunth) Weigend",Accepted,,M,TRO,50305034,77096965-1,"Revista Peruana Biol.","13(1): 80","80","2006"
tro-50110386,A,Loasaceae,,Nasa,,"rubrastra",,"","(Weigend) Weigend",Accepted,,M,TRO,50110386,1007418-1,"Taxon","55(2): 465","465","2006"
tro-50302143,A,Loasaceae,,Nasa,,"rudis",,"","(Benth.) Weigend",Accepted,,M,TRO,50302143,,"","","",""
tro-50110391,A,Loasaceae,,Nasa,,"rufipila",,"","Weigend",Accepted,,M,TRO,50110391,1007438-1,"Taxon","55(2): 467","467","2006"
tro-50305035,A,Loasaceae,,Nasa,,"rugosa",,"","(Killip) Weigend",Accepted,,M,TRO,50305035,77096966-1,"Revista Peruana Biol.","13(1): 80","80","2006"
tro-50305036,A,Loasaceae,,Nasa,,"sagasteguii",,"","Weigend",Accepted,,M,TRO,50305036,77096971-1,"Revista Peruana Biol.","13(1): 80","80","2006"
kew-2903016,A,Loasaceae,,Nasa,,"sanagoranensis",,"","T.Henning, Weigend & A.Cano",Unresolved,,L,WCSP (in review),1025473,,"Revista Peru. Biol.","16: 155","","2009 publ. 2010"
kew-2903006,A,Loasaceae,,Nasa,,"sanchezii",,"","T.Henning & Weigend",Unresolved,,L,WCSP (in review),1025463,77114649-1,"Phytotaxa","26: 3","","2011"
tro-50305039,A,Loasaceae,,Nasa,,"santamartae",,"","(Weigend) Weigend",Accepted,,M,TRO,50305039,77096967-1,"Revista Peruana Biol.","13(1): 80","80","2006"
tro-50305045,A,Loasaceae,,Nasa,,"schlimiana",,"","(Planch. & Triana) Weigend",Accepted,,M,TRO,50305045,77096975-1,"Revista Peruana Biol.","13(1): 80","80","2006"
tro-50305046,A,Loasaceae,,Nasa,,"solaria",,"","(J.F. Macbr.) Weigend",Accepted,,M,TRO,50305046,77096968-1,"Revista Peruana Biol.","13(1): 80–81","80","2006"
tro-50305047,A,Loasaceae,,Nasa,,"solata",,"","(J.F. Macbr.) Weigend",Accepted,,M,TRO,50305047,77096969-1,"Revista Peruana Biol.","13(1): 81","81","2006"
kew-2378744,A,Loasaceae,,Nasa,,"speciosa",,"","(Donn.Sm.) Weigend",Accepted,,M,WCSP (in review),517630,1020653-1,"Novon","11: 153","","2001"
tro-50305049,A,Loasaceae,,Nasa,,"stolonifera",,"","Weigend",Accepted,,M,TRO,50305049,77096988-1,"Revista Peruana Biol.","13(1): 81","81","2006"
tro-50305050,A,Loasaceae,,Nasa,,"stuebeliana",,"","(Urb. & Gilg) Weigend",Accepted,,M,TRO,50305050,77096989-1,"Revista Peruana Biol.","13(1): 81","81","2006"
tro-50305051,A,Loasaceae,,Nasa,,"tabularis",,"","Weigend",Accepted,,M,TRO,50305051,77096990-1,"Revista Peruana Biol.","13(1): 81","81","2006"
tro-50305052,A,Loasaceae,,Nasa,,"tingomariensis",,"","(J.F. Macbr.) Weigend",Accepted,,M,TRO,50305052,77096991-1,"Revista Peruana Biol.","13(1): 81","81","2006"
tro-50305053,A,Loasaceae,,Nasa,,"trianae",,"","(Urb. & Gilg) Weigend",Accepted,,M,TRO,50305053,77096992-1,"Revista Peruana Biol.","13(1): 81","81","2006"
kew-2378771,A,Loasaceae,,Nasa,,"triphylla",,"","(Juss.) Weigend",Accepted,,M,WCSP (in review),517657,1210951-2,"Revista Peru. Biol.","13: 82","","2006"
kew-2378773,A,Loasaceae,,Nasa,,"triphylla",subsp.,"papaverifolia","(Kunth) Weigend",Accepted,,L,WCSP (in review),517659,1023111-2,"Revista Peru. Biol.","13: 82","","2006"
tro-50305063,A,Loasaceae,,Nasa,,"triphylla",subsp.,"rudis","(Benth.) Weigend",Accepted,,L,TRO,50305063,1213929-2,"Revista Peruana Biol.","13(1): 82","82","2006"
kew-2903050,A,Loasaceae,,Nasa,,"tulipadiaboli",,"","T.Henning & Weigend",Unresolved,,L,WCSP (in review),1025507,77114314-1,"Bot. J. Linn. Soc.","167: 61","","2011"
tro-50305064,A,Loasaceae,,Nasa,,"umbraculifera",,"","E. Rodr. & Weigend",Accepted,,M,TRO,50305064,77096993-1,"Revista Peruana Biol.","13(1): 82–83","82","2006"
kew-2378762,A,Loasaceae,,Nasa,,"urens",,"","(Jacq.) Weigend",Accepted,,M,WCSP (in review),517648,1003648-2,"Arnaldoa","5: 167","","1998"
tro-50305066,A,Loasaceae,,Nasa,,"urentivelutina",,"","Weigend",Accepted,,M,TRO,50305066,77096995-1,"Revista Peruana Biol.","13(1): 83","83","2006"
kew-2903007,A,Loasaceae,,Nasa,,"urubambensis",,"","T.Henning & Weigend",Unresolved,,L,WCSP (in review),1025464,77114650-1,"Phytotaxa","26: 6","","2011"
tro-50305067,A,Loasaceae,,Nasa,,"usquiliensis",,"","Weigend, T.  Henning & C. Schneid.",Accepted,,M,TRO,50305067,77096996-1,"Revista Peruana Biol.","13(1): 83","83","2006"
kew-2378760,A,Loasaceae,,Nasa,,"vargasii",,"","(J.F.Macbr.) Weigend",Accepted,,M,WCSP (in review),517646,1010198-1,"Arnaldoa","5: 167","","1998"
kew-2378683,A,Loasaceae,,Nasa,,"venezuelensis",,"","(Steyerm.) Weigend",Accepted,,M,WCSP (in review),517569,77096998-1,"Revista Peru. Biol.","13: 83","","2006"
tro-50305070,A,Loasaceae,,Nasa,,"victorii",,"","Weigend",Accepted,,M,TRO,50305070,77096999-1,"Revista Peruana Biol.","13(1): 83","83","2006"
tro-50152100,A,Loasaceae,,Nasa,,"weberbaueri",,"","(Urb. & Gilg) Weigend",Accepted,,M,TRO,50152100,1025162-2,"Arnaldoa","5(2): 167","167","1998"
kew-2896827,A,Loasaceae,,Nasa,,"weigendii",,"","E.Rodr.",Unresolved,,L,WCSP (in review),1019655,,"Arnaldoa","15: 22","","2008"
tro-50202536,A,Loasaceae,,Petalonyx,,"crenatus",,"","A. Gray ex S. Watson",Accepted,,M,TRO,50202536,,"Proc. Amer. Acad. Arts","17: 358","358","1882"
tro-18900365,A,Loasaceae,,Petalonyx,,"gilmanii",,"","Munz",Accepted,,M,TRO,18900365,191023-2,"Leafl. W. Bot.","2(5): 69–70, pl. 1, f. 4–6","69","1938"
tro-18900250,A,Loasaceae,,Petalonyx,,"linearis",,"","Greene",Accepted,,M,TRO,18900250,545545-1,"Bull. Calif. Acad. Sci.","1(3): 188","188","1886"
tro-18900251,A,Loasaceae,,Petalonyx,,"nitidus",,"","S. Watson",Accepted,,M,TRO,18900251,545546-1,"Amer. Naturalist","7(5): 300","300","1873"
tro-18900252,A,Loasaceae,,Petalonyx,,"parryi",,"","A. Gray",Accepted,,M,TRO,18900252,545547-1,"Proc. Amer. Acad. Arts","10: 72","72","1874"
tro-18900253,A,Loasaceae,,Petalonyx,,"thurberi",,"","A. Gray",Accepted,,M,TRO,18900253,545548-1,"Pl. Nov. Thurb.","319–320","319","1854"
kew-2532295,A,Loasaceae,,Plakothira,,"frutescens",,"","J.Florence",Unresolved,,L,WCSP (in review),668309,,"Bull. Mus. Natl. Hist. Nat., B, Adansonia","7: 240","","1985 publ. 1986"
kew-2532294,A,Loasaceae,,Plakothira,,"parviflora",,"","J.Florence",Unresolved,,L,WCSP (in review),668308,994892-1,"Allertonia","7: 239","","1997"
kew-2532293,A,Loasaceae,,Plakothira,,"perlmanii",,"","J.Florence",Unresolved,,L,WCSP (in review),668307,994893-1,"Allertonia","7: 240","","1997"
tro-50154745,A,Loasaceae,,Presliophytum,,"arequipense",,"","Weigend",Accepted,,M,TRO,50154745,1007439-1,"Taxon","55(2): 467","467","2006"
kew-2540915,A,Loasaceae,,Presliophytum,,"arequipensis",,"","Weigend",Unresolved,,L,WCSP (in review),676777,317851-2,"Nasa and Conquest S. Amer.","219","","1997"
tro-50152120,A,Loasaceae,,Presliophytum,,"heucheraefolium",,"","(Killip) Weigend",Accepted,,M,TRO,50152120,1007440-1,"Taxon","55(2): 467","467","2006"
kew-2540916,A,Loasaceae,,Presliophytum,,"heucherifolia",,"","(Killip) Weigend",Unresolved,,L,WCSP (in review),676778,1142253-2,"Nasa and Conquest S. Amer.","219","","1997"
tro-50135589,A,Loasaceae,,Presliophytum,,"incanum",,"","(Graham) Weigend",Accepted,,M,TRO,50135589,1007424-1,"Taxon","55(2): 467","467","2006"
kew-2598710,A,Loasaceae,,Saloa,,"hieronymi",,"","Stuntz",Unresolved,,L,WCSP (in review),732012,226280-2,"U.S.D.A. Bur. Pl. Industr., Invent. Seeds","31: 86","","1914"
tro-18900395,A,Loasaceae,,Schismocarpus,,"matudae",,"","Steyerm.",Accepted,,M,TRO,18900395,229257-2,"Bull. Torrey Bot. Club","80(2): 138","138","1953"
tro-50114465,A,Loasaceae,,Schismocarpus,,"pachypus",,"","S.F. Blake",Accepted,,M,TRO,50114465,229258-2,"Contr. Gray Herb.","53: 62–63","62","1918"
kew-2598713,A,Loasaceae,,Scyphanthus,,"cumingii",,"","F.Phil.",Unresolved,,L,WCSP (in review),732015,545555-1,"Cat. Pl. Vasc. Chil.","84","","1881"
kew-2598702,A,Loasaceae,,Scyphanthus,,"elegans",,"","D.Don",Accepted,,M,WCSP (in review),732004,,"Brit. Fl. Gard.","3: t. 238","","1828"
kew-2598720,A,Loasaceae,,Scyphanthus,,"stenocarpus",,"","(Poepp.) Urb. & Gilg",Accepted,,M,WCSP (in review),732022,231237-2,"Nat. Pflanzenfam.","3(6a): 118","","1894"
tro-50145260,A,Loasaceae,,Sympetaleia,,"aurea",,"","A. Gray",Accepted,,M,TRO,50145260,545559-1,"Proc. Amer. Acad. Arts","12: 161","161","1877"
tro-18900372,A,Loasaceae,,Sympetaleia,,"rupestris",,"","(Baill.) A. Gray ex S. Watson",Accepted,,M,TRO,18900372,,"Proc. Amer. Acad. Arts","24: 50","50","1889"
tro-50145261,A,Loasaceae,,Sympetaleia,,"tenella",,"","I.M. Johnst.",Accepted,,M,TRO,50145261,,"Proc. Calif. Acad. Sci., ser. 4,","12: 1107","1107","1924"
kew-2441576,A,Loasaceae,,Touterea,,"humilis",,"","Rydb.",Unresolved,,L,WCSP (in review),579225,255574-2,"Bull. Torrey Bot. Club","30: 277","","1903"
tro-50088043,A,Loasaceae,,Touterea,,"perennis",,"","(Wooton) Rydb.",Accepted,,M,TRO,50088043,255582-2,"Bull. Torrey Bot. Club","30(5): 277","277","1903"
kew-2441573,A,Loasaceae,,Trachyphytum,,"albicaule",,"","Nutt.",Unresolved,,L,WCSP (in review),579222,545581-1,"Fl. N. Amer.","1: 534","","1840"
kew-2441584,A,Loasaceae,,Trachyphytum,,"congestum",,"","Nutt.",Unresolved,,L,WCSP (in review),579233,545582-1,"Fl. N. Amer.","1: 534","","1840"
kew-2441582,A,Loasaceae,,Trachyphytum,,"gracile",,"","Nutt.",Unresolved,,L,WCSP (in review),579231,545583-1,"Fl. N. Amer.","1: 534","","1840"
tro-50242376,A,Loasaceae,,Xylopodia,,"klaprothioides",,"","Weigend",Accepted,,M,TRO,50242376,1007426-1,"Taxon","55(2): 467, f. 1","467","2006"
