﻿ID,Major group,Family,Genus hybrid marker,Genus,Species hybrid marker,Species,Infraspecific rank,Infraspecific epithet,Authorship,Taxonomic status in TPL,Nomenclatural status from original data source,Confidence level,Source,Source id,IPNI id,Publication,Collation,Page,Date
tro-35191615,B,Lophocoleaceae,,Chiloscyphus,,"aberrans",,"","(Lindenb. & Gottsche) J.J. Engel & R.M. Schust.",Accepted,,M,TRO,35191615,,"Nova Hedwigia","39: 410","410","1984"
tro-35206944,B,Lophocoleaceae,,Chiloscyphus,,"aequifolius",,"","(Nees & Mont.) Hässel de Menéndez",Accepted,,M,TRO,35206944,,"J. Hattori Bot. Lab.","88: 245","245","2000"
tro-35191630,B,Lophocoleaceae,,Chiloscyphus,,"amplectens",,"","(Mitt.) J.J. Engel & R.M. Schust.",Accepted,,M,TRO,35191630,,"Nova Hedwigia","39: 410","410","1984"
tro-35191818,B,Lophocoleaceae,,Chiloscyphus,,"angulatus",,"","(Stephani) J.J. Engel & R.M. Schust.",Accepted,,M,TRO,35191818,,"Nova Hedwigia","39: 410","410","1984"
tro-35191819,B,Lophocoleaceae,,Chiloscyphus,,"angustistipulus",,"","(Stephani) J.J. Engel & R.M. Schust.",Accepted,,M,TRO,35191819,,"Nova Hedwigia","39: 410","410","1984"
tro-35217817,B,Lophocoleaceae,,Chiloscyphus,,"anisolobus",,"","J.J. Engel & Glenny",Accepted,,M,TRO,35217817,,"Bryologist","111: 118","","2008"
tro-35191820,B,Lophocoleaceae,,Chiloscyphus,,"anomalus",,"","(Stephani) J.J. Engel & R.M. Schust.",Accepted,,M,TRO,35191820,,"Nova Hedwigia","39: 410","410","1984"
tro-35191821,B,Lophocoleaceae,,Chiloscyphus,,"apalachicolus",,"","(R.M. Schust.) J.J. Engel & R.M. Schust.",Accepted,,M,TRO,35191821,,"Nova Hedwigia","39: 410","410","1984"
tro-35214784,B,Lophocoleaceae,,Chiloscyphus,,"aperticaulis",,"","J.J. Engel",Accepted,,M,TRO,35214784,,"J. Hattori Bot. Lab.","95: 229","229","2004"
tro-35216615,B,Lophocoleaceae,,Chiloscyphus,,"aphelophyllus",,"","Hässel de Menéndez",Accepted,,M,TRO,35216615,,"J. Hattori Bot. Lab.","98: 123","123","2005"
tro-35216616,B,Lophocoleaceae,,Chiloscyphus,,"apophyllus",,"","Hässel de Menéndez",Accepted,,M,TRO,35216616,,"J. Hattori Bot. Lab.","98: 126","126","2005"
tro-35191822,B,Lophocoleaceae,,Chiloscyphus,,"appalachianus",,"","(R.M. Schust.) J.J. Engel & R.M. Schust.",Accepted,,M,TRO,35191822,,"Nova Hedwigia","39: 410","410","1984"
tro-35191833,B,Lophocoleaceae,,Chiloscyphus,,"archeri",,"","J.J. Engel & R.M. Schust.",Accepted,,M,TRO,35191833,,"Nova Hedwigia","39: 410","410","1984"
tro-35191834,B,Lophocoleaceae,,Chiloscyphus,,"argenteus",,"","(Stephani) J.J. Engel & R.M. Schust.",Accepted,,M,TRO,35191834,,"Nova Hedwigia","39: 410","410","1984"
tro-35216586,B,Lophocoleaceae,,Chiloscyphus,,"armatistipulus",,"","Stephani",Unresolved,,L,TRO,35216586,,"Hedwigia","32: 319","319","1893"
tro-35191835,B,Lophocoleaceae,,Chiloscyphus,,"ascensionis",,"","(Stephani) J.J. Engel & R.M. Schust.",Accepted,,M,TRO,35191835,,"Nova Hedwigia","39: 410","410","1984"
tro-35209627,B,Lophocoleaceae,,Chiloscyphus,,"aselliformis",,"","(Reinw., Blume & Nees) Nees",Accepted,,M,TRO,35209627,,"Syn. Hepat.","176","176","1845"
tro-35210919,B,Lophocoleaceae,,Chiloscyphus,,"asperrimus",,"","Stephani",Unresolved,,L,TRO,35210919,,"Hedwigia","33: 1","1","1894"
tro-35191836,B,Lophocoleaceae,,Chiloscyphus,,"atrus",,"","(Gola) J.J. Engel & R.M. Schust.",Accepted,,M,TRO,35191836,,"Nova Hedwigia","39: 410","410","1984"
tro-35191837,B,Lophocoleaceae,,Chiloscyphus,,"attenuatus",,"","(Stephani) J.J. Engel & R.M. Schust.",Accepted,,M,TRO,35191837,,"Nova Hedwigia","39: 410","410","1984"
tro-35212198,B,Lophocoleaceae,,Chiloscyphus,,"australis",,"","Taylor",Unresolved,,L,TRO,35212198,,"Syn. Hepat.","189","189","1845"
tro-35187092,B,Lophocoleaceae,,Chiloscyphus,,"austrigenus",,"","(Hook. f. & Taylor) J.J. Engel & R.M. Schust.",Accepted,,M,TRO,35187092,,"Nova Hedwigia","39: 411","411","1984"
tro-35187091,B,Lophocoleaceae,,Chiloscyphus,,"austrigenus",subsp.,"okaritanus","(Stephani) J.J. Engel",Accepted,,L,TRO,35187091,,"J. Hattori Bot. Lab.","72: 113","113","1992"
tro-35191838,B,Lophocoleaceae,,Chiloscyphus,,"austro-alpinus",,"","J.J. Engel & R.M. Schust.",Accepted,,M,TRO,35191838,,"Nova Hedwigia","39: 411","411","1984"
tro-35191839,B,Lophocoleaceae,,Chiloscyphus,,"autoicus",,"","(Stephani) J.J. Engel & R.M. Schust.",Accepted,,M,TRO,35191839,,"Nova Hedwigia","39: 411","411","1984"
tro-35212202,B,Lophocoleaceae,,Chiloscyphus,,"baduinus",,"","(Nees) Nees",Accepted,,M,TRO,35212202,,"Syn. Hepat.","174","174","1845"
tro-35191840,B,Lophocoleaceae,,Chiloscyphus,,"baldwinii",,"","(Stephani) J.J. Engel & R.M. Schust.",Accepted,,M,TRO,35191840,,"Nova Hedwigia","39: 411","411","1984"
tro-35212203,B,Lophocoleaceae,,Chiloscyphus,,"banksianus",,"","Gottsche",Accepted,,M,TRO,35212203,,"Ann. Sci. Nat., Bot., sér. 4,","8: 339","339","1857"
tro-35203050,B,Lophocoleaceae,,Chiloscyphus,,"bartlettii",,"","(H.A. Mill.) J.J. Engel & R.M. Schust.",Accepted,,M,TRO,35203050,,"Nova Hedwigia","39: 411","411","1984"
tro-35191841,B,Lophocoleaceae,,Chiloscyphus,,"beecheyanus",,"","(Taylor) J.J. Engel & R.M. Schust.",Accepted,,M,TRO,35191841,,"Nova Hedwigia","39: 411","411","1984"
tro-35191842,B,Lophocoleaceae,,Chiloscyphus,,"belmoranus",,"","(Stephani) J.J. Engel & R.M. Schust.",Accepted,,M,TRO,35191842,,"Nova Hedwigia","39: 411","411","1984"
tro-35203125,B,Lophocoleaceae,,Chiloscyphus,,"bewsii",,"","(Sim) J.J. Engel & R.M. Schust.",Accepted,,M,TRO,35203125,,"Nova Hedwigia","39: 411","411","1984"
tro-35191844,B,Lophocoleaceae,,Chiloscyphus,,"bicuspidatus",,"","(Stephani) J.J. Engel & R.M. Schust.",Accepted,,M,TRO,35191844,,"Nova Hedwigia","39: 411","411","1984"
tro-35191845,B,Lophocoleaceae,,Chiloscyphus,,"bifidistipulus",,"","(Stephani) J.J. Engel & R.M. Schust.",Accepted,,M,TRO,35191845,,"Nova Hedwigia","39: 411","411","1984"
tro-35191846,B,Lophocoleaceae,,Chiloscyphus,,"bispinosus",,"","(Hook. f. & Taylor) J.J. Engel & R.M. Schust.",Accepted,,M,TRO,35191846,,"Nova Hedwigia","39: 411","411","1984"
tro-35191847,B,Lophocoleaceae,,Chiloscyphus,,"bootanensis",,"","(Stephani) J.J. Engel & R.M. Schust.",Accepted,,M,TRO,35191847,,"Nova Hedwigia","39: 411","411","1984"
tro-35191916,B,Lophocoleaceae,,Chiloscyphus,,"boulyanus",,"","(Stephani) J.J. Engel & R.M. Schust.",Accepted,,M,TRO,35191916,,"Nova Hedwigia","39: 411","411","1984"
tro-35191917,B,Lophocoleaceae,,Chiloscyphus,,"boveanus",,"","(C. Massal.) J.J. Engel & R.M. Schust.",Accepted,,M,TRO,35191917,,"Nova Hedwigia","39: 411","411","1984"
tro-35191918,B,Lophocoleaceae,,Chiloscyphus,,"bowieanus",,"","(Stephani) J.J. Engel & R.M. Schust.",Accepted,,M,TRO,35191918,,"Nova Hedwigia","39: 411","411","1984"
tro-35191919,B,Lophocoleaceae,,Chiloscyphus,,"brasiliensis",,"","(Schiffner) J.J. Engel & R.M. Schust.",Accepted,,M,TRO,35191919,,"Nova Hedwigia","39: 412","412","1984"
tro-35191921,B,Lophocoleaceae,,Chiloscyphus,,"breutelii",,"","(Gottsche) J.J. Engel & R.M. Schust.",Accepted,,M,TRO,35191921,,"Nova Hedwigia","39: 412","412","1984"
tro-35208654,B,Lophocoleaceae,,Chiloscyphus,,"breviculus",,"","B. Y. Yang & W. C. Lee",Accepted,,M,TRO,35208654,,"Misc. Bryol. Lichenol.","","",""
tro-35203352,B,Lophocoleaceae,,Chiloscyphus,,"brevis",,"","(Stephani) J.J. Engel & R.M. Schust.",Accepted,,M,TRO,35203352,,"Nova Hedwigia","39: 412","412","1984"
tro-35191922,B,Lophocoleaceae,,Chiloscyphus,,"bridelii",,"","(Lehm.) J.J. Engel & R.M. Schust.",Accepted,,M,TRO,35191922,,"Nova Hedwigia","39: 412","412","1984"
tro-100355230,B,Lophocoleaceae,,Chiloscyphus,,"brookwoodianus",,"","(Paton & Sheahan) J.J. Engel",Accepted,,M,TRO,100355230,,"Fieldiana, Bot., n.s.","48: 90","90","2010"
tro-35212942,B,Lophocoleaceae,,Chiloscyphus,,"caesius",,"","Schiffner",Unresolved,,L,TRO,35212942,,"Denkschr. Kaiserl. Akad. Wiss., Math.-Naturwiss. Kl.","70: 213","213","1900"
tro-35191923,B,Lophocoleaceae,,Chiloscyphus,,"caespitans",,"","(Stephani) J.J. Engel & R.M. Schust.",Accepted,,M,TRO,35191923,,"Nova Hedwigia","39: 412","412","1984"
tro-35191924,B,Lophocoleaceae,,Chiloscyphus,,"calcareus",,"","(Stephani) J.J. Engel & R.M. Schust.",Accepted,,M,TRO,35191924,,"Nova Hedwigia","39: 412","412","1984"
tro-35191926,B,Lophocoleaceae,,Chiloscyphus,,"carinatobifidus",,"","(Stephani) J.J. Engel & R.M. Schust.",Accepted,,M,TRO,35191926,,"Nova Hedwigia","39: 412","412","1984"
tro-35191927,B,Lophocoleaceae,,Chiloscyphus,,"cervicornis",,"","(Steph.) J.J. Engel & R.M. Schust.",Accepted,,M,TRO,35191927,,"Nova Hedwigia","39: 412","412","1984"
tro-100355241,B,Lophocoleaceae,,Chiloscyphus,,"ceylonensis",,"","J.J. Engel",Accepted,,M,TRO,100355241,,"Sp. Hepat.","48: 133","133","2010"
tro-35191928,B,Lophocoleaceae,,Chiloscyphus,,"cheesemanii",,"","(Stephani) J.J. Engel & R.M. Schust.",Accepted,,M,TRO,35191928,,"Nova Hedwigia","39: 412","412","1984"
tro-35191929,B,Lophocoleaceae,,Chiloscyphus,,"chilensis",,"","J.J. Engel & R.M. Schust.",Accepted,,M,TRO,35191929,,"Nova Hedwigia","39: 412","412","1984"
tro-100354473,B,Lophocoleaceae,,Chiloscyphus,,"chiloscyphoideus",,"","(Lindenb. ex Lehm.) Vanderpoorten, A. Schäfer-Verwimp & D.G. Long",Accepted,,M,TRO,100354473,,"Taxon","59(1): 185","185","2010"
tro-100372073,B,Lophocoleaceae,,Chiloscyphus,,"chinnarensis",,"","Manju, K.P.Rajesh & Madhusoodanan",Accepted,,M,TRO,100372073,,"Acta Bot. Hung.","53(1–2): 152","152","2011"
tro-35191930,B,Lophocoleaceae,,Chiloscyphus,,"christophersenii",,"","(S.W. Arnell) J.J. Engel & R.M. Schust.",Accepted,,M,TRO,35191930,,"Nova Hedwigia","39: 412","412","1984"
tro-35191931,B,Lophocoleaceae,,Chiloscyphus,,"ciliifer",,"","(Stephani) J.J. Engel & R.M. Schust.",Accepted,,M,TRO,35191931,,"Nova Hedwigia","39: 412","412","1984"
tro-35191932,B,Lophocoleaceae,,Chiloscyphus,,"ciliolatoides",,"","J.J. Engel & R.M. Schust.",Accepted,,M,TRO,35191932,,"Nova Hedwigia","39: 412","412","1984"
tro-35191935,B,Lophocoleaceae,,Chiloscyphus,,"ciliolatus",,"","(Nees) J.J. Engel & R.M. Schust.",Accepted,,M,TRO,35191935,,"Nova Hedwigia","39: 413","413","1984"
tro-35191938,B,Lophocoleaceae,,Chiloscyphus,,"coadunatus",,"","(Sw.) R.M. Schust. & J.J. Engel",Accepted,,M,TRO,35191938,,"Nova Hedwigia","39: 413","413","1984"
tro-35204216,B,Lophocoleaceae,,Chiloscyphus,,"coadunatus",var.,"rivularis","(Raddi) Frisvoll, Elvebakk, Flatberg & Okland",Accepted,,L,TRO,35204216,,"NINA","4: 93","93","1995"
tro-35207563,B,Lophocoleaceae,,Chiloscyphus,,"concavus",,"","(Stephani) Hässel de Menéndez",Accepted,,M,TRO,35207563,,"Lindbergia","26: 40","40","2001"
tro-35192003,B,Lophocoleaceae,,Chiloscyphus,,"concretus",,"","(Mont.) J.J. Engel & R.M. Schust.",Accepted,,M,TRO,35192003,,"Nova Hedwigia","39: 413","413","1984"
tro-35192005,B,Lophocoleaceae,,Chiloscyphus,,"congoanus",,"","(Stephani) J.J. Engel & R.M. Schust.",Accepted,,M,TRO,35192005,,"Nova Hedwigia","39: 413","413","1984"
tro-35203761,B,Lophocoleaceae,,Chiloscyphus,,"connatifolius",,"","J.J. Engel",Accepted,,M,TRO,35203761,,"Phytologia","83: 42","42","1997"
tro-35200024,B,Lophocoleaceae,,Chiloscyphus,,"connatus",,"","(Sw.) J.J. Engel & R.M. Schust.",Accepted,,M,TRO,35200024,,"Nova Hedwigia","39: 413","413","1984"
tro-35200027,B,Lophocoleaceae,,Chiloscyphus,,"convexulus",,"","(Mitt.) J.J. Engel & R.M. Schust.",Accepted,,M,TRO,35200027,,"Nova Hedwigia","39: 413","413","1984"
tro-35200263,B,Lophocoleaceae,,Chiloscyphus,,"cordifolius",,"","(Stephani) J.J. Engel & R.M. Schust.",Accepted,,M,TRO,35200263,,"Nova Hedwigia","39: 413","413","1984"
tro-35201419,B,Lophocoleaceae,,Chiloscyphus,,"corticola",,"","(Stephani) J.J. Engel & R.M. Schust.",Accepted,,M,TRO,35201419,,"Nova Hedwigia","39: 413","413","1984"
tro-35200268,B,Lophocoleaceae,,Chiloscyphus,,"costatoides",,"","J.J. Engel & R.M. Schust.",Accepted,,M,TRO,35200268,,"Nova Hedwigia","39: 413","413","1984"
tro-35201444,B,Lophocoleaceae,,Chiloscyphus,,"costatus",,"","(Nees) J.J. Engel & R.M. Schust.",Accepted,,M,TRO,35201444,,"Nova Hedwigia","39: 413","413","1984"
tro-35201465,B,Lophocoleaceae,,Chiloscyphus,,"crassicaulis",,"","(Stephani) J.J. Engel & R.M. Schust.",Accepted,,M,TRO,35201465,,"Nova Hedwigia","39: 413","413","1984"
tro-35200717,B,Lophocoleaceae,,Chiloscyphus,,"crassiretis",,"","(Herzog) Hässel de Menéndez",Accepted,,M,TRO,35200717,,"Nova Hedwigia","63: 512","512","1996"
tro-35201486,B,Lophocoleaceae,,Chiloscyphus,,"crenulifolius",,"","(Stephani) J.J. Engel & R.M. Schust.",Accepted,,M,TRO,35201486,,"Nova Hedwigia","39: 413","413","1984"
tro-35200696,B,Lophocoleaceae,,Chiloscyphus,,"ctenophyllus",,"","(Schiffner) Hässel de Menéndez",Accepted,,M,TRO,35200696,,"Nova Hedwigia","63: 502","502","1996"
tro-35200698,B,Lophocoleaceae,,Chiloscyphus,,"cucullistipulus",,"","(Stephani) Hässel de Menéndez",Accepted,,M,TRO,35200698,,"Nova Hedwigia","63: 502","502","1996"
tro-35201507,B,Lophocoleaceae,,Chiloscyphus,,"cuspidatus",,"","(Nees) J.J. Engel & R.M. Schust.",Accepted,,M,TRO,35201507,,"Nova Hedwigia","39: 413","413","1984"
tro-35202195,B,Lophocoleaceae,,Chiloscyphus,,"cuspidatus",f.,"alatus","(Gottsche, Lindenb. & Nees) J.J. Engel & R.M. Schust.",Accepted,,L,TRO,35202195,,"Nova Hedwigia","39: 413","413","1984"
tro-35201555,B,Lophocoleaceae,,Chiloscyphus,,"dallianus",,"","(Stephani) J.J. Engel & R.M. Schust.",Accepted,,M,TRO,35201555,,"Nova Hedwigia","39: 414","414","1984"
tro-35201577,B,Lophocoleaceae,,Chiloscyphus,,"decoloratus",,"","(Stephani) J.J. Engel & R.M. Schust.",Accepted,,M,TRO,35201577,,"Nova Hedwigia","39: 414","414","1984"
tro-35201598,B,Lophocoleaceae,,Chiloscyphus,,"defectistipulus",,"","(Stephani) J.J. Engel & R.M. Schust.",Accepted,,M,TRO,35201598,,"Nova Hedwigia","39: 414","414","1984"
tro-35201625,B,Lophocoleaceae,,Chiloscyphus,,"dentiflorus",,"","(Stephani) J.J. Engel & R.M. Schust.",Accepted,,M,TRO,35201625,,"Nova Hedwigia","39: 414","414","1984"
tro-35209730,B,Lophocoleaceae,,Chiloscyphus,,"deplanchei",,"","Stephani",Unresolved,,L,TRO,35209730,,"Sp. Hepat.","3: 203","203","1907"
tro-35201647,B,Lophocoleaceae,,Chiloscyphus,,"devexus",,"","(Mitt.) J.J. Engel & R.M. Schust.",Accepted,,M,TRO,35201647,,"Nova Hedwigia","39: 414","414","1984"
tro-35209731,B,Lophocoleaceae,,Chiloscyphus,,"dicyclophorus",,"","Colenso",Unresolved,,L,TRO,35209731,,"Trans. & Proc. New Zealand Inst.","21: 63","63","1889"
tro-35206335,B,Lophocoleaceae,,Chiloscyphus,,"difficilis",,"","Steph.",Accepted,,M,TRO,35206335,,"Biblioth. Bot.","87: 222. f. 161","222","1916"
tro-35201667,B,Lophocoleaceae,,Chiloscyphus,,"difformis",,"","(Nees) J.J. Engel & R.M. Schust.",Accepted,,M,TRO,35201667,,"Nova Hedwigia","39: 414","414","1984"
tro-35201690,B,Lophocoleaceae,,Chiloscyphus,,"discedens",,"","(Lehm. & Lindenb.) J.J. Engel & R.M. Schust.",Accepted,,M,TRO,35201690,,"Nova Hedwigia","39: 414","414","1984"
tro-35217778,B,Lophocoleaceae,,Chiloscyphus,,"dissitifolius",,"","(Herzog & Grolle) Hentschel & J. Heinrichs",Accepted,,M,TRO,35217778,,"Taxon","56: 1139","1139","2007"
tro-35201711,B,Lophocoleaceae,,Chiloscyphus,,"divaricatus",,"","(Hook. f. & Taylor) J.J. Engel & R.M. Schust.",Accepted,,M,TRO,35201711,,"Nova Hedwigia","39: 414","414","1984"
tro-35205347,B,Lophocoleaceae,,Chiloscyphus,,"durus",,"","(Stephani) Hässel de Menéndez",Accepted,,M,TRO,35205347,,"Revista Mus. Argent. Ci. Nat. n. ser.","1: 122","122","1999"
tro-35203762,B,Lophocoleaceae,,Chiloscyphus,,"edentatus",,"","J.J. Engel",Accepted,,M,TRO,35203762,,"Phytologia","83: 43","43","1997"
tro-35201735,B,Lophocoleaceae,,Chiloscyphus,,"elatus",,"","(Gottsche) J.J. Engel & R.M. Schust.",Accepted,,M,TRO,35201735,,"Nova Hedwigia","39: 414","414","1984"
tro-35208050,B,Lophocoleaceae,,Chiloscyphus,,"endlicherianus",,"","(Nees) Nees",Accepted,,M,TRO,35208050,,"Syn. Hepat.","184","184","1845"
tro-100375289,B,Lophocoleaceae,,Chiloscyphus,,"engelii",,"","R.L. Zhu & M.J. Lai",Accepted,,M,TRO,100375289,,"Ann. Bot. Fenn.","48: 372","372","2011"
tro-35203763,B,Lophocoleaceae,,Chiloscyphus,,"erosus",,"","J.J. Engel",Accepted,,M,TRO,35203763,,"Phytologia","83: 43","43","1997"
tro-35201757,B,Lophocoleaceae,,Chiloscyphus,,"excipulatus",,"","(Stephani) J.J. Engel & R.M. Schust.",Accepted,,M,TRO,35201757,,"Nova Hedwigia","39: 414","414","1984"
tro-35201786,B,Lophocoleaceae,,Chiloscyphus,,"excisifolius",,"","(Stephani) J.J. Engel & R.M. Schust.",Accepted,,M,TRO,35201786,,"Nova Hedwigia","39: 414","414","1984"
tro-35201808,B,Lophocoleaceae,,Chiloscyphus,,"explanatus",,"","(Mitt.) J.J. Engel & R.M. Schust.",Accepted,,M,TRO,35201808,,"Nova Hedwigia","39: 414","414","1984"
tro-35203764,B,Lophocoleaceae,,Chiloscyphus,,"fertilis",,"","J.J. Engel",Accepted,,M,TRO,35203764,,"Phytologia","83: 43","43","1997"
tro-35201831,B,Lophocoleaceae,,Chiloscyphus,,"fiordlandiae",,"","(E.A. Hodgs.) J.J. Engel & R.M. Schust.",Accepted,,M,TRO,35201831,,"Nova Hedwigia","39: 414","414","1984"
tro-35201853,B,Lophocoleaceae,,Chiloscyphus,,"fissistipulus",,"","(Stephani) J.J. Engel & R.M. Schust.",Accepted,,M,TRO,35201853,,"Nova Hedwigia","39: 415","415","1984"
tro-35217779,B,Lophocoleaceae,,Chiloscyphus,,"fissus",,"","(Mitt.) Hentschel & J. Heinrichs",Accepted,,M,TRO,35217779,,"Taxon","56: 1139","1139","2007"
tro-35201878,B,Lophocoleaceae,,Chiloscyphus,,"flavicans",,"","(Stephani) J.J. Engel & R.M. Schust.",Accepted,,M,TRO,35201878,,"Nova Hedwigia","39: 415","415","1984"
tro-100355240,B,Lophocoleaceae,,Chiloscyphus,,"fleischeri",,"","Steph.",Unresolved,,L,TRO,100355240,,"Sp. Hepat.","6: 306","306","1922"
tro-35210900,B,Lophocoleaceae,,Chiloscyphus,,"floribundus",,"","Stephani",Unresolved,,L,TRO,35210900,,"Sp. Hepat.","3: 240","240","1908"
tro-35201902,B,Lophocoleaceae,,Chiloscyphus,,"foliicola",,"","(Spruce) J.J. Engel & R.M. Schust.",Accepted,,M,TRO,35201902,,"Nova Hedwigia","39: 415","415","1984"
tro-35201923,B,Lophocoleaceae,,Chiloscyphus,,"forsythianus",,"","(Stephani) J.J. Engel & R.M. Schust.",Accepted,,M,TRO,35201923,,"Nova Hedwigia","39: 415","415","1984"
tro-35200938,B,Lophocoleaceae,,Chiloscyphus,,"fragilis",,"","(Roth) Schiffner",Accepted,,M,TRO,35200938,,"Lotos","58: 133","133","1910"
tro-35201948,B,Lophocoleaceae,,Chiloscyphus,,"fragillimus",,"","(Stephani) J.J. Engel & R.M. Schust.",Accepted,,M,TRO,35201948,,"Nova Hedwigia","39: 415","415","1984"
tro-35201968,B,Lophocoleaceae,,Chiloscyphus,,"fragmentissimus",,"","(R.M. Schust.) J.J. Engel & R.M. Schust.",Accepted,,M,TRO,35201968,,"Nova Hedwigia","39: 415","415","1984"
tro-35201987,B,Lophocoleaceae,,Chiloscyphus,,"fragrans",,"","(Moris & De Not.) J.J. Engel & R.M. Schust.",Accepted,,M,TRO,35201987,,"Nova Hedwigia","39: 415","415","1984"
tro-35204390,B,Lophocoleaceae,,Chiloscyphus,,"francanus",,"","Stephani",Unresolved,,L,TRO,35204390,,"Sp. Hepat.","6: 306","306","1922"
tro-35202007,B,Lophocoleaceae,,Chiloscyphus,,"fulvus",,"","(Stephani) J.J. Engel & R.M. Schust.",Accepted,,M,TRO,35202007,,"Nova Hedwigia","39: 415","415","1984"
tro-35202028,B,Lophocoleaceae,,Chiloscyphus,,"gaudichaudii",,"","(Mont.) J.J. Engel & R.M. Schust.",Accepted,,M,TRO,35202028,,"Nova Hedwigia","39: 415","415","1984"
tro-35202050,B,Lophocoleaceae,,Chiloscyphus,,"geheebii",,"","(Stephani) J.J. Engel & R.M. Schust.",Accepted,,M,TRO,35202050,,"Nova Hedwigia","39: 415","415","1984"
tro-35185045,B,Lophocoleaceae,,Chiloscyphus,,"gemmiparus",,"","A. Evans",Accepted,,M,TRO,35185045,,"Bryologist","41: 50","50","1938"
tro-35203624,B,Lophocoleaceae,,Chiloscyphus,,"gippslandicus",,"","J.J. Engel & R.M. Schust.",Accepted,,M,TRO,35203624,,"Nova Hedwigia","39: 415","415","1984"
tro-35202077,B,Lophocoleaceae,,Chiloscyphus,,"giulianettii",,"","(Stephani) J.J. Engel & R.M. Schust.",Accepted,,M,TRO,35202077,,"Nova Hedwigia","39: 415","415","1984"
tro-35202099,B,Lophocoleaceae,,Chiloscyphus,,"glaziovii",,"","(Stephani) J.J. Engel & R.M. Schust.",Accepted,,M,TRO,35202099,,"Nova Hedwigia","39: 415","415","1984"
tro-35202125,B,Lophocoleaceae,,Chiloscyphus,,"gottscheoides",,"","(Besch. & C. Massal.) J.J. Engel & R.M. Schust.",Accepted,,M,TRO,35202125,,"Nova Hedwigia","39: 415","415","1984"
tro-35202148,B,Lophocoleaceae,,Chiloscyphus,,"gracillimus",,"","(S.W. Arnell) J.J. Engel & R.M. Schust.",Accepted,,M,TRO,35202148,,"Nova Hedwigia","39: 415","415","1984"
tro-35202175,B,Lophocoleaceae,,Chiloscyphus,,"graeffei",,"","(J.B. Jack & Stephani) J.J. Engel & R.M. Schust.",Accepted,,M,TRO,35202175,,"Nova Hedwigia","39: 416","416","1984"
tro-35202197,B,Lophocoleaceae,,Chiloscyphus,,"granatensis",,"","(Gottsche) J.J. Engel & R.M. Schust.",Accepted,,M,TRO,35202197,,"Nova Hedwigia","39: 416","416","1984"
tro-35212331,B,Lophocoleaceae,,Chiloscyphus,,"greenwelliae",,"","(H.A. Mill.) H.A. Mill.",Accepted,,M,TRO,35212331,,"J. Hattori Bot. Lab.","30: 275","275","1967"
tro-35215937,B,Lophocoleaceae,,Chiloscyphus,,"gremmenii",,"","Váňa",Accepted,,M,TRO,35215937,,"Cryptog. Bryol.","26: 81","81","2005"
tro-35202220,B,Lophocoleaceae,,Chiloscyphus,,"griffithianus",,"","(Stephani) J.J. Engel & R.M. Schust.",Accepted,,M,TRO,35202220,,"Nova Hedwigia","39: 416","416","1984"
tro-35217780,B,Lophocoleaceae,,Chiloscyphus,,"grolleanus",,"","(Váňa) Hentschel & J. Heinrichs",Accepted,,M,TRO,35217780,,"Taxon","56: 1139","1139","2007"
tro-35202242,B,Lophocoleaceae,,Chiloscyphus,,"guadeloupensis",,"","(Stephani) J.J. Engel & R.M. Schust.",Accepted,,M,TRO,35202242,,"Nova Hedwigia","39: 416","416","1984"
tro-35202263,B,Lophocoleaceae,,Chiloscyphus,,"hahnii",,"","(Stephani) J.J. Engel & R.M. Schust.",Accepted,,M,TRO,35202263,,"Nova Hedwigia","39: 416","416","1984"
tro-35202286,B,Lophocoleaceae,,Chiloscyphus,,"hasskarlianus",,"","(Gottsche) J.J. Engel & R.M. Schust.",Accepted,,M,TRO,35202286,,"Nova Hedwigia","39: 416","416","1984"
tro-35189421,B,Lophocoleaceae,,Chiloscyphus,,"hattorii",,"","J.J. Engel",Accepted,,M,TRO,35189421,,"J. Hattori Bot. Lab.","74: 29. f. 1–2","29","1993"
tro-35202309,B,Lophocoleaceae,,Chiloscyphus,,"hawaicus",,"","(Stephani) J.J. Engel & R.M. Schust.",Accepted,,M,TRO,35202309,,"Nova Hedwigia","39: 416","416","1984"
tro-35213124,B,Lophocoleaceae,,Chiloscyphus,,"hebridensis",,"","Stephani",Unresolved,,L,TRO,35213124,,"Hedwigia","32: 323","323","1893"
tro-35211017,B,Lophocoleaceae,,Chiloscyphus,,"helferi",,"","Corda",Unresolved,,L,TRO,35211017,,"Nov. Stirp. Pug.","","","1829"
tro-35202325,B,Lophocoleaceae,,Chiloscyphus,,"helmsianus",,"","(Stephani) J.J. Engel & R.M. Schust.",Accepted,,M,TRO,35202325,,"Nova Hedwigia","39: 416","416","1984"
tro-35201361,B,Lophocoleaceae,,Chiloscyphus,,"herzogii",,"","J.J. Engel & R.M. Schust.",Accepted,,M,TRO,35201361,,"Nova Hedwigia","39: 416","416","1984"
tro-35202350,B,Lophocoleaceae,,Chiloscyphus,,"heteromorphus",,"","(Stephani) J.J. Engel & R.M. Schust.",Accepted,,M,TRO,35202350,,"Nova Hedwigia","39: 416","416","1984"
tro-35200699,B,Lophocoleaceae,,Chiloscyphus,,"heterostipus",,"","(Spruce) Hässel de Menéndez",Accepted,,M,TRO,35200699,,"Nova Hedwigia","63: 504","504","1996"
tro-35202373,B,Lophocoleaceae,,Chiloscyphus,,"hians",,"","(Stephani) J.J. Engel & R.M. Schust.",Accepted,,M,TRO,35202373,,"Nova Hedwigia","39: 416","416","1984"
tro-100355227,B,Lophocoleaceae,,Chiloscyphus,,"himalayensis",,"","(A. Srivast. & S.C. Srivast.) J.J. Engel",Accepted,,M,TRO,100355227,,"Fieldiana, Bot., n.s.","48: 20","20","2010"
tro-35202394,B,Lophocoleaceae,,Chiloscyphus,,"hirticalyx",,"","(Stephani) J.J. Engel & R.M. Schust.",Accepted,,M,TRO,35202394,,"Nova Hedwigia","39: 416","416","1984"
tro-35208283,B,Lophocoleaceae,,Chiloscyphus,,"hookeri",,"","J.J. Engel",Accepted,,M,TRO,35208283,,"J. Hattori Bot. Lab.","36: 150. pl. 1–2","150","1972"
tro-35202416,B,Lophocoleaceae,,Chiloscyphus,,"horikawanus",,"","(S. Hatt.) J.J. Engel & R.M. Schust.",Accepted,,M,TRO,35202416,,"Nova Hedwigia","39: 416","416","1984"
tro-35202440,B,Lophocoleaceae,,Chiloscyphus,,"howeanus",,"","(Stephani) J.J. Engel & R.M. Schust.",Accepted,,M,TRO,35202440,,"Nova Hedwigia","39: 416","416","1984"
tro-35202462,B,Lophocoleaceae,,Chiloscyphus,,"humifusus",,"","(Hook. f. & Taylor) J.J. Engel & R.M. Schust.",Accepted,,M,TRO,35202462,,"Nova Hedwigia","39: 416","416","1984"
tro-35200701,B,Lophocoleaceae,,Chiloscyphus,,"humilis",,"","(Hook. f. & Taylor) Hässel de Menéndez",Accepted,,M,TRO,35200701,,"Nova Hedwigia","63: 504","504","1996"
tro-35202486,B,Lophocoleaceae,,Chiloscyphus,,"humistratus",,"","(Hook. f. & Taylor) J.J. Engel & R.M. Schust.",Accepted,,M,TRO,35202486,,"Nova Hedwigia","39: 417","417","1984"
tro-35202511,B,Lophocoleaceae,,Chiloscyphus,,"hyalinus",,"","(Stephani) J.J. Engel & R.M. Schust.",Accepted,,M,TRO,35202511,,"Nova Hedwigia","39: 417","417","1984"
tro-35202538,B,Lophocoleaceae,,Chiloscyphus,,"inflexifolius",,"","(Stephani) J.J. Engel & R.M. Schust.",Accepted,,M,TRO,35202538,,"Nova Hedwigia","39: 417","417","1984"
tro-35202561,B,Lophocoleaceae,,Chiloscyphus,,"inflexispinus",,"","(Hook. f. & Taylor) J.J. Engel & R.M. Schust.",Accepted,,M,TRO,35202561,,"Nova Hedwigia","39: 417","417","1984"
tro-35202587,B,Lophocoleaceae,,Chiloscyphus,,"innovatus",,"","(E.A. Hodgs.) J.J. Engel & R.M. Schust.",Accepted,,M,TRO,35202587,,"Nova Hedwigia","39: 417","417","1984"
tro-35202605,B,Lophocoleaceae,,Chiloscyphus,,"insularis",,"","(Stephani) J.J. Engel & R.M. Schust.",Accepted,,M,TRO,35202605,,"Nova Hedwigia","39: 417","417","1984"
tro-35208286,B,Lophocoleaceae,,Chiloscyphus,,"integrifolius",,"","(Lehm. & Lindenb.) Gottsche, Lindenb. & Nees",Accepted,,M,TRO,35208286,,"Syn. Hepat.","180","180","1845"
tro-35202626,B,Lophocoleaceae,,Chiloscyphus,,"integristipulus",,"","(Stephani) J.J. Engel & R.M. Schust.",Accepted,,M,TRO,35202626,,"Nova Hedwigia","39: 417","417","1984"
tro-35202650,B,Lophocoleaceae,,Chiloscyphus,,"itoanus",,"","(Inoue) J.J. Engel & R.M. Schust.",Accepted,,M,TRO,35202650,,"Nova Hedwigia","39: 417","417","1984"
tro-35213129,B,Lophocoleaceae,,Chiloscyphus,,"jackii",,"","Stephani",Unresolved,,L,TRO,35213129,,"Bot. Centralbl.","60: 102","102","1894"
tro-35213128,B,Lophocoleaceae,,Chiloscyphus,,"japonicus",,"","Stephani",Unresolved,,L,TRO,35213128,,"Sp. Hepat.","3: 207","207","1907"
tro-35213127,B,Lophocoleaceae,,Chiloscyphus,,"javanicus",,"","Stephani",Unresolved,,L,TRO,35213127,,"Sp. Hepat.","6: 308","308","1922"
tro-35202700,B,Lophocoleaceae,,Chiloscyphus,,"jelinekii",,"","(Reichardt) J.J. Engel & R.M. Schust.",Accepted,,M,TRO,35202700,,"Nova Hedwigia","39: 417","417","1984"
tro-35213069,B,Lophocoleaceae,,Chiloscyphus,,"kashyapii",,"","A. Srivast. & S.C. Srivast.",Accepted,,M,TRO,35213069,,"Indian Geocalycaceae","34","34","2002"
tro-35212814,B,Lophocoleaceae,,Chiloscyphus,,"kegelii",,"","Stephani",Unresolved,,L,TRO,35212814,,"Hedwigia","29: 91","91","1890"
tro-35203281,B,Lophocoleaceae,,Chiloscyphus,,"kehdingianus",,"","(Stephani) N. Kitag.",Accepted,,M,TRO,35203281,,"Hikobia, Suppl.","1: 68","68","1981"
tro-35202727,B,Lophocoleaceae,,Chiloscyphus,,"kerguelensis",,"","(Gottsche ex Stephani) J.J. Engel & R.M. Schust.",Accepted,,M,TRO,35202727,,"Nova Hedwigia","39: 417","417","1984"
tro-35203752,B,Lophocoleaceae,,Chiloscyphus,,"koponenii",,"","Piippo",Accepted,,M,TRO,35203752,,"Ann. Bot. Fenn.","35: 55. f. 1","55","1998"
tro-35202746,B,Lophocoleaceae,,Chiloscyphus,,"kurzii",,"","(Sande Lac.) J.J. Engel & R.M. Schust.",Accepted,,M,TRO,35202746,,"Nova Hedwigia","39: 417","417","1984"
tro-35202767,B,Lophocoleaceae,,Chiloscyphus,,"laceristipulus",,"","(Stephani) J.J. Engel & R.M. Schust.",Accepted,,M,TRO,35202767,,"Nova Hedwigia","39: 417","417","1984"
tro-35212333,B,Lophocoleaceae,,Chiloscyphus,,"lambertonii",,"","H.A. Mill.",Unresolved,,L,TRO,35212333,,"Ark. Bot., n.s.,","5: 506","506","1963"
tro-35202792,B,Lophocoleaceae,,Chiloscyphus,,"latifolius",,"","(Nees) J.J. Engel & R.M. Schust.",Accepted,,M,TRO,35202792,,"Nova Hedwigia","39: 418","418","1984"
tro-35202815,B,Lophocoleaceae,,Chiloscyphus,,"latistipulus",,"","(Stephani) J.J. Engel & R.M. Schust.",Accepted,,M,TRO,35202815,,"Nova Hedwigia","39: 418","418","1984"
tro-35210913,B,Lophocoleaceae,,Chiloscyphus,,"lauterbachii",,"","Stephani",Unresolved,,L,TRO,35210913,,"Sp. Hepat.","3: 211","211","1907"
tro-35202834,B,Lophocoleaceae,,Chiloscyphus,,"laxissimus",,"","(Herzog) J.J. Engel & R.M. Schust.",Accepted,,M,TRO,35202834,,"Nova Hedwigia","39: 418","418","1984"
tro-35202856,B,Lophocoleaceae,,Chiloscyphus,,"ledermannii",,"","(Stephani) J.J. Engel & R.M. Schust.",Accepted,,M,TRO,35202856,,"Nova Hedwigia","39: 418","418","1984"
tro-35202861,B,Lophocoleaceae,,Chiloscyphus,,"lentus",,"","(Hook. f. & Taylor) J.J. Engel & R.M. Schust.",Accepted,,M,TRO,35202861,,"Nova Hedwigia","39: 418","418","1984"
tro-35202901,B,Lophocoleaceae,,Chiloscyphus,,"lepervanchei",,"","(Stephani) J.J. Engel & R.M. Schust.",Accepted,,M,TRO,35202901,,"Nova Hedwigia","39: 418","418","1984"
tro-35202921,B,Lophocoleaceae,,Chiloscyphus,,"leptanthus",,"","(Hook. f. & Taylor) J.J. Engel & R.M. Schust.",Accepted,,M,TRO,35202921,,"Nova Hedwigia","39: 418","418","1984"
tro-35201422,B,Lophocoleaceae,,Chiloscyphus,,"leratii",,"","J.J. Engel & R.M. Schust.",Accepted,,M,TRO,35201422,,"Nova Hedwigia","39: 418","418","1984"
tro-35213856,B,Lophocoleaceae,,Chiloscyphus,,"levieri",,"","Stephani",Unresolved,,L,TRO,35213856,,"Sp. Hepat.","3: 248","248","1908"
tro-35202944,B,Lophocoleaceae,,Chiloscyphus,,"liebmannianus",,"","(Gottsche) J.J. Engel & R.M. Schust.",Accepted,,M,TRO,35202944,,"Nova Hedwigia","39: 418","418","1984"
tro-35202966,B,Lophocoleaceae,,Chiloscyphus,,"lillienus",,"","(Stephani) J.J. Engel & R.M. Schust.",Accepted,,M,TRO,35202966,,"Nova Hedwigia","39: 418","418","1984"
tro-35202983,B,Lophocoleaceae,,Chiloscyphus,,"lindmannii",,"","(Stephani) J.J. Engel & R.M. Schust.",Accepted,,M,TRO,35202983,,"Nova Hedwigia","39: 418","418","1984"
tro-35203003,B,Lophocoleaceae,,Chiloscyphus,,"longiciliatus",,"","(Herzog) J.J. Engel & R.M. Schust.",Accepted,,M,TRO,35203003,,"Nova Hedwigia","39: 418","418","1984"
tro-35203022,B,Lophocoleaceae,,Chiloscyphus,,"longistipulus",,"","(Stephani) J.J. Engel & R.M. Schust.",Accepted,,M,TRO,35203022,,"Nova Hedwigia","39: 418","418","1984"
tro-35212334,B,Lophocoleaceae,,Chiloscyphus,,"lophocoleoides",,"","Nees",Unresolved,,L,TRO,35212334,,"Naturgesch. Eur. Leberm.","2: 265","265","1836"
tro-35211955,B,Lophocoleaceae,,Chiloscyphus,,"lucidus",,"","(Spreng. ex Lehm. & Lindenb.) Nees",Accepted,,M,TRO,35211955,,"Syn. Hepat.","182","182","1845"
tro-35203048,B,Lophocoleaceae,,Chiloscyphus,,"macrolobus",,"","(Stephani) J.J. Engel & R.M. Schust.",Accepted,,M,TRO,35203048,,"Nova Hedwigia","39: 418","418","1984"
tro-35203073,B,Lophocoleaceae,,Chiloscyphus,,"macrostipulus",,"","(Stephani) J.J. Engel & R.M. Schust.",Accepted,,M,TRO,35203073,,"Nova Hedwigia","39: 418","418","1984"
tro-35203100,B,Lophocoleaceae,,Chiloscyphus,,"madagascariensis",,"","(Gottsche) J.J. Engel & R.M. Schust.",Accepted,,M,TRO,35203100,,"Nova Hedwigia","39: 419","419","1984"
tro-35201895,B,Lophocoleaceae,,Chiloscyphus,,"magellanicus",,"","Stephani",Accepted,,M,TRO,35201895,,"Sp. Hepat.","3: 256","256","1908"
tro-35203123,B,Lophocoleaceae,,Chiloscyphus,,"maluanus",,"","(Stephani) J.J. Engel & R.M. Schust.",Accepted,,M,TRO,35203123,,"Nova Hedwigia","39: 419","419","1984"
tro-35206415,B,Lophocoleaceae,,Chiloscyphus,,"mancus",,"","Mont.",Accepted,,M,TRO,35206415,,"Syll. Gen. Sp. Crypt.","63","63","1856"
tro-35203148,B,Lophocoleaceae,,Chiloscyphus,,"mandonii",,"","(Stephani) J.J. Engel & R.M. Schust.",Accepted,,M,TRO,35203148,,"Nova Hedwigia","39: 419","419","1984"
tro-35200720,B,Lophocoleaceae,,Chiloscyphus,,"marginatus",,"","(Stephani) Hässel de Menéndez",Accepted,,M,TRO,35200720,,"Nova Hedwigia","63: 513","513","1996"
tro-35203172,B,Lophocoleaceae,,Chiloscyphus,,"martianus",,"","(Nees) J.J. Engel & R.M. Schust.",Accepted,,M,TRO,35203172,,"Nova Hedwigia","39: 419","419","1984"
tro-35212335,B,Lophocoleaceae,,Chiloscyphus,,"mascarenensis",,"","S.W. Arnell",Accepted,,M,TRO,35212335,,"Svensk Bot. Tidskr.","59: 71","71","1965"
tro-35200267,B,Lophocoleaceae,,Chiloscyphus,,"massalongoanus",,"","Stephani",Unresolved,,L,TRO,35200267,,"Hedwigia","32: 325","325","1893"
tro-100355234,B,Lophocoleaceae,,Chiloscyphus,,"mediinfrons",,"","J.J. Engel & Braggins",Accepted,,M,TRO,100355234,,"Fieldiana, Bot., n.s.","48: 119","119","2010"
tro-35201383,B,Lophocoleaceae,,Chiloscyphus,,"micholitzii",,"","J.J. Engel & R.M. Schust.",Accepted,,M,TRO,35201383,,"Nova Hedwigia","39: 419","419","1984"
tro-35203193,B,Lophocoleaceae,,Chiloscyphus,,"micronesicus",,"","(Inoue & H.A. Mill.) J.J. Engel & R.M. Schust.",Accepted,,M,TRO,35203193,,"Nova Hedwigia","39: 419","419","1984"
tro-35191851,B,Lophocoleaceae,,Chiloscyphus,,"microstipulus",,"","Stephani",Unresolved,,L,TRO,35191851,,"Sp. Hepat.","6: 311","311","1922"
tro-35190842,B,Lophocoleaceae,,Chiloscyphus,,"minor",,"","(Nees) J.J. Engel & R.M. Schust.",Accepted,,M,TRO,35190842,,"Nova Hedwigia","39: 419","419","1984"
tro-35206813,B,Lophocoleaceae,,Chiloscyphus,,"minor",var.,"chinensis","(C. Massal.) Piippo",Accepted,,L,TRO,35206813,,"J. Hattori Bot. Lab.","68: 133","133","1990"
tro-35200703,B,Lophocoleaceae,,Chiloscyphus,,"minutiretis",,"","(J.J. Engel & Grolle) Hässel de Menéndez",Accepted,,M,TRO,35200703,,"Nova Hedwigia","63: 505","505","1996"
tro-35203239,B,Lophocoleaceae,,Chiloscyphus,,"minutistipulus",,"","(Stephani) J.J. Engel & R.M. Schust.",Accepted,,M,TRO,35203239,,"Nova Hedwigia","39: 419","419","1984"
tro-35207192,B,Lophocoleaceae,,Chiloscyphus,,"mittenianus",,"","(Colenso) J.J. Engel",Accepted,,M,TRO,35207192,,"Bryologist","94: 312","312","1991"
tro-35203262,B,Lophocoleaceae,,Chiloscyphus,,"mollis",,"","(Nees) J.J. Engel & R.M. Schust.",Accepted,,M,TRO,35203262,,"Nova Hedwigia","39: 419","419","1984"
tro-35200704,B,Lophocoleaceae,,Chiloscyphus,,"moniliformis",,"","(J.J. Engel) Hässel de Menéndez",Accepted,,M,TRO,35200704,,"Nova Hedwigia","63: 506","506","1996"
tro-35201398,B,Lophocoleaceae,,Chiloscyphus,,"monoicus",,"","J.J. Engel & R.M. Schust.",Accepted,,M,TRO,35201398,,"Nova Hedwigia","39: 419","419","1984"
tro-35203283,B,Lophocoleaceae,,Chiloscyphus,,"mooreanus",,"","(Stephani) J.J. Engel & R.M. Schust.",Accepted,,M,TRO,35203283,,"Nova Hedwigia","39: 419","419","1984"
tro-100355229,B,Lophocoleaceae,,Chiloscyphus,,"morobeanus",,"","(Piippo) J.J. Engel",Unresolved,,L,TRO,100355229,,"Fieldiana, Bot., n.s.","48: 74","74","2010"
tro-35218137,B,Lophocoleaceae,,Chiloscyphus,,"morobeanus",,"","(Piippo) Gradst.",Accepted,,M,TRO,35218137,,"Blumea","54: 288","288","2009"
tro-35184730,B,Lophocoleaceae,,Chiloscyphus,,"multipennus",,"","(Hook. f. & Taylor) J.J. Engel & R.M. Schust.",Accepted,,M,TRO,35184730,,"Nova Hedwigia","39: 319","319","1984"
tro-35203326,B,Lophocoleaceae,,Chiloscyphus,,"muricatus",,"","(Lehm.) J.J. Engel & R.M. Schust.",Accepted,,M,TRO,35203326,,"Nova Hedwigia","39: 419","419","1984"
tro-35203351,B,Lophocoleaceae,,Chiloscyphus,,"nakajimae",,"","(S. Hatt. & Inoue) J.J. Engel & R.M. Schust.",Accepted,,M,TRO,35203351,,"Nova Hedwigia","39: 419","419","1984"
tro-35200707,B,Lophocoleaceae,,Chiloscyphus,,"navicularis",,"","(Stephani) Hässel de Menéndez",Accepted,,M,TRO,35200707,,"Nova Hedwigia","63: 506","506","1996"
tro-35200709,B,Lophocoleaceae,,Chiloscyphus,,"navistipulus",,"","(Stephani) Hässel de Menéndez",Accepted,,M,TRO,35200709,,"Nova Hedwigia","63: 506","506","1996"
tro-35209729,B,Lophocoleaceae,,Chiloscyphus,,"nesnifolius",,"","De Not.",Unresolved,,L,TRO,35209729,,"Epat. Borneo","23","23","1874"
tro-35201438,B,Lophocoleaceae,,Chiloscyphus,,"novae-caledoniae",,"","J.J. Engel & R.M. Schust.",Accepted,,M,TRO,35201438,,"Nova Hedwigia","39: 419","419","1984"
tro-35203373,B,Lophocoleaceae,,Chiloscyphus,,"novae-zeelandiae",,"","(Lehm. & Lindenb.) J.J. Engel & R.M. Schust.",Accepted,,M,TRO,35203373,,"Nova Hedwigia","39: 420","420","1984"
tro-35207334,B,Lophocoleaceae,,Chiloscyphus,,"novae-zeelandiae",var.,"grandistipulus","(Schiffner) J.J. Engel",Accepted,,L,TRO,35207334,,"Contr. Univ. Michigan Herb.","18: 109","109","1992"
tro-35207333,B,Lophocoleaceae,,Chiloscyphus,,"novae-zeelandiae",var.,"meridionalis","(Stephani) J.J. Engel",Accepted,,L,TRO,35207333,,"Contr. Univ. Michigan Herb.","18: 109","109","1992"
tro-35212903,B,Lophocoleaceae,,Chiloscyphus,,"oblatistipulus",,"","Herzog",Accepted,,M,TRO,35212903,,"Mitt. Inst. Allg. Bot. Hamburg","7: 189","189","1931"
tro-35216585,B,Lophocoleaceae,,Chiloscyphus,,"oblongifolius",,"","Gottsche",Unresolved,,L,TRO,35216585,,"Bryol. Eur.","","","1847"
tro-35200711,B,Lophocoleaceae,,Chiloscyphus,,"obvolutus",,"","(Hook. f. & Taylor) Hässel de Menéndez",Accepted,,M,TRO,35200711,,"Nova Hedwigia","63: 508","508","1996"
tro-35218059,B,Lophocoleaceae,,Chiloscyphus,,"obvolutus",var.,"cookianus","(C. Massal.) Hässel de Menéndez",Accepted,,L,TRO,35218059,,"Beih. Nova Hedwigia","134: 474","474","2009"
tro-35203395,B,Lophocoleaceae,,Chiloscyphus,,"occidentalis",,"","(Stephani) J.J. Engel & R.M. Schust.",Accepted,,M,TRO,35203395,,"Nova Hedwigia","39: 420","420","1984"
tro-35205483,B,Lophocoleaceae,,Chiloscyphus,,"odoratus",,"","Mitt.",Unresolved,,L,TRO,35205483,,"Fl. Nov.-Zel.","2: 140","140","1855"
tro-35203420,B,Lophocoleaceae,,Chiloscyphus,,"ofquiensis",,"","(Herzog) J.J. Engel & R.M. Schust.",Accepted,,M,TRO,35203420,,"Nova Hedwigia","39: 420","420","1984"
tro-35203445,B,Lophocoleaceae,,Chiloscyphus,,"okaritanus",,"","(Stephani) J.J. Engel & R.M. Schust.",Accepted,,M,TRO,35203445,,"Nova Hedwigia","39: 420","420","1984"
tro-35203467,B,Lophocoleaceae,,Chiloscyphus,,"oldfieldianus",,"","(Stephani) J.J. Engel & R.M. Schust.",Accepted,,M,TRO,35203467,,"Nova Hedwigia","39: 420","420","1984"
tro-35203492,B,Lophocoleaceae,,Chiloscyphus,,"olivaceus",,"","(Stephani) J.J. Engel & R.M. Schust.",Accepted,,M,TRO,35203492,,"Nova Hedwigia","39: 420","420","1984"
tro-35203516,B,Lophocoleaceae,,Chiloscyphus,,"orbignianus",,"","(Nees & Mont.) J.J. Engel & R.M. Schust.",Accepted,,M,TRO,35203516,,"Nova Hedwigia","39: 420","420","1984"
tro-35187155,B,Lophocoleaceae,,Chiloscyphus,,"orizabensis",,"","Gottsche",Unresolved,,L,TRO,35187155,,"Mexik. Leverm.","117","117","1863"
tro-35203536,B,Lophocoleaceae,,Chiloscyphus,,"otiphyllus",,"","(Hook. f. & Taylor) J.J. Engel & R.M. Schust.",Accepted,,M,TRO,35203536,,"Nova Hedwigia","39: 420","420","1984"
tro-35185046,B,Lophocoleaceae,,Chiloscyphus,,"pallescens",,"","(Ehrh. ex Hoffm.) Dumort.",Accepted,,M,TRO,35185046,,"Syll. Jungerm. Europ.","67","67","1831"
tro-35185048,B,Lophocoleaceae,,Chiloscyphus,,"pallescens",var.,"fragilis","(Roth) K. Müller",Accepted,,L,TRO,35185048,,"Ber. Deutsch. Bot. Ges.","59: 429","429","1942"
tro-35208288,B,Lophocoleaceae,,Chiloscyphus,,"pallidovirens",,"","(Hook. f. & Taylor) Gottsche, Lindenb. & Nees",Accepted,,M,TRO,35208288,,"Syn. Hepat.","178","178","1845"
tro-35184731,B,Lophocoleaceae,,Chiloscyphus,,"pallidus",,"","(Mitt.) J.J. Engel & R.M. Schust.",Accepted,,M,TRO,35184731,,"Nova Hedwigia","39: 420","420","1984"
tro-35203579,B,Lophocoleaceae,,Chiloscyphus,,"papulimarginatus",,"","(H.A. Mill.) J.J. Engel & R.M. Schust.",Accepted,,M,TRO,35203579,,"Nova Hedwigia","39: 420","420","1984"
tro-35201461,B,Lophocoleaceae,,Chiloscyphus,,"paroicus",,"","J.J. Engel & R.M. Schust.",Accepted,,M,TRO,35201461,,"Nova Hedwigia","39: 420","420","1984"
tro-35203767,B,Lophocoleaceae,,Chiloscyphus,,"parvispineus",,"","J.J. Engel",Accepted,,M,TRO,35203767,,"Phytologia","83: 44","44","1997"
tro-35206336,B,Lophocoleaceae,,Chiloscyphus,,"parvistipulus",,"","Stephani",Accepted,,M,TRO,35206336,,"Sp. Hepat.","6:","","1922"
tro-35203601,B,Lophocoleaceae,,Chiloscyphus,,"parvus",,"","(Stephani) J.J. Engel & R.M. Schust.",Accepted,,M,TRO,35203601,,"Nova Hedwigia","39: 420","420","1984"
tro-35203627,B,Lophocoleaceae,,Chiloscyphus,,"patulistipus",,"","(Stephani) J.J. Engel & R.M. Schust.",Accepted,,M,TRO,35203627,,"Nova Hedwigia","39: 421","421","1984"
tro-35201488,B,Lophocoleaceae,,Chiloscyphus,,"pearsonii",,"","J.J. Engel & R.M. Schust.",Accepted,,M,TRO,35201488,,"Nova Hedwigia","39: 421","421","1984"
tro-35201359,B,Lophocoleaceae,,Chiloscyphus,,"perissodontus",,"","(Spruce) J.J. Engel & R.M. Schust.",Accepted,,M,TRO,35201359,,"Nova Hedwigia","39: 421","421","1984"
tro-35187088,B,Lophocoleaceae,,Chiloscyphus,,"perpusillus",,"","(Hook. f. & Taylor) J.J. Engel",Accepted,,M,TRO,35187088,,"Contr. Univ. Michigan Herb.","18: 110","110","1992"
tro-35201510,B,Lophocoleaceae,,Chiloscyphus,,"philippinensis",,"","J.J. Engel & R.M. Schust.",Accepted,,M,TRO,35201510,,"Nova Hedwigia","39: 421","421","1984"
tro-35201380,B,Lophocoleaceae,,Chiloscyphus,,"pilistipulus",,"","(Stephani) J.J. Engel & R.M. Schust.",Accepted,,M,TRO,35201380,,"Nova Hedwigia","39: 421","421","1984"
tro-35201401,B,Lophocoleaceae,,Chiloscyphus,,"pinnatistipulus",,"","(Steph.) J.J. Engel & R.M. Schust.",Accepted,,M,TRO,35201401,,"Nova Hedwigia","39: 421","421","1984"
tro-35201418,B,Lophocoleaceae,,Chiloscyphus,,"planiusculus",,"","(Hook. f. & Taylor) J.J. Engel & R.M. Schust.",Accepted,,M,TRO,35201418,,"Nova Hedwigia","39: 421","421","1984"
tro-35201443,B,Lophocoleaceae,,Chiloscyphus,,"platensis",,"","J.J. Engel & R.M. Schust.",Accepted,,M,TRO,35201443,,"Nova Hedwigia","39: 421","421","1984"
tro-35185049,B,Lophocoleaceae,,Chiloscyphus,,"polyanthos",,"","(L.) Corda",Accepted,,M,TRO,35185049,,"Naturalientausch","12: 651","651","1829"
tro-35190898,B,Lophocoleaceae,,Chiloscyphus,,"polyblepharis",,"","Spruce",Accepted,,M,TRO,35190898,,"Trans. & Proc. Bot. Soc. Edinburgh","15: 442","442","1885"
tro-35201464,B,Lophocoleaceae,,Chiloscyphus,,"polychaetus",,"","(Spruce) J.J. Engel & R.M. Schust.",Accepted,,M,TRO,35201464,,"Nova Hedwigia","39: 421","421","1984"
tro-35206337,B,Lophocoleaceae,,Chiloscyphus,,"porphyrius",,"","Nees",Unresolved,,L,TRO,35206337,,"Syn. Hepat.","185","185","1845"
tro-35209912,B,Lophocoleaceae,,Chiloscyphus,,"pringlei",,"","Stephani",Unresolved,,L,TRO,35209912,,"Sp. Hepat.","","","1922"
tro-35201485,B,Lophocoleaceae,,Chiloscyphus,,"profundus",,"","(Nees) J.J. Engel & R.M. Schust.",Accepted,,M,TRO,35201485,,"Nova Hedwigia","39: 421","421","1984"
tro-35201506,B,Lophocoleaceae,,Chiloscyphus,,"proteus",,"","(Herzog) J.J. Engel & R.M. Schust.",Accepted,,M,TRO,35201506,,"Nova Hedwigia","39: 421","421","1984"
tro-35200713,B,Lophocoleaceae,,Chiloscyphus,,"puccioanus",,"","(De Not.) Hässel de Menéndez",Accepted,,M,TRO,35200713,,"Nova Hedwigia","63: 510","510","1996"
tro-35210920,B,Lophocoleaceae,,Chiloscyphus,,"purpureus",,"","Stephani",Unresolved,,L,TRO,35210920,,"Sp. Hepat.","6: 312","312","1922"
tro-35201531,B,Lophocoleaceae,,Chiloscyphus,,"pusillus",,"","(Stephani) J.J. Engel & R.M. Schust.",Accepted,,M,TRO,35201531,,"Nova Hedwigia","39: 421","421","1984"
tro-35201554,B,Lophocoleaceae,,Chiloscyphus,,"pycnophyllus",,"","(Spruce) J.J. Engel & R.M. Schust.",Accepted,,M,TRO,35201554,,"Nova Hedwigia","39: 421","421","1984"
tro-35201576,B,Lophocoleaceae,,Chiloscyphus,,"quadridentatus",,"","(Spruce) J.J. Engel & R.M. Schust.",Accepted,,M,TRO,35201576,,"Nova Hedwigia","39: 422","422","1984"
tro-35216341,B,Lophocoleaceae,,Chiloscyphus,,"rabenhorstii",,"","Stephani",Unresolved,,L,TRO,35216341,,"Sp. Hepat.","3: 227","227","1907"
tro-35201597,B,Lophocoleaceae,,Chiloscyphus,,"randii",,"","(S.W. Arnell) J.J. Engel & R.M. Schust.",Accepted,,M,TRO,35201597,,"Nova Hedwigia","39: 422","422","1984"
tro-35201624,B,Lophocoleaceae,,Chiloscyphus,,"rarus",,"","(Stephani) J.J. Engel & R.M. Schust.",Accepted,,M,TRO,35201624,,"Nova Hedwigia","39: 422","422","1984"
tro-35201646,B,Lophocoleaceae,,Chiloscyphus,,"rectangularis",,"","(Herzog) J.J. Engel & R.M. Schust.",Accepted,,M,TRO,35201646,,"Nova Hedwigia","39: 422","422","1984"
tro-35201666,B,Lophocoleaceae,,Chiloscyphus,,"reflexistipulus",,"","(Stephani) J.J. Engel & R.M. Schust.",Accepted,,M,TRO,35201666,,"Nova Hedwigia","39: 422","422","1984"
tro-35203832,B,Lophocoleaceae,,Chiloscyphus,,"regularis",,"","Stephani",Unresolved,,L,TRO,35203832,,"Hedwigia","32: 325","325","1893"
tro-35213130,B,Lophocoleaceae,,Chiloscyphus,,"renauldii",,"","Stephani",Unresolved,,L,TRO,35213130,,"Sp. Hepat.","3: 223","223","1907"
tro-35208293,B,Lophocoleaceae,,Chiloscyphus,,"retroversus",,"","Schiffner",Unresolved,,L,TRO,35208293,,"Forschungsr. Gazelle","4(4): 15. pl. 3: 17–19","15","1890"
tro-35200939,B,Lophocoleaceae,,Chiloscyphus,,"rivularis",,"","(Schrad.) Hazsl.",Accepted,,M,TRO,35200939,,"Magyar Bir. Moh-fl.","47","47","1885"
tro-35210873,B,Lophocoleaceae,,Chiloscyphus,,"rotundifolius",,"","Mitt.",Accepted,,M,TRO,35210873,,"Rep. Challenger, Bot.","1(3): 85","85","1884"
tro-35202800,B,Lophocoleaceae,,Chiloscyphus,,"rotundiphyllus",,"","H.A. Mill.",Accepted,,M,TRO,35202800,,"Phytologia","47: 321","321","1981"
tro-35201689,B,Lophocoleaceae,,Chiloscyphus,,"rupicola",,"","(Stephani) J.J. Engel & R.M. Schust.",Accepted,,M,TRO,35201689,,"Nova Hedwigia","39: 422","422","1984"
tro-35201710,B,Lophocoleaceae,,Chiloscyphus,,"sabuletorum",,"","(Hook. f. & Taylor) J.J. Engel & R.M. Schust.",Accepted,,M,TRO,35201710,,"Nova Hedwigia","39: 422","422","1984"
tro-35201734,B,Lophocoleaceae,,Chiloscyphus,,"salacensis",,"","(Stephani) J.J. Engel & R.M. Schust.",Accepted,,M,TRO,35201734,,"Nova Hedwigia","39: 422","422","1984"
tro-35201532,B,Lophocoleaceae,,Chiloscyphus,,"samoanus",,"","J.J. Engel & R.M. Schust.",Accepted,,M,TRO,35201532,,"Nova Hedwigia","39: 422","422","1984"
tro-35201756,B,Lophocoleaceae,,Chiloscyphus,,"savesianus",,"","(Stephani) J.J. Engel & R.M. Schust.",Accepted,,M,TRO,35201756,,"Nova Hedwigia","39: 422","422","1984"
tro-35201645,B,Lophocoleaceae,,Chiloscyphus,,"saxicola",,"","(P. Beauv.) J.J. Engel & R.M. Schust.",Accepted,,M,TRO,35201645,,"Nova Hedwigia","39: 422","422","1984"
tro-35201549,B,Lophocoleaceae,,Chiloscyphus,,"schiffneri",,"","J.J. Engel & R.M. Schust.",Accepted,,M,TRO,35201549,,"Nova Hedwigia","39: 422","422","1984"
tro-35201785,B,Lophocoleaceae,,Chiloscyphus,,"sellingii",,"","(S.W. Arnell) J.J. Engel & R.M. Schust.",Accepted,,M,TRO,35201785,,"Nova Hedwigia","39: 422","422","1984"
tro-35187085,B,Lophocoleaceae,,Chiloscyphus,,"semiteres",,"","(Lehm.) Lehm. & Lindenb.",Accepted,,M,TRO,35187085,,"Syn. Hepat.","190","190","1845"
tro-35207332,B,Lophocoleaceae,,Chiloscyphus,,"semiteres",var.,"canaliculatus","(Gottsche, Lindenb. & Nees) J.J. Engel",Accepted,,L,TRO,35207332,,"Contr. Univ. Michigan Herb.","18: 109","109","1992"
tro-100355236,B,Lophocoleaceae,,Chiloscyphus,,"septatus",,"","J.J. Engel",Accepted,,M,TRO,100355236,,"Fieldiana, Bot., n.s.","48: 125","125","2010"
tro-35201807,B,Lophocoleaceae,,Chiloscyphus,,"serratus",,"","(Mitt.) J.J. Engel & R.M. Schust.",Accepted,,M,TRO,35201807,,"Nova Hedwigia","39: 422","422","1984"
tro-35201830,B,Lophocoleaceae,,Chiloscyphus,,"sexdentatus",,"","(Stephani) J.J. Engel & R.M. Schust.",Accepted,,M,TRO,35201830,,"Nova Hedwigia","39: 423","423","1984"
tro-35201852,B,Lophocoleaceae,,Chiloscyphus,,"siamensis",,"","(Stephani) J.J. Engel & R.M. Schust.",Accepted,,M,TRO,35201852,,"Nova Hedwigia","39: 423","423","1984"
tro-35201877,B,Lophocoleaceae,,Chiloscyphus,,"sikkimensis",,"","(Stephani) J.J. Engel & R.M. Schust.",Accepted,,M,TRO,35201877,,"Nova Hedwigia","39: 423","423","1984"
tro-35201901,B,Lophocoleaceae,,Chiloscyphus,,"silvestris",,"","(Gottsche) J.J. Engel & R.M. Schust.",Accepted,,M,TRO,35201901,,"Nova Hedwigia","39: 423","423","1984"
tro-35201603,B,Lophocoleaceae,,Chiloscyphus,,"sinensis",,"","J.J. Engel & R.M. Schust.",Accepted,,M,TRO,35201603,,"Nova Hedwigia","39: 423","423","1984"
tro-35201922,B,Lophocoleaceae,,Chiloscyphus,,"sintenisii",,"","(Stephani) J.J. Engel & R.M. Schust.",Accepted,,M,TRO,35201922,,"Nova Hedwigia","39: 423","423","1984"
tro-35217781,B,Lophocoleaceae,,Chiloscyphus,,"spegazzinianus",,"","(C. Massal.) Hentschel & J. Heinrichs",Accepted,,M,TRO,35217781,,"Taxon","56: 1139","1139","2007"
tro-35201947,B,Lophocoleaceae,,Chiloscyphus,,"spinifer",,"","(Hook. f. & Taylor) J.J. Engel & R.M. Schust.",Accepted,,M,TRO,35201947,,"Nova Hedwigia","39: 423","423","1985"
tro-35201967,B,Lophocoleaceae,,Chiloscyphus,,"spinosus",,"","(Gottsche) J.J. Engel & R.M. Schust.",Accepted,,M,TRO,35201967,,"Nova Hedwigia","39: 423","423","1984"
tro-35201986,B,Lophocoleaceae,,Chiloscyphus,,"spongiosus",,"","(Stephani) J.J. Engel & R.M. Schust.",Accepted,,M,TRO,35201986,,"Nova Hedwigia","39: 423","423","1984"
tro-35212142,B,Lophocoleaceae,,Chiloscyphus,,"spruceanus",,"","Colenso",Unresolved,,L,TRO,35212142,,"Trans. & Proc. New Zealand Inst.","21: 59","59","1888"
tro-35202006,B,Lophocoleaceae,,Chiloscyphus,,"squamatus",,"","(Herzog) J.J. Engel & R.M. Schust.",Accepted,,M,TRO,35202006,,"Nova Hedwigia","39: 423","423","1984"
tro-35202027,B,Lophocoleaceae,,Chiloscyphus,,"steetziae",,"","(De Not.) J.J. Engel & R.M. Schust.",Accepted,,M,TRO,35202027,,"Nova Hedwigia","39: 423","423","1984"
tro-35191934,B,Lophocoleaceae,,Chiloscyphus,,"stephanii",,"","N. Kitag.",Unresolved,,L,TRO,35191934,,"J. Hattori Bot. Lab.","37: 266","266","1973"
tro-35212141,B,Lophocoleaceae,,Chiloscyphus,,"striatellus",,"","C. Massal.",Unresolved,,L,TRO,35212141,,"Nuovo Giorn. Bot. Ital.","17: 232","232","1885"
tro-35200721,B,Lophocoleaceae,,Chiloscyphus,,"strongylophyllus",,"","(Taylor & Hook. f.) Hässel de Menéndez",Accepted,,M,TRO,35200721,,"Nova Hedwigia","63: 513","513","1996"
tro-35202049,B,Lophocoleaceae,,Chiloscyphus,,"subbidentatus",,"","(Herzog) J.J. Engel & R.M. Schust.",Accepted,,M,TRO,35202049,,"Nova Hedwigia","39: 423","423","1984"
tro-35202076,B,Lophocoleaceae,,Chiloscyphus,,"subcostatus",,"","(Stephani) J.J. Engel & R.M. Schust.",Accepted,,M,TRO,35202076,,"Nova Hedwigia","39: 423","423","1984"
tro-35202098,B,Lophocoleaceae,,Chiloscyphus,,"subemarginatus",,"","(Hook. f. & Taylor) J.J. Engel & R.M. Schust.",Accepted,,M,TRO,35202098,,"Nova Hedwigia","39: 423","423","1984"
tro-35203771,B,Lophocoleaceae,,Chiloscyphus,,"suboppositus",,"","J.J. Engel",Accepted,,M,TRO,35203771,,"Phytologia","83: 45","45","1997"
tro-35202124,B,Lophocoleaceae,,Chiloscyphus,,"subporosus",,"","(Mitt.) J.J. Engel & R.M. Schust.",Accepted,,M,TRO,35202124,,"Nova Hedwigia","39: 423","423","1984"
tro-35203772,B,Lophocoleaceae,,Chiloscyphus,,"subporosus",var.,"inflexifolius","(Stephani) J.J. Engel",Accepted,,L,TRO,35203772,,"Phytologia","83: 45","45","1997"
tro-35202147,B,Lophocoleaceae,,Chiloscyphus,,"subviridis",,"","(Hook. f. & Taylor) J.J. Engel & R.M. Schust.",Accepted,,M,TRO,35202147,,"Nova Hedwigia","39: 424","424","1984"
tro-35202174,B,Lophocoleaceae,,Chiloscyphus,,"sumatranus",,"","(Schiffner) J.J. Engel & R.M. Schust.",Accepted,,M,TRO,35202174,,"Nova Hedwigia","39: 424","424","1984"
tro-35212139,B,Lophocoleaceae,,Chiloscyphus,,"surrepens",,"","(Hook. f. & Taylor) Taylor",Accepted,,M,TRO,35212139,,"Syn. Hepat.","179","179","1845"
tro-35202196,B,Lophocoleaceae,,Chiloscyphus,,"sylvaticus",,"","(Mitt.) J.J. Engel & R.M. Schust.",Accepted,,M,TRO,35202196,,"Nova Hedwigia","39: 424","424","1984"
tro-35202219,B,Lophocoleaceae,,Chiloscyphus,,"taminus",,"","(Stephani) J.J. Engel & R.M. Schust.",Accepted,,M,TRO,35202219,,"Nova Hedwigia","39: 424","424","1984"
tro-35217782,B,Lophocoleaceae,,Chiloscyphus,,"tenacifolius",,"","(Hook. f. & Taylor) Hentschel & J. Heinrichs",Accepted,,M,TRO,35217782,,"Taxon","56: 1139","1139","2007"
tro-35202262,B,Lophocoleaceae,,Chiloscyphus,,"tenerrimus",,"","(Spruce) J.J. Engel & R.M. Schust.",Accepted,,M,TRO,35202262,,"Nova Hedwigia","39: 424","424","1984"
tro-35202241,B,Lophocoleaceae,,Chiloscyphus,,"tenerus",,"","(Ångström) J.J. Engel & R.M. Schust.",Accepted,,M,TRO,35202241,,"Nova Hedwigia","39: 424","424","1984"
tro-35202285,B,Lophocoleaceae,,Chiloscyphus,,"textilis",,"","(Hook. f. & Taylor) J.J. Engel & R.M. Schust.",Accepted,,M,TRO,35202285,,"Nova Hedwigia","39: 424","424","1984"
tro-35201619,B,Lophocoleaceae,,Chiloscyphus,,"textiloideus",,"","(J.J. Engel) J.J. Engel & R.M. Schust.",Accepted,,M,TRO,35201619,,"Nova Hedwigia","39: 424","424","1984"
tro-35202308,B,Lophocoleaceae,,Chiloscyphus,,"thermarum",,"","(Schiffner) J.J. Engel & R.M. Schust.",Accepted,,M,TRO,35202308,,"Nova Hedwigia","39: 424","424","1984"
tro-35200715,B,Lophocoleaceae,,Chiloscyphus,,"trachypus",,"","(Hook. f. & Taylor) Hässel de Menéndez",Accepted,,M,TRO,35200715,,"Nova Hedwigia","63: 512","512","1996"
tro-35202324,B,Lophocoleaceae,,Chiloscyphus,,"trialatus",,"","(Gottsche) J.J. Engel & R.M. Schust.",Accepted,,M,TRO,35202324,,"Nova Hedwigia","39: 424","424","1984"
tro-35218040,B,Lophocoleaceae,,Chiloscyphus,,"trichocoleoides",,"","Glenny, J.J. Engel & He-Nygrén",Accepted,,M,TRO,35218040,,"J. Bryol.","31: 100","100","2009"
tro-35205531,B,Lophocoleaceae,,Chiloscyphus,,"tricoratus",,"","Hässel de Menéndez",Accepted,,M,TRO,35205531,,"Nova Hedwigia","70: 456. f. 3–4","456","2000"
tro-35202349,B,Lophocoleaceae,,Chiloscyphus,,"tricuspidatus",,"","(Herzog) J.J. Engel & R.M. Schust.",Accepted,,M,TRO,35202349,,"Nova Hedwigia","39: 424","424","1984"
tro-35210902,B,Lophocoleaceae,,Chiloscyphus,,"tridens",,"","Stephani",Unresolved,,L,TRO,35210902,,"Sp. Hepat.","6: 315","315","1922"
tro-35201509,B,Lophocoleaceae,,Chiloscyphus,,"tridentatus",,"","Mitt.",Unresolved,,L,TRO,35201509,,"Fl. Tasman.","2: 228","228","1859"
tro-35202372,B,Lophocoleaceae,,Chiloscyphus,,"tristanianus",,"","(S.W. Arnell) J.J. Engel & R.M. Schust.",Accepted,,M,TRO,35202372,,"Nova Hedwigia","39: 424","424","1984"
tro-35203773,B,Lophocoleaceae,,Chiloscyphus,,"tuberculatus",,"","J.J. Engel",Accepted,,M,TRO,35203773,,"Phytologia","83: 45","45","1997"
tro-35202395,B,Lophocoleaceae,,Chiloscyphus,,"umidus",,"","(Stephani) J.J. Engel & R.M. Schust.",Accepted,,M,TRO,35202395,,"Nova Hedwigia","39: 424","424","1984"
tro-35218061,B,Lophocoleaceae,,Chiloscyphus,,"undulatus",,"","(Mont.) Hässel de Menéndez",Accepted,,M,TRO,35218061,,"Beih. Nova Hedwigia","134: 474","474","2009"
tro-35208291,B,Lophocoleaceae,,Chiloscyphus,,"valdiviensis",,"","Mont.",Accepted,,M,TRO,35208291,,"Ann. Sci. Nat., Bot., sér. 3,","4: 351","351","1845"
tro-35202417,B,Lophocoleaceae,,Chiloscyphus,,"variabilis",,"","(Stephani) J.J. Engel & R.M. Schust.",Accepted,,M,TRO,35202417,,"Nova Hedwigia","39: 424","424","1984"
tro-35202441,B,Lophocoleaceae,,Chiloscyphus,,"varians",,"","(Stephani) J.J. Engel & R.M. Schust.",Accepted,,M,TRO,35202441,,"Nova Hedwigia","39: 425","425","1984"
tro-35202463,B,Lophocoleaceae,,Chiloscyphus,,"velleanus",,"","(Stephani) J.J. Engel & R.M. Schust.",Accepted,,M,TRO,35202463,,"Nova Hedwigia","39: 425","425","1984"
tro-35200722,B,Lophocoleaceae,,Chiloscyphus,,"vermicularis",,"","(Lehm.) Hässel de Menéndez",Accepted,,M,TRO,35200722,,"Nova Hedwigia","63: 513","513","1996"
tro-35210906,B,Lophocoleaceae,,Chiloscyphus,,"verrucosus",,"","(Stephani) J.J. Engel & R.M. Schust.",Accepted,,M,TRO,35210906,,"Nova Hedwigia","39: 425","425","1984"
tro-35202513,B,Lophocoleaceae,,Chiloscyphus,,"villosus",,"","(Mitt. ex Stephani) J.J. Engel & R.M. Schust.",Accepted,,M,TRO,35202513,,"Nova Hedwigia","39: 424","424","1984"
tro-35207191,B,Lophocoleaceae,,Chiloscyphus,,"vulcanicus",,"","Colenso",Unresolved,,L,TRO,35207191,,"Trans. & Proc. New Zealand Inst.","21: 59","59","1888"
tro-100355228,B,Lophocoleaceae,,Chiloscyphus,,"wambanus",,"","(Piippo) J.J. Engel",Accepted,,M,TRO,100355228,,"Fieldiana, Bot., n.s.","48: 20","20","2010"
tro-35202539,B,Lophocoleaceae,,Chiloscyphus,,"wattsianus",,"","(Stephani) J.J. Engel & R.M. Schust.",Accepted,,M,TRO,35202539,,"Nova Hedwigia","39: 425","425","1984"
tro-35201572,B,Lophocoleaceae,,Chiloscyphus,,"werthii",,"","J.J. Engel & R.M. Schust.",Accepted,,M,TRO,35201572,,"Nova Hedwigia","39: 425","425","1984"
tro-35214528,B,Lophocoleaceae,,Chiloscyphus,,"wettsteinii",,"","Schiffner",Unresolved,,L,TRO,35214528,,"Denkschr. Kaiserl. Akad. Wiss., Math.-Naturwiss. Kl.","70: 210","210","1900"
tro-35202588,B,Lophocoleaceae,,Chiloscyphus,,"whittierianus",,"","(Inoue & H.A. Mill.) J.J. Engel & R.M. Schust.",Accepted,,M,TRO,35202588,,"Nova Hedwigia","39: 425","425","1984"
tro-35202606,B,Lophocoleaceae,,Chiloscyphus,,"widgrenii",,"","(Stephani) J.J. Engel & R.M. Schust.",Accepted,,M,TRO,35202606,,"Nova Hedwigia","39: 425","425","1984"
tro-35187159,B,Lophocoleaceae,,Lophocolea,,"aberrans",,"","Lindenb. & Gottsche",Accepted,,M,TRO,35187159,,"Syn. Hepat.","696","696","1847"
tro-35200272,B,Lophocoleaceae,,Lophocolea,,"alata",,"","Mitt.",Accepted,,M,TRO,35200272,,"Trans. Devonshire Assoc. Advancem. Sci.","38: 285","285","1906"
tro-35206322,B,Lophocoleaceae,,Lophocolea,,"alpina",,"","Steph.",Accepted,,M,TRO,35206322,,"Biblioth. Bot.","87: 217. f. 154","217","1916"
tro-35191635,B,Lophocoleaceae,,Lophocolea,,"apalachicola",,"","R.M. Schust.",Accepted,,M,TRO,35191635,,"Hepat. Anthocerotae N. Amer.","4: 195. f. 521: 1–12","195","1980"
tro-35191636,B,Lophocoleaceae,,Lophocolea,,"appalachiana",,"","R.M. Schust.",Accepted,,M,TRO,35191636,,"Hepat. Anthocerotae N. Amer.","4: 524, 525: 3–10","524, 525","1980"
tro-35213740,B,Lophocoleaceae,,Lophocolea,,"arisancola",,"","Horik.",Accepted,,M,TRO,35213740,,"J. Sci. Hiroshima Univ., Ser. B, Div. 2, Bot.","2: 169. f. 22","169","1934"
tro-35216679,B,Lophocoleaceae,,Lophocolea,,"armatistipula",,"","Stephani",Unresolved,,L,TRO,35216679,,"Wiss. Erg. Deut. Zentr.-Afr. Exped., Bot.","2: 118","118","1911"
tro-35203071,B,Lophocoleaceae,,Lophocolea,,"asperrima",,"","Stephani",Unresolved,,L,TRO,35203071,,"Sp. Hepat.","3: 129","129","1906"
tro-35206576,B,Lophocoleaceae,,Lophocolea,,"aucklandica",,"","Stephani",Unresolved,,L,TRO,35206576,,"Sp. Hepat.","6: 261","261","1922"
tro-35216105,B,Lophocoleaceae,,Lophocolea,,"austinii",,"","Lindb.",Unresolved,,L,TRO,35216105,,"Acta Soc. Sci. Fenn.","10: 503","503","1875"
tro-35212197,B,Lophocoleaceae,,Lophocolea,,"australis",,"","Gottsche",Unresolved,,L,TRO,35212197,,"Linnaea","28: 553","553","1856"
tro-35208318,B,Lophocoleaceae,,Lophocolea,,"austrigena",,"","(Hook. f. & Taylor) Gottsche, Lindenb. & Nees",Accepted,,M,TRO,35208318,,"Syn. Hepat.","702","702","1847"
tro-35216104,B,Lophocoleaceae,,Lophocolea,,"azopardana",,"","Stephani",Unresolved,,L,TRO,35216104,,"Bull. Herb. Boissier, sér. 2,","6: 540 [Sp. Hepat. 3: 54]","540","1905"
tro-35216106,B,Lophocoleaceae,,Lophocolea,,"baccarinii",,"","Gola",Unresolved,,L,TRO,35216106,,"Nuovo Giorn. Bot. Ital., n.s.,","29: 167","167","1922"
tro-35191647,B,Lophocoleaceae,,Lophocolea,,"beckettiana",,"","Stephani",Unresolved,,L,TRO,35191647,,"Sp. Hepat.","6: 263","263","1922"
tro-35185375,B,Lophocoleaceae,,Lophocolea,,"bidentata",,"","(L.) Dumort.",Accepted,,M,TRO,35185375,,"Recueil Observ. Jungerm.","17","17","1835"
tro-35211095,B,Lophocoleaceae,,Lophocolea,,"bidentula",,"","(Nees) Fulford",Accepted,,M,TRO,35211095,,"Mem. New York Bot. Gard.","11: 439","439","1976"
tro-35187171,B,Lophocoleaceae,,Lophocolea,,"bifidistipula",,"","Stephani",Accepted,,M,TRO,35187171,,"Sp. Hepat.","6: 264","264","1922"
tro-35208326,B,Lophocoleaceae,,Lophocolea,,"bispinosa",,"","(Hook. f. & Taylor) Gottsche, Lindenb. & Nees",Accepted,,M,TRO,35208326,,"Syn. Hepat.","162","162","1845"
tro-35191546,B,Lophocoleaceae,,Lophocolea,,"blepharoptera",,"","Spruce",Accepted,,M,TRO,35191546,,"Trans. & Proc. Bot. Soc. Edinburgh","15: 428","428","1885"
tro-35206323,B,Lophocoleaceae,,Lophocolea,,"boliviensis",,"","Steph.",Accepted,,M,TRO,35206323,,"Biblioth. Bot.","87: 217. f. 155","217","1916"
tro-35192119,B,Lophocoleaceae,,Lophocolea,,"brachydonta",,"","Spruce",Accepted,,M,TRO,35192119,,"Trans. & Proc. Bot. Soc. Edinburgh","15: 430","430","1885"
tro-35217001,B,Lophocoleaceae,,Lophocolea,,"brookwoodiana",,"","Paton & Sheahan",Accepted,,M,TRO,35217001,,"J. Bryol.","28: 163","163","2006"
tro-35216110,B,Lophocoleaceae,,Lophocolea,,"cagnii",,"","Gola",Unresolved,,L,TRO,35216110,,"Ann. Bot. (Rome)","6: 273","273","1907"
tro-35210899,B,Lophocoleaceae,,Lophocolea,,"caledonica",,"","Stephani",Unresolved,,L,TRO,35210899,,"Bull. Torrey Bot. Club","","","1907"
tro-35192121,B,Lophocoleaceae,,Lophocolea,,"canelensis",,"","Spruce",Accepted,,M,TRO,35192121,,"Trans. & Proc. Bot. Soc. Edinburgh","15: 429","429","1885"
tro-35211096,B,Lophocoleaceae,,Lophocolea,,"cavispina",,"","(Hook. f. & Taylor) Fulford",Accepted,,M,TRO,35211096,,"Mem. New York Bot. Gard.","11: 483","483","1976"
tro-35206324,B,Lophocoleaceae,,Lophocolea,,"cellulosocrenulata",,"","Steph.",Accepted,,M,TRO,35206324,,"Biblioth. Bot.","87: 218. f. 156","218","1916"
tro-35191848,B,Lophocoleaceae,,Lophocolea,,"cervicornis",,"","Steph.",Accepted,,M,TRO,35191848,,"Biblioth. Bot.","87: 219. f. 157: a","219","1916"
tro-35192126,B,Lophocoleaceae,,Lophocolea,,"columbica",,"","Gottsche",Unresolved,,L,TRO,35192126,,"Proc. Nat. Hist. Soc. Glasgow","","",""
tro-35209070,B,Lophocoleaceae,,Lophocolea,,"compacta",,"","Mitt.",Accepted,,M,TRO,35209070,,"Trans. Linn. Soc. London, Bot.","3: 198","198","1891"
tro-35201870,B,Lophocoleaceae,,Lophocolea,,"concreta",,"","Mont.",Accepted,,M,TRO,35201870,,"Ann. Sci. Nat., Bot., sér. 3,","4: 350","350","1845"
tro-35187163,B,Lophocoleaceae,,Lophocolea,,"connata",,"","(Sw.) Nees",Accepted,,M,TRO,35187163,,"","","","1839"
tro-35192120,B,Lophocoleaceae,,Lophocolea,,"contortuplicata",,"","(Nees & Mont.) Fulford",Accepted,,M,TRO,35192120,,"Mem. New York Bot. Gard.","11: 455","455","1976"
tro-35206325,B,Lophocoleaceae,,Lophocolea,,"crossitexta",,"","Steph.",Unresolved,,L,TRO,35206325,,"Biblioth. Bot.","87: 219. f. 157: b","219","1916"
tro-35203045,B,Lophocoleaceae,,Lophocolea,,"decurrens",,"","Herzog",Unresolved,,L,TRO,35203045,,"Trans. & Proc. Roy. Soc. New Zealand","65: 352","352","1935"
tro-35200127,B,Lophocoleaceae,,Lophocolea,,"diaphana",,"","Spruce",Accepted,,M,TRO,35200127,,"Trans. & Proc. Bot. Soc. Edinburgh","15: 426","426","1885"
tro-35191823,B,Lophocoleaceae,,Lophocolea,,"difformis",,"","Nees",Accepted,,M,TRO,35191823,,"Syn. Hepat.","166","166","1845"
tro-35200279,B,Lophocoleaceae,,Lophocolea,,"divaricata",,"","Hook. f. & Taylor",Accepted,,M,TRO,35200279,,"London J. Bot.","5: 367","367","1846"
tro-35208320,B,Lophocoleaceae,,Lophocolea,,"elata",,"","(Gottsche) Stephani",Accepted,,M,TRO,35208320,,"Wiss. Erb. Schwed. Südpolar-Exp.","4: 7","7","1905"
tro-35187738,B,Lophocoleaceae,,Lophocolea,,"epiphylla",,"","Herzog",Unresolved,,L,TRO,35187738,,"Ber. Thatigk. St. Gallischen Naturwiss. Ges.","","",""
tro-35216694,B,Lophocoleaceae,,Lophocolea,,"esterhuysenii",,"","S.W. Arnell ex E.W. Jones",Unresolved,,L,TRO,35216694,,"Trans. Brit. Bryol. Soc.","2: 179","179","1953"
tro-35209942,B,Lophocoleaceae,,Lophocolea,,"flavescens",,"","Stephani",Accepted,,M,TRO,35209942,,"Fl. Mouss. Suisse","","",""
tro-100355238,B,Lophocoleaceae,,Lophocolea,,"fleischeri",,"","Steph.",Unresolved,,L,TRO,100355238,,"Sp. Hepat.","3: 132","132","1906"
tro-35203097,B,Lophocoleaceae,,Lophocolea,,"floribunda",,"","Stephani",Unresolved,,L,TRO,35203097,,"Sp. Hepat.","3: 111","111","1906"
tro-35200128,B,Lophocoleaceae,,Lophocolea,,"foliicola",,"","Spruce",Accepted,,M,TRO,35200128,,"Trans. & Proc. Bot. Soc. Edinburgh","15: 428","428","1885"
tro-35213738,B,Lophocoleaceae,,Lophocolea,,"formosana",,"","Horik.",Accepted,,M,TRO,35213738,,"J. Sci. Hiroshima Univ., Ser. B, Div. 2, Bot.","2: 166. f. 21","166","1934"
tro-35201129,B,Lophocoleaceae,,Lophocolea,,"fragmentissima",,"","R.M. Schust.",Accepted,,M,TRO,35201129,,"Phytologia","39: 245","245","1978"
tro-35201960,B,Lophocoleaceae,,Lophocolea,,"fragrans",,"","Gottsche, Lindenb. & Nees",Accepted,,M,TRO,35201960,,"Sp. Hepat.","","",""
tro-35201373,B,Lophocoleaceae,,Lophocolea,,"gottscheoides",,"","Besch. & C. Massal.",Accepted,,M,TRO,35201373,,"Bull. Mens. Soc. Linn. Paris","1(79): 631","631","1886"
tro-35187170,B,Lophocoleaceae,,Lophocolea,,"granulosa",,"","Gottsche",Accepted,,M,TRO,35187170,,"Bull. Herb. Boissier, sér. 2,","","",""
tro-35207647,B,Lophocoleaceae,,Lophocolea,,"grossitexta",,"","Steph.",Accepted,,M,TRO,35207647,,"Biblioth. Bot.","87: 219. f. 157: b","219","1916"
tro-35206326,B,Lophocoleaceae,,Lophocolea,,"hariotii",,"","Steph.",Accepted,,M,TRO,35206326,,"Biblioth. Bot.","87: 219. f. 158: b","219","1916"
tro-35203214,B,Lophocoleaceae,,Lophocolea,,"heterodonta",,"","Stephani",Unresolved,,L,TRO,35203214,,"Sp. Hepat.","6: 275","275","1922"
tro-35185379,B,Lophocoleaceae,,Lophocolea,,"heterophylla",,"","(Schrad.) Dumort.",Accepted,,M,TRO,35185379,,"Recueil Observ. Jungerm.","17","17","1835"
tro-35213074,B,Lophocoleaceae,,Lophocolea,,"himalayensis",,"","A. Srivast. & S.C. Srivast.",Accepted,,M,TRO,35213074,,"Indian Geocalycaceae","182","182","2002"
tro-35201639,B,Lophocoleaceae,,Lophocolea,,"horikawana",,"","S. Hatt.",Accepted,,M,TRO,35201639,,"Bull. Tokyo Sci. Mus.","11: 50. f. 29","50","1944"
tro-35200129,B,Lophocoleaceae,,Lophocolea,,"irrigata",,"","Spruce",Accepted,,M,TRO,35200129,,"Trans. & Proc. Bot. Soc. Edinburgh","15: 430","430","1885"
tro-35201800,B,Lophocoleaceae,,Lophocolea,,"itoana",,"","Inoue",Accepted,,M,TRO,35201800,,"J. Jap. Bot.","31: 340. f. 1: 1–21","340","1955"
tro-35201821,B,Lophocoleaceae,,Lophocolea,,"japonica",,"","Stephani",Unresolved,,L,TRO,35201821,,"Sp. Hepat.","3: 121","121","1906"
tro-35203259,B,Lophocoleaceae,,Lophocolea,,"javanica",,"","Schiffner",Unresolved,,L,TRO,35203259,,"Hepat. Fl. Buitenzorg","178","178","1900"
tro-35187172,B,Lophocoleaceae,,Lophocolea,,"laceristipula",,"","Stephani",Accepted,,M,TRO,35187172,,"Sp. Hepat.","6: 281","281","1922"
tro-35206577,B,Lophocoleaceae,,Lophocolea,,"lamellicalyx",,"","Herzog",Unresolved,,L,TRO,35206577,,"Trans. & Proc. Roy. Soc. New Zealand","65: 351","351","1935"
tro-35203019,B,Lophocoleaceae,,Lophocolea,,"lauterbachii",,"","Stephani",Unresolved,,L,TRO,35203019,,"Sp. Hepat.","3: 118","118","1906"
tro-35206327,B,Lophocoleaceae,,Lophocolea,,"lechleri",,"","Gottsche",Unresolved,,L,TRO,35206327,,"Ottawa Naturalist","","",""
tro-35201996,B,Lophocoleaceae,,Lophocolea,,"lepervanchei",,"","Stephani",Accepted,,M,TRO,35201996,,"Sp. Hepat.","3: 174","174","1906"
tro-35208322,B,Lophocoleaceae,,Lophocolea,,"leptantha",,"","(Hook. f. & Taylor) Gottsche, Lindenb. & Nees",Accepted,,M,TRO,35208322,,"Syn. Hepat.","694","694","1847"
tro-35207188,B,Lophocoleaceae,,Lophocolea,,"leucophylla",,"","(Hook. f. & Taylor) Mitt.",Accepted,,M,TRO,35207188,,"Fl. Nov.-Zel.","2: 138","138","1854"
tro-35203170,B,Lophocoleaceae,,Lophocolea,,"levieri",,"","Schiffner",Unresolved,,L,TRO,35203170,,"Hepat. Fl. Buitenzorg","182","182","1900"
tro-35187166,B,Lophocoleaceae,,Lophocolea,,"liebmanniana",,"","Gottsche",Accepted,,M,TRO,35187166,,"Mexik. Leverm.","113","113","1863"
tro-35209943,B,Lophocoleaceae,,Lophocolea,,"longiflora",,"","Hampe ex Gottsche",Accepted,,M,TRO,35209943,,"J. Linn. Soc., Bot.","","","1864"
tro-35216245,B,Lophocoleaceae,,Lophocolea,,"longifolia",,"","Stephani",Unresolved,,L,TRO,35216245,,"Bot. Gaz.","15: 288","288","1890"
tro-35206328,B,Lophocoleaceae,,Lophocolea,,"longiseta",,"","Steph.",Accepted,,M,TRO,35206328,,"Biblioth. Bot.","87: 219. f. 158: a","219","1916"
tro-35206329,B,Lophocoleaceae,,Lophocolea,,"longissima",,"","Steph.",Accepted,,M,TRO,35206329,,"Biblioth. Bot.","87: 220. f. 159: a","220","1916"
tro-35206330,B,Lophocoleaceae,,Lophocolea,,"lorentiana",,"","Stephani",Unresolved,,L,TRO,35206330,,"Bull. Herb. Boissier","6: 884","884","1906"
tro-35201979,B,Lophocoleaceae,,Lophocolea,,"lucida",,"","(Spreng. ex Lehm. & Lindenb.) Mont.",Accepted,,M,TRO,35201979,,"Voy. Amér. Mérid., Bot.","78","78","1839"
tro-35202189,B,Lophocoleaceae,,Lophocolea,,"madagascariensis",,"","Gottsche",Accepted,,M,TRO,35202189,,"Abh. Naturwiss. Vereine Bremen","7: 344","344","1882"
tro-35213737,B,Lophocoleaceae,,Lophocolea,,"magniperianthia",,"","Horik.",Accepted,,M,TRO,35213737,,"J. Sci. Hiroshima Univ., Ser. B, Div. 2, Bot.","2: 166. pl. 14: 1–11","166","1934"
tro-35185380,B,Lophocoleaceae,,Lophocolea,,"martiana",,"","Nees",Accepted,,M,TRO,35185380,,"Syn. Hepat.","152","152","1845"
tro-35214385,B,Lophocoleaceae,,Lophocolea,,"martiana",subsp.,"bidentula","(Nees) Gradst.",Accepted,,L,TRO,35214385,,"Mem. New York Bot. Gard.","87: 73","73","2003"
tro-35200266,B,Lophocoleaceae,,Lophocolea,,"massalongoana",,"","Schiffner",Unresolved,,L,TRO,35200266,,"Hepat. Fl. Buitenzorg","183","183","1900"
tro-35191850,B,Lophocoleaceae,,Lophocolea,,"microstipula",,"","Stephani",Unresolved,,L,TRO,35191850,,"Bih. Kongl. Svenska Vetensk.-Akad. Handl.","26(III,6): 18","18","1900"
tro-35185381,B,Lophocoleaceae,,Lophocolea,,"minor",,"","Nees",Accepted,,M,TRO,35185381,,"Naturgesch. Eur. Leberm.","2: 330","330","1836"
tro-35202342,B,Lophocoleaceae,,Lophocolea,,"minutistipula",,"","Stephani",Accepted,,M,TRO,35202342,,"Sp. Hepat.","6: 283","283","1922"
tro-35216252,B,Lophocoleaceae,,Lophocolea,,"mollis",,"","(Nees) Gottsche, Lindenb. & Nees",Accepted,,M,TRO,35216252,,"Syn. Hepat.","158","158","1845"
tro-35202375,B,Lophocoleaceae,,Lophocolea,,"morobeana",,"","Piippo",Accepted,,M,TRO,35202375,,"Acta Bot. Fenn.","131: 160. f. 19: i–p","160","1985"
tro-35187157,B,Lophocoleaceae,,Lophocolea,,"muenchiana",,"","Stephani",Unresolved,,L,TRO,35187157,,"Sp. Hepat.","6:","","1922"
tro-35211280,B,Lophocoleaceae,,Lophocolea,,"muhavurensis",,"","(S.W. Arnell) S.W. Arnell ex Pócs",Accepted,,M,TRO,35211280,,"Acta Bot. Acad. Sci. Hung.","25: 227","227","1979"
tro-35206578,B,Lophocoleaceae,,Lophocolea,,"multialata",,"","Herzog",Unresolved,,L,TRO,35206578,,"Trans. & Proc. Roy. Soc. New Zealand","65: 351","351","1935"
tro-35185382,B,Lophocoleaceae,,Lophocolea,,"muricata",,"","(Lehm.) Nees",Accepted,,M,TRO,35185382,,"Syn. Hepat.","169","169","1845"
tro-35202396,B,Lophocoleaceae,,Lophocolea,,"nakajimae",,"","S. Hatt. & Inoue",Accepted,,M,TRO,35202396,,"J. Hattori Bot. Lab.","21: 221. f. 3","221","1959"
tro-35216249,B,Lophocoleaceae,,Lophocolea,,"obscura",,"","Stephani",Unresolved,,L,TRO,35216249,,"Sp. Hepat.","3: 177","177","1907"
tro-35203267,B,Lophocoleaceae,,Lophocolea,,"onraedtii",,"","Grolle",Accepted,,M,TRO,35203267,,"J. Hattori Bot. Lab.","55: 505. f. 1","505","1984"
tro-35206331,B,Lophocoleaceae,,Lophocolea,,"osculati",,"","De Not.",Unresolved,,L,TRO,35206331,,"Bot. Zeitung (Berlin)","","",""
tro-35208323,B,Lophocoleaceae,,Lophocolea,,"otiphylla",,"","(Hook. f. & Taylor) Mitt.",Accepted,,M,TRO,35208323,,"Fl. Tasman.","226","226","1859"
tro-35216349,B,Lophocoleaceae,,Lophocolea,,"ovistipula",,"","Herzog",Unresolved,,L,TRO,35216349,,"Memoranda Soc. Fauna Fl. Fenn.","27: 98","98","1952"
tro-35202609,B,Lophocoleaceae,,Lophocolea,,"papulimarginata",,"","H.A. Mill.",Accepted,,M,TRO,35202609,,"Phytologia","47: 323","323","1981"
tro-35210894,B,Lophocoleaceae,,Lophocolea,,"papulosa",,"","Stephani",Unresolved,,L,TRO,35210894,,"Kongl. Svenska Vetensk. Acad. Handl., n.s.","46: 50","50","1911"
tro-35207290,B,Lophocoleaceae,,Lophocolea,,"parca",,"","(Gottsche) Fulford & Sharp",Accepted,,M,TRO,35207290,,"Mem. New York Bot. Gard.","63: 19","19","1990"
tro-35202653,B,Lophocoleaceae,,Lophocolea,,"pinnatistipula",,"","Steph.",Accepted,,M,TRO,35202653,,"Biblioth. Bot.","87: 220. f. 159: b–d","220","1916"
tro-35203769,B,Lophocoleaceae,,Lophocolea,,"platensis",,"","C. Massal.",Accepted,,M,TRO,35203769,,"Atti Accad. Sci. Med. Nat. Ferrara","80(3/4): 12","12","1906"
tro-35192052,B,Lophocoleaceae,,Lophocolea,,"polychaeta",,"","Spruce",Accepted,,M,TRO,35192052,,"Trans. & Proc. Bot. Soc. Edinburgh","15: 436","436","1885"
tro-35213739,B,Lophocoleaceae,,Lophocolea,,"pseudoverrucosa",,"","Horik.",Accepted,,M,TRO,35213739,,"J. Sci. Hiroshima Univ., Ser. B, Div. 2, Bot.","2: 168. pl. 14: 12–16","168","1934"
tro-35211288,B,Lophocoleaceae,,Lophocolea,,"puccioana",,"","C. Massal.",Unresolved,,L,TRO,35211288,,"Nuovo Giorn. Bot. Ital., n.s.,","17: 227","227","1885"
tro-35203146,B,Lophocoleaceae,,Lophocolea,,"purpurea",,"","Stephani",Unresolved,,L,TRO,35203146,,"Sp. Hepat.","6: 289","289","1922"
tro-35192053,B,Lophocoleaceae,,Lophocolea,,"pycnophylla",,"","Spruce",Accepted,,M,TRO,35192053,,"Trans. & Proc. Bot. Soc. Edinburgh","15: 434","434","1885"
tro-35192054,B,Lophocoleaceae,,Lophocolea,,"pycnorhiza",,"","Spruce",Accepted,,M,TRO,35192054,,"Trans. & Proc. Bot. Soc. Edinburgh","15: 434","434","1885"
tro-35206332,B,Lophocoleaceae,,Lophocolea,,"quadridens",,"","Stephani",Unresolved,,L,TRO,35206332,,"Linnaea","","",""
tro-35203236,B,Lophocoleaceae,,Lophocolea,,"rectangulata",,"","Mitt.",Unresolved,,L,TRO,35203236,,"Fl. Vit.","404","404","1871"
tro-35203303,B,Lophocoleaceae,,Lophocolea,,"regularis",,"","Stephani",Unresolved,,L,TRO,35203303,,"Sp. Hepat.","3: 125","125","1906"
tro-35213126,B,Lophocoleaceae,,Lophocolea,,"rehmannii",,"","Stephani",Unresolved,,L,TRO,35213126,,"Hedwigia","31: 124","124","1892"
tro-35208324,B,Lophocoleaceae,,Lophocolea,,"sabuletorum",,"","(Hook. f. & Taylor) Gottsche, Lindenb. & Nees",Accepted,,M,TRO,35208324,,"Syn. Hepat.","697","697","1847"
tro-35202019,B,Lophocoleaceae,,Lophocolea,,"semiteres",,"","(Lehm.) Mitt.",Accepted,,M,TRO,35202019,,"J. Linn. Soc., Bot.","16: 188","188","1877"
tro-35203024,B,Lophocoleaceae,,Lophocolea,,"serrata",,"","Mitt.",Accepted,,M,TRO,35203024,,"St. Helena","368","368","1875"
tro-35200453,B,Lophocoleaceae,,Lophocolea,,"sikkimensis",,"","Herzog & Grolle",Unresolved,,L,TRO,35200453,,"Rev. Bryol. Lichénol.","27: 164","164","1958"
tro-35203093,B,Lophocoleaceae,,Lophocolea,,"silvestris",,"","Gottsche",Accepted,,M,TRO,35203093,,"Abh. Naturwiss. Vereine Bremen","7: 345","345","1882"
tro-35206333,B,Lophocoleaceae,,Lophocolea,,"sprucei",,"","Steph.",Accepted,,M,TRO,35206333,,"Biblioth. Bot.","87: 221. f. 159: e–f","221","1916"
tro-35191854,B,Lophocoleaceae,,Lophocolea,,"stephanii",,"","Herzog",Unresolved,,L,TRO,35191854,,"Hedwigia","64: 5","5","1923"
tro-35191933,B,Lophocoleaceae,,Lophocolea,,"stephanii",,"","Schiffner",Unresolved,,L,TRO,35191933,,"Hepat. Fl. Buitenzorg","181","181","1900"
tro-35216351,B,Lophocoleaceae,,Lophocolea,,"subintegra",,"","(Hook. f. & Taylor) Grolle",Accepted,,M,TRO,35216351,,"Trans. Brit. Bryol. Soc.","3: 587","587","1959"
tro-35212881,B,Lophocoleaceae,,Lophocolea,,"submuricata",,"","Herzog",Accepted,,M,TRO,35212881,,"Nat. Hist. Juan Fernandez","2: 718. f. 4: a–i","718","1942"
tro-35206579,B,Lophocoleaceae,,Lophocolea,,"subscorpionifolia",,"","Herzog",Unresolved,,L,TRO,35206579,,"Trans. & Proc. Roy. Soc. New Zealand","65: 350","350","1935"
tro-35216350,B,Lophocoleaceae,,Lophocolea,,"subulistipa",,"","Herzog",Unresolved,,L,TRO,35216350,,"Memoranda Soc. Fauna Fl. Fenn.","27: 99","99","1952"
tro-35203353,B,Lophocoleaceae,,Lophocolea,,"sylvatica",,"","Mitt.",Accepted,,M,TRO,35203353,,"Rep. Challenger, Bot.","1(3): 84","84","1884"
tro-35191637,B,Lophocoleaceae,,Lophocolea,,"tasmanica",,"","Mitt.",Unresolved,,L,TRO,35191637,,"Fl. Tasman.","2: 226","226","1859"
tro-35192046,B,Lophocoleaceae,,Lophocolea,,"tenerrima",,"","Spruce",Accepted,,M,TRO,35192046,,"Trans. & Proc. Bot. Soc. Edinburgh","15: 439","439","1885"
tro-35202398,B,Lophocoleaceae,,Lophocolea,,"teptepensis",,"","Piippo",Accepted,,M,TRO,35202398,,"Acta Bot. Fenn.","131: 163. f. 19: a–h","163","1985"
tro-35187162,B,Lophocoleaceae,,Lophocolea,,"terminalis",,"","Lindenb. & Gottsche",Accepted,,M,TRO,35187162,,"Sp. Hepat.","","","1847"
tro-35208325,B,Lophocoleaceae,,Lophocolea,,"textilis",,"","(Hook. f. & Taylor) Gottsche, Lindenb. & Nees",Accepted,,M,TRO,35208325,,"Syn. Hepat.","696","696","1847"
tro-35203446,B,Lophocoleaceae,,Lophocolea,,"textiloidea",,"","J.J. Engel",Accepted,,M,TRO,35203446,,"Phytologia","41: 311","311","1979"
tro-35192055,B,Lophocoleaceae,,Lophocolea,,"thrausta",,"","Spruce",Accepted,,M,TRO,35192055,,"Trans. & Proc. Bot. Soc. Edinburgh","15: 437","437","1885"
tro-35187169,B,Lophocoleaceae,,Lophocolea,,"trapezoides",,"","Mont.",Unresolved,,L,TRO,35187169,,"Ann. Sci. Nat., Bot., sér. 2,","19: 251","251","1842"
tro-35212346,B,Lophocoleaceae,,Lophocolea,,"turgescens",,"","E.A. Hodgs.",Unresolved,,L,TRO,35212346,,"Trans. Roy. Soc. New Zealand","80: 339","339","1953"
tro-35212347,B,Lophocoleaceae,,Lophocolea,,"vinciguerreana",,"","C. Massal.",Unresolved,,L,TRO,35212347,,"Nuovo Giorn. Bot. Ital.","17: 229","229","1885"
tro-35202419,B,Lophocoleaceae,,Lophocolea,,"wambana",,"","Piippo",Accepted,,M,TRO,35202419,,"Acta Bot. Fenn.","131: 163. f. 18: d–j","163","1985"
tro-35206334,B,Lophocoleaceae,,Lophocolea,,"wehmeri",,"","Steph.",Accepted,,M,TRO,35206334,,"Biblioth. Bot.","87: 221. f. 160","221","1916"
tro-35212348,B,Lophocoleaceae,,Lophocolea,,"zuernii",,"","Stephani",Unresolved,,L,TRO,35212348,,"Bull. Herb. Boissier, sér. 2,","6: 795 [Sp. Hepat. 3: 95]","795 [Sp","1906"
