﻿ID,Major group,Family,Genus hybrid marker,Genus,Species hybrid marker,Species,Infraspecific rank,Infraspecific epithet,Authorship,Taxonomic status in TPL,Nomenclatural status from original data source,Confidence level,Source,Source id,IPNI id,Publication,Collation,Page,Date
kew-2353641,A,Lophopyxidaceae,,Lophopyxis,,"combretocarpa",,"","Engl. ex Pax",Unresolved,,L,WCSP (in review),492987,350920-1,"Nat. Pflanzenfam.","3(5): 257","","1893"
kew-2353640,A,Lophopyxidaceae,,Lophopyxis,,"maingayi",,"","Hook.f.",Unresolved,,L,WCSP (in review),492986,350921-1,"Hooker's Icon. Pl.","18: t. 1714","","1887"
kew-2353655,A,Lophopyxidaceae,,Lophopyxis,,"pentaptera",,"","Engl.",Unresolved,,L,WCSP (in review),493001,350922-1,"Sitzungsber. Königl. Preuss. Akad. Wiss. Berlin","18: 265","","1893"
kew-2353643,A,Lophopyxidaceae,,Lophopyxis,,"pierrei",,"","Boerl.",Unresolved,,L,WCSP (in review),492989,350923-1,"Handl. Fl. Ned. Ind.","1: 673","","1890"
kew-2353644,A,Lophopyxidaceae,,Lophopyxis,,"schumannii",,"","Boerl.",Unresolved,,L,WCSP (in review),492990,350924-1,"Handl. Fl. Ned. Ind.","1: 674","","1890"
