﻿ID,Major group,Family,Genus hybrid marker,Genus,Species hybrid marker,Species,Infraspecific rank,Infraspecific epithet,Authorship,Taxonomic status in TPL,Nomenclatural status from original data source,Confidence level,Source,Source id,IPNI id,Publication,Collation,Page,Date
tro-50071597,P,Lygodiaceae,,Cteisium,,"paniculatum",,"","Michx.",Unresolved,,L,TRO,50071597,17071180-1,"Fl. Bor.-Amer.","2: 275","275","1803"
tro-26620555,P,Lygodiaceae,,Hydroglossum,,"auriculatum",,"","R. Br.",Unresolved,,L,TRO,26620555,,"Prodr.","162","162","1810"
ifn-48155,P,Lygodiaceae,,Hydroglossum,,"cubense",,"","Steud.",Unresolved,,L,IPNI,17120850-1,17120850-1,"Nomencl.","2. 205. 1824.","","1824"
ifn-48156,P,Lygodiaceae,,Hydroglossum,,"dichotomum",,"","Willd.",Unresolved,,L,IPNI,17120860-1,17120860-1,"Sp. Pl., ed. 4 [Willdenow]","5: 82","","1810"
ifn-48158,P,Lygodiaceae,,Hydroglossum,,"elegans",,"","Steud.",Unresolved,,L,IPNI,17120880-1,17120880-1,"Nomencl.","2. 205. 1824","","1824"
ifn-48159,P,Lygodiaceae,,Hydroglossum,,"expansum",,"","Poir.",Unresolved,,L,IPNI,17120890-1,17120890-1,"Encycl. (Lamarck) Suppl. 3.","77","","1813 [24 Sep 1813]"
ifn-48162,P,Lygodiaceae,,Hydroglossum,,"heptaphyllum",,"","Schrad.",Unresolved,,L,IPNI,17120920-1,17120920-1,"Gott. gel. Anz.","1824. 863","","1824"
ifn-48164,P,Lygodiaceae,,Hydroglossum,,"hirsutum",,"","Willd.",Unresolved,,L,IPNI,17120940-1,17120940-1,"Sp. Pl., ed. 4 [Willdenow]","5: 80","","1810"
tro-50211324,P,Lygodiaceae,,Hydroglossum,,"mexicanum",,"","Fée",Unresolved,,L,TRO,50211324,,"Mém. Foug.","9: 42","42","1857-1858"
ifn-48170,P,Lygodiaceae,,Hydroglossum,,"microstachyum",,"","Steud.",Unresolved,,L,IPNI,17121000-1,17121000-1,"Nomencl.","2. 206. 1824","","1824"
ifn-48173,P,Lygodiaceae,,Hydroglossum,,"pedatum",,"","Willd.",Unresolved,,L,IPNI,17121030-1,17121030-1,"Schr. Akad. Erfurt","1802. 25","","1802"
tro-50152359,P,Lygodiaceae,,Hydroglossum,,"pinnatifidum",,"","Willd.",Unresolved,,L,TRO,50152359,17121040-1,"Schrift. Acad. Erfurt.","21","21","1802"
ifn-48179,P,Lygodiaceae,,Hydroglossum,,"semipinnatum",,"","Poir.",Unresolved,,L,IPNI,17121080-1,17121080-1,"Encycl. (Lamarck) Suppl. 3.","78","","1813 [24 Sep 1813]"
tro-100354211,P,Lygodiaceae,,Lygodictyon,,"forsteri",,"","J. Sm. ex Hook.",Unresolved,,L,TRO,100354211,,"Gen. Fil.",", t. 111B","","1842"
ifn-48194,P,Lygodiaceae,,Lygodictyon,,"lanceolatum",,"","J.Sm.",Unresolved,,L,IPNI,17142730-1,17142730-1,"Ferns Brit. For., ed. 2.","323","","1877"
ifn-48195,P,Lygodiaceae,,Lygodictyon,,"reticulatum",,"","J.Sm.",Unresolved,,L,IPNI,17142740-1,17142740-1,"Hist. Fil.","352. 1875.","","1875"
ifn-48196,P,Lygodiaceae,,Lygodictyon,,"schkuhrii",,"","J.Sm.",Unresolved,,L,IPNI,17142750-1,17142750-1,"London J. Bot.","2. 384. 1843","","1843"
ifn-48209,P,Lygodiaceae,,Lygodium,,"acuminatum",,"","Sturm",Unresolved,,L,IPNI,17142770-1,17142770-1,"Fl. Bras. (Martius)","1(2): 174, t. 14, f. 12","","1859"
tro-50142466,P,Lygodiaceae,,Lygodium,,"alticola",,"","Ching",Unresolved,,L,TRO,50142466,,"Acta Bot. Yunnan.","4(3): 219","219","1982"
ifn-48210,P,Lygodiaceae,,Lygodium,,"altum",,"","Alderw.",Unresolved,,L,IPNI,17253790-1,17253790-1,"Malayan Ferns","114. 1909","","1909"
ifn-48211,P,Lygodiaceae,,Lygodium,,"andamanicum",,"","R.D.Dixit, J.B.Bhandari & R.Mukhop.",Unresolved,,L,IPNI,20005000-1,20005000-1,"Nordic J. Bot.","21(4): 427","","2002 [2001 publ. 2002]"
ifn-48212,P,Lygodiaceae,,Lygodium,,"articulatum",,"","A.Rich.",Unresolved,,L,IPNI,17142780-1,17142780-1,"Voy. Astrolabe","96 t. 15. 1832; HB. 437. Prantl, Schiz. 63. Chr. 354. NPfl. 364","","1832"
tro-26615175,P,Lygodiaceae,,Lygodium,,"auriculatum",,"","Alston",Unresolved,,L,TRO,26615175,,"","","",""
ifn-48214,P,Lygodiaceae,,Lygodium,,"basilanicum",,"","Christ",Unresolved,,L,IPNI,17253800-1,17253800-1,"Philipp. J. Sci., C","2: 179","","1907"
tro-26600397,P,Lygodiaceae,,Lygodium,,"boivini",,"","Kuhn",Accepted,,M,TRO,26600397,,"Filic. Afr.","168","168","1868"
tro-50165832,P,Lygodiaceae,,Lygodium,,"borneense",,"","Alderw.",Unresolved,,L,TRO,50165832,17286180-1,"Bull. Jard. Bot. Buitenzorg, sér. 2,","20: 29","29","1915"
ifn-48217,P,Lygodiaceae,,Lygodium,,"brycei",,"","Baker",Unresolved,,L,IPNI,17142800-1,17142800-1,"Bull. Misc. Inform. Kew","1901. 138","","1901"
tro-26623888,P,Lygodiaceae,,Lygodium,,"circinatum",,"","(Burm. f.) Sw.",Accepted,,M,TRO,26623888,,"Syn. Fil.","153","153","1806"
ifn-48224,P,Lygodiaceae,,Lygodium,,"colaniae",,"","Tardieu & C.Chr.",Unresolved,,L,IPNI,17403790-1,17403790-1,"Notul. Syst. (Paris)","5: 168","","1936"
tro-26620544,P,Lygodiaceae,,Lygodium,,"conforme",,"","C. Chr.",Unresolved,,L,TRO,26620544,17340290-1,"Bull. Mus. Natl. Hist. Nat., sér. 2","6(1): 104","104","1934"
tro-26620173,P,Lygodiaceae,,Lygodium,,"cubense",,"","Kunth",Unresolved,,L,TRO,26620173,17142850-1,"Nov. Gen. Sp. (quarto ed.)","1: 31","31","1815"
ifn-48229,P,Lygodiaceae,,Lygodium,,"derivatum",,"","Alderw.",Unresolved,,L,IPNI,17340300-1,17340300-1,"Bull. Buit.","III. 5. 213. 1922.","","1922"
tro-100376431,P,Lygodiaceae,,Lygodium,,"dichotomum",,"","Sw.",Unresolved,,L,TRO,100376431,17142860-1,"Syn. Fil.","154","154","1806"
tro-26620177,P,Lygodiaceae,,Lygodium,,"digitatum",,"","C. Presl",Unresolved,,L,TRO,26620177,17142870-1,"Reliq. Haenk.","1(1): 73","73","1825"
tro-50176038,P,Lygodiaceae,,Lygodium,,"dimorphum",,"","Copel.",Unresolved,,L,TRO,50176038,17253810-1,"Philipp. J. Sci.","6: 67","67","1911"
tro-50008296,P,Lygodiaceae,,Lygodium,,"elegans",,"","Desv.",Unresolved,,L,TRO,50008296,17142900-1,"Ges. Naturf. Freunde Berlin Mag. Neuesten Entdeck. Gesammten Naturk.","5: 308","308","1811"
ifn-48237,P,Lygodiaceae,,Lygodium,,"expansum",,"","Desv.",Unresolved,,L,IPNI,17142910-1,17142910-1,"M","6(2): 204","","1827"
tro-26617005,P,Lygodiaceae,,Lygodium,×,"fayae",,"","Jermy & T.G. Walker",Unresolved,,L,TRO,26617005,17510670-1,"Bull. Brit. Mus. (Nat. Hist.), Bot.","13(2): 252, f. 1B–C, 2","252","1985"
ifn-48239,P,Lygodiaceae,,Lygodium,,"finlaysonianum",,"","Wall.",Unresolved,,L,IPNI,17142920-1,17142920-1,"Numer. List [Wallich]","n. 2002. 1829; Pr. Suppl. 112. 1845","","1829"
tro-26609806,P,Lygodiaceae,,Lygodium,,"flexuosum",,"","(L.) Sw.",Accepted,,M,TRO,26609806,17142930-1,"J. Bot. (Schrader)","1800(2): 106","106","1801"
ifn-48242,P,Lygodiaceae,,Lygodium,,"forsteri",,"","Lowe",Unresolved,,L,IPNI,17142940-1,17142940-1,"New and rare ferns","t. 35. 1861","","1861"
ifn-48243,P,Lygodiaceae,,Lygodium,,"giganteum",,"","Tagawa & K.Iwats.",Unresolved,,L,IPNI,17443610-1,17443610-1,"Acta Phytotax. Geobot.","22: 97, f. 1. 1967.","","1967"
tro-50165813,P,Lygodiaceae,,Lygodium,,"gracile",,"","Baker",Unresolved,,L,TRO,50165813,147828-2,"J. Bot.","26: 35","35","1888"
ifn-48245,P,Lygodiaceae,,Lygodium,,"gracilescens",,"","Col.",Unresolved,,L,IPNI,17142960-1,17142960-1,"Trans. New Zealand Inst.","28. 620. 1896","","1896"
tro-26619853,P,Lygodiaceae,,Lygodium,,"hastatum",,"","(Willd.) Desv.",Accepted,,M,TRO,26619853,17142970-1,"Mém. Soc. Linn. Paris","6: 204","204","1827"
ifn-48247,P,Lygodiaceae,,Lygodium,,"heptaphyllum",,"","Schrad.",Unresolved,,L,IPNI,17142980-1,17142980-1,"Gott. gel. Anz.","1824. 863","","1824"
tro-26607287,P,Lygodiaceae,,Lygodium,,"heterodoxum",,"","Kunze",Accepted,,M,TRO,26607287,147829-2,"Farrnkräuter","2: 32, t. 113","32","1849"
tro-50059946,P,Lygodiaceae,,Lygodium,,"heterophyllum",,"","C. Presl",Unresolved,,L,TRO,50059946,17143000-1,"Reliq. Haenk.","1(1): 73","73","1825"
tro-50169659,P,Lygodiaceae,,Lygodium,,"hians",,"","E. Fourn.",Unresolved,,L,TRO,50169659,17143010-1,"Ann. Sci. Nat., Bot., sér. 5,","18: 355","355","1875"
ifn-48251,P,Lygodiaceae,,Lygodium,,"hirtum",,"","Kaulf.",Unresolved,,L,IPNI,17143020-1,17143020-1,"Enum. Filic.","47","","1824 [8 Apr-28 May 1824]"
ifn-48252,P,Lygodiaceae,,Lygodium,,"intermedium",,"","Mett.; Kuhn",Unresolved,,L,IPNI,17143030-1,17143030-1,"Linnaea","36. 168. 1869","","1869"
kew-2902176,P,Lygodiaceae,,Lygodium,,"japonicum",,"","(Thunb.) Sw.",Accepted,,L,WCSP (in review),1024825,17143040-1,"J. Bot. (Schrader)","106","","1802"
tro-26600395,P,Lygodiaceae,,Lygodium,,"kerstenii",,"","Kuhn",Accepted,,M,TRO,26600395,,"Filic. Afr.","28","28","1868"
ifn-48256,P,Lygodiaceae,,Lygodium,,"kingii",,"","Copel.",Unresolved,,L,IPNI,17253820-1,17253820-1,"Philipp. J. Sci., C","6: 68","","1911"
ifn-48257,P,Lygodiaceae,,Lygodium,,"laciniatum",,"","Lodd.",Unresolved,,L,IPNI,17143060-1,17143060-1,"Cat.","1849","","1849"
tro-26600398,P,Lygodiaceae,,Lygodium,,"lanceolatum",,"","Desv.",Accepted,,M,TRO,26600398,17143070-1,"Ges. Naturf. Freunde Berlin Mag. Neuesten Entdeck. Gesammten Naturk.","5: 307","307","1811"
tro-26620179,P,Lygodiaceae,,Lygodium,×,"lancetillanum",,"","L.D. Gómez",Unresolved,,L,TRO,26620179,287392-2,"Brenesia","18: 160","160","1980"
tro-50165833,P,Lygodiaceae,,Lygodium,,"longifolium",,"","(Willd.) Sw.",Accepted,,M,TRO,50165833,17143080-1,"J. Bot. (Schrader)","2: 305","305","1803"
ifn-48261,P,Lygodiaceae,,Lygodium,,"lucens",,"","Kaulf.",Unresolved,,L,IPNI,17143090-1,17143090-1,"Enum. Filic.","47","","1824 [8 Apr-28 May 1824]"
ifn-48262,P,Lygodiaceae,,Lygodium,,"maculatum",,"","Bory",Unresolved,,L,IPNI,17143100-1,17143100-1,"Voy. Indes Or. [B","2. 15. 1833","","1833"
tro-50181429,P,Lygodiaceae,,Lygodium,,"matthewii",,"","Copel.",Unresolved,,L,TRO,50181429,17253830-1,"Philipp. J. Sci.","3: 36","36","1908"
tro-50165834,P,Lygodiaceae,,Lygodium,,"merrillii",,"","Copel.",Unresolved,,L,TRO,50165834,17253850-1,"Philipp. J. Sci.","2: 146","146","1907"
ifn-48267,P,Lygodiaceae,,Lygodium,,"meyenianum",,"","C.Presl",Unresolved,,L,IPNI,17143120-1,17143120-1,"Suppl. Tent. Pterid.","106. 1845","","1845"
tro-26602849,P,Lygodiaceae,,Lygodium,,"microphyllum",,"","(Cav.) R. Br.",Accepted,,M,TRO,26602849,17143140-1,"Prodr.","162","162","1810"
ifn-48273,P,Lygodiaceae,,Lygodium,,"moszkowskii",,"","Brause",Unresolved,,L,IPNI,17253860-1,17253860-1,"Bot. Jahrb. Syst.","49. 57. 1912","","1912"
ifn-48274,P,Lygodiaceae,,Lygodium,,"mucronulatum",,"","Sturm",Unresolved,,L,IPNI,17143170-1,17143170-1,"Fl. Bras. (Martius)","1(2): 171, t. 14, f. 9","","1859"
ifn-48275,P,Lygodiaceae,,Lygodium,,"novoguineense",,"","Rosenst.",Unresolved,,L,IPNI,17253870-1,17253870-1,"Repert. Spec. Nov. Regni Veg.","9: 427","","1911"
tro-26620174,P,Lygodiaceae,,Lygodium,,"oligostachyum",,"","(Willd.) Desv.",Accepted,,M,TRO,26620174,17143180-1,"Mém. Soc. Linn. Paris","6: 205","205","1827"
ifn-48277,P,Lygodiaceae,,Lygodium,,"palmatilobum",,"","Sturm",Unresolved,,L,IPNI,17143190-1,17143190-1,"Fl. Bras. (Martius)","1(2): 170, t. 14, f. 6","","1859"
tro-26602850,P,Lygodiaceae,,Lygodium,,"palmatum",,"","(Bernh.) Sw.",Accepted,,M,TRO,26602850,,"Syn. Fil.","154","154","1806"
tro-26626022,P,Lygodiaceae,,Lygodium,,"pedatum",,"","Sw.",Unresolved,,L,TRO,26626022,17143210-1,"J. Bot. (Schrader)","1800(2): 106","106","1801"
ifn-48281,P,Lygodiaceae,,Lygodium,,"pedicellatum",,"","C.Chr. & Maxon",Unresolved,,L,IPNI,147833-2,147833-2,"Kungl. Svenska Vetenskapsakad. Handl.","16(2): 85, tab. 19","","1936"
tro-26620556,P,Lygodiaceae,,Lygodium,,"pilosum",,"","Desv.",Unresolved,,L,TRO,26620556,17143230-1,"Mém. Soc. Linn. Paris","6: 205","205","1827"
tro-26620554,P,Lygodiaceae,,Lygodium,,"pinnatifidum",,"","Sw.",Unresolved,,L,TRO,26620554,17143240-1,"J. Bot. (Schrader)","1803: 303","303","1803"
ifn-48285,P,Lygodiaceae,,Lygodium,,"poeppigianum",,"","C.Presl",Unresolved,,L,IPNI,17143260-1,17143260-1,"Suppl. Tent. Pterid.","103. 1845","","1845"
ifn-48286,P,Lygodiaceae,,Lygodium,,"pohlianum",,"","C.Presl",Unresolved,,L,IPNI,17143270-1,17143270-1,"Suppl. Tent. Pterid.","105. 1845","","1845"
tro-50042248,P,Lygodiaceae,,Lygodium,,"polycarpum",,"","(Willd.) Desv.",Accepted,,M,TRO,50042248,17143280-1,"Mém. Soc. Linn. Paris","6: 204","204","1827"
tro-26620550,P,Lygodiaceae,,Lygodium,,"polystachyum",,"","Wall. ex T. Moore",Unresolved,,L,TRO,26620550,,"Gard. Chron.","671","671","1857"
ifn-48294,P,Lygodiaceae,,Lygodium,,"puberulum",,"","Sturm",Unresolved,,L,IPNI,17143310-1,17143310-1,"Fl. Bras. (Martius)","1(2): 176","","1859"
tro-26606130,P,Lygodiaceae,,Lygodium,,"radiatum",,"","Prantl",Accepted,,M,TRO,26606130,17143340-1,"Unters. Morph. Gefasskrypt.","2: 66","66","1881"
tro-50085733,P,Lygodiaceae,,Lygodium,,"reticulatum",,"","Schkuhr",Unresolved,,L,TRO,50085733,,"","","",""
ifn-48300,P,Lygodiaceae,,Lygodium,,"rottlerianum",,"","C.Presl",Unresolved,,L,IPNI,17143360-1,17143360-1,"Suppl. Tent. Pterid.","108. 1845","","1845"
tro-26620552,P,Lygodiaceae,,Lygodium,,"salicifolium",,"","C.Presl",Unresolved,,L,TRO,26620552,17143370-1,"Suppl. Tent. Pterid.","102","102","1845"
tro-26605863,P,Lygodiaceae,,Lygodium,,"scandens",,"","(L.) Sw.",Accepted,,M,TRO,26605863,17143380-1,"J. Bot. (Schrader)","1800(2): 106","106","1801"
tro-50211329,P,Lygodiaceae,,Lygodium,,"schiedeanum",,"","C. Presl",Unresolved,,L,TRO,50211329,147838-2,"Suppl. Tent. Pterid.","110","110","1845"
ifn-48306,P,Lygodiaceae,,Lygodium,,"semibipinnatum",,"","R.Br.",Unresolved,,L,IPNI,17143410-1,17143410-1,"Prodr. Fl. Nov. Holland.","162. 1810","","1810 [27 Mar 1810]"
tro-50042243,P,Lygodiaceae,,Lygodium,,"semihastatum",,"","Desv.",Unresolved,,L,TRO,50042243,17274540-1,"Mém. Soc. Linn. Paris","6: 203","203","1827"
tro-26620557,P,Lygodiaceae,,Lygodium,,"serrulatum",,"","Blume",Unresolved,,L,TRO,26620557,17143430-1,"Enum. Pl. Javae","fasc. 2: 254","254","1828"
tro-26605864,P,Lygodiaceae,,Lygodium,,"smithianum",,"","C. Presl",Accepted,,M,TRO,26605864,,"Suppl. Tent. Pterid.","112","112","1845"
tro-50048632,P,Lygodiaceae,,Lygodium,,"spectabile",,"","(Liebm.) E. Fourn.",Accepted,,M,TRO,50048632,,"Bull. Soc. Bot. France","19: 261","261","1872"
tro-26618946,P,Lygodiaceae,,Lygodium,,"subareolatum",,"","Christ",Unresolved,,L,TRO,26618946,17253880-1,"Bull. Acad. Int. Géogr. Bot.","17(212): 151","151","1907"
ifn-48312,P,Lygodiaceae,,Lygodium,,"surinamense",,"","Miq.",Unresolved,,L,IPNI,17143460-1,17143460-1,"Diar. Inst. Bat.","1843. 8","","1843"
ifn-48315,P,Lygodiaceae,,Lygodium,,"teysmannii",,"","Alderw.",Unresolved,,L,IPNI,17253890-1,17253890-1,"Bull. Dept. Agric. Indes Neerl.","18. 5. 1908","","1908"
tro-50176037,P,Lygodiaceae,,Lygodium,,"trifurcatum",,"","Baker",Unresolved,,L,TRO,50176037,17143490-1,"Syn. Fil.","437","437","1868"
ifn-48317,P,Lygodiaceae,,Lygodium,,"varium",,"","Link",Unresolved,,L,IPNI,17143500-1,17143500-1,"Hort. Berol.","2. 140. 1833","","1833"
tro-26606127,P,Lygodiaceae,,Lygodium,,"venustum",,"","Sw.",Accepted,,M,TRO,26606127,17143510-1,"J. Bot. (Schrader)","1801(2): 303","303","1803"
tro-50176041,P,Lygodiaceae,,Lygodium,,"versteegii",,"","Christ",Unresolved,,L,TRO,50176041,,"Nova Guinea","8: 161","161","1909"
tro-26606128,P,Lygodiaceae,,Lygodium,,"volubile",,"","Sw.",Accepted,,M,TRO,26606128,,"J. Bot. (Schrader)","1801(2): 304","304","1803"
tro-50165815,P,Lygodiaceae,,Lygodium,,"wrightii",,"","Mett. ex Prantl",Unresolved,,L,TRO,50165815,147848-2,"Unters. Morph. Gefasskrypt.","2: 78","78","1881"
tro-26620545,P,Lygodiaceae,,Lygodium,,"yunnanense",,"","Ching",Accepted,,M,TRO,26620545,17403810-1,"Fl. Reipubl. Popularis Sin.","2: 345–346","345","1959"
tro-26609130,P,Lygodiaceae,,Ramondia,,"palmata",,"","Bosc",Unresolved,,L,TRO,26609130,17261210-1,"Bull. Soc. Philom. Paris","2: 179","179",""
ifn-48492,P,Lygodiaceae,,Ugena,,"alba",,"","Blanco",Unresolved,,L,IPNI,17233400-1,17233400-1,"Fl. Filip. [F.M. Blanco]","823. 1837","","1837"
ifn-48493,P,Lygodiaceae,,Ugena,,"dichotoma",,"","Cav.",Unresolved,,L,IPNI,17233410-1,17233410-1,"Icon. [Cavanilles]","6: 74, t. 594, f. 3","","1801"
ifn-48494,P,Lygodiaceae,,Ugena,,"macrostachya",,"","Cav.",Unresolved,,L,IPNI,17233420-1,17233420-1,"Icon. [Cavanilles]","6: 75, t. 594, f. 2","","1801"
ifn-48497,P,Lygodiaceae,,Ugena,,"semihastata",,"","Cav.",Unresolved,,L,IPNI,17233450-1,17233450-1,"Icon. [Cavanilles]","6: 74, t. 594, f. 1","","1801"
ifn-48498,P,Lygodiaceae,,Ugena,,"semihastata",,"","Blanco",Unresolved,,L,IPNI,17233460-1,17233460-1,"Fl. Filip. [F.M. Blanco]","822. 1837","","1837"
