﻿ID,Major group,Family,Genus hybrid marker,Genus,Species hybrid marker,Species,Infraspecific rank,Infraspecific epithet,Authorship,Taxonomic status in TPL,Nomenclatural status from original data source,Confidence level,Source,Source id,IPNI id,Publication,Collation,Page,Date
kew-218432,A,Marantaceae,,Afrocalathea,,"rhizantha",,"","(K.Schum.) K.Schum.",Accepted,,H,WCSP,218432,,"Pflanzenr.","IV, 48: 51","","1902"
tro-19700011,A,Marantaceae,,Calathea,,"ackermani",,"","Körn.",Unresolved,,L,TRO,19700011,,"","","",""
kew-222925,A,Marantaceae,,Calathea,,"ackermannii",,"","Körn.",Accepted,,H,WCSP,222925,795758-1,"Bull. Soc. Imp. Naturalistes Moscou","35(1): 133","","1862"
kew-222926,A,Marantaceae,,Calathea,,"acuminata",,"","Steyerm.",Accepted,,H,WCSP,222926,40962-2,"Fieldiana, Bot.","28: 161","","1951"
kew-222927,A,Marantaceae,,Calathea,,"aemula",,"","Körn.",Accepted,,H,WCSP,222927,795759-1,"Bull. Soc. Imp. Naturalistes Moscou","35(1): 131","","1862"
kew-222928,A,Marantaceae,,Calathea,,"affinis",,"","Fenzl ex Regel",Accepted,,H,WCSP,222928,795760-1,"Gartenflora","28: 294","","1879"
kew-222929,A,Marantaceae,,Calathea,,"albertii",,"","(Pynaert & Van Geert) L.H.Bailey & Raffill",Accepted,,H,WCSP,222929,,"Stand. Cycl. Hort.","2: 621","","1914"
kew-222931,A,Marantaceae,,Calathea,,"albovaginata",,"","(K.Koch & Linden) K.Schum.",Accepted,,H,WCSP,222931,40966-2,"Pflanzenr.","IV, 48: 99","","1902"
kew-222932,A,Marantaceae,,Calathea,,"allenii",,"","Woodson",Accepted,,H,WCSP,222932,40967-2,"Ann. Missouri Bot. Gard.","29: 331","","1942"
kew-222934,A,Marantaceae,,Calathea,,"allouia",,"","(Aubl.) Lindl.",Accepted,,H,WCSP,222934,795765-1,"Edwards's Bot. Reg.","14: t. 1210","","1829"
kew-222936,A,Marantaceae,,Calathea,,"altissima",,"","(Poepp. & Endl.) Horan.",Accepted,,H,WCSP,222936,,"Prodr. Monogr. Scitam.","13","","1862"
kew-222937,A,Marantaceae,,Calathea,,"amazonica",,"","H.A.Kenn.",Accepted,,H,WCSP,222937,300667-2,"Selbyana","15: 63","","1994"
kew-222939,A,Marantaceae,,Calathea,,"anderssonii",,"","H.A.Kenn.",Accepted,,H,WCSP,222939,273640-2,"Canad. J. Bot.","63: 1145","","1985"
kew-222940,A,Marantaceae,,Calathea,,"angustifolia",,"","Körn.",Accepted,,H,WCSP,222940,795768-1,"Gartenflora","7: 87","","1858"
kew-222941,A,Marantaceae,,Calathea,,"annae",,"","H.A.Kenn. & Marcelo",Accepted,,H,WCSP,222941,1001035-1,"Phytologia","82: 96","","1997"
kew-222942,A,Marantaceae,,Calathea,,"anulque",,"","H.A.Kenn.",Accepted,,H,WCSP,222942,273641-2,"in Fl. Ecuador","32(224): 38","","1988"
kew-222943,A,Marantaceae,,Calathea,,"applicata",,"","Jacob-Makoy ex E.Morren",Accepted,,H,WCSP,222943,795769-1,"Ann. Hort. Belge Étrangère","24: 228","","1874"
kew-222944,A,Marantaceae,,Calathea,,"argyraea",,"","Körn.",Accepted,,H,WCSP,222944,795770-1,"Bull. Soc. Imp. Naturalistes Moscou","35(1): 142","","1862"
kew-222945,A,Marantaceae,,Calathea,,"argyrophylla",,"","(Linden ex K.Koch) L.H.Bailey & Raffill",Accepted,,H,WCSP,222945,,"Stand. Cycl. Hort.","2: 624","","1914"
kew-222946,A,Marantaceae,,Calathea,,"arrabidae",,"","Körn.",Accepted,,H,WCSP,222946,795771-1,"Bull. Soc. Imp. Naturalistes Moscou","35(1): 144","","1862"
kew-222948,A,Marantaceae,,Calathea,,"asplundii",,"","H.A.Kenn.",Accepted,,H,WCSP,222948,273642-2,"in Fl. Ecuador","32(224): 53","","1988"
kew-222949,A,Marantaceae,,Calathea,,"atropurpurea",,"","Matuda",Accepted,,H,WCSP,222949,40975-2,"Anales Inst. Biol. Univ. Nac. México","27: 359","","1957"
kew-222950,A,Marantaceae,,Calathea,,"attenuata",,"","H.A.Kenn.",Accepted,,H,WCSP,222950,273643-2,"Nordic J. Bot.","6: 146","","1986"
kew-222951,A,Marantaceae,,Calathea,,"bachemiana",,"","E.Morren",Accepted,,H,WCSP,222951,795773-1,"Ann. Bot. Hort.","25: 271","","1875"
kew-222953,A,Marantaceae,,Calathea,,"bantae",,"","H.A.Kenn.",Accepted,,H,WCSP,222953,273644-2,"Canad. J. Bot.","64: 1321","","1986"
kew-222954,A,Marantaceae,,Calathea,,"baraquinii",,"","(Lem.) Regel",Accepted,,H,WCSP,222954,795776-1,"Gartenflora","18: 99","","1869"
kew-222955,A,Marantaceae,,Calathea,,"barbata",,"","Petersen",Accepted,,H,WCSP,222955,40980-2,"Fl. Bras.","3(3): 110","","1890"
tro-100374613,A,Marantaceae,,Calathea,,"basiflora",,"","H. Kenn.",Unresolved,,L,TRO,100374613,,"","","",""
kew-222957,A,Marantaceae,,Calathea,,"bella",,"","(W.Bull) Regel",Accepted,,H,WCSP,222957,795778-1,"Gartenflora","28: 297","","1879"
kew-222958,A,Marantaceae,,Calathea,,"bellula",,"","Linden",Accepted,,H,WCSP,222958,795779-1,"Cat. Gén.","89: 2","","1872"
kew-222961,A,Marantaceae,,Calathea,,"blanda",,"","(Nees) Steud.",Accepted,,H,WCSP,222961,795781-1,"Nomencl. Bot.","ed. 2, 1: 253","","1840"
tro-100373773,A,Marantaceae,,Calathea,,"boliviana",,"","Pax",Unresolved,,L,TRO,100373773,564967-1,"Contr. Fl. Bolivia","96:","","1910"
kew-222962,A,Marantaceae,,Calathea,,"bracteosa",,"","Rusby",Accepted,,H,WCSP,222962,40982-2,"Mem. New York Bot. Gard.","7: 220","","1927"
kew-222963,A,Marantaceae,,Calathea,,"brasiliensis",,"","Körn.",Accepted,,H,WCSP,222963,795782-1,"Bull. Soc. Imp. Naturalistes Moscou","35(1): 118","","1862"
kew-222964,A,Marantaceae,,Calathea,,"brenesii",,"","Standl.",Accepted,,H,WCSP,222964,40984-2,"Publ. Field Mus. Nat. Hist., Bot. Ser.","18: 192","","1937"
kew-222965,A,Marantaceae,,Calathea,,"brevipes",,"","Körn.",Accepted,,H,WCSP,222965,795783-1,"Bull. Soc. Imp. Naturalistes Moscou","35(1): 140","","1862"
kew-222966,A,Marantaceae,,Calathea,,"brunnescens",,"","(K.Koch) K.Schum.",Accepted,,H,WCSP,222966,40986-2,"Pflanzenr.","IV, 48: 99","","1902"
kew-222967,A,Marantaceae,,Calathea,,"buchtienii",,"","Pax",Accepted,,H,WCSP,222967,40987-2,"Repert. Spec. Nov. Regni Veg.","7: 107","","1909"
kew-222969,A,Marantaceae,,Calathea,,"burle-marxii",,"","H.A.Kenn.",Accepted,,H,WCSP,222969,40989-2,"Canad. J. Bot.","60: 2365","","1982"
kew-222971,A,Marantaceae,,Calathea,,"caesariata",,"","H.A.Kenn.",Accepted,,H,WCSP,222971,40990-2,"Bot. Not.","129: 350","","1977"
kew-222972,A,Marantaceae,,Calathea,,"cannoides",,"","(Nicolson, Steyerm. & Sivad.) H.A.Kenn.",Accepted,,H,WCSP,222972,962270-1,"Phytologia","69: 375","","1990"
kew-222973,A,Marantaceae,,Calathea,,"capitata",,"","(Ruiz & Pav.) Lindl.",Accepted,,H,WCSP,222973,795787-1,"Bot. Reg.","14: t. 1210","","1829"
kew-222974,A,Marantaceae,,Calathea,,"caquetensis",,"","S.Suárez & Galeano",Accepted,,H,WCSP,222974,320236-2,"Calcutta J. Nat. Hist.","22: 9","","2000"
kew-222975,A,Marantaceae,,Calathea,,"cardenasii",,"","Rusby",Accepted,,H,WCSP,222975,40991-2,"Mem. New York Bot. Gard.","7: 222","","1927"
tro-19700729,A,Marantaceae,,Calathea,,"carioca",,"","H. Kenn.",Unresolved,,L,TRO,19700729,,"","","",""
kew-468920,A,Marantaceae,,Calathea,,"carlae",,"","H.Kenn.",Accepted,,H,WCSP,468920,77116588-1,"Novon","21: 203","","2011"
tro-100363579,A,Marantaceae,,Calathea,,"carolineae",,"","H. Kenn.",Unresolved,,L,TRO,100363579,,"","","",""
kew-222977,A,Marantaceae,,Calathea,,"cartaractarum",,"","K.Schum.",Accepted,,H,WCSP,222977,40993-2,"Pflanzenr.","IV, 48: 95","","1902"
kew-222978,A,Marantaceae,,Calathea,,"casupito",,"","(Jacq.) G.Mey.",Accepted,,H,WCSP,222978,795790-1,"Prim. Fl. Esseq.","10","","1818"
kew-222979,A,Marantaceae,,Calathea,,"chimboracensis",,"","(Linden) Linden",Accepted,,H,WCSP,222979,795791-1,"Ill. Hort.","17: t. 6","","1870"
kew-468928,A,Marantaceae,,Calathea,,"chiriquensis",,"","H.Kenn.",Accepted,,H,WCSP,468928,77116589-1,"Novon","21: 205","","2011"
kew-222981,A,Marantaceae,,Calathea,,"chrysantha",,"","Horan.",Accepted,,H,WCSP,222981,795793-1,"Prodr. Monogr. Scitam.","13","","1862"
kew-222982,A,Marantaceae,,Calathea,,"chrysoleuca",,"","(Poepp. & Endl.) Körn.",Accepted,,H,WCSP,222982,795794-1,"Bull. Soc. Imp. Naturalistes Moscou","35(1): 142","","1862"
kew-222983,A,Marantaceae,,Calathea,,"cinerea",,"","Regel",Accepted,,H,WCSP,222983,795795-1,"Gartenflora","25: 2","","1876"
kew-222984,A,Marantaceae,,Calathea,,"cleistantha",,"","Standl.",Accepted,,H,WCSP,222984,40996-2,"J. Wash. Acad. Sci.","17: 250","","1927"
kew-222985,A,Marantaceae,,Calathea,,"clivorum",,"","H.A.Kenn.",Accepted,,H,WCSP,222985,273646-2,"Canad. J. Bot.","63: 1147","","1985"
kew-222986,A,Marantaceae,,Calathea,,"coccinea",,"","Standl. & Steyerm.",Accepted,,H,WCSP,222986,40997-2,"Publ. Field Mus. Nat. Hist., Bot. Ser.","23: 39","","1944"
kew-222987,A,Marantaceae,,Calathea,,"colombiana",,"","L.B.Sm. & Idrobo",Accepted,,H,WCSP,222987,40998-2,"Caldasia","5: 44","","1948"
kew-222988,A,Marantaceae,,Calathea,,"colorata",,"","(Hook.) Benth.",Accepted,,H,WCSP,222988,,"Gen. Pl.","3: 654","","1883"
kew-222989,A,Marantaceae,,Calathea,,"communis",,"","Wand. & S.Vieira",Accepted,,H,WCSP,222989,20010506-1,"Hoehnea","29: 115","","2002"
kew-222990,A,Marantaceae,,Calathea,,"comosa",,"","(L.f.) Lindl.",Accepted,,H,WCSP,222990,795797-1,"Edwards's Bot. Reg.","14: t. 1210","","1829"
kew-222991,A,Marantaceae,,Calathea,,"compacta",,"","S.Suárez & Galeano",Accepted,,H,WCSP,222991,320237-2,"Calcutta J. Nat. Hist.","22: 12","","2000"
kew-465215,A,Marantaceae,,Calathea,,"concinna",,"","(W.Bull) K.Schum.",Accepted,,H,WCSP,465215,,"Pflanzenr.","IV, 48: 119","","1902"
kew-222993,A,Marantaceae,,Calathea,,"concolor",,"","Eichler ex Petersen",Accepted,,H,WCSP,222993,41001-2,"Fl. Bras.","3(3): 126","","1890"
tro-100374614,A,Marantaceae,,Calathea,,"confusa",,"","H. Kenn.",Unresolved,,L,TRO,100374614,,"","","",""
kew-222995,A,Marantaceae,,Calathea,,"congesta",,"","H.A.Kenn.",Accepted,,H,WCSP,222995,273647-2,"in Fl. Ecuador","32(224): 40","","1988"
kew-222997,A,Marantaceae,,Calathea,,"contrafenestra",,"","H.A.Kenn.",Accepted,,H,WCSP,222997,316180-2,"Canad. J. Bot.","62: 18","","1984"
kew-222998,A,Marantaceae,,Calathea,,"coriacea",,"","H.A.Kenn.",Accepted,,H,WCSP,222998,564977-1,"Brenesia","14-15: 351","","1978"
kew-222999,A,Marantaceae,,Calathea,,"crocata",,"","E.Morren & Joriss.",Accepted,,H,WCSP,222999,795802-1,"Ann. Bot. Hort.","25: 141","","1875"
kew-223000,A,Marantaceae,,Calathea,,"crotalifera",,"","S.Watson",Accepted,,H,WCSP,223000,273648-2,"Proc. Amer. Acad. Arts","24: 86","","1889"
kew-223001,A,Marantaceae,,Calathea,,"cuneata",,"","H.A.Kenn.",Accepted,,H,WCSP,223001,41006-2,"Bot. Not.","129: 352","","1977"
kew-223002,A,Marantaceae,,Calathea,,"curaraya",,"","H.A.Kenn.",Accepted,,H,WCSP,223002,273649-2,"in Fl. Ecuador","32(224): 128","","1988"
kew-223003,A,Marantaceae,,Calathea,,"cyclophora",,"","Baker",Accepted,,H,WCSP,223003,41007-2,"Bull. Misc. Inform. Kew","1895: 17","","1895"
kew-223004,A,Marantaceae,,Calathea,,"cylindrica",,"","(Roscoe) K.Schum.",Accepted,,H,WCSP,223004,41008-2,"Pflanzenr.","IV, 48: 83","","1902"
kew-223006,A,Marantaceae,,Calathea,,"densa",,"","(K.Koch & Linden) Regel",Accepted,,H,WCSP,223006,795807-1,"Index Seminum (LE)","1866: 83","","1866"
kew-223007,A,Marantaceae,,Calathea,,"dicephala",,"","(Poepp. & Endl.) Körn.",Accepted,,H,WCSP,223007,795808-1,"Bull. Soc. Imp. Naturalistes Moscou","35(1): 127","","1862"
kew-223008,A,Marantaceae,,Calathea,,"dilabens",,"","L.Andersson & H.A.Kenn.",Accepted,,H,WCSP,223008,273650-2,"Nordic J. Bot.","6: 450","","1986"
kew-223009,A,Marantaceae,,Calathea,,"discolor",,"","G.Mey. ex Eggers",Unresolved,,L,WCSP,223009,795810-1,"Bot. Centralbl.","53: 307","","1893"
kew-223011,A,Marantaceae,,Calathea,,"divaricata",,"","Rusby",Accepted,,H,WCSP,223011,41011-2,"Bull. Torrey Bot. Club","29: 695","","1902"
kew-223012,A,Marantaceae,,Calathea,,"dodsonii",,"","H.A.Kenn.",Accepted,,H,WCSP,223012,41012-2,"Selbyana","2: 46","","1977"
kew-223013,A,Marantaceae,,Calathea,,"donnell-smithii",,"","K.Schum.",Accepted,,H,WCSP,223013,40304-2,"Pflanzenr.","IV, 48: 75","","1902"
tro-19700652,A,Marantaceae,,Calathea,,"dorothyae",,"","H. Kenn.",Unresolved,,L,TRO,19700652,,"","","",""
kew-223014,A,Marantaceae,,Calathea,,"dressleri",,"","H.A.Kenn.",Accepted,,H,WCSP,223014,41014-2,"Ann. Missouri Bot. Gard.","60: 414","","1973"
kew-372365,A,Marantaceae,,Calathea,,"dryadica",,"","J.M.A.Braga",Accepted,,H,WCSP,372365,77092383-1,"Kew Bull.","63: 309","","2008"
kew-223017,A,Marantaceae,,Calathea,,"eburnea",,"","André & Linden",Accepted,,H,WCSP,223017,,"Ill. Hort.","20: 171","","1873"
kew-223018,A,Marantaceae,,Calathea,,"ecuadoriana",,"","H.A.Kenn.",Accepted,,H,WCSP,223018,903756-1,"Canad. J. Bot.","62: 15","","1984"
kew-223019,A,Marantaceae,,Calathea,,"eichleri",,"","Petersen",Accepted,,H,WCSP,223019,41016-2,"Fl. Bras.","3(3): 108","","1890"
kew-223020,A,Marantaceae,,Calathea,,"elegans",,"","H.A.Kenn.",Accepted,,H,WCSP,223020,41017-2,"Bot. Not.","131: 349","","1978"
kew-223021,A,Marantaceae,,Calathea,,"elliptica",,"","(Roscoe) K.Schum.",Accepted,,H,WCSP,223021,41018-2,"Pflanzenr.","IV, 48: 75","","1902"
kew-223022,A,Marantaceae,,Calathea,,"enclitica",,"","J.F.Macbr.",Accepted,,H,WCSP,223022,41019-2,"Publ. Field Mus. Nat. Hist., Bot. Ser.","11: 53","","1931"
kew-223023,A,Marantaceae,,Calathea,,"erecta",,"","L.Andersson & H.A.Kenn.",Accepted,,H,WCSP,223023,273651-2,"Nordic J. Bot.","6: 448","","1986"
kew-223024,A,Marantaceae,,Calathea,,"erythrolepis",,"","L.B.Sm. & Idrobo",Accepted,,H,WCSP,223024,41020-2,"Caldasia","5: 46","","1948"
kew-223025,A,Marantaceae,,Calathea,,"eximia",,"","(K.Koch & C.D.Bouché) Körn. ex Regel",Accepted,,H,WCSP,223025,795816-1,"Gartenflora","7: 87","","1858"
kew-223026,A,Marantaceae,,Calathea,,"exscapa",,"","(Poepp. & Endl.) Körn.",Accepted,,H,WCSP,223026,795817-1,"Bull. Soc. Imp. Naturalistes Moscou","35(1): 122","","1862"
kew-223027,A,Marantaceae,,Calathea,,"exserta",,"","Rusby",Accepted,,H,WCSP,223027,41021-2,"Bull. New York Bot. Gard.","6: 495","","1910"
kew-223028,A,Marantaceae,,Calathea,,"fasciata",,"","(Linden ex K.Koch) Regel & Körn.",Accepted,,H,WCSP,223028,795818-1,"Gartenflora","7: 348","","1858"
kew-223030,A,Marantaceae,,Calathea,,"fatimae",,"","H.A.Kenn. & Marcelo",Accepted,,H,WCSP,223030,1001034-1,"Phytologia","82: 94","","1997"
kew-223031,A,Marantaceae,,Calathea,,"flavescens",,"","Lindl.",Accepted,,H,WCSP,223031,795820-1,"Bot. Reg.","11: t. 932","","1825"
kew-223032,A,Marantaceae,,Calathea,,"foliosa",,"","Rowlee ex Woodson & Schery",Accepted,,H,WCSP,223032,41022-2,"Ann. Missouri Bot. Gard.","29: 332","","1942"
tro-19700040,A,Marantaceae,,Calathea,,"forgetii",,"","Stapf",Unresolved,,L,TRO,19700040,,"","","",""
kew-223033,A,Marantaceae,,Calathea,,"fragilis",,"","Gleason",Accepted,,H,WCSP,223033,41023-2,"Bull. Torrey Bot. Club","56: 21","","1929"
kew-468929,A,Marantaceae,,Calathea,,"fredgandersii",,"","H.Kenn.",Accepted,,H,WCSP,468929,77116590-1,"Novon","21: 208","","2011"
kew-223034,A,Marantaceae,,Calathea,,"fucata",,"","H.A.Kenn.",Accepted,,H,WCSP,223034,935285-1,"in Fl. Ecuador","32(224): 133","","1988"
tro-19700718,A,Marantaceae,,Calathea,,"furcata",,"","H. Kenn.",Unresolved,,L,TRO,19700718,273652-2,"Fl. Ecuador","32: 133, f.","133","1988"
kew-223035,A,Marantaceae,,Calathea,,"gandersii",,"","H.A.Kenn.",Accepted,,H,WCSP,223035,273653-2,"in Fl. Ecuador","32(224): 110","","1988"
kew-223036,A,Marantaceae,,Calathea,,"gardneri",,"","Baker",Accepted,,H,WCSP,223036,41024-2,"Bull. Misc. Inform. Kew","1895: 18","","1895"
tro-50178870,A,Marantaceae,,Calathea,,"gentryi",,"","H. Kenn.",Unresolved,,L,TRO,50178870,,"","","",""
kew-223039,A,Marantaceae,,Calathea,,"glaziovii",,"","Benth.",Accepted,,H,WCSP,223039,795823-1,"Gen. Pl.","3: 654","","1883"
kew-223040,A,Marantaceae,,Calathea,,"gloriana",,"","J.D.Kenn.",Accepted,,H,WCSP,223040,,"Selbyana","18: 35","","1997"
kew-223045,A,Marantaceae,,Calathea,,"grandis",,"","Petersen",Accepted,,H,WCSP,223045,41029-2,"Fl. Bras.","3(3): 124","","1890"
kew-223046,A,Marantaceae,,Calathea,,"granvillei",,"","L.Andersson & H.A.Kenn.",Accepted,,H,WCSP,223046,273654-2,"Nordic J. Bot.","6: 451","","1986"
kew-223047,A,Marantaceae,,Calathea,,"grazielae",,"","H.A.Kenn. & Marcelo",Accepted,,H,WCSP,223047,1001036-1,"Phytologia","82: 101","","1997"
tro-19700611,A,Marantaceae,,Calathea,,"grazielae",,"","H. Kenn.",Unresolved,,L,TRO,19700611,,"","","",""
kew-223048,A,Marantaceae,,Calathea,,"guianensis",,"","Klotzsch ex Benth. & Hook.f.",Accepted,,H,WCSP,223048,795830-1,"Gen. Pl.","3: 654","","1883"
kew-223049,A,Marantaceae,,Calathea,,"guzmanioides",,"","L.B.Sm. & Idrobo",Accepted,,H,WCSP,223049,41031-2,"Caldasia","5: 47","","1948"
kew-223050,A,Marantaceae,,Calathea,,"gymnocarpa",,"","H.A.Kenn.",Accepted,,H,WCSP,223050,41032-2,"Bot. Not.","130: 333","","1977"
kew-223051,A,Marantaceae,,Calathea,,"hagbergii",,"","H.A.Kenn.",Accepted,,H,WCSP,223051,273655-2,"in Fl. Ecuador","32(224): 52","","1988"
kew-223052,A,Marantaceae,,Calathea,,"hammelii",,"","J.D.Kenn.",Accepted,,H,WCSP,223052,,"Selbyana","18: 33","","1997"
kew-223053,A,Marantaceae,,Calathea,,"harlingii",,"","H.A.Kenn.",Accepted,,H,WCSP,223053,273656-2,"in Fl. Ecuador","32(224): 28","","1988"
kew-223054,A,Marantaceae,,Calathea,,"hieroglyphica",,"","Linden & André",Accepted,,H,WCSP,223054,795831-1,"Ill. Hort.","20: 63","","1873"
kew-223056,A,Marantaceae,,Calathea,,"hirta",,"","Ravenna",Accepted,,H,WCSP,223056,60433534-2,"Onira","9: 46","","2004"
kew-372444,A,Marantaceae,,Calathea,,"hopkinsii",,"","Forzza",Accepted,,H,WCSP,372444,,"Rodriguésia","58: 535","","2007"
kew-223058,A,Marantaceae,,Calathea,,"humilis",,"","S.Moore",Accepted,,H,WCSP,223058,41035-2,"Trans. Linn. Soc. London, Bot.","4: 489","","1895"
kew-223059,A,Marantaceae,,Calathea,,"hylaeanthoides",,"","J.D.Kenn.",Accepted,,H,WCSP,223059,,"Canad. J. Bot.","75: 1356","","1997"
tro-19700609,A,Marantaceae,,Calathea,,"idroboi",,"","H. Kenn.",Unresolved,,L,TRO,19700609,,"","","",""
kew-223060,A,Marantaceae,,Calathea,,"illustris",,"","M.P.Corrêa",Unresolved,,L,WCSP,223060,564993-1,"Dicc. Pl. Ut. Bras.","1: 380","","1926"
kew-223062,A,Marantaceae,,Calathea,,"incompta",,"","J.D.Kenn.",Accepted,,H,WCSP,223062,,"Canad. J. Bot.","75: 1361","","1997"
kew-223063,A,Marantaceae,,Calathea,,"indecora",,"","Woodson",Accepted,,H,WCSP,223063,41037-2,"Ann. Missouri Bot. Gard.","29: 333","","1942"
kew-223064,A,Marantaceae,,Calathea,,"inocephala",,"","(Kuntze) T.Durand & B.D.Jacks.",Accepted,,H,WCSP,223064,,"Index Kew.","Suppl. 1: 72","","1902"
kew-372328,A,Marantaceae,,Calathea,,"inscripta",,"","(W.Bull) N.E.Br.",Accepted,,H,WCSP,372328,77091637-1,"Suppl. Johnson's Gard. Dict.","890","","1882"
tro-19700046,A,Marantaceae,,Calathea,,"iocosa",,"","J.F. Macbr.",Unresolved,,L,TRO,19700046,,"","","",""
kew-223068,A,Marantaceae,,Calathea,,"ischnosiphonoides",,"","H.A.Kenn.",Accepted,,H,WCSP,223068,273657-2,"in Fl. Ecuador","32(224): 45","","1988"
kew-223069,A,Marantaceae,,Calathea,,"jagoriana",,"","Regel",Accepted,,H,WCSP,223069,795836-1,"Gartenflora","28: 297","","1879"
kew-223070,A,Marantaceae,,Calathea,,"jocosa",,"","J.F.Macbr.",Accepted,,H,WCSP,223070,41040-2,"Publ. Field Mus. Nat. Hist., Bot. Ser.","11: 53","","1931"
kew-223071,A,Marantaceae,,Calathea,,"joffilyana",,"","J.M.A.Braga",Accepted,,H,WCSP,223071,327245-2,"Bradea","9: 1","","2002"
tro-100376129,A,Marantaceae,,Calathea,,"jondule",,"","H. Kenn. & Hammel",Unresolved,,L,TRO,100376129,,"Brenesia","75–76: 1–3, f. 1A–C","1","2011"
kew-223073,A,Marantaceae,,Calathea,,"kappleriana",,"","Körn. ex Horan.",Accepted,,H,WCSP,223073,795838-1,"Prodr. Monogr. Scitam.","12","","1862"
kew-223075,A,Marantaceae,,Calathea,,"killipii",,"","L.B.Sm. & Idrobo",Accepted,,H,WCSP,223075,41041-2,"Caldasia","5: 48","","1948"
kew-223078,A,Marantaceae,,Calathea,,"koernickeana",,"","Horan.",Accepted,,H,WCSP,223078,795839-1,"Prodr. Monogr. Scitam.","12","","1862"
kew-223079,A,Marantaceae,,Calathea,,"kummeriana",,"","E.Morren",Accepted,,H,WCSP,223079,795842-1,"Ann. Bot. Hort.","25: 270","","1875"
kew-223080,A,Marantaceae,,Calathea,,"laetevirens",,"","Huber",Accepted,,H,WCSP,223080,41046-2,"Bol. Mus. Goeldi Hist. Nat. Ethnogr.","4: 548","","1906"
kew-223081,A,Marantaceae,,Calathea,,"lagoagriana",,"","H.A.Kenn.",Accepted,,H,WCSP,223081,273659-2,"Nordic J. Bot.","6: 148","","1986"
kew-223083,A,Marantaceae,,Calathea,,"lanata",,"","Petersen",Accepted,,H,WCSP,223083,41048-2,"Fl. Bras.","3(3): 119","","1890"
kew-223085,A,Marantaceae,,Calathea,,"lancifolia",,"","Boom",Accepted,,H,WCSP,223085,565005-1,"Cat.","1905: 2","","1905"
tro-100363607,A,Marantaceae,,Calathea,,"lanibracteata",,"","H. Kenn.",Unresolved,,L,TRO,100363607,,"","","",""
kew-223086,A,Marantaceae,,Calathea,,"lanicaulis",,"","H.A.Kenn.",Accepted,,H,WCSP,223086,273660-2,"Canad. J. Bot.","63: 1143","","1985"
kew-223087,A,Marantaceae,,Calathea,,"lasiophylla",,"","H.A.Kenn.",Accepted,,H,WCSP,223087,41049-2,"Univ. Calif. Publ. Bot.","71: 63","","1978"
kew-223088,A,Marantaceae,,Calathea,,"lasiostachya",,"","Donn.Sm.",Accepted,,H,WCSP,223088,41050-2,"Bot. Gaz.","31: 124","","1901"
kew-223090,A,Marantaceae,,Calathea,,"lasseriana",,"","Steyerm.",Accepted,,H,WCSP,223090,41052-2,"Fieldiana, Bot.","28: 163","","1951"
kew-223091,A,Marantaceae,,Calathea,,"lateralis",,"","(Ruiz & Pav.) Lindl.",Accepted,,H,WCSP,223091,795846-1,"Edwards's Bot. Reg.","14: t. 1210","","1829"
kew-223092,A,Marantaceae,,Calathea,,"latifolia",,"","(Willd. ex Link) Klotzsch",Accepted,,H,WCSP,223092,795847-1,"Reis. Br.-Guiana","918","","1849"
kew-223093,A,Marantaceae,,Calathea,,"latrinotecta",,"","H.A.Kenn.",Accepted,,H,WCSP,223093,273661-2,"in Fl. Ecuador","32(224): 42","","1988"
kew-223095,A,Marantaceae,,Calathea,,"legrelleana",,"","(Linden) Regel",Accepted,,H,WCSP,223095,795849-1,"Gartenflora","28: 301","","1879"
kew-223097,A,Marantaceae,,Calathea,,"leonia",,"","(Sander) K.Schum.",Accepted,,H,WCSP,223097,,"Pflanzenr.","IV, 48: 90","","1902"
kew-468839,A,Marantaceae,,Calathea,,"leonoriae",,"","Lascur., H.Oliva & Avendaño",Accepted,,H,WCSP,468839,77116081-1,"Novon","21: 66","","2011"
kew-223103,A,Marantaceae,,Calathea,,"leucostachys",,"","Hook.f.",Accepted,,H,WCSP,223103,795855-1,"Bot. Mag.","101: t. 6205","","1875"
kew-223104,A,Marantaceae,,Calathea,,"libbyana",,"","H.A.Kenn.",Accepted,,H,WCSP,223104,41058-2,"Brittonia","36: 206","","1984"
kew-223105,A,Marantaceae,,Calathea,,"liesneri",,"","H.A.Kenn.",Accepted,,H,WCSP,223105,304712-2,"Novon","3: 49","","1993"
kew-223107,A,Marantaceae,,Calathea,,"lindbergii",,"","Petersen",Accepted,,H,WCSP,223107,41060-2,"Fl. Bras.","3(3): 113","","1890"
kew-223108,A,Marantaceae,,Calathea,,"lindeniana",,"","Wallis",Accepted,,H,WCSP,223108,795859-1,"Ann. Hort. Belge Étrangère","16: 200","","1866"
tro-19700056,A,Marantaceae,,Calathea,,"lindeniana",,"","Wallis & Andre",Unresolved,,L,TRO,19700056,41061-2,"","","",""
kew-223110,A,Marantaceae,,Calathea,,"lindmanii",,"","K.Schum.",Accepted,,H,WCSP,223110,41062-2,"Pflanzenr.","IV, 48: 175","","1902"
tro-19700059,A,Marantaceae,,Calathea,,"lineata",,"","Huber",Unresolved,,L,TRO,19700059,,"","","",""
tro-50152464,A,Marantaceae,,Calathea,,"linharesana",,"","H. Kenn.",Unresolved,,L,TRO,50152464,,"","","",""
kew-223111,A,Marantaceae,,Calathea,,"littoralis",,"","(Ledeb. ex Sweet) Körn.",Accepted,,H,WCSP,223111,565009-1,"Gartenflora","7: 88","","1858"
kew-223112,A,Marantaceae,,Calathea,,"loeseneri",,"","J.F.Macbr.",Accepted,,H,WCSP,223112,41063-2,"Publ. Field Mus. Nat. Hist., Bot. Ser.","11: 51","","1931"
kew-223113,A,Marantaceae,,Calathea,,"longibracteata",,"","(Sweet) Lindl.",Accepted,,H,WCSP,223113,328015-2,"Bot. Reg.","12: t. 1020","","1827"
kew-223114,A,Marantaceae,,Calathea,,"longiflora",,"","H.A.Kenn.",Accepted,,H,WCSP,223114,41064-2,"Univ. Calif. Publ. Bot.","71: 76","","1978"
kew-223116,A,Marantaceae,,Calathea,,"longipetiolata",,"","H.A.Kenn.",Accepted,,H,WCSP,223116,41066-2,"Canad. J. Bot.","61: 1432","","1983"
kew-223117,A,Marantaceae,,Calathea,,"louisae",,"","Gagnep.",Accepted,,H,WCSP,223117,565012-1,"Bull. Soc. Bot. France","55: xlii","","1908"
kew-223118,A,Marantaceae,,Calathea,,"lucianii",,"","(Linden) Cogn. & Marchal",Accepted,,H,WCSP,223118,77093243-1,"Pl. Ornam. Feuill.","2: t. 50","","1874"
kew-223119,A,Marantaceae,,Calathea,,"lutea",,"","(Aubl.) E.Mey. ex Schult.",Accepted,,H,WCSP,223119,,"Mant.","1: 8","","1822"
kew-223120,A,Marantaceae,,Calathea,,"maasiorum",,"","H.A.Kenn.",Accepted,,H,WCSP,223120,302826-2,"Brittonia","47: 156","","1995"
kew-223121,A,Marantaceae,,Calathea,,"macilenta",,"","Lindl.",Accepted,,H,WCSP,223121,328020-2,"Edwards's Bot. Reg.","14: t. 1210","","1829"
kew-223123,A,Marantaceae,,Calathea,,"macrosepala",,"","K.Schum.",Accepted,,H,WCSP,223123,41068-2,"Pflanzenr.","IV, 48: 84","","1902"
kew-223128,A,Marantaceae,,Calathea,,"majestica",,"","(Linden) H.A.Kenn.",Accepted,,H,WCSP,223128,942947-1,"Canad. J. Bot.","64: 1325","","1986"
kew-223129,A,Marantaceae,,Calathea,,"makoyana",,"","E.Morren",Accepted,,H,WCSP,223129,795869-1,"Ann. Hort. Belge Étrangère","22: 321","","1872"
kew-223130,A,Marantaceae,,Calathea,,"mandioccae",,"","Körn.",Accepted,,H,WCSP,223130,795870-1,"Bull. Soc. Imp. Naturalistes Moscou","35(1): 138","","1862"
kew-223132,A,Marantaceae,,Calathea,,"mansoi",,"","Körn.",Accepted,,H,WCSP,223132,,"Bull. Soc. Imp. Naturalistes Moscou","35(1): 119","","1862"
tro-19700067,A,Marantaceae,,Calathea,,"mansonis",,"","Körn.",Accepted,,M,TRO,19700067,795872-1,"Bull. Soc. Imp. Naturalistes Moscou","35(1): 119","119","1862"
kew-223133,A,Marantaceae,,Calathea,,"marantifolia",,"","Standl.",Accepted,,H,WCSP,223133,41075-2,"J. Wash. Acad. Sci.","17: 250","","1927"
kew-223134,A,Marantaceae,,Calathea,,"marantina",,"","(Willd. ex Körn.) K.Koch",Accepted,,H,WCSP,223134,795873-1,"Allg. Gartenzeitung","25: 163","","1857"
kew-223136,A,Marantaceae,,Calathea,,"martinicensis",,"","Urb.",Accepted,,H,WCSP,223136,41076-2,"Repert. Spec. Nov. Regni Veg.","15: 103","","1917"
kew-468837,A,Marantaceae,,Calathea,,"matudae",,"","H.Kenn. & Ganders",Accepted,,H,WCSP,468837,,"Novon","21: 59","","2011"
kew-223138,A,Marantaceae,,Calathea,,"mediopicta",,"","(E.Morren) Jacob-Makoy ex E.Morren",Accepted,,H,WCSP,223138,795875-1,"Ann. Hort. Belge Étrangère","24: 228","","1874"
kew-223139,A,Marantaceae,,Calathea,,"metallica",,"","Planch. & Linden",Accepted,,H,WCSP,223139,,"Cat. Gén.","10: 2","","1855"
kew-223140,A,Marantaceae,,Calathea,,"micans",,"","(L.Mathieu) Körn.",Accepted,,H,WCSP,223140,795877-1,"Gartenflora","7: 87","","1858"
kew-223143,A,Marantaceae,,Calathea,,"microcephala",,"","(Poepp. & Endl.) Körn.",Accepted,,H,WCSP,223143,1089393-2,"Bull. Soc. Imp. Naturalistes Moscou","35(1): 125","","1862"
kew-223144,A,Marantaceae,,Calathea,,"mirabilis",,"","Jacob-Makoy ex E.Morren",Accepted,,H,WCSP,223144,795879-1,"Ann. Hort. Belge Étrangère","24: 228","","1874"
tro-19700071,A,Marantaceae,,Calathea,,"mirandae",,"","Huber",Unresolved,,L,TRO,19700071,,"","","",""
kew-223145,A,Marantaceae,,Calathea,,"misantlensis",,"","Lascur.",Accepted,,H,WCSP,223145,307035-2,"Novon","6: 385","","1996"
kew-223146,A,Marantaceae,,Calathea,,"mishuyacu",,"","J.F.Macbr.",Accepted,,H,WCSP,223146,41082-2,"Publ. Field Mus. Nat. Hist., Bot. Ser.","11: 54","","1931"
kew-223147,A,Marantaceae,,Calathea,,"modesta",,"","Brongn. ex Gris",Accepted,,H,WCSP,223147,795880-1,"Ann. Sci. Nat., Bot.","IV, 41: 193","","1859"
kew-223148,A,Marantaceae,,Calathea,,"monophylla",,"","(Vell.) Körn.",Accepted,,H,WCSP,223148,795881-1,"Bull. Soc. Imp. Naturalistes Moscou","35(1): 144","","1862"
tro-100363375,A,Marantaceae,,Calathea,,"monstera",,"","H. Kenn.",Unresolved,,L,TRO,100363375,,"","","",""
kew-223149,A,Marantaceae,,Calathea,,"multicincta",,"","H.A.Kenn.",Accepted,,H,WCSP,223149,273666-2,"Canad. J. Bot.","64: 1323","","1986"
kew-223152,A,Marantaceae,,Calathea,,"neblinensis",,"","H.A.Kenn.",Accepted,,H,WCSP,223152,273667-2,"Phytologia","69: 373","","1990"
kew-223153,A,Marantaceae,,Calathea,,"neoviedii",,"","Petersen",Accepted,,H,WCSP,223153,41083-2,"Fl. Bras.","3(3): 117","","1890"
kew-223154,A,Marantaceae,,Calathea,,"nidulans",,"","L.B.Sm. & Idrobo",Accepted,,H,WCSP,223154,41084-2,"Caldasia","5: 51","","1948"
kew-223156,A,Marantaceae,,Calathea,,"nigricans",,"","Gagnep.",Accepted,,H,WCSP,223156,41085-2,"Bull. Soc. Bot. France","50: 588","","1903"
kew-223157,A,Marantaceae,,Calathea,,"nigrocostata",,"","Linden & André",Accepted,,H,WCSP,223157,795885-1,"Ill. Hort.","20: t. 144","","1873"
kew-223158,A,Marantaceae,,Calathea,,"nitens",,"","Ender",Accepted,,H,WCSP,223158,565023-1,"Gartenflora","30: 180","","1881"
kew-223159,A,Marantaceae,,Calathea,,"nitidifolia",,"","H.A.Kenn.",Accepted,,H,WCSP,223159,41089-2,"Brenesia","14-15: 350","","1978"
kew-223160,A,Marantaceae,,Calathea,,"nobilis",,"","(K.Koch) Körn.",Accepted,,H,WCSP,223160,565025-1,"Gartenflora","7: 88","","1858"
kew-223162,A,Marantaceae,,Calathea,,"oblonga",,"","(Mart.) Körn.",Accepted,,H,WCSP,223162,795887-1,"Bull. Soc. Imp. Naturalistes Moscou","35(1): 138","","1862"
kew-223166,A,Marantaceae,,Calathea,,"orbifolia",,"","(Linden) H.A.Kenn.",Accepted,,H,WCSP,223166,910179-1,"Brittonia","34: 22","","1982"
kew-223167,A,Marantaceae,,Calathea,,"ornata",,"","(Linden) Körn.",Accepted,,H,WCSP,223167,795891-1,"Gartenflora","7: 87","","1858"
tro-19700617,A,Marantaceae,,Calathea,,"osa",,"","H. Kenn.",Unresolved,,L,TRO,19700617,,"","","",""
kew-223172,A,Marantaceae,,Calathea,,"ovandensis",,"","Matuda",Accepted,,H,WCSP,223172,41095-2,"Anales Inst. Biol. Univ. Nac. México","21: 333","","1951"
kew-223173,A,Marantaceae,,Calathea,,"ovata",,"","(Nees & Mart.) Lindl.",Accepted,,H,WCSP,223173,1044310-2,"Edwards's Bot. Reg.","14: t. 1210","","1829"
kew-223174,A,Marantaceae,,Calathea,,"pachystachya",,"","(Poepp. & Endl.) Körn.",Accepted,,H,WCSP,223174,795893-1,"Bull. Soc. Imp. Naturalistes Moscou","35(1): 142","","1862"
kew-223175,A,Marantaceae,,Calathea,,"pacifica",,"","Linden & André",Accepted,,H,WCSP,223175,795894-1,"Ill. Hort.","19: t. 101","","1872"
kew-223176,A,Marantaceae,,Calathea,,"pallidicosta",,"","H.A.Kenn.",Accepted,,H,WCSP,223176,273668-2,"Nordic J. Bot.","6: 143","","1986"
kew-223177,A,Marantaceae,,Calathea,,"panamensis",,"","Rowlee ex Standl.",Accepted,,H,WCSP,223177,565028-1,"J. Wash. Acad. Sci.","15: 4","","1925"
kew-223180,A,Marantaceae,,Calathea,,"paucifolia",,"","H.A.Kenn.",Accepted,,H,WCSP,223180,273669-2,"in Fl. Ecuador","32(224): 86","","1988"
kew-223181,A,Marantaceae,,Calathea,,"pavonii",,"","Körn.",Accepted,,H,WCSP,223181,795897-1,"Bull. Soc. Imp. Naturalistes Moscou","35(1): 116","","1862"
kew-223182,A,Marantaceae,,Calathea,,"pavonina",,"","(K.Koch & Linden) Petersen",Accepted,,H,WCSP,223182,,"Fl. Bras.","3(3): 128","","1890"
kew-223183,A,Marantaceae,,Calathea,,"pearcei",,"","Rusby",Accepted,,H,WCSP,223183,41100-2,"Mem. Torrey Bot. Club","6: 123","","1895"
tro-100363682,A,Marantaceae,,Calathea,,"peregrina",,"","H. Kenn.",Unresolved,,L,TRO,100363682,,"","","",""
kew-223184,A,Marantaceae,,Calathea,,"peruviana",,"","Körn.",Accepted,,H,WCSP,223184,795900-1,"Bull. Soc. Imp. Naturalistes Moscou","35(1): 128","","1862"
kew-223185,A,Marantaceae,,Calathea,,"petersenii",,"","Eggers",Accepted,,H,WCSP,223185,273670-2,"Bot. Centralbl.","53: 304","","1893"
kew-223187,A,Marantaceae,,Calathea,,"picturata",,"","K.Koch & Linden",Accepted,,H,WCSP,223187,795903-1,"Wochenschr. Vereines Beförd. Gartenbaues Königl. Preuss. Staaten","6: 346","","1863"
kew-223188,A,Marantaceae,,Calathea,,"pilosa",,"","Rusby",Accepted,,H,WCSP,223188,41105-2,"Bull. New York Bot. Gard.","6: 496","","1910"
kew-223189,A,Marantaceae,,Calathea,,"pittieri",,"","K.Schum.",Accepted,,H,WCSP,223189,41106-2,"Pflanzenr.","IV, 48: 108","","1902"
kew-223190,A,Marantaceae,,Calathea,,"platystachya",,"","Standl. & L.O.Williams",Accepted,,H,WCSP,223190,41107-2,"Ceiba","1: 234","","1951"
kew-223191,A,Marantaceae,,Calathea,,"plicata",,"","H.A.Kenn.",Accepted,,H,WCSP,223191,41108-2,"Bot. Not.","129: 354","","1977"
kew-223192,A,Marantaceae,,Calathea,,"pluriplicata",,"","H.A.Kenn.",Accepted,,H,WCSP,223192,935276-1,"in Fl. Ecuador","32(224): 49","","1988"
kew-223193,A,Marantaceae,,Calathea,,"plurispicata",,"","H.A.Kenn.",Accepted,,H,WCSP,223193,273671-2,"in Fl. Ecuador","32(224): 33","","1988"
kew-223194,A,Marantaceae,,Calathea,,"poeppigiana",,"","Loes. ex H.Kenn.",Accepted,,H,WCSP,223194,273672-2,"in Fl. Ecuador","32(224): 77","","1988"
kew-223196,A,Marantaceae,,Calathea,,"polystachya",,"","K.Schum.",Accepted,,H,WCSP,223196,41110-2,"Pflanzenr.","IV, 48: 176","","1902"
kew-372512,A,Marantaceae,,Calathea,,"porphyrocaulis",,"","(W.Bull) N.E.Br.",Accepted,,H,WCSP,372512,77092863-1,"Suppl. Johnson's Gard. Dict.","890","","1882"
kew-223198,A,Marantaceae,,Calathea,,"portobelensis",,"","H.A.Kenn.",Accepted,,H,WCSP,223198,41112-2,"Bot. Not.","128: 313","","1975 publ. 1976"
kew-223199,A,Marantaceae,,Calathea,,"praecox",,"","S.Moore",Accepted,,H,WCSP,223199,41113-2,"Trans. Linn. Soc. London, Bot.","4: 488","","1895"
kew-343782,A,Marantaceae,,Calathea,,"prolifera",,"","(Vell.) J.M.A.Braga",Accepted,,H,WCSP,343782,60441736-2,"Acta Bot. Bras.","19: 766","","2005"
kew-223201,A,Marantaceae,,Calathea,,"propinqua",,"","(Poepp. & Endl.) Körn.",Accepted,,H,WCSP,223201,795909-1,"Bull. Soc. Imp. Naturalistes Moscou","35(1): 122","","1862"
tro-19700088,A,Marantaceae,,Calathea,,"propinquum",,"","Körn.",Unresolved,,L,TRO,19700088,,"","","",""
kew-372235,A,Marantaceae,,Calathea,,"pruinata",,"","(W.Bull) N.E.Br.",Accepted,,H,WCSP,372235,77092865-1,"Suppl. Johnson's Gard. Dict.","890","","1882"
tro-19700089,A,Marantaceae,,Calathea,,"pseudo-illustris",,"","Huber",Unresolved,,L,TRO,19700089,,"","","",""
kew-223203,A,Marantaceae,,Calathea,,"pseudoveitchiana",,"","H.A.Kenn.",Accepted,,H,WCSP,223203,41115-2,"Canad. J. Bot.","61: 1429","","1983"
kew-223204,A,Marantaceae,,Calathea,,"pulchella",,"","(E.Morren) Körn.",Accepted,,H,WCSP,223204,795911-1,"Gartenflora","7: 87","","1858"
kew-223205,A,Marantaceae,,Calathea,,"pumila",,"","(Vell.) Körn.",Accepted,,H,WCSP,223205,795912-1,"Bull. Soc. Imp. Naturalistes Moscou","35(1): 138","","1862"
tro-50319542,A,Marantaceae,,Calathea,,"ravenii",,"","H. Kenn.",Unresolved,,L,TRO,50319542,,"","","",""
kew-468832,A,Marantaceae,,Calathea,,"recurvata",,"","H.Kenn.",Accepted,,H,WCSP,468832,77116076-1,"Novon","21: 50","","2011"
kew-223207,A,Marantaceae,,Calathea,,"regalis",,"","(Rollison ex Lem.) H.A.Kenn.",Accepted,,H,WCSP,223207,994373-1,"Acta Hort.","413: 173","","1995"
kew-372342,A,Marantaceae,,Calathea,,"reginae",,"","J.M.A.Braga",Accepted,,H,WCSP,372342,77092384-1,"Kew Bull.","63: 311","","2008"
kew-223208,A,Marantaceae,,Calathea,,"retroflexa",,"","J.D.Kenn.",Accepted,,H,WCSP,223208,,"Canad. J. Bot.","75: 1357","","1997"
tro-100372613,A,Marantaceae,,Calathea,,"rhizanthoides",,"","H. Kenn.",Unresolved,,L,TRO,100372613,,"","","",""
kew-223212,A,Marantaceae,,Calathea,,"robin-fosteri",,"","H.A.Kenn.",Accepted,,H,WCSP,223212,41119-2,"Bot. Not.","128: 316","","1975 publ. 1976"
kew-223213,A,Marantaceae,,Calathea,,"robiniae",,"","H.A.Kenn.",Accepted,,H,WCSP,223213,565035-1,"Ann. Missouri Bot. Gard.","60: 419","","1973"
kew-223214,A,Marantaceae,,Calathea,,"rodeckiana",,"","K.Schum.",Accepted,,H,WCSP,223214,41120-2,"Pflanzenr.","IV, 48: 115","","1902"
kew-223215,A,Marantaceae,,Calathea,,"roseobracteata",,"","H.A.Kenn.",Accepted,,H,WCSP,223215,273673-2,"Nordic J. Bot.","6: 459","","1986"
kew-223216,A,Marantaceae,,Calathea,,"roseopicta",,"","(Linden) Regel",Accepted,,H,WCSP,223216,795917-1,"Index Seminum (LE)","1869: 12","","1869"
kew-223217,A,Marantaceae,,Calathea,,"rossii",,"","(Lodd. ex Sweet) Körn.",Accepted,,H,WCSP,223217,565036-1,"Gartenflora","7: 88","","1858"
kew-223221,A,Marantaceae,,Calathea,,"rufibarba",,"","Fenzl",Accepted,,H,WCSP,223221,41123-2,"Gartenflora","28: 294","","1879"
kew-223222,A,Marantaceae,,Calathea,,"rusbyi",,"","Loes.",Accepted,,H,WCSP,223222,289608-2,"Nat. Pflanzenfam. ed. 2","15a: 678","","1930"
kew-223223,A,Marantaceae,,Calathea,,"sanderiana",,"","(Sander) Gentil",Accepted,,H,WCSP,223223,565037-1,"Pl. Cult. Serres Jard. Bot. Brux.","43","","1907"
kew-223224,A,Marantaceae,,Calathea,,"saxicola",,"","Hoehne",Accepted,,H,WCSP,223224,41124-2,"Relat. Commiss. Linhas Telegr. Estratég. Matto Grosso Amazonas","5: 24","","1915"
kew-223225,A,Marantaceae,,Calathea,,"schunkei",,"","H.A.Kenn.",Accepted,,H,WCSP,223225,41126-2,"Brittonia","34: 18","","1982"
kew-223226,A,Marantaceae,,Calathea,,"sciuroides",,"","Petersen",Accepted,,H,WCSP,223226,795922-1,"Vidensk. Meddel. Naturhist. Foren. Kjøbenhavn","1889: 329","","1889"
kew-223228,A,Marantaceae,,Calathea,,"selbyana",,"","H.A.Kenn.",Accepted,,H,WCSP,223228,273674-2,"in Fl. Ecuador","32(224): 63","","1988"
tro-19700522,A,Marantaceae,,Calathea,,"sellowiana",,"","Körn.",Unresolved,,L,TRO,19700522,,"","","",""
kew-223229,A,Marantaceae,,Calathea,,"sellowii",,"","Körn.",Accepted,,H,WCSP,223229,795924-1,"Bull. Soc. Imp. Naturalistes Moscou","35(1): 120","","1862"
kew-223230,A,Marantaceae,,Calathea,,"silvicola",,"","H.A.Kenn.",Accepted,,H,WCSP,223230,41132-2,"Univ. Calif. Publ. Bot.","71: 67","","1978"
kew-223233,A,Marantaceae,,Calathea,,"silvosa",,"","J.F.Macbr.",Accepted,,H,WCSP,223233,41129-2,"Publ. Field Mus. Nat. Hist., Bot. Ser.","11: 52","","1931"
kew-223234,A,Marantaceae,,Calathea,,"similis",,"","H.A.Kenn.",Accepted,,H,WCSP,223234,41133-2,"Bot. Not.","128: 320","","1975 publ. 1976"
kew-223235,A,Marantaceae,,Calathea,,"singularis",,"","H.Kenn.",Accepted,,H,WCSP,223235,1006659-1,"Novon","9: 61","","1999"
kew-223237,A,Marantaceae,,Calathea,,"soconuscum",,"","Matuda",Accepted,,H,WCSP,223237,41135-2,"Anales Inst. Biol. Univ. Nac. México","21: 327","","1951"
kew-223239,A,Marantaceae,,Calathea,,"sophiae",,"","Huber",Accepted,,H,WCSP,223239,41137-2,"Bol. Mus. Goeldi Hist. Nat. Ethnogr.","4: 550","","1906"
kew-468838,A,Marantaceae,,Calathea,,"sousandradeana",,"","H.Kenn. & Ganders",Accepted,,H,WCSP,468838,77116080-1,"Novon","21: 63","","2011"
kew-223240,A,Marantaceae,,Calathea,,"sphaerocephala",,"","K.Schum.",Accepted,,H,WCSP,223240,41138-2,"Pflanzenr.","IV, 48: 101","","1902"
kew-223242,A,Marantaceae,,Calathea,,"spiralis",,"","H.A.Kenn.",Accepted,,H,WCSP,223242,41139-2,"Bot. Not.","131: 350","","1978"
kew-223244,A,Marantaceae,,Calathea,,"splendida",,"","(Lem.) Regel",Accepted,,H,WCSP,223244,565045-1,"Gartenflora","18: 99","","1869"
kew-223245,A,Marantaceae,,Calathea,,"sprucei",,"","Rusby",Accepted,,H,WCSP,223245,41140-2,"Bull. New York Bot. Gard.","6: 495","","1910"
kew-223246,A,Marantaceae,,Calathea,,"squarrosa",,"","L.Andersson & H.A.Kenn.",Accepted,,H,WCSP,223246,273676-2,"Nordic J. Bot.","6: 454","","1986"
kew-223247,A,Marantaceae,,Calathea,,"standleyi",,"","J.F.Macbr.",Accepted,,H,WCSP,223247,41141-2,"Publ. Field Mus. Nat. Hist., Bot. Ser.","11: 54","","1931"
kew-223248,A,Marantaceae,,Calathea,,"stenostachys",,"","Rusby",Accepted,,H,WCSP,223248,41142-2,"Mem. New York Bot. Gard.","7: 221","","1927"
kew-223249,A,Marantaceae,,Calathea,,"steyermarkii",,"","H.A.Kenn. & Nagata",Accepted,,H,WCSP,223249,273677-2,"Brittonia","41: 164","","1989"
kew-223250,A,Marantaceae,,Calathea,,"straminea",,"","Petersen",Accepted,,H,WCSP,223250,41143-2,"Fl. Bras.","3(3): 118","","1890"
kew-223251,A,Marantaceae,,Calathea,,"striata",,"","H.A.Kenn.",Accepted,,H,WCSP,223251,273678-2,"in Fl. Ecuador","32(224): 60","","1988"
kew-223253,A,Marantaceae,,Calathea,,"stromanthifolia",,"","Rusby",Accepted,,H,WCSP,223253,41144-2,"Bull. New York Bot. Gard.","4: 456","","1907"
kew-223254,A,Marantaceae,,Calathea,,"subtilis",,"","S.Moore",Accepted,,H,WCSP,223254,41145-2,"Trans. Linn. Soc. London, Bot.","4: 487","","1895"
tro-19700651,A,Marantaceae,,Calathea,,"sucrei",,"","H. Kenn.",Unresolved,,L,TRO,19700651,,"","","",""
kew-223255,A,Marantaceae,,Calathea,,"taeniosa",,"","Joriss.",Accepted,,H,WCSP,223255,795933-1,"Ann. Bot. Hort.","26: 83","","1876"
kew-468836,A,Marantaceae,,Calathea,,"tarrazuensis",,"","H.Kenn.",Accepted,,H,WCSP,468836,77116078-1,"Novon","21: 54","","2011"
kew-223256,A,Marantaceae,,Calathea,,"timothei",,"","H.A.Kenn.",Accepted,,H,WCSP,223256,41147-2,"Brenesia","12-13: 2","","1977"
kew-223257,A,Marantaceae,,Calathea,,"tinalandia",,"","H.A.Kenn.",Accepted,,H,WCSP,223257,273679-2,"Canad. J. Bot.","63: 1141","","1985"
tro-100378608,A,Marantaceae,,Calathea,,"toroi",,"","S. Suárez",Unresolved,,L,TRO,100378608,,"Caldasia","32(2): 295–299, figs. 1–4","295","2010"
kew-223258,A,Marantaceae,,Calathea,,"trianae",,"","L.B.Sm. & Idrobo",Accepted,,H,WCSP,223258,41148-2,"Caldasia","5: 51","","1948"
kew-223259,A,Marantaceae,,Calathea,,"trichoneura",,"","H.A.Kenn.",Accepted,,H,WCSP,223259,41149-2,"Univ. Calif. Publ. Bot.","71: 58","","1978"
kew-223263,A,Marantaceae,,Calathea,,"truncata",,"","(Link ex A.Dietr.) K.Schum.",Accepted,,H,WCSP,223263,41152-2,"Pflanzenr.","IV, 48: 104","","1902"
kew-223264,A,Marantaceae,,Calathea,,"tuberosa",,"","(Vell.) Körn.",Accepted,,H,WCSP,223264,1003799-2,"Bull. Soc. Imp. Naturalistes Moscou","35(1): 124","","1862"
kew-223266,A,Marantaceae,,Calathea,,"ucayalina",,"","Huber",Accepted,,H,WCSP,223266,41154-2,"Bol. Mus. Goeldi Hist. Nat. Ethnogr.","4: 551","","1906"
tro-19700109,A,Marantaceae,,Calathea,,"ulei",,"","Loes.",Unresolved,,L,TRO,19700109,,"","","",""
kew-223267,A,Marantaceae,,Calathea,,"ulotricha",,"","J.F.Macbr.",Accepted,,H,WCSP,223267,41155-2,"Publ. Field Mus. Nat. Hist., Bot. Ser.","11: 52","","1931"
kew-223268,A,Marantaceae,,Calathea,,"umbrosa",,"","Körn.",Accepted,,H,WCSP,223268,795939-1,"Bull. Soc. Imp. Naturalistes Moscou","35(1): 137","","1862"
kew-223269,A,Marantaceae,,Calathea,,"undulata",,"","(Linden & André) Linden & André",Accepted,,H,WCSP,223269,,"Ill. Hort.","19: t. 98","","1872"
kew-223270,A,Marantaceae,,Calathea,,"ursina",,"","Standl.",Accepted,,H,WCSP,223270,41157-2,"Publ. Field Mus. Nat. Hist., Bot. Ser.","22: 70","","1940"
kew-223271,A,Marantaceae,,Calathea,,"utilis",,"","H.A.Kenn.",Accepted,,H,WCSP,223271,273680-2,"Nordic J. Bot.","6: 457","","1986"
kew-223272,A,Marantaceae,,Calathea,,"vaginata",,"","Petersen",Accepted,,H,WCSP,223272,41158-2,"Vidensk. Meddel. Naturhist. Foren. Kjøbenhavn","1889: 331","","1889"
kew-223275,A,Marantaceae,,Calathea,,"varians",,"","(K.Koch & Mathieu) Körn.",Accepted,,H,WCSP,223275,,"Gartenflora","7: 87","","1858"
kew-223276,A,Marantaceae,,Calathea,,"variegata",,"","(K.Koch) Linden ex Körn.",Accepted,,H,WCSP,223276,795945-1,"Gartenflora","7: 88","","1858"
kew-223277,A,Marantaceae,,Calathea,,"veitchiana",,"","Veitch ex Hook.f.",Accepted,,H,WCSP,223277,795946-1,"Bot. Mag.","91: t. 5535","","1865"
kew-223279,A,Marantaceae,,Calathea,,"velutina",,"","(Poepp. & Endl.) Körn.",Accepted,,H,WCSP,223279,795947-1,"Bull. Soc. Imp. Naturalistes Moscou","35(1): 127","","1862"
kew-223280,A,Marantaceae,,Calathea,,"venusta",,"","H.A.Kenn.",Accepted,,H,WCSP,223280,41163-2,"Ann. Missouri Bot. Gard.","60: 416","","1973"
kew-223281,A,Marantaceae,,Calathea,,"verapax",,"","Donn.Sm.",Accepted,,H,WCSP,223281,41164-2,"Bot. Gaz.","31: 124","","1901"
kew-223282,A,Marantaceae,,Calathea,,"verecunda",,"","H.A.Kenn.",Accepted,,H,WCSP,223282,41165-2,"Bot. Not.","130: 336","","1977"
kew-468835,A,Marantaceae,,Calathea,,"verruculosa",,"","H.Kenn.",Accepted,,H,WCSP,468835,77116077-1,"Novon","21: 52","","2011"
kew-223284,A,Marantaceae,,Calathea,,"villosa",,"","(Lodd. ex G.Don) Lindl.",Accepted,,H,WCSP,223284,,"Edwards's Bot. Reg.","20(Misc.): 61","","1834"
kew-223287,A,Marantaceae,,Calathea,,"vinosa",,"","H.A.Kenn.",Accepted,,H,WCSP,223287,41170-2,"Ann. Missouri Bot. Gard.","60: 422","","1973"
kew-223288,A,Marantaceae,,Calathea,,"violacea",,"","(Roscoe) Lindl.",Accepted,,H,WCSP,223288,,"Bot. Reg.","11: t. 932","","1834"
kew-223290,A,Marantaceae,,Calathea,,"virginalis",,"","Linden ex Regel",Accepted,,H,WCSP,223290,795952-1,"Gartenflora","28: 299","","1879"
kew-223292,A,Marantaceae,,Calathea,,"wallisii",,"","(Linden) Regel",Accepted,,H,WCSP,223292,795954-1,"Index Seminum (LE)","1869: 14","","1869"
tro-50160734,A,Marantaceae,,Calathea,,"warscewiczii",,"","(L. Mathieu ex Planch.) Planch. & Linden",Accepted,,M,TRO,50160734,,"Cat. Pl. Exot.","10: 3","3","1855"
kew-223293,A,Marantaceae,,Calathea,,"warszewiczii",,"","(L.Mathieu ex Planch.) Planch. & Linden",Accepted,,H,WCSP,223293,,"Cat. Pl. Exot.","10: 3","","1855"
kew-223294,A,Marantaceae,,Calathea,,"whitei",,"","Rusby",Accepted,,H,WCSP,223294,41174-2,"Mem. New York Bot. Gard.","7: 221","","1927"
kew-223295,A,Marantaceae,,Calathea,,"widgrenii",,"","Körn.",Accepted,,H,WCSP,223295,795956-1,"Bull. Soc. Imp. Naturalistes Moscou","35(1): 117","","1862"
kew-223296,A,Marantaceae,,Calathea,,"williamsii",,"","J.F.Macbr.",Accepted,,H,WCSP,223296,41176-2,"Publ. Field Mus. Nat. Hist., Bot. Ser.","11: 54","","1931"
kew-223298,A,Marantaceae,,Calathea,,"wiotii",,"","(E.Morren) Regel",Accepted,,H,WCSP,223298,795957-1,"Gartenflora","28: 298","","1879"
kew-223299,A,Marantaceae,,Calathea,,"zebrina",,"","(Sims) Lindl.",Accepted,,H,WCSP,223299,795959-1,"Edwards's Bot. Reg.","14: t. 1210","","1829"
kew-223301,A,Marantaceae,,Calathea,,"zingiberina",,"","Körn.",Accepted,,H,WCSP,223301,795960-1,"Bull. Soc. Imp. Naturalistes Moscou","35(1): 122","","1862"
kew-233535,A,Marantaceae,,Clinogyne,,"trichomyle",,"","K.Schum.",Unresolved,,L,WCSP,233535,,"Pflanzenr.","IV, 48: 65","","1902"
kew-235148,A,Marantaceae,,Ctenanthe,,"amabilis",,"","(E.Morren) H.A.Kenn. & Nicolson",Accepted,,H,WCSP,235148,1192593-2,"Brittonia","39: 139","","1987"
kew-235149,A,Marantaceae,,Ctenanthe,,"amphiandina",,"","L.C.Anderson",Accepted,,H,WCSP,235149,,"in Fl. Ecuador","32(224): 179","","1988"
kew-235150,A,Marantaceae,,Ctenanthe,,"burle-marxii",,"","H.A.Kenn.",Accepted,,H,WCSP,235150,71814-2,"Canad. J. Bot.","60: 2367","","1982"
kew-235152,A,Marantaceae,,Ctenanthe,,"casupoides",,"","Petersen",Accepted,,H,WCSP,235152,71815-2,"Fl. Bras.","3(3): 162","","1890"
kew-235155,A,Marantaceae,,Ctenanthe,,"compressa",,"","(A.Dietr.) Eichler",Accepted,,H,WCSP,235155,71817-2,"Abh. Königl. Akad. Wiss. Berlin","1884: 83","","1884"
kew-235157,A,Marantaceae,,Ctenanthe,,"dasycarpa",,"","(Donn.Sm.) K.Schum.",Accepted,,H,WCSP,235157,71819-2,"Pflanzenr.","IV, 48: 153","","1902"
kew-235158,A,Marantaceae,,Ctenanthe,,"ericae",,"","C.L.Andersson",Accepted,,H,WCSP,235158,275364-2,"in Fl. Ecuador","32(224): 182","","1988"
kew-235159,A,Marantaceae,,Ctenanthe,,"glabra",,"","(Körn.) Eichler",Accepted,,H,WCSP,235159,1081600-2,"Abh. Königl. Akad. Wiss. Berlin","1884: 83","","1884"
kew-235160,A,Marantaceae,,Ctenanthe,,"kummeriana",,"","(E.Morren) Eichler",Accepted,,H,WCSP,235160,,"Abh. Königl. Akad. Wiss. Berlin","1884: 84","","1884"
kew-235161,A,Marantaceae,,Ctenanthe,,"lanceolata",,"","Petersen",Accepted,,H,WCSP,235161,71820-2,"Fl. Bras.","3(3): 163","","1890"
kew-235162,A,Marantaceae,,Ctenanthe,,"lubbersiana",,"","(E.Morren) Eichler ex Petersen",Accepted,,H,WCSP,235162,796410-1,"Fl. Bras.","3(3): 159","","1890"
kew-372525,A,Marantaceae,,Ctenanthe,,"marantifolia",,"","(Vell.) J.M.A.Braga & H.Gomes",Accepted,,H,WCSP,372525,77086061-1,"Kew Bull.","62: 647","","2007"
kew-235165,A,Marantaceae,,Ctenanthe,,"muelleri",,"","Petersen",Accepted,,H,WCSP,235165,327243-2,"Fl. Bras.","3(3): 161","","1890"
kew-235166,A,Marantaceae,,Ctenanthe,,"oppenheimiana",,"","(E.Morren) K.Schum.",Accepted,,H,WCSP,235166,71824-2,"Pflanzenr.","IV, 48: 153","","1902"
kew-235168,A,Marantaceae,,Ctenanthe,,"setosa",,"","(Roscoe) Eichler",Accepted,,H,WCSP,235168,,"Abh. Königl. Akad. Wiss. Berlin","1884: 84","","1884"
tro-19700621,A,Marantaceae,,Ctenanthe,,"villosa",,"","H. Kenn.",Unresolved,,L,TRO,19700621,,"","","",""
tro-100182611,A,Marantaceae,,Donax,,"arundinastrum",,"","Lour.",Unresolved,,L,TRO,100182611,,"Fl. Cochinch.","11","11","1790"
kew-241421,A,Marantaceae,,Donax,,"canniformis",,"","(G.Forst.) K.Schum.",Accepted,,H,WCSP,241421,796535-1,"Bot. Jahrb. Syst.","15: 440","","1892"
kew-247926,A,Marantaceae,,Halopegia,,"azurea",,"","(K.Schum.) K.Schum.",Accepted,,H,WCSP,247926,,"Pflanzenr.","IV, 48: 50","","1902"
kew-247927,A,Marantaceae,,Halopegia,,"blumei",,"","(Körn.) K.Schum.",Accepted,,H,WCSP,247927,,"Pflanzenr.","IV, 48: 51","","1902"
kew-247931,A,Marantaceae,,Halopegia,,"perrieri",,"","Guillaumin",Accepted,,H,WCSP,247931,565087-1,"Bull. Mus. Natl. Hist. Nat.","32: 403","","1926"
kew-248002,A,Marantaceae,,Haumania,,"danckelmaniana",,"","(J.Braun & K.Schum.) Milne-Redh.",Accepted,,H,WCSP,248002,565088-1,"Kew Bull.","5: 162","","1950"
kew-248003,A,Marantaceae,,Haumania,,"leonardiana",,"","C.M.Evrard & Bamps",Accepted,,H,WCSP,248003,,"Bull. Jard. Bot. État","29: 370","","1959"
kew-248004,A,Marantaceae,,Haumania,,"liebrechtsiana",,"","(De Wild. & T.Durand) J.Léonard",Accepted,,H,WCSP,248004,565090-1,"Bull. Jard. Bot. État","19: 454","","1949"
kew-248005,A,Marantaceae,,Haumania,,"microphylla",,"","Hoogland",Accepted,,H,WCSP,248005,565091-1,"Blumea, Suppl.","4: 228","","1958"
kew-248006,A,Marantaceae,,Haumania,,"walkeri",,"","Ohwi",Accepted,,H,WCSP,248006,565092-1,"J. Jap. Bot.","33: 212","","1958"
kew-249431,A,Marantaceae,,Hylaeanthe,,"hexantha",,"","(Poepp. & Endl.) A.M.E.Jonker & Jonker",Accepted,,H,WCSP,249431,125372-2,"Acta Bot. Neerl.","4: 175","","1955"
kew-249432,A,Marantaceae,,Hylaeanthe,,"hoffmannii",,"","(K.Schum.) A.M.E.Jonker & Jonker ex H.Kenn.",Accepted,,H,WCSP,249432,,"Monogr. Syst. Bot. Missouri Bot. Gard.","92: 656","","2003"
kew-249433,A,Marantaceae,,Hylaeanthe,,"panamensis",,"","(Standl.) H.A.Kenn.",Accepted,,H,WCSP,249433,125374-2,"Ann. Missouri Bot. Gard.","60: 426","","1973"
kew-249434,A,Marantaceae,,Hylaeanthe,,"polystachya",,"","(Pulle) A.M.E.Jonker & Jonker",Accepted,,H,WCSP,249434,125375-2,"Acta Bot. Neerl.","4: 175","","1955"
kew-249435,A,Marantaceae,,Hylaeanthe,,"unilateralis",,"","(Poepp. & Endl.) A.M.E.Jonker & Jonker",Accepted,,H,WCSP,249435,125376-2,"Acta Bot. Neerl.","4: 175","","1955"
kew-249803,A,Marantaceae,,Hypselodelphys,,"hirsuta",,"","(Loes.) Koechlin",Accepted,,H,WCSP,249803,565100-1,"in Fl. Gabon","9: 103","","1964"
kew-249804,A,Marantaceae,,Hypselodelphys,,"poggeana",,"","(K.Schum.) Milne-Redh.",Accepted,,H,WCSP,249804,565101-1,"Bull. Soc. Roy. Bot. Belgique","83: 12","","1950"
kew-249805,A,Marantaceae,,Hypselodelphys,,"scandens",,"","Louis & Mullend.",Accepted,,H,WCSP,249805,565102-1,"Bull. Soc. Roy. Bot. Belgique","83: 14","","1950"
kew-373033,A,Marantaceae,,Hypselodelphys,,"triangularis",,"","Jongkind",Accepted,,H,WCSP,373033,,"Adansonia","III, 30: 58","","2008"
kew-373032,A,Marantaceae,,Hypselodelphys,,"velutina",,"","Jongkind",Accepted,,H,WCSP,373032,,"Adansonia","III, 30: 59","","2008"
kew-249806,A,Marantaceae,,Hypselodelphys,,"violacea",,"","(Ridl.) Milne-Redh.",Accepted,,H,WCSP,249806,,"Bull. Soc. Roy. Bot. Belgique","83: 7","","1950"
kew-249807,A,Marantaceae,,Hypselodelphys,,"zenkeriana",,"","(K.Schum.) Milne-Redh.",Accepted,,H,WCSP,249807,565104-1,"Kew Bull.","5: 161","","1950"
kew-457976,A,Marantaceae,,Indianthus,,"virgatus",,"","(Roxb.) Suksathan & Borchs.",Accepted,,H,WCSP,457976,77098027-1,"Bot. J. Linn. Soc.","159: 393","","2009"
kew-249993,A,Marantaceae,,Ischnosiphon,,"annulatus",,"","Loes.",Accepted,,H,WCSP,249993,130255-2,"Notizbl. Königl. Bot. Gart. Berlin","6: 273","","1915"
kew-249995,A,Marantaceae,,Ischnosiphon,,"arouma",,"","(Aubl.) Körn.",Accepted,,H,WCSP,249995,797103-1,"Nouv. Mém. Soc. Imp. Naturalistes Moscou","11: 348","","1859"
kew-249997,A,Marantaceae,,Ischnosiphon,,"bahiensis",,"","L.Andersson",Accepted,,H,WCSP,249997,130258-2,"Nordic J. Bot.","4: 25","","1984"
kew-250000,A,Marantaceae,,Ischnosiphon,,"cannoideus",,"","L.Andersson",Accepted,,H,WCSP,250000,288967-2,"Opera Bot.","43: 81","","1977"
kew-250001,A,Marantaceae,,Ischnosiphon,,"caudatus",,"","L.Andersson",Accepted,,H,WCSP,250001,130260-2,"Opera Bot.","43: 87","","1977"
kew-250002,A,Marantaceae,,Ischnosiphon,,"centricifolius",,"","L.Andersson",Accepted,,H,WCSP,250002,130261-2,"Opera Bot.","43: 71","","1977"
kew-250003,A,Marantaceae,,Ischnosiphon,,"cerotus",,"","Loes.",Accepted,,H,WCSP,250003,130262-2,"Notizbl. Königl. Bot. Gart. Berlin","6: 278","","1915"
kew-250004,A,Marantaceae,,Ischnosiphon,,"colombianus",,"","L.Andersson",Accepted,,H,WCSP,250004,130263-2,"Opera Bot.","43: 80","","1977"
kew-250006,A,Marantaceae,,Ischnosiphon,,"crassispicus",,"","L.Andersson",Accepted,,H,WCSP,250006,130265-2,"Nordic J. Bot.","4: 30","","1984"
tro-19700131,A,Marantaceae,,Ischnosiphon,,"duckei",,"","Huber",Unresolved,,L,TRO,19700131,,"","","",""
kew-250008,A,Marantaceae,,Ischnosiphon,,"elegans",,"","Standl.",Accepted,,H,WCSP,250008,130267-2,"J. Wash. Acad. Sci.","17: 162","","1927"
kew-250009,A,Marantaceae,,Ischnosiphon,,"enigmaticus",,"","L.Andersson",Accepted,,H,WCSP,250009,130268-2,"Opera Bot.","43: 62","","1977"
kew-250010,A,Marantaceae,,Ischnosiphon,,"flagellatus",,"","Gleason",Accepted,,H,WCSP,250010,130270-2,"Bull. Torrey Bot. Club","60: 351","","1933"
kew-250011,A,Marantaceae,,Ischnosiphon,,"foliosus",,"","Gleason",Accepted,,H,WCSP,250011,130271-2,"Bull. Torrey Bot. Club","52: 194","","1925"
kew-250012,A,Marantaceae,,Ischnosiphon,,"fusiformis",,"","L.Andersson",Accepted,,H,WCSP,250012,130272-2,"Nordic J. Bot.","4: 31","","1984"
kew-250013,A,Marantaceae,,Ischnosiphon,,"gracilis",,"","(Rudge) Körn.",Accepted,,H,WCSP,250013,797107-1,"Bull. Soc. Imp. Naturalistes Moscou","35(1): 94","","1862"
kew-250018,A,Marantaceae,,Ischnosiphon,,"grandibracteatus",,"","Loes.",Accepted,,H,WCSP,250018,130276-2,"Notizbl. Königl. Bot. Gart. Berlin","6: 274","","1915"
kew-250020,A,Marantaceae,,Ischnosiphon,,"heleniae",,"","L.Andersson",Accepted,,H,WCSP,250020,130278-2,"Opera Bot.","43: 88","","1977"
kew-250021,A,Marantaceae,,Ischnosiphon,,"hirsutus",,"","Petersen",Accepted,,H,WCSP,250021,130279-2,"Fl. Bras.","3(3): 135","","1890"
kew-250022,A,Marantaceae,,Ischnosiphon,,"idrobonis",,"","L.Andersson",Accepted,,H,WCSP,250022,130280-2,"Opera Bot.","43: 96","","1977"
kew-250023,A,Marantaceae,,Ischnosiphon,,"inflatus",,"","L.Andersson",Accepted,,H,WCSP,250023,130281-2,"Opera Bot.","43: 34","","1977"
kew-250024,A,Marantaceae,,Ischnosiphon,,"killipii",,"","J.F.Macbr.",Accepted,,H,WCSP,250024,130282-2,"Publ. Field Mus. Nat. Hist., Bot. Ser.","11(2): 55","","1931"
kew-250026,A,Marantaceae,,Ischnosiphon,,"lasiocoleus",,"","K.Schum. ex Loes.",Accepted,,H,WCSP,250026,565123-1,"Notizbl. Königl. Bot. Gart. Berlin","6: 279","","1915"
kew-250031,A,Marantaceae,,Ischnosiphon,,"leucophaeus",,"","(Poepp. & Endl.) Körn.",Accepted,,H,WCSP,250031,797112-1,"Nouv. Mém. Soc. Imp. Naturalistes Moscou","11(1): 10","","1859"
kew-250036,A,Marantaceae,,Ischnosiphon,,"longiflorus",,"","K.Schum.",Accepted,,H,WCSP,250036,,"Pflanzenr.","IV, 46: 160","","1904"
tro-19700136,A,Marantaceae,,Ischnosiphon,,"longiflorus",,"","Schum.",Unresolved,,L,TRO,19700136,130288-2,"Pflanzenr.","IV. 48(Heft 11): 160","160","1902"
kew-250038,A,Marantaceae,,Ischnosiphon,,"longiflorus",subsp.,"longiflorus","",Accepted,,L,WCSP,250038,,"Unknown","","",""
kew-250039,A,Marantaceae,,Ischnosiphon,,"macarenae",,"","L.Andersson",Accepted,,H,WCSP,250039,130290-2,"Opera Bot.","43: 98","","1977"
kew-250040,A,Marantaceae,,Ischnosiphon,,"martianus",,"","Eichler ex Petersen",Accepted,,H,WCSP,250040,797115-1,"Fl. Bras.","3(3): 138","","1890"
kew-250046,A,Marantaceae,,Ischnosiphon,,"obliquus",,"","(Rudge) Körn.",Accepted,,H,WCSP,250046,797117-1,"Nouv. Mém. Soc. Imp. Naturalistes Moscou","11(1): 341","","1859"
kew-250049,A,Marantaceae,,Ischnosiphon,,"ovatus",,"","Körn.",Accepted,,H,WCSP,250049,130299-2,"Bull. Soc. Imp. Naturalistes Moscou","35(1): 90","","1862"
kew-250051,A,Marantaceae,,Ischnosiphon,,"parvifolius",,"","L.Andersson",Accepted,,H,WCSP,250051,565129-1,"Opera Bot.","43: 105","","1977"
kew-250052,A,Marantaceae,,Ischnosiphon,,"paryrizinho",,"","L.Andersson",Accepted,,H,WCSP,250052,130300-2,"Opera Bot.","43: 46","","1977"
kew-250053,A,Marantaceae,,Ischnosiphon,,"petiolatus",,"","(Rudge) L.Andersson",Accepted,,H,WCSP,250053,130301-2,"Opera Bot.","43: 43","","1977"
kew-250056,A,Marantaceae,,Ischnosiphon,,"polyphyllus",,"","(Poepp. & Endl.) Körn.",Accepted,,H,WCSP,250056,797122-1,"Bull. Soc. Imp. Naturalistes Moscou","35(1): 93","","1862"
kew-250058,A,Marantaceae,,Ischnosiphon,,"puberulus",,"","Loes.",Accepted,,H,WCSP,250058,130304-2,"Notizbl. Königl. Bot. Gart. Berlin","6: 281","","1915"
tro-19700601,A,Marantaceae,,Ischnosiphon,,"rhizanthus",,"","H. Kenn.",Unresolved,,L,TRO,19700601,,"","","",""
kew-250061,A,Marantaceae,,Ischnosiphon,,"rotundifolius",,"","(Poepp. & Endl.) Körn.",Accepted,,H,WCSP,250061,797124-1,"Bull. Soc. Imp. Naturalistes Moscou","35(1): 95","","1862"
tro-19700560,A,Marantaceae,,Ischnosiphon,,"smaragdinum",,"","Eichler",Unresolved,,L,TRO,19700560,,"","","",""
kew-250069,A,Marantaceae,,Ischnosiphon,,"surumuensis",,"","Loes.",Accepted,,H,WCSP,250069,130311-2,"Notizbl. Königl. Bot. Gart. Berlin","6: 276","","1915"
kew-250071,A,Marantaceae,,Ischnosiphon,,"ursinus",,"","L.Andersson",Accepted,,H,WCSP,250071,130313-2,"Nordic J. Bot.","4: 28","","1984"
kew-251120,A,Marantaceae,,Koernickanthe,,"orbiculata",,"","(Körn.) L.Andersson",Accepted,,H,WCSP,251120,909016-1,"Nordic J. Bot.","1: 241","","1981"
kew-253254,A,Marantaceae,,Maranta,,"amazonica",,"","L.Andersson",Accepted,,H,WCSP,253254,931009-1,"Nordic J. Bot.","6: 752","","1986"
kew-253255,A,Marantaceae,,Maranta,,"amplifolia",,"","K.Schum.",Accepted,,H,WCSP,253255,152845-2,"Pflanzenr.","IV, 48: 128","","1902"
kew-253256,A,Marantaceae,,Maranta,,"anderssoniana",,"","Yosh.-Arns, Mayo & M.Alves",Accepted,,H,WCSP,253256,60433692-2,"Insula","31: 41","","2002"
kew-253261,A,Marantaceae,,Maranta,,"arundinacea",,"","L.",Accepted,,H,WCSP,253261,280408-2,"Sp. Pl.","2","","1753"
tro-19700002,A,Marantaceae,,Maranta,,"bella",,"","",Unresolved,,L,TRO,19700002,797256-1,"","","",""
kew-253276,A,Marantaceae,,Maranta,,"bracteosa",,"","Petersen ex Warm.",Accepted,,H,WCSP,253276,797264-1,"Vidensk. Meddel. Naturhist. Foren. Kjøbenhavn","1889: 333","","1889"
tro-19700149,A,Marantaceae,,Maranta,,"bracteosa",,"","Petersen",Unresolved,,L,TRO,19700149,,"","","",""
kew-253277,A,Marantaceae,,Maranta,,"burchellii",,"","K.Schum.",Accepted,,H,WCSP,253277,152851-2,"Pflanzenr.","IV, 48: 130","","1902"
kew-253284,A,Marantaceae,,Maranta,,"cinerea",,"","Denester",Unresolved,,L,WCSP,253284,797273-1,"Bull. Soc. Linn. Bruxelles","1: 59","","1892"
kew-253290,A,Marantaceae,,Maranta,,"cordata",,"","Körn.",Accepted,,H,WCSP,253290,797281-1,"Bull. Soc. Imp. Naturalistes Moscou","35(1): 39","","1862"
kew-373307,A,Marantaceae,,Maranta,,"coriacea",,"","S.Vieira & V.C.Souza",Accepted,,H,WCSP,373307,77092354-1,"Bot. J. Linn. Soc.","158: 132","","2008"
kew-253292,A,Marantaceae,,Maranta,,"cristata",,"","Nees & Mart.",Accepted,,H,WCSP,253292,797284-1,"Nova Acta Phys.-Med. Acad. Caes. Leop.-Carol. Nat. Cur.","11(1): 25","","1823"
kew-253295,A,Marantaceae,,Maranta,,"cyclophylla",,"","K.Schum.",Accepted,,H,WCSP,253295,152856-2,"Pflanzenr.","IV, 48: 133","","1902"
kew-253298,A,Marantaceae,,Maranta,,"depressa",,"","E.Morren",Accepted,,H,WCSP,253298,797290-1,"Ann. Bot. Hort.","30: 97","","1880"
kew-253305,A,Marantaceae,,Maranta,,"eburnea",,"","Linden & André",Unresolved,,L,WCSP,253305,797299-1,"Ill. Hort.","20: 171","","1873"
kew-253309,A,Marantaceae,,Maranta,,"fascinator",,"","L.Linden & Rodigas",Unresolved,,L,WCSP,253309,152860-2,"Ill. Hort.","41: 105","","1894"
kew-253312,A,Marantaceae,,Maranta,,"flexuosa",,"","T.Lestib.",Unresolved,,L,WCSP,253312,797306-1,"Ann. Sci. Nat., Bot.","II, 17: 217","","1842"
kew-253314,A,Marantaceae,,Maranta,,"florestina",,"","auct.",Unresolved,,L,WCSP,253314,,"Ill. Hort.","41: 177","","1894"
kew-253315,A,Marantaceae,,Maranta,,"foliosa",,"","Körn.",Accepted,,H,WCSP,253315,797309-1,"Bull. Soc. Imp. Naturalistes Moscou","35(1): 47","","1862"
kew-253316,A,Marantaceae,,Maranta,,"friedrichsthallana",,"","Körn.",Accepted,,H,WCSP,253316,797310-1,"Bull. Soc. Imp. Naturalistes Moscou","35(1): 42","","1862"
kew-253318,A,Marantaceae,,Maranta,,"furcata",,"","Nees & Mart.",Accepted,,H,WCSP,253318,797313-1,"Nova Acta Phys.-Med. Acad. Caes. Leop.-Carol. Nat. Cur.","11(1): 24","","1823"
kew-253321,A,Marantaceae,,Maranta,,"gibba",,"","Sm.",Accepted,,H,WCSP,253321,797316-1,"Cycl.","22: 2","","1812"
kew-253328,A,Marantaceae,,Maranta,,"hatschbachiana",,"","Yosh.-Arns, Mayo & M.Alves",Accepted,,H,WCSP,253328,60433693-2,"Insula","31: 42","","2002"
kew-253333,A,Marantaceae,,Maranta,,"hoyeti",,"","Jacob-Makoy",Unresolved,,L,WCSP,253333,797330-1,"Gard. Chron.","1878(1): 440","","1878"
kew-253334,A,Marantaceae,,Maranta,,"humilis",,"","Aubl.",Accepted,,H,WCSP,253334,797331-1,"Hist. Pl. Guiane","1: 4","","1775"
kew-253340,A,Marantaceae,,Maranta,,"incrassata",,"","L.Andersson",Accepted,,H,WCSP,253340,280410-2,"Nordic J. Bot.","6: 747","","1986"
kew-253358,A,Marantaceae,,Maranta,,"leopoldii",,"","auct.",Unresolved,,L,WCSP,253358,,"Gard. Chron.","1892(2): 160","","1892"
kew-253360,A,Marantaceae,,Maranta,,"leuconeura",,"","E.Morren",Accepted,,H,WCSP,253360,797361-1,"Ann. Hort. Belge Étrangère","24: 323","","1874"
kew-253364,A,Marantaceae,,Maranta,,"lietzei",,"","(E.Morren) C.H.Nelson, Sutherl. & Fern.Casas",Accepted,,H,WCSP,253364,1003597-1,"Fontqueria","51: 3","","1998"
kew-253366,A,Marantaceae,,Maranta,,"lindmanii",,"","L.Andersson",Accepted,,H,WCSP,253366,931005-1,"Nordic J. Bot.","6: 744","","1986"
kew-253367,A,Marantaceae,,Maranta,,"linearis",,"","L.Andersson",Accepted,,H,WCSP,253367,280412-2,"Nordic J. Bot.","6: 741","","1986"
kew-373305,A,Marantaceae,,Maranta,,"longiflora",,"","S.Vieira & V.C.Souza",Accepted,,H,WCSP,373305,77092355-1,"Bot. J. Linn. Soc.","158: 134","","2008"
kew-253371,A,Marantaceae,,Maranta,,"longipes",,"","K.Schum.",Accepted,,H,WCSP,253371,152876-2,"Pflanzenr.","IV, 48: 134","","1902"
kew-253372,A,Marantaceae,,Maranta,,"longiscapa",,"","S.Moore",Accepted,,H,WCSP,253372,152877-2,"Trans. Linn. Soc. London, Bot.","4: 486","","1895"
kew-253373,A,Marantaceae,,Maranta,,"louisae",,"","auct.",Unresolved,,L,WCSP,253373,,"Gard. Chron.","1891(1): 594","","1891"
kew-253384,A,Marantaceae,,Maranta,,"mariae",,"","auct.",Unresolved,,L,WCSP,253384,,"Rev. Hort.","1894: 251","","1894"
kew-253393,A,Marantaceae,,Maranta,,"morrenii",,"","Jacob-Makoy",Unresolved,,L,WCSP,253393,797392-1,"Gard. Chron.","1878(1): 440","","1878"
kew-253398,A,Marantaceae,,Maranta,,"noctiflora",,"","Regel & Körn.",Accepted,,H,WCSP,253398,797398-1,"Index Seminum (LE)","1858: 31","","1858"
kew-253401,A,Marantaceae,,Maranta,,"oblongifolia",,"","Regel",Unresolved,,L,WCSP,253401,797401-1,"Gartenflora","27: 101","","1878"
tro-19700157,A,Marantaceae,,Maranta,,"orbisulata",,"","K. Schum.",Unresolved,,L,TRO,19700157,1075137-2,"","","",""
kew-253410,A,Marantaceae,,Maranta,,"parvifolia",,"","Petersen ex Warm.",Accepted,,H,WCSP,253410,797412-1,"Vidensk. Meddel. Naturhist. Foren. Kjøbenhavn","1889: 328","","1889"
tro-19700158,A,Marantaceae,,Maranta,,"parvifolia",,"","Petersen",Unresolved,,L,TRO,19700158,,"Fl. Bras.","3(3): 332–333","332","1890"
kew-253412,A,Marantaceae,,Maranta,,"perennis",,"","A.Usteri",Unresolved,,L,WCSP,253412,565147-1,"Guia Bot. Prafa Rep. Jard. Luz","17","","1919"
kew-253414,A,Marantaceae,,Maranta,,"phrynioides",,"","Körn.",Accepted,,H,WCSP,253414,797414-1,"Bull. Soc. Imp. Naturalistes Moscou","35(1): 40","","1862"
kew-253417,A,Marantaceae,,Maranta,,"pierardii",,"","Jacob-Makoy",Unresolved,,L,WCSP,253417,797415-1,"Gard. Chron.","1878(1): 440","","1878"
kew-253422,A,Marantaceae,,Maranta,,"pleiostachys",,"","K.Schum.",Accepted,,H,WCSP,253422,152889-2,"Pflanzenr.","IV, 48: 134","","1902"
kew-253423,A,Marantaceae,,Maranta,,"pluriflora",,"","(Petersen) K.Schum.",Accepted,,H,WCSP,253423,152890-2,"Pflanzenr.","IV, 48: 135","","1902"
kew-253424,A,Marantaceae,,Maranta,,"pohliana",,"","Körn.",Accepted,,H,WCSP,253424,797422-1,"Bull. Soc. Imp. Naturalistes Moscou","35(1): 44","","1862"
kew-253430,A,Marantaceae,,Maranta,,"protracta",,"","Miq.",Accepted,,H,WCSP,253430,797428-1,"Linnaea","18: 71","","1844"
kew-373320,A,Marantaceae,,Maranta,,"pulchra",,"","S.Vieira & V.C.Souza",Accepted,,H,WCSP,373320,77092356-1,"Bot. J. Linn. Soc.","158: 135","","2008"
kew-373321,A,Marantaceae,,Maranta,,"purpurea",,"","S.Vieira & V.C.Souza",Accepted,,H,WCSP,373321,77092357-1,"Bot. J. Linn. Soc.","158: 137","","2008"
kew-253437,A,Marantaceae,,Maranta,,"pycnostachys",,"","K.Schum.",Accepted,,H,WCSP,253437,152894-2,"Pflanzenr.","IV, 48: 134","","1902"
kew-467578,A,Marantaceae,,Maranta,,"rugosa",,"","J.M.A.Braga & S.Vieira",Accepted,,H,WCSP,467578,77111626-1,"Nordic J. Bot.","29: 175","","2011"
kew-253449,A,Marantaceae,,Maranta,,"ruiziana",,"","Körn.",Accepted,,H,WCSP,253449,797449-1,"Bull. Soc. Imp. Naturalistes Moscou","35(1): 45","","1862"
kew-253450,A,Marantaceae,,Maranta,,"rupicola",,"","L.Andersson",Accepted,,H,WCSP,253450,280414-2,"Nordic J. Bot.","6: 751","","1986"
kew-253454,A,Marantaceae,,Maranta,,"seemannii",,"","auct.",Unresolved,,L,WCSP,253454,,"Gard. Chron.","1872: 323, f. 113","","1872"
kew-253460,A,Marantaceae,,Maranta,,"sobolifera",,"","L.Andersson",Accepted,,H,WCSP,253460,280415-2,"Nordic J. Bot.","6: 742","","1986"
kew-253466,A,Marantaceae,,Maranta,,"striata",,"","Veitch",Unresolved,,L,WCSP,253466,797466-1,"Gard. Chron.","1864: 671","","1864"
kew-253467,A,Marantaceae,,Maranta,,"strigosa",,"","Horan.",Unresolved,,L,WCSP,253467,797467-1,"Prodr. Monogr. Scitam.","10","","1862"
kew-253469,A,Marantaceae,,Maranta,,"subterranea",,"","J.M.A.Braga",Accepted,,H,WCSP,253469,322220-2,"Eugeniana","25: 33","","2001"
kew-253476,A,Marantaceae,,Maranta,,"tuberculata",,"","L.Andersson",Accepted,,H,WCSP,253476,280417-2,"Nordic J. Bot.","6: 754","","1986"
kew-253483,A,Marantaceae,,Maranta,,"veitchii",,"","auct.",Unresolved,,L,WCSP,253483,,"Gard. Chron.","1864: 414","","1864"
kew-253488,A,Marantaceae,,Maranta,,"virginalis",,"","Linden ex Lem.",Unresolved,,L,WCSP,253488,797487-1,"Ill. Hort.","15: t. 550","","1868"
kew-253495,A,Marantaceae,,Maranta,,"zingiberina",,"","L.Andersson",Accepted,,H,WCSP,253495,280418-2,"Nordic J. Bot.","6: 746","","1986"
tro-100368359,A,Marantaceae,,Marantochloa,,"alba",,"","A. C. Ley",Unresolved,,L,TRO,100368359,,"","","",""
kew-253497,A,Marantaceae,,Marantochloa,,"comorensis",,"","Brongn. ex Gris",Accepted,,H,WCSP,253497,797496-1,"Bull. Soc. Bot. France","7: 231","","1860"
kew-467581,A,Marantaceae,,Marantochloa,,"conferta",,"","(Benth.) A.C.Ley",Accepted,,H,WCSP,467581,77115371-1,"Syst. Bot.","36: 287","","2011"
kew-253498,A,Marantaceae,,Marantochloa,,"congensis",,"","(K.Schum.) J.Léonard & Mullend.",Accepted,,H,WCSP,253498,565149-1,"Bull. Soc. Roy. Bot. Belgique","83: 17","","1950"
kew-253502,A,Marantaceae,,Marantochloa,,"cordifolia",,"","(K.Schum.) Koechlin",Accepted,,H,WCSP,253502,565150-1,"in Fl. Gabon","9: 129","","1964"
kew-253503,A,Marantaceae,,Marantochloa,,"cuspidata",,"","(Roscoe) Milne-Redh.",Accepted,,H,WCSP,253503,565151-1,"Proc. Linn. Soc. London","165: 30","","1954"
kew-253504,A,Marantaceae,,Marantochloa,,"filipes",,"","(Benth.) Hutch.",Accepted,,H,WCSP,253504,565152-1,"Fl. W. Trop. Afr.","2: 338","","1936"
kew-253509,A,Marantaceae,,Marantochloa,,"incertifolia",,"","Dhetchuvi",Accepted,,H,WCSP,253509,996606-1,"Bull. Jard. Bot. Natl. Belg.","65: 374","","1996"
kew-253510,A,Marantaceae,,Marantochloa,,"leucantha",,"","(K.Schum.) Milne-Redh.",Accepted,,H,WCSP,253510,565157-1,"Bull. Soc. Roy. Bot. Belgique","83: 19","","1950"
kew-253511,A,Marantaceae,,Marantochloa,,"leucantha",var.,"lasiocolea","(K.Schum.) Koechlin",Accepted,,L,WCSP,253511,,"in Fl. Cameroun","4: 127","","1965"
kew-253513,A,Marantaceae,,Marantochloa,,"mannii",,"","(Benth.) Milne-Redh.",Accepted,,H,WCSP,253513,565158-1,"Kew Bull.","4: 195","","1952"
kew-253514,A,Marantaceae,,Marantochloa,,"microphylla",,"","(Koechlin) Dhetchuvi",Accepted,,H,WCSP,253514,996607-1,"Bull. Jard. Bot. Natl. Belg.","65: 375","","1996"
kew-253515,A,Marantaceae,,Marantochloa,,"mildbraedii",,"","Koechlin",Accepted,,H,WCSP,253515,565159-1,"in Fl. Gabon","9: 130","","1964"
kew-253516,A,Marantaceae,,Marantochloa,,"monophylla",,"","(K.Schum.) D'Orey",Accepted,,H,WCSP,253516,910859-1,"Garcia de Orta, Sér. Bot.","5: 52","","1981 publ. 1982"
kew-253519,A,Marantaceae,,Marantochloa,,"purpurea",,"","(Ridl.) Milne-Redh.",Accepted,,H,WCSP,253519,565161-1,"Bull. Soc. Roy. Bot. Belgique","83: 21","","1950"
kew-253520,A,Marantaceae,,Marantochloa,,"ramosissima",,"","(Benth.) Hutch.",Accepted,,H,WCSP,253520,565162-1,"Fl. W. Trop. Afr.","2: 338","","1936"
kew-253521,A,Marantaceae,,Marantochloa,,"similis",,"","(Gagnep.) Pellegr.",Accepted,,H,WCSP,253521,565163-1,"Mém. Soc. Linn. Normandie, Bot.","1(4): 46","","1938"
kew-253522,A,Marantaceae,,Marantochloa,,"sulphurea",,"","(Baker) Koechlin",Accepted,,H,WCSP,253522,565164-1,"in Fl. Gabon","9: 119","","1964"
kew-254280,A,Marantaceae,,Megaphrynium,,"distans",,"","Hepper",Accepted,,H,WCSP,254280,565166-1,"Kew Bull.","32: 461","","1968"
kew-254281,A,Marantaceae,,Megaphrynium,,"gabonense",,"","Koechlin",Accepted,,H,WCSP,254281,565167-1,"in Fl. Gabon","9: 153","","1964"
kew-254283,A,Marantaceae,,Megaphrynium,,"macrostachyum",,"","(K.Schum.) Milne-Redh.",Accepted,,H,WCSP,254283,565168-1,"Kew Bull.","7: 170","","1952"
kew-254284,A,Marantaceae,,Megaphrynium,,"trichogynum",,"","Koechlin",Accepted,,H,WCSP,254284,565169-1,"in Fl. Gabon","9: 154","","1964"
kew-254285,A,Marantaceae,,Megaphrynium,,"velutinum",,"","(K.Schum.) Koechlin",Accepted,,H,WCSP,254285,565170-1,"in Fl. Gabon","9: 158","","1964"
kew-254591,A,Marantaceae,,Monophyllanthe,,"araracuarensis",,"","S.Suárez, Galeano & H.Kenn.",Accepted,,H,WCSP,254591,321825-2,"Novon","11: 356","","2001"
kew-254592,A,Marantaceae,,Monophyllanthe,,"oligophylla",,"","K.Schum.",Accepted,,H,WCSP,254592,163808-2,"Pflanzenr.","IV, 48: 166","","1902"
kew-254598,A,Marantaceae,,Monotagma,,"anathronum",,"","J.F.Macbr.",Accepted,,H,WCSP,254598,565173-1,"Publ. Field Mus. Nat. Hist., Bot. Ser.","11: 58","","1931"
kew-254599,A,Marantaceae,,Monotagma,,"angustissimum",,"","Loes.",Accepted,,H,WCSP,254599,163846-2,"Notizbl. Königl. Bot. Gart. Berlin","6: 284","","1915"
tro-19700167,A,Marantaceae,,Monotagma,,"aurantiacum",,"","Loes.",Unresolved,,L,TRO,19700167,,"","","",""
kew-467505,A,Marantaceae,,Monotagma,,"aurantispathum",,"","Hagberg & R.Erikss.",Accepted,,H,WCSP,467505,77110837-1,"Phytotaxa","20: 18","","2011"
kew-467477,A,Marantaceae,,Monotagma,,"breviscapum",,"","Hagberg & R.Erikss.",Accepted,,H,WCSP,467477,77110825-1,"Phytotaxa","20: 10","","2011"
tro-19700168,A,Marantaceae,,Monotagma,,"caprinense",,"","Huber",Unresolved,,L,TRO,19700168,,"","","",""
kew-467507,A,Marantaceae,,Monotagma,,"congestum",,"","Hagberg & R.Erikss.",Accepted,,H,WCSP,467507,77110839-1,"Phytotaxa","20: 22","","2011"
kew-254600,A,Marantaceae,,Monotagma,,"contractum",,"","Huber",Accepted,,H,WCSP,254600,163847-2,"Bol. Mus. Paraense Hist. Nat. Ethnogr.","3: 412","","1902"
kew-254601,A,Marantaceae,,Monotagma,,"contrariosum",,"","J.F.Macbr.",Accepted,,H,WCSP,254601,163848-2,"Publ. Field Mus. Nat. Hist., Bot. Ser.","11: 58","","1931"
kew-254602,A,Marantaceae,,Monotagma,,"densiflorum",,"","(Körn.) K.Schum.",Accepted,,H,WCSP,254602,163849-2,"Pflanzenr.","IV, 48: 167","","1902"
kew-254603,A,Marantaceae,,Monotagma,,"dolosum",,"","J.F.Macbr.",Accepted,,H,WCSP,254603,163850-2,"Publ. Field Mus. Nat. Hist., Bot. Ser.","11: 58","","1931"
kew-467474,A,Marantaceae,,Monotagma,,"exile",,"","Hagberg & R.Erikss.",Accepted,,H,WCSP,467474,77110824-1,"Phytotaxa","20: 8","","2011"
kew-467502,A,Marantaceae,,Monotagma,,"flavicomum",,"","Hagberg & R.Erikss.",Accepted,,H,WCSP,467502,77110836-1,"Phytotaxa","20: 17","","2011"
kew-467468,A,Marantaceae,,Monotagma,,"floribundum",,"","Hagberg & R.Erikss.",Accepted,,H,WCSP,467468,77110826-1,"Phytotaxa","20: 11","","2011"
kew-467478,A,Marantaceae,,Monotagma,,"grallatum",,"","Hagberg & R.Erikss.",Accepted,,H,WCSP,467478,77110821-1,"Phytotaxa","20: 4","","2011"
kew-254607,A,Marantaceae,,Monotagma,,"haughtii",,"","L.B.Sm. & Idrobo",Accepted,,H,WCSP,254607,163854-2,"Caldasia","5: 52","","1948"
kew-467491,A,Marantaceae,,Monotagma,,"humile",,"","Hagberg & R.Erikss.",Accepted,,H,WCSP,467491,77110834-1,"Phytotaxa","20: 16","","2011"
kew-254608,A,Marantaceae,,Monotagma,,"juruanum",,"","Loes.",Accepted,,H,WCSP,254608,281011-2,"Notizbl. Königl. Bot. Gart. Berlin","6: 285","","1915"
tro-19700732,A,Marantaceae,,Monotagma,,"lachnecaula",,"","Miguel",Unresolved,,L,TRO,19700732,,"","","",""
kew-254609,A,Marantaceae,,Monotagma,,"laxum",,"","(Poepp. & Endl.) K.Schum.",Accepted,,H,WCSP,254609,163856-2,"Pflanzenr.","IV, 48: 168","","1902"
kew-467463,A,Marantaceae,,Monotagma,,"lilacinum",,"","Hagberg & R.Erikss.",Accepted,,H,WCSP,467463,77110823-1,"Phytotaxa","20: 7","","2011"
tro-19700174,A,Marantaceae,,Monotagma,,"negrensis",,"","Huber",Unresolved,,L,TRO,19700174,,"","","",""
kew-467508,A,Marantaceae,,Monotagma,,"nutans",,"","Hagberg & R.Erikss.",Accepted,,H,WCSP,467508,77110840-1,"Phytotaxa","20: 22","","2011"
kew-254611,A,Marantaceae,,Monotagma,,"ovatum",,"","Hagberg",Accepted,,H,WCSP,254611,281012-2,"Ann. Missouri Bot. Gard.","77: 421","","1990"
kew-467495,A,Marantaceae,,Monotagma,,"papillosum",,"","Hagberg & R.Erikss.",Accepted,,H,WCSP,467495,77110830-1,"Phytotaxa","20: 14","","2011"
kew-467494,A,Marantaceae,,Monotagma,,"paradoxum",,"","Hagberg & R.Erikss.",Accepted,,H,WCSP,467494,77110829-1,"Phytotaxa","20: 13","","2011"
kew-254613,A,Marantaceae,,Monotagma,,"parvulum",,"","Loes.",Accepted,,H,WCSP,254613,163859-2,"Notizbl. Königl. Bot. Gart. Berlin","6: 284","","1915"
kew-254614,A,Marantaceae,,Monotagma,,"plurispicatum",,"","(Körn.) K.Schum.",Accepted,,H,WCSP,254614,163860-2,"Pflanzenr.","IV, 48: 169","","1902"
kew-467511,A,Marantaceae,,Monotagma,,"remotum",,"","Hagberg, R.Erikss. & H.Kenn.",Accepted,,H,WCSP,467511,77110832-1,"Phytotaxa","20: 16","","2011"
kew-254615,A,Marantaceae,,Monotagma,,"rhodanthum",,"","Maguire & Wurdack",Accepted,,H,WCSP,254615,163861-2,"Mem. New York Bot. Gard.","10(2): 15","","1960"
kew-467464,A,Marantaceae,,Monotagma,,"roseum",,"","Hagberg & R.Erikss.",Accepted,,H,WCSP,467464,77110827-1,"Phytotaxa","20: 11","","2011"
kew-254616,A,Marantaceae,,Monotagma,,"rudanii",,"","Hagberg",Accepted,,H,WCSP,254616,281013-2,"in Fl. Ecuador","32(224): 163","","1988"
kew-254617,A,Marantaceae,,Monotagma,,"secundum",,"","(Petersen) K.Schum.",Accepted,,H,WCSP,254617,163862-2,"Pflanzenr.","IV, 48: 167","","1902"
kew-467510,A,Marantaceae,,Monotagma,,"septentrionale",,"","Hagberg & R.Erikss.",Accepted,,H,WCSP,467510,77110828-1,"Phytotaxa","20: 12","","2011"
kew-254618,A,Marantaceae,,Monotagma,,"smaragdinum",,"","(Linden & André) K.Schum.",Accepted,,H,WCSP,254618,163863-2,"Pflanzenr.","IV, 48: 169","","1902"
kew-467576,A,Marantaceae,,Monotagma,,"spathulatum",,"","Hagberg & R.Erikss.",Accepted,,H,WCSP,467576,77110920-1,"Phytotaxa","20: 20","","2011"
kew-254619,A,Marantaceae,,Monotagma,,"spicatum",,"","(Aubl.) J.F.Macbr.",Accepted,,H,WCSP,254619,565182-1,"Publ. Field Mus. Nat. Hist., Bot. Ser.","11: 14","","1931"
tro-19700176,A,Marantaceae,,Monotagma,,"tessmannii",,"","Loes.",Unresolved,,L,TRO,19700176,,"","","",""
kew-254621,A,Marantaceae,,Monotagma,,"tomentosum",,"","K.Schum. ex Loes.",Accepted,,H,WCSP,254621,281014-2,"Notizbl. Königl. Bot. Gart. Berlin","6: 286","","1915"
kew-467485,A,Marantaceae,,Monotagma,,"tuberosum",,"","Hagberg & R.Erikss.",Accepted,,H,WCSP,467485,77110843-1,"Phytotaxa","20: 23","","2011"
kew-254622,A,Marantaceae,,Monotagma,,"ulei",,"","K.Schum. ex Loes.",Accepted,,H,WCSP,254622,565185-1,"Notizbl. Königl. Bot. Gart. Berlin","6: 282","","1915"
tro-19700206,A,Marantaceae,,Monotagma,,"ulei",,"","K. Schum.",Unresolved,,L,TRO,19700206,,"","","",""
kew-467506,A,Marantaceae,,Monotagma,,"uliginosum",,"","Hagberg & R.Erikss.",Accepted,,H,WCSP,467506,77110838-1,"Phytotaxa","20: 21","","2011"
kew-254623,A,Marantaceae,,Monotagma,,"vaginatum",,"","Hagberg",Accepted,,H,WCSP,254623,281015-2,"Ann. Missouri Bot. Gard.","77: 422","","1990"
kew-254624,A,Marantaceae,,Monotagma,,"yapacanensis",,"","Steyerm. & Bunting",Accepted,,H,WCSP,254624,565186-1,"Acta Biol. Venez.","8: 114","","1973"
kew-255062,A,Marantaceae,,Myrosma,,"australis",,"","K.Schum.",Accepted,,H,WCSP,255062,166452-2,"Pflanzenr.","IV, 48: 142","","1902"
kew-255063,A,Marantaceae,,Myrosma,,"boliviana",,"","Loes.",Accepted,,H,WCSP,255063,166453-2,"Notizbl. Königl. Bot. Gart. Berlin","6: 270","","1915"
kew-255065,A,Marantaceae,,Myrosma,,"cannifolia",,"","L.f.",Accepted,,H,WCSP,255065,797633-1,"Suppl. Pl.","80","","1782"
kew-255068,A,Marantaceae,,Myrosma,,"cuyabensis",,"","(Körn.) K.Schum.",Accepted,,H,WCSP,255068,166455-2,"Pflanzenr.","IV, 48: 142","","1902"
kew-255075,A,Marantaceae,,Myrosma,,"membranacea",,"","(Petersen) K.Schum.",Accepted,,H,WCSP,255075,166461-2,"Pflanzenr.","IV, 48: 144","","1902"
kew-255081,A,Marantaceae,,Myrosma,,"tenuifolia",,"","(Petersen) K.Schum.",Accepted,,H,WCSP,255081,166466-2,"Pflanzenr.","IV, 48: 144","","1902"
kew-459035,A,Marantaceae,,Phrynium,,"aurantium",,"","(Clausager & Borchs.) Suksathan & Borchs.",Accepted,,H,WCSP,459035,77098033-1,"Bot. J. Linn. Soc.","159: 394","","2009"
kew-467878,A,Marantaceae,,Phrynium,,"bracteosum",,"","(Warb. ex K.Schum.) Suksathan & Borchs.",Accepted,,H,WCSP,467878,77115385-1,"Taiwania","55: 29","","2010"
kew-257884,A,Marantaceae,,Phrynium,,"fasciculatum",,"","(C.Presl) Horan.",Accepted,,H,WCSP,257884,,"Prodr. Monogr. Scitam.","11","","1862"
kew-257886,A,Marantaceae,,Phrynium,,"fissifolium",,"","Ridl.",Accepted,,H,WCSP,257886,565212-1,"J. Straits Branch Roy. Asiat. Soc.","46: 246","","1906"
kew-257891,A,Marantaceae,,Phrynium,,"giganteum",,"","Scheff.",Accepted,,H,WCSP,257891,797723-1,"Ann. Jard. Bot. Buitenzorg","1: 58","","1876"
kew-257893,A,Marantaceae,,Phrynium,,"gracile",,"","K.Schum.",Accepted,,H,WCSP,257893,797725-1,"Fl. Schutzgeb. Südsee","Nachtr.: 67","","1905"
kew-257895,A,Marantaceae,,Phrynium,,"grandibracteatum",,"","Clausager & Borchs.",Accepted,,H,WCSP,257895,50425770-2,"Kew Bull.","58: 661","","2003"
kew-257900,A,Marantaceae,,Phrynium,,"hainanense",,"","T.L.Wu & S.J.Chen",Accepted,,H,WCSP,257900,898388-1,"in Fl. Reipubl. Popul. Sin.","16(2): 176","","1981"
kew-257904,A,Marantaceae,,Phrynium,,"hirtum",,"","Ridl.",Accepted,,H,WCSP,257904,797733-1,"J. Straits Branch Roy. Asiat. Soc.","32: 181","","1899"
kew-257906,A,Marantaceae,,Phrynium,,"houtteanum",,"","K.Koch",Accepted,,H,WCSP,257906,797735-1,"Wochenschr. Vereines Beförd. Gartenbaues Königl. Preuss. Staaten","6: 259","","1863"
kew-257907,A,Marantaceae,,Phrynium,,"imbricatum",,"","Roxb.",Accepted,,H,WCSP,257907,797736-1,"Fl. Ind.","1: 6","","1820"
kew-459037,A,Marantaceae,,Phrynium,,"interruptum",,"","(K.Schum.) Suksathan & Borchs.",Accepted,,H,WCSP,459037,77098035-1,"Bot. J. Linn. Soc.","159: 394","","2009"
kew-257912,A,Marantaceae,,Phrynium,,"kaniense",,"","Loes. & G.M.Schulze",Accepted,,H,WCSP,257912,565217-1,"Bot. Jahrb. Syst.","69: 266","","1938"
kew-459038,A,Marantaceae,,Phrynium,,"laxum",,"","(Clausager & Borchs.) Suksathan & Borchs.",Accepted,,H,WCSP,459038,77098036-1,"Bot. J. Linn. Soc.","159: 394","","2009"
kew-459039,A,Marantaceae,,Phrynium,,"longispicum",,"","(K.Schum.) Suksathan & Borchs.",Accepted,,H,WCSP,459039,77098037-1,"Bot. J. Linn. Soc.","159: 394","","2009"
kew-257926,A,Marantaceae,,Phrynium,,"macrocephalum",,"","K.Schum.",Accepted,,H,WCSP,257926,797751-1,"Fl. Kais. Wilh. Land","30","","1889"
kew-459040,A,Marantaceae,,Phrynium,,"magnificum",,"","Suksathan & Borchs.",Accepted,,H,WCSP,459040,77098028-1,"Bot. J. Linn. Soc.","159: 394","","2009"
kew-257933,A,Marantaceae,,Phrynium,,"maximum",,"","Blume",Accepted,,H,WCSP,257933,797757-1,"Enum. Pl. Javae","37","","1827"
kew-257936,A,Marantaceae,,Phrynium,,"micholitzii",,"","auct.",Unresolved,,L,WCSP,257936,,"Gard. Chron.","1903(1): 245","","1903"
kew-459041,A,Marantaceae,,Phrynium,,"minor",,"","(Valeton) Suksathan & Borchs.",Accepted,,H,WCSP,459041,77098029-1,"Bot. J. Linn. Soc.","159: 394","","2009"
kew-459042,A,Marantaceae,,Phrynium,,"minutiflorum",,"","Suksathan & Borchs.",Accepted,,H,WCSP,459042,77098034-1,"Bot. J. Linn. Soc.","159: 394","","2009"
kew-257944,A,Marantaceae,,Phrynium,,"nicobaricum",,"","Didr.",Accepted,,H,WCSP,257944,797768-1,"Vidensk. Meddel. Naturhist. Foren. Kjøbenhavn","1854: 183","","1854"
kew-257947,A,Marantaceae,,Phrynium,,"obscurum",,"","Teijsm. & Binn.",Accepted,,H,WCSP,257947,797772-1,"Natuurk. Tijdschr. Ned.-Indië","24: 329","","1862"
kew-257955,A,Marantaceae,,Phrynium,,"paniculatum",,"","N.P.Balakr.",Accepted,,H,WCSP,257955,565223-1,"Blumea","24: 185","","1978"
kew-257958,A,Marantaceae,,Phrynium,,"parvum",,"","(Ridl.) Holttum",Accepted,,H,WCSP,257958,565225-1,"Gard. Bull. Singapore","13: 283","","1951"
kew-257959,A,Marantaceae,,Phrynium,,"pedunculatum",,"","Warb. ex K.Schum. & Lauterb.",Accepted,,H,WCSP,257959,797780-1,"Fl. Schutzgeb. Südsee","238","","1900"
kew-257960,A,Marantaceae,,Phrynium,,"pedunculiferum",,"","D.Fang",Accepted,,H,WCSP,257960,20008384-1,"J. Trop. Subtrop. Bot.","10: 250","","2002"
kew-257968,A,Marantaceae,,Phrynium,,"pubinerve",,"","Blume",Accepted,,H,WCSP,257968,797788-1,"Enum. Pl. Javae","38","","1827"
kew-459043,A,Marantaceae,,Phrynium,,"robinsonii",,"","(Valeton) Suksathan & Borchs.",Accepted,,H,WCSP,459043,77098038-1,"Bot. J. Linn. Soc.","159: 394","","2009"
kew-459044,A,Marantaceae,,Phrynium,,"rubrum",,"","(Valeton) Suksathan & Borchs.",Accepted,,H,WCSP,459044,77098030-1,"Bot. J. Linn. Soc.","159: 394","","2009"
kew-459045,A,Marantaceae,,Phrynium,,"sapiense",,"","(Clausager, Mood & Borchs.) Suksathan & Borchs.",Accepted,,H,WCSP,459045,77098039-1,"Bot. J. Linn. Soc.","159: 394","","2009"
kew-257985,A,Marantaceae,,Phrynium,,"schlechteri",,"","Loes. & G.M.Schulze",Accepted,,H,WCSP,257985,565228-1,"Bot. Jahrb. Syst.","69: 266","","1938"
kew-459046,A,Marantaceae,,Phrynium,,"simplex",,"","(Elmer) Suksathan & Borchs.",Accepted,,H,WCSP,459046,77098032-1,"Bot. J. Linn. Soc.","159: 394","","2009"
kew-257990,A,Marantaceae,,Phrynium,,"stenophyllum",,"","Clausager & Borchs.",Accepted,,H,WCSP,257990,50425771-2,"Kew Bull.","58: 666","","2003"
kew-258000,A,Marantaceae,,Phrynium,,"tonkinense",,"","Gagnep.",Accepted,,H,WCSP,258000,797814-1,"Bull. Soc. Bot. France","51: 179","","1904"
kew-258001,A,Marantaceae,,Phrynium,,"trifasciatum",,"","Lem.",Unresolved,,L,WCSP,258001,565233-1,"Hortus Van Houtteanus","1(1): 9","","1845"
kew-258003,A,Marantaceae,,Phrynium,,"tristachyum",,"","Ridl.",Accepted,,H,WCSP,258003,565234-1,"Fl. Malay Penins.","4: 290","","1924"
kew-258013,A,Marantaceae,,Phrynium,,"venustum",,"","I.M.Turner",Accepted,,H,WCSP,258013,1004142-1,"Gard. Bull. Singapore","50: 39","","1998"
kew-258014,A,Marantaceae,,Phrynium,,"villosulum",,"","Miq.",Accepted,,H,WCSP,258014,797825-1,"Fl. Ned. Ind., Eerste Bijv.","616","","1861"
kew-459047,A,Marantaceae,,Phrynium,,"whitei",,"","(Ridl.) Suksathan & Borchs.",Accepted,,H,WCSP,459047,77098040-1,"Bot. J. Linn. Soc.","159: 394","","2009"
kew-259130,A,Marantaceae,,Pleiostachya,,"leiostachya",,"","(Donn.Sm.) Hammel",Accepted,,H,WCSP,259130,942792-1,"Phytologia","60: 16","","1986"
kew-259133,A,Marantaceae,,Pleiostachya,,"pittieri",,"","Rowlee ex Standl.",Accepted,,H,WCSP,259133,202050-2,"J. Wash. Acad. Sci.","15: 5","","1925"
kew-259134,A,Marantaceae,,Pleiostachya,,"pruinosa",,"","(Regel) K.Schum.",Accepted,,H,WCSP,259134,202051-2,"Pflanzenr.","IV, 48: 165","","1902"
kew-262668,A,Marantaceae,,Sanblasia,,"dressleri",,"","L.Andersson",Accepted,,H,WCSP,262668,227284-2,"Nordic J. Bot.","4: 22","","1984"
kew-262670,A,Marantaceae,,Saranthe,,"composita",,"","(K.Koch) K.Schum.",Accepted,,H,WCSP,262670,227674-2,"Pflanzenr.","IV, 48: 139","","1902"
kew-262672,A,Marantaceae,,Saranthe,,"eichleri",,"","Petersen",Accepted,,H,WCSP,262672,227675-2,"Fl. Bras.","3(3): 166","","1890"
kew-262673,A,Marantaceae,,Saranthe,,"gladioli",,"","K.Schum.",Accepted,,H,WCSP,262673,227676-2,"Pflanzenr.","IV, 48: 138","","1902"
kew-262674,A,Marantaceae,,Saranthe,,"glumacea",,"","(K.Koch) K.Schum.",Accepted,,H,WCSP,262674,227677-2,"Pflanzenr.","IV, 48: 139","","1902"
kew-262675,A,Marantaceae,,Saranthe,,"klotzschiana",,"","(Körn.) Eichler",Accepted,,H,WCSP,262675,,"Abh. Königl. Akad. Wiss. Berlin","1883: 86","","1884"
kew-262677,A,Marantaceae,,Saranthe,,"leptostachya",,"","(Regel & Körn.) Eichler",Accepted,,H,WCSP,262677,,"Abh. Königl. Akad. Wiss. Berlin","1883: 86","","1884"
kew-262678,A,Marantaceae,,Saranthe,,"madagascariensis",,"","(Benth.) K.Schum.",Accepted,,H,WCSP,262678,798136-1,"Nat. Pflanzenfam.","Nachtr. 1: 96","","1897"
kew-262679,A,Marantaceae,,Saranthe,,"marcgravii",,"","Pickel",Accepted,,H,WCSP,262679,227678-2,"Arq. Bot. Estado São Paulo","n.s., f.m., 1: 50","","1939"
kew-262690,A,Marantaceae,,Saranthe,,"ustulata",,"","Petersen",Accepted,,H,WCSP,262690,227685-2,"Fl. Bras.","3(3): 165","","1890"
kew-262705,A,Marantaceae,,Sarcophrynium,,"bisubulatum",,"","(K.Schum.) K.Schum.",Accepted,,H,WCSP,262705,,"Pflanzenr.","IV, 48: 37","","1902"
tro-19700474,A,Marantaceae,,Sarcophrynium,,"brachystachys",,"","K. Schum.",Accepted,,M,TRO,19700474,,"","","",""
kew-262706,A,Marantaceae,,Sarcophrynium,,"brachystachyum",,"","(Benth.) K.Schum.",Accepted,,H,WCSP,262706,,"Pflanzenr.","IV, 48: 36","","1902"
kew-262708,A,Marantaceae,,Sarcophrynium,,"congolense",,"","Loes.",Accepted,,H,WCSP,262708,565244-1,"Wiss. Erg. Deut. Zentr.-Afr. Exped., Bot.","2: 67","","1910"
kew-262713,A,Marantaceae,,Sarcophrynium,,"prionogonium",,"","(K.Schum.) K.Schum.",Accepted,,H,WCSP,262713,,"Pflanzenr.","IV, 48: 39","","1902"
kew-262717,A,Marantaceae,,Sarcophrynium,,"schweinfurthianum",,"","(Kuntze) Milne-Redh.",Accepted,,H,WCSP,262717,565251-1,"Bull. Soc. Roy. Bot. Belgique","83: 30","","1950"
kew-262722,A,Marantaceae,,Sarcophrynium,,"villosum",,"","(Benth.) K.Schum.",Accepted,,H,WCSP,262722,,"Pflanzenr.","IV, 48: 38","","1902"
kew-263609,A,Marantaceae,,Schumannianthus,,"dichotomus",,"","(Roxb.) Gagnep.",Accepted,,H,WCSP,263609,565256-1,"Bull. Soc. Bot. France","51: 176","","1904"
kew-344718,A,Marantaceae,,Schumannianthus,,"monophyllus",,"","Suksathan, Borchs. & A.D.Poulsen",Accepted,,H,WCSP,344718,60442761-2,"Novon","16: 139","","2006"
kew-266703,A,Marantaceae,,Stachyphrynium,,"borneense",,"","Ridl.",Accepted,,H,WCSP,266703,565259-1,"J. Bot.","75: 204","","1937"
kew-338758,A,Marantaceae,,Stachyphrynium,,"calcicola",,"","A.D.Poulsen & Clausager",Accepted,,H,WCSP,338758,,"Gard. Bull. Singapore","56: 162","","2004"
kew-266708,A,Marantaceae,,Stachyphrynium,,"lancifolium",,"","Suksathan & Borchs.",Accepted,,H,WCSP,266708,50426604-2,"Willdenowia","33: 406","","2003"
kew-266709,A,Marantaceae,,Stachyphrynium,,"latifolium",,"","(Blume) K.Schum.",Accepted,,H,WCSP,266709,565263-1,"Pflanzenr.","IV, 48: 49","","1902"
kew-266710,A,Marantaceae,,Stachyphrynium,,"longispicatum",,"","Suksathan & Borchs.",Accepted,,H,WCSP,266710,50426603-2,"Willdenowia","33: 404","","2003"
kew-266715,A,Marantaceae,,Stachyphrynium,,"placentarium",,"","(Lour.) Clausager & Borchs.",Accepted,,H,WCSP,266715,50425772-2,"Kew Bull.","58: 672","","2003"
kew-342312,A,Marantaceae,,Stachyphrynium,,"repens",,"","(Körn.) Suksathan & Borchs.",Accepted,,H,WCSP,342312,,"Taxon","54: 1086","","2005"
kew-266717,A,Marantaceae,,Stachyphrynium,,"spicatum",,"","(Roxb.) K.Schum.",Accepted,,H,WCSP,266717,,"Pflanzenr.","IV, 48: 46","","1902"
kew-266718,A,Marantaceae,,Stachyphrynium,,"sumatranum",,"","(Miq.) K.Schum.",Accepted,,H,WCSP,266718,565269-1,"Pflanzenr.","IV, 48: 48","","1902"
kew-267341,A,Marantaceae,,Stromanthe,,"angustifolia",,"","Rusby",Accepted,,H,WCSP,267341,798202-1,"Mem. Torrey Bot. Club","4: 226","","1895"
kew-468466,A,Marantaceae,,Stromanthe,,"bahiensis",,"","Yosh.-Arns, Mayo & J.M.A.Braga",Accepted,,H,WCSP,468466,77113242-1,"Nordic J. Bot.","29: 357","","2011"
kew-267342,A,Marantaceae,,Stromanthe,,"boliviana",,"","K.Schum.",Accepted,,H,WCSP,267342,246143-2,"Pflanzenr.","IV, 48: 151","","1902"
kew-267343,A,Marantaceae,,Stromanthe,,"confusa",,"","K.Schum.",Accepted,,H,WCSP,267343,246144-2,"Pflanzenr.","IV, 48: 150","","1902"
kew-267344,A,Marantaceae,,Stromanthe,,"eximia",,"","Eichler",Unresolved,,L,WCSP,267344,,"Abh. Königl. Akad. Wiss. Berlin","1883: 81","","1884"
kew-267345,A,Marantaceae,,Stromanthe,,"glabra",,"","Yosh.-Arns",Accepted,,H,WCSP,267345,329878-2,"Ernstia","12: 33","","2002 publ. 2003"
kew-267346,A,Marantaceae,,Stromanthe,,"guapilesensis",,"","(Donn.Sm.) H.A.Kenn. & Nicolson",Accepted,,H,WCSP,267346,246145-2,"Ann. Missouri Bot. Gard.","62: 502","","1975"
kew-267347,A,Marantaceae,,Stromanthe,,"hjalmarssonii",,"","(Körn.) Petersen ex K.Schum.",Accepted,,H,WCSP,267347,,"Pflanzenr.","IV, 48: 147","","1902"
kew-267348,A,Marantaceae,,Stromanthe,,"humilis",,"","Loes.",Unresolved,,L,WCSP,267348,246146-2,"Notizbl. Bot. Gart. Berlin-Dahlem","7: 410","","1920"
kew-267349,A,Marantaceae,,Stromanthe,,"jacquinii",,"","(Roem. & Schult.) H.A.Kenn. & Nicolson",Accepted,,H,WCSP,267349,246147-2,"Ann. Missouri Bot. Gard.","62: 501","","1975"
kew-267352,A,Marantaceae,,Stromanthe,,"macrochlamys",,"","(Woodson & Standl.) H.A.Kenn. & Nicolson",Accepted,,H,WCSP,267352,943878-1,"Brittonia","39: 139","","1987"
kew-267353,A,Marantaceae,,Stromanthe,,"palustris",,"","H.Kenn.",Accepted,,H,WCSP,267353,1006660-1,"Novon","9: 63","","1999"
kew-267354,A,Marantaceae,,Stromanthe,,"papillosa",,"","Petersen",Accepted,,H,WCSP,267354,246149-2,"Fl. Bras.","3(3): 155","","1890"
kew-267355,A,Marantaceae,,Stromanthe,,"pluriflora",,"","Petersen ex Warm.",Accepted,,H,WCSP,267355,798209-1,"Vidensk. Meddel. Naturhist. Foren. Kjøbenhavn","1889: 335","","1889"
kew-267356,A,Marantaceae,,Stromanthe,,"popolucana",,"","Cast.-Campos, Vovides & Vázq.Torres",Accepted,,H,WCSP,267356,318013-2,"Polibotánica","8: 14","","1998 publ. 1999"
kew-267357,A,Marantaceae,,Stromanthe,,"porteana",,"","Gris",Accepted,,H,WCSP,267357,329879-2,"Ann. Sci. Nat., Bot.","IV, 9: 185","","1858"
kew-267358,A,Marantaceae,,Stromanthe,,"ramosissima",,"","L.Andersson",Accepted,,H,WCSP,267358,285701-2,"in Fl. Ecuador","32(224): 174","","1988"
kew-267362,A,Marantaceae,,Stromanthe,,"schottiana",,"","(Körn.) Eichler",Accepted,,H,WCSP,267362,,"Abh. Königl. Akad. Wiss. Berlin","1883: 81","","1884"
kew-267363,A,Marantaceae,,Stromanthe,,"sellowiana",,"","K.Schum.",Accepted,,H,WCSP,267363,246152-2,"Pflanzenr.","IV, 48: 147","","1902"
kew-267366,A,Marantaceae,,Stromanthe,,"stromanthoides",,"","(J.F.Macbr.) L.Andersson",Accepted,,H,WCSP,267366,,"Nordic J. Bot.","1: 236","","1981"
kew-267367,A,Marantaceae,,Stromanthe,,"thalia",,"","(Vell.) J.M.A.Braga",Accepted,,H,WCSP,267367,983858-1,"Eugeniana","21: 23","","1994-1995 publ. 1995"
kew-267368,A,Marantaceae,,Stromanthe,,"tonckat",,"","(Aubl.) Eichler",Accepted,,H,WCSP,267368,1052955-2,"Abh. Königl. Akad. Wiss. Berlin","1883: 80","","1884"
kew-268123,A,Marantaceae,,Thalia,,"dealbata",,"","Fraser",Accepted,,H,WCSP,268123,,"Thaiszia","t. 1","","1794"
tro-19700215,A,Marantaceae,,Thalia,,"dealbata",,"","Fraser ex Roscoe",Unresolved,,L,TRO,19700215,,"Trans. Linn. Soc. London","8: 340","340","1807"
kew-268125,A,Marantaceae,,Thalia,,"densibracteata",,"","Petersen",Accepted,,H,WCSP,268125,252139-2,"Fl. Bras.","3(3): 144","","1890"
kew-268132,A,Marantaceae,,Thalia,,"geniculata",,"","L.",Accepted,,H,WCSP,268132,798255-1,"Sp. Pl.","1193","","1753"
kew-268143,A,Marantaceae,,Thalia,,"multiflora",,"","Horkel ex Körn.",Accepted,,H,WCSP,268143,798264-1,"Bull. Soc. Imp. Naturalistes Moscou","35(1): 76","","1862"
tro-19700196,A,Marantaceae,,Thalia,,"pavoni",,"","Körn.",Unresolved,,L,TRO,19700196,,"","","",""
kew-268145,A,Marantaceae,,Thalia,,"pavonii",,"","Körn.",Accepted,,H,WCSP,268145,798266-1,"Bull. Soc. Imp. Naturalistes Moscou","35(1): 77","","1862"
tro-19700198,A,Marantaceae,,Thalia,,"peterseniana",,"","K. Schum.",Unresolved,,L,TRO,19700198,,"","","",""
kew-268146,A,Marantaceae,,Thalia,,"petersiana",,"","K.Schum.",Accepted,,H,WCSP,268146,,"Pflanzenr.","IV, 48: 173","","1902"
tro-100266491,A,Marantaceae,,Thalia,,"sylvestris",,"","Willd. ex Schult.",Unresolved,,L,TRO,100266491,798278-1,"Mant.","1: 10","10","1822"
kew-268246,A,Marantaceae,,Thaumatococcus,,"daniellii",,"","(Benn.) Benth.",Accepted,,H,WCSP,268246,798285-1,"Gen. Pl.","3: 652","","1883"
kew-270142,A,Marantaceae,,Trachyphrynium,,"braunianum",,"","(K.Schum.) Baker",Accepted,,H,WCSP,270142,798287-1,"Fl. Trop. Afr.","7: 319","","1898"
