﻿ID,Major group,Family,Genus hybrid marker,Genus,Species hybrid marker,Species,Infraspecific rank,Infraspecific epithet,Authorship,Taxonomic status in TPL,Nomenclatural status from original data source,Confidence level,Source,Source id,IPNI id,Publication,Collation,Page,Date
tro-35184844,B,Marchantiaceae,,Bucegia,,"romanica",,"","Radian",Accepted,,M,TRO,35184844,,"Bull. Herb. Inst. Bot. Bucarest","3: 4 (:4)","4 ","1903"
tro-35185098,B,Marchantiaceae,,Dumortiera,,"hirsuta",,"","(Sw.) Nees",Accepted,,M,TRO,35185098,,"Fl. Bras. Enum. Pl.","1: 307","307","1833"
tro-35204895,B,Marchantiaceae,,Dumortiera,,"hirsuta",subsp.,"nepalensis","(Taylor) R.M. Schust.",Accepted,,L,TRO,35204895,,"Hepat. Anthocerotae N. Amer.","6: 386","386","1992"
tro-35216487,B,Marchantiaceae,,Dumortiera,,"trichocephala",,"","Nees",Unresolved,,L,TRO,35216487,,"Naturgesch. Eur. Leberm.","4: 499","499","1838"
tro-35215097,B,Marchantiaceae,,Hygrophila,,"dilatata",,"","Hook. & Taylor",Unresolved,,L,TRO,35215097,,"London J. Bot.","3: 576","576","1844"
tro-35215096,B,Marchantiaceae,,Hygrophila,,"irrigua",,"","(Wilson ex Hook.) Taylor",Accepted,,M,TRO,35215096,,"Trans. Linn. Soc. London","17: 390","390","1837"
tro-35208815,B,Marchantiaceae,,Marchantia,,"acaulis",,"","Stephani",Unresolved,,L,TRO,35208815,,"Bull. Herb. Boissier","7: 533","533","1899"
tro-35185592,B,Marchantiaceae,,Marchantia,,"alpestris",,"","(Nees) Burgeff",Accepted,,M,TRO,35185592,,"Genet. Stud. Marchantia","33","33","1943"
tro-35208847,B,Marchantiaceae,,Marchantia,,"amboinensis",,"","Mont. & Nees",Unresolved,,L,TRO,35208847,,"Ann. Sci. Nat., Bot., sér. 2,","9: 43","43","1838"
tro-35209193,B,Marchantiaceae,,Marchantia,,"androgyna",,"","L.",Accepted,,M,TRO,35209193,,"Sp. Pl.","1138","1138","1753"
tro-35208816,B,Marchantiaceae,,Marchantia,,"antiquia",,"","Stephani ex Bonner",Unresolved,,L,TRO,35208816,,"Candollea","14: 103","103","1953"
tro-35204891,B,Marchantiaceae,,Marchantia,,"aquatica",,"","(Nees) Burgeff",Accepted,,M,TRO,35204891,,"Genet. Stud. Marchantia","33","33","1943"
tro-35216957,B,Marchantiaceae,,Marchantia,,"balboi",,"","Gola",Accepted,,M,TRO,35216957,,"Mem. Reale Accad. Sci. Torino, ser. 2,","65: 2","2","1914"
tro-35202683,B,Marchantiaceae,,Marchantia,,"berteroana",,"","Lehm. & Lindenb.",Accepted,,M,TRO,35202683,,"Nov. Stirp. Pug.","6: 21","21","1834"
tro-35206132,B,Marchantiaceae,,Marchantia,,"brasiliensis",,"","Lehm. & Lindenb.",Unresolved,,L,TRO,35206132,,"Nov. Stirp. Pug.","4: 32","32","1832"
tro-35206501,B,Marchantiaceae,,Marchantia,,"breviloba",,"","A. Evans",Accepted,,M,TRO,35206501,,"Trans. Connecticut Acad. Arts","21: 265.","265","1917"
tro-35207224,B,Marchantiaceae,,Marchantia,,"carrii",,"","Bischl.",Accepted,,M,TRO,35207224,,"Bryophyt. Biblioth.","38: 256. f. 1: 5, 16: 1–3, 78–79","256","1989"
tro-35187713,B,Marchantiaceae,,Marchantia,,"chenopoda",,"","L.",Accepted,,M,TRO,35187713,,"Sp. Pl.","1137","1137","1753"
tro-35209254,B,Marchantiaceae,,Marchantia,,"confissa",,"","Stephani ex Bonner",Accepted,,M,TRO,35209254,,"Candollea","14: 104","104","1953"
tro-35188161,B,Marchantiaceae,,Marchantia,,"conica",,"","L.",Accepted,,M,TRO,35188161,,"Sp. Pl.","1138","1138","1753"
tro-35189604,B,Marchantiaceae,,Marchantia,,"convoluta",,"","C. Gao & G.C. Zhang",Accepted,,M,TRO,35189604,,"Acta Bot. Yunnan.","3: 390. f. 1: 1–7","390","1981"
tro-35189945,B,Marchantiaceae,,Marchantia,,"cruciata",,"","L.",Accepted,,M,TRO,35189945,,"Sp. Pl.","1137","1137","1753"
tro-35208817,B,Marchantiaceae,,Marchantia,,"cuspidata",,"","Stephani ex Bonner",Unresolved,,L,TRO,35208817,,"Candollea","14: 104","104","1953"
tro-35215615,B,Marchantiaceae,,Marchantia,,"debilis",,"","K.I. Goebel",Accepted,,M,TRO,35215615,,"Organogr. Pfl. (ed. 2)","2(1): 901","901","1915"
tro-35185593,B,Marchantiaceae,,Marchantia,,"domingensis",,"","Lehm. & Lindenb.",Accepted,,M,TRO,35185593,,"Nov. Stirp. Pug.","","",""
tro-35207548,B,Marchantiaceae,,Marchantia,,"emarginata",,"","Reinw., Blume & Nees",Accepted,,M,TRO,35207548,,"Nova Acta Phys.-Med. Acad. Caes. Leop.-Carol. Nat. Cur.","12: 192 [Hepat. Jav.]","192 [Hepat","1825"
tro-35207552,B,Marchantiaceae,,Marchantia,,"emarginata",subsp.,"lecordiana","(Stephani) Bischl.",Accepted,,L,TRO,35207552,,"Cryptog. Bryol. Lichénol.","10: 78","78","1989"
tro-35207549,B,Marchantiaceae,,Marchantia,,"emarginata",subsp.,"tosana","(Stephani) Bischl.",Accepted,,L,TRO,35207549,,"Cryptog. Bryol. Lichénol.","10: 77","77","1989"
tro-35208818,B,Marchantiaceae,,Marchantia,,"ernstiana",,"","Stephani ex Bonner",Unresolved,,L,TRO,35208818,,"Candollea","14: 106","106","1953"
tro-35209255,B,Marchantiaceae,,Marchantia,,"fargesiana",,"","Stephani",Accepted,,M,TRO,35209255,,"Bull. Herb. Boissier","7: 521","521","1899"
tro-35204337,B,Marchantiaceae,,Marchantia,,"fasciata",,"","Myrin ex Hartm.",Accepted,,M,TRO,35204337,,"Handb. Skand. Fl. (ed. 2)","366","366","1832"
tro-35209256,B,Marchantiaceae,,Marchantia,,"formosana",,"","Horik.",Accepted,,M,TRO,35209256,,"J. Sci. Hiroshima Univ., Ser. B, Div. 2, Bot.","2: 121. f. 5","121","1934"
tro-35217978,B,Marchantiaceae,,Marchantia,,"fragrans",,"","Balb.",Accepted,,M,TRO,35217978,,"Mém. Acad. Sci. Turin","10/11: 224","224","1803"
tro-35208814,B,Marchantiaceae,,Marchantia,,"geminata",,"","Reinw., Blume & Nees",Unresolved,,L,TRO,35208814,,"Nova Acta Phys.-Med. Acad. Caes. Leop.-Carol. Nat. Cur.","12: 194 [Hepat. Jav.]","194 [Hepat","1825"
tro-35204174,B,Marchantiaceae,,Marchantia,,"globosa",,"","Brid. ex F. Weber",Accepted,,M,TRO,35204174,,"Hist. Musc. Hepat. Prodr.","102","102","1815"
tro-35212996,B,Marchantiaceae,,Marchantia,,"grisea",,"","Burgeff",Unresolved,,L,TRO,35212996,,"Genet. Stud. Marchantia","284","284","1943"
tro-35209257,B,Marchantiaceae,,Marchantia,,"hariotiana",,"","Stephani ex Bonner",Accepted,,M,TRO,35209257,,"Candollea","14: 107","107","1953"
tro-35208819,B,Marchantiaceae,,Marchantia,,"hartlessiana",,"","Stephani",Unresolved,,L,TRO,35208819,,"Candollea","14: 107","107","1953"
tro-35209258,B,Marchantiaceae,,Marchantia,,"hastata",,"","Stephani ex Bonner",Accepted,,M,TRO,35209258,,"Candollea","14: 107","107","1953"
tro-35188343,B,Marchantiaceae,,Marchantia,,"hemisphaerica",,"","L.",Accepted,,M,TRO,35188343,,"Sp. Pl.","1138","1138","1753"
tro-35208848,B,Marchantiaceae,,Marchantia,,"hexaptera",,"","Reichardt",Unresolved,,L,TRO,35208848,,"Verh. K.K. Zool.-Bot. Ges. Wien","16: 957","957","1866"
tro-35207761,B,Marchantiaceae,,Marchantia,,"innovans",,"","Austin",Unresolved,,L,TRO,35207761,,"Bull. Torrey Bot. Club","5: 14","14","1874"
tro-35215095,B,Marchantiaceae,,Marchantia,,"kaernbachii",,"","Stephani",Unresolved,,L,TRO,35215095,,"Bull. Herb. Boissier","7: 526","526","1899"
tro-35202465,B,Marchantiaceae,,Marchantia,,"kashyapii",,"","Udar & Shaheen",Accepted,,M,TRO,35202465,,"Indian J. Bot.","5: 3. f. 1–55","3","1982"
tro-35216958,B,Marchantiaceae,,Marchantia,,"keniae",,"","Gola",Accepted,,M,TRO,35216958,,"Mem. Reale Accad. Sci. Torino, ser. 2,","65: 3","3","1914"
tro-35215094,B,Marchantiaceae,,Marchantia,,"laceriloba",,"","Stephani ex Bonner",Unresolved,,L,TRO,35215094,,"Candollea","14: 108","108","1953"
tro-35200549,B,Marchantiaceae,,Marchantia,,"linearis",,"","Lehm. & Lindenb.",Unresolved,,L,TRO,35200549,,"Nov. Stirp. Pug.","4: 8","8","1832"
tro-35207764,B,Marchantiaceae,,Marchantia,,"ludwigii",,"","Schwägr.",Accepted,,M,TRO,35207764,,"Hist. Musc. Hepat. Prodr.","33","33","1814"
tro-35210026,B,Marchantiaceae,,Marchantia,,"macrocephala",,"","Corda",Unresolved,,L,TRO,35210026,,"Deutschl. Fl., Abt. II, Cryptog.","22–23: 63","63","1832"
tro-35208820,B,Marchantiaceae,,Marchantia,,"macropora",,"","Mitt.",Unresolved,,L,TRO,35208820,,"Rozpr. Ceske Akad. Ved, Tr. 2, Vedy Mat. Prir.","","",""
tro-35208821,B,Marchantiaceae,,Marchantia,,"marginata",,"","Stephani",Unresolved,,L,TRO,35208821,,"Eur. Laubm.","","",""
tro-35208822,B,Marchantiaceae,,Marchantia,,"mucilaginosa",,"","Herzog",Unresolved,,L,TRO,35208822,,"Cat. Pl. Cell. Tunisie, Mousses","","",""
tro-35209259,B,Marchantiaceae,,Marchantia,,"nepalensis",,"","Lehm. & Lindenb.",Unresolved,,L,TRO,35209259,,"Nat. Pflanzenfam.","","",""
tro-35201456,B,Marchantiaceae,,Marchantia,,"nitida",,"","Lehm. & Lindenb.",Accepted,,M,TRO,35201456,,"Nov. Stirp. Pug.","4: 11","11","1832"
tro-35207225,B,Marchantiaceae,,Marchantia,,"novoguineensis",,"","Bischl.",Accepted,,M,TRO,35207225,,"Bryophyt. Biblioth.","38: 130. f. 17: 1–3, 34–36","130","1989"
tro-35185594,B,Marchantiaceae,,Marchantia,,"paleacea",,"","Bertol.",Accepted,,M,TRO,35185594,,"Opusc. Sci.","1: 242","242","1817"
tro-35207179,B,Marchantiaceae,,Marchantia,,"paleacea",subsp.,"diptera","(Nees & Mont.) Inoue",Accepted,,L,TRO,35207179,,"J. Jap. Bot.","64: 194","194","1989"
tro-35202567,B,Marchantiaceae,,Marchantia,,"paleacea",var.,"xerophila","(Burgeff) J.J. Engel & B.C. Tan",Accepted,,L,TRO,35202567,,"J. Hattori Bot. Lab.","60: 315","315","1986"
tro-35213956,B,Marchantiaceae,,Marchantia,,"palmata",,"","Reinw., Nees & Blume",Unresolved,,L,TRO,35213956,,"Nova Acta Phys.-Med. Acad. Caes. Leop.-Carol. Nat. Cur.","12: 193 [Hepat. Jav.]","193 [Hepat","1825"
tro-35190974,B,Marchantiaceae,,Marchantia,,"papillata",,"","Raddi",Accepted,,M,TRO,35190974,,"Critt. Bras.","20","20","1822"
tro-35200550,B,Marchantiaceae,,Marchantia,,"papillata",subsp.,"grossibarba","(Stephani) Bischl.",Accepted,,L,TRO,35200550,,"Cryptog. Bryol. Lichénol.","10: 78","78","1989"
tro-35204861,B,Marchantiaceae,,Marchantia,,"papillata",subsp.,"inflexa","(Nees & Mont.) R.M. Schust.",Accepted,,L,TRO,35204861,,"Hepat. Anthocerotae N. Amer.","6: 354","354","1992"
tro-35207491,B,Marchantiaceae,,Marchantia,,"pappeana",,"","Lehm.",Accepted,,M,TRO,35207491,,"Nov. Stirp. Pug.","10: 21","21","1857"
tro-35207492,B,Marchantiaceae,,Marchantia,,"pappeana",subsp.,"robusta","(Stephani) Bischl.",Accepted,,L,TRO,35207492,,"Bryophyt. Biblioth.","45: 91","91","1993"
tro-35212206,B,Marchantiaceae,,Marchantia,,"peruviana",,"","(Nees & Mont.) Mont.",Accepted,,M,TRO,35212206,,"Syn. Hepat.","538","538","1846"
tro-35207226,B,Marchantiaceae,,Marchantia,,"philippinensis",,"","Bischl.",Accepted,,M,TRO,35207226,,"Bryophyt. Biblioth.","38: 245. f. 73–74","245","1989"
tro-35212207,B,Marchantiaceae,,Marchantia,,"pileata",,"","Mitt.",Unresolved,,L,TRO,35212207,,"Fl. Nov.-Zel.","2: 169","169","1855"
tro-35209261,B,Marchantiaceae,,Marchantia,,"pinnata",,"","Stephani",Accepted,,M,TRO,35209261,,"Candollea","14: 109","109","1953"
tro-35187943,B,Marchantiaceae,,Marchantia,,"plicata",,"","Nees & Mont.",Unresolved,,L,TRO,35187943,,"Ann. Sci. Nat., Bot., sér. 2,","9: 43","43","1838"
tro-35185595,B,Marchantiaceae,,Marchantia,,"polymorpha",,"","L.",Accepted,,M,TRO,35185595,,"Sp. Pl.","1137","1137","1753"
tro-35214521,B,Marchantiaceae,,Marchantia,,"pusilla",,"","Nees",Unresolved,,L,TRO,35214521,,"Nov. Actorum Acad. Caes. Leop.-Carol. Nat. Cur.","19, Suppl. 1: 476","476","1843"
tro-35213524,B,Marchantiaceae,,Marchantia,,"radiata",,"","Horik.",Accepted,,M,TRO,35213524,,"Sci. Rep. Tôhoku Imp. Univ., Ser. 4, Biol.","5: 629. f. 4; pl. 22","629","1930"
tro-35208823,B,Marchantiaceae,,Marchantia,,"sciaphila",,"","Schiffner",Unresolved,,L,TRO,35208823,,"Acta Bot. Bohem.","","",""
tro-35207227,B,Marchantiaceae,,Marchantia,,"solomonensis",,"","Bischl.",Accepted,,M,TRO,35207227,,"Bryophyt. Biblioth.","38: 281. f. 15: 4–6, 86–87","281","1989"
tro-35208075,B,Marchantiaceae,,Marchantia,,"squamosa",,"","Raddi",Accepted,,M,TRO,35208075,,"Fl. Mouss. Suisse","","",""
tro-35206829,B,Marchantiaceae,,Marchantia,,"stoloniscyphulus",,"","(C. Gao & G.C. Zhang) Piippo",Accepted,,M,TRO,35206829,,"J. Hattori Bot. Lab.","68: 134","134","1990"
tro-35207228,B,Marchantiaceae,,Marchantia,,"streimannii",,"","Bischl.",Accepted,,M,TRO,35207228,,"Bryophyt. Biblioth.","38: 250. f. 13: 4–6, 75–77","250","1989"
tro-35190973,B,Marchantiaceae,,Marchantia,,"subandiana",,"","Spruce",Accepted,,M,TRO,35190973,,"Trans. & Proc. Bot. Soc. Edinburgh","15: 561","561","1885"
tro-35208824,B,Marchantiaceae,,Marchantia,,"subgeminata",,"","Stephani",Unresolved,,L,TRO,35208824,,"Krypt.-Fl. Brandenburg, Laubm.","","",""
tro-35208825,B,Marchantiaceae,,Marchantia,,"subintegra",,"","Mitt.",Unresolved,,L,TRO,35208825,,"Hepat. Anthocerotae N. Amer.","","","1860"
tro-35208849,B,Marchantiaceae,,Marchantia,,"tahitensis",,"","Nadeaud",Unresolved,,L,TRO,35208849,,"Énum. Pl. Tahiti","10","10","1873"
tro-35189757,B,Marchantiaceae,,Marchantia,,"tenella",,"","L.",Accepted,,M,TRO,35189757,,"Sp. Pl.","2: 1137","1137","1753"
tro-35204685,B,Marchantiaceae,,Marchantia,,"togashii",,"","Amak.",Unresolved,,L,TRO,35204685,,"Fl. E. Himalaya","1: 536","536","1966"
tro-35204683,B,Marchantiaceae,,Marchantia,,"tosayamensis",,"","Stephani ex Bonner",Unresolved,,L,TRO,35204683,,"Candollea","14: 112","112","1953"
tro-35204684,B,Marchantiaceae,,Marchantia,,"treubii",,"","Schiffner",Unresolved,,L,TRO,35204684,,"Denkschr. Kaiserl. Akad. Wiss., Math.-Naturwiss. Kl.","67: 160","160","1898"
tro-35216959,B,Marchantiaceae,,Marchantia,,"tusui",,"","Gola",Accepted,,M,TRO,35216959,,"Mem. Reale Accad. Sci. Torino, ser. 2,","65: 3","3","1914"
tro-35210890,B,Marchantiaceae,,Marchantia,,"umbellata",,"","Scop.",Unresolved,,L,TRO,35210890,,"Fl. Carniol. (ed. 2)","2: 354","354","1772"
tro-35210889,B,Marchantiaceae,,Marchantia,,"umbonata",,"","Wallr.",Accepted,,M,TRO,35210889,,"Linnaea","14: 686","686","1840"
tro-35202752,B,Marchantiaceae,,Marchantia,,"wilmsii",,"","Stephani",Unresolved,,L,TRO,35202752,,"Bot. Jahrb. Syst.","","",""
tro-35202748,B,Marchantiaceae,,Marchantiopsis,,"stoloniscyphulus",,"","C. Gao & G.C. Zhang",Accepted,,M,TRO,35202748,,"Bull. Bot. Res., Harbin","2: 114. f. 1","114","1982"
tro-35215077,B,Marchantiaceae,,Marchasta,,"areolata",,"","E.O. Campb.",Unresolved,,L,TRO,35215077,,"Trans. Roy. Soc. New Zealand","81: 485","485","1954"
tro-35207320,B,Marchantiaceae,,Neohodgsonia,,"mirabilis",,"","(Perss.) Perss.",Accepted,,M,TRO,35207320,,"Bot. Not.","1954: 40","40","1954"
tro-35206131,B,Marchantiaceae,,Preissia,,"commutata",,"","Nees",Unresolved,,L,TRO,35206131,,"Gard. Bull. Straits Settlem.","","",""
tro-35210027,B,Marchantiaceae,,Preissia,,"italica",,"","Corda",Unresolved,,L,TRO,35210027,,"Naturalientausch","12: 647","647","1829"
tro-35185786,B,Marchantiaceae,,Preissia,,"quadrata",,"","(Scop.) Nees",Accepted,,M,TRO,35185786,,"Naturgesch. Eur. Leberm.","4: 135","135","1838"
