﻿ID,Major group,Family,Genus hybrid marker,Genus,Species hybrid marker,Species,Infraspecific rank,Infraspecific epithet,Authorship,Taxonomic status in TPL,Nomenclatural status from original data source,Confidence level,Source,Source id,IPNI id,Publication,Collation,Page,Date
kew-2654534,A,Marcgraviaceae,,Ascium,,"anomalum",,"","Spreng.",Unresolved,,L,WCSP (in review),786583,828469-1,"Syst. Veg.","4(2): 207","","1827"
kew-2654537,A,Marcgraviaceae,,Ascium,,"goyazense",,"","Steud.",Unresolved,,L,WCSP (in review),786586,,"Nomencl. Bot.","ed. 2, 1: 145","","1840"
kew-2654541,A,Marcgraviaceae,,Ascium,,"paraense",,"","Steud.",Unresolved,,L,WCSP (in review),786590,,"Nomencl. Bot.","ed. 2, 1: 145","","1840"
kew-2505988,A,Marcgraviaceae,,Marcgravia,,"acuminata",,"","Miq.",Unresolved,,L,WCSP (in review),642459,829037-1,"Ann. Sci. Nat., Bot.","III, 1: 37","","1844"
kew-2505984,A,Marcgraviaceae,,Marcgravia,,"angustifolia",,"","Pav. ex Wittm.",Unresolved,,L,WCSP (in review),642455,829039-1,"Fl. Bras.","12(1): 224","","1878"
kew-2505985,A,Marcgraviaceae,,Marcgravia,,"angustifolia",,"","Ruiz & Pav.",Unresolved,,L,WCSP (in review),642456,152972-2,"Anales Inst. Bot. Cavanilles","16: 392","","1958"
tro-19800079,A,Marcgraviaceae,,Marcgravia,,"atropunctata",,"","de Roon",Accepted,,M,TRO,19800079,152973-2,"Acta Bot. Neerl.","18(1): 197–200, pl. 2","197","1969"
kew-2505983,A,Marcgraviaceae,,Marcgravia,,"brachysepala",,"","Urb.",Unresolved,,L,WCSP (in review),642454,152974-2,"Symb. Antill.","6: 17","","1909"
kew-2505991,A,Marcgraviaceae,,Marcgravia,,"brittoniana",,"","Alain",Unresolved,,L,WCSP (in review),642462,306217-2,"Moscosoa","8: 46","","1994"
kew-2506056,A,Marcgraviaceae,,Marcgravia,,"brownei",,"","(Triana & Planch.) Krug & Urb.",Accepted,,M,WCSP (in review),642527,152975-2,"Symb. Antill.","1: 367","","1899"
kew-2505689,A,Marcgraviaceae,,Marcgravia,,"caudata",,"","Triana & Planch.",Accepted,,M,WCSP (in review),642160,829042-1,"Ann. Sci. Nat., Bot.","IV, 17: 362","","1862"
tro-50223747,A,Marcgraviaceae,,Marcgravia,,"comosa",,"","C. Presl",Accepted,,M,TRO,50223747,,"","","",""
kew-2505686,A,Marcgraviaceae,,Marcgravia,,"cordachidia",,"","Ruiz & Pav.",Unresolved,,L,WCSP (in review),642157,152978-2,"Anales Inst. Bot. Cavanilles","16: 394","","1958"
kew-2505685,A,Marcgraviaceae,,Marcgravia,,"coriacea",,"","Vahl",Accepted,,M,WCSP (in review),642156,829045-1,"Eclog. Amer.","2: 39","","1798"
kew-2505684,A,Marcgraviaceae,,Marcgravia,,"corumbensis",,"","Taub.",Unresolved,,L,WCSP (in review),642155,,"Bot. Jahrb. Syst.","21: 444","","1896"
tro-19800004,A,Marcgraviaceae,,Marcgravia,,"crassicostata",,"","Gilg",Accepted,,M,TRO,19800004,,"","","",""
tro-19800181,A,Marcgraviaceae,,Marcgravia,,"crassiflora",,"","Sleumer",Accepted,,M,TRO,19800181,152981-2,"Notizbl. Bot. Gart. Berlin-Dahlem","15: 376","376","1941"
tro-19800005,A,Marcgraviaceae,,Marcgravia,,"crenata",,"","Poepp. ex Wittm.",Accepted,,M,TRO,19800005,,"Fl. Bras.","12(1): 223–224, t. 41, f. 3","223","1878"
kew-2505677,A,Marcgraviaceae,,Marcgravia,,"cyrtogastra",,"","Delponte",Unresolved,,L,WCSP (in review),642148,,"Atti Soc. Ital. Sci. Nat.","12: 183","","1869"
kew-2505676,A,Marcgraviaceae,,Marcgravia,,"cyrtonota",,"","Delponte",Unresolved,,L,WCSP (in review),642147,,"Atti Soc. Ital. Sci. Nat.","12: 183","","1869"
tro-19800008,A,Marcgraviaceae,,Marcgravia,,"dasyantha",,"","Gilg",Accepted,,M,TRO,19800008,152984-2,"Bot. Jahrb. Syst.","25(Beibl. 60): 25","25","1898"
kew-2505674,A,Marcgraviaceae,,Marcgravia,,"domingensis",,"","Urb.",Unresolved,,L,WCSP (in review),642145,152985-2,"Symb. Antill.","7: 522","","1913"
tro-50227636,A,Marcgraviaceae,,Marcgravia,,"dressleri",,"","Gir.-Cañas",Accepted,,M,TRO,50227636,20009086-1,"Revista Acad. Colomb. Ci. Exact.","26(100): 368–369, f. 1","368","2002"
kew-2505647,A,Marcgraviaceae,,Marcgravia,,"eichleriana",,"","Wittm.",Accepted,,M,WCSP (in review),642118,829055-1,"Fl. Bras.","12(1): 230","","1878"
kew-2505614,A,Marcgraviaceae,,Marcgravia,,"elegans",,"","Krug & Urb.",Unresolved,,L,WCSP (in review),642085,152987-2,"Symb. Antill.","1: 365","","1899"
kew-2505658,A,Marcgraviaceae,,Marcgravia,,"evenia",,"","Krug & Urb.",Unresolved,,L,WCSP (in review),642129,152988-2,"Bot. Jahrb. Syst.","21: 518","","1896"
tro-100369003,A,Marcgraviaceae,,Marcgravia,,"evenia",subsp.,"calcicola","(Britton) S. Dressler",Unresolved,,L,TRO,100369003,1019212-1,"Fl. Rep. Cuba, Ser. A. Pl. Vasc.","5(4): 7","7","2000"
tro-19800112,A,Marcgraviaceae,,Marcgravia,,"flagellaris",,"","(Poepp. ex Wittm.) Poepp. ex Gilg & Werderm.",Accepted,,M,TRO,19800112,,"Nat. Pflanzenfam. (ed. 2)","21: 105","105","1925"
kew-2505622,A,Marcgraviaceae,,Marcgravia,,"fosbergiana",,"","Ewan",Unresolved,,L,WCSP (in review),642093,152990-2,"Nat. Hist. Misc.","88: 2","","1951"
tro-19800122,A,Marcgraviaceae,,Marcgravia,,"gentlei",,"","Lundell",Accepted,,M,TRO,19800122,152991-2,"Contr. Univ. Michigan Herb.","6: 46","46","1941"
tro-50301853,A,Marcgraviaceae,,Marcgravia,,"glandulosomarginata",,"","Hammel",Accepted,,M,TRO,50301853,77079487-1,"Lankesteriana","6(2): 73–75, f. 1A–F, 4A","73","2006"
tro-50220284,A,Marcgraviaceae,,Marcgravia,,"goudotiana",,"","(Triana & Planch.) de Roon",Accepted,,M,TRO,50220284,152992-2,"Acta Bot. Neerl.","15(3): 588","588","1967"
tro-19800182,A,Marcgraviaceae,,Marcgravia,,"grandifolia",,"","Sleumer",Accepted,,M,TRO,19800182,152993-2,"Repert. Spec. Nov. Regni Veg.","45: 11","11","1938"
tro-19800123,A,Marcgraviaceae,,Marcgravia,,"guatemalensis",,"","Standl.",Accepted,,M,TRO,19800123,152994-2,"Contr. U.S. Natl. Herb.","20(6): 220","220","1919"
kew-2505605,A,Marcgraviaceae,,Marcgravia,,"hartii",,"","Krug & Urb.",Accepted,,M,WCSP (in review),642076,152995-2,"Symb. Antill.","1: 366","","1899"
kew-2505615,A,Marcgraviaceae,,Marcgravia,,"helverseniana",,"","S.Dressler & Tschapka",Unresolved,,L,WCSP (in review),642086,20005773-1,"Bot. Mag.","19: 111","","2002"
tro-50256115,A,Marcgraviaceae,,Marcgravia,,"lineolata",,"","Krug & Urb.",Accepted,,M,TRO,50256115,152997-2,"Bot. Jahrb. Syst.","21: 517","517","1896"
tro-19800107,A,Marcgraviaceae,,Marcgravia,,"longifolia",,"","J.F. Macbr.",Accepted,,M,TRO,19800107,152998-2,"Candollea","5: 386","386","1934"
kew-2505611,A,Marcgraviaceae,,Marcgravia,,"macrocalyptra",,"","Delponte",Unresolved,,L,WCSP (in review),642082,,"Atti Soc. Ital. Sci. Nat.","12: 183","","1869"
tro-19800010,A,Marcgraviaceae,,Marcgravia,,"macrophylla",,"","(Wittm.) Gilg",Accepted,,M,TRO,19800010,153000-2,"Bot. Jahrb. Syst.","25(Beibl. 60): 27","27","1898"
tro-19800011,A,Marcgraviaceae,,Marcgravia,,"macroscypha",,"","Gilg & Wedermann",Accepted,,M,TRO,19800011,,"","","",""
tro-50296292,A,Marcgraviaceae,,Marcgravia,,"magnibracteata",,"","Lanj. & Heerdt",Accepted,,M,TRO,50296292,153002-2,"Recueil Trav. Bot. Néerl.","37: 284, f. 1","284","1940"
kew-2506035,A,Marcgraviaceae,,Marcgravia,,"maguirei",,"","de Roon",Accepted,,M,WCSP (in review),642506,153003-2,"Acta Bot. Neerl.","19: 799","","1970"
kew-2506057,A,Marcgraviaceae,,Marcgravia,,"mexicana",,"","Gilg",Accepted,,M,WCSP (in review),642528,153005-2,"Bot. Jahrb. Syst.","25(60): 26","","1898"
kew-2506044,A,Marcgraviaceae,,Marcgravia,,"micrantha",,"","Pav. ex Wittm.",Unresolved,,L,WCSP (in review),642515,829067-1,"Fl. Bras.","12(1): 249","","1878"
kew-2506043,A,Marcgraviaceae,,Marcgravia,,"monogyna",,"","Pav. ex Delponte",Unresolved,,L,WCSP (in review),642514,,"Nuovo Giorn. Bot. Ital.","1: 282","","1869"
tro-19800013,A,Marcgraviaceae,,Marcgravia,,"myriostigma",,"","Triana & Planch.",Accepted,,M,TRO,19800013,829069-1,"Ann. Sci. Nat., Bot., sér. 4,","17: 369–370","369","1862"
kew-2506041,A,Marcgraviaceae,,Marcgravia,,"nepenthoides",,"","Seem.",Accepted,,M,WCSP (in review),642512,829070-1,"J. Bot.","8: 245","","1870"
tro-19800083,A,Marcgraviaceae,,Marcgravia,,"nervosa",,"","Triana & Planch.",Accepted,,M,TRO,19800083,829071-1,"Ann. Sci. Nat., Bot., sér. 4,","17: 363–364","363","1862"
tro-19800014,A,Marcgraviaceae,,Marcgravia,,"neurophylla",,"","Gilg",Accepted,,M,TRO,19800014,,"","","",""
kew-2506038,A,Marcgraviaceae,,Marcgravia,,"nubicola",,"","de Roon",Accepted,,M,WCSP (in review),642509,153007-2,"Acta Bot. Neerl.","19: 800","","1970"
tro-19800016,A,Marcgraviaceae,,Marcgravia,,"oblongifolia",,"","Ruiz ex Wittm.",Accepted,,M,TRO,19800016,829073-1,"Fl. Bras.","12(1): 223","223","1878"
kew-2506071,A,Marcgraviaceae,,Marcgravia,,"octandra",,"","Pav. ex Wittm.",Unresolved,,L,WCSP (in review),642542,829076-1,"Fl. Bras.","12(1): 241","","1878"
kew-2506070,A,Marcgraviaceae,,Marcgravia,,"oligandra",,"","C.Wright ex Griseb.",Unresolved,,L,WCSP (in review),642541,321277-2,"Cat. Pl. Cub.","39","","1866"
tro-50076694,A,Marcgraviaceae,,Marcgravia,,"panamensis",,"","S. Dressler",Accepted,,M,TRO,50076694,302369-2,"Novon","6(3): 256, f. 1","256","1996"
kew-2506066,A,Marcgraviaceae,,Marcgravia,,"patellulifera",,"","de Roon",Accepted,,M,WCSP (in review),642537,153012-2,"Acta Bot. Neerl.","19: 802","","1970"
tro-19800193,A,Marcgraviaceae,,Marcgravia,,"pauciflorum",,"","deRoon & Bedell",Unresolved,,L,TRO,19800193,,"","","",""
kew-2506065,A,Marcgraviaceae,,Marcgravia,,"pedunculosa",,"","Triana & Planch.",Accepted,,M,WCSP (in review),642536,829080-1,"Ann. Sci. Nat., Bot.","IV, 17: 371","","1862"
tro-50243189,A,Marcgraviaceae,,Marcgravia,,"picta",,"","Willd.",Accepted,,M,TRO,50243189,829084-1,"Ges. Naturf. Freunde Berlin Mag. Neuesten Entdeck. Gesammten Naturk.","2: 172","172","1808"
tro-19800084,A,Marcgraviaceae,,Marcgravia,,"pittieri",,"","Gilg",Accepted,,M,TRO,19800084,153016-2,"Bot. Jahrb. Syst.","42(1): 124–125","124","1908"
tro-19800183,A,Marcgraviaceae,,Marcgravia,,"polyadenia",,"","Sleumer",Accepted,,M,TRO,19800183,153017-2,"Repert. Spec. Nov. Regni Veg.","45: 10","10","1938"
tro-19800105,A,Marcgraviaceae,,Marcgravia,,"polyantha",,"","Delpino",Accepted,,M,TRO,19800105,,"Atti Soc. Ital. Sci. Nat.","12: 182, 210","182","1869"
kew-2506036,A,Marcgraviaceae,,Marcgravia,,"punctifolia",,"","S.Dressler",Accepted,,M,WCSP (in review),642507,1002690-1,"Novon","8: 137","","1998"
kew-2506012,A,Marcgraviaceae,,Marcgravia,,"purpurea",,"","I.W.Bailey",Accepted,,M,WCSP (in review),642483,153019-2,"Amer. J. Bot.","9: 378","","1922"
kew-2506011,A,Marcgraviaceae,,Marcgravia,,"rectiflora",,"","Triana & Planch.",Accepted,,M,WCSP (in review),642482,321278-2,"Ann. Sci. Nat., Bot.","IV, 17: 364","","1862"
kew-2506010,A,Marcgraviaceae,,Marcgravia,,"roonii",,"","S.Dressler",Accepted,,M,WCSP (in review),642481,304974-2,"Novon","6: 258","","1996"
tro-19800023,A,Marcgraviaceae,,Marcgravia,,"roraimae",,"","Gilg & Wedermann",Accepted,,M,TRO,19800023,,"","","",""
kew-2506008,A,Marcgraviaceae,,Marcgravia,,"roraimensis",,"","Gilg ex Ule",Unresolved,,L,WCSP (in review),642479,565310-1,"Bot. Jahrb. Syst.","52(115): 47","","1914"
kew-2506007,A,Marcgraviaceae,,Marcgravia,,"rubra",,"","Alain",Unresolved,,L,WCSP (in review),642478,153027-2,"Mem. New York Bot. Gard.","21(2): 135","","1971"
tro-19800024,A,Marcgraviaceae,,Marcgravia,,"salicifolia",,"","Gilg",Accepted,,M,TRO,19800024,,"","","",""
kew-2506005,A,Marcgraviaceae,,Marcgravia,,"schippii",,"","Standl.",Accepted,,M,WCSP (in review),642476,153029-2,"Publ. Carnegie Inst. Wash.","461: 71","","1935"
kew-2506004,A,Marcgraviaceae,,Marcgravia,,"serrae",,"","de Roon",Accepted,,M,WCSP (in review),642475,153030-2,"Acta Bot. Neerl.","18: 197","","1969"
tro-19800077,A,Marcgraviaceae,,Marcgravia,,"sintenisii",,"","Urb.",Accepted,,M,TRO,19800077,,"","","",""
kew-2505992,A,Marcgraviaceae,,Marcgravia,,"sororopaniana",,"","Steyerm.",Accepted,,M,WCSP (in review),642463,153032-2,"Fieldiana, Bot.","28: 378","","1952"
kew-2506013,A,Marcgraviaceae,,Marcgravia,,"sprucei",,"","(Wittm.) Gilg",Accepted,,M,WCSP (in review),642484,153034-2,"Bot. Jahrb. Syst.","25(60): 28","","1898"
tro-19800026,A,Marcgraviaceae,,Marcgravia,,"stenonectaria",,"","Gilg",Accepted,,M,TRO,19800026,,"","","",""
kew-2505998,A,Marcgraviaceae,,Marcgravia,,"stonei",,"","Utley",Accepted,,M,WCSP (in review),642469,153036-2,"Brenesia","9: 52","","1976"
tro-19800110,A,Marcgraviaceae,,Marcgravia,,"strenua",,"","J.F. Macbr.",Accepted,,M,TRO,19800110,153038-2,"Candollea","5: 386","386","1934"
tro-19800028,A,Marcgraviaceae,,Marcgravia,,"subcaudata",,"","Gilg & Werderm.",Accepted,,M,TRO,19800028,153039-2,"Nat. Pflanzenfam. (ed. 2)","21: 105","105","1925"
kew-2505995,A,Marcgraviaceae,,Marcgravia,,"subcordata",,"","Gilg",Unresolved,,L,WCSP (in review),642466,153040-2,"Bot. Jahrb. Syst.","25(60): 27","","1898"
kew-2505994,A,Marcgraviaceae,,Marcgravia,,"tobagensis",,"","Urb.",Accepted,,M,WCSP (in review),642465,153041-2,"Repert. Spec. Nov. Regni Veg.","14: 335","","1916"
kew-2506024,A,Marcgraviaceae,,Marcgravia,,"trianae",,"","Baill.",Accepted,,M,WCSP (in review),642495,829092-1,"Adansonia","10: 244","","1872"
tro-19800111,A,Marcgraviaceae,,Marcgravia,,"trinitatis",,"","C. Presl",Accepted,,M,TRO,19800111,,"Abh. Königl. Böhm. Ges. Wiss., ser. 5","10: 552–553","552","1845"
tro-50073663,A,Marcgraviaceae,,Marcgravia,,"umbellata",,"","L.",Accepted,,M,TRO,50073663,829097-1,"Sp. Pl.","1: 503","503","1753"
tro-50081977,A,Marcgraviaceae,,Marcgravia,,"waferi",,"","Standl.",Accepted,,M,TRO,50081977,153044-2,"Publ. Field Mus. Nat. Hist., Bot. Ser.","18(2): 698","698","1937"
tro-19800033,A,Marcgraviaceae,,Marcgravia,,"weberbaueri",,"","Gilg",Accepted,,M,TRO,19800033,153045-2,"Bot. Jahrb. Syst.","42: 124","124","1908"
tro-19800115,A,Marcgraviaceae,,Marcgravia,,"williamsii",,"","J.F. Macbr.",Accepted,,M,TRO,19800115,153046-2,"Candollea","5: 386","386","1934"
kew-2506027,A,Marcgraviaceae,,Marcgravia,,"wittmackiana",,"","Gilg",Unresolved,,L,WCSP (in review),642498,153047-2,"Bot. Jahrb. Syst.","25(60): 29","","1898"
kew-2506014,A,Marcgraviaceae,,Marcgravia,,"wrightii",,"","Seem.",Unresolved,,L,WCSP (in review),642485,829100-1,"J. Bot.","8: 246","","1870"
tro-50231668,A,Marcgraviaceae,,Marcgravia,,"yukunarum",,"","P. Picca & Gir.-Cañas",Accepted,,M,TRO,50231668,317682-2,"Hickenia","2(63): 294–297, f. 1–2","294","1999"
tro-50231670,A,Marcgraviaceae,,Marcgravia,,"zonopunctata",,"","S. Dressler",Accepted,,M,TRO,50231670,1018514-1,"Willdenowia","30(2): 369","369","2000"
kew-2604871,A,Marcgraviaceae,,Marcgraviastrum,,"apaporensis",,"","de Roon & Bedell",Unresolved,,L,WCSP (in review),738030,60445853-2,"Caldasia","28: 16","","2006"
tro-50107823,A,Marcgraviaceae,,Marcgraviastrum,,"cuneifolium",,"","(Gardner) Bedell",Accepted,,M,TRO,50107823,1082369-2,"Bot. Jahrb. Syst.","119(3): 332","332","1997"
tro-50231661,A,Marcgraviaceae,,Marcgraviastrum,,"delpinianum",,"","(Wittm.) Gir.-Cañas",Accepted,,M,TRO,50231661,20011330-1,"Revista Acad. Colomb. Ci. Exact.","26(101): 472","472","2002"
tro-50104186,A,Marcgraviaceae,,Marcgraviastrum,,"gigantophyllum",,"","(Gilg) Bedell ex S. Dressler",Accepted,,M,TRO,50104186,1154247-2,"Monogr. Syst. Bot. Missouri Bot. Gard.","75: 955","955","1999"
tro-50309588,A,Marcgraviaceae,,Marcgraviastrum,,"glossostipum",,"","see de Roon, Adrianus Cornelius & Bedell",Accepted,,M,TRO,50309588,60445854-2,"Caldasia","28(1): 17, fig. 2","17","2006"
kew-2604873,A,Marcgraviaceae,,Marcgraviastrum,,"grandiflorum",,"","de Roon & Bedell",Unresolved,,L,WCSP (in review),738032,60445855-2,"Caldasia","28: 18","","2006"
tro-19800196,A,Marcgraviaceae,,Marcgraviastrum,,"macrocarpum",,"","(G. Don) Bedell ex S. Dressler",Accepted,,M,TRO,19800196,1086323-2,"Monogr. Syst. Bot. Missouri Bot. Gard.","75: 955","955","1999"
kew-2506018,A,Marcgraviaceae,,Marcgraviastrum,,"mixtum",,"","(Triana & Planch.) Bedell",Accepted,,M,WCSP (in review),642489,997443-1,"Bot. Jahrb. Syst.","119: 332","","1997"
tro-50270314,A,Marcgraviaceae,,Marcgraviastrum,,"obovatum",,"","(Ruiz & Pav. ex G. Don) Bedell",Accepted,,M,TRO,50270314,,"","","",""
tro-19800195,A,Marcgraviaceae,,Marcgraviastrum,,"pauciflorum",,"","de Roon & Bedell",Accepted,,M,TRO,19800195,997446-1,"Bot. Jahrb. Syst.","119(3): 333, f. 2","333","1997"
kew-2506016,A,Marcgraviaceae,,Marcgraviastrum,,"pendulum",,"","(Lanj. & Heerdt) Bedell",Accepted,,M,WCSP (in review),642487,1030312-2,"Novon","9: 252","","1999"
tro-19800171,A,Marcgraviaceae,,Marcgraviastrum,,"sodiroi",,"","(Gilg) Bedell ex S. Dressler",Accepted,,M,TRO,19800171,1048117-2,"Monogr. Syst. Bot. Missouri Bot. Gard.","75: 955","955","1999"
kew-2505948,A,Marcgraviaceae,,Marcgraviastrum,,"subsessile",,"","(Benth.) Bedell",Accepted,,M,WCSP (in review),642419,997445-1,"Bot. Jahrb. Syst.","119: 333","","1997"
kew-2604874,A,Marcgraviaceae,,Marcgraviastrum,,"vogelii",,"","de Roon & Bedell",Unresolved,,L,WCSP (in review),738033,60445856-2,"Caldasia","28: 20","","2006"
tro-19800036,A,Marcgraviaceae,,Norantea,,"aurantiaca",,"","Spruce ex Gilg & Werderm.",Accepted,,M,TRO,19800036,318028-2,"Bot. Jahrb. Syst.","25(Beibl. 60): 32","32","1898"
kew-2384738,A,Marcgraviaceae,,Norantea,,"bahiensis",,"","Mart. ex Wittm.",Unresolved,,L,WCSP (in review),523430,829173-1,"Fl. Bras.","12(1): 245","","1878"
tro-50220283,A,Marcgraviaceae,,Norantea,,"brachystachya",,"","(Rusby) de Roon",Accepted,,M,TRO,50220283,170313-2,"Acta Bot. Neerl.","15(3): 587","587","1967"
kew-2384724,A,Marcgraviaceae,,Norantea,,"caccabion",,"","Delponte",Unresolved,,L,WCSP (in review),523416,,"Atti Soc. Ital. Sci. Nat.","12: 182","","1869"
tro-19800043,A,Marcgraviaceae,,Norantea,,"goyasensis",,"","Cambess.",Accepted,,M,TRO,19800043,,"Fl. Bras. Merid. (folio ed.)","1: 242","242","1827"
tro-50119823,A,Marcgraviaceae,,Norantea,,"gracilis",,"","(Wittm.) V.A. Richt.",Accepted,,M,TRO,50119823,,"Mat. Természettud. Értes.","34: 801, t. 6–7, f. 30, 44–46","801","1916"
kew-2384687,A,Marcgraviaceae,,Norantea,,"guianensis",,"","Aubl.",Accepted,,M,WCSP (in review),523380,829184-1,"Hist. Pl. Guiane","554","","1775"
kew-2384710,A,Marcgraviaceae,,Norantea,,"guianensis",subsp.,"japurensis","(Mart.) Bedell",Accepted,,L,WCSP (in review),523402,974562-1,"Monogr. Syst. Bot. Missouri Bot. Gard.","45: 1256","","1993"
kew-2384715,A,Marcgraviaceae,,Norantea,,"indica",,"","Sweet",Unresolved,,L,WCSP (in review),523407,829185-1,"Hort. Brit.","ed. 2: 79","","1830"
tro-19800050,A,Marcgraviaceae,,Norantea,,"obovata",,"","Ruiz & Pav. ex G. Don",Accepted,,M,TRO,19800050,829193-1,"Gen. Hist.","625","625","1831"
kew-2385047,A,Marcgraviaceae,,Norantea,,"rosea",,"","Mart. ex Wittm.",Unresolved,,L,WCSP (in review),523739,829197-1,"Fl. Bras.","12(1): 243","","1878"
tro-50080684,A,Marcgraviaceae,,Norantea,,"rosulata",,"","(de Roon & Bedell) Hammel",Accepted,,M,TRO,50080684,,"","","",""
tro-19800057,A,Marcgraviaceae,,Norantea,,"thyrsiflora",,"","Gilg",Unresolved,,L,TRO,19800057,,"","","",""
kew-2385037,A,Marcgraviaceae,,Norantea,,"violacea",,"","Poir.",Unresolved,,L,WCSP (in review),523729,829204-1,"Encycl.","Suppl. 4: 108","","1816"
tro-50324623,A,Marcgraviaceae,,Pseudosarcopera,,"diaz-piedrahitae",,"","(Gir.-Cañas) Gir.-Cañas",Accepted,,M,TRO,50324623,77096015-1,"Caldasia","29(2): 206–209, f. 1","206","2007"
tro-50270316,A,Marcgraviaceae,,Ruyschia,,"andina",,"","de Roon",Accepted,,M,TRO,50270316,60440321-2,"Novon","15(3): 415","415","2005"
tro-50201162,A,Marcgraviaceae,,Ruyschia,,"clusiifolia",,"","Jacq.",Accepted,,M,TRO,50201162,829253-1,"Enum. Syst. Pl.","17","17","1760"
kew-2527695,A,Marcgraviaceae,,Ruyschia,,"cymbadenia",,"","Delponte",Unresolved,,L,WCSP (in review),663740,,"Atti Soc. Ital. Sci. Nat.","12: 196","","1869"
tro-19800124,A,Marcgraviaceae,,Ruyschia,,"enervia",,"","Lundell",Accepted,,M,TRO,19800124,224722-2,"Phytologia","1(7): 245–246","245","1937"
kew-2527794,A,Marcgraviaceae,,Ruyschia,,"fragrans",,"","Moritzi ex Wittm.",Unresolved,,L,WCSP (in review),663839,829258-1,"Fl. Bras.","12(1): 248","","1878"
tro-50301854,A,Marcgraviaceae,,Ruyschia,,"moralesii",,"","Hammel",Accepted,,M,TRO,50301854,77079488-1,"Lankesteriana","6(2): 75–76, f. 2A–G, 4B","75","2006"
tro-19800155,A,Marcgraviaceae,,Ruyschia,,"pavonii",,"","G. Don",Accepted,,M,TRO,19800155,829263-1,"Gen. Hist.","1: 625","625","1831"
tro-19800089,A,Marcgraviaceae,,Ruyschia,,"phylladenia",,"","Sandwith",Accepted,,M,TRO,19800089,224727-2,"Bull. Misc. Inform. Kew","1930(4): 153","153","1930"
tro-19800187,A,Marcgraviaceae,,Ruyschia,,"pilophora",,"","Triana & Planch.",Accepted,,M,TRO,19800187,829264-1,"Ann. Sci. Nat., Bot., sér. 4,","17: 379","379","1862"
kew-2527812,A,Marcgraviaceae,,Ruyschia,,"surubea",,"","J.F.Gmel.",Unresolved,,L,WCSP (in review),663857,829271-1,"Syst. Nat.","407","","1791"
kew-2425384,A,Marcgraviaceae,,Ruyschia,,"tremadena",,"","(Ernst) Lundell",Accepted,,M,WCSP (in review),563476,224730-2,"Contr. Univ. Michigan Herb.","6: 47","","1941"
tro-50080540,A,Marcgraviaceae,,Ruyschia,,"valerioi",,"","Standl.",Accepted,,M,TRO,50080540,224731-2,"Publ. Field Mus. Nat. Hist., Bot. Ser.","18(2): 700","700","1937"
kew-2425393,A,Marcgraviaceae,,Ruyschia,,"viridiflora",,"","(Ernst) Lundell",Accepted,,M,WCSP (in review),563485,224732-2,"Contr. Univ. Michigan Herb.","6: 47","","1941"
tro-50070873,A,Marcgraviaceae,,Sarcopera,,"anomala",,"","(Kunth) Bedell",Accepted,,M,TRO,50070873,997439-1,"Bot. Jahrb. Syst.","119(3): 329","329","1997"
tro-19800194,A,Marcgraviaceae,,Sarcopera,,"cordachida",,"","(Ruiz & Pav. ex G. Don) Bedell ex S. Dressler",Accepted,,M,TRO,19800194,1113140-2,"Monogr. Syst. Bot. Missouri Bot. Gard.","75: 955","955","1999"
kew-2601293,A,Marcgraviaceae,,Sarcopera,,"flammifera",,"","de Roon & Bedell",Accepted,,M,WCSP (in review),734565,1007873-1,"Novon","9: 249","","1999"
tro-19800191,A,Marcgraviaceae,,Sarcopera,,"oxystylis",,"","(Baill.) Bedell ex Gir.-Cañas",Accepted,,M,TRO,19800191,1211884-2,"Hickenia","3(32–37): 120","120","2002"
tro-19800199,A,Marcgraviaceae,,Sarcopera,,"rosulata",,"","de Roon & Bedell",Accepted,,M,TRO,19800199,997441-1,"Bot. Jahrb. Syst.","119(3): 329, f. 1","329","1997"
kew-2601282,A,Marcgraviaceae,,Sarcopera,,"sessiliflora",,"","(Triana & Planch.) Bedell",Accepted,,M,WCSP (in review),734554,997440-1,"Bot. Jahrb. Syst.","119: 329","","1997"
kew-2601290,A,Marcgraviaceae,,Sarcopera,,"tepuiensis",,"","(de Roon) Bedell",Accepted,,M,WCSP (in review),734562,1007874-1,"Novon","9: 251","","1999"
kew-2873650,A,Marcgraviaceae,,Schwartzia,,"adamantium",,"","(Cambess.) Bedell ex Gir.-Cañas",Accepted,,M,WCSP (in review),998980,1211885-2,"Hickenia","3: 121","","2002"
kew-2601287,A,Marcgraviaceae,,Schwartzia,,"andina",,"","Gir.-Cañas",Accepted,,M,WCSP (in review),734559,70029757-1,"Caldasia","25: 5","","2003"
kew-2601286,A,Marcgraviaceae,,Schwartzia,,"antioquensis",,"","Gir.-Cañas",Accepted,,M,WCSP (in review),734558,70029758-1,"Caldasia","25: 7","","2003"
kew-2601285,A,Marcgraviaceae,,Schwartzia,,"brasiliensis",,"","(Choisy) Bedell ex Gir.-Cañas",Accepted,,M,WCSP (in review),734557,20001695-1,"Caldasia","23: 341","","2001"
tro-19800142,A,Marcgraviaceae,,Schwartzia,,"brenesii",,"","(Standl.) Bedell",Accepted,,M,TRO,19800142,997435-1,"Bot. Jahrb. Syst.","119(3): 328","328","1997"
kew-2601283,A,Marcgraviaceae,,Schwartzia,,"chocoensis",,"","Gir.-Cañas",Accepted,,M,WCSP (in review),734555,322691-2,"Revista Acad. Colomb. Ci. Exact.","25: 478","","2001"
kew-2601306,A,Marcgraviaceae,,Schwartzia,,"costaricensis",,"","(Gilg) Bedell",Accepted,,M,WCSP (in review),734578,997436-1,"Bot. Jahrb. Syst.","119: 328","","1997"
kew-2873651,A,Marcgraviaceae,,Schwartzia,,"geniculatiflora",,"","Gir.-Cañas & Fiaschi",Accepted,,M,WCSP (in review),998981,60442427-2,"Caldasia","27: 185","","2005"
tro-50107779,A,Marcgraviaceae,,Schwartzia,,"jimenezii",,"","(Standl.) Bedell",Accepted,,M,TRO,50107779,997437-1,"Bot. Jahrb. Syst.","119(3): 328","328","1997"
kew-2873652,A,Marcgraviaceae,,Schwartzia,,"jucuensis",,"","Gir.-Cañas",Accepted,,M,WCSP (in review),998982,,"Darwiniana","42: 173","","2004"
kew-2601313,A,Marcgraviaceae,,Schwartzia,,"lozaniana",,"","Gir.-Cañas",Accepted,,M,WCSP (in review),734585,20003202-1,"Caldasia","23: 384","","2001"
kew-2601312,A,Marcgraviaceae,,Schwartzia,,"magnifica",,"","(Gilg) Bedell",Accepted,,M,WCSP (in review),734584,974563-1,"Monogr. Syst. Bot. Missouri Bot. Gard.","45: 1256","","1993"
kew-2601311,A,Marcgraviaceae,,Schwartzia,,"parrae",,"","Gir.-Cañas",Accepted,,M,WCSP (in review),734583,325586-2,"Novon","12: 456","","2002"
kew-2873653,A,Marcgraviaceae,,Schwartzia,,"pterosara",,"","de Roon & Bedell ex Gir.-Cañas",Accepted,,M,WCSP (in review),998983,60438341-2,"Novon","15: 123","","2005"
kew-2601310,A,Marcgraviaceae,,Schwartzia,,"renvoizei",,"","Gir.-Cañas",Accepted,,M,WCSP (in review),734582,,"Caldasia","26: 424","","2004"
tro-19800126,A,Marcgraviaceae,,Schwartzia,,"sclerophylla",,"","de Roon & Bedell",Unresolved,,L,TRO,19800126,,"Generic Revis. Marcgraviaceae","208–209, f. 43","208","1985"
kew-2601309,A,Marcgraviaceae,,Schwartzia,,"spiciflora",,"","(Juss.) Bedell",Accepted,,M,WCSP (in review),734581,946792-1,"Fl. Lesser Antilles","Dicot. 2(5): 309","","1989"
tro-50301855,A,Marcgraviaceae,,Schwartzia,,"tarrazuensis",,"","Hammel",Accepted,,M,TRO,50301855,77079489-1,"Lankesteriana","6(2): 76–77, f. 3A–G, 4C","76","2006"
kew-2601307,A,Marcgraviaceae,,Schwartzia,,"weddelliana",,"","(Baill.) Bedell",Accepted,,M,WCSP (in review),734579,974564-1,"Monogr. Syst. Bot. Missouri Bot. Gard.","45: 1256","","1993"
kew-2601305,A,Marcgraviaceae,,Souroubea,,"amazonica",,"","Delpino",Unresolved,,L,WCSP (in review),734577,,"Nuovo Giorn. Bot. Ital.","1: 275","","1869"
kew-2601302,A,Marcgraviaceae,,Souroubea,,"bahiensis",,"","Delpino",Unresolved,,L,WCSP (in review),734574,,"Nuovo Giorn. Bot. Ital.","1: 276","","1869"
tro-19800090,A,Marcgraviaceae,,Souroubea,,"bicolor",,"","(Benth.) de Roon",Accepted,,M,TRO,19800090,240979-2,"Acta Bot. Neerl.","15(3): 587","587","1967"
tro-19800138,A,Marcgraviaceae,,Souroubea,,"brachystachya",,"","Rusby",Accepted,,M,TRO,19800138,240980-2,"Bull. New York Bot. Gard.","8(28): 103–104","103","1912"
tro-19800156,A,Marcgraviaceae,,Souroubea,,"corallina",,"","(Mart.) de Roon",Accepted,,M,TRO,19800156,,"Contr. Monogr. Marcgraviaceae","171","171","1975"
kew-2601260,A,Marcgraviaceae,,Souroubea,,"crassipes",,"","(Triana & Planch.) Wittm.",Accepted,,M,WCSP (in review),734532,829490-1,"Fl. Bras.","12(1): 254","","1878"
tro-19800159,A,Marcgraviaceae,,Souroubea,,"crassipetala",,"","de Roon",Accepted,,M,TRO,19800159,240982-2,"Acta Bot. Neerl.","18(3): 401, 404, t. 2, f. 1–3","401","1969"
kew-2601258,A,Marcgraviaceae,,Souroubea,,"dasystachya",,"","Gilg & Werderm.",Accepted,,M,WCSP (in review),734530,,"Nat. Pflanzenfam. ed. 2","21: 102","","1925"
tro-19800066,A,Marcgraviaceae,,Souroubea,,"didyma",,"","(Poepp. ex Wittm.) Gilg",Accepted,,M,TRO,19800066,240983-2,"Bot. Jahrb. Syst.","25(Beibl. 60): 33","33","1898"
kew-2601256,A,Marcgraviaceae,,Souroubea,,"exauriculata",,"","Delpino",Accepted,,M,WCSP (in review),734528,,"Atti Soc. Ital. Sci. Nat.","12: 180","","1869"
tro-19800144,A,Marcgraviaceae,,Souroubea,,"fragilis",,"","de Roon",Accepted,,M,TRO,19800144,240984-2,"Acta Bot. Neerl.","18(3): 405","405","1969"
kew-2601245,A,Marcgraviaceae,,Souroubea,,"gilgii",,"","V.A.Richt.",Accepted,,M,WCSP (in review),734517,1002451-1,"Math. Term. Értes.","34: 835","","1916"
kew-2601253,A,Marcgraviaceae,,Souroubea,,"guianensis",,"","Aubl.",Accepted,,M,WCSP (in review),734525,829493-1,"Hist. Pl. Guiane","244","","1775"
tro-50220276,A,Marcgraviaceae,,Souroubea,,"guianensis",subsp.,"amazonica","(Mart.) de Roon",Accepted,,L,TRO,50220276,,"Contr. Monogr. Marcgraviaceae","182","182","1975"
kew-2873068,A,Marcgraviaceae,,Souroubea,,"guianensis",subsp.,"cylindrica","(Wittm.) de Roon",Accepted,,L,WCSP (in review),998401,,"Contr. Monogr. Marcgraviavrar","183","","1975"
tro-19800177,A,Marcgraviaceae,,Souroubea,,"intermedia",,"","de Roon",Accepted,,M,TRO,19800177,240995-2,"Acta Bot. Neerl.","18(3): 401, t. 1","401","1969"
kew-2601250,A,Marcgraviaceae,,Souroubea,,"lepidota",,"","Delpino",Unresolved,,L,WCSP (in review),734522,,"Nuovo Giorn. Bot. Ital.","1: 276","","1869"
kew-2601249,A,Marcgraviaceae,,Souroubea,,"loczyi",,"","(V.A.Richt.) de Roon",Accepted,,M,WCSP (in review),734521,240997-2,"Acta Bot. Neerl.","15: 587","","1967"
kew-2601248,A,Marcgraviaceae,,Souroubea,,"meyeri",,"","Delpino",Unresolved,,L,WCSP (in review),734520,,"Nuovo Giorn. Bot. Ital.","1: 275","","1869"
tro-19800074,A,Marcgraviaceae,,Souroubea,,"pachyphylla",,"","Gilg",Accepted,,M,TRO,19800074,240999-2,"Bot. Jahrb. Syst.","2(Beibl. 60): 33","33","1898"
tro-19800160,A,Marcgraviaceae,,Souroubea,,"peruviana",,"","Gilg",Accepted,,M,TRO,19800160,241000-2,"Bot. Jahrb. Syst.","25(Beibl. 60): 34","34","1898"
kew-2601273,A,Marcgraviaceae,,Souroubea,,"pileata",,"","Delpino",Unresolved,,L,WCSP (in review),734545,,"Nuovo Giorn. Bot. Ital.","1: 258","","1869"
tro-19800075,A,Marcgraviaceae,,Souroubea,,"pilophora",,"","(Triana & Planch.) Wittm.",Accepted,,M,TRO,19800075,,"Fl. Bras.","12(1): 254, t. 51, f. 2","254","1878"
tro-50220268,A,Marcgraviaceae,,Souroubea,,"platyadenia",,"","(Gilg) de Roon",Accepted,,M,TRO,50220268,241001-2,"Acta Bot. Neerl.","15(3): 587","587","1967"
kew-2601277,A,Marcgraviaceae,,Souroubea,,"spitziana",,"","Delpino",Unresolved,,L,WCSP (in review),734549,,"Nuovo Giorn. Bot. Ital.","1: 275","","1869"
tro-19800137,A,Marcgraviaceae,,Souroubea,,"stichadenia",,"","de Roon",Accepted,,M,TRO,19800137,241003-2,"Acta Bot. Neerl.","18(3): 404, t. 2, f. 4–5","404","1969"
kew-2601274,A,Marcgraviaceae,,Souroubea,,"sympetala",,"","Gilg",Accepted,,M,WCSP (in review),734546,241005-2,"Bot. Jahrb. Syst.","25(60): 32","","1898"
tro-19800095,A,Marcgraviaceae,,Souroubea,,"vallicola",,"","Woodson ex de Roon",Accepted,,M,TRO,19800095,321474-2,"Acta Bot. Neerl.","18(1): 200","200","1969"
tro-19800096,A,Marcgraviaceae,,Souroubea,,"venosa",,"","Schery",Accepted,,M,TRO,19800096,241007-2,"Ann. Missouri Bot. Gard.","27(3): 320–321","320","1940"
