﻿ID,Major group,Family,Genus hybrid marker,Genus,Species hybrid marker,Species,Infraspecific rank,Infraspecific epithet,Authorship,Taxonomic status in TPL,Nomenclatural status from original data source,Confidence level,Source,Source id,IPNI id,Publication,Collation,Page,Date
tro-100355518,P,Marsileaceae,,Calamistrum,,"globuliferum",,"","(L.) Kuntze",Accepted,,M,TRO,100355518,,"","","",""
ifn-35236,P,Marsileaceae,,Calamistrum,,"mandonii",,"","Kuntze",Unresolved,,L,IPNI,40676-2,40676-2,"Revis. Gen. Pl.","2: 822","","1891 [5 Nov 1891]"
ifn-35237,P,Marsileaceae,,Calamistrum,,"minutum",,"","Kuntze",Unresolved,,L,IPNI,17062173-1,17062173-1,"Revis. Gen. Pl.","2: 822","","1891 [5 Nov 1891]"
ifn-35239,P,Marsileaceae,,Calamistrum,,"novehollandiae",,"","Kuntze",Unresolved,,L,IPNI,17062174-1,17062174-1,"Revis. Gen. Pl.","2: 822","","1891 [5 Nov 1891]"
ifn-35240,P,Marsileaceae,,Calamistrum,,"novezelandiae",,"","Kuntze",Unresolved,,L,IPNI,17062175-1,17062175-1,"Revis. Gen. Pl.","2: 822","","1891 [5 Nov 1891]"
tro-100354131,P,Marsileaceae,,Lemma,,"minuta",,"","(L.) Desr.",Accepted,,M,TRO,100354131,,"Encycl.","3: 721","721","1792"
tro-100354129,P,Marsileaceae,,Lemma,,"quadrifolia",,"","(L.) Desr.",Accepted,,M,TRO,100354129,,"Encycl.","3: 720","720","1792"
ifn-35251,P,Marsileaceae,,Marsilea,,"aegyptiaca",,"","Wall.",Unresolved,,L,IPNI,17144640-1,17144640-1,"Numer. List [Wallich]","n. 7096","","1832 (1829)"
tro-26604286,P,Marsileaceae,,Marsilea,,"aegyptica",,"","Willd.",Accepted,,M,TRO,26604286,17144630-1,"Sp. Pl.","5: 540","540","1810"
ifn-35252,P,Marsileaceae,,Marsilea,,"aethiopica",,"","Launert",Unresolved,,L,IPNI,17510540-1,17510540-1,"Garcia de Orta, Ser. Bot.","6(1-2): 128 (1984)","","1984"
ifn-35253,P,Marsileaceae,,Marsilea,,"ancyclopoda",,"","A.Br.",Unresolved,,L,IPNI,153658-2,153658-2,"","","",""
tro-26608019,P,Marsileaceae,,Marsilea,,"ancylopoda",,"","A. Braun",Accepted,,M,TRO,26608019,17144650-1,"Monatsber. Konigl. Preuss. Akad. Wiss. Berlin","1863: 434","434","1864"
tro-50338103,P,Marsileaceae,,Marsilea,,"angustifolia",,"","R. Br.",Unresolved,,L,TRO,50338103,17144660-1,"Prodr.","167","167","1810"
tro-26604287,P,Marsileaceae,,Marsilea,,"apposita",,"","Launert",Accepted,,M,TRO,26604287,,"","","",""
ifn-35257,P,Marsileaceae,,Marsilea,,"auriculata",,"","Vitman",Unresolved,,L,IPNI,17340590-1,17340590-1,"Summa Pl.","6. 143. 1792","","1792"
tro-100355451,P,Marsileaceae,,Marsilea,,"azorica",,"","Launert & Paiva",Unresolved,,L,TRO,100355451,17508290-1,"Icon. Selecta Fl. Azor.","2: 159","159","1983"
ifn-35259,P,Marsileaceae,,Marsilea,,"ballardii",,"","K.M.Gupta",Unresolved,,L,IPNI,17404340-1,17404340-1,"J. Bombay Nat. Hist. Soc.","53: 291. t. 1-3. 1956.","","1956"
tro-50009423,P,Marsileaceae,,Marsilea,,"batardae",,"","Launer",Unresolved,,L,TRO,50009423,,"","","",""
ifn-35262,P,Marsileaceae,,Marsilea,,"berhautii",,"","Tardieu",Unresolved,,L,IPNI,17404350-1,17404350-1,"Notul. Syst. (Paris)","15: 85","","1955"
ifn-35264,P,Marsileaceae,,Marsilea,,"biloba",,"","Willd.",Unresolved,,L,IPNI,17144680-1,17144680-1,"Sp. Pl., ed. 4 [Willdenow]","5: 540","","1810"
tro-50288007,P,Marsileaceae,,Marsilea,,"botryocarpa",,"","Ballard",Unresolved,,L,TRO,50288007,17444000-1,"Hooker's Icon. Pl.","36: , t. 3600","","1962"
ifn-35266,P,Marsileaceae,,Marsilea,,"brachycarpa",,"","A.Braun",Unresolved,,L,IPNI,17144690-1,17144690-1,"Monatsber. Ak. Berl.","1863. 420. 1864. NPfl. 418. (Bak. Hdb. 140)","","1863"
ifn-35267,P,Marsileaceae,,Marsilea,,"brachypus",,"","A.Braun",Unresolved,,L,IPNI,17144700-1,17144700-1,"Monatsber. Ak. Berl.","1863. 421. 1864. NPfl. 418. (Bak. Hdb. 140)","","1863"
ifn-35269,P,Marsileaceae,,Marsilea,,"brevipes",,"","Nutt.; A.Br.",Unresolved,,L,IPNI,17144720-1,17144720-1,"Monatsber. Ak. Berl.","1870. 741","","1870"
ifn-35270,P,Marsileaceae,,Marsilea,,"brownii",,"","A.Braun",Unresolved,,L,IPNI,17144730-1,17144730-1,"Monatsber. Ak. Berl.","1863. 418. 1864. Bak. Hdb. 140. NPfl. 418","","1863"
tro-26604288,P,Marsileaceae,,Marsilea,,"burchellii",,"","A. Braun",Accepted,,M,TRO,26604288,,"","","",""
tro-26604289,P,Marsileaceae,,Marsilea,,"capensis",,"","A. Braun",Accepted,,M,TRO,26604289,,"","","",""
ifn-35274,P,Marsileaceae,,Marsilea,,"condensata",,"","Baker",Unresolved,,L,IPNI,17144770-1,17144770-1,"J. Bot.","24: 281","","1886"
ifn-35276,P,Marsileaceae,,Marsilea,,"cornuta",,"","A.Braun",Unresolved,,L,IPNI,17144790-1,17144790-1,"Monatsber. Ak. Berl.","1870. 728","","1870"
ifn-35277,P,Marsileaceae,,Marsilea,,"coromandeliana",,"","auctt.",Unresolved,,L,IPNI,17144800-1,17144800-1,"","","",""
ifn-35278,P,Marsileaceae,,Marsilea,,"coromandelica",,"","Burm.",Unresolved,,L,IPNI,17144810-1,17144810-1,"Fl. Ind. (N. L. Burman)","t. 62, f. 3. 1768 (cormandelica). 1768; Bak. Hdb. 147","","1768"
tro-26604290,P,Marsileaceae,,Marsilea,,"coromandelina",,"","Willd.",Accepted,,M,TRO,26604290,17144820-1,"Sp. Pl.","539","539","1810"
tro-50338104,P,Marsileaceae,,Marsilea,,"costulifera",,"","D.L. Jones",Unresolved,,L,TRO,50338104,17562120-1,"Muelleria","8(1): 65","65","1993"
tro-26600218,P,Marsileaceae,,Marsilea,,"crenata",,"","C. Presl",Accepted,,M,TRO,26600218,17274610-1,"Reliq. Haenk.","1(1): 84, pl. 12, f. 13","84","1825"
tro-50308799,P,Marsileaceae,,Marsilea,,"crotalophoroides",,"","Sw.",Unresolved,,L,TRO,50308799,,"","","",""
tro-26617242,P,Marsileaceae,,Marsilea,,"crotophora",,"","D.M. Johnson",Accepted,,M,TRO,26617242,280437-2,"Syst. Bot. Monogr.","11: 46","46","1986"
ifn-35285,P,Marsileaceae,,Marsilea,,"cryptocarpa",,"","Albr. & Chinnock",Unresolved,,L,IPNI,77092717-1,77092717-1,"J. Adelaide Bot. Gard.","22: 1 (-4; figs. 1-4, map)","","2008 [29 Sep 2008]"
tro-26608016,P,Marsileaceae,,Marsilea,,"deflexa",,"","A. Braun",Accepted,,M,TRO,26608016,17144860-1,"Monatsber. Konigl. Preuss. Akad. Wiss. Berlin","1863: 421","421","1864"
tro-26604291,P,Marsileaceae,,Marsilea,,"distorta",,"","A. Braun",Accepted,,M,TRO,26604291,17144880-1,"Monatsber. Konigl. Preuss. Akad. Wiss. Berlin","1863: 433","433","1864"
ifn-35289,P,Marsileaceae,,Marsilea,,"dregeana",,"","A.Braun",Unresolved,,L,IPNI,17144890-1,17144890-1,"Monatsber. Ak. Berl.","1863. 428. 1864","","1863"
tro-50183601,P,Marsileaceae,,Marsilea,,"drummondii",,"","A. Braun",Unresolved,,L,TRO,50183601,,"Linnaea","25: 721","721","1853"
ifn-35308,P,Marsileaceae,,Marsilea,,"elata",,"","A.Braun",Unresolved,,L,IPNI,17144910-1,17144910-1,"App. Ind. Sem. Berol.","1867. 3; Monatsber. Ak. Berl. 1870. 739. NPfl. 419","","1867"
tro-26604292,P,Marsileaceae,,Marsilea,,"ephippiocarpa",,"","Alston",Accepted,,M,TRO,26604292,,"","","",""
ifn-35313,P,Marsileaceae,,Marsilea,,"erosa",,"","Willd.",Unresolved,,L,IPNI,17144930-1,17144930-1,"Sp. Pl., ed. 4 [Willdenow]","5: 540","","1810"
ifn-35314,P,Marsileaceae,,Marsilea,,"europaea",,"","Desv.",Unresolved,,L,IPNI,17144940-1,17144940-1,"M","6(2): 178","","1827"
tro-50338105,P,Marsileaceae,,Marsilea,,"exarata",,"","A. Braun",Unresolved,,L,TRO,50338105,17144950-1,"Monatsber. Konigl. Preuss. Akad. Wiss. Berlin","732","732","1870"
ifn-35316,P,Marsileaceae,,Marsilea,,"fabri",,"","Dunal",Unresolved,,L,IPNI,17144960-1,17144960-1,"St. Hil. Ann. sc. nat.","II. 6. 378. 1836","","1836"
tro-50288014,P,Marsileaceae,,Marsilea,,"fadeniana",,"","Launert",Unresolved,,L,TRO,50288014,17511780-1,"Garcia de Orta, Sér. Bot.","6: 126, t. 1, f. 2","126","1985"
tro-26604293,P,Marsileaceae,,Marsilea,,"farinosa",,"","Launert",Accepted,,M,TRO,26604293,17444010-1,"Senckenberg. Biol.","49: 298, f. 41–46, 70–71","298","1968"
tro-26604294,P,Marsileaceae,,Marsilea,,"fenestrata",,"","Launert",Accepted,,M,TRO,26604294,,"","","",""
ifn-35321,P,Marsileaceae,,Marsilea,,"fimbriata",,"","Schumach.",Unresolved,,L,IPNI,17144970-1,17144970-1,"Vid. Selsk. Afh.","4. 235 (seors. 461). 1827. Bak. Hdb. 142","","1827"
ifn-35322,P,Marsileaceae,,Marsilea,,"fischeri",,"","Hier.in Engl.",Unresolved,,L,IPNI,17144980-1,17144980-1,"Pflw. Ostafr. C.","90. 1895","","1895"
tro-26625598,P,Marsileaceae,,Marsilea,,"gibba",,"","A. Braun",Unresolved,,L,TRO,26625598,17145000-1,"Monatsber. Konigl. Preuss. Akad. Wiss. Berlin","1870: 745","745","1871"
tro-50309550,P,Marsileaceae,,Marsilea,,"glomerata",,"","C. Presl",Unresolved,,L,TRO,50309550,17145010-1,"Abh. Böhm. Ges. Wiss.","5(3): 580","580","1845"
ifn-35327,P,Marsileaceae,,Marsilea,,"gracilenta",,"","A.Braun",Unresolved,,L,IPNI,17145020-1,17145020-1,"Monatsber. Ak. Berl.","1863. 421. 1864. NPfl. 418. (Bak. Hdb. 141)","","1863"
tro-50141350,P,Marsileaceae,,Marsilea,,"hirsuta",,"","R. Br.",Accepted,,M,TRO,50141350,17145040-1,"Prodr.","167","167","1810"
ifn-35333,P,Marsileaceae,,Marsilea,,"hirsutissima",,"","A.Braun",Unresolved,,L,IPNI,17145050-1,17145050-1,"Monatsber. Ak. Berl.","1870. 736. NPfl. 419","","1870"
ifn-35334,P,Marsileaceae,,Marsilea,,"howittiana",,"","A.Braun",Unresolved,,L,IPNI,17145060-1,17145060-1,"Monatsber. Ak. Berl.","1870. 734. NPfl. 419","","1870"
ifn-35335,P,Marsileaceae,,Marsilea,,"kedarmalii",,"","Bhardwaja, Gena & D'Souza",Unresolved,,L,IPNI,17566320-1,17566320-1,"Indian Fern J.","11(1-2): 50 (1994 publ. 1995)","","1995"
ifn-35336,P,Marsileaceae,,Marsilea,,"latzii",,"","D.L.Jones",Unresolved,,L,IPNI,17571610-1,17571610-1,"Fl. Australia","48: 707","","1998"
tro-26604750,P,Marsileaceae,,Marsilea,,"longipes",,"","Austin",Unresolved,,L,TRO,26604750,17340620-1,"Bull. Torrey Bot. Club","3: 23","23","1872"
ifn-35340,P,Marsileaceae,,Marsilea,,"macra",,"","A.Braun",Unresolved,,L,IPNI,17145070-1,17145070-1,"App. Ind. Sem. Berol.","1867. 3; Monatsber. Ak. Berl. 1870. 735. NPfl. 419","","1867"
tro-26604295,P,Marsileaceae,,Marsilea,,"macrocarpa",,"","C. Presl",Accepted,,M,TRO,26604295,,"Abh. Königl. Böhm. Ges. Wiss.","580","580","1845"
tro-26602147,P,Marsileaceae,,Marsilea,,"macropoda",,"","Engelm. ex A. Braun",Accepted,,M,TRO,26602147,,"Amer. J. Sci., ser. 4","6: 88–89","88","1848"
ifn-35345,P,Marsileaceae,,Marsilea,,"macropus",,"","Hook.",Unresolved,,L,IPNI,17145100-1,17145100-1,"Icon. Pl.","6: t. 909","","1854 [25 Jan 1854]"
ifn-35346,P,Marsileaceae,,Marsilea,,"macropus",,"","A.Braun",Unresolved,,L,IPNI,17145110-1,17145110-1,"Monatsber. Ak. Berl.","1863. 418. 1864","","1863"
tro-26610643,P,Marsileaceae,,Marsilea,,"maheshwarii",,"","Gopal",Unresolved,,L,TRO,26610643,17444030-1,"Amer. Fern J.","58(2): 71","71","1968"
ifn-35348,P,Marsileaceae,,Marsilea,,"mearnsii",,"","Christ",Unresolved,,L,IPNI,17254060-1,17254060-1,"Philipp. J. Sci., C","3: 276","","1908"
tro-50288018,P,Marsileaceae,,Marsilea,,"megalomanica",,"","Launert",Unresolved,,L,TRO,50288018,17444040-1,"Senckenberg. Biol.","51: 435, f. 1–4","435","1970"
ifn-35351,P,Marsileaceae,,Marsilea,,"microcarpa",,"","A.Braun",Unresolved,,L,IPNI,17145130-1,17145130-1,"Flora","22(1): 300","","1839"
tro-26604296,P,Marsileaceae,,Marsilea,,"minuta",,"","L.",Accepted,,M,TRO,26604296,17145140-1,"Mant. Pl.","308","308","1771"
tro-50288013,P,Marsileaceae,,Marsilea,,"minuta",var.,"incurva","(A. Braun) Launert",Accepted,,L,TRO,50288013,,"Garcia de Orta, Sér. Bot.","6: 126, t. 3, f. 14a, b, c","126","1985"
tro-26608028,P,Marsileaceae,,Marsilea,,"mollis",,"","B.L. Rob. & Fernald",Accepted,,M,TRO,26608028,153668-2,"Proc. Amer. Acad. Arts","30: 123","123","1895"
ifn-35358,P,Marsileaceae,,Marsilea,,"muelleri",,"","A.Braun",Unresolved,,L,IPNI,17145190-1,17145190-1,"Linnaea","25. 721. 1852. NPfl. 419","","1852"
ifn-35359,P,Marsileaceae,,Marsilea,,"muscoides",,"","Lepr.; A.Br.",Unresolved,,L,IPNI,17145200-1,17145200-1,"Monatsber. Ak. Berl.","1863. 422. 1864. Bak. Hdb. 147. NPfl. 420","","1863"
ifn-35360,P,Marsileaceae,,Marsilea,,"muscosa",,"","Leprieur; A.Br.",Unresolved,,L,IPNI,17145210-1,17145210-1,"Flora","22(1): 300 nomen","","1839"
tro-50338106,P,Marsileaceae,,Marsilea,,"mutica",,"","Mett.",Unresolved,,L,TRO,50338106,17145220-1,"Ann. Sci. Nat., Bot., sér. 4,","15: 88","88","1861"
ifn-35362,P,Marsileaceae,,Marsilea,,"nardu",,"","A.Braun",Unresolved,,L,IPNI,17145230-1,17145230-1,"Monatsber. Ak. Berl.","1870. 736. NPfl. 419","","1870"
ifn-35365,P,Marsileaceae,,Marsilea,,"nashii",,"","Underw.",Unresolved,,L,IPNI,153669-2,153669-2,"Bull. New York Bot. Gard.","4: 137","","1906"
tro-26604297,P,Marsileaceae,,Marsilea,,"nubica",,"","A. Braun",Accepted,,M,TRO,26604297,17145260-1,"Monatsber. Konigl. Preuss. Akad. Wiss. Berlin","1863: 432","432","1864"
tro-26604298,P,Marsileaceae,,Marsilea,,"nubica",var.,"gymnocarpa","(A. Braun) Launert",Accepted,,L,TRO,26604298,,"Ser. Bot.","6: 124, t2,f.7","124","1985"
tro-26603592,P,Marsileaceae,,Marsilea,,"oligospora",,"","Goodd.",Accepted,,M,TRO,26603592,280438-2,"Bot. Gaz.","33(1): 66–67","66","1902"
ifn-35371,P,Marsileaceae,,Marsilea,,"oxaloides",,"","A.Braun",Unresolved,,L,IPNI,17145280-1,17145280-1,"Monatsber. Ak. Berl.","1870. 736. NPfl. 419","","1870"
ifn-35373,P,Marsileaceae,,Marsilea,,"paradoxa",,"","Diels",Unresolved,,L,IPNI,17254080-1,17254080-1,"Repert. Spec. Nov. Regni Veg.","3: 86","","1906"
ifn-35374,P,Marsileaceae,,Marsilea,,"patens",,"","J.F.Gmel.",Unresolved,,L,IPNI,17145290-1,17145290-1,"Syst. Nat., ed. 13[bis].","2(2): 1322","","1792 [1791 publ. late Apr-Oct 1792]"
tro-50211377,P,Marsileaceae,,Marsilea,,"picta",,"","Fée",Unresolved,,L,TRO,50211377,,"Mém. Foug.","9: 47","47","1857-1858"
ifn-35378,P,Marsileaceae,,Marsilea,,"poonensis",,"","Kolhatkar",Unresolved,,L,IPNI,17404370-1,17404370-1,"Kew Bull.","1957: 293. f.1. 1957.","","1957"
tro-100376432,P,Marsileaceae,,Marsilea,,"pubescens",,"","Ten.",Unresolved,,L,TRO,100376432,,"","1: 70","70","1819"
ifn-35380,P,Marsileaceae,,Marsilea,,"pumila",,"","Drege",Unresolved,,L,IPNI,17340650-1,17340650-1,"Zwei Pflanzengeogr. Docum. (Dr","58 (nomen)","","1843"
ifn-35382,P,Marsileaceae,,Marsilea,,"pygmaea",,"","Brongn.",Unresolved,,L,IPNI,17145330-1,17145330-1,"Dict. Class. Hist. Nat. [Bory]","10. 199. 1826 (pygmea)","","1826"
ifn-35383,P,Marsileaceae,,Marsilea,,"quadrata",,"","A.Braun",Unresolved,,L,IPNI,17145340-1,17145340-1,"Monatsber. Ak. Berl.","1870. 745. Bak. Hdb. 146. NPfl. 419","","1870"
tro-26602150,P,Marsileaceae,,Marsilea,,"quadrifolia",,"","L.",Accepted,,M,TRO,26602150,17145350-1,"Sp. Pl.","2: 1099–1100","1099","1753"
ifn-35388,P,Marsileaceae,,Marsilea,,"quadrifoliata",,"","L.",Unresolved,,L,IPNI,17145390-1,17145390-1,"Sp. Pl., ed. 2.","2: 1563","","1763 [Jul-Aug 1763]"
ifn-35389,P,Marsileaceae,,Marsilea,,"rajasthanensis",,"","K.M.Gupta",Unresolved,,L,IPNI,17444050-1,17444050-1,"Marsilea. Bot. Monogr. Council Sci. Industr. Res. India","2: 29. 1962.","","1962"
ifn-35390,P,Marsileaceae,,Marsilea,,"rotundata",,"","A.Br.in Kuhn",Unresolved,,L,IPNI,17145400-1,17145400-1,"Fil. Afr.","200. 1868. Bak. Hdb. 144. NPfl. 419","","1868"
ifn-35392,P,Marsileaceae,,Marsilea,,"salvatrix",,"","Curr.",Unresolved,,L,IPNI,146536-3,146536-3,"Journal of Botany 1","","","1863"
ifn-67271,P,Marsileaceae,,Marsilea,,"salvatrix",,"","Hanst.",Unresolved,,L,IPNI,146495-3,146495-3,"Monatsberichte der K?niglichen Akademie der Wissenschaften zu Berlin","","","1870 (11 Aug. 1870)"
ifn-35393,P,Marsileaceae,,Marsilea,,"salvinioides",,"","Neck.",Unresolved,,L,IPNI,17145420-1,17145420-1,"Acta Theod. pal. phys.","3. 297 t. 21. 1775","","1775"
tro-26610073,P,Marsileaceae,,Marsilea,,"scalaripes",,"","D.M. Johnson",Unresolved,,L,TRO,26610073,17529130-1,"Amer. Fern J.","78(2): 68","68","1988"
tro-26604299,P,Marsileaceae,,Marsilea,,"schelpeana",,"","Launert",Accepted,,M,TRO,26604299,,"","","",""
tro-26605831,P,Marsileaceae,,Marsilea,,"senegalensis",,"","A. Braun",Unresolved,,L,TRO,26605831,,"","","",""
ifn-35397,P,Marsileaceae,,Marsilea,,"sericea",,"","A.Braun",Unresolved,,L,IPNI,17145440-1,17145440-1,"Monatsber. Ak. Berl.","1870. 734. NPfl. 419","","1870"
tro-26618950,P,Marsileaceae,,Marsilea,,"sinensis",,"","Hand.-Mazz.",Unresolved,,L,TRO,26618950,17340660-1,"Symb. Sin.","6: 47–48","47","1929"
ifn-35399,P,Marsileaceae,,Marsilea,,"stratiotes",,"","A.Braun",Unresolved,,L,IPNI,17145450-1,17145450-1,"Monatsber. Ak. Berl.","1870. 723. (Bak. Hdb. 139)","","1870"
tro-26613473,P,Marsileaceae,,Marsilea,,"strigosa",,"","Willd.",Unresolved,,L,TRO,26613473,,"","","",""
tro-50336307,P,Marsileaceae,,Marsilea,×,"subangulata",,"","A. Braun",Unresolved,,L,TRO,50336307,17145480-1,"Monatsber. Konigl. Preuss. Akad. Wiss. Berlin","1870: 723","723","1870"
tro-50288000,P,Marsileaceae,,Marsilea,,"subterranea",,"","A. Braun",Unresolved,,L,TRO,50288000,,"Monatsber. Konigl. Preuss. Akad. Wiss. Berlin","1863: 433","433","1864"
ifn-35405,P,Marsileaceae,,Marsilea,,"sylvatrix",,"","A.Braun",Unresolved,,L,IPNI,146586-3,146586-3,"Annales des Sciences Naturelles, Botanique ser. 5, 9","","","1868"
ifn-35406,P,Marsileaceae,,Marsilea,,"tenax",,"","Peter",Unresolved,,L,IPNI,17340680-1,17340680-1,"Abh. Konigl. Ges. Wiss. Gottingen, Math.-Phys. Kl.","III. 2. 38. 1928, Fedde Rep. Beih. 40. 91, Descr. 2. 1929.","","1928"
ifn-35409,P,Marsileaceae,,Marsilea,,"tetraphylla",,"","Thunb.",Unresolved,,L,IPNI,17145510-1,17145510-1,"Fl. Jap. (Thunberg)","340","","1784 [Aug 1784]"
ifn-35410,P,Marsileaceae,,Marsilea,,"trichocarpa",,"","Bremek.",Unresolved,,L,IPNI,17340690-1,17340690-1,"Ann. Transvaal Mus.","15. 234. 1933.","","1933"
ifn-35412,P,Marsileaceae,,Marsilea,,"trichopus",,"","Sadeb.",Unresolved,,L,IPNI,17145530-1,17145530-1,"Nat. Pfl.","1 [4]. 420. 1900","","1900"
ifn-35413,P,Marsileaceae,,Marsilea,,"trifolia",,"","Blanco",Unresolved,,L,IPNI,17145540-1,17145540-1,"Fl. Filip. [F.M. Blanco]","835. 1837","","1837"
tro-26604300,P,Marsileaceae,,Marsilea,,"unicornis",,"","Launert",Accepted,,M,TRO,26604300,,"","","",""
tro-26604301,P,Marsileaceae,,Marsilea,,"vera",,"","Launert",Accepted,,M,TRO,26604301,,"","","",""
tro-26602153,P,Marsileaceae,,Marsilea,,"vestita",,"","Hook. & Grev.",Accepted,,M,TRO,26602153,280441-2,"Icon. Filic.","2: pl. 159","pl. 159","1830"
tro-26604302,P,Marsileaceae,,Marsilea,,"villifolia",,"","Brem. & Oberm. ex Alston & Schelpe",Accepted,,M,TRO,26604302,,"","","",""
tro-26602154,P,Marsileaceae,,Marsilea,,"villosa",,"","Kaulf.",Accepted,,M,TRO,26602154,17145570-1,"Enum. Filic.","272","272","1824"
tro-26605832,P,Marsileaceae,,Marsilea,,"vulgaris",,"","Bojer",Unresolved,,L,TRO,26605832,,"","","",""
tro-26602155,P,Marsileaceae,,Pilularia,,"americana",,"","A. Braun",Accepted,,M,TRO,26602155,,"Monatsber. Konigl. Preuss. Akad. Wiss. Berlin","1863: 435","435","1863"
tro-100377463,P,Marsileaceae,,Pilularia,,"bokkeveldensis",,"","N.R. Crouch",Unresolved,,L,TRO,100377463,,"","224–225, 747, 3 figs.","224","2011"
tro-100373783,P,Marsileaceae,,Pilularia,,"dracomontana",,"","N.R. Crouch & Wesley-Smith",Unresolved,,L,TRO,100373783,,"Bothalia","41(1): 201, fig. 19","201","2011"
tro-26609661,P,Marsileaceae,,Pilularia,,"minuta",,"","Durieu",Unresolved,,L,TRO,26609661,,"Monatsber. Konigl. Preuss. Akad. Wiss. Berlin","435","435","1863"
ifn-35432,P,Marsileaceae,,Pilularia,,"natans",,"","M",Unresolved,,L,IPNI,17177150-1,17177150-1,"Nouv. Fl. Env. Paris, ed. 2","283","","1821 [9-15 Jun 1821]"
ifn-35433,P,Marsileaceae,,Pilularia,,"novae-hollandiae",,"","A.Braun",Unresolved,,L,IPNI,17177160-1,17177160-1,"Monatsber. Ak. Berl.","1863. 435. 1864. Bak. Hdb. 148. NPfl. 421","","1863"
tro-26609669,P,Marsileaceae,,Pilularia,,"novae-zelandiae",,"","Kirk",Unresolved,,L,TRO,26609669,,"","","",""
ifn-35435,P,Marsileaceae,,Pilularia,,"valdiviana",,"","Philippi",Unresolved,,L,IPNI,17177180-1,17177180-1,"(Bak. Hdb.","148)","",""
tro-50106193,P,Marsileaceae,,Regnellidium,,"diphyllum",,"","Lindm.",Accepted,,M,TRO,50106193,218427-2,"Ark. Bot.","3(6): 2","2","1904"
ifn-35441,P,Marsileaceae,,Zalusianskya,,"gymnocarpa",,"","Kuntze",Unresolved,,L,IPNI,17235660-1,17235660-1,"Revis. Gen. Pl.","2: 823","","1891 [5 Nov 1891]"
ifn-35442,P,Marsileaceae,,Zalusianskya,,"macropus",,"","Kuntze",Unresolved,,L,IPNI,17235670-1,17235670-1,"Revis. Gen. Pl.","2: 823","","1891 [5 Nov 1891]"
ifn-35443,P,Marsileaceae,,Zalusianskya,,"marsilioides",,"","Neck.",Unresolved,,L,IPNI,17235680-1,17235680-1,"Acta Theod. pal. phys.","3. 303. 1775","","1775"
ifn-35444,P,Marsileaceae,,Zalusianskya,,"senegalensis",,"","Kuntze",Unresolved,,L,IPNI,17235690-1,17235690-1,"Revis. Gen. Pl.","2: 823","","1891 [5 Nov 1891]"
ifn-35447,P,Marsileaceae,,Zaluzianskia,,"angustifolia",,"","Kuntze",Unresolved,,L,IPNI,96737-3,96737-3,"Revisio Generum Plantarum","","","1891 (5 Nov. 1891)"
ifn-35451,P,Marsileaceae,,Zaluzianskia,,"drummondii",,"","Kuntze",Unresolved,,L,IPNI,100172-3,100172-3,"Revisio Generum Plantarum","","","1891 (5 Nov. 1891)"
ifn-35453,P,Marsileaceae,,Zaluzianskia,,"hirsuta",,"","Kuntze",Unresolved,,L,IPNI,100206-3,100206-3,"Revisio Generum Plantarum","","","1891 (5 Nov. 1891)"
ifn-35454,P,Marsileaceae,,Zaluzianskia,,"macropoda",,"","Kuntze",Unresolved,,L,IPNI,270496-2,270496-2,"Revis. Gen. Pl.","2: 823","","1891 [5 Nov 1891]"
tro-26625273,P,Marsileaceae,,Zaluzianskia,,"marsiloides",,"","Neck.",Unresolved,,L,TRO,26625273,,"","","",""
ifn-35458,P,Marsileaceae,,Zaluzianskia,,"quadrifolia",,"","Kuntze",Unresolved,,L,IPNI,270499-2,270499-2,"Revis. Gen. Pl.","2: 823","","1891 [5 Nov 1891]"
ifn-35459,P,Marsileaceae,,Zaluzianskia,,"tenuifolia",,"","Kuntze",Unresolved,,L,IPNI,270500-2,270500-2,"Revis. Gen. Pl.","2: 823","","1891 [5 Nov 1891]"
