﻿ID,Major group,Family,Genus hybrid marker,Genus,Species hybrid marker,Species,Infraspecific rank,Infraspecific epithet,Authorship,Taxonomic status in TPL,Nomenclatural status from original data source,Confidence level,Source,Source id,IPNI id,Publication,Collation,Page,Date
tro-35179162,B,Mniaceae,,Astrophyllum,,"blyttii",,"","(Bruch & Schimp.) Lindb.",Accepted,,M,TRO,35179162,,"Musci Scand.","14","14","1879"
tro-35179163,B,Mniaceae,,Astrophyllum,,"ciliare",,"","(Müll. Hal.) Lindb.",Accepted,,M,TRO,35179163,,"Musci Scand.","14","14","1879"
tro-35179164,B,Mniaceae,,Astrophyllum,,"cinclidioides",,"","(Huebener) Lindb.",Accepted,,M,TRO,35179164,,"Musci Scand.","13","13","1879"
tro-35179165,B,Mniaceae,,Astrophyllum,,"confertidens",,"","Lindb. & Arnell",Accepted,,M,TRO,35179165,,"Kongl. Svenska Vetensk. Acad. Handl., n.s.","23(10): 17","17","1890"
tro-35179167,B,Mniaceae,,Astrophyllum,,"cuspidatum",,"","Lindb.",Unresolved,,L,TRO,35179167,,"Musci Scand.","13","13","1879"
tro-35179171,B,Mniaceae,,Astrophyllum,,"cuspidatum",var.,"integrifolium","(Lindb.) Broth. & Saelan",Unresolved,,L,TRO,35179171,,"Acta Soc. Fauna Fl. Fenn.","6(4): 49","49","1890"
tro-35179174,B,Mniaceae,,Astrophyllum,,"drummondii",,"","(Bruch & Schimp.) Lindb.",Accepted,,M,TRO,35179174,,"Musci Scand.","14","14","1879"
tro-35179176,B,Mniaceae,,Astrophyllum,,"hornum",,"","(Hedw.) Lindb.",Accepted,,M,TRO,35179176,,"Musci Scand.","14","14","1879"
tro-35179177,B,Mniaceae,,Astrophyllum,,"hymenophylloides",,"","(Huebener) Lindb.",Accepted,,M,TRO,35179177,,"Musci Scand.","14","14","1879"
tro-35179180,B,Mniaceae,,Astrophyllum,,"insigne",,"","(Mitt.) Lindb.",Accepted,,M,TRO,35179180,,"Musci Scand.","14","14","1879"
tro-35179182,B,Mniaceae,,Astrophyllum,,"lycopodioides",,"","(Schwägr.) Lindb.",Accepted,,M,TRO,35179182,,"Musci Scand.","14","14","1879"
tro-35179184,B,Mniaceae,,Astrophyllum,,"marginatum",,"","(Dicks. ex With.) Lindb.",Accepted,,M,TRO,35179184,,"Musci Scand.","14","14","1879"
tro-35179185,B,Mniaceae,,Astrophyllum,,"medium",,"","(Bruch & Schimp.) Lindb.",Accepted,,M,TRO,35179185,,"Musci Scand.","14","14","1879"
tro-35179188,B,Mniaceae,,Astrophyllum,,"orthorrhynchum",,"","(Hartm.) Lindb.",Accepted,,M,TRO,35179188,,"Musci Scand.","14","14","1879"
tro-35179191,B,Mniaceae,,Astrophyllum,,"pseudopunctatum",,"","(Bruch & Schimp.) Lindb.",Accepted,,M,TRO,35179191,,"Musci Scand.","13","13","1879"
tro-35179192,B,Mniaceae,,Astrophyllum,,"punctatum",,"","(Hedw.) Lindb.",Accepted,,M,TRO,35179192,,"Musci Scand.","13","13","1879"
tro-35179195,B,Mniaceae,,Astrophyllum,,"riparium",,"","(Mitt.) Lindb.",Accepted,,M,TRO,35179195,,"Musci Scand.","14","14","1879"
tro-35179196,B,Mniaceae,,Astrophyllum,,"rostratum",,"","(Schrad.) Lindb.",Accepted,,M,TRO,35179196,,"Musci Scand.","13","13","1879"
tro-35179197,B,Mniaceae,,Astrophyllum,,"rugicum",,"","(Laurer) Kindb.",Accepted,,M,TRO,35179197,,"Bih. Kongl. Svenska Vetensk.-Akad. Handl.","7(9): 61","61","1883"
tro-35179198,B,Mniaceae,,Astrophyllum,,"seligeri",,"","(Jur.) Lindb.",Accepted,,M,TRO,35179198,,"Musci Scand.","14","14","1879"
tro-35179200,B,Mniaceae,,Astrophyllum,,"spinosum",,"","(Voit) Lindb.",Accepted,,M,TRO,35179200,,"Musci Scand.","14","14","1879"
tro-35179203,B,Mniaceae,,Astrophyllum,,"stellare",,"","(Reichard ex Hedw.) Lindb.",Accepted,,M,TRO,35179203,,"Musci Scand.","14","14","1879"
tro-35179205,B,Mniaceae,,Astrophyllum,,"undulatum",,"","(Hedw.) Lindb.",Accepted,,M,TRO,35179205,,"Musci Scand.","13","13","1879"
tro-35157558,B,Mniaceae,,Cinclidium,,"arcticum",,"","(Bruch & Schimp.) Schimp.",Accepted,,M,TRO,35157558,,"Kongl. Vetensk. Acad. Handl.","1846: 143","143","1848"
tro-35157562,B,Mniaceae,,Cinclidium,,"latifolium",,"","Lindb.",Accepted,,M,TRO,35157562,,"Bot. Not.","1877: 43","43","1877"
tro-35157563,B,Mniaceae,,Cinclidium,,"macounii",,"","Kindb.",Accepted,,M,TRO,35157563,,"Rev. Bryol.","23: 21","21","1896"
tro-35157564,B,Mniaceae,,Cinclidium,,"minutifolium",,"","Broth.",Accepted,,M,TRO,35157564,,"Rev. Bryol., n.s.","2: 5","5","1929"
tro-35157565,B,Mniaceae,,Cinclidium,,"polare",,"","(Kindb.) Bryhn",Accepted,,M,TRO,35157565,,"Rep. Second Norweg. Arctic Exped. Fram 1898--1902","2(11): 118","118","1907"
tro-35157566,B,Mniaceae,,Cinclidium,,"stygium",,"","Sw.",Accepted,,M,TRO,35157566,,"J. Bot. (Schrader)","1801(1): 27. pl. 2","27","1803"
tro-35157567,B,Mniaceae,,Cinclidium,,"subrotundum",,"","Lindb.",Accepted,,M,TRO,35157567,,"Bot. Not.","1868: 72","72","1868"
tro-35168746,B,Mniaceae,,Cyrtomnium,,"hymenophylloides",,"","(Huebener) T.J. Kop.",Accepted,,M,TRO,35168746,,"Ann. Bot. Fenn.","5: 143","143","1968"
tro-35159421,B,Mniaceae,,Cyrtomnium,,"hymenophyllum",,"","(Bruch & Schimp.) Holmen",Accepted,,M,TRO,35159421,,"Bryologist","60: 138. 1–2","138","1957"
tro-35154775,B,Mniaceae,,Leucolepis,,"acanthoneura",,"","(Schwägr.) Lindb.",Accepted,,M,TRO,35154775,,"Not. Sällsk. Fauna Fl. Fenn. Förh.","9: 81","81","1868"
tro-35154776,B,Mniaceae,,Leucolepis,,"menziesii",,"","(Hook.) Steere",Accepted,,M,TRO,35154776,,"Leafl. W. Bot.","6: 20","20","1950"
tro-35170297,B,Mniaceae,,Mnium,,"acanthoneuron",,"","(Schwägr.) G.N. Jones",Accepted,,M,TRO,35170297,,"Res. Stud. State Coll. Wash.","1(4): 161","161","1930"
tro-35170308,B,Mniaceae,,Mnium,,"affine",var.,"elatum","Bruch & Schimp.",Unresolved,,L,TRO,35170308,,"Bryol. Eur.","4: 195. pl. 398: elatum (fasc. 5. Monogr. 31. pl. 10: elatum)","195","1838"
tro-35204763,B,Mniaceae,,Mnium,,"affine",f.,"paludosum","(Warnst.) Mönk.",Unresolved,,L,TRO,35204763,,"Laubm. Eur.","557","557","1927"
tro-35170330,B,Mniaceae,,Mnium,,"ambiguum",,"","H. Müll.",Accepted,,M,TRO,35170330,,"Verh. Bot. Vereins Prov. Brandenburg","8: 71","71","1866"
tro-35170336,B,Mniaceae,,Mnium,,"annotinum",,"","(Hedw.) With.",Accepted,,M,TRO,35170336,,"Syst. Arr. Brit. Pl. (ed. 4)","3: 789","789","1801"
tro-35170339,B,Mniaceae,,Mnium,,"arbuscula",,"","Müll. Hal.",Accepted,,M,TRO,35170339,,"Nuovo Giorn. Bot. Ital., n.s.,","5: 161","161","1898"
tro-35140914,B,Mniaceae,,Mnium,,"areolosum",,"","X.J. Li & M. Zang",Accepted,,M,TRO,35140914,,"Acta Bot. Yunnan.","1: 74. pl. 10","74","1979"
tro-35170347,B,Mniaceae,,Mnium,,"arizonicum",,"","J.J. Amann",Accepted,,M,TRO,35170347,,"Rev. Bryol.","52: 23","23","1925"
tro-35170352,B,Mniaceae,,Mnium,,"aureum",,"","(Lam. ex Brid.) P. Beauv.",Accepted,,M,TRO,35170352,,"Prodr. Aethéogam.","74","74","1805"
tro-35170355,B,Mniaceae,,Mnium,,"austriacum",,"","(Hedw.) Spreng.",Accepted,,M,TRO,35170355,,"Anleit. Kenntn. Gew.","3: 372","372","1804"
tro-35170357,B,Mniaceae,,Mnium,,"bicolor",,"","(Dicks.) Brid.",Accepted,,M,TRO,35170357,,"Muscol. Recent.","2(3): 98","98","1803"
tro-35170358,B,Mniaceae,,Mnium,,"bifarium",,"","(Hook.) Müll. Hal.",Accepted,,M,TRO,35170358,,"Syn. Musc. Frond.","1: 172","172","1848"
tro-35170362,B,Mniaceae,,Mnium,,"blyttii",,"","Bruch & Schimp.",Accepted,,M,TRO,35170362,,"Bryol. Eur.","4: 208. pl. 400: blyttii (fasc. 31. Monogr. Suppl. 1: 6. pl. 5: blyttii)","208","1846"
tro-35170366,B,Mniaceae,,Mnium,,"brevifolium",,"","(Broth.) Müll. Hal.",Accepted,,M,TRO,35170366,,"Gen. Musc. Frond.","140","140","1900"
tro-35170370,B,Mniaceae,,Mnium,,"caespiticium",,"","(Hedw.) With.",Accepted,,M,TRO,35170370,,"Syst. Arr. Brit. Pl. (ed. 4)","3: 791","791","1801"
tro-35170376,B,Mniaceae,,Mnium,,"capillare",,"","(Hedw.) With.",Accepted,,M,TRO,35170376,,"Syst. Arr. Brit. Pl. (ed. 4)","3: 788","788","1801"
tro-35170379,B,Mniaceae,,Mnium,,"carolinianum",,"","L.E. Anderson",Accepted,,M,TRO,35170379,,"Bryologist","57: 177. f. 1–19","177","1954"
tro-35170383,B,Mniaceae,,Mnium,,"ciliare",,"","(Müll. Hal.) Schimp.",Accepted,,M,TRO,35170383,,"Syn. Musc. Eur. (ed. 2)","477","477","1876"
tro-35170394,B,Mniaceae,,Mnium,,"coriaceum",,"","(Griff.) Mitt.",Accepted,,M,TRO,35170394,,"J. Proc. Linn. Soc., Bot., Suppl.","2: 143","143","1859"
tro-35170402,B,Mniaceae,,Mnium,,"cubitale",,"","(Dicks. ex With.) P. Beauv.",Accepted,,M,TRO,35170402,,"Prodr. Aethéogam.","60","60","1805"
tro-35170430,B,Mniaceae,,Mnium,,"cylindricum",,"","Hornsch.",Unresolved,,L,TRO,35170430,,"Flora","3: 519","519","1820"
tro-35170432,B,Mniaceae,,Mnium,,"decrescens",,"","Schimp. ex Besch.",Unresolved,,L,TRO,35170432,,"Ann. Sci. Nat., Bot., sér. 7,","17: 344","344","1893"
tro-35140917,B,Mniaceae,,Mnium,,"denticulosum",,"","P.C. Chen ex X.J. Li & M. Zang",Accepted,,M,TRO,35140917,,"Acta Bot. Yunnan.","1: 63. pl. 7","63","1979"
tro-35170442,B,Mniaceae,,Mnium,,"dilatatum",,"","Wilson ex Mitt.",Accepted,,M,TRO,35170442,,"J. Proc. Linn. Soc., Bot., Suppl.","2: 143","143","1859"
tro-35170443,B,Mniaceae,,Mnium,,"dimorphum",,"","Müll. Hal.",Accepted,,M,TRO,35170443,,"Linnaea","42: 467","467","1879"
tro-35170445,B,Mniaceae,,Mnium,,"distichum",,"","(Sw.) Müll. Hal.",Accepted,,M,TRO,35170445,,"Syn. Musc. Frond.","1: 173","173","1848"
tro-35170447,B,Mniaceae,,Mnium,,"domingense",,"","Brid.",Accepted,,M,TRO,35170447,,"Muscol. Recent. Suppl.","3: 51","51","1817"
tro-35170448,B,Mniaceae,,Mnium,,"dozyanum",,"","(Sande Lac.) Müll. Hal.",Accepted,,M,TRO,35170448,,"Gen. Musc. Frond.","140","140","1900"
tro-35170452,B,Mniaceae,,Mnium,,"duvalii",,"","(Voit) Schwägr.",Accepted,,M,TRO,35170452,,"Sp. Musc. Frond., Suppl. 1","2: 126. pl. 79","126","1816"
tro-35170465,B,Mniaceae,,Mnium,,"fasciculare",,"","Funck ex Brid.",Accepted,,M,TRO,35170465,,"Bryol. Univ.","2: 733","733","1827"
tro-35170476,B,Mniaceae,,Mnium,,"geheebii",,"","(Müll. Hal.) Müll. Hal.",Accepted,,M,TRO,35170476,,"Gen. Musc. Frond.","142","142","1900"
tro-35170477,B,Mniaceae,,Mnium,,"geniculatum",,"","(Vill. ex Brid.) P. Beauv.",Accepted,,M,TRO,35170477,,"Prodr. Aethéogam.","75","75","1805"
tro-35170480,B,Mniaceae,,Mnium,,"glabrescens",,"","Kindb.",Accepted,,M,TRO,35170480,,"Ottawa Naturalist","7: 18","18","1893"
tro-35170483,B,Mniaceae,,Mnium,,"glaucum",,"","(Hedw.) J.F. Gmel. ex With.",Accepted,,M,TRO,35170483,,"Syst. Arr. Brit. Pl. (ed. 4)","3: 785","785","1801"
tro-35170485,B,Mniaceae,,Mnium,,"gracile",,"","Funck",Unresolved,,L,TRO,35170485,,"Crypt. Gew. Fichtelgeb.","4: 93","5","1804"
tro-35170491,B,Mniaceae,,Mnium,,"grandifolium",,"","Taylor",Accepted,,M,TRO,35170491,,"London J. Bot.","6: 336","336","1847"
tro-35170493,B,Mniaceae,,Mnium,,"handelii",,"","Broth.",Accepted,,M,TRO,35170493,,"Symb. Sin.","4: 61","61","1929"
tro-35170494,B,Mniaceae,,Mnium,,"heteromallum",,"","(Hedw.) J.F. Gmel. ex With.",Accepted,,M,TRO,35170494,,"Syst. Arr. Brit. Pl. (ed. 4)","3: 784","784","1801"
tro-35170496,B,Mniaceae,,Mnium,,"heterophyllum",,"","(Hook.) Schwägr.",Accepted,,M,TRO,35170496,,"Sp. Musc. Frond., Suppl. 2","2(1): 22","22","1826"
tro-35170506,B,Mniaceae,,Mnium,,"hornum",,"","Hedw.",Accepted,,M,TRO,35170506,,"Sp. Musc. Frond.","188","188","1801"
tro-35170513,B,Mniaceae,,Mnium,,"hygrometricum",,"","(Hedw.) With.",Accepted,,M,TRO,35170513,,"Syst. Arr. Brit. Pl. (ed. 4)","3: 787","787","1801"
tro-35170517,B,Mniaceae,,Mnium,,"ilicifolium",,"","Opiz",Accepted,,M,TRO,35170517,,"Böh. Phan. Crypt. Gew.","130","130","1823"
tro-35170523,B,Mniaceae,,Mnium,,"insigne",,"","Mitt.",Accepted,,M,TRO,35170523,,"Hooker's J. Bot. Kew Gard. Misc.","8: 230","230","1856"
tro-35170527,B,Mniaceae,,Mnium,,"integrifolium",,"","Brid.",Accepted,,M,TRO,35170527,,"Muscol. Recent.","2(3): 89","89","1803"
tro-35170529,B,Mniaceae,,Mnium,,"integrum",,"","Bosch & Sande Lac.",Accepted,,M,TRO,35170529,,"Bryol. Jav.","1: 153. pl. 122","153","1861"
tro-35170535,B,Mniaceae,,Mnium,,"julaceum",,"","P. Beauv.",Unresolved,,L,TRO,35170535,,"Prodr. Aethéogam.","75","75","1805"
tro-35182470,B,Mniaceae,,Mnium,,"koponenii",,"","H.A. Crum",Accepted,,M,TRO,35182470,,"Mosses Great Lakes Forest (ed. 3)","188","188","1983"
tro-35170544,B,Mniaceae,,Mnium,,"lacustre",,"","(F. Weber & D. Mohr) Röhl.",Accepted,,M,TRO,35170544,,"Deutschl. Fl. (ed. 2), Kryptog. Gew.","3: 96","96","1813"
tro-35170545,B,Mniaceae,,Mnium,,"laevinerve",,"","Cardot",Accepted,,M,TRO,35170545,,"Bull. Soc. Bot. Genève","1: 128","128","1909"
tro-35170554,B,Mniaceae,,Mnium,,"latifolium",,"","Schwägr.",Accepted,,M,TRO,35170554,,"Sp. Musc. Frond., Suppl. 1","2: 138","138","1816"
tro-35140918,B,Mniaceae,,Mnium,,"latilimbatum",,"","X.J. Li & M. Zang",Accepted,,M,TRO,35140918,,"Acta Bot. Yunnan.","1: 57. pl. 6","57","1979"
tro-35140919,B,Mniaceae,,Mnium,,"leucolepioides",,"","P.C. Chen ex X.J. Li & M. Zang",Accepted,,M,TRO,35140919,,"Acta Bot. Yunnan.","1: 52. pl. 4","52","1979"
tro-35170561,B,Mniaceae,,Mnium,,"ligulifolium",,"","Cardot",Unresolved,,L,TRO,35170561,,"Bull. Soc. Bot. Genève","1: 129","129","1909"
tro-35170564,B,Mniaceae,,Mnium,,"longicolle",,"","(Hedw.) P. Beauv.",Unresolved,,L,TRO,35170564,,"Mém. Soc. Linn. Paris","1: 465","465","1823"
tro-35140920,B,Mniaceae,,Mnium,,"longimucronatum",,"","X.J. Li & M. Zang",Accepted,,M,TRO,35140920,,"Acta Bot. Yunnan.","1: 42. pl. 1","42","1979"
tro-35140921,B,Mniaceae,,Mnium,,"longispinum",,"","X.J. Li & M. Zang",Accepted,,M,TRO,35140921,,"Acta Bot. Yunnan.","1: 49. pl. 3","49","1979"
tro-35170572,B,Mniaceae,,Mnium,,"lucidum",,"","Broth.",Unresolved,,L,TRO,35170572,,"Hedwigia","32: 293","293","1893"
tro-35170576,B,Mniaceae,,Mnium,,"lycopodioides",,"","Schwägr.",Accepted,,M,TRO,35170576,,"Sp. Musc. Frond., Suppl. 2","2(1): 24. pl. 160","24","1826"
tro-35170582,B,Mniaceae,,Mnium,,"macro-ciliare",,"","Müll. Hal. & Kindb.",Accepted,,M,TRO,35170582,,"Cat. Canad. Pl., Musci","137","137","1892"
tro-35170585,B,Mniaceae,,Mnium,,"magnirete",,"","(Lindb. & Arnell) Kindb.",Accepted,,M,TRO,35170585,,"Enum. Bryin. Exot., suppl. 2,","107","107","1891"
tro-35170588,B,Mniaceae,,Mnium,,"marginatum",,"","(Dicks. ex With.) P. Beauv.",Accepted,,M,TRO,35170588,,"Prodr. Aethéogam.","75","75","1805"
tro-35170598,B,Mniaceae,,Mnium,,"mauritianum",,"","(Hampe ex Besch.) Müll. Hal.",Accepted,,M,TRO,35170598,,"Gen. Musc. Frond.","140","140","1900"
tro-35170608,B,Mniaceae,,Mnium,,"medium",var.,"arcticum","(C.E.O. Jensen) Paris",Unresolved,,L,TRO,35170608,,"Index Bryol. Suppl.","252","252","1900"
tro-35170613,B,Mniaceae,,Mnium,,"megapolitanum",,"","(Hedw.) J.F. Gmel. ex P. Beauv.",Accepted,,M,TRO,35170613,,"Mém. Soc. Linn. Paris","1: 465","465","1823"
tro-35170615,B,Mniaceae,,Mnium,,"membranaceum",,"","(Brid.) Brid.",Accepted,,M,TRO,35170615,,"Bryol. Univ.","2: 13","13","1827"
tro-35170616,B,Mniaceae,,Mnium,,"menziesii",,"","(Hook.) Müll. Hal.",Accepted,,M,TRO,35170616,,"Syn. Musc. Frond.","1: 177","177","1848"
tro-35183369,B,Mniaceae,,Mnium,,"montanense",,"","R.W. Br.",Accepted,,M,TRO,35183369,,"Profess. Pap. U.S. Geol. Surv.","375: 41. pl. 5: f. 12","41","1962"
tro-35170634,B,Mniaceae,,Mnium,,"nigricans",,"","(Dicks.) Brid.",Accepted,,M,TRO,35170634,,"Muscol. Recent.","2(3): 90","90","1803"
tro-35170639,B,Mniaceae,,Mnium,,"novae-caledonia",,"","(Besch.) Müll. Hal.",Accepted,,M,TRO,35170639,,"Gen. Musc. Frond.","140","140","1900"
tro-35170640,B,Mniaceae,,Mnium,,"novae-hollandiae",,"","(Brid.) Müll. Hal.",Accepted,,M,TRO,35170640,,"Syn. Musc. Frond.","1: 173","173","1848"
tro-35201114,B,Mniaceae,,Mnium,,"orientale",,"","R.E. Wyatt, Odrzykoski & T.J. Kop.",Accepted,,M,TRO,35201114,,"Bryologist","100: 231. f. 4","231","1997"
tro-35170649,B,Mniaceae,,Mnium,,"orthorrhynchum",,"","Brid.",Accepted,,M,TRO,35170649,,"Muscol. Recent. Suppl.","3: 45","45","1817"
tro-35170668,B,Mniaceae,,Mnium,,"palustre",,"","Hedw.",Accepted,,M,TRO,35170668,,"Sp. Musc. Frond.","188","188","1801"
tro-35170676,B,Mniaceae,,Mnium,,"paramattense",,"","Müll. Hal.",Accepted,,M,TRO,35170676,,"Syn. Musc. Frond.","2: 555","555","1851"
tro-35170678,B,Mniaceae,,Mnium,,"parvulum",,"","Mitt.",Accepted,,M,TRO,35170678,,"Trans. Linn. Soc. London, Bot.","3: 168","168","1891"
tro-35170682,B,Mniaceae,,Mnium,,"pellucidum",,"","(Hedw.) With.",Accepted,,M,TRO,35170682,,"Syst. Arr. Brit. Pl. (ed. 4)","3: 782","782","1801"
tro-35170686,B,Mniaceae,,Mnium,,"perpusillum",,"","Warnst.",Accepted,,M,TRO,35170686,,"Hedwigia","57: 106. 40","106","1915"
tro-35170687,B,Mniaceae,,Mnium,,"pervilleanum",,"","(Besch.) Müll. Hal.",Accepted,,M,TRO,35170687,,"Gen. Musc. Frond.","140","140","1900"
tro-35170690,B,Mniaceae,,Mnium,,"planifolium",,"","(Hedw.) P. Beauv.",Accepted,,M,TRO,35170690,,"Mém. Soc. Linn. Paris","1: 465","465","1823"
tro-35170693,B,Mniaceae,,Mnium,,"polycephalum",,"","Brid.",Accepted,,M,TRO,35170693,,"Muscol. Recent.","2(3): 76","76","1803"
tro-35170703,B,Mniaceae,,Mnium,,"pseudolycopodioides",,"","Müll. Hal. & Kindb.",Accepted,,M,TRO,35170703,,"Cat. Canad. Pl., Musci","140","140","1892"
tro-35170726,B,Mniaceae,,Mnium,,"punctatum x subglobosum",,"","J.J. Amann",Accepted,,M,TRO,35170726,,"Fl. Mouss. Suisse","2: 254","254","1918"
tro-35170728,B,Mniaceae,,Mnium,,"pungens",,"","(Sull.) Müll. Hal.",Accepted,,M,TRO,35170728,,"Gen. Musc. Frond.","140","140","1900"
tro-35170730,B,Mniaceae,,Mnium,,"purpureum",,"","(Hedw.) With.",Accepted,,M,TRO,35170730,,"Syst. Arr. Brit. Pl. (ed. 4)","3: 786","786","1801"
tro-35170733,B,Mniaceae,,Mnium,,"pyriforme",,"","(Hedw.) Funck",Accepted,,M,TRO,35170733,,"Crypt. Gew. Fichtelgeb.","3: 61","n","1802"
tro-35170744,B,Mniaceae,,Mnium,,"reticulatum",,"","(Hook. f. & Wilson) Müll. Hal.",Accepted,,M,TRO,35170744,,"Flora","68: 398","398","1885"
tro-35170748,B,Mniaceae,,Mnium,,"rhynchomitrium",,"","Müll. Hal.",Unresolved,,L,TRO,35170748,,"Hedwigia","39: 247","247","1900"
tro-35170778,B,Mniaceae,,Mnium,,"rottense",,"","Weyland",Unresolved,,L,TRO,35170778,,"Palaeontographica. Abt. B. Paläophytol.","83: 71. 9 f. 8; 9 f. 1, 2","71","1937"
tro-35170787,B,Mniaceae,,Mnium,,"rutheanum",,"","Warnst.",Accepted,,M,TRO,35170787,,"Krypt.-Fl. Brandenburg, Laubm.","562. 567 f. 2","562","1905"
tro-35170796,B,Mniaceae,,Mnium,,"schleicheri",,"","(Schwägr.) Brid.",Accepted,,M,TRO,35170796,,"Muscol. Recent. Suppl.","3: 60","60","1817"
tro-35170797,B,Mniaceae,,Mnium,,"scoparium",,"","(Hedw.) With.",Accepted,,M,TRO,35170797,,"Syst. Arr. Brit. Pl. (ed. 4)","3: 782","782","1801"
tro-35170826,B,Mniaceae,,Mnium,,"setosum",,"","(Mitt.) Müll. Hal.",Accepted,,M,TRO,35170826,,"J. Mus. Godeffroy","3(6): 61","61","1874"
tro-35140924,B,Mniaceae,,Mnium,,"sichuanense",,"","X.J. Li & M. Zang",Accepted,,M,TRO,35140924,,"Acta Bot. Yunnan.","1: 72. pl. 9","72","1979"
tro-35170841,B,Mniaceae,,Mnium,,"speciosum",,"","Mitt.",Accepted,,M,TRO,35170841,,"Trans. Linn. Soc. London, Bot.","3: 166. pl. 51: f. 6–9","166","1891"
tro-35170842,B,Mniaceae,,Mnium,,"sphaerocarpon",,"","Hedw.",Accepted,,M,TRO,35170842,,"Sp. Musc. Frond.","197","197","1801"
tro-35170844,B,Mniaceae,,Mnium,,"spiniforme",,"","(Hedw.) Müll. Hal.",Accepted,,M,TRO,35170844,,"Syn. Musc. Frond.","1: 175","175","1848"
tro-35170847,B,Mniaceae,,Mnium,,"spinosum",,"","(Voit) Schwägr.",Accepted,,M,TRO,35170847,,"Sp. Musc. Frond., Suppl. 1","2: 130. pl. 78","130","1816"
tro-35170852,B,Mniaceae,,Mnium,,"spinulosum",,"","Bruch & Schimp.",Accepted,,M,TRO,35170852,,"Bryol. Eur.","4: 206. 394 (fasc. 31 Mon. Suppl. 1: 4. 4)","206","1846"
tro-35170855,B,Mniaceae,,Mnium,,"squalidum",,"","(Brid.) P. Beauv.",Accepted,,M,TRO,35170855,,"Prodr. Aethéogam.","77","77","1805"
tro-35170857,B,Mniaceae,,Mnium,,"stellare",,"","Reichard ex Hedw.",Accepted,,M,TRO,35170857,,"Sp. Musc. Frond.","191. pl. 45: f. 1–4","191","1801"
tro-35170868,B,Mniaceae,,Mnium,,"stygium",,"","(Sw.) Bruch & Schimp.",Accepted,,M,TRO,35170868,,"Bryol. Eur.","4: 181. 385 (fasc. 5 Mon. 17. 1)","181","1838"
tro-35170870,B,Mniaceae,,Mnium,,"subbasilare",,"","(Hook.) Müll. Hal.",Accepted,,M,TRO,35170870,,"Syn. Musc. Frond.","1: 174","174","1848"
tro-35170875,B,Mniaceae,,Mnium,,"subglobosum",var.,"pusillum","(Müll. Hal.) C.E.O. Jensen",Unresolved,,L,TRO,35170875,,"Meddel. Grønland","3: 359","359","1887"
tro-35169549,B,Mniaceae,,Mnium,,"sublimbatum",,"","(P. de la Varde) Ochi",Accepted,,M,TRO,35169549,,"J. Fac. Educ. Tottori Univ., Nat. Sci.","23: 125","125","1972"
tro-35170882,B,Mniaceae,,Mnium,,"submarginatum",,"","Navashin & N.W. Zinger",Accepted,,M,TRO,35170882,,"Bull. Soc. Imp. Naturalistes Moscou, n.s.","8: 35","35","1894"
tro-35170884,B,Mniaceae,,Mnium,,"subpunctatum",,"","Cardot & Broth.",Accepted,,M,TRO,35170884,,"Kongl. Svenska Vetensk. Acad. Handl., n.s.","63(10): 49","49","1923"
tro-35170888,B,Mniaceae,,Mnium,,"succulentum",,"","Mitt.",Accepted,,M,TRO,35170888,,"J. Proc. Linn. Soc., Bot., Suppl.","2: 143","143","1859"
tro-35170897,B,Mniaceae,,Mnium,,"tezukae",,"","Sakurai",Accepted,,M,TRO,35170897,,"J. Jap. Bot.","29: 114. f. 4","114","1954"
tro-35170898,B,Mniaceae,,Mnium,,"thomsonii",,"","Schimp.",Accepted,,M,TRO,35170898,,"Syn. Musc. Eur. (ed. 2)","485","485","1876"
tro-35170900,B,Mniaceae,,Mnium,,"tomentosum",,"","Sw. ex Brid.",Accepted,,M,TRO,35170900,,"Muscol. Recent.","2(3): 78","78","1803"
tro-35200492,B,Mniaceae,,Mnium,,"trichomanis",,"","Neck.",Unresolved,,L,TRO,35200492,,"Meth. Musc.","236","236","1771"
tro-35170909,B,Mniaceae,,Mnium,,"triquetrum",,"","L. ex Jolycl.",Accepted,,M,TRO,35170909,,"Syst. Sex. Vég.","749","749","1803"
tro-35170914,B,Mniaceae,,Mnium,,"turgidum",,"","Wahlenb.",Accepted,,M,TRO,35170914,,"Fl. Lapp.","351","351","1812"
tro-35170915,B,Mniaceae,,Mnium,,"uliginosum",,"","(Hedw.) J.F. Gmel. ex With.",Accepted,,M,TRO,35170915,,"Syst. Arr. Brit. Pl. (ed. 4)","3: 783","783","1801"
tro-35170917,B,Mniaceae,,Mnium,,"umbraculum",,"","(Bruch ex Hook.) Schwägr.",Accepted,,M,TRO,35170917,,"Sp. Musc. Frond., Suppl. 2","2(1): 21. pl. 159","21","1826"
tro-35170918,B,Mniaceae,,Mnium,,"umbratile",,"","Mitt.",Accepted,,M,TRO,35170918,,"J. Proc. Linn. Soc., Bot.","8: 30","30","1864"
tro-35170920,B,Mniaceae,,Mnium,,"undulatifolium",,"","Warnst.",Unresolved,,L,TRO,35170920,,"Hedwigia","57: 107. 41","107","1915"
tro-35170932,B,Mniaceae,,Mnium,,"venezuelanum",,"","(Mitt.) Müll. Hal.",Accepted,,M,TRO,35170932,,"Gen. Musc. Frond.","136","136","1900"
tro-35170934,B,Mniaceae,,Mnium,,"venustum",,"","Mitt.",Accepted,,M,TRO,35170934,,"Hooker's J. Bot. Kew Gard. Misc.","8: 231. pl. 12: b","231","1856"
tro-35170943,B,Mniaceae,,Mnium,,"vesicatum",var.,"osadae","(Sakurai) Sakurai",Unresolved,,L,TRO,35170943,,"Muscol. Jap.","82","82","1954"
tro-35170944,B,Mniaceae,,Mnium,,"vesicatum",var.,"tanegashimense","(Sakurai) Sakurai",Unresolved,,L,TRO,35170944,,"Muscol. Jap.","82","82","1954"
tro-35170947,B,Mniaceae,,Mnium,,"vulcanicum",,"","Brid.",Accepted,,M,TRO,35170947,,"Muscol. Recent. Suppl.","3: 63","63","1817"
tro-35170948,B,Mniaceae,,Mnium,,"weigelii",,"","(Spreng.) Röhl.",Accepted,,M,TRO,35170948,,"Deutschl. Fl. (ed. 2), Kryptog. Gew.","3: 93","93","1813"
tro-35172784,B,Mniaceae,,Orthomnion,,"bryoides",,"","(Griff.) Nork.",Accepted,,M,TRO,35172784,,"Trans. Brit. Bryol. Soc.","3: 445","445","1958"
tro-35172785,B,Mniaceae,,Orthomnion,,"crispum",,"","(Mitt.) Broth.",Accepted,,M,TRO,35172785,,"Nat. Pflanzenfam. (ed. 2)","10: 409","409","1924"
tro-35172787,B,Mniaceae,,Orthomnion,,"dilatatum",,"","(Wilson ex Mitt.) P.C. Chen",Accepted,,M,TRO,35172787,,"Feddes Repert. Spec. Nov. Regni Veg.","58: 25","25","1955"
tro-35167938,B,Mniaceae,,Orthomnion,,"elimbatum",,"","(Nog.) T.J. Kop.",Accepted,,M,TRO,35167938,,"Ann. Bot. Fenn.","17: 45","45","1980"
tro-35167939,B,Mniaceae,,Orthomnion,,"handelii",,"","(Broth.) T.J. Kop.",Accepted,,M,TRO,35167939,,"Ann. Bot. Fenn.","17: 42","42","1980"
tro-35167940,B,Mniaceae,,Orthomnion,,"javense",,"","(M. Fleisch.) T.J. Kop.",Accepted,,M,TRO,35167940,,"Ann. Bot. Fenn.","17: 53","53","1980"
tro-35172788,B,Mniaceae,,Orthomnion,,"loheri",,"","Broth.",Accepted,,M,TRO,35172788,,"Oefvers. Förh. Finska Vetensk.-Soc.","47(14): 6","6","1905"
tro-35167941,B,Mniaceae,,Orthomnion,,"noguchii",,"","T.J. Kop.",Accepted,,M,TRO,35167941,,"Ann. Bot. Fenn.","17: 49. f. 43–54","49","1980"
tro-35172791,B,Mniaceae,,Orthomnion,,"nudum",,"","E.B. Bartram",Accepted,,M,TRO,35172791,,"Ann. Bryol.","8: 11. f. 6","11","1936"
tro-35167942,B,Mniaceae,,Orthomnion,,"piliferum",,"","T.J. Kop.",Accepted,,M,TRO,35167942,,"Ann. Bot. Fenn.","17: 51. f. 63–70","51","1980"
tro-35217788,B,Mniaceae,,Orthomnion,,"wui",,"","T.J. Kop.",Accepted,,M,TRO,35217788,,"Ann. Bot. Fenn.","44: 376","376","2007"
tro-35100170,B,Mniaceae,,Orthomnion,,"yunnanense",,"","T.J. Kop., X.J. Li & M. Zang",Accepted,,M,TRO,35100170,,"Ann. Bot. Fenn.","19: 73. f. 1–11","73","1982"
tro-35168596,B,Mniaceae,,Orthomniopsis,,"dilatata",,"","(Wilson ex Mitt.) Nog.",Accepted,,M,TRO,35168596,,"Fl. E. Himalaya","1: 563","563","1966"
tro-35172780,B,Mniaceae,,Orthomniopsis,,"elimbata",,"","Nog.",Accepted,,M,TRO,35172780,,"J. Hattori Bot. Lab.","10: 8. pl. 4: f. 9–13","8","1953"
tro-35140978,B,Mniaceae,,Plagiomnium,,"acutum",,"","(Lindb.) T.J. Kop.",Accepted,,M,TRO,35140978,,"Ann. Bot. Fenn.","12: 57","57","1975"
tro-35168028,B,Mniaceae,,Plagiomnium,,"affine",,"","(Blandow ex Funck) T.J. Kop.",Accepted,,M,TRO,35168028,,"Ann. Bot. Fenn.","5: 146","146","1968"
tro-35100177,B,Mniaceae,,Plagiomnium,,"affine",var.,"elatum","(Bruch & Schimp.) Margad. & During",Accepted,,L,TRO,35100177,,"Bekn. Fl. Ned. Blad. & Leverm.","443","443","1982"
tro-35168767,B,Mniaceae,,Plagiomnium,,"arbusculum",,"","(Müll. Hal.) T.J. Kop.",Accepted,,M,TRO,35168767,,"Ann. Bot. Fenn.","5: 146","146","1968"
tro-35140979,B,Mniaceae,,Plagiomnium,,"carolinianum",,"","(L.E. Anderson) T.J. Kop.",Accepted,,M,TRO,35140979,,"Ann. Bot. Fenn.","14: 6","6","1977"
tro-35168758,B,Mniaceae,,Plagiomnium,,"ciliare",,"","(Müll. Hal.) T.J. Kop.",Accepted,,M,TRO,35168758,,"Ann. Bot. Fenn.","5: 147","147","1968"
tro-35167952,B,Mniaceae,,Plagiomnium,,"cinclidioides",,"","(Huebener) M.C. Bowers",Accepted,,M,TRO,35167952,,"Lindbergia","6: 30","30","1980"
tro-35168768,B,Mniaceae,,Plagiomnium,,"confertidens",,"","(Lindb. & Arnell) T.J. Kop.",Accepted,,M,TRO,35168768,,"Ann. Bot. Fenn.","5: 146","146","1968"
tro-35112433,B,Mniaceae,,Plagiomnium,,"cordatum",,"","T.J. Kop. & D.H. Norris",Accepted,,M,TRO,35112433,,"Ann. Bot. Fenn.","20: 36. f. 22–31","36","1983"
tro-35168750,B,Mniaceae,,Plagiomnium,,"cuspidatum",,"","(Hedw.) T.J. Kop.",Accepted,,M,TRO,35168750,,"Ann. Bot. Fenn.","5: 146","146","1968"
tro-35168753,B,Mniaceae,,Plagiomnium,,"drummondii",,"","(Bruch & Schimp.) T.J. Kop.",Accepted,,M,TRO,35168753,,"Ann. Bot. Fenn.","5: 146","146","1968"
tro-35140980,B,Mniaceae,,Plagiomnium,,"ecklonii",,"","(Müll. Hal.) T.J. Kop.",Accepted,,M,TRO,35140980,,"Ann. Bot. Fenn.","14: 6","6","1977"
tro-35168759,B,Mniaceae,,Plagiomnium,,"elatum",,"","(Bruch & Schimp.) T.J. Kop.",Accepted,,M,TRO,35168759,,"Ann. Bot. Fenn.","5: 146","146","1968"
tro-35140981,B,Mniaceae,,Plagiomnium,,"elimbatum",,"","(M. Fleisch.) T.J. Kop.",Accepted,,M,TRO,35140981,,"Ann. Bot. Fenn.","11: 94","94","1974"
tro-35169287,B,Mniaceae,,Plagiomnium,,"ellipticum",,"","(Brid.) T.J. Kop.",Accepted,,M,TRO,35169287,,"Ann. Bot. Fenn.","8: 367","367","1971"
tro-35168760,B,Mniaceae,,Plagiomnium,,"insigne",,"","(Mitt.) T.J. Kop.",Accepted,,M,TRO,35168760,,"Ann. Bot. Fenn.","5: 146","146","1968"
tro-35112434,B,Mniaceae,,Plagiomnium,,"integroradiatum",,"","(Dixon) C. Gao & G.C. Zhang",Accepted,,M,TRO,35112434,,"J. Hattori Bot. Lab.","54: 200","200","1983"
tro-35169291,B,Mniaceae,,Plagiomnium,,"integrum",,"","(Bosch & Sande Lac.) T.J. Kop.",Accepted,,M,TRO,35169291,,"Hikobia","6: 57","57","1971"
tro-35200464,B,Mniaceae,,Plagiomnium,,"integrum",var.,"subelimbatum","(Dixon) T.J. Kop. & D.H. Norris",Accepted,,L,TRO,35200464,,"Ann. Bot. Fenn.","20: 36","36","1983"
tro-35168752,B,Mniaceae,,Plagiomnium,,"japonicum",,"","(Lindb.) T.J. Kop.",Accepted,,M,TRO,35168752,,"Ann. Bot. Fenn.","5: 146","146","1968"
tro-35169000,B,Mniaceae,,Plagiomnium,,"kawadei",,"","(S. Okamura) Z. Iwats.",Accepted,,M,TRO,35169000,,"Bull. Natl. Sci. Mus.","13: 488","488","1970"
tro-35168770,B,Mniaceae,,Plagiomnium,,"maximoviczii",,"","(Lindb.) T.J. Kop.",Accepted,,M,TRO,35168770,,"Ann. Bot. Fenn.","5: 147","147","1968"
tro-35168761,B,Mniaceae,,Plagiomnium,,"medium",,"","(Bruch & Schimp.) T.J. Kop.",Accepted,,M,TRO,35168761,,"Ann. Bot. Fenn.","5: 146","146","1968"
tro-35168762,B,Mniaceae,,Plagiomnium,,"medium",subsp.,"curvatulum","(Lindb.) T.J. Kop.",Accepted,,L,TRO,35168762,,"Ann. Bot. Fenn.","5: 146","146","1968"
tro-35186218,B,Mniaceae,,Plagiomnium,,"medium",var.,"curvatulum","(Lindb.) H.A. Crum & L.E. Anderson",Unresolved,,L,TRO,35186218,,"Bryologist","92: 533","533","1989"
tro-35140982,B,Mniaceae,,Plagiomnium,,"novae-zealandiae",,"","(Colenso) T.J. Kop.",Accepted,,M,TRO,35140982,,"Ann. Bot. Fenn.","14: 6","6","1977"
tro-35140983,B,Mniaceae,,Plagiomnium,,"prorepens",,"","(Müll. Hal.) T.J. Kop.",Accepted,,M,TRO,35140983,,"Ann. Bot. Fenn.","14: 6","6","1977"
tro-35141346,B,Mniaceae,,Plagiomnium,,"rhynchophorum",,"","(Harv.) T.J. Kop.",Accepted,,M,TRO,35141346,,"Hikobia","6: 57","57","1971"
tro-35167955,B,Mniaceae,,Plagiomnium,,"rhynchophorum",var.,"reidii","(Dixon) T.J. Kop.",Accepted,,L,TRO,35167955,,"Ann. Bot. Fenn.","18: 109","109","1981"
tro-35112435,B,Mniaceae,,Plagiomnium,,"rostratum",,"","(Schrad.) T.J. Kop.",Accepted,,M,TRO,35112435,,"Ann. Bot. Fenn.","5: 147","147","1968"
tro-35168763,B,Mniaceae,,Plagiomnium,,"rugicum",,"","(Laurer) T.J. Kop.",Accepted,,M,TRO,35168763,,"Ann. Bot. Fenn.","5: 146","146","1968"
tro-35167954,B,Mniaceae,,Plagiomnium,,"speciosum",,"","(Mitt.) M.C. Bowers",Accepted,,M,TRO,35167954,,"Lindbergia","6: 30","30","1980"
tro-35140987,B,Mniaceae,,Plagiomnium,,"subelimbatum",,"","(Dixon) T.J. Kop.",Accepted,,M,TRO,35140987,,"Ann. Bot. Fenn.","16: 95","95","1979"
tro-35168772,B,Mniaceae,,Plagiomnium,,"succulentum",,"","(Mitt.) T.J. Kop.",Accepted,,M,TRO,35168772,,"Ann. Bot. Fenn.","5: 147","147","1968"
tro-35168764,B,Mniaceae,,Plagiomnium,,"tezukae",,"","(Sakurai) T.J. Kop.",Accepted,,M,TRO,35168764,,"Ann. Bot. Fenn.","5: 146","146","1968"
tro-35168751,B,Mniaceae,,Plagiomnium,,"trichomanes",,"","(Mitt.) T.J. Kop.",Accepted,,M,TRO,35168751,,"Ann. Bot. Fenn.","5: 146","146","1968"
tro-35168766,B,Mniaceae,,Plagiomnium,,"undulatum",,"","(Hedw.) T.J. Kop.",Accepted,,M,TRO,35168766,,"Ann. Bot. Fenn.","5: 146","146","1968"
tro-35168755,B,Mniaceae,,Plagiomnium,,"venustum",,"","(Mitt.) T.J. Kop.",Accepted,,M,TRO,35168755,,"Ann. Bot. Fenn.","5: 146","146","1968"
tro-35168773,B,Mniaceae,,Plagiomnium,,"vesicatum",,"","(Besch.) T.J. Kop.",Accepted,,M,TRO,35168773,,"Ann. Bot. Fenn.","5: 147","147","1968"
tro-35125051,B,Mniaceae,,Polla,,"blyttii",,"","(Bruch & Schimp.) Loeske",Accepted,,M,TRO,35125051,,"Stud. Morph. Syst. Laubm.","129","129","1910"
tro-35125056,B,Mniaceae,,Polla,,"drummondii",,"","(Bruch & Schimp.) Loeske",Accepted,,M,TRO,35125056,,"Stud. Morph. Syst. Laubm.","129","129","1910"
tro-35125060,B,Mniaceae,,Polla,,"horna",,"","(Hedw.) Brid. ex Loeske",Accepted,,M,TRO,35125060,,"Stud. Morph. Syst. Laubm.","128","128","1910"
tro-35125061,B,Mniaceae,,Polla,,"inclinata",,"","(Lindb.) Loeske",Accepted,,M,TRO,35125061,,"Stud. Morph. Syst. Laubm.","129","129","1910"
tro-35125064,B,Mniaceae,,Polla,,"lycopodioides",,"","(Schwägr.) Brid. ex Loeske",Accepted,,M,TRO,35125064,,"Stud. Morph. Syst. Laubm.","129","129","1910"
tro-35125065,B,Mniaceae,,Polla,,"magniretis",,"","(Lindb. & Arnell) Loeske",Accepted,,M,TRO,35125065,,"Stud. Morph. Syst. Laubm.","130","130","1910"
tro-35125066,B,Mniaceae,,Polla,,"orthorrhyncha",,"","(Brid.) Brid. ex Loeske",Accepted,,M,TRO,35125066,,"Stud. Morph. Syst. Laubm.","129","129","1910"
tro-35125068,B,Mniaceae,,Polla,,"riparia",,"","(Mitt.) Loeske",Accepted,,M,TRO,35125068,,"Stud. Morph. Syst. Laubm.","129","129","1910"
tro-35125075,B,Mniaceae,,Polla,,"spinosa",,"","(Voit) Brid. ex Loeske",Accepted,,M,TRO,35125075,,"Stud. Morph. Syst. Laubm.","129","129","1910"
tro-35125076,B,Mniaceae,,Polla,,"spinulosa",,"","(Bruch & Schimp.) Loeske",Accepted,,M,TRO,35125076,,"Stud. Morph. Syst. Laubm.","129","129","1910"
tro-35125077,B,Mniaceae,,Polla,,"stellaris",,"","(Reichard ex Hedw.) Loeske",Accepted,,M,TRO,35125077,,"Stud. Morph. Syst. Laubm.","129","129","1910"
tro-35168775,B,Mniaceae,,Pseudobryum,,"cinclidioides",,"","(Huebener) T.J. Kop.",Accepted,,M,TRO,35168775,,"Ann. Bot. Fenn.","5: 17","17","1968"
tro-35168776,B,Mniaceae,,Pseudobryum,,"speciosum",,"","(Mitt.) T.J. Kop.",Accepted,,M,TRO,35168776,,"Ann. Bot. Fenn.","5: 147","147","1968"
tro-35168740,B,Mniaceae,,Rhizomnium,,"andrewsianum",,"","(Steere) T.J. Kop.",Accepted,,M,TRO,35168740,,"Ann. Bot. Fenn.","5: 143","143","1968"
tro-35141365,B,Mniaceae,,Rhizomnium,,"appalachianum",,"","T.J. Kop.",Accepted,,M,TRO,35141365,,"Ann. Bot. Fenn.","10: 11. f. 38–48, 86","11","1973"
tro-35168742,B,Mniaceae,,Rhizomnium,,"glabrescens",,"","(Kindb.) T.J. Kop.",Accepted,,M,TRO,35168742,,"Ann. Bot. Fenn.","5: 143","143","1968"
tro-35141366,B,Mniaceae,,Rhizomnium,,"gracile",,"","T.J. Kop.",Accepted,,M,TRO,35141366,,"Ann. Bot. Fenn.","10: 16. f. 62–73, 88","16","1973"
tro-35169024,B,Mniaceae,,Rhizomnium,,"hattorii",,"","T.J. Kop.",Accepted,,M,TRO,35169024,,"J. Hattori Bot. Lab.","34: 378. f. 16–18, 39","378","1971"
tro-35169025,B,Mniaceae,,Rhizomnium,,"horikawae",,"","(Nog.) T.J. Kop.",Accepted,,M,TRO,35169025,,"J. Hattori Bot. Lab.","34: 380","380","1971"
tro-35169666,B,Mniaceae,,Rhizomnium,,"magnifolium",,"","(Horik.) T.J. Kop.",Accepted,,M,TRO,35169666,,"Ann. Bot. Fenn.","10: 14","14","1973"
tro-35168745,B,Mniaceae,,Rhizomnium,,"minutulum",,"","(Besch.) T.J. Kop.",Accepted,,M,TRO,35168745,,"Ann. Bot. Fenn.","5: 143","143","1968"
tro-35168741,B,Mniaceae,,Rhizomnium,,"nudum",,"","(E. Britton & R.S. Williams) T.J. Kop.",Accepted,,M,TRO,35168741,,"Ann. Bot. Fenn.","5: 143","143","1968"
tro-35169715,B,Mniaceae,,Rhizomnium,,"parvulum",,"","(Mitt.) T.J. Kop.",Accepted,,M,TRO,35169715,,"Ann. Bot. Fenn.","10: 265","265","1973"
tro-35168739,B,Mniaceae,,Rhizomnium,,"pseudopunctatum",,"","(Bruch & Schimp.) T.J. Kop.",Accepted,,M,TRO,35168739,,"Ann. Bot. Fenn.","5: 143","143","1968"
tro-35100207,B,Mniaceae,,Rhizomnium,,"punctatum",,"","(Hedw.) T.J. Kop.",Accepted,,M,TRO,35100207,,"Ann. Bot. Fenn.","5: 143","143","1968"
tro-35141054,B,Mniaceae,,Rhizomnium,,"punctatum",var.,"horikawae","(Nog.) Nog.",Accepted,,L,TRO,35141054,,"Bull. Univ. Mus. Univ. Tokyo","8: 265","265","1975"
tro-35168743,B,Mniaceae,,Rhizomnium,,"striatulum",,"","(Mitt.) T.J. Kop.",Accepted,,M,TRO,35168743,,"Ann. Bot. Fenn.","5: 143","143","1968"
tro-35169026,B,Mniaceae,,Rhizomnium,,"tuomikoskii",,"","T.J. Kop.",Accepted,,M,TRO,35169026,,"J. Hattori Bot. Lab.","34: 375. f. 10–15, 38","375","1971"
tro-35168065,B,Mniaceae,,Stellariomnium,,"heterophyllum",,"","(Hook.) M.C. Bowers",Accepted,,M,TRO,35168065,,"Lindbergia","6: 17","17","1980"
tro-35113076,B,Mniaceae,,Trachycystis,,"antiquorum",,"","(Cardot & Dixon) Kabiersch",Accepted,,M,TRO,35113076,,"Hedwigia","76: 10","10","1936"
tro-35113077,B,Mniaceae,,Trachycystis,,"flagellaris",,"","(Sull. & Lesq.) Lindb.",Accepted,,M,TRO,35113077,,"Contr. Fl. Crypt. As.","241","241","1872"
tro-35113078,B,Mniaceae,,Trachycystis,,"microphylla",,"","(Dozy & Molk.) Lindb.",Accepted,,M,TRO,35113078,,"Not. Sällsk. Fauna Fl. Fenn. Förh.","9: 80","80","1868"
tro-35207857,B,Mniaceae,,Trachycystis,,"obtusus",,"","J.-P. Frahm",Accepted,,M,TRO,35207857,,"Nova Hedwigia","72: 280. f. 12, 18","280","2001"
tro-35113080,B,Mniaceae,,Trachycystis,,"pellucida",,"","(R.S. Williams) Holz. & Frye",Accepted,,M,TRO,35113080,,"Publ. Puget Sound Biol. Sta.","3: 40","40","1921"
tro-35113081,B,Mniaceae,,Trachycystis,,"radiata",,"","(Wilson) Broth.",Accepted,,M,TRO,35113081,,"Hedwigia","38: 221","221","1899"
tro-35113082,B,Mniaceae,,Trachycystis,,"szaferi",,"","Szafran",Accepted,,M,TRO,35113082,,"Acta Soc. Bot. Poloniae","20(1): 247. ic","247","1950"
tro-35141256,B,Mniaceae,,Trachycystis,,"ussuriensis",,"","(Maack & Regel) T.J. Kop.",Accepted,,M,TRO,35141256,,"Ann. Bot. Fenn.","14: 206","206","1977"
