﻿ID,Major group,Family,Genus hybrid marker,Genus,Species hybrid marker,Species,Infraspecific rank,Infraspecific epithet,Authorship,Taxonomic status in TPL,Nomenclatural status from original data source,Confidence level,Source,Source id,IPNI id,Publication,Collation,Page,Date
kew-2633371,A,Monimiaceae,,Ambora,,"cymosa",,"","Tul.",Unresolved,,L,WCSP (in review),765524,581724-1,"Ann. Sci. Nat., Bot.","IV, 3: 31","","1855"
kew-2633372,A,Monimiaceae,,Ambora,,"elliptica",,"","Tul.",Unresolved,,L,WCSP (in review),765525,581725-1,"Ann. Sci. Nat., Bot.","IV, 3: 31","","1855"
kew-2633374,A,Monimiaceae,,Ambora,,"fruticosa",,"","Boivin ex Tul.",Unresolved,,L,WCSP (in review),765527,581727-1,"Ann. Sci. Nat., Bot.","IV, 3: 30","","1855"
kew-2633375,A,Monimiaceae,,Ambora,,"grandifolia",,"","R.Br. ex Baker",Unresolved,,L,WCSP (in review),765528,581728-1,"Fl. Mauritius","287","","1877"
kew-2633379,A,Monimiaceae,,Ambora,,"peltatus",,"","R.Br. ex Baker",Unresolved,,L,WCSP (in review),765532,581732-1,"Fl. Mauritius","288","","1877"
kew-2633381,A,Monimiaceae,,Ambora,,"quadrifida",,"","Poir.",Unresolved,,L,WCSP (in review),765534,581734-1,"Encycl.","7: 565","","1806"
kew-2633382,A,Monimiaceae,,Ambora,,"racemosa",,"","R.Br. ex Baker",Unresolved,,L,WCSP (in review),765535,581735-1,"Fl. Mauritius","288","","1877"
kew-2633384,A,Monimiaceae,,Ambora,,"sempervirens",,"","F.Dietr.",Unresolved,,L,WCSP (in review),765537,581737-1,"Vollst. Lex. Gärtn.","1: 342","","1802"
kew-2633385,A,Monimiaceae,,Ambora,,"sieberi",,"","Tul.",Unresolved,,L,WCSP (in review),765538,,"Arch. Mus. Hist. Nat.","8: 304","","1856"
kew-2633386,A,Monimiaceae,,Ambora,,"tambourissa",,"","Tul.",Unresolved,,L,WCSP (in review),765539,,"Arch. Mus. Hist. Nat.","8: 303","","1856"
kew-2633389,A,Monimiaceae,,Ambora,,"tomentosa",,"","Sieber ex Tul.",Unresolved,,L,WCSP (in review),765542,581743-1,"Ann. Sci. Nat., Bot.","IV, 3: 31","","1855"
kew-2666706,A,Monimiaceae,,Austromatthaea,,"elegans",,"","L.B.Sm.",Accepted,,M,WCSP (in review),798708,581766-1,"Contr. Queensland Herb.","6: 6","","1969"
kew-2701140,A,Monimiaceae,,Carnegieodoxa,,"eximia",,"","(Perkins) G.Perkins",Accepted,,M,WCSP (in review),832554,581775-1,"Nat. Pflanzenfam.","Nachtr. 4: 94","","1914"
tro-50295627,A,Monimiaceae,,Citriosma,,"discolor",,"","Poepp. & Endl.",Unresolved,,L,TRO,50295627,,"Nov. Gen. Sp. Pl.","2: 47","47","1838"
tro-50300791,A,Monimiaceae,,Citrosma,,"fragante",,"","Ruiz & Pav.",Unresolved,,L,TRO,50300791,,"Fl. Peruv. Prodr.","134","134","1794"
kew-2758680,A,Monimiaceae,,Decarydendron,,"helenae",,"","Danguy",Accepted,,M,WCSP (in review),888330,581863-1,"Bull. Mus. Natl. Hist. Nat.","34: 279","","1928"
kew-2758682,A,Monimiaceae,,Decarydendron,,"lamii",,"","Cavaco",Accepted,,M,WCSP (in review),888332,581864-1,"Blumea, Suppl.","4: 28","","1958"
kew-2758683,A,Monimiaceae,,Decarydendron,,"perrieri",,"","Cavaco",Accepted,,M,WCSP (in review),888333,581865-1,"Bull. Soc. Bot. France","105: 38","","1958"
kew-2758684,A,Monimiaceae,,Decarydendron,,"ranomafanensis",,"","Lorence & Razafim.",Accepted,,M,WCSP (in review),888334,,"Adansonia","III, 24: 108","","2002"
kew-2789892,A,Monimiaceae,,Ephippiandra,,"capuronii",,"","Cavaco",Unresolved,,L,WCSP (in review),917717,581871-1,"Bull. Soc. Bot. France","104: 610","","1958"
kew-2789893,A,Monimiaceae,,Ephippiandra,,"domatiata",,"","Lorence",Accepted,,L,WCSP (in review),917718,907764-1,"Ann. Missouri Bot. Gard.","72: 85","","1985"
kew-2789894,A,Monimiaceae,,Ephippiandra,,"madagascariensis",,"","(Danguy) Lorence",Accepted,,L,WCSP (in review),917719,914990-1,"Ann. Missouri Bot. Gard.","72: 85","","1985"
kew-2789895,A,Monimiaceae,,Ephippiandra,,"masoalensis",,"","Lorence",Accepted,,M,WCSP (in review),917720,1008491-1,"Adansonia","III, 21: 134","","1999"
kew-2789896,A,Monimiaceae,,Ephippiandra,,"microphylla",,"","(Perkins) Cavaco",Accepted,,M,WCSP (in review),917721,581872-1,"Kew Bull.","12: 228","","1957"
kew-2789897,A,Monimiaceae,,Ephippiandra,,"myrtoidea",,"","Decne.",Accepted,,M,WCSP (in review),917722,581873-1,"Ann. Sci. Nat., Bot.","IV, 9: 278","","1858"
kew-2789898,A,Monimiaceae,,Ephippiandra,,"perrieri",,"","(Cavaco) Lorence",Accepted,,L,WCSP (in review),917723,914991-1,"Ann. Missouri Bot. Gard.","72: 86","","1985"
kew-2789899,A,Monimiaceae,,Ephippiandra,,"tsaratanensis",,"","(Cavaco) Lorence",Accepted,,L,WCSP (in review),917724,914992-1,"Ann. Missouri Bot. Gard.","72: 84","","1985"
kew-2807569,A,Monimiaceae,,Faika,,"villosa",,"","(Kaneh. & Hatus.) Philipson",Accepted,,L,WCSP (in review),935212,915019-1,"Blumea","30: 420","","1985"
kew-2607260,A,Monimiaceae,,Grazielanthus,,"arkeocarpus",,"","Peixoto & Per.-Moura",Accepted,,M,WCSP (in review),740284,,"Kew Bull.","63: 138","","2008"
kew-2840809,A,Monimiaceae,,Hedycarya,,"alternifolia",,"","Hemsl.",Unresolved,,L,WCSP (in review),968067,581878-1,"J. Linn. Soc., Bot.","30: 215","","1894"
kew-2840811,A,Monimiaceae,,Hedycarya,,"aragoensis",,"","Jérémie",Unresolved,,L,WCSP (in review),968069,581880-1,"Adansonia","n.s., 18: 48","","1978"
kew-2840812,A,Monimiaceae,,Hedycarya,,"arborea",,"","J.R.Forst. & G.Forst.",Accepted,,M,WCSP (in review),968070,581882-1,"Char. Gen. Pl.","64","","1775"
kew-2840813,A,Monimiaceae,,Hedycarya,,"australasica",,"","A.DC.",Unresolved,,L,WCSP (in review),968071,581883-1,"Prodr.","16(2): 673","","1868"
kew-2840815,A,Monimiaceae,,Hedycarya,,"badaunii",,"","Baill.",Unresolved,,L,WCSP (in review),968073,581884-1,"Adansonia","9: 132","","1869"
kew-2840816,A,Monimiaceae,,Hedycarya,,"balansae",,"","G.Perkins",Unresolved,,L,WCSP (in review),968074,581885-1,"Pflanzenr.","IV, 101(49): 4","","1911"
tro-21200361,A,Monimiaceae,,Hedycarya,,"baudouinii",,"","Baill.",Unresolved,,L,TRO,21200361,,"","","",""
kew-2840819,A,Monimiaceae,,Hedycarya,,"chrysophylla",,"","G.Perkins",Unresolved,,L,WCSP (in review),968077,,"Pflanzenr.","IV, 101(49): 5","","1911"
kew-2840820,A,Monimiaceae,,Hedycarya,,"comptonii",,"","S.Moore",Unresolved,,L,WCSP (in review),968078,581889-1,"J. Linn. Soc., Bot.","45: 383","","1921"
kew-2840823,A,Monimiaceae,,Hedycarya,,"cupulata",,"","Baill.",Unresolved,,L,WCSP (in review),968081,581892-1,"Adansonia","9: 132","","1869"
kew-2840826,A,Monimiaceae,,Hedycarya,,"denticulata",,"","G.Perkins & Gilg",Unresolved,,L,WCSP (in review),968084,,"Pflanzenr.","IV, 101(4): 19","","1901"
kew-2840827,A,Monimiaceae,,Hedycarya,,"dorstenioides",,"","A.Gray",Accepted,,M,WCSP (in review),968085,581895-1,"J. Bot.","4: 83","","1866"
kew-2840828,A,Monimiaceae,,Hedycarya,,"engleriana",,"","S.Moore",Unresolved,,L,WCSP (in review),968086,581896-1,"J. Linn. Soc., Bot.","45: 382","","1921"
kew-2840829,A,Monimiaceae,,Hedycarya,,"erythrocarpa",,"","G.Perkins",Unresolved,,L,WCSP (in review),968087,,"Pflanzenr.","IV, 101(49): 6","","1911"
kew-2840830,A,Monimiaceae,,Hedycarya,,"grandiflora",,"","G.Perkins",Unresolved,,L,WCSP (in review),968088,,"Pflanzenr.","IV, 101(49): 5","","1911"
kew-2840832,A,Monimiaceae,,Hedycarya,,"loxocarya",,"","(Benth.) W.D.Francis",Unresolved,,L,WCSP (in review),968090,581900-1,"Bull. Misc. Inform. Kew","1931: 458","","1931"
kew-2840834,A,Monimiaceae,,Hedycarya,,"microcarpa",,"","G.Perkins",Unresolved,,L,WCSP (in review),968092,581902-1,"Pflanzenr.","IV, 101(49): 4","","1911"
kew-2840835,A,Monimiaceae,,Hedycarya,,"neoebudica",,"","Guillaumin",Unresolved,,L,WCSP (in review),968093,581903-1,"J. Arnold Arbor.","13: 82","","1932"
kew-2840836,A,Monimiaceae,,Hedycarya,,"ovalifolia",,"","Guillaumin",Unresolved,,L,WCSP (in review),968094,581904-1,"Mém. Mus. Natl. Hist. Nat., B, Bot.","8: 233","","1962"
kew-2840837,A,Monimiaceae,,Hedycarya,,"parvifolia",,"","G.Perkins & Schltr.",Unresolved,,L,WCSP (in review),968095,581905-1,"Bot. Jahrb. Syst.","39: 106","","1906"
kew-2840838,A,Monimiaceae,,Hedycarya,,"perbracteolata",,"","Jérémie",Unresolved,,L,WCSP (in review),968096,,"Bull. Mus. Natl. Hist. Nat., B, Adansonia","5: 248","","1983"
kew-2840839,A,Monimiaceae,,Hedycarya,,"perkinsiana",,"","S.Moore",Unresolved,,L,WCSP (in review),968097,581906-1,"J. Linn. Soc., Bot.","45: 384","","1921"
kew-2840842,A,Monimiaceae,,Hedycarya,,"rivularis",,"","Guillaumin",Unresolved,,L,WCSP (in review),968100,581909-1,"Arch. Bot. Bull. Mens.","1: 75","","1927"
kew-2840843,A,Monimiaceae,,Hedycarya,,"saligna",,"","S.Moore",Unresolved,,L,WCSP (in review),968101,581910-1,"J. Linn. Soc., Bot.","45: 382","","1921"
kew-2840847,A,Monimiaceae,,Hedycarya,,"spectabilis",,"","G.Perkins",Unresolved,,L,WCSP (in review),968105,,"Pflanzenr.","IV, 101(49): 6","","1911"
kew-2840848,A,Monimiaceae,,Hedycarya,,"symplocoides",,"","S.Moore",Unresolved,,L,WCSP (in review),968106,581915-1,"J. Linn. Soc., Bot.","45: 383","","1921"
kew-2840849,A,Monimiaceae,,Hedycarya,,"tapeinospermifolia",,"","Guillaumin",Unresolved,,L,WCSP (in review),968107,581916-1,"Arch. Bot. Bull. Mens.","1: 76","","1927"
kew-2840850,A,Monimiaceae,,Hedycarya,,"verticillata",,"","Guillaumin",Unresolved,,L,WCSP (in review),968108,581917-1,"Mém. Mus. Natl. Hist. Nat., B, Bot.","8: 234","","1962"
kew-2604631,A,Monimiaceae,,Hemmantia,,"webbii",,"","Whiffin",Unresolved,,L,WCSP (in review),737837,77081972-1,"in Fl. Australia","2: 453","","2007"
kew-2845684,A,Monimiaceae,,Hennecartia,,"omphalandra",,"","Poiss.",Accepted,,M,WCSP (in review),972917,581922-1,"Bull. Soc. Bot. France","32: 41","","1885"
tro-21200346,A,Monimiaceae,,Hortonia,,"angustifolia",,"","Trim.",Unresolved,,L,TRO,21200346,,"Syst. Cat. Ceyl. Pl.","75","75","1885"
kew-2853685,A,Monimiaceae,,Hortonia,,"augustifolia",,"","Trimen",Unresolved,,L,WCSP (in review),980539,,"Syst. Cat. Fl. Pl. Ceylon","75","","1885"
kew-2853686,A,Monimiaceae,,Hortonia,,"floribunda",,"","Wight ex Arn.",Unresolved,,L,WCSP (in review),980540,581925-1,"Mag. Zool. Bot.","2: 546","","1838"
kew-2860258,A,Monimiaceae,,Idenburgia,,"arfakensis",,"","Gibbs",Unresolved,,L,WCSP (in review),986984,581927-1,"Fl. Arfak Mts.","139","","1917"
kew-2860259,A,Monimiaceae,,Idenburgia,,"elaeocarpoides",,"","Gilg & Schltr.",Unresolved,,L,WCSP (in review),986985,581928-1,"Bot. Jahrb. Syst.","58: 247","","1923"
kew-2860261,A,Monimiaceae,,Idenburgia,,"pachyphylla",,"","Gilg & Schltr.",Unresolved,,L,WCSP (in review),986987,581930-1,"Bot. Jahrb. Syst.","58: 246","","1923"
kew-2860262,A,Monimiaceae,,Idenburgia,,"pauciflora",,"","A.C.Sm.",Unresolved,,L,WCSP (in review),986988,581931-1,"J. Arnold Arbor.","22: 234","","1941"
kew-2896436,A,Monimiaceae,,Kairoa,,"endressiana",,"","W.N.Takeuchi & S.S.Renner",Unresolved,,L,WCSP (in review),1019265,,"Harvard Pap. Bot.","14: 73","","2009"
kew-2335031,A,Monimiaceae,,Kairoa,,"suberosa",,"","Philipson",Unresolved,,L,WCSP (in review),474756,581933-1,"Blumea","26: 368","","1980"
kew-2335033,A,Monimiaceae,,Kibara,,"angustifolia",,"","Perkins",Unresolved,,L,WCSP (in review),474758,581934-1,"Bot. Jahrb. Syst.","25: 577","","1898"
kew-2335011,A,Monimiaceae,,Kibara,,"archboldiana",,"","A.C.Sm.",Unresolved,,L,WCSP (in review),474736,581935-1,"J. Arnold Arbor.","22: 240","","1941"
kew-2336344,A,Monimiaceae,,Kibara,,"aruensis",,"","Becc.",Unresolved,,L,WCSP (in review),476003,581936-1,"Malesia","1: 188","","1877"
kew-2336354,A,Monimiaceae,,Kibara,,"blumei",,"","Steud.",Unresolved,,L,WCSP (in review),476013,581937-1,"Nomencl. Bot.","ed. 2, 1: 846","","1840"
kew-2336356,A,Monimiaceae,,Kibara,,"buergersiana",,"","Perkins",Unresolved,,L,WCSP (in review),476015,581939-1,"Bot. Jahrb. Syst.","52: 209","","1915"
kew-2336357,A,Monimiaceae,,Kibara,,"bullata",,"","Philipson",Unresolved,,L,WCSP (in review),476016,906442-1,"Blumea","30: 397","","1985"
kew-2336358,A,Monimiaceae,,Kibara,,"carrii",,"","Philipson",Unresolved,,L,WCSP (in review),476017,906443-1,"Blumea","30: 405","","1985"
kew-2336336,A,Monimiaceae,,Kibara,,"chartacea",,"","Blume",Unresolved,,L,WCSP (in review),475995,581940-1,"Mus. Bot.","2: 89","","1856"
kew-2336353,A,Monimiaceae,,Kibara,,"chimbuensis",,"","Philipson",Unresolved,,L,WCSP (in review),476012,906444-1,"Blumea","30: 410","","1985"
kew-2336351,A,Monimiaceae,,Kibara,,"clemensiae",,"","Perkins",Unresolved,,L,WCSP (in review),476010,581941-1,"Bot. Jahrb. Syst.","45: 423","","1911"
tro-50324248,A,Monimiaceae,,Kibara,,"coriacea",,"","(Blume) Hook. f. & A. Thomps.",Accepted,,L,TRO,50324248,,"Fl. Ind.","1(2): 166","166","1855"
kew-2336330,A,Monimiaceae,,Kibara,,"cuspidata",,"","Blume",Unresolved,,L,WCSP (in review),475989,581943-1,"Mus. Bot.","2: 89","","1856"
kew-2336331,A,Monimiaceae,,Kibara,,"depauperata",,"","Merr.",Unresolved,,L,WCSP (in review),475990,581944-1,"Publ. Bur. Sci. Gov. Lab.","35: 13","","1906"
kew-2336332,A,Monimiaceae,,Kibara,,"dichasialis",,"","Suess. & Heine",Unresolved,,L,WCSP (in review),475991,581945-1,"Mitt. Bot. Staatssamml. München","2: 60","","1950"
kew-2336333,A,Monimiaceae,,Kibara,,"ellipsoidea",,"","Merr.",Unresolved,,L,WCSP (in review),475992,581946-1,"Philipp. J. Sci.","1(Suppl.): 56","","1906"
kew-2336343,A,Monimiaceae,,Kibara,,"elmeri",,"","Perkins",Unresolved,,L,WCSP (in review),476002,581947-1,"Bot. Jahrb. Syst.","45: 424","","1911"
kew-2336335,A,Monimiaceae,,Kibara,,"elongata",,"","A.C.Sm.",Unresolved,,L,WCSP (in review),475994,581948-1,"J. Arnold Arbor.","22: 244","","1941"
kew-2336328,A,Monimiaceae,,Kibara,,"ferox",,"","Philipson",Unresolved,,L,WCSP (in review),475987,906445-1,"Blumea","30: 395","","1985"
kew-2336337,A,Monimiaceae,,Kibara,,"flagelliformis",,"","Philipson",Unresolved,,L,WCSP (in review),475996,906446-1,"Blumea","30: 409","","1985"
kew-2336338,A,Monimiaceae,,Kibara,,"formicarum",,"","Becc.",Unresolved,,L,WCSP (in review),475997,581949-1,"Malesia","1: 188","","1877"
kew-2336339,A,Monimiaceae,,Kibara,,"fragrans",,"","Philipson",Unresolved,,L,WCSP (in review),475998,906447-1,"Blumea","30: 408","","1985"
kew-2336340,A,Monimiaceae,,Kibara,,"fugax",,"","Philipson",Unresolved,,L,WCSP (in review),475999,906448-1,"Blumea","30: 411","","1985"
kew-2336341,A,Monimiaceae,,Kibara,,"grandifolia",,"","Merr.",Unresolved,,L,WCSP (in review),476000,581950-1,"Publ. Bur. Sci. Gov. Lab.","29: 15","","1905"
kew-2336342,A,Monimiaceae,,Kibara,,"hartleyi",,"","Philipson",Unresolved,,L,WCSP (in review),476001,906449-1,"Blumea","30: 402","","1985"
kew-2336440,A,Monimiaceae,,Kibara,,"hirsuta",,"","Warb.",Unresolved,,L,WCSP (in review),476089,581951-1,"Bot. Jahrb. Syst.","13: 316","","1891"
kew-2336425,A,Monimiaceae,,Kibara,,"inamoena",,"","Perkins",Unresolved,,L,WCSP (in review),476074,,"Pflanzenr.","IV, 101(Nachtr.): 34","","1911"
kew-2336508,A,Monimiaceae,,Kibara,,"karengana",,"","Philipson",Unresolved,,L,WCSP (in review),476130,906450-1,"Blumea","30: 396","","1985"
kew-2336509,A,Monimiaceae,,Kibara,,"katikii",,"","Philipson",Unresolved,,L,WCSP (in review),476131,906451-1,"Blumea","30: 406","","1985"
kew-2335028,A,Monimiaceae,,Kibara,,"kostermansii",,"","Philipson",Unresolved,,L,WCSP (in review),474753,906452-1,"Blumea","30: 398","","1985"
kew-2335026,A,Monimiaceae,,Kibara,,"latifolia",,"","Philipson",Unresolved,,L,WCSP (in review),474751,906453-1,"Blumea","30: 396","","1985"
kew-2335004,A,Monimiaceae,,Kibara,,"laurifolia",,"","A.C.Sm.",Unresolved,,L,WCSP (in review),474729,581954-1,"J. Arnold Arbor.","22: 240","","1941"
kew-2335005,A,Monimiaceae,,Kibara,,"laxiflora",,"","Benth.",Unresolved,,L,WCSP (in review),474730,581955-1,"Fl. Austral.","5: 289","","1870"
kew-2335006,A,Monimiaceae,,Kibara,,"leachii",,"","Philipson",Unresolved,,L,WCSP (in review),474731,906454-1,"Blumea","30: 399","","1985"
kew-2335007,A,Monimiaceae,,Kibara,,"ledermannii",,"","Perkins",Unresolved,,L,WCSP (in review),474732,581956-1,"Bot. Jahrb. Syst.","52: 213","","1915"
kew-2335010,A,Monimiaceae,,Kibara,,"macrantha",,"","Philipson",Unresolved,,L,WCSP (in review),474735,906455-1,"Blumea","30: 404","","1985"
kew-2335003,A,Monimiaceae,,Kibara,,"macrocarpa",,"","Perkins",Unresolved,,L,WCSP (in review),474728,581959-1,"Bot. Jahrb. Syst.","45: 425","","1911"
tro-50324241,A,Monimiaceae,,Kibara,,"macrophylla",,"","(A. Cunn.) Benth.",Accepted,,M,TRO,50324241,581960-1,"Fl. Austral.","5: 288","288","1870"
kew-2335014,A,Monimiaceae,,Kibara,,"merrilliana",,"","Perkins",Unresolved,,L,WCSP (in review),474739,581962-1,"Bot. Jahrb. Syst.","45: 424","","1911"
kew-2335015,A,Monimiaceae,,Kibara,,"microphylla",,"","Perkins",Unresolved,,L,WCSP (in review),474740,581963-1,"Fl. Schutzgeb. Südsee","Nachtr.: 268","","1905"
kew-2335016,A,Monimiaceae,,Kibara,,"mollis",,"","Merr.",Unresolved,,L,WCSP (in review),474741,581964-1,"Philipp. J. Sci., C","3(Suppl.): 225","","1908"
kew-2335017,A,Monimiaceae,,Kibara,,"moluccana",,"","Boerl. ex Perkins",Unresolved,,L,WCSP (in review),474742,581965-1,"Bot. Jahrb. Syst.","45: 425","","1911"
kew-2334977,A,Monimiaceae,,Kibara,,"monticola",,"","Perkins",Unresolved,,L,WCSP (in review),474702,,"Pflanzenr.","IV, 101(49): 32","","1911"
kew-2334928,A,Monimiaceae,,Kibara,,"motleyi",,"","Perkins",Unresolved,,L,WCSP (in review),474653,581967-1,"Bot. Jahrb. Syst.","45: 424","","1911"
kew-2334989,A,Monimiaceae,,Kibara,,"myrtoides",,"","Perkins",Unresolved,,L,WCSP (in review),474714,581968-1,"Bot. Jahrb. Syst.","52: 208","","1915"
kew-2334931,A,Monimiaceae,,Kibara,,"neriifolia",,"","Perkins",Unresolved,,L,WCSP (in review),474656,581969-1,"Bot. Jahrb. Syst.","52: 212","","1915"
kew-2334932,A,Monimiaceae,,Kibara,,"nitens",,"","Philipson",Unresolved,,L,WCSP (in review),474657,906456-1,"Blumea","30: 408","","1985"
kew-2334933,A,Monimiaceae,,Kibara,,"novobritanica",,"","Philipson",Unresolved,,L,WCSP (in review),474658,906457-1,"Blumea","30: 411","","1985"
kew-2334934,A,Monimiaceae,,Kibara,,"oblongata",,"","Philipson",Unresolved,,L,WCSP (in review),474659,906458-1,"Blumea","30: 400","","1985"
kew-2334935,A,Monimiaceae,,Kibara,,"obtusa",,"","Blume",Unresolved,,L,WCSP (in review),474660,581970-1,"Mus. Bot.","2: 89","","1856"
kew-2334945,A,Monimiaceae,,Kibara,,"oligocarpella",,"","(Kaneh. & Hatus.) Philipson",Unresolved,,L,WCSP (in review),474670,915185-1,"Blumea","30: 394","","1985"
kew-2334937,A,Monimiaceae,,Kibara,,"oliviformis",,"","Becc.",Unresolved,,L,WCSP (in review),474662,581971-1,"Malesia","1: 187","","1877"
kew-2334930,A,Monimiaceae,,Kibara,,"papuana",,"","A.C.Sm.",Unresolved,,L,WCSP (in review),474655,581972-1,"J. Arnold Arbor.","22: 242","","1941"
kew-2334939,A,Monimiaceae,,Kibara,,"perkinsiae",,"","K.Schum. & Lauterb.",Unresolved,,L,WCSP (in review),474664,581973-1,"Fl. Schutzgeb. Südsee","330","","1900"
kew-2334940,A,Monimiaceae,,Kibara,,"polyantha",,"","Perkins",Unresolved,,L,WCSP (in review),474665,581974-1,"Bot. Jahrb. Syst.","25: 575","","1898"
kew-2333639,A,Monimiaceae,,Kibara,,"rosselensis",,"","Philipson",Unresolved,,L,WCSP (in review),473538,906459-1,"Blumea","30: 401","","1985"
kew-2333608,A,Monimiaceae,,Kibara,,"royenii",,"","Philipson",Unresolved,,L,WCSP (in review),473507,906460-1,"Blumea","30: 401","","1985"
kew-2333632,A,Monimiaceae,,Kibara,,"schlechteri",,"","Perkins",Unresolved,,L,WCSP (in review),473531,581978-1,"Fl. Schutzgeb. Südsee","Nachtr.: 268","","1905"
kew-2333650,A,Monimiaceae,,Kibara,,"serrulata",,"","Perkins",Unresolved,,L,WCSP (in review),473549,581979-1,"Bot. Jahrb. Syst.","25: 575","","1898"
kew-2333651,A,Monimiaceae,,Kibara,,"shungolensis",,"","Philipson",Unresolved,,L,WCSP (in review),473550,906461-1,"Blumea","30: 402","","1985"
kew-2333652,A,Monimiaceae,,Kibara,,"sleumeri",,"","Philipson",Unresolved,,L,WCSP (in review),473551,906462-1,"Blumea","30: 413","","1985"
kew-2333653,A,Monimiaceae,,Kibara,,"stapfiana",,"","Perkins",Unresolved,,L,WCSP (in review),473552,581980-1,"Bot. Jahrb. Syst.","45: 424","","1911"
tro-50218842,A,Monimiaceae,,Kibara,,"streinmannii",,"","Philipson",Unresolved,,L,TRO,50218842,906463-1,"Blumea","30(2): 403","403","1985"
kew-2333655,A,Monimiaceae,,Kibara,,"sudestensis",,"","Philipson",Unresolved,,L,WCSP (in review),473554,906464-1,"Blumea","30: 412","","1985"
kew-2333665,A,Monimiaceae,,Kibara,,"symplocoides",,"","Perkins",Unresolved,,L,WCSP (in review),473564,581981-1,"Bot. Jahrb. Syst.","52: 210","","1915"
kew-2333657,A,Monimiaceae,,Kibara,,"teijsmanniana",,"","Perkins",Unresolved,,L,WCSP (in review),473556,581982-1,"Bot. Jahrb. Syst.","45: 425","","1911"
kew-2333649,A,Monimiaceae,,Kibara,,"timorensis",,"","Boerl. ex Diels",Unresolved,,L,WCSP (in review),473548,,"Pflanzenr.","IV, 94: 51","","1910"
kew-2333659,A,Monimiaceae,,Kibara,,"tomentosa",,"","Perkins",Unresolved,,L,WCSP (in review),473558,581984-1,"Bot. Jahrb. Syst.","25: 571","","1898"
kew-2333660,A,Monimiaceae,,Kibara,,"trichantha",,"","Perkins",Unresolved,,L,WCSP (in review),473559,581985-1,"Bot. Jahrb. Syst.","25: 572","","1898"
kew-2333661,A,Monimiaceae,,Kibara,,"versteeghii",,"","Philipson",Unresolved,,L,WCSP (in review),473560,906465-1,"Blumea","30: 399","","1985"
kew-2333662,A,Monimiaceae,,Kibara,,"vidalii",,"","Perkins",Unresolved,,L,WCSP (in review),473561,581986-1,"Bot. Jahrb. Syst.","45: 423","","1911"
kew-2333663,A,Monimiaceae,,Kibara,,"vrieseana",,"","Perkins",Unresolved,,L,WCSP (in review),473562,581987-1,"Bot. Jahrb. Syst.","45: 424","","1911"
kew-2333641,A,Monimiaceae,,Kibara,,"warburgii",,"","Perkins",Unresolved,,L,WCSP (in review),473540,581988-1,"Bot. Jahrb. Syst.","45: 424","","1911"
kew-2333658,A,Monimiaceae,,Kibara,,"warenensis",,"","Kaneh. & Hatus.",Unresolved,,L,WCSP (in review),473557,581989-1,"Bot. Mag. (Tokyo)","56: 249","","1942"
kew-2333656,A,Monimiaceae,,Kibara,,"xanthophylla",,"","Perkins",Unresolved,,L,WCSP (in review),473555,581990-1,"Bot. Jahrb. Syst.","25: 574","","1898"
tro-21200353,A,Monimiaceae,,Kibaropsis,,"caledonica",,"","(Guillaumin) J. Jeremie",Accepted,,M,TRO,21200353,,"Adansonia","17(1): 80","80","1977"
kew-2494575,A,Monimiaceae,,Lauterbachia,,"novoguineensis",,"","Perkins",Unresolved,,L,WCSP (in review),631144,582000-1,"Fl. Schutzgeb. Südsee","331","","1900"
kew-2494572,A,Monimiaceae,,Levieria,,"acuminata",,"","Perk.",Unresolved,,L,WCSP (in review),631141,,"Pflanzenr.","IV, 101: 21","","1901"
kew-2494596,A,Monimiaceae,,Levieria,,"beccariana",,"","Perk.",Unresolved,,L,WCSP (in review),631164,,"Pflanzenr.","IV, 101: 21","","1901"
kew-2494598,A,Monimiaceae,,Levieria,,"forbesii",,"","Perkins",Unresolved,,L,WCSP (in review),631166,,"Pflanzenr.","IV, 101(Nachtr.): 7","","1911"
kew-2494579,A,Monimiaceae,,Levieria,,"laxiflora",,"","Perkins",Unresolved,,L,WCSP (in review),631148,582004-1,"Bot. Jahrb. Syst.","52: 195","","1915"
kew-2494604,A,Monimiaceae,,Levieria,,"montana",,"","Becc.",Unresolved,,L,WCSP (in review),631172,582005-1,"Malesia","1: 192","","1877"
kew-2494603,A,Monimiaceae,,Levieria,,"nitens",,"","Perk.",Unresolved,,L,WCSP (in review),631171,,"Pflanzenr.","IV, 101: 21","","1901"
kew-2494602,A,Monimiaceae,,Levieria,,"orientalis",,"","Philipson",Unresolved,,L,WCSP (in review),631170,582007-1,"Blumea","26: 379","","1980"
kew-2494601,A,Monimiaceae,,Levieria,,"parvifolia",,"","A.C.Sm.",Unresolved,,L,WCSP (in review),631169,582008-1,"J. Arnold Arbor.","22: 233","","1941"
kew-2494600,A,Monimiaceae,,Levieria,,"rudolfii",,"","Perkins",Unresolved,,L,WCSP (in review),631168,582009-1,"Bot. Jahrb. Syst.","52: 196","","1915"
kew-2494599,A,Monimiaceae,,Levieria,,"scandens",,"","Philipson",Unresolved,,L,WCSP (in review),631167,582010-1,"Blumea","26: 381","","1980"
kew-2494588,A,Monimiaceae,,Levieria,,"schlechteri",,"","Perkins",Unresolved,,L,WCSP (in review),631157,,"Pflanzenr.","IV, 101(Nachtr.): 7","","1911"
kew-2494597,A,Monimiaceae,,Levieria,,"squarrosa",,"","Perkins",Unresolved,,L,WCSP (in review),631165,582012-1,"Bot. Jahrb. Syst.","52: 196","","1915"
kew-2494606,A,Monimiaceae,,Levieria,,"urophylla",,"","Perkins",Unresolved,,L,WCSP (in review),631174,582013-1,"Bot. Jahrb. Syst.","52: 193","","1915"
tro-50220196,A,Monimiaceae,,Macropeplus,,"dentatus",,"","(Perkins) I. Santos & Peixoto",Accepted,,M,TRO,50220196,70027834-1,"Rodriguésia","52(81): 86","86","2001"
kew-2501525,A,Monimiaceae,,Macropeplus,,"friburgensis",,"","(Perkins) I.Santos & Peixoto",Accepted,,M,WCSP (in review),638011,70027835-1,"Rodriguésia","52(81): 91","","2001"
tro-21200014,A,Monimiaceae,,Macropeplus,,"ligustrinus",,"","(Tul.) Perkins",Accepted,,M,TRO,21200014,149037-2,"Bot. Jahrb. Syst.","25: 558","558","1898"
kew-2501523,A,Monimiaceae,,Macropeplus,,"schwackeanus",,"","(Perkins) I.Santos & Peixoto",Accepted,,M,WCSP (in review),638009,70027837-1,"Rodriguésia","52(81): 97","","2001"
tro-50201932,A,Monimiaceae,,Macrotorus,,"utriculatus",,"","Perkins",Accepted,,M,TRO,50201932,149136-2,"Bot. Jahrb. Syst.","25: 561, pl 5B","561","1898"
kew-2501519,A,Monimiaceae,,Matthaea,,"calophylla",,"","Perkins",Unresolved,,L,WCSP (in review),638005,582016-1,"Bot. Jahrb. Syst.","25: 563","","1898"
kew-2501550,A,Monimiaceae,,Matthaea,,"chartacea",,"","Merr.",Unresolved,,L,WCSP (in review),638036,582017-1,"Publ. Bur. Sci. Gov. Lab.","35: 14","","1906"
kew-2501529,A,Monimiaceae,,Matthaea,,"heterophylla",,"","Quisumb. & Merr.",Unresolved,,L,WCSP (in review),638015,582019-1,"Philipp. J. Sci.","37: 145","","1928"
kew-2501561,A,Monimiaceae,,Matthaea,,"intermedia",,"","Merr.",Unresolved,,L,WCSP (in review),638047,582020-1,"Philipp. J. Sci., C","13: 11","","1918"
kew-2501560,A,Monimiaceae,,Matthaea,,"latifolia",,"","Perkins",Unresolved,,L,WCSP (in review),638046,582021-1,"Bot. Jahrb. Syst.","25: 563","","1898"
kew-2501559,A,Monimiaceae,,Matthaea,,"philippinensis",,"","Perkins",Unresolved,,L,WCSP (in review),638045,582022-1,"Bot. Jahrb. Syst.","45: 423","","1911"
kew-2501558,A,Monimiaceae,,Matthaea,,"pinchotiana",,"","Perkins",Unresolved,,L,WCSP (in review),638044,582023-1,"Bot. Jahrb. Syst.","45: 423","","1911"
kew-2501557,A,Monimiaceae,,Matthaea,,"pubescens",,"","Merr. ex Perkins",Unresolved,,L,WCSP (in review),638043,582024-1,"Bot. Jahrb. Syst.","45: 422","","1911"
kew-2501556,A,Monimiaceae,,Matthaea,,"roemeri",,"","Perkins",Unresolved,,L,WCSP (in review),638042,,"Pflanzenr.","IV, 101(Nachtr.): 17","","1911"
kew-2501555,A,Monimiaceae,,Matthaea,,"sancta",,"","Blume",Unresolved,,L,WCSP (in review),638041,582026-1,"Mus. Bot.","2: 90","","1856"
kew-2501554,A,Monimiaceae,,Matthaea,,"vidalii",,"","Perkins",Unresolved,,L,WCSP (in review),638040,582027-1,"Bot. Jahrb. Syst.","45: 422","","1911"
kew-2501553,A,Monimiaceae,,Matthaea,,"williamsii",,"","Perkins",Unresolved,,L,WCSP (in review),638039,582028-1,"Bot. Jahrb. Syst.","45: 422","","1911"
kew-2501551,A,Monimiaceae,,Mithridatea,,"amplifolia",,"","Bojer",Unresolved,,L,WCSP (in review),638037,582029-1,"Hortus Maurit.","290","","1837"
kew-2501562,A,Monimiaceae,,Mithridatea,,"cymosa",,"","Willd. ex Tul.",Unresolved,,L,WCSP (in review),638048,,"Arch. Mus. Hist. Nat.","8: 303","","1856"
kew-2501549,A,Monimiaceae,,Mithridatea,,"quadrifida",,"","Willd.",Unresolved,,L,WCSP (in review),638035,582031-1,"Sp. Pl.","1: 27","","1797"
kew-2501548,A,Monimiaceae,,Mithridatea,,"tambourissa",,"","Bojer",Unresolved,,L,WCSP (in review),638034,582032-1,"Hortus Maurit.","290","","1837"
kew-2501546,A,Monimiaceae,,Mollinedia,,"acuminata",,"","F.Muell.",Unresolved,,L,WCSP (in review),638032,,"Fragm.","5: 155","","1865"
tro-21200017,A,Monimiaceae,,Mollinedia,,"acutissima",,"","Perkins",Accepted,,M,TRO,21200017,163063-2,"Bot. Jahrb. Syst.","27(5): 672","672","1900"
tro-21200334,A,Monimiaceae,,Mollinedia,,"angustata",,"","Lundell",Accepted,,M,TRO,21200334,163064-2,"Wrightia","5(2): 29–30","29","1974"
kew-2501542,A,Monimiaceae,,Mollinedia,,"aphanantha",,"","Perkins",Unresolved,,L,WCSP (in review),638028,163065-2,"Bot. Jahrb. Syst.","27: 658","","1900"
tro-21200019,A,Monimiaceae,,Mollinedia,,"argyrogyna",,"","Perkins",Accepted,,M,TRO,21200019,163066-2,"Bot. Jahrb. Syst.","27(5): 661–662","661","1900"
tro-21200020,A,Monimiaceae,,Mollinedia,,"blumenaviana",,"","Perkins",Accepted,,M,TRO,21200020,163068-2,"Bot. Jahrb. Syst.","27(5): 669–670","669","1900"
tro-21200021,A,Monimiaceae,,Mollinedia,,"boliviensis",,"","A. DC.",Accepted,,M,TRO,21200021,582040-1,"J. Bot.","3: 220","220","1865"
kew-2501492,A,Monimiaceae,,Mollinedia,,"boracensis",,"","Peixoto",Unresolved,,L,WCSP (in review),637978,280988-2,"Revista Brasil. Bot.","6: 19","","1983"
kew-2501491,A,Monimiaceae,,Mollinedia,,"brasiliensis",,"","Schott ex Tul.",Unresolved,,L,WCSP (in review),637977,,"Arch. Mus. Hist. Nat.","8: 377","","1856"
kew-2501490,A,Monimiaceae,,Mollinedia,,"butleriana",,"","Standl.",Accepted,,M,WCSP (in review),637976,163069-2,"Publ. Field Mus. Nat. Hist., Bot. Ser.","4: 306","","1929"
tro-21200023,A,Monimiaceae,,Mollinedia,,"calodonta",,"","Perkins",Accepted,,M,TRO,21200023,163070-2,"Bot. Jahrb. Syst.","27(5): 678–679, t. 10A","678","1900"
tro-21200024,A,Monimiaceae,,Mollinedia,,"campanulacea",,"","Tul.",Unresolved,,L,TRO,21200024,582045-1,"Ann. Sci. Nat., Bot., sér. 4,","3: 42","42","1855"
kew-2501486,A,Monimiaceae,,Mollinedia,,"canfieldiae",,"","Perkins",Unresolved,,L,WCSP (in review),637972,163073-2,"Bot. Jahrb. Syst.","27: 676","","1900"
tro-21200026,A,Monimiaceae,,Mollinedia,,"chrysolaena",,"","Perkins",Accepted,,M,TRO,21200026,,"","","",""
kew-2501483,A,Monimiaceae,,Mollinedia,,"chrysophylla",,"","Perkins",Unresolved,,L,WCSP (in review),637969,163077-2,"Bot. Jahrb. Syst.","27: 651","","1900"
tro-21200028,A,Monimiaceae,,Mollinedia,,"chrysorrhachis",,"","Perkins",Unresolved,,L,TRO,21200028,163078-2,"Bot. Jahrb. Syst.","27(5): 665–666","665","1900"
kew-2501481,A,Monimiaceae,,Mollinedia,,"cinerea",,"","Tul.",Unresolved,,L,WCSP (in review),637967,,"Arch. Mus. Hist. Nat.","8: 380","","1856"
tro-21200030,A,Monimiaceae,,Mollinedia,,"clavigera",,"","Tul.",Accepted,,M,TRO,21200030,582053-1,"Ann. Sci. Nat., Bot., sér. 4,","3: 44","44","1855"
kew-2501479,A,Monimiaceae,,Mollinedia,,"corcovadensis",,"","Perkins",Accepted,,M,WCSP (in review),637965,163082-2,"Bot. Jahrb. Syst.","27: 666","","1900"
kew-2501477,A,Monimiaceae,,Mollinedia,,"costaricensis",,"","Donn.Sm.",Accepted,,M,WCSP (in review),637963,163083-2,"Bot. Gaz.","33: 257","","1902"
kew-2501476,A,Monimiaceae,,Mollinedia,,"cuneata",,"","Perkins",Unresolved,,L,WCSP (in review),637962,163084-2,"Bot. Jahrb. Syst.","27: 676","","1900"
kew-2501475,A,Monimiaceae,,Mollinedia,,"cunninghamii",,"","S.Moore",Unresolved,,L,WCSP (in review),637961,163085-2,"J. Bot.","57: 251","","1919"
kew-2501474,A,Monimiaceae,,Mollinedia,,"cuspidata",,"","Mart. ex Tul.",Unresolved,,L,WCSP (in review),637960,582059-1,"Fl. Bras.","4(1): 320","","1857"
kew-2501504,A,Monimiaceae,,Mollinedia,,"cyathantha",,"","Perkins",Unresolved,,L,WCSP (in review),637990,163086-2,"Bot. Jahrb. Syst.","27: 679","","1900"
tro-21200034,A,Monimiaceae,,Mollinedia,,"elegans",,"","Tul.",Accepted,,M,TRO,21200034,582063-1,"Ann. Sci. Nat., Bot., sér. 4,","3: 44","44","1855"
tro-50216595,A,Monimiaceae,,Mollinedia,,"elliptica",,"","(Gardner) A. DC.",Accepted,,M,TRO,50216595,582064-1,"Prodr.","16(2): 664","664","1868"
tro-21200035,A,Monimiaceae,,Mollinedia,,"engleriana",,"","Perkins",Accepted,,M,TRO,21200035,163089-2,"Bot. Jahrb. Syst.","27(5): 660","660","1900"
kew-2501511,A,Monimiaceae,,Mollinedia,,"estrellensis",,"","Tolm.",Unresolved,,L,WCSP (in review),637997,163090-2,"Bot. Mater. Gerb. Glavn. Bot. Sada R.S.F.S.R.","2: 148","","1921"
kew-2501510,A,Monimiaceae,,Mollinedia,,"eugeniifolia",,"","Perkins",Accepted,,M,WCSP (in review),637996,163091-2,"Bot. Jahrb. Syst.","27: 661","","1900"
kew-2501509,A,Monimiaceae,,Mollinedia,,"fasciculata",,"","Perkins",Unresolved,,L,WCSP (in review),637995,163092-2,"Bot. Jahrb. Syst.","27: 671","","1900"
tro-21200038,A,Monimiaceae,,Mollinedia,,"floribunda",,"","Tul.",Accepted,,M,TRO,21200038,582070-1,"Ann. Sci. Nat., Bot., sér. 4,","3: 41","41","1855"
tro-50082086,A,Monimiaceae,,Mollinedia,,"foreroi",,"","Peixoto",Unresolved,,L,TRO,50082086,,"Jard. Bot. Rio de Janeiro","27: 195–196, f. 3a–c","195","1985"
tro-21200039,A,Monimiaceae,,Mollinedia,,"fruticulosa",,"","Perkins",Accepted,,M,TRO,21200039,163095-2,"Bot. Jahrb. Syst.","27(5): 670–671","670","1900"
tro-21200040,A,Monimiaceae,,Mollinedia,,"gilgiana",,"","Perkins",Accepted,,M,TRO,21200040,163096-2,"Bot. Jahrb. Syst.","27(5): 656, t. 9, f. A","656","1900"
tro-21200041,A,Monimiaceae,,Mollinedia,,"glabra",,"","(Spreng.) Perkins",Accepted,,L,TRO,21200041,163097-2,"Bot. Jahrb. Syst.","27(5): 657","657","1900"
kew-2501500,A,Monimiaceae,,Mollinedia,,"glaziovii",,"","Perkins",Accepted,,M,WCSP (in review),637986,163098-2,"Bot. Jahrb. Syst.","27: 657","","1900"
tro-21200432,A,Monimiaceae,,Mollinedia,,"grandiflora",,"","Schönfelder",Unresolved,,L,TRO,21200432,,"","","",""
tro-21200435,A,Monimiaceae,,Mollinedia,,"grazielae",,"","Peixoto",Accepted,,M,TRO,21200435,933618-1,"Bradea","4(41): 332–333, f. 1","332","1987"
kew-2501482,A,Monimiaceae,,Mollinedia,,"hatschbachii",,"","Peixoto",Unresolved,,L,WCSP (in review),637968,163103-2,"Bradea","3: 359","","1983"
tro-21200046,A,Monimiaceae,,Mollinedia,,"heteranthera",,"","Perkins",Accepted,,M,TRO,21200046,163104-2,"Bot. Jahrb. Syst.","27(5): 655–656","655","1900"
tro-21200047,A,Monimiaceae,,Mollinedia,,"howeana",,"","Perkins",Accepted,,M,TRO,21200047,163105-2,"Bot. Jahrb. Syst.","27(5): 654","654","1900"
kew-2501626,A,Monimiaceae,,Mollinedia,,"humboldtiana",,"","Aymard",Unresolved,,L,WCSP (in review),638112,20006327-1,"BioLlania, Ed. Espec.","7: 14","","2001"
kew-2501625,A,Monimiaceae,,Mollinedia,,"hylophila",,"","Perkins",Unresolved,,L,WCSP (in review),638111,163106-2,"Bot. Jahrb. Syst.","27: 680","","1900"
tro-21200049,A,Monimiaceae,,Mollinedia,,"ibaguensis",,"","Tul.",Unresolved,,L,TRO,21200049,582083-1,"Ann. Sci. Nat., Bot., sér. 4,","3: 41","41","1855"
tro-50172542,A,Monimiaceae,,Mollinedia,,"jorgearum",,"","Peixoto",Accepted,,M,TRO,50172542,929255-1,"Arch. Jard. Bot. Rio de Janeiro","27: 194–195, f. 2","194","1985"
kew-2501621,A,Monimiaceae,,Mollinedia,,"killipii",,"","J.F.Macbr.",Accepted,,M,WCSP (in review),638107,163108-2,"Candollea","5: 351","","1934"
tro-21200433,A,Monimiaceae,,Mollinedia,,"laevigata",,"","Schönfelder",Unresolved,,L,TRO,21200433,,"","","",""
tro-21200051,A,Monimiaceae,,Mollinedia,,"lamprophylla",,"","Perkins",Accepted,,M,TRO,21200051,163110-2,"Bot. Jahrb. Syst.","27(5): 656, f. 10C","656","1900"
tro-21200052,A,Monimiaceae,,Mollinedia,,"lanceolata",,"","Ruiz & Pav.",Accepted,,L,TRO,21200052,582088-1,"Syst. Veg. Fl. Peruv. Chil.","143","143","1798"
kew-2501614,A,Monimiaceae,,Mollinedia,,"leiantha",,"","Perkins",Unresolved,,L,WCSP (in review),638100,163112-2,"Bot. Jahrb. Syst.","27: 657","","1900"
kew-2501613,A,Monimiaceae,,Mollinedia,,"lepidota",,"","Tul.",Unresolved,,L,WCSP (in review),638099,,"Arch. Mus. Hist. Nat.","8: 403","","1856"
tro-50076125,A,Monimiaceae,,Mollinedia,,"liesneri",,"","Peixoto",Unresolved,,L,TRO,50076125,,"","","",""
kew-2501611,A,Monimiaceae,,Mollinedia,,"longicuspidata",,"","Perkins",Accepted,,M,WCSP (in review),638097,163118-2,"Bot. Jahrb. Syst.","27: 653","","1900"
tro-21200057,A,Monimiaceae,,Mollinedia,,"longifolia",,"","Tul.",Accepted,,M,TRO,21200057,,"","","",""
kew-2501609,A,Monimiaceae,,Mollinedia,,"longipes",,"","F.Muell.",Unresolved,,L,WCSP (in review),638095,,"Syst. Census Austral. Pl.","3","","1882"
tro-21200058,A,Monimiaceae,,Mollinedia,,"lowtheriana",,"","Perkins",Accepted,,M,TRO,21200058,163119-2,"Bot. Jahrb. Syst.","27(5): 666–667, t. 9J","666","1900"
tro-50172541,A,Monimiaceae,,Mollinedia,,"luizae",,"","Peixoto",Accepted,,M,TRO,50172541,929254-1,"Arch. Jard. Bot. Rio de Janeiro","27: 194, f. 1","194","1985"
tro-50315096,A,Monimiaceae,,Mollinedia,,"macrophylla",,"","(A. Cunn.) Tul.",Accepted,,M,TRO,50315096,582102-1,"Ann. Sci. Nat., Bot., sér. 4,","3: 45","45","1855"
kew-2501583,A,Monimiaceae,,Mollinedia,,"marliae",,"","Peixoto & M.Pereira",Unresolved,,L,WCSP (in review),638069,315599-2,"Reserva Ecol. Macaé de Cima: Aspectos Flor. Espéc. Vasc.","2: 316","","1996"
tro-100351648,A,Monimiaceae,,Mollinedia,,"maxima",,"","J. F. Morales & Grayum",Accepted,,M,TRO,100351648,77103496-1,"Darwiniana","47(1): 229","229","2009"
tro-21200060,A,Monimiaceae,,Mollinedia,,"micrantha",,"","Perkins",Accepted,,M,TRO,21200060,163121-2,"Bot. Jahrb. Syst.","27(5): 668–669","668","1900"
tro-21200283,A,Monimiaceae,,Mollinedia,,"minutiflora",,"","Standl. & L.O. Williams",Accepted,,M,TRO,21200283,163122-2,"Ceiba","1(4): 237","237","1951"
kew-2501579,A,Monimiaceae,,Mollinedia,,"multiflora",,"","Mart. ex Tul.",Unresolved,,L,WCSP (in review),638065,582106-1,"Fl. Bras.","4(1): 317","","1857"
kew-2501578,A,Monimiaceae,,Mollinedia,,"myriantha",,"","Perkins",Accepted,,M,WCSP (in review),638064,163123-2,"Bot. Jahrb. Syst.","27: 655","","1900"
kew-2501563,A,Monimiaceae,,Mollinedia,,"nitida",,"","Tul.",Unresolved,,L,WCSP (in review),638049,582110-1,"Ann. Sci. Nat., Bot.","IV, 3: 43","","1855"
tro-50161573,A,Monimiaceae,,Mollinedia,,"oaxacana",,"","Lorence",Accepted,,M,TRO,50161573,1011618-1,"Candollea","54(2): 433–436, f. 1","433","1999"
tro-21200063,A,Monimiaceae,,Mollinedia,,"obovata",,"","(A. DC.) Perkins",Accepted,,M,TRO,21200063,163124-2,"Bot. Jahrb. Syst.","27(5): 679–680","679","1900"
tro-21200064,A,Monimiaceae,,Mollinedia,,"oligantha",,"","Perkins",Accepted,,M,TRO,21200064,163125-2,"Bot. Jahrb. Syst.","27(5): 653, t. 9H","653","1900"
kew-2501570,A,Monimiaceae,,Mollinedia,,"oligotricha",,"","Perkins",Unresolved,,L,WCSP (in review),638056,163126-2,"Bot. Jahrb. Syst.","27: 658","","1900"
kew-2501568,A,Monimiaceae,,Mollinedia,,"ovalifolia",,"","Tolm.",Unresolved,,L,WCSP (in review),638054,163128-2,"Bot. Mater. Gerb. Glavn. Bot. Sada R.S.F.S.R.","2: 149","","1921"
kew-2501567,A,Monimiaceae,,Mollinedia,,"ovata",,"","Ruiz & Pav.",Accepted,,M,WCSP (in review),638053,582116-1,"Syst. Veg. Fl. Peruv. Chil.","143","","1798"
kew-2501566,A,Monimiaceae,,Mollinedia,,"pachypoda",,"","Perkins",Unresolved,,L,WCSP (in review),638052,163129-2,"Bot. Jahrb. Syst.","27: 659","","1900"
tro-21200069,A,Monimiaceae,,Mollinedia,,"pachysandra",,"","Perkins",Accepted,,M,TRO,21200069,163130-2,"Bot. Jahrb. Syst.","27(5): 672–673, t. 9D","672","1900"
tro-21200336,A,Monimiaceae,,Mollinedia,,"pallida",,"","Lundell",Accepted,,M,TRO,21200336,163131-2,"Wrightia","5(2): 30–31","30","1974"
kew-2501596,A,Monimiaceae,,Mollinedia,,"pellucens",,"","Tul.",Unresolved,,L,WCSP (in review),638082,582121-1,"Ann. Sci. Nat., Bot.","IV, 3: 43","","1855"
kew-2501574,A,Monimiaceae,,Mollinedia,,"perkinsiae",,"","Rusby ex Perkins",Unresolved,,L,WCSP (in review),638060,582122-1,"Bot. Jahrb. Syst.","27: 682","","1900"
tro-21200070,A,Monimiaceae,,Mollinedia,,"pfitzeriana",,"","Perkins",Accepted,,M,TRO,21200070,163134-2,"Bot. Jahrb. Syst.","27(5): 670","670","1900"
kew-2501602,A,Monimiaceae,,Mollinedia,,"polyantha",,"","Perkins",Unresolved,,L,WCSP (in review),638088,163136-2,"Bot. Jahrb. Syst.","27: 677","","1900"
kew-2501601,A,Monimiaceae,,Mollinedia,,"polycarpa",,"","Mart. ex Tul.",Unresolved,,L,WCSP (in review),638087,582126-1,"Fl. Bras.","4(1): 318","","1857"
kew-2501599,A,Monimiaceae,,Mollinedia,,"puberula",,"","Perkins",Unresolved,,L,WCSP (in review),638085,163138-2,"Bot. Jahrb. Syst.","27: 668","","1900"
kew-2501598,A,Monimiaceae,,Mollinedia,,"pubescens",,"","F.Muell.",Unresolved,,L,WCSP (in review),638084,582129-1,"Syst. Census Austral. Pl.","3","","1882"
kew-2501585,A,Monimiaceae,,Mollinedia,,"pyrenea",,"","Taub.",Unresolved,,L,WCSP (in review),638071,,"Bot. Jahrb. Syst.","21: 427","","1896"
kew-2501606,A,Monimiaceae,,Mollinedia,,"repanda",,"","Ruiz & Pav.",Accepted,,M,WCSP (in review),638092,582133-1,"Syst. Veg. Fl. Peruv. Chil.","142","","1798"
kew-2501593,A,Monimiaceae,,Mollinedia,,"riedeliana",,"","Tolm.",Unresolved,,L,WCSP (in review),638079,163141-2,"Bot. Mater. Gerb. Glavn. Bot. Sada R.S.F.S.R.","2: 147","","1921"
tro-21200076,A,Monimiaceae,,Mollinedia,,"salicifolia",,"","Perkins",Accepted,,M,TRO,21200076,163146-2,"Bot. Jahrb. Syst.","27(5): 659","659","1900"
tro-21200077,A,Monimiaceae,,Mollinedia,,"schottiana",,"","(Spreng.) Perkins",Accepted,,M,TRO,21200077,163149-2,"Bot. Jahrb. Syst.","27(5): 677, t. 10F","677","1900"
tro-50216604,A,Monimiaceae,,Mollinedia,,"schottiana",var.,"gracilis","(Tul.) Perkins",Accepted,,L,TRO,50216604,163150-2,"Bot. Jahrb. Syst.","27(5): 678","678","1900"
tro-21200078,A,Monimiaceae,,Mollinedia,,"selloi",,"","(Spreng.) A. DC.",Accepted,,M,TRO,21200078,582142-1,"Prodr.","16(2): 666","666","1868"
kew-2501631,A,Monimiaceae,,Mollinedia,,"sericiflora",,"","A.DC.",Unresolved,,L,WCSP (in review),638117,582143-1,"J. Bot.","3: 220","","1865"
tro-21200250,A,Monimiaceae,,Mollinedia,,"simulans",,"","J.F. Macbr.",Accepted,,M,TRO,21200250,163154-2,"Candollea","5: 352","352","1934"
kew-2501301,A,Monimiaceae,,Mollinedia,,"sphaerantha",,"","Perkins",Unresolved,,L,WCSP (in review),637788,163155-2,"Bot. Jahrb. Syst.","27: 660","","1900"
tro-21200080,A,Monimiaceae,,Mollinedia,,"steinbachiana",,"","Perkins",Accepted,,M,TRO,21200080,163156-2,"Notizbl. Bot. Gart. Berlin-Dahlem","10(92): 160","160","1927"
tro-21200081,A,Monimiaceae,,Mollinedia,,"stenophylla",,"","Perkins",Accepted,,M,TRO,21200081,163157-2,"Bot. Jahrb. Syst.","27(5): 669","669","1900"
kew-2501297,A,Monimiaceae,,Mollinedia,,"subternata",,"","F.M.Bailey",Unresolved,,L,WCSP (in review),637784,582149-1,"Bot. Bull. Dept. Agric. Queensland","5: 22","","1892"
kew-2501295,A,Monimiaceae,,Mollinedia,,"tomentosa",,"","(Benth.) Tul.",Accepted,,M,WCSP (in review),637782,,"Arch. Mus. Hist. Nat.","8: 402","","1856"
tro-50161575,A,Monimiaceae,,Mollinedia,,"torresiorum",,"","Lorence",Accepted,,M,TRO,50161575,1011619-1,"Candollea","54(2): 436–438, f. 2","436","1999"
tro-21200431,A,Monimiaceae,,Mollinedia,,"tridentata",,"","Schönfelder",Unresolved,,L,TRO,21200431,,"","","",""
tro-21200085,A,Monimiaceae,,Mollinedia,,"uleana",,"","Perkins",Accepted,,M,TRO,21200085,163161-2,"Bot. Jahrb. Syst.","27(5): 661","661","1900"
kew-2501291,A,Monimiaceae,,Mollinedia,,"umbellata",,"","Tul.",Unresolved,,L,WCSP (in review),637778,,"Arch. Mus. Hist. Nat.","8: 397","","1856"
kew-2501302,A,Monimiaceae,,Mollinedia,,"undulata",,"","Perkins",Unresolved,,L,WCSP (in review),637789,163162-2,"Bot. Jahrb. Syst.","27: 653","","1900"
kew-2501289,A,Monimiaceae,,Mollinedia,,"utriculata",,"","Mart. ex Tul.",Unresolved,,L,WCSP (in review),637776,582156-1,"Fl. Bras.","4(1): 319","","1857"
kew-2501288,A,Monimiaceae,,Mollinedia,,"viridiflora",,"","Tul.",Accepted,,M,WCSP (in review),637775,582157-1,"Ann. Sci. Nat., Bot.","IV, 3: 43","","1855"
tro-21200091,A,Monimiaceae,,Mollinedia,,"widgrenii",,"","A. DC.",Accepted,,M,TRO,21200091,582161-1,"J. Bot.","3: 220","220","1865"
kew-2501283,A,Monimiaceae,,Mollinedia,,"wikstroemioides",,"","Perkins",Unresolved,,L,WCSP (in review),637770,163167-2,"Verh. Bot. Vereins Prov. Brandenburg","47: 139","","1905"
kew-2501314,A,Monimiaceae,,Monimia,,"amplexicaulis",,"","Lorence",Unresolved,,L,WCSP (in review),637800,,"Bull. Mus. Natl. Hist. Nat., B, Adansonia","3: 294","","1981 publ. 1982"
kew-2501292,A,Monimiaceae,,Monimia,,"citrina",,"","Tul.",Unresolved,,L,WCSP (in review),637779,582164-1,"Ann. Sci. Nat., Bot.","IV, 3: 32","","1855"
kew-2501321,A,Monimiaceae,,Monimia,,"ovalifolia",,"","Thouars",Unresolved,,L,WCSP (in review),637807,,"Hist. Vég. îles France","t. 9, f. 1","","1804"
kew-2501320,A,Monimiaceae,,Monimia,,"rotundifolia",,"","Thouars",Unresolved,,L,WCSP (in review),637806,,"Hist. Vég. îles France","t. 9, f. 1","","1804"
kew-2501318,A,Monimiaceae,,Monimiopsis,,"rivularis",,"","Vieill. ex Perkins",Unresolved,,L,WCSP (in review),637804,,"Pflanzenr.","IV, 101(Nachtr.): 58","","1911"
kew-2547838,A,Monimiaceae,,Palmeria,,"acuminata",,"","Kaneh. & Hatus.",Unresolved,,L,WCSP (in review),683661,582171-1,"Bot. Mag. (Tokyo)","56: 251","","1942"
kew-2547848,A,Monimiaceae,,Palmeria,,"angica",,"","Kaneh. & Hatus.",Unresolved,,L,WCSP (in review),683671,582172-1,"Bot. Mag. (Tokyo)","56: 252","","1942"
kew-2547840,A,Monimiaceae,,Palmeria,,"arfakiana",,"","Becc.",Unresolved,,L,WCSP (in review),683663,582173-1,"Malesia","1: 186","","1877"
kew-2547842,A,Monimiaceae,,Palmeria,,"brassii",,"","Philipson",Unresolved,,L,WCSP (in review),683665,900450-1,"Blumea","28: 92","","1982"
kew-2547843,A,Monimiaceae,,Palmeria,,"clemensae",,"","Philipson",Unresolved,,L,WCSP (in review),683666,900451-1,"Blumea","28: 96","","1982"
kew-2547844,A,Monimiaceae,,Palmeria,,"coriacea",,"","C.T.White",Unresolved,,L,WCSP (in review),683667,582175-1,"Proc. Roy. Soc. Queensland","47: 75","","1935 publ. 1936"
kew-2547845,A,Monimiaceae,,Palmeria,,"dallmannensis",,"","Kaneh. & Hatus.",Unresolved,,L,WCSP (in review),683668,582176-1,"Bot. Mag. (Tokyo)","56: 254","","1942"
kew-2547846,A,Monimiaceae,,Palmeria,,"fengeriana",,"","Perkins",Unresolved,,L,WCSP (in review),683669,,"Pflanzenr.","IV, 101(Nachtr.): 39","","1911"
kew-2605100,A,Monimiaceae,,Palmeria,,"foremanii",,"","Whiffin",Unresolved,,L,WCSP (in review),738255,,"in Fl. Australia","2: 454","","2007"
kew-2547869,A,Monimiaceae,,Palmeria,,"gracilis",,"","Perkins",Unresolved,,L,WCSP (in review),683692,582178-1,"Bot. Jahrb. Syst.","31: 745","","1902"
kew-2547839,A,Monimiaceae,,Palmeria,,"habbemensis",,"","A.C.Sm.",Unresolved,,L,WCSP (in review),683662,582179-1,"J. Arnold Arbor.","22: 246","","1941"
kew-2547861,A,Monimiaceae,,Palmeria,,"hooglandii",,"","Philipson",Unresolved,,L,WCSP (in review),683684,900452-1,"Blumea","28: 88","","1982"
kew-2547880,A,Monimiaceae,,Palmeria,,"hypargyrea",,"","Perkins",Unresolved,,L,WCSP (in review),683703,582180-1,"Bot. Jahrb. Syst.","52: 215","","1915"
kew-2547881,A,Monimiaceae,,Palmeria,,"hypochrysea",,"","Perkins",Unresolved,,L,WCSP (in review),683704,582181-1,"Bot. Jahrb. Syst.","52: 215","","1915"
kew-2547883,A,Monimiaceae,,Palmeria,,"incana",,"","A.C.Sm.",Unresolved,,L,WCSP (in review),683706,582183-1,"J. Arnold Arbor.","22: 245","","1941"
kew-2547884,A,Monimiaceae,,Palmeria,,"montana",,"","A.C.Sm.",Unresolved,,L,WCSP (in review),683707,582184-1,"J. Arnold Arbor.","22: 247","","1941"
kew-2547885,A,Monimiaceae,,Palmeria,,"myriantha",,"","Perkins",Unresolved,,L,WCSP (in review),683708,582185-1,"Bot. Jahrb. Syst.","52: 214","","1915"
kew-2547895,A,Monimiaceae,,Palmeria,,"paniculata",,"","Ridl.",Unresolved,,L,WCSP (in review),683718,582186-1,"Trans. Linn. Soc. London, Bot.","9: 144","","1916"
kew-2547887,A,Monimiaceae,,Palmeria,,"parvifolia",,"","Kaneh. & Hatus.",Unresolved,,L,WCSP (in review),683710,582187-1,"Bot. Mag. (Tokyo)","56: 254","","1942"
kew-2547879,A,Monimiaceae,,Palmeria,,"puberula",,"","A.C.Sm.",Unresolved,,L,WCSP (in review),683702,582188-1,"J. Arnold Arbor.","22: 249","","1941"
kew-2547889,A,Monimiaceae,,Palmeria,,"pulchra",,"","Perkins",Unresolved,,L,WCSP (in review),683712,,"Pflanzenr.","IV, 101(Nachtr.): 38","","1911"
kew-2547890,A,Monimiaceae,,Palmeria,,"racemosa",,"","A.DC.",Unresolved,,L,WCSP (in review),683713,582190-1,"Prodr.","16(2): 657","","1868"
kew-2547891,A,Monimiaceae,,Palmeria,,"scandens",,"","F.Muell.",Unresolved,,L,WCSP (in review),683714,582191-1,"Fragm.","4: 152","","1864"
kew-2547892,A,Monimiaceae,,Palmeria,,"schoddei",,"","Philipson",Unresolved,,L,WCSP (in review),683715,900453-1,"Blumea","28: 100","","1982"
kew-2547893,A,Monimiaceae,,Palmeria,,"warburgii",,"","Perkins",Unresolved,,L,WCSP (in review),683716,,"Pflanzenr.","IV, 101(Nachtr.): 37","","1911"
kew-2547871,A,Monimiaceae,,Palmeria,,"womersleyi",,"","Philipson",Unresolved,,L,WCSP (in review),683694,900454-1,"Blumea","28: 98","","1982"
kew-2547866,A,Monimiaceae,,Parakibara,,"clavigera",,"","Philipson",Unresolved,,L,WCSP (in review),683689,906801-1,"Blumea","30: 421","","1985"
kew-2547758,A,Monimiaceae,,Paxiodendron,,"ulugurense",,"","Engl.",Unresolved,,L,WCSP (in review),683581,467911-1,"Bot. Jahrb. Syst.","28: 389","","1900"
kew-2547759,A,Monimiaceae,,Paxiodendron,,"usambarense",,"","Engl.",Unresolved,,L,WCSP (in review),683582,467912-1,"Pflanzenw. Ost-Afrikas","C: 182","","1895"
kew-2547762,A,Monimiaceae,,Peumus,,"boldus",,"","Molina",Accepted,,M,WCSP (in review),683585,191376-2,"Sag. Stor. Nat. Chili","185","","1782"
kew-2603018,A,Monimiaceae,,Steganthera,,"alpina",,"","Perkins",Unresolved,,L,WCSP (in review),736269,582408-1,"Bot. Jahrb. Syst.","52: 201","","1915"
kew-2603017,A,Monimiaceae,,Steganthera,,"australiana",,"","C.T.White",Unresolved,,L,WCSP (in review),736268,582409-1,"Proc. Roy. Soc. Queensland","55: 78","","1944"
kew-2603015,A,Monimiaceae,,Steganthera,,"buergersiana",,"","Perkins",Unresolved,,L,WCSP (in review),736266,582411-1,"Bot. Jahrb. Syst.","52: 199","","1915"
kew-2603004,A,Monimiaceae,,Steganthera,,"chimbuensis",,"","Philipson",Unresolved,,L,WCSP (in review),736255,905332-1,"Blumea","29: 495","","1984"
kew-2605596,A,Monimiaceae,,Steganthera,,"cooperorum",,"","Whiffin",Unresolved,,L,WCSP (in review),738724,77081976-1,"in Fl. Australia","2: 453","","2007"
kew-2603013,A,Monimiaceae,,Steganthera,,"crispula",,"","Perkins",Unresolved,,L,WCSP (in review),736264,,"Pflanzenr.","IV, 101(49): 21","","1911"
kew-2603022,A,Monimiaceae,,Steganthera,,"cyclopensis",,"","Philipson",Unresolved,,L,WCSP (in review),736273,905333-1,"Blumea","29: 489","","1984"
kew-2603011,A,Monimiaceae,,Steganthera,,"dentata",,"","(Valeton) Kaneh. & Hatus.",Unresolved,,L,WCSP (in review),736262,582413-1,"Bot. Mag. (Tokyo)","56: 257","","1942"
kew-2603010,A,Monimiaceae,,Steganthera,,"elliptica",,"","A.C.Sm.",Unresolved,,L,WCSP (in review),736261,582414-1,"J. Arnold Arbor.","22: 236","","1941"
kew-2603009,A,Monimiaceae,,Steganthera,,"fasciculata",,"","Philipson",Unresolved,,L,WCSP (in review),736260,905334-1,"Blumea","29: 487","","1984"
kew-2603008,A,Monimiaceae,,Steganthera,,"fengeriana",,"","Perkins",Unresolved,,L,WCSP (in review),736259,582415-1,"Bot. Jahrb. Syst.","25: 566","","1898"
kew-2603007,A,Monimiaceae,,Steganthera,,"forbesii",,"","Perkins",Unresolved,,L,WCSP (in review),736258,,"Pflanzenr.","IV, 101(49): 23","","1911"
kew-2603006,A,Monimiaceae,,Steganthera,,"hentyi",,"","Philipson",Unresolved,,L,WCSP (in review),736257,905335-1,"Blumea","29: 487","","1984"
kew-2602910,A,Monimiaceae,,Steganthera,,"hirsuta",,"","Perkins",Unresolved,,L,WCSP (in review),736161,582417-1,"Bot. Jahrb. Syst.","25: 567","","1898"
kew-2603040,A,Monimiaceae,,Steganthera,,"hospitans",,"","(Becc.) Kaneh. & Hatus.",Unresolved,,L,WCSP (in review),736291,582418-1,"Bot. Mag. (Tokyo)","56: 256","","1942"
kew-2602928,A,Monimiaceae,,Steganthera,,"ilicifolia",,"","A.C.Sm.",Unresolved,,L,WCSP (in review),736179,582419-1,"J. Arnold Arbor.","22: 235","","1941"
kew-2602819,A,Monimiaceae,,Steganthera,,"insculpta",,"","Perkins",Unresolved,,L,WCSP (in review),736070,582420-1,"Bot. Jahrb. Syst.","52: 202","","1915"
kew-2602818,A,Monimiaceae,,Steganthera,,"insignis",,"","Perkins",Unresolved,,L,WCSP (in review),736069,,"Pflanzenr.","IV, 101(49): 24","","1911"
kew-2605597,A,Monimiaceae,,Steganthera,,"laxiflora",,"","(Benth.) Whiffin & Foreman",Unresolved,,L,WCSP (in review),738725,77081970-1,"in Fl. Australia","2: 452","","2007"
kew-2602817,A,Monimiaceae,,Steganthera,,"ledermannii",,"","(Perkins) Kaneh. & Hatus.",Unresolved,,L,WCSP (in review),736068,582422-1,"Bot. Mag. (Tokyo)","56: 256","","1942"
kew-2602816,A,Monimiaceae,,Steganthera,,"macooraia",,"","(F.M.Bailey) P.K.Endress",Unresolved,,L,WCSP (in review),736067,582423-1,"Blumea","25: 315","","1979"
kew-2602815,A,Monimiaceae,,Steganthera,,"moszkowskii",,"","(Perkins) Kaneh. & Hatus.",Unresolved,,L,WCSP (in review),736066,582424-1,"Bot. Mag. (Tokyo)","56: 256","","1942"
kew-2602814,A,Monimiaceae,,Steganthera,,"myrtifolia",,"","(A.C.Sm.) Philipson",Unresolved,,L,WCSP (in review),736065,914639-1,"Blumea","29: 491","","1984"
kew-2602813,A,Monimiaceae,,Steganthera,,"oblongiflora",,"","Perkins",Unresolved,,L,WCSP (in review),736064,582425-1,"Bot. Jahrb. Syst.","25: 566","","1898"
kew-2602803,A,Monimiaceae,,Steganthera,,"odontophylla",,"","Perkins",Unresolved,,L,WCSP (in review),736054,,"Pflanzenr.","IV, 101(49): 23","","1911"
kew-2602811,A,Monimiaceae,,Steganthera,,"oligantha",,"","(Perkins) Kaneh. & Hatus.",Unresolved,,L,WCSP (in review),736062,582427-1,"Bot. Mag. (Tokyo)","56: 257","","1942"
kew-2602809,A,Monimiaceae,,Steganthera,,"parvifolia",,"","(Perkins) Kaneh. & Hatus.",Unresolved,,L,WCSP (in review),736060,582429-1,"Bot. Mag. (Tokyo)","56: 257","","1942"
kew-2602808,A,Monimiaceae,,Steganthera,,"psychotrioides",,"","Perkins",Unresolved,,L,WCSP (in review),736059,582430-1,"Bot. Jahrb. Syst.","52: 198","","1915"
kew-2602807,A,Monimiaceae,,Steganthera,,"pycnoneura",,"","Perkins",Unresolved,,L,WCSP (in review),736058,,"Pflanzenr.","IV, 101(49): 23","","1911"
kew-2602806,A,Monimiaceae,,Steganthera,,"riparia",,"","Kaneh. & Hatus.",Unresolved,,L,WCSP (in review),736057,582432-1,"Bot. Mag. (Tokyo)","56: 259","","1942"
kew-2602805,A,Monimiaceae,,Steganthera,,"royenii",,"","Philipson",Unresolved,,L,WCSP (in review),736056,905336-1,"Blumea","29: 489","","1984"
kew-2602804,A,Monimiaceae,,Steganthera,,"salomonensis",,"","(Hemsl.) Philipson",Unresolved,,L,WCSP (in review),736055,914640-1,"Blumea","29: 490","","1984"
kew-2602829,A,Monimiaceae,,Steganthera,,"schlechteri",,"","Perkins",Unresolved,,L,WCSP (in review),736080,,"Pflanzenr.","IV, 101(49): 21","","1911"
kew-2602831,A,Monimiaceae,,Steganthera,,"schumanniana",,"","Perkins",Unresolved,,L,WCSP (in review),736082,582434-1,"Bot. Jahrb. Syst.","25: 565","","1898"
kew-2602812,A,Monimiaceae,,Steganthera,,"stevensii",,"","W.N.Takeuchi",Unresolved,,L,WCSP (in review),736063,20003269-1,"Kew Bull.","56: 995","","2001"
kew-2602837,A,Monimiaceae,,Steganthera,,"suberoso-alata",,"","Kosterm.",Unresolved,,L,WCSP (in review),736088,582435-1,"Gard. Bull. Singapore","22: 445","","1968"
kew-2602836,A,Monimiaceae,,Steganthera,,"symplocoides",,"","Perkins",Unresolved,,L,WCSP (in review),736087,,"Pflanzenr.","IV, 101(49): 23","","1911"
kew-2602835,A,Monimiaceae,,Steganthera,,"thyrsiflora",,"","Perkins",Unresolved,,L,WCSP (in review),736086,582437-1,"Bot. Jahrb. Syst.","25: 565","","1898"
kew-2602834,A,Monimiaceae,,Steganthera,,"torricelliensis",,"","Perkins",Unresolved,,L,WCSP (in review),736085,,"Pflanzenr.","IV, 101(49): 21","","1911"
kew-2602832,A,Monimiaceae,,Steganthera,,"warburgii",,"","Perkins",Unresolved,,L,WCSP (in review),736083,582440-1,"Bot. Jahrb. Syst.","25: 564","","1898"
tro-50008883,A,Monimiaceae,,Tambourissa,,"alaticarpa",,"","Lorence",Accepted,,M,TRO,50008883,907805-1,"Ann. Missouri Bot. Gard.","72(1): 153","153","1985"
kew-2516952,A,Monimiaceae,,Tambourissa,,"alternifolia",,"","A.DC.",Unresolved,,L,WCSP (in review),653111,582441-1,"Prodr.","16(2): 660","","1868"
tro-21200230,A,Monimiaceae,,Tambourissa,,"amplifolia",,"","(Tul.) A. DC.",Accepted,,L,TRO,21200230,582442-1,"Prodr.","16(2): 659","659","1868"
tro-21200209,A,Monimiaceae,,Tambourissa,,"bathiei",,"","Cavaco",Accepted,,M,TRO,21200209,582444-1,"Bull. Soc. Bot. France","104: 284, f. 1","284","1957"
tro-50008873,A,Monimiaceae,,Tambourissa,,"beanjadensis",,"","Lorence",Accepted,,M,TRO,50008873,907806-1,"Ann. Missouri Bot. Gard.","72(1): 112","112","1985"
tro-21200398,A,Monimiaceae,,Tambourissa,,"bosseri",,"","Jérémie & Lorence",Accepted,,M,TRO,21200398,960414-1,"Bull. Mus. Natl. Hist. Nat., B, Adansonia","13(3–4): 139, f. 4(map), 5","139","1991"
tro-21200210,A,Monimiaceae,,Tambourissa,,"capuronii",,"","Cavaco",Accepted,,M,TRO,21200210,582446-1,"Bull. Mus. Natl. Hist. Nat., sér. 2","29: 287–288","287","1957"
tro-21200227,A,Monimiaceae,,Tambourissa,,"castri-delphinii",,"","Cavaco",Accepted,,M,TRO,21200227,582447-1,"Bull. Soc. Bot. France","104: 283","283","1957"
kew-2515604,A,Monimiaceae,,Tambourissa,,"cocottensis",,"","Lorence",Unresolved,,L,WCSP (in review),651848,,"Bull. Mus. Natl. Hist. Nat., B, Adansonia","3: 295","","1981 publ. 1982"
tro-21200319,A,Monimiaceae,,Tambourissa,,"comorensis",,"","Lorence",Accepted,,M,TRO,21200319,901108-1,"Bull. Mus. Natl. Hist. Nat., B, Adansonia","3(3): 295, t. 1(3–4)","295","1982"
tro-21200320,A,Monimiaceae,,Tambourissa,,"cordifolia",,"","Lorence",Accepted,,M,TRO,21200320,901109-1,"Bull. Mus. Natl. Hist. Nat., B, Adansonia","3(3): 296","296","1982"
kew-2515601,A,Monimiaceae,,Tambourissa,,"crassa",,"","Lorence",Unresolved,,L,WCSP (in review),651845,,"Bull. Mus. Natl. Hist. Nat., B, Adansonia","3: 298","","1981 publ. 1982"
tro-21200211,A,Monimiaceae,,Tambourissa,,"decaryana",,"","Cavaco",Accepted,,M,TRO,21200211,582448-1,"Bull. Mus. Natl. Hist. Nat., sér. 2","29: 287","287","1957"
tro-21200351,A,Monimiaceae,,Tambourissa,,"dorrii",,"","Lorence & Jérémie",Accepted,,M,TRO,21200351,960411-1,"Bull. Mus. Natl. Hist. Nat., B, Adansonia","13(3–4): 131–132, f. 1, 4(map)","131","1991"
tro-21200321,A,Monimiaceae,,Tambourissa,,"elliptica",,"","A. DC.",Accepted,,M,TRO,21200321,,"","","",""
tro-21200350,A,Monimiaceae,,Tambourissa,,"eugenioides",,"","Lorence",Unresolved,,L,TRO,21200350,,"","","",""
tro-50008885,A,Monimiaceae,,Tambourissa,,"ficus",,"","(Tul.) A. DC.",Accepted,,L,TRO,50008885,582450-1,"Prodr.","16(2): 659","659","1868"
tro-21200240,A,Monimiaceae,,Tambourissa,,"floricostata",,"","Cavaco",Accepted,,M,TRO,21200240,582451-1,"Bull. Soc. Bot. France","105: 40","40","1958"
tro-21200232,A,Monimiaceae,,Tambourissa,,"gracilis",,"","Perkins",Accepted,,M,TRO,21200232,582452-1,"Pflanzenr.","101(Heft 49): 43","43","1911"
tro-21200223,A,Monimiaceae,,Tambourissa,,"hildebrandtii",,"","Perkins",Accepted,,M,TRO,21200223,60450808-2,"Pflanzenr.","101(Heft 4): 69, f. 18(N–P)","69","1901"
tro-21200222,A,Monimiaceae,,Tambourissa,,"humbertii",,"","Cavaco",Accepted,,M,TRO,21200222,582453-1,"Bull. Soc. Bot. France","104: 283","283","1957"
tro-50008777,A,Monimiaceae,,Tambourissa,,"kirkii",,"","Cavaco",Accepted,,M,TRO,50008777,582455-1,"Kew Bull.","12: 228","228","1957"
tro-21200357,A,Monimiaceae,,Tambourissa,,"lastelliana",,"","(Baill.) Drake",Accepted,,M,TRO,21200357,,"Hist. Phys. Madagascar","30: 24","24","1902"
tro-21200228,A,Monimiaceae,,Tambourissa,,"leptophylla",,"","(Tul.) A. DC.",Accepted,,L,TRO,21200228,582457-1,"Prodr.","16(2): 658","658","1868"
tro-21200396,A,Monimiaceae,,Tambourissa,,"longicarpa",,"","Lorence",Accepted,,M,TRO,21200396,907807-1,"Ann. Missouri Bot. Gard.","72(1): 154","154","1985"
tro-21200348,A,Monimiaceae,,Tambourissa,,"lowryi",,"","Lorence",Unresolved,,L,TRO,21200348,,"","","",""
tro-21200225,A,Monimiaceae,,Tambourissa,,"madagascariensis",,"","Cavaco",Accepted,,M,TRO,21200225,582458-1,"Bull. Soc. Bot. France","104: 283","283","1957"
tro-21200399,A,Monimiaceae,,Tambourissa,,"mandrarensis",,"","Jérémie & Lorence",Accepted,,M,TRO,21200399,960415-1,"Bull. Mus. Natl. Hist. Nat., B, Adansonia","13(3–4): 142, f. 4(map), 6","142","1991"
tro-50231214,A,Monimiaceae,,Tambourissa,,"manongarivensis",,"","Lorence",Accepted,,M,TRO,50231214,20008243-1,"Candollea","57(1): 72, f. 1, 2","72","2002"
tro-21200343,A,Monimiaceae,,Tambourissa,,"masoalensis",,"","Lorence & Jérémie",Accepted,,M,TRO,21200343,960412-1,"Bull. Mus. Natl. Hist. Nat., B, Adansonia","13(3–4): 134, f. 2, 4(map)","134","1991"
tro-50008902,A,Monimiaceae,,Tambourissa,,"moheliensis",,"","Lorence",Accepted,,M,TRO,50008902,901111-1,"Bull. Mus. Natl. Hist. Nat., B, Adansonia","3(3): 300, t. 2(9–11)","300","1982"
kew-2515701,A,Monimiaceae,,Tambourissa,,"neglecta",,"","A.DC.",Unresolved,,L,WCSP (in review),651944,582460-1,"Prodr.","16(2): 659","","1868"
tro-21200349,A,Monimiaceae,,Tambourissa,,"nicolliae",,"","Jérémie & Lorence",Accepted,,M,TRO,21200349,960413-1,"Bull. Mus. Natl. Hist. Nat., B, Adansonia","13(3–4): 136, f. 3, 4(map)","136","1991"
tro-21200217,A,Monimiaceae,,Tambourissa,,"nitida",,"","Danguy",Accepted,,M,TRO,21200217,582461-1,"Bull. Mus. Natl. Hist. Nat.","34: 280","280","1928"
tro-21200354,A,Monimiaceae,,Tambourissa,,"nosybensis",,"","Lorence",Accepted,,M,TRO,21200354,901112-1,"Bull. Mus. Natl. Hist. Nat., B, Adansonia","3(3): 302, t. 3(12–13)","302","1982"
tro-50008835,A,Monimiaceae,,Tambourissa,,"paradoxa",,"","Perkins",Accepted,,M,TRO,50008835,582463-1,"Pflanzenr.","101(Heft 49): 43","43","1911"
tro-21200233,A,Monimiaceae,,Tambourissa,,"parvifolia",,"","Baker",Accepted,,M,TRO,21200233,582464-1,"J. Bot.","20: 267","267","1882"
tro-21200309,A,Monimiaceae,,Tambourissa,,"pedicellata",,"","Baker",Accepted,,M,TRO,21200309,582465-1,"Fl. Mauritius","289","289","1877"
tro-21200221,A,Monimiaceae,,Tambourissa,,"peltata",,"","Baker",Accepted,,M,TRO,21200221,582466-1,"Fl. Mauritius","288","288","1877"
tro-21200226,A,Monimiaceae,,Tambourissa,,"perrieri",,"","Drake",Accepted,,M,TRO,21200226,,"Hist. Phys. Madagascar","30: 24","24","1902"
tro-21200237,A,Monimiaceae,,Tambourissa,,"purpurea",,"","(Tul.) A. DC.",Accepted,,L,TRO,21200237,582468-1,"Prodr.","16(2): 659","659","1868"
tro-50008778,A,Monimiaceae,,Tambourissa,,"quadrifida",,"","Sonn.",Accepted,,M,TRO,50008778,,"Voy. Indes Orientales","2: 237","237","1782"
tro-21200324,A,Monimiaceae,,Tambourissa,,"quadrifolia",,"","Sonn.",Unresolved,,L,TRO,21200324,,"","","",""
tro-21200400,A,Monimiaceae,,Tambourissa,,"rakotozafyi",,"","Lorence & Jérémie",Accepted,,M,TRO,21200400,960416-1,"Bull. Mus. Natl. Hist. Nat., B, Adansonia","13(3–4): 144, f. 4(map), 7","144","1991"
tro-21200234,A,Monimiaceae,,Tambourissa,,"religiosa",,"","(Tul.) A. DC.",Accepted,,L,TRO,21200234,582470-1,"Prodr.","16(2): 660","660","1868"
tro-21200344,A,Monimiaceae,,Tambourissa,,"schatzii",,"","Lorence",Unresolved,,L,TRO,21200344,,"","","",""
tro-21200325,A,Monimiaceae,,Tambourissa,,"sieberi",,"","A. DC.",Accepted,,M,TRO,21200325,582472-1,"Prodr.","16(2): 660","660","1868"
tro-21200326,A,Monimiaceae,,Tambourissa,,"tau",,"","Lorence",Accepted,,M,TRO,21200326,901113-1,"Bull. Mus. Natl. Hist. Nat., B, Adansonia","3(3): 303","303","1982"
kew-2516946,A,Monimiaceae,,Tambourissa,,"tetragona",,"","A.DC.",Unresolved,,L,WCSP (in review),653105,582473-1,"Prodr.","16(2): 659","","1868"
tro-21200216,A,Monimiaceae,,Tambourissa,,"thouvenotii",,"","Danguy",Accepted,,M,TRO,21200216,582474-1,"Bull. Mus. Natl. Hist. Nat.","28: 250–251","250","1922"
tro-21200213,A,Monimiaceae,,Tambourissa,,"trichophylla",,"","Baker",Accepted,,M,TRO,21200213,582475-1,"J. Linn. Soc., Bot.","20: 240","240","1883"
tro-21200212,A,Monimiaceae,,Tambourissa,,"uapacifolia",,"","Cavaco",Accepted,,M,TRO,21200212,582476-1,"Bull. Mus. Natl. Hist. Nat., sér. 2","29: 351","351","1957"
kew-2516985,A,Monimiaceae,,Tambourissa,,"vestita",,"","A.DC.",Unresolved,,L,WCSP (in review),653144,582477-1,"Prodr.","16(2): 660","","1868"
kew-2516983,A,Monimiaceae,,Tetrasynandra,,"laxiflora",,"","Perkins",Unresolved,,L,WCSP (in review),653142,582478-1,"Bot. Jahrb. Syst.","25: 568","","1898"
kew-2516982,A,Monimiaceae,,Tetrasynandra,,"longipes",,"","Perkins",Unresolved,,L,WCSP (in review),653141,,"Bot. Jahrb. Syst.","25: 568","","1898"
kew-2516981,A,Monimiaceae,,Tetrasynandra,,"pubescens",,"","Perkins",Unresolved,,L,WCSP (in review),653140,582480-1,"Bot. Jahrb. Syst.","25: 568","","1898"
kew-2516974,A,Monimiaceae,,Tetratome,,"racemosa",,"","Poepp. ex Schltdl.",Unresolved,,L,WCSP (in review),653133,582486-1,"Linnaea","20: 114","","1847"
tro-50324371,A,Monimiaceae,,Wilkiea,,"angustifolia",,"","(F.M. Bailey) Perkins",Accepted,,M,TRO,50324371,582497-1,"Pflanzenr.","IV. 101(Heft 49): 27","27","1911"
kew-2465199,A,Monimiaceae,,Wilkiea,,"austroqueenslandica",,"","Domin",Unresolved,,L,WCSP (in review),602668,582498-1,"Biblioth. Bot.","89: 118","","1925"
kew-2465210,A,Monimiaceae,,Wilkiea,,"calyptrocalyx",,"","F.Muell.",Unresolved,,L,WCSP (in review),602679,582499-1,"Trans. & Proc. Philos. Inst. Victoria","2: 64","","1858"
kew-2605920,A,Monimiaceae,,Wilkiea,,"cordata",,"","Whiffin",Unresolved,,L,WCSP (in review),739040,77081975-1,"in Fl. Australia","2: 453","","2007"
kew-2465201,A,Monimiaceae,,Wilkiea,,"foremanii",,"","Philipson",Unresolved,,L,WCSP (in review),602670,582500-1,"Blumea","26: 365","","1980"
tro-50324377,A,Monimiaceae,,Wilkiea,,"hugeliana",,"","(Tul.) A. DC.",Accepted,,M,TRO,50324377,582501-1,"Prodr.","16(2.2): 669","669","1868"
kew-2605921,A,Monimiaceae,,Wilkiea,,"hylandii",,"","Whiffin",Unresolved,,L,WCSP (in review),739041,77081974-1,"in Fl. Australia","2: 453","","2007"
tro-50324379,A,Monimiaceae,,Wilkiea,,"longipes",,"","(Benth.) Whiffin & Foreman",Accepted,,M,TRO,50324379,77081969-1,"Fl. Australia","2: 451","451","2007"
tro-50324380,A,Monimiaceae,,Wilkiea,,"loxocarya",,"","(Benth.) Perkins",Accepted,,M,TRO,50324380,582502-1,"Pflanzenr.","IV. 101(Heft 49): 27","27","1911"
tro-50324381,A,Monimiaceae,,Wilkiea,,"macooraia",,"","(F.M. Bailey) Perkins",Accepted,,M,TRO,50324381,582503-1,"Pflanzenr.","IV. 101(Heft 49): 26","26","1911"
tro-50324382,A,Monimiaceae,,Wilkiea,,"pubescens",,"","(Benth.) Whiffin & Foreman",Accepted,,M,TRO,50324382,77081967-1,"Fl. Australia","2: 451","451","2007"
tro-50324383,A,Monimiaceae,,Wilkiea,,"rigidifolia",,"","(A.C. Sm.) Whiffin & Foreman",Accepted,,M,TRO,50324383,77081968-1,"Fl. Australia","2: 451","451","2007"
kew-2605925,A,Monimiaceae,,Wilkiea,,"smithii",,"","Whiffin",Unresolved,,L,WCSP (in review),739045,77081973-1,"in Fl. Australia","2: 453","","2007"
tro-50324256,A,Monimiaceae,,Wilkiea,,"wardellii",,"","(F. Muell.) Perkins",Accepted,,M,TRO,50324256,77086067-1,"Bot. Jahrb. Syst.","25: 570","570","1898"
kew-2467226,A,Monimiaceae,,Xymalos,,"monospora",,"","(Harv.) Baill.",Accepted,,M,WCSP (in review),604653,,"Bull. Mens. Soc. Linn. Paris","1: 650","","1886"
tro-21200003,A,Monimiaceae,,Xymalos,,"monospora",,"","(Harv.) Baill. ex Warb.",Unresolved,,L,TRO,21200003,,"Nat. Pflanzenfam.","6a: 53, f. 21/A, B","53","1893"
kew-2467225,A,Monimiaceae,,Xymalos,,"mossambicensis",,"","Cavaco",Unresolved,,L,WCSP (in review),604652,582506-1,"Bull. Soc. Bot. France","96: 45","","1949"
kew-2467223,A,Monimiaceae,,Xymalos,,"usambarensis",,"","Engl.",Unresolved,,L,WCSP (in review),604650,112185-1,"Bot. Jahrb. Syst.","30: 310","","1901"
