﻿ID,Major group,Family,Genus hybrid marker,Genus,Species hybrid marker,Species,Infraspecific rank,Infraspecific epithet,Authorship,Taxonomic status in TPL,Nomenclatural status from original data source,Confidence level,Source,Source id,IPNI id,Publication,Collation,Page,Date
kew-243303,A,Musaceae,,Ensete,,"glaucum",,"","(Roxb.) Cheesman",Accepted,,H,WCSP,243303,584796-1,"Kew Bull.","2: 101","","1947 publ. 1948"
kew-243305,A,Musaceae,,Ensete,,"homblei",,"","(Bequaert ex De Wild.) Cheesman",Accepted,,H,WCSP,243305,584798-1,"Kew Bull.","2: 103","","1947 publ. 1948"
kew-243306,A,Musaceae,,Ensete,,"lasiocarpum",,"","(Franch.) Cheesman",Accepted,,H,WCSP,243306,584799-1,"Kew Bull.","2: 102","","1947 publ. 1948"
kew-243308,A,Musaceae,,Ensete,,"livingstonianum",,"","(J.Kirk) Cheesman",Accepted,,H,WCSP,243308,584801-1,"Kew Bull.","2: 101","","1947 publ. 1948"
kew-243309,A,Musaceae,,Ensete,,"perrieri",,"","(Claverie) Cheesman",Accepted,,H,WCSP,243309,584802-1,"Kew Bull.","2: 103","","1947 publ. 1948"
kew-243315,A,Musaceae,,Ensete,,"superbum",,"","(Roxb.) Cheesman",Accepted,,H,WCSP,243315,584808-1,"Kew Bull.","2: 100","","1947 publ. 1948"
kew-243317,A,Musaceae,,Ensete,,"ventricosum",,"","(Welw.) Cheesman",Accepted,,H,WCSP,243317,584810-1,"Kew Bull.","2: 101","","1947 publ. 1948"
kew-243319,A,Musaceae,,Ensete,,"wilsonii",,"","(Tutcher) Cheesman",Accepted,,H,WCSP,243319,584811-1,"Kew Bull.","2: 103","","1947 publ. 1948"
kew-254739,A,Musaceae,,Musa,,"acuminata",,"","Colla",Accepted,,H,WCSP,254739,,"Mem. Reale Accad. Sci. Torino","25: 394","","1820"
kew-254742,A,Musaceae,,Musa,,"acuminata",subsp.,"burmanica","N.W.Simmonds",Accepted,,L,WCSP,254742,60457967-2,"Kew Bull.","11: 468","","1956 publ. 1957"
kew-254743,A,Musaceae,,Musa,,"acuminata",subsp.,"errans","(Blanco) R.V.Valmayor",Accepted,,L,WCSP,254743,70028262-1,"Philipp. Agric. Sci.","84: 328","","2001"
kew-370983,A,Musaceae,,Musa,,"acuminata",subsp.,"halabanensis","(Meijer) M.Hotta",Accepted,,L,WCSP,370983,,"Occas. Pap. Kagoshima Univ. Res. Center S. Pacific","16: 67","","1989"
kew-254744,A,Musaceae,,Musa,,"acuminata",subsp.,"malaccensis","(Ridl.) N.W.Simmonds",Accepted,,L,WCSP,254744,60457963-2,"Kew Bull.","11: 466","","1956 publ. 1957"
kew-254745,A,Musaceae,,Musa,,"acuminata",subsp.,"microcarpa","(Becc.) N.W.Simmonds",Accepted,,L,WCSP,254745,60457966-2,"Kew Bull.","11: 467","","1956 publ. 1957"
kew-371381,A,Musaceae,,Musa,,"acuminata",var.,"sumatrana","(Becc.) Nasution",Accepted,,L,WCSP,371381,77091218-1,"Mem. Tokyo Univ. Agric.","32: 80","","1991"
kew-371382,A,Musaceae,,Musa,,"acuminata",var.,"tomentosa","(Warb. ex K.Schum.) Nasution",Accepted,,L,WCSP,371382,77091210-1,"Mem. Tokyo Univ. Agric.","32: 82","","1991"
kew-254747,A,Musaceae,,Musa,,"acuminata",subsp.,"truncata","(Ridl.) Kiew",Accepted,,L,WCSP,254747,20003402-1,"Ann. Bot. (U.K.)","88: 1025","","2001"
kew-254750,A,Musaceae,,Musa,×,"alinsanaya",,"","R.V.Valmayor",Accepted,,H,WCSP,254750,77079945-1,"Philipp. Agric. Sci.","87: 117","","2004"
kew-463442,A,Musaceae,,Musa,,"arfakiana",,"","Argent",Accepted,,H,WCSP,463442,,"Gard. Bull. Singapore","61: 243","","2010"
kew-254758,A,Musaceae,,Musa,,"aurantiaca",,"","G.Mann ex Baker",Accepted,,H,WCSP,254758,797533-1,"Ann. Bot. (Oxford)","7: 222","","1893"
kew-335567,A,Musaceae,,Musa,,"azizii",,"","Häkkinen",Accepted,,H,WCSP,335567,,"Acta Phytotax. Geobot.","56: 29","","2005"
kew-254762,A,Musaceae,,Musa,,"balbisiana",,"","Colla",Accepted,,H,WCSP,254762,,"Mem. Reale Accad. Sci. Torino","25: 384","","1820"
kew-462024,A,Musaceae,,Musa,,"balbisiana",var.,"bakeri","(Hook.f.) Häkkinen",Accepted,,L,WCSP,462024,60454690-2,"Fruit Gard.","42(5): 27","","2010"
kew-373456,A,Musaceae,,Musa,,"balbisiana",var.,"brachycarpa","(Backer) Häkkinen",Accepted,,L,WCSP,373456,77090889-1,"Adansonia","III, 30: 70","","2008"
kew-465772,A,Musaceae,,Musa,,"balbisiana",var.,"dechangensis","(J.L.Liu & M.G.Liu) Häkkinen",Accepted,,L,WCSP,465772,60456005-2,"Fruit Gard.","43(3): 14","","2011"
kew-371380,A,Musaceae,,Musa,,"balbisiana",var.,"liukiuensis","(Matsum.) Häkkinen",Accepted,,L,WCSP,371380,77090891-1,"Adansonia","III, 30: 91","","2008"
kew-254766,A,Musaceae,,Musa,,"banksii",,"","F.Muell.",Accepted,,H,WCSP,254766,797538-1,"Fragm.","4: 132","","1864"
kew-347437,A,Musaceae,,Musa,,"barioensis",,"","Häkkinen",Accepted,,H,WCSP,347437,,"Acta Phytotax. Geobot.","57: 57","","2006"
kew-254769,A,Musaceae,,Musa,,"basjoo",,"","Siebold & Zucc. ex Iinuma",Accepted,,H,WCSP,254769,323785-2,"Somoku-Dzusetsu","ed. 2: 3, t. 1","","1874"
kew-465773,A,Musaceae,,Musa,,"basjoo",var.,"lushanensis","(J.L.Liu) Häkkinen",Accepted,,L,WCSP,465773,60456006-2,"Fruit Gard.","43(3): 14","","2011"
kew-465774,A,Musaceae,,Musa,,"basjoo",var.,"luteola","(J.L.Liu) Häkkinen",Accepted,,L,WCSP,465774,60456007-2,"Fruit Gard.","43(3): 14","","2011"
kew-335568,A,Musaceae,,Musa,,"bauensis",,"","Häkkinen & Meekiong",Accepted,,H,WCSP,335568,,"Syst. Biodivers.","2: 170","","2004"
kew-254772,A,Musaceae,,Musa,,"beccarii",,"","N.W.Simmonds",Accepted,,H,WCSP,254772,584918-1,"Kew Bull.","14: 200","","1960"
kew-254776,A,Musaceae,,Musa,,"boman",,"","Argent",Accepted,,H,WCSP,254776,584920-1,"Notes Roy. Bot. Gard. Edinburgh","35: 108","","1976"
kew-254777,A,Musaceae,,Musa,,"borneensis",,"","Becc.",Accepted,,H,WCSP,254777,797543-1,"Nelle Forest. Borneo","622","","1902"
kew-344427,A,Musaceae,,Musa,,"borneensis",var.,"flavida","(M.Hotta) Häkkinen & Meekiong",Accepted,,L,WCSP,344427,77073538-1,"Acta Phytotax. Geobot.","56: 218","","2005"
kew-254781,A,Musaceae,,Musa,,"bukensis",,"","Argent",Accepted,,H,WCSP,254781,584923-1,"Notes Roy. Bot. Gard. Edinburgh","35: 101","","1976"
kew-254783,A,Musaceae,,Musa,,"campestris",,"","Becc.",Accepted,,H,WCSP,254783,797545-1,"Nelle Forest. Borneo","622","","1902"
kew-254788,A,Musaceae,,Musa,,"celebica",,"","Warb. ex K.Schum.",Accepted,,H,WCSP,254788,,"Pflanzenr.","IV, 45: 22","","1900"
kew-254792,A,Musaceae,,Musa,,"cheesmanii",,"","N.W.Simmonds",Accepted,,H,WCSP,254792,584926-1,"Kew Bull.","11: 479","","1956 publ. 1957"
kew-458410,A,Musaceae,,Musa,,"chunii",,"","Häkkinen",Accepted,,H,WCSP,458410,60450439-2,"J. Syst. Evol.","47: 87","","2009"
kew-254796,A,Musaceae,,Musa,,"coccinea",,"","Andrews",Accepted,,H,WCSP,254796,,"Bot. Repos.","1: t. 47","","1799"
tro-21500391,A,Musaceae,,Musa,,"cultivars",,"","Attikol",Unresolved,,L,TRO,21500391,,"","","",""
kew-254816,A,Musaceae,,Musa,,"exotica",,"","R.V.Valmayor",Accepted,,H,WCSP,254816,77079943-1,"Philipp. Agric. Sci.","87: 117","","2004"
kew-254819,A,Musaceae,,Musa,,"fitzalanii",,"","F.Muell.",Accepted,,H,WCSP,254819,797564-1,"Fragm.","9: 188","","1875"
kew-458411,A,Musaceae,,Musa,×,"georgiana",,"","Rich.H.Wallace",Unresolved,,L,WCSP,458411,,"Nordic J. Bot.","27: 183","","2009"
kew-254827,A,Musaceae,,Musa,,"gracilis",,"","Holttum",Accepted,,H,WCSP,254827,584944-1,"Kew Bull.","5: 154","","1950"
kew-254828,A,Musaceae,,Musa,,"griersonii",,"","Noltie",Accepted,,H,WCSP,254828,978944-1,"Edinburgh J. Bot.","51: 171","","1994"
kew-254831,A,Musaceae,,Musa,,"hirta",,"","Becc.",Accepted,,H,WCSP,254831,797570-1,"Nelle Forest. Borneo","624","","1902"
kew-254837,A,Musaceae,,Musa,,"ingens",,"","N.W.Simmonds",Accepted,,H,WCSP,254837,584948-1,"Kew Bull.","14: 198","","1960"
kew-254839,A,Musaceae,,Musa,,"insularimontana",,"","Hayata",Accepted,,H,WCSP,254839,584950-1,"Icon. Pl. Formosan.","3: 194","","1913"
kew-254840,A,Musaceae,,Musa,,"itinerans",,"","Cheesman",Accepted,,H,WCSP,254840,584951-1,"Kew Bull.","4: 23","","1949"
kew-349074,A,Musaceae,,Musa,,"itinerans",var.,"annamica","(R.V.Valmayor, L.D.Danh & Häkkinen) Häkkinen",Accepted,,L,WCSP,349074,77094436-1,"Novon","18: 51","","2008"
kew-463529,A,Musaceae,,Musa,,"itinerans",var.,"formosana","(Warb.) Häkkinen & C.L.Yeh",Accepted,,L,WCSP,463529,77107532-1,"Acta Phytotax. Geobot.","61: 44","","2010"
kew-254841,A,Musaceae,,Musa,,"jackeyi",,"","W.Hill",Accepted,,H,WCSP,254841,68072-3,"Rep. Brisbane Bot. Gard.","7","","1874"
kew-254845,A,Musaceae,,Musa,,"johnsii",,"","Argent",Accepted,,H,WCSP,254845,20001447-1,"Gard. Bull. Singapore","53: 1","","2001"
kew-458412,A,Musaceae,,Musa,,"juwiniana",,"","Meekiong, Ipor & Tawan",Accepted,,H,WCSP,458412,77098296-1,"Folia Malaysiana","9: 110","","2008"
kew-254847,A,Musaceae,,Musa,,"kattuvazhana",,"","K.C.Jacob",Accepted,,H,WCSP,254847,584956-1,"Monogr. Madras Bananas","129","","1952"
kew-254848,A,Musaceae,,Musa,×,"kewensis",,"","Baker",Unresolved,,L,WCSP,254848,,"Gard. Chron.","n.s., 18: 516","","1895"
kew-254849,A,Musaceae,,Musa,,"lanceolata",,"","Warb. ex K.Schum.",Accepted,,H,WCSP,254849,,"Pflanzenr.","IV, 45: 19","","1900"
kew-254851,A,Musaceae,,Musa,,"laterita",,"","Cheesman",Accepted,,H,WCSP,254851,584958-1,"Kew Bull.","4: 265","","1949"
kew-254853,A,Musaceae,,Musa,,"lawitiensis",,"","Nasution & Supard.",Accepted,,H,WCSP,254853,1002747-1,"Bul. Kebun Raya","8: 128","","1998"
kew-347440,A,Musaceae,,Musa,,"lawitiensis",var.,"suratii","(Argent) Häkkinen",Accepted,,L,WCSP,347440,77075362-1,"Adansonia","III, 28: 60","","2006"
kew-344431,A,Musaceae,,Musa,,"lokok",,"","Geri & Ng",Accepted,,H,WCSP,344431,77072242-1,"Gard. Bull. Singapore","57: 279","","2005"
kew-254856,A,Musaceae,,Musa,,"lolodensis",,"","Cheesman",Accepted,,H,WCSP,254856,584961-1,"Kew Bull.","5: 27","","1950"
kew-343115,A,Musaceae,,Musa,,"lutea",,"","R.V.Valmayor, L.D.Danh & Häkkinen",Accepted,,H,WCSP,343115,,"Philipp. Agric. Sci.","87: 116","","2004"
kew-254859,A,Musaceae,,Musa,,"maclayi",,"","F.Muell. ex Mikl.-Maclay",Accepted,,H,WCSP,254859,,"Proc. Linn. Soc. New South Wales","10: 355","","1885"
kew-254861,A,Musaceae,,Musa,,"maclayi",var.,"erecta","(N.W.Simmonds) Argent",Accepted,,L,WCSP,254861,886869-1,"Notes Roy. Bot. Gard. Edinburgh","35: 97","","1976"
kew-254866,A,Musaceae,,Musa,,"mannii",,"","H.Wendl. ex Baker",Accepted,,H,WCSP,254866,,"Fl. Brit. India","6: 263","","1892"
kew-254876,A,Musaceae,,Musa,,"monticola",,"","M.Hotta ex Argent",Accepted,,H,WCSP,254876,1016909-1,"Gard. Bull. Singapore","52: 206","","2000"
kew-254877,A,Musaceae,,Musa,,"muluensis",,"","M.Hotta",Accepted,,H,WCSP,254877,584970-1,"J. Jap. Bot.","42: 345","","1967"
kew-254878,A,Musaceae,,Musa,,"nagensium",,"","Prain",Accepted,,H,WCSP,254878,797587-1,"J. Asiat. Soc. Bengal, Pt. 2, Nat. Hist.","73: 21","","1904"
kew-254879,A,Musaceae,,Musa,,"nana",,"","Lour.",Unresolved,,L,WCSP,254879,797588-1,"Fl. Cochinch.","644","","1790"
kew-254882,A,Musaceae,,Musa,,"ochracea",,"","K.Sheph.",Accepted,,H,WCSP,254882,584972-1,"Kew Bull.","17: 461","","1964"
kew-254885,A,Musaceae,,Musa,,"ornata",,"","Roxb.",Accepted,,H,WCSP,254885,,"Fl. Ind.","2: 488","","1824"
kew-254887,A,Musaceae,,Musa,,"paracoccinea",,"","A.Z.Liu & D.Z.Li",Accepted,,H,WCSP,254887,70028042-1,"Bot. Bull. Acad. Sin.","43: 77","","2002"
kew-254888,A,Musaceae,,Musa,×,"paradisiaca",,"","L.",Accepted,,H,WCSP,254888,797595-1,"Sp. Pl.","1043","","1753"
kew-254922,A,Musaceae,,Musa,,"peekelii",,"","Lauterb.",Accepted,,H,WCSP,254922,584976-1,"Bot. Jahrb. Syst.","50: 306","","1913"
kew-254923,A,Musaceae,,Musa,,"peekelii",subsp.,"angustigemma","(N.W.Simmonds) Argent",Accepted,,L,WCSP,254923,886871-1,"Notes Roy. Bot. Gard. Edinburgh","35: 106","","1976"
kew-254936,A,Musaceae,,Musa,,"rosea",,"","Baker",Accepted,,H,WCSP,254936,797600-1,"Ann. Bot. (Oxford)","7: 221","","1893"
kew-373356,A,Musaceae,,Musa,,"rubinea",,"","Häkkinen & C.H.Teo",Accepted,,H,WCSP,373356,,"Folia Malaysiana","9: 24","","2008"
kew-254938,A,Musaceae,,Musa,,"rubra",,"","Wall. ex Kurz",Accepted,,H,WCSP,254938,,"J. Agric. Soc. India","14: 301","","1867"
kew-347441,A,Musaceae,,Musa,,"sakaiana",,"","Meekiong, Ipor & Tawan",Accepted,,H,WCSP,347441,,"Folia Malaysiana","6: 132","","2005"
kew-254942,A,Musaceae,,Musa,,"salaccensis",,"","Zoll. ex Backer",Accepted,,H,WCSP,254942,60457968-2,"Fl. Jav.","3: 133","","1924"
kew-254943,A,Musaceae,,Musa,,"sanguinea",,"","Hook.f.",Accepted,,H,WCSP,254943,797605-1,"Bot. Mag.","98: t. 5975","","1872"
kew-255003,A,Musaceae,,Musa,,"schizocarpa",,"","N.W.Simmonds",Accepted,,H,WCSP,255003,584993-1,"Kew Bull.","11: 474","","1956 publ. 1957"
kew-255006,A,Musaceae,,Musa,,"seminifera",,"","Lour.",Unresolved,,L,WCSP,255006,797609-1,"Fl. Cochinch.","644","","1790"
kew-458413,A,Musaceae,,Musa,,"shankarii",,"","Subba Rao & Kumari",Accepted,,H,WCSP,458413,77099996-1,"Fl. Visakhapatnam Distr.","2: 266","","2008"
kew-373331,A,Musaceae,,Musa,,"siamensis",,"","Häkkinen & Rich.H.Wallace",Accepted,,H,WCSP,373331,77089497-1,"Folia Malaysiana","8: 62","","2007"
kew-255007,A,Musaceae,,Musa,,"sikkimensis",,"","Kurz",Accepted,,H,WCSP,255007,797610-1,"J. Agric. Soc. India","n.s., 5: 164","","1878"
kew-255011,A,Musaceae,,Musa,,"splendida",,"","A.Chev.",Accepted,,H,WCSP,255011,584994-1,"Rev. Bot. Appl. Agric. Trop.","14: 517","","1934"
kew-255018,A,Musaceae,,Musa,,"textilis",,"","Née",Accepted,,H,WCSP,255018,797617-1,"Anales Ci. Nat.","4: 123","","1801"
kew-255022,A,Musaceae,,Musa,,"thomsonii",,"","(King ex Baker) A.M.Cowan & Cowan",Accepted,,H,WCSP,255022,584999-1,"Trees N. Bengal","135","","1929"
kew-343116,A,Musaceae,,Musa,,"tonkinensis",,"","R.V.Valmayor, L.D.Danh & Häkkinen",Accepted,,H,WCSP,343116,,"Philipp. Agric. Sci.","88: 240","","2005"
kew-255026,A,Musaceae,,Musa,,"troglodytarum",,"","L.",Accepted,,H,WCSP,255026,,"Sp. Pl. ed. 2","1478","","1763"
kew-255031,A,Musaceae,,Musa,,"tuberculata",,"","M.Hotta",Accepted,,H,WCSP,255031,585002-1,"J. Jap. Bot.","42: 347","","1967"
kew-255036,A,Musaceae,,Musa,,"velutina",,"","H.Wendl. & Drude",Accepted,,H,WCSP,255036,797625-1,"Gartenflora","24: 65","","1875"
kew-255038,A,Musaceae,,Musa,,"violascens",,"","Ridl.",Accepted,,H,WCSP,255038,797628-1,"Trans. Linn. Soc. London, Bot.","3: 384","","1893"
kew-343114,A,Musaceae,,Musa,,"viridis",,"","R.V.Valmayor, L.D.Danh & Häkkinen",Accepted,,H,WCSP,343114,,"Philipp. Agric. Sci.","87: 115","","2004"
kew-255040,A,Musaceae,,Musa,,"voonii",,"","Häkkinen",Accepted,,H,WCSP,255040,77063040-1,"Acta Phytotax. Geobot.","55: 80","","2004"
kew-458414,A,Musaceae,,Musa,,"yamiensis",,"","C.L.Yeh & J.H.Chen",Accepted,,H,WCSP,458414,,"Gard. Bull. Singapore","60: 167","","2008"
kew-349072,A,Musaceae,,Musa,,"yunnanensis",,"","Häkkinen & H.Wang",Accepted,,H,WCSP,349072,,"Novon","17: 441","","2007"
kew-458418,A,Musaceae,,Musa,,"zaifui",,"","Häkkinen & H.Wang",Accepted,,H,WCSP,458418,,"Nordic J. Bot.","26: 43","","2008"
