﻿ID,Major group,Family,Genus hybrid marker,Genus,Species hybrid marker,Species,Infraspecific rank,Infraspecific epithet,Authorship,Taxonomic status in TPL,Nomenclatural status from original data source,Confidence level,Source,Source id,IPNI id,Publication,Collation,Page,Date
tro-35148526,B,Myriniaceae,,Helicodontium,,"acuminatum",,"","Müll. Hal.",Accepted,,M,TRO,35148526,,"Hedwigia","36: 113","113","1897"
tro-35148527,B,Myriniaceae,,Helicodontium,,"applanatum",,"","(Thwaites & Mitt.) A. Jaeger",Accepted,,M,TRO,35148527,,"Ber. Thätigk. St. Gallischen Naturwiss. Ges.","1876–77: 226 (Gen. Sp. Musc. 2: 292)","226 ","1878"
tro-35148528,B,Myriniaceae,,Helicodontium,,"capillare",,"","(Hedw.) A. Jaeger",Accepted,,M,TRO,35148528,,"Ber. Thätigk. St. Gallischen Naturwiss. Ges.","1876–77: 225 (Gen. Sp. Musc. 2: 291)","225 ","1878"
tro-35148529,B,Myriniaceae,,Helicodontium,,"chloronema",,"","Müll. Hal.",Accepted,,M,TRO,35148529,,"Hedwigia","36: 112","112","1897"
tro-35148531,B,Myriniaceae,,Helicodontium,,"clarazii",,"","(Duby) Paris",Accepted,,M,TRO,35148531,,"Index Bryol.","555","555","1896"
tro-35148533,B,Myriniaceae,,Helicodontium,,"compactum",,"","Thér.",Accepted,,M,TRO,35148533,,"Rev. Bryol. Lichénol.","5: 106. f. 7","106","1932"
tro-35148534,B,Myriniaceae,,Helicodontium,,"complanatum",,"","Broth.",Accepted,,M,TRO,35148534,,"Bih. Kongl. Svenska Vetensk.-Akad. Handl.","21 Afd. 3(3): 61","61","1895"
tro-35140741,B,Myriniaceae,,Helicodontium,,"doii",,"","(Sakurai) Taoda",Accepted,,M,TRO,35140741,,"Hikobia","8: 48","48","1977"
tro-35148537,B,Myriniaceae,,Helicodontium,,"exilissimum",,"","(Sull.) A. Jaeger",Accepted,,M,TRO,35148537,,"Ber. Thätigk. St. Gallischen Naturwiss. Ges.","1876–77: 225 (Gen. Sp. Musc. 2: 291)","225 ","1878"
tro-35148538,B,Myriniaceae,,Helicodontium,,"fabronia",,"","Schwägr.",Accepted,,M,TRO,35148538,,"Sp. Musc. Frond., Suppl. 3","2(2): 294","294","1830"
tro-35148539,B,Myriniaceae,,Helicodontium,,"fabroniopsis",,"","Müll. Hal.",Accepted,,M,TRO,35148539,,"Prodr. Fl. Bryol. Madagascar","220","220","1898"
tro-35167885,B,Myriniaceae,,Helicodontium,,"formosicum",,"","(Cardot) W.R. Buck",Accepted,,M,TRO,35167885,,"J. Hattori Bot. Lab.","47: 52","52","1980"
tro-35148540,B,Myriniaceae,,Helicodontium,,"guineense",,"","Broth. & Paris",Accepted,,M,TRO,35148540,,"Rev. Bryol.","34: 96","96","1907"
tro-35148541,B,Myriniaceae,,Helicodontium,,"hattorii",,"","Nog.",Accepted,,M,TRO,35148541,,"J. Jap. Bot.","27: 289. 55","289","1952"
tro-35148543,B,Myriniaceae,,Helicodontium,,"italicum",,"","(Schimp.) M. Fleisch.",Accepted,,M,TRO,35148543,,"Hedwigia","61: 407","407","1920"
tro-35148544,B,Myriniaceae,,Helicodontium,,"jacobi-felicis",,"","P. de la Varde",Accepted,,M,TRO,35148544,,"Rev. Bryol. Lichénol.","18: 20. 6","20","1949"
tro-35140742,B,Myriniaceae,,Helicodontium,,"kiusianum",,"","(Sakurai) Taoda",Accepted,,M,TRO,35140742,,"Hikobia","8: 51","51","1977"
tro-35148546,B,Myriniaceae,,Helicodontium,,"laevisetum",,"","A. Jaeger",Accepted,,M,TRO,35148546,,"Ber. Thätigk. St. Gallischen Naturwiss. Ges.","1876–77: 226","226","1878"
tro-35148547,B,Myriniaceae,,Helicodontium,,"lanceolatum",,"","(Hampe & Müll. Hal.) A. Jaeger",Accepted,,M,TRO,35148547,,"Ber. Thätigk. St. Gallischen Naturwiss. Ges.","1876–77: 226 (Gen. Sp. Musc. 2: 292)","226 ","1878"
tro-35148548,B,Myriniaceae,,Helicodontium,,"leptodontium",,"","(Mitt.) A. Jaeger",Accepted,,M,TRO,35148548,,"Ber. Thätigk. St. Gallischen Naturwiss. Ges.","1876–77: 225 (Gen. Sp. Musc. 2: 291)","225 ","1878"
tro-35148550,B,Myriniaceae,,Helicodontium,,"minutum",,"","A. Jaeger",Accepted,,M,TRO,35148550,,"Ber. Thätigk. St. Gallischen Naturwiss. Ges.","1876–77: 225 (Gen. Sp. Musc. 2: 291)","225 ","1878"
tro-35148554,B,Myriniaceae,,Helicodontium,,"obliquerostratum",,"","(Mitt.) A. Jaeger",Accepted,,M,TRO,35148554,,"Ber. Thätigk. St. Gallischen Naturwiss. Ges.","1876–77: 225 (Gen. Sp. Musc. 2: 291)","225 ","1878"
tro-35148555,B,Myriniaceae,,Helicodontium,,"obtusatulum",,"","(Müll. Hal.) M. Fleisch.",Accepted,,M,TRO,35148555,,"Hedwigia","61: 406","406","1920"
tro-35148556,B,Myriniaceae,,Helicodontium,,"pendulum",,"","(Brid.) Lindb.",Accepted,,M,TRO,35148556,,"Moss. Dillen. Hist. Musc.","51","51","1883"
tro-35148558,B,Myriniaceae,,Helicodontium,,"pervirens",,"","(Müll. Hal.) Paris",Accepted,,M,TRO,35148558,,"Index Bryol.","556","556","1896"
tro-35148559,B,Myriniaceae,,Helicodontium,,"pseudolimnobium",,"","(Müll. Hal.) Paris",Accepted,,M,TRO,35148559,,"Index Bryol.","556","556","1896"
tro-35148560,B,Myriniaceae,,Helicodontium,,"pulvinatum",,"","(Wahlenb.) Lindb.",Accepted,,M,TRO,35148560,,"Musci Scand.","37","37","1879"
tro-35148561,B,Myriniaceae,,Helicodontium,,"rhyparobolax",,"","Müll. Hal.",Accepted,,M,TRO,35148561,,"Hedwigia","36: 112","112","1897"
tro-35148563,B,Myriniaceae,,Helicodontium,,"sanctum",,"","Sakurai",Accepted,,M,TRO,35148563,,"Bot. Mag. (Tokyo)","64: 199. 5","199","1951"
tro-35148565,B,Myriniaceae,,Helicodontium,,"siambonense",,"","Müll. Hal.",Accepted,,M,TRO,35148565,,"Hedwigia","36: 113","113","1897"
tro-35148567,B,Myriniaceae,,Helicodontium,,"spicatinervium",,"","R.S. Williams",Accepted,,M,TRO,35148567,,"Bull. New York Bot. Gard.","6(21): 244","244","1909"
tro-35148568,B,Myriniaceae,,Helicodontium,,"subcapillatum",,"","(Hedw.) Kindb.",Accepted,,M,TRO,35148568,,"Eur. N. Amer. Bryin.","1: 27","27","1897"
tro-35148570,B,Myriniaceae,,Helicodontium,,"tenerrimum",,"","(Broth.) Bizot",Accepted,,M,TRO,35148570,,"Rev. Bryol. Lichénol.","1–22: 21","21","1954"
tro-35201312,B,Myriniaceae,,Helicodontium,,"usagarum",,"","(Mitt.) Lindau",Accepted,,M,TRO,35201312,,"Pflanzenw. Ost-Afrikas","C: 76","76","1895"
tro-35140778,B,Myriniaceae,,Juratzkaeella,,"sinensis",,"","(M. Fleisch. ex Broth.) W.R. Buck",Accepted,,M,TRO,35140778,,"Rev. Bryol. Lichénol.","43: 313","313","1977"
tro-35100169,B,Myriniaceae,,Nematocladia,,"tesserata",,"","W.R. Buck",Accepted,,M,TRO,35100169,,"Brittonia","34: 414. f. 1–9","414","1982"
