﻿ID,Major group,Family,Genus hybrid marker,Genus,Species hybrid marker,Species,Infraspecific rank,Infraspecific epithet,Authorship,Taxonomic status in TPL,Nomenclatural status from original data source,Confidence level,Source,Source id,IPNI id,Publication,Collation,Page,Date
kew-135737,A,Nothofagaceae,,Nothofagus,,"aequilateralis",,"","(Baum.-Bod.) Steenis",Accepted,,H,WCSP,135737,359062-1,"J. Arnold Arbor.","35: 266","","1954"
kew-135738,A,Nothofagaceae,,Nothofagus,,"alessandrii",,"","Espinosa",Accepted,,H,WCSP,135738,,"Revista Chilena Hist. Nat.","32: 175","","1928"
kew-135739,A,Nothofagaceae,,Nothofagus,,"alpina",,"","(Poepp. & Endl.) Oerst.",Accepted,,H,WCSP,135739,,"Bidr. Egefam.","24","","1872"
kew-135740,A,Nothofagaceae,,Nothofagus,,"antarctica",,"","(G.Forst.) Oerst.",Accepted,,H,WCSP,135740,,"Bidr. Egefam.","24","","1872"
kew-135741,A,Nothofagaceae,,Nothofagus,×,"apiculata",,"","(Colenso) Cockayne",Accepted,,H,WCSP,135741,359066-1,"Trans. & Proc. New Zealand Inst.","43: 172","","1910 publ. 1911"
tro-50275405,A,Nothofagaceae,,Nothofagus,,"apiculata",var.,"dubia","(Kirk) Cheeseman",Unresolved,,L,TRO,50275405,,"Man. New Zealand Fl.","642","642","1906"
kew-135745,A,Nothofagaceae,,Nothofagus,,"balansae",,"","(Baill.) Steenis",Accepted,,H,WCSP,135745,359068-1,"J. Arnold Arbor.","35: 266","","1954"
kew-135746,A,Nothofagaceae,,Nothofagus,,"baumanniae",,"","(Baum.-Bod.) Steenis",Accepted,,H,WCSP,135746,359069-1,"J. Arnold Arbor.","35: 266","","1954"
kew-135748,A,Nothofagaceae,,Nothofagus,,"betuloides",,"","(Mirb.) Oerst.",Accepted,,H,WCSP,135748,,"Bidr. Egefam.","24","","1872"
kew-135749,A,Nothofagaceae,,Nothofagus,×,"blairii",,"","(Kirk) Cockayne",Unresolved,,L,WCSP,135749,359072-1,"Trans. & Proc. New Zealand Inst.","43: 172","","1910 publ. 1911"
tro-50275394,A,Nothofagaceae,,Nothofagus,,"blairii",,"","Govaerts",Unresolved,,L,TRO,50275394,,"World Checkl. Bibliogr. Fagales","193","193","1998"
kew-135750,A,Nothofagaceae,,Nothofagus,,"brassii",,"","Steenis",Accepted,,H,WCSP,135750,,"Blumea","7: 146","","1952"
kew-135751,A,Nothofagaceae,,Nothofagus,,"carrii",,"","Steenis",Accepted,,H,WCSP,135751,,"Blumea","7: 147","","1952"
kew-135753,A,Nothofagaceae,,Nothofagus,×,"cliffusca",,"","Cockayne & Allan",Unresolved,,L,WCSP,135753,359076-1,"Nature","118: 624","","1926"
kew-135754,A,Nothofagaceae,,Nothofagus,,"codonandra",,"","(Baill.) Steenis",Accepted,,H,WCSP,135754,359077-1,"J. Arnold Arbor.","35: 266","","1954"
kew-135756,A,Nothofagaceae,,Nothofagus,,"crenata",,"","Steenis",Accepted,,H,WCSP,135756,359079-1,"Blumea","7: 147","","1952"
kew-135759,A,Nothofagaceae,,Nothofagus,,"cunninghamii",,"","(Hook.) Oerst.",Accepted,,H,WCSP,135759,359080-1,"Skr. Vidensk.-Selsk. Christiana, Math.-Naturvidensk. Kl.","5(9): 355","","1873"
kew-135761,A,Nothofagaceae,,Nothofagus,,"discoidea",,"","(Baum.-Bod.) Steenis",Accepted,,H,WCSP,135761,359082-1,"J. Arnold Arbor.","35: 266","","1954"
kew-335913,A,Nothofagaceae,,Nothofagus,×,"dodecaphleps",,"","Mike L.Grant & E.J.Clement",Unresolved,,L,WCSP,335913,77063398-1,"Bot. J. Linn. Soc.","146: 448","","2004"
kew-135762,A,Nothofagaceae,,Nothofagus,,"dombeyi",,"","(Mirb.) Oerst.",Accepted,,H,WCSP,135762,,"Bidr. Egefam.","24","","1872"
kew-373524,A,Nothofagaceae,,Nothofagus,×,"eugenananus",,"","Gilland.",Unresolved,,L,WCSP,373524,77088363-1,"Plantsman","n.s., 7: 56","","2008"
kew-135766,A,Nothofagaceae,,Nothofagus,,"flaviramea",,"","Steenis",Accepted,,H,WCSP,135766,359086-1,"Nova Guinea","n.s., 6: 281","","1955"
kew-135768,A,Nothofagaceae,,Nothofagus,,"fusca",,"","(Hook.f.) Oerst.",Accepted,,H,WCSP,135768,359087-1,"Skr. Vidensk.-Selsk. Christiana, Math.-Naturvidensk. Kl.","5(9): 355","","1873"
kew-135769,A,Nothofagaceae,,Nothofagus,,"fusca",var.,"colensoi","(Hook.f.) Cheeseman",Accepted,,L,WCSP,135769,,"Man. New Zealand Fl.","641","","1906"
kew-135771,A,Nothofagaceae,,Nothofagus,,"glauca",,"","(Phil.) Krasser",Accepted,,H,WCSP,135771,170370-2,"Ann. K. K. Naturhist. Hofmus.","11: 163","","1896"
kew-135772,A,Nothofagaceae,,Nothofagus,,"grandis",,"","Steenis",Accepted,,H,WCSP,135772,359090-1,"Blumea","7: 147","","1952"
kew-135773,A,Nothofagaceae,,Nothofagus,,"gunnii",,"","(Hook.f.) Oerst.",Accepted,,H,WCSP,135773,359091-1,"Skr. Vidensk.-Selsk. Christiana, Math.-Naturvidensk. Kl.","5(9): 354","","1873"
kew-135774,A,Nothofagaceae,,Nothofagus,×,"leonii",,"","Espinosa",Accepted,,H,WCSP,135774,170371-2,"Revista Chilena Hist. Nat.","30: 268","","1926"
kew-135775,A,Nothofagaceae,,Nothofagus,,"macrocarpa",,"","(A.DC.) F.M.Vázquez & R.A.Rodr.",Accepted,,H,WCSP,135775,1084582-2,"Bot. J. Linn. Soc.","129: 81","","1999"
kew-135777,A,Nothofagaceae,,Nothofagus,,"menziesii",,"","(Hook.f.) Oerst.",Accepted,,H,WCSP,135777,359094-1,"Skr. Vidensk.-Selsk. Christiana, Math.-Naturvidensk. Kl.","5(9): 355","","1873"
kew-135779,A,Nothofagaceae,,Nothofagus,,"moorei",,"","(F.Muell.) Krasser",Accepted,,H,WCSP,135779,359096-1,"Ann. K. K. Naturhist. Hofmus.","11: 161","","1896"
kew-135781,A,Nothofagaceae,,Nothofagus,,"nitida",,"","(Phil.) Krasser",Accepted,,H,WCSP,135781,170375-2,"Ann. K. K. Naturhist. Hofmus.","11: 163","","1896"
kew-135782,A,Nothofagaceae,,Nothofagus,,"nuda",,"","Steenis",Accepted,,H,WCSP,135782,359099-1,"in Fl. Males.","7(2): 285","","1972"
kew-135783,A,Nothofagaceae,,Nothofagus,,"obliqua",,"","(Mirb.) Oerst.",Accepted,,H,WCSP,135783,,"Bidr. Egefam.","24","","1872"
kew-135789,A,Nothofagaceae,,Nothofagus,,"perryi",,"","Steenis",Accepted,,H,WCSP,135789,359102-1,"Blumea","7: 146","","1952"
kew-135791,A,Nothofagaceae,,Nothofagus,,"pseudoresinosa",,"","Steenis",Accepted,,H,WCSP,135791,359104-1,"Blumea","7: 147","","1952"
kew-135792,A,Nothofagaceae,,Nothofagus,,"pullei",,"","Steenis",Accepted,,H,WCSP,135792,359105-1,"Blumea","7: 146","","1952"
kew-135793,A,Nothofagaceae,,Nothofagus,,"pumilio",,"","(Poepp. & Endl.) Krasser",Accepted,,H,WCSP,135793,170381-2,"Ann. K. K. Naturhist. Hofmus.","11: 161","","1896"
kew-135796,A,Nothofagaceae,,Nothofagus,,"resinosa",,"","Steenis",Accepted,,H,WCSP,135796,359108-1,"Blumea","7: 147","","1952"
kew-135797,A,Nothofagaceae,,Nothofagus,,"rubra",,"","Steenis",Accepted,,H,WCSP,135797,359109-1,"Blumea","7: 147","","1952"
kew-135798,A,Nothofagaceae,,Nothofagus,,"rutila",,"","Ravenna",Accepted,,H,WCSP,135798,1015465-1,"Onira","5: 1","","2000"
kew-135799,A,Nothofagaceae,,Nothofagus,,"solandri",,"","(Hook.f.) Oerst.",Accepted,,H,WCSP,135799,359110-1,"Skr. Vidensk.-Selsk. Christiana, Math.-Naturvidensk. Kl.","5(9): 355","","1873"
kew-135800,A,Nothofagaceae,,Nothofagus,,"solandri",var.,"cliffortioides","(Hook.f.) Poole",Accepted,,L,WCSP,135800,,"Trees Shrubs New Zealand","118","","1963"
kew-135802,A,Nothofagaceae,,Nothofagus,×,"solfusca",,"","Allan",Unresolved,,L,WCSP,135802,359111-1,"Genetica","11: 501","","1929"
kew-135804,A,Nothofagaceae,,Nothofagus,,"starkenborghii",,"","Steenis",Accepted,,H,WCSP,135804,,"Blumea","7: 146","","1952"
kew-135805,A,Nothofagaceae,,Nothofagus,,"stylosa",,"","Steenis",Accepted,,H,WCSP,135805,930272-1,"Kew Bull.","41: 732","","1986"
kew-135809,A,Nothofagaceae,,Nothofagus,,"womersleyi",,"","Steenis",Accepted,,H,WCSP,135809,359116-1,"in Fl. Males.","7(2): 294","","1972"
