﻿ID,Major group,Family,Genus hybrid marker,Genus,Species hybrid marker,Species,Infraspecific rank,Infraspecific epithet,Authorship,Taxonomic status in TPL,Nomenclatural status from original data source,Confidence level,Source,Source id,IPNI id,Publication,Collation,Page,Date
kew-2635933,A,Olacaceae,,Anacolosa,,"casearioides",,"","Cavaco & Keraudren",Accepted,,M,WCSP (in review),768069,607582-1,"Bull. Soc. Bot. France","110: 246","","1963"
kew-2635934,A,Olacaceae,,Anacolosa,,"cauliflora",,"","Sleumer",Accepted,,M,WCSP (in review),768070,607583-1,"Blumea","26: 148","","1980"
kew-2635936,A,Olacaceae,,Anacolosa,,"clarkii",,"","Pierre",Accepted,,M,WCSP (in review),768072,607585-1,"Fl. Forest. Cochinch.","t. 266","","1892"
kew-2635937,A,Olacaceae,,Anacolosa,,"crassipes",,"","(Kurz) Kurz",Accepted,,M,WCSP (in review),768073,,"J. Asiat. Soc. Bengal, Pt. 2, Nat. Hist.","44(2): 153","","1875"
kew-2635938,A,Olacaceae,,Anacolosa,,"densiflora",,"","Bedd.",Accepted,,M,WCSP (in review),768074,607587-1,"Madras J. Lit. Sci.","III, 1: 38","","1864"
kew-2635939,A,Olacaceae,,Anacolosa,,"frutescens",,"","(Blume) Blume",Accepted,,M,WCSP (in review),768075,,"Mus. Bot.","1: 251","","1850"
kew-2635940,A,Olacaceae,,Anacolosa,,"glochidiiformis",,"","Kaneh. & Hatus.",Accepted,,M,WCSP (in review),768076,607589-1,"Bot. Mag. (Tokyo)","50: 601","","1936"
kew-2635941,A,Olacaceae,,Anacolosa,,"griffithii",,"","Mast.",Accepted,,M,WCSP (in review),768077,607590-1,"Fl. Brit. India","1: 580","","1875"
kew-2635943,A,Olacaceae,,Anacolosa,,"ilicoides",,"","Mast.",Accepted,,M,WCSP (in review),768079,607592-1,"Fl. Brit. India","1: 580","","1875"
kew-2635944,A,Olacaceae,,Anacolosa,,"insularis",,"","Christoph.",Accepted,,M,WCSP (in review),768080,607593-1,"Bernice P. Bishop Mus. Bull.","128: 80","","1935"
kew-2635945,A,Olacaceae,,Anacolosa,,"lutea",,"","Gillespie",Accepted,,M,WCSP (in review),768081,607594-1,"Bernice P. Bishop Mus. Bull.","91: 5","","1932"
kew-2635948,A,Olacaceae,,Anacolosa,,"papuana",,"","Schellenb.",Accepted,,M,WCSP (in review),768084,607598-1,"Bot. Jahrb. Syst.","58: 157","","1923"
kew-2635949,A,Olacaceae,,Anacolosa,,"pervilleana",,"","Baill.",Accepted,,M,WCSP (in review),768085,607599-1,"Adansonia","3: 119","","1862"
kew-2635950,A,Olacaceae,,Anacolosa,,"poilanei",,"","Gagnep.",Accepted,,M,WCSP (in review),768086,607600-1,"Notul. Syst. (Paris)","13: 131","","1947"
kew-2635953,A,Olacaceae,,Anacolosa,,"uncifera",,"","Louis & Boutique",Accepted,,M,WCSP (in review),768089,607602-1,"Bull. Jard. Bot. État","18: 256","","1947"
kew-2644418,A,Olacaceae,,Aptandra,,"caudata",,"","A.H.Gentry & Ortiz",Accepted,,M,WCSP (in review),776497,306072-2,"Novon","2: 153","","1992"
kew-2644420,A,Olacaceae,,Aptandra,,"liriosmoides",,"","Spruce ex Miers",Accepted,,M,WCSP (in review),776499,607625-1,"Ann. Mag. Nat. Hist.","III, 4: 360","","1859"
kew-2644422,A,Olacaceae,,Aptandra,,"tubicina",,"","(Poepp.) Benth. ex Miers",Accepted,,M,WCSP (in review),776501,607627-1,"Ann. Mag. Nat. Hist.","III, 4: 360","","1859"
kew-2644423,A,Olacaceae,,Aptandra,,"zenkeri",,"","Engl.",Accepted,,M,WCSP (in review),776502,,"Nat. Pflanzenfam.","Nachtr. 1: 147","","1897"
kew-2681321,A,Olacaceae,,Brachynema,,"axillare",,"","Duno & P.E.Berry",Accepted,,M,WCSP (in review),813032,306114-2,"Novon","5: 238","","1995"
kew-2681323,A,Olacaceae,,Brachynema,,"ramiflorum",,"","Benth.",Accepted,,M,WCSP (in review),813034,,"Trans. Linn. Soc. London","22: 126","","1859"
kew-2705757,A,Olacaceae,,Cathedra,,"acuminata",,"","(Benth.) Miers",Accepted,,M,WCSP (in review),836449,607671-1,"Ann. Mag. Nat. Hist.","III, 4: 361","","1859"
kew-2705759,A,Olacaceae,,Cathedra,,"bahiensis",,"","Sleumer",Accepted,,M,WCSP (in review),836451,50078-2,"Fl. Neotrop. Monogr.","38: 111","","1984"
kew-2705762,A,Olacaceae,,Cathedra,,"gardneriana",,"","Miers",Unresolved,,L,WCSP (in review),836454,607675-1,"Ann. Mag. Nat. Hist.","II, 7: 459","","1851"
kew-2705763,A,Olacaceae,,Cathedra,,"grandiflora",,"","Loes.",Accepted,,M,WCSP (in review),836455,50080-2,"Flora","72: 75","","1889"
kew-2705767,A,Olacaceae,,Cathedra,,"paraensis",,"","Sleumer",Accepted,,M,WCSP (in review),836459,50084-2,"Repert. Spec. Nov. Regni Veg.","39: 281","","1936"
kew-2705768,A,Olacaceae,,Cathedra,,"rubricaulis",,"","Miers",Accepted,,M,WCSP (in review),836460,607681-1,"Ann. Mag. Nat. Hist.","II, 7: 458","","1851"
kew-2716035,A,Olacaceae,,Chaunochiton,,"angustifolium",,"","Sleumer",Accepted,,M,WCSP (in review),846494,55670-2,"Repert. Spec. Nov. Regni Veg.","42: 261","","1937"
kew-2716037,A,Olacaceae,,Chaunochiton,,"kappleri",,"","(Sagot ex Engl.) Ducke",Accepted,,M,WCSP (in review),846496,55672-2,"Arch. Jard. Bot. Rio de Janeiro","3: 41","","1922"
kew-2716038,A,Olacaceae,,Chaunochiton,,"loranthoides",,"","Benth.",Accepted,,M,WCSP (in review),846497,607695-1,"Hooker's Icon. Pl.","11: t. 1005","","1867"
kew-2740459,A,Olacaceae,,Coula,,"edulis",,"","Baill.",Accepted,,M,WCSP (in review),870728,607746-1,"Adansonia","3: 61","","1862"
kew-2748894,A,Olacaceae,,Curupira,,"tefeensis",,"","G.A.Black",Accepted,,M,WCSP (in review),878851,72734-2,"Bol. Técn. Inst. Agron. N.","15: 17","","1948"
kew-2606979,A,Olacaceae,,Diogoa,,"retivenia",,"","(S.Moore) Breteler",Accepted,,M,WCSP (in review),740008,77087141-1,"Syst. & Geogr. Pl.","77: 240","","2007"
kew-2768919,A,Olacaceae,,Diogoa,,"zenkeri",,"","(Engl.) Exell & Mendonça",Accepted,,M,WCSP (in review),898516,607761-1,"Bol. Soc. Brot.","II, 25: 109","","1951"
kew-2776104,A,Olacaceae,,Douradoa,,"consimilis",,"","Sleumer",Accepted,,M,WCSP (in review),904209,83332-2,"Fl. Neotrop. Monogr.","38: 138","","1984"
kew-2777746,A,Olacaceae,,Drebbelia,,"ferruginea",,"","Zoll. & Moritzi",Unresolved,,L,WCSP (in review),905811,493411-1,"Natuur- Geneesk. Arch. Ned.-Indië","3: 79","","1846"
kew-2777747,A,Olacaceae,,Drebbelia,,"subarborescens",,"","Zoll.",Unresolved,,L,WCSP (in review),905812,607765-1,"Natuurk. Tijdschr. Ned.-Indië","14: 160","","1857"
kew-2779186,A,Olacaceae,,Dulacia,,"candida",,"","(Poepp.) Kuntze",Accepted,,M,WCSP (in review),907248,85764-2,"Revis. Gen. Pl.","1: 111","","1891"
kew-2779187,A,Olacaceae,,Dulacia,,"crassa",,"","(Monach.) Sleumer",Accepted,,M,WCSP (in review),907249,913945-1,"Fl. Neotrop. Monogr.","38: 120","","1984"
kew-2779188,A,Olacaceae,,Dulacia,,"cyanocarpa",,"","Sleumer",Accepted,,M,WCSP (in review),907250,85766-2,"Fl. Neotrop. Monogr.","38: 130","","1984"
kew-2779189,A,Olacaceae,,Dulacia,,"egleri",,"","(Rangel) Sleumer",Accepted,,M,WCSP (in review),907251,913946-1,"Fl. Neotrop. Monogr.","38: 121","","1984"
kew-2779190,A,Olacaceae,,Dulacia,,"gardneriana",,"","(Benth.) Kuntze",Accepted,,M,WCSP (in review),907252,85767-2,"Revis. Gen. Pl.","1: 111","","1891"
tro-22900175,A,Olacaceae,,Dulacia,,"gracilis",,"","A.C. Sm.",Unresolved,,L,TRO,22900175,,"Bull. Torrey Bot. Club","58: 91","91","1931"
kew-2779193,A,Olacaceae,,Dulacia,,"guianensis",,"","(Engl.) Kuntze",Accepted,,M,WCSP (in review),907255,85770-2,"Revis. Gen. Pl.","1: 111","","1891"
kew-2779194,A,Olacaceae,,Dulacia,,"inopiflora",,"","(Miers) Kuntze",Accepted,,M,WCSP (in review),907256,85771-2,"Revis. Gen. Pl.","1: 111","","1891"
kew-2779195,A,Olacaceae,,Dulacia,,"macrophylla",,"","(Benth.) Kuntze",Accepted,,M,WCSP (in review),907257,85772-2,"Revis. Gen. Pl.","1: 111","","1891"
kew-2779198,A,Olacaceae,,Dulacia,,"papillosa",,"","(Rangel) Sleumer",Accepted,,M,WCSP (in review),907260,913947-1,"Fl. Neotrop. Monogr.","38: 130","","1984"
kew-2779199,A,Olacaceae,,Dulacia,,"pauciflora",,"","(Benth.) Kuntze",Accepted,,M,WCSP (in review),907261,85776-2,"Revis. Gen. Pl.","1: 111","","1891"
kew-2779201,A,Olacaceae,,Dulacia,,"redmondii",,"","Steyerm.",Accepted,,M,WCSP (in review),907263,85778-2,"Phytologia","38: 217","","1978"
kew-2779202,A,Olacaceae,,Dulacia,,"singularis",,"","Vell.",Accepted,,M,WCSP (in review),907264,607779-1,"Fl. Flumin.","1: 32, t. 78","","1829"
kew-2779204,A,Olacaceae,,Dulacia,,"tepuiensis",,"","(Steyerm.) Sleumer & Steyerm.",Accepted,,M,WCSP (in review),907266,913948-1,"Fl. Neotrop. Monogr.","38: 119","","1984"
kew-2789253,A,Olacaceae,,Engomegoma,,"gordonii",,"","Breteler",Accepted,,M,WCSP (in review),917081,988501-1,"Bot. Jahrb. Syst.","118: 114","","1996"
kew-2801096,A,Olacaceae,,Erythropalum,,"scandens",,"","Blume",Accepted,,M,WCSP (in review),928901,607794-1,"Bijdr.","922","","1826"
kew-2813069,A,Olacaceae,,Fissilia,,"psittacorum",,"","Blanco",Unresolved,,L,WCSP (in review),940691,607799-1,"Fl. Filip.","28","","1837"
kew-2839646,A,Olacaceae,,Harmandia,,"congoensis",,"","Tiegh.",Unresolved,,L,WCSP (in review),966928,607839-1,"Bull. Soc. Bot. France","43: 570","","1896"
kew-2839647,A,Olacaceae,,Harmandia,,"flavescens",,"","(Laness.) Pierre ex F.Heim",Unresolved,,L,WCSP (in review),966929,607840-1,"J. Linn. Soc., Bot.","31: 123","","1895"
kew-2839648,A,Olacaceae,,Harmandia,,"kunstleri",,"","King",Unresolved,,L,WCSP (in review),966930,607841-1,"J. Asiat. Soc. Bengal, Pt. 2, Nat. Hist.","64(2): 100","","1895"
kew-2839649,A,Olacaceae,,Harmandia,,"mekongensis",,"","Baill.",Unresolved,,L,WCSP (in review),966931,607842-1,"Bull. Mens. Soc. Linn. Paris","2: 770","","1889"
kew-2842011,A,Olacaceae,,Heisteria,,"acuminata",,"","(Humb. & Bonpl.) Engl.",Accepted,,M,WCSP (in review),969263,70029599-1,"Fl. Bras.","12(2): 14","","1872"
kew-2842015,A,Olacaceae,,Heisteria,,"amazonica",,"","Sleumer",Accepted,,M,WCSP (in review),969267,118582-2,"Repert. Spec. Nov. Regni Veg.","38: 206","","1935"
tro-50167309,A,Olacaceae,,Heisteria,,"amphoricarpa",,"","(Ducke) Sleumer",Accepted,,L,TRO,50167309,914072-1,"Fl. Neotrop.","38: 49–50, f. 3A–B","49","1984"
kew-2842017,A,Olacaceae,,Heisteria,,"asplundii",,"","Sleumer",Accepted,,M,WCSP (in review),969269,118584-2,"Fl. Neotrop. Monogr.","38: 48","","1984"
kew-2842018,A,Olacaceae,,Heisteria,,"barbata",,"","Cuatrec.",Accepted,,M,WCSP (in review),969270,118585-2,"Trop. Woods","101: 26","","1955"
kew-2842020,A,Olacaceae,,Heisteria,,"blanchetiana",,"","(Engl.) Sleumer",Accepted,,M,WCSP (in review),969272,914073-1,"Fl. Neotrop. Monogr.","38: 80","","1984"
tro-22900022,A,Olacaceae,,Heisteria,,"cauliflora",,"","Sm.",Accepted,,M,TRO,22900022,607851-1,"Cycl.","17: Heisteria no. 2","Heisteria no. 2","1819"
kew-2842028,A,Olacaceae,,Heisteria,,"citrifolia",,"","Engl.",Accepted,,M,WCSP (in review),969280,607854-1,"Fl. Bras.","12(2): 18","","1872"
kew-2842029,A,Olacaceae,,Heisteria,,"coccinea",,"","Jacq.",Accepted,,M,WCSP (in review),969281,607856-1,"Enum. Syst. Pl.","20","","1760"
kew-2842032,A,Olacaceae,,Heisteria,,"concinna",,"","Standl.",Accepted,,M,WCSP (in review),969284,118596-2,"Publ. Field Mus. Nat. Hist., Bot. Ser.","8: 137","","1930"
kew-2842033,A,Olacaceae,,Heisteria,,"costaricensis",,"","Donn.Sm.",Accepted,,M,WCSP (in review),969285,118597-2,"Bot. Gaz.","19: 255","","1894"
kew-2842037,A,Olacaceae,,Heisteria,,"cyathiformis",,"","Little",Accepted,,M,WCSP (in review),969289,118600-2,"J. Wash. Acad. Sci.","38: 87","","1948"
kew-2842038,A,Olacaceae,,Heisteria,,"densifrons",,"","Engl.",Accepted,,M,WCSP (in review),969290,607863-1,"Fl. Bras.","12(2): 17","","1872"
kew-2842039,A,Olacaceae,,Heisteria,,"duckei",,"","Sleumer",Accepted,,M,WCSP (in review),969291,118602-2,"Repert. Spec. Nov. Regni Veg.","38: 207","","1935"
tro-50209325,A,Olacaceae,,Heisteria,,"erythrocarpa",,"","P. Jørg. & C. Ulloa",Accepted,,M,TRO,50209325,70029596-1,"Fl. Ecuador","69: 82, f. 18","82","2002"
kew-2842045,A,Olacaceae,,Heisteria,,"heistera",,"","Kuntze",Unresolved,,L,WCSP (in review),969297,690395-1,"Revis. Gen. Pl.","3(2): 10","","1898"
tro-50167320,A,Olacaceae,,Heisteria,,"huberiana",,"","Sleumer",Accepted,,M,TRO,50167320,297626-2,"Nat. Pflanzenfam. (ed. 2)","16b: 17","17","1935"
kew-2842047,A,Olacaceae,,Heisteria,,"insculpta",,"","Sleumer",Accepted,,M,WCSP (in review),969299,118607-2,"Notizbl. Bot. Gart. Berlin-Dahlem","12: 65","","1934"
kew-2842052,A,Olacaceae,,Heisteria,,"latifolia",,"","Standl.",Accepted,,M,WCSP (in review),969304,118612-2,"J. Wash. Acad. Sci.","17: 8","","1927"
tro-22900035,A,Olacaceae,,Heisteria,,"laxiflora",,"","Engl.",Accepted,,M,TRO,22900035,607877-1,"Fl. Bras.","12(2): 19","19","1872"
kew-2842056,A,Olacaceae,,Heisteria,,"macrophylla",,"","Oerst.",Accepted,,M,WCSP (in review),969308,607881-1,"Vidensk. Meddel. Naturhist. Foren. Kjøbenhavn","1856: 40","","1856"
kew-2842057,A,Olacaceae,,Heisteria,,"maguirei",,"","Sleumer",Accepted,,M,WCSP (in review),969309,118616-2,"Fl. Neotrop. Monogr.","38: 68","","1984"
kew-2842058,A,Olacaceae,,Heisteria,,"maytenoides",,"","Spruce ex Engl.",Accepted,,M,WCSP (in review),969310,607882-1,"Fl. Bras.","12(2): 15","","1872"
kew-2842059,A,Olacaceae,,Heisteria,,"media",,"","S.F.Blake",Accepted,,M,WCSP (in review),969311,118618-2,"Contr. U. S. Natl. Herb.","24: 3","","1922"
kew-2842068,A,Olacaceae,,Heisteria,,"ovata",,"","Benth.",Accepted,,M,WCSP (in review),969320,607892-1,"Hooker's J. Bot. Kew Gard. Misc.","3: 366","","1851"
tro-50209333,A,Olacaceae,,Heisteria,,"pacifica",,"","P. Jørg. & C. Ulloa",Accepted,,M,TRO,50209333,70029595-1,"Fl. Ecuador","69: 72, f. 16","72","2002"
tro-22900046,A,Olacaceae,,Heisteria,,"paraensis",,"","Huber",Unresolved,,L,TRO,22900046,,"","","",""
kew-2842072,A,Olacaceae,,Heisteria,,"parvifolia",,"","Sm.",Accepted,,M,WCSP (in review),969324,607895-1,"Cycl.","17: 3","","1811"
kew-2842073,A,Olacaceae,,Heisteria,,"pentandra",,"","(Benth. ex Reissek) Engl.",Accepted,,M,WCSP (in review),969325,607896-1,"Fl. Bras.","12(2): 20","","1872"
tro-50167483,A,Olacaceae,,Heisteria,,"perianthomega",,"","(Vell.) Sleumer",Accepted,,M,TRO,50167483,914074-1,"Fl. Neotrop.","38: 76–77","76","1984"
kew-2842075,A,Olacaceae,,Heisteria,,"povedae",,"","Q.Jiménez & S.Knapp",Accepted,,M,WCSP (in review),969327,1015304-1,"Bull. Nat. Hist. Mus. (London), Bot.","30: 1","","2000"
kew-2842076,A,Olacaceae,,Heisteria,,"pungens",,"","P.J.Bergius",Unresolved,,L,WCSP (in review),969328,690397-1,"Descr. Pl. Cap.","185","","1767"
tro-22900049,A,Olacaceae,,Heisteria,,"salicifolia",,"","Engl.",Accepted,,M,TRO,22900049,607900-1,"Fl. Bras.","12(2): 20","20","1872"
kew-2842081,A,Olacaceae,,Heisteria,,"scandens",,"","Ducke",Accepted,,M,WCSP (in review),969333,118633-2,"Arch. Jard. Bot. Rio de Janeiro","4: 9","","1925"
tro-22900081,A,Olacaceae,,Heisteria,,"silvianii",,"","Schwacke",Accepted,,M,TRO,22900081,118635-2,"Pl. Nov. Mineir.","2: 3, t. 1","3","1900"
tro-50158440,A,Olacaceae,,Heisteria,,"skutchii",,"","Sleumer",Accepted,,M,TRO,50158440,118636-2,"Fl. Neotrop.","38: 50","50","1984"
kew-2842086,A,Olacaceae,,Heisteria,,"spruceana",,"","Engl.",Accepted,,M,WCSP (in review),969338,607905-1,"Fl. Bras.","12(2): 15","","1872"
kew-2902177,A,Olacaceae,,Heisteria,,"trillesiana",,"","Pierre ex Heckel",Accepted,,M,WCSP (in review),1024826,,"Rev. Cultures Colon.","11: 258","","1902"
kew-2842096,A,Olacaceae,,Heisteria,,"zimmereri",,"","Engl.",Accepted,,M,WCSP (in review),969348,607916-1,"Notizbl. Königl. Bot. Gart. Berlin","2: 288","","1899"
kew-2847905,A,Olacaceae,,Heterapithmos,,"floribunda",,"","Turcz.",Unresolved,,L,WCSP (in review),975122,607920-1,"Bull. Soc. Imp. Naturalistes Moscou","32(1): 265","","1859"
kew-2904152,A,Olacaceae,,Hondurodendron,,"urceolatum",,"","C.Ulloa, Nickrent, Whitef. & D.L.Kelly",Unresolved,,L,WCSP (in review),1026609,77111709-1,"Ann. Missouri Bot. Gard.","97: 459","","2010"
kew-2493731,A,Olacaceae,,Lavalleopsis,,"klaineana",,"","Engl.",Unresolved,,L,WCSP (in review),630423,607977-1,"Nat. Pflanzenfam.","Nachtr. 1: 148","","1897"
kew-2493730,A,Olacaceae,,Lavalleopsis,,"longifolia",,"","De Wild. & T.Durand",Unresolved,,L,WCSP (in review),630422,607978-1,"Bull. Soc. Roy. Bot. Belgique","Compt. Rend. 38: 186","","1899"
tro-22900057,A,Olacaceae,,Liriosma,,"adharvens",,"","Spruce",Unresolved,,L,TRO,22900057,,"","","",""
kew-2493880,A,Olacaceae,,Liriosma,,"vellozoana",,"","A.DC.",Unresolved,,L,WCSP (in review),630534,608015-1,"Prodr.","8: 673","","1844"
kew-2498457,A,Olacaceae,,Lopadocalyx,,"uliginosus",,"","Klotzsch",Unresolved,,L,WCSP (in review),634985,,"Pl. Preiss.","1: 178","","1845"
tro-22900260,A,Olacaceae,,Maburea,,"trinervis",,"","Maas",Accepted,,M,TRO,22900260,300798-2,"Bot. Jahrb. Syst.","114(2): 276–291, f. 1–6","276","1992"
tro-22900242,A,Olacaceae,,Malania,,"oleifera",,"","Chun & S.K. Lee",Accepted,,M,TRO,22900242,608018-1,"Bull. Bot. Lab. N.-E. Forest. Inst., Harbin","6: 67–68, f. 1, 2","67","1980"
kew-2502112,A,Olacaceae,,Minquartia,,"guianensis",,"","Aubl.",Accepted,,M,WCSP (in review),638592,110121-1,"Hist. Pl. Guiane","2(Suppl.): 4","","1775"
kew-2400270,A,Olacaceae,,Ochanostachys,,"amentacea",,"","Mast.",Unresolved,,L,WCSP (in review),538775,608062-1,"Fl. Brit. India","1: 577","","1875"
kew-2400269,A,Olacaceae,,Ochanostachys,,"bancana",,"","Valeton",Unresolved,,L,WCSP (in review),538774,608063-1,"Crit. Overz. Olacin.","104","","1886"
kew-2400266,A,Olacaceae,,Octoknema,,"affinis",,"","Pierre",Accepted,,M,WCSP (in review),538771,608064-1,"J. Bot. (Morot)","19: 46","","1905"
tro-22900215,A,Olacaceae,,Octoknema,,"affinis",,"","Pierre ex Tieghem",Unresolved,,L,TRO,22900215,,"","","",""
kew-2400265,A,Olacaceae,,Octoknema,,"aruwimiensis",,"","Mildbr.",Unresolved,,L,WCSP (in review),538770,608065-1,"Notizbl. Bot. Gart. Berlin-Dahlem","11: 661","","1932"
kew-2400264,A,Olacaceae,,Octoknema,,"borealis",,"","Hutch. & Dalziel",Accepted,,M,WCSP (in review),538769,608066-1,"Fl. W. Trop. Afr.","1: 464","","1928"
tro-22900221,A,Olacaceae,,Octoknema,,"dinklagei",,"","Engl.",Accepted,,M,TRO,22900221,,"","","",""
kew-2400262,A,Olacaceae,,Octoknema,,"genovefae",,"","Villiers",Accepted,,M,WCSP (in review),538767,608068-1,"Bull. Inst. Fondam. Afrique Noire, Sér. A., Sci. Nat.","34: 5","","1972"
kew-2400247,A,Olacaceae,,Octoknema,,"hulstaertiana",,"","Germ.",Unresolved,,L,WCSP (in review),538752,608069-1,"Bull. Jard. Bot. État","25: 261","","1955"
tro-50205387,A,Olacaceae,,Octoknema,,"klaineana",,"","Pierre",Accepted,,M,TRO,50205387,608070-1,"Bull. Mens. Soc. Linn. Paris","2: 1293","1293","1897"
tro-22900235,A,Olacaceae,,Octoknema,,"orientalis",,"","Mildbr.",Accepted,,M,TRO,22900235,608072-1,"Notizbl. Bot. Gart. Berlin-Dahlem","11: 660","660","1932"
kew-2400257,A,Olacaceae,,Octoknema,,"winkleri",,"","Engl.",Accepted,,M,WCSP (in review),538762,608073-1,"Bot. Jahrb. Syst.","43: 177","","1909"
kew-2400255,A,Olacaceae,,Octoplis,,"polistachya",,"","Raf.",Unresolved,,L,WCSP (in review),538760,608074-1,"Fl. Tellur.","4: 105","","1838"
tro-22900266,A,Olacaceae,,Olax,,"acuminata",,"","Wall. ex Benth.",Accepted,,M,TRO,22900266,927856-1,"Proc. Linn. Soc. Lond.","1: 89","89","1840"
kew-2400248,A,Olacaceae,,Olax,,"angulata",,"","A.S.George",Unresolved,,L,WCSP (in review),538753,904765-1,"in Fl. Australia","22: 220","","1984"
kew-2400290,A,Olacaceae,,Olax,,"angustifolia",,"","Compère",Unresolved,,L,WCSP (in review),538795,608079-1,"Bull. Jard. Bot. État","32: 201","","1962"
kew-2605045,A,Olacaceae,,Olax,,"antsiranensis",,"","Z.S.Rogers, Malécot & Sikes",Unresolved,,L,WCSP (in review),738200,,"Adansonia","III, 28: 75","","2006"
kew-2400261,A,Olacaceae,,Olax,,"aphylla",,"","R.Br.",Unresolved,,L,WCSP (in review),538766,608080-1,"Prodr. Fl. Nov. Holl.","358","","1810"
kew-2400293,A,Olacaceae,,Olax,,"aschersoniana",,"","Büttner",Accepted,,M,WCSP (in review),538798,608081-1,"Verh. Bot. Vereins Prov. Brandenburg","32: 46","","1890"
kew-2400294,A,Olacaceae,,Olax,,"aurantia",,"","A.S.George",Unresolved,,L,WCSP (in review),538799,904766-1,"in Fl. Australia","22: 220","","1984"
tro-22900265,A,Olacaceae,,Olax,,"austrosinensis",,"","Y.R. Ling",Accepted,,M,TRO,22900265,907488-1,"Bull. Bot. Res., Harbin","2(4): 18","18","1982"
kew-2400296,A,Olacaceae,,Olax,,"autraniana",,"","Pierre",Unresolved,,L,WCSP (in review),538801,608082-1,"Bull. Mens. Soc. Linn. Paris","2: 1295","","1897"
kew-2400306,A,Olacaceae,,Olax,,"bador",,"","Buch.-Ham.",Unresolved,,L,WCSP (in review),538811,608083-1,"Numer. List","6778","","1832"
kew-2400291,A,Olacaceae,,Olax,,"benthamiana",,"","Miq.",Unresolved,,L,WCSP (in review),538796,608085-1,"Pl. Preiss.","1: 228","","1845"
kew-2400302,A,Olacaceae,,Olax,,"breonii",,"","Baill.",Unresolved,,L,WCSP (in review),538807,608088-1,"Adansonia","3: 121","","1862"
kew-2400303,A,Olacaceae,,Olax,,"capuronii",,"","Z.S.Rogers, Malécot & Sikes",Unresolved,,L,WCSP (in review),538808,,"Adansonia","III, 28: 77","","2006"
kew-2400304,A,Olacaceae,,Olax,,"chariensis",,"","A.Chev.",Unresolved,,L,WCSP (in review),538809,608089-1,"Etudes Fl. Afr. Centr. Franç.","1: 54","","1913"
kew-2400276,A,Olacaceae,,Olax,,"denticulata",,"","Engl.",Unresolved,,L,WCSP (in review),538781,,"Nat. Pflanzenfam.","Nachtr. 1: 146","","1897"
kew-2400299,A,Olacaceae,,Olax,,"dissitiflora",,"","Oliv.",Accepted,,M,WCSP (in review),538804,608091-1,"Fl. Trop. Afr.","1: 350","","1868"
kew-2400297,A,Olacaceae,,Olax,,"durandii",,"","Engl.",Unresolved,,L,WCSP (in review),538802,,"Nat. Pflanzenfam.","Nachtr. 1: 146","","1897"
tro-22900090,A,Olacaceae,,Olax,,"emirnensis",,"","Baker",Accepted,,M,TRO,22900090,608093-1,"J. Linn. Soc., Bot.","21: 331","331","1884"
kew-2400287,A,Olacaceae,,Olax,,"gambecola",,"","Baill.",Accepted,,M,WCSP (in review),538792,608095-1,"Adansonia","3: 121","","1862"
kew-2400285,A,Olacaceae,,Olax,,"gilletii",,"","De Wild.",Unresolved,,L,WCSP (in review),538790,608097-1,"Ann. Mus. Congo Belge, Bot.","V, 2: 32","","1907"
kew-2400283,A,Olacaceae,,Olax,,"gossweileri",,"","Exell & Mendonça",Accepted,,M,WCSP (in review),538788,608099-1,"Bol. Soc. Brot.","II, 25: 109","","1951"
kew-2400282,A,Olacaceae,,Olax,,"heyneana",,"","Wall.",Unresolved,,L,WCSP (in review),538787,608100-1,"Numer. List","6780","","1832"
kew-2400279,A,Olacaceae,,Olax,,"hypoleuca",,"","Baill.",Unresolved,,L,WCSP (in review),538784,608103-1,"Adansonia","8: 345","","1868"
tro-50249641,A,Olacaceae,,Olax,,"imbricata",,"","Roxb.",Accepted,,M,TRO,50249641,608105-1,"Fl. Ind., ed. 1820","1: 169","169","1820"
kew-2400199,A,Olacaceae,,Olax,,"insculpta",,"","Hutch.",Unresolved,,L,WCSP (in review),538704,,"Bull. Misc. Inform. Kew","1917: 231","","1917"
kew-2400259,A,Olacaceae,,Olax,,"lanceolata",,"","Cavaco & Keraudren",Unresolved,,L,WCSP (in review),538764,608107-1,"Bull. Soc. Bot. France","110: 245","","1963"
kew-2400213,A,Olacaceae,,Olax,,"latifolia",,"","Engl.",Accepted,,M,WCSP (in review),538718,,"Nat. Pflanzenfam.","Nachtr. 1: 146","","1897"
kew-2400210,A,Olacaceae,,Olax,,"laxiflora",,"","Merr. ex H.L.Li",Unresolved,,L,WCSP (in review),538715,608111-1,"J. Arnold Arbor.","26: 60","","1945"
kew-2400211,A,Olacaceae,,Olax,,"laxiflora",,"","Ridl.",Unresolved,,L,WCSP (in review),538716,608110-1,"Bull. Misc. Inform. Kew","1931: 34","","1931"
kew-2400209,A,Olacaceae,,Olax,,"longiflora",,"","Engl.",Unresolved,,L,WCSP (in review),538714,,"Nat. Pflanzenfam.","Nachtr. 1: 146","","1897"
kew-2400206,A,Olacaceae,,Olax,,"loranthiformis",,"","Griff.",Unresolved,,L,WCSP (in review),538711,608115-1,"Not. Pl. Asiat.","4: 691","","1854"
kew-2400205,A,Olacaceae,,Olax,,"lucida",,"","B.Heyne",Unresolved,,L,WCSP (in review),538710,608116-1,"Numer. List","6777","","1832"
kew-2400204,A,Olacaceae,,Olax,,"macrocalyx",,"","Engl.",Unresolved,,L,WCSP (in review),538709,608117-1,"Nat. Pflanzenfam.","Nachtr. 1: 146","","1897"
tro-50275696,A,Olacaceae,,Olax,,"madagascariensis",,"","(DC.) Valeton",Accepted,,M,TRO,50275696,,"Crit. Overz. Olacin.","120","120","1886"
kew-2400187,A,Olacaceae,,Olax,,"major",,"","Stapf",Unresolved,,L,WCSP (in review),538692,608120-1,"J. Linn. Soc., Bot.","37: 88","","1905"
kew-2400200,A,Olacaceae,,Olax,,"mannii",,"","Oliv.",Accepted,,M,WCSP (in review),538705,608121-1,"Fl. Trop. Afr.","1: 349","","1868"
kew-2605047,A,Olacaceae,,Olax,,"mayottensis",,"","Z.S.Rogers, Malécot & Sikes",Unresolved,,L,WCSP (in review),738202,,"Adansonia","III, 28: 90","","2006"
kew-2400198,A,Olacaceae,,Olax,,"merguensis",,"","Planch. ex Mast.",Unresolved,,L,WCSP (in review),538703,608122-1,"Fl. Brit. India","1: 576","","1875"
kew-2400197,A,Olacaceae,,Olax,,"minquartioides",,"","Baill. ex Pellegr.",Unresolved,,L,WCSP (in review),538702,608123-1,"Mém. Soc. Linn. Normandie","26(2): 63","","1924"
kew-2400195,A,Olacaceae,,Olax,,"multiflora",,"","Ridl.",Unresolved,,L,WCSP (in review),538700,608125-1,"Bull. Misc. Inform. Kew","1931: 34","","1931"
kew-2400196,A,Olacaceae,,Olax,,"multiflora",,"","Rich. ex Baill.",Unresolved,,L,WCSP (in review),538701,608124-1,"Adansonia","3: 121","","1862"
tro-50325781,A,Olacaceae,,Olax,,"nana",,"","Wall. ex Benth.",Accepted,,M,TRO,50325781,927857-1,"Proc. Linn. Soc. Lond.","1: 88","88","1840"
kew-2400192,A,Olacaceae,,Olax,,"obcordata",,"","A.S.George",Unresolved,,L,WCSP (in review),538697,904767-1,"in Fl. Australia","22: 220","","1984"
kew-2400191,A,Olacaceae,,Olax,,"obtusa",,"","Blume",Unresolved,,L,WCSP (in review),538696,608127-1,"Bijdr.","131","","1825"
kew-2400190,A,Olacaceae,,Olax,,"obtusifolia",,"","De Wild.",Accepted,,M,WCSP (in review),538695,608128-1,"Ann. Mus. Congo Belge, Bot.","IV, 1: 177","","1903"
kew-2400188,A,Olacaceae,,Olax,,"pendula",,"","L.S.Sm.",Unresolved,,L,WCSP (in review),538693,,"Contr. Queensland Herb.","6: 19","","1969"
tro-22900237,A,Olacaceae,,Olax,,"pentandra",,"","Sleumer",Accepted,,M,TRO,22900237,608131-1,"Repert. Spec. Nov. Regni Veg.","38: 208","208","1935"
kew-2400201,A,Olacaceae,,Olax,,"phoenicarpa",,"","Roxb.",Unresolved,,L,WCSP (in review),538706,608133-1,"Hort. Bengal.","5","","1814"
kew-2400233,A,Olacaceae,,Olax,,"phyllanthi",,"","R.Br.",Unresolved,,L,WCSP (in review),538738,608134-1,"Prodr. Fl. Nov. Holl.","358","","1810"
kew-2400235,A,Olacaceae,,Olax,,"pseudoleia",,"","Willd. ex Steud.",Unresolved,,L,WCSP (in review),538740,608136-1,"Nomencl. Bot.","1: 562","","1821"
kew-2400236,A,Olacaceae,,Olax,,"pseudoleioides",,"","Willd. ex Steud.",Unresolved,,L,WCSP (in review),538741,,"Nomencl. Bot.","1: 562","","1821"
tro-22900092,A,Olacaceae,,Olax,,"psittacorum",,"","(Lam.) Vahl",Accepted,,M,TRO,22900092,608138-1,"Enum. Pl.","2: 33","33","1805"
tro-50135569,A,Olacaceae,,Olax,,"pynaertii",,"","De Wild.",Accepted,,M,TRO,50135569,608139-1,"Études Fl. Bas- Moyen-Congo","2: 32","32","1907"
kew-2400231,A,Olacaceae,,Olax,,"pyrnmidata",,"","A.Chev.",Unresolved,,L,WCSP (in review),538736,608140-1,"Explor. Bot. Afrique Occ. Franç.","1: 24","","1920"
kew-2400241,A,Olacaceae,,Olax,,"retusa",,"","F.Muell. ex Benth.",Unresolved,,L,WCSP (in review),538746,608142-1,"Fl. Austral.","1: 392","","1863"
kew-2400242,A,Olacaceae,,Olax,,"rosea",,"","Ridl.",Unresolved,,L,WCSP (in review),538747,608143-1,"Bull. Misc. Inform. Kew","1931: 33","","1931"
kew-2400243,A,Olacaceae,,Olax,,"scalariformis",,"","A.S.George",Unresolved,,L,WCSP (in review),538748,904768-1,"in Fl. Australia","22: 220","","1984"
kew-2400244,A,Olacaceae,,Olax,,"scandens",,"","Roxb.",Unresolved,,L,WCSP (in review),538749,608144-1,"Pl. Coromandel","2: 2","","1800"
kew-2400216,A,Olacaceae,,Olax,,"schlechteri",,"","Engl.",Unresolved,,L,WCSP (in review),538721,608145-1,"Bot. Jahrb. Syst.","43: 163","","1909"
kew-2400237,A,Olacaceae,,Olax,,"seminifera",,"","Valeton",Unresolved,,L,WCSP (in review),538742,608147-1,"Crit. Overz. Olacin.","116","","1886"
kew-2400229,A,Olacaceae,,Olax,,"spartea",,"","A.S.George",Unresolved,,L,WCSP (in review),538734,904769-1,"in Fl. Australia","22: 221","","1984"
kew-2400228,A,Olacaceae,,Olax,,"sphaerocarpa",,"","Griff.",Unresolved,,L,WCSP (in review),538733,608148-1,"Not. Pl. Asiat.","4: 689","","1854"
tro-22900219,A,Olacaceae,,Olax,,"staudtii",,"","Engl.",Accepted,,M,TRO,22900219,,"","","",""
kew-2400226,A,Olacaceae,,Olax,,"stricta",,"","R.Br.",Unresolved,,L,WCSP (in review),538731,608150-1,"Prodr. Fl. Nov. Holl.","358","","1810"
kew-2400224,A,Olacaceae,,Olax,,"subscorpioides",,"","Oliv.",Accepted,,M,WCSP (in review),538729,608152-1,"Fl. Trop. Afr.","1: 350","","1868"
kew-2400223,A,Olacaceae,,Olax,,"sumatrana",,"","Miq.",Unresolved,,L,WCSP (in review),538728,608153-1,"Fl. Ned. Ind., Eerste Bijv.","342","","1861"
kew-2400222,A,Olacaceae,,Olax,,"tessmannii",,"","Engl.",Unresolved,,L,WCSP (in review),538727,608154-1,"Bot. Jahrb. Syst.","43: 161","","1909"
kew-2400221,A,Olacaceae,,Olax,,"thouarsiana",,"","Baill.",Unresolved,,L,WCSP (in review),538726,608155-1,"Adansonia","3: 121","","1862"
tro-22900094,A,Olacaceae,,Olax,,"thouarsii",,"","(DC.) Valeton",Accepted,,M,TRO,22900094,,"Crit. Overz. Olacin.","120","120","1886"
kew-2400220,A,Olacaceae,,Olax,,"triplinervia",,"","Oliv.",Accepted,,M,WCSP (in review),538725,608156-1,"Fl. Trop. Afr.","1: 349","","1868"
kew-2400218,A,Olacaceae,,Olax,,"ubanghensis",,"","A.Chev.",Unresolved,,L,WCSP (in review),538723,608158-1,"Etudes Fl. Afr. Centr. Franç.","1: 55","","1913"
kew-2399556,A,Olacaceae,,Olax,,"uliginosa",,"","Klotzsch",Unresolved,,L,WCSP (in review),538061,608159-1,"Pl. Preiss.","2: 230","","1848"
kew-2399676,A,Olacaceae,,Olax,,"verruculosa",,"","Engl.",Unresolved,,L,WCSP (in review),538181,608161-1,"Bot. Jahrb. Syst.","17: 69","","1893"
kew-2399103,A,Olacaceae,,Olax,,"wildemanii",,"","Engl.",Accepted,,M,WCSP (in review),537608,,"Notizbl. Bot. Gart. Berlin-Dahlem","2: 285","","1899"
kew-2399102,A,Olacaceae,,Olax,,"zenkeri",,"","Engl.",Unresolved,,L,WCSP (in review),537607,,"Nat. Pflanzenfam.","Nachtr. 1: 146","","1897"
kew-2399100,A,Olacaceae,,Olax,,"zeylanica",,"","L.",Unresolved,,L,WCSP (in review),537605,608168-1,"Sp. Pl.","34","","1753"
kew-2399101,A,Olacaceae,,Olax,,"zeylanica",,"","Wall.",Unresolved,,L,WCSP (in review),537606,608167-1,"Numer. List","6777 B","","1832"
kew-2399098,A,Olacaceae,,Ongokea,,"gore",,"","(Hua) Pierre",Accepted,,M,WCSP (in review),537603,608169-1,"Bull. Mens. Soc. Linn. Paris","2: 1314","","1897"
kew-2399097,A,Olacaceae,,Ongokea,,"kamerunensis",,"","Engl.",Unresolved,,L,WCSP (in review),537602,608170-1,"Notizbl. Königl. Bot. Gart. Berlin, Append.","21: 2","","1909"
kew-2399096,A,Olacaceae,,Ongokea,,"klaineana",,"","Pierre",Unresolved,,L,WCSP (in review),537601,608171-1,"Bull. Mens. Soc. Linn. Paris","2: 1314","","1897"
kew-2552814,A,Olacaceae,,Petalinia,,"bancana",,"","Becc.",Unresolved,,L,WCSP (in review),688643,608200-1,"Malesia","1: 258","","1883"
kew-2552823,A,Olacaceae,,Petalocaryum,,"dulce",,"","Pierre ex A.Chev.",Unresolved,,L,WCSP (in review),688651,608201-1,"Veg. Ut. Afr. Trop. Franç.","9: 132","","1917"
kew-2552827,A,Olacaceae,,Phanerocalyx,,"batesii",,"","S.Moore",Unresolved,,L,WCSP (in review),688655,608203-1,"J. Bot.","59: 244","","1921"
kew-2552806,A,Olacaceae,,Phanerocalyx,,"talbotiorum",,"","S.Moore",Unresolved,,L,WCSP (in review),688635,608204-1,"J. Bot.","59: 245","","1921"
kew-2552820,A,Olacaceae,,Phanerodiscus,,"capuronii",,"","Malécot, G.E.Schatz & Bosser",Unresolved,,L,WCSP (in review),688648,70028691-1,"Adansonia","III, 25: 126","","2003"
tro-50053612,A,Olacaceae,,Phanerodiscus,,"diospyroidea",,"","Capuron",Accepted,,M,TRO,50053612,608205-1,"Adansonia, n.s.","2: 128","128","1962"
tro-22900100,A,Olacaceae,,Phanerodiscus,,"perrieri",,"","Cavaco",Accepted,,M,TRO,22900100,,"Notul. Syst. (Paris)","15: 11, t. 1","11","1954"
kew-2552716,A,Olacaceae,,Pseudaleia,,"longistylis",,"","Hassk. ex Valeton",Unresolved,,L,WCSP (in review),688545,,"Crit. Overz. Olacin.","115","","1886"
kew-2552765,A,Olacaceae,,Ptychopetalum,,"acuminatissimum",,"","Engl.",Unresolved,,L,WCSP (in review),688594,608266-1,"Notizbl. Königl. Bot. Gart. Berlin","2: 283","","1899"
kew-2552757,A,Olacaceae,,Ptychopetalum,,"acutissimum",,"","Engl.",Unresolved,,L,WCSP (in review),688586,608267-1,"Notizbl. Königl. Bot. Gart. Berlin","2: 283","","1899"
kew-2552759,A,Olacaceae,,Ptychopetalum,,"anceps",,"","Oliv.",Accepted,,M,WCSP (in review),688588,608269-1,"Fl. Trop. Afr.","1: 347","","1868"
kew-2552760,A,Olacaceae,,Ptychopetalum,,"cuspidatum",,"","R.E.Fr.",Unresolved,,L,WCSP (in review),688589,608270-1,"Wiss. Erg. Schwed. Rhod.-Kongo Exped.","1: 23","","1914"
kew-2552761,A,Olacaceae,,Ptychopetalum,,"laurentii",,"","De Wild.",Unresolved,,L,WCSP (in review),688590,608271-1,"Miss. Ém. Laurent","1: 231","","1906"
tro-50005781,A,Olacaceae,,Ptychopetalum,,"olacoides",,"","Benth.",Accepted,,M,TRO,50005781,608273-1,"London J. Bot.","2: 377","377","1843"
tro-22900196,A,Olacaceae,,Ptychopetalum,,"petiolatum",,"","Oliv.",Accepted,,M,TRO,22900196,608274-1,"Fl. Trop. Afr.","1: 347","347","1868"
tro-50167544,A,Olacaceae,,Ptychopetalum,,"uncinatum",,"","Anselmino",Accepted,,M,TRO,50167544,214345-2,"Notizbl. Bot. Gart. Berlin-Dahlem","11: 624","624","1932"
tro-22900083,A,Olacaceae,,Raptostylus,,"pentandrum",,"","Bentham ex Reissek",Unresolved,,L,TRO,22900083,,"","","",""
kew-2425660,A,Olacaceae,,Raptostylus,,"zimmereri",,"","Kuntze",Unresolved,,L,WCSP (in review),563745,608293-1,"Deutsche Bot. Monatsschr.","21: 173","","1903"
kew-2425655,A,Olacaceae,,Rhaptostylum,,"cauliflorum",,"","Kuntze",Unresolved,,L,WCSP (in review),563740,219100-2,"Revis. Gen. Pl.","1: 112","","1891"
kew-2425686,A,Olacaceae,,Rhaptostylum,,"kappleri",,"","Kuntze",Unresolved,,L,WCSP (in review),563767,219107-2,"Revis. Gen. Pl.","1: 112","","1891"
kew-2425687,A,Olacaceae,,Rhaptostylum,,"laxiflorum",,"","Kuntze",Unresolved,,L,WCSP (in review),563768,219108-2,"Revis. Gen. Pl.","1: 112","","1891"
kew-2425689,A,Olacaceae,,Rhaptostylum,,"mayteniodes",,"","Kuntze",Unresolved,,L,WCSP (in review),563770,219110-2,"Revis. Gen. Pl.","1: 112","","1891"
kew-2425690,A,Olacaceae,,Rhaptostylum,,"microcalyx",,"","Kuntze",Unresolved,,L,WCSP (in review),563771,219111-2,"Revis. Gen. Pl.","1: 112","","1891"
kew-2425697,A,Olacaceae,,Rhaptostylum,,"salicifolium",,"","Kuntze",Unresolved,,L,WCSP (in review),563776,219117-2,"Revis. Gen. Pl.","1: 112","","1891"
kew-2602429,A,Olacaceae,,Sadrum,,"volubile",,"","Sol. ex Baill.",Unresolved,,L,WCSP (in review),735699,608334-1,"Prodr.","17: 18","","1873"
tro-100355053,A,Olacaceae,,Scorodocarpus,,"borneensis",,"","(Baill.) Becc.",Accepted,,M,TRO,100355053,,"","","",""
kew-2602316,A,Olacaceae,,Stolidia,,"mauritiana",,"","Baill.",Unresolved,,L,WCSP (in review),735586,608464-1,"Adansonia","2: 359","","1862"
kew-2602314,A,Olacaceae,,Strombosia,,"ceylanica",,"","Gardner",Accepted,,M,WCSP (in review),735584,608465-1,"Calcutta J. Nat. Hist.","6: 350","","1846"
kew-2602313,A,Olacaceae,,Strombosia,,"cyanescens",,"","Mildbr.",Unresolved,,L,WCSP (in review),735583,608466-1,"Wiss. Erg. Zweit. Deut. Zentr.-Afr. Exped., Bot.","2: 54","","1922"
kew-2602312,A,Olacaceae,,Strombosia,,"dubia",,"","S.Vidal",Unresolved,,L,WCSP (in review),735582,608467-1,"Sin. Gen. Pl. Leños. Filip.","Atlas: 20, t. 30","","1883"
kew-2602302,A,Olacaceae,,Strombosia,,"elmeri",,"","Salvoza",Unresolved,,L,WCSP (in review),735572,,"Bull. Forest. Prod. Res. Inst. Coll., Laguna","1: 125","","1963"
tro-50310859,A,Olacaceae,,Strombosia,,"fleuryana",,"","Breteler",Accepted,,M,TRO,50310859,77080900-1,"Syst. & Geogr. Pl.","77: 116–121, fig. 1","116","2007"
kew-2602310,A,Olacaceae,,Strombosia,,"glaucescens",,"","Engl.",Accepted,,M,WCSP (in review),735580,608469-1,"Notizbl. Königl. Bot. Gart. Berlin, Append.","21: 6","","1909"
kew-2602319,A,Olacaceae,,Strombosia,,"gossweileri",,"","S.Moore",Accepted,,M,WCSP (in review),735589,608470-1,"J. Bot.","58: 225","","1920"
kew-2602308,A,Olacaceae,,Strombosia,,"grandifolia",,"","Hook.f. ex Benth.",Accepted,,M,WCSP (in review),735578,608471-1,"Niger Fl.","258","","1849"
kew-2602306,A,Olacaceae,,Strombosia,,"javanica",,"","Thwaites",Unresolved,,L,WCSP (in review),735576,608473-1,"Enum. Pl. Zeyl.","42","","1858"
kew-2602307,A,Olacaceae,,Strombosia,,"javanica",,"","Blume",Unresolved,,L,WCSP (in review),735577,608472-1,"Bijdr.","1155","","1827"
kew-2602305,A,Olacaceae,,Strombosia,,"klaineana",,"","Pierre",Unresolved,,L,WCSP (in review),735575,608474-1,"Bull. Mens. Soc. Linn. Paris","2: 1293","","1897"
kew-2602304,A,Olacaceae,,Strombosia,,"latifolia",,"","Stapf",Unresolved,,L,WCSP (in review),735574,608475-1,"Bull. Misc. Inform. Kew","1906: 71","","1906"
kew-2602329,A,Olacaceae,,Strombosia,,"lucida",,"","Teijsm. & Binn.",Unresolved,,L,WCSP (in review),735599,608478-1,"Crit. Overz. Olacin.","86","","1886"
kew-2602334,A,Olacaceae,,Strombosia,,"mannii",,"","Engl.",Unresolved,,L,WCSP (in review),735604,608481-1,"Bot. Jahrb. Syst.","43: 167","","1909"
kew-2602331,A,Olacaceae,,Strombosia,,"minor",,"","Elmer ex Merr.",Unresolved,,L,WCSP (in review),735601,608484-1,"Enum. Philipp. Fl. Pl.","2: 117","","1923"
kew-2602332,A,Olacaceae,,Strombosia,,"minor",,"","Engl.",Unresolved,,L,WCSP (in review),735602,608483-1,"Bot. Jahrb. Syst.","43: 168","","1909"
kew-2602330,A,Olacaceae,,Strombosia,,"multiflora",,"","King",Unresolved,,L,WCSP (in review),735600,608485-1,"J. Asiat. Soc. Bengal, Pt. 2, Nat. Hist.","64(2): 102","","1895"
kew-2602320,A,Olacaceae,,Strombosia,,"nana",,"","Kosterm.",Unresolved,,L,WCSP (in review),735590,608486-1,"Misc. Pap. Landbouwhoogeschool","19: 228","","1980"
kew-2602328,A,Olacaceae,,Strombosia,,"nigropunctata",,"","Louis & J.Léonard",Accepted,,M,WCSP (in review),735598,608487-1,"Bull. Jard. Bot. État","18: 148","","1947"
kew-2602337,A,Olacaceae,,Strombosia,,"philippinensis",,"","S.Vidal",Unresolved,,L,WCSP (in review),735607,608488-1,"Phan. Cuming. Philipp.","23, 120","","1885"
kew-2602326,A,Olacaceae,,Strombosia,,"pustulata",,"","Oliv.",Accepted,,M,WCSP (in review),735596,608489-1,"Hooker's Icon. Pl.","23: t. 2299","","1894"
kew-2602325,A,Olacaceae,,Strombosia,,"pustulata",var.,"lucida","(J.Léonard) Villiers",Accepted,,L,WCSP (in review),735595,,"in Fl. Cameroun","15: 139","","1973"
kew-2602324,A,Olacaceae,,Strombosia,,"rapaneoides",,"","S.Moore",Unresolved,,L,WCSP (in review),735594,608490-1,"J. Bot.","62(Suppl.): 22","","1924"
kew-2602322,A,Olacaceae,,Strombosia,,"rotundifolia",,"","King",Unresolved,,L,WCSP (in review),735592,608492-1,"J. Asiat. Soc. Bengal, Pt. 2, Nat. Hist.","64(2): 103","","1895"
kew-2602321,A,Olacaceae,,Strombosia,,"scheffleri",,"","Engl.",Accepted,,M,WCSP (in review),735591,608494-1,"Notizbl. Königl. Bot. Gart. Berlin, Append.","21: 4","","1909"
kew-2602300,A,Olacaceae,,Strombosia,,"toroensis",,"","S.Moore",Unresolved,,L,WCSP (in review),735570,608495-1,"J. Bot.","58: 224","","1920"
tro-50086253,A,Olacaceae,,Strombosia,,"zenkeri",,"","Engl.",Accepted,,M,TRO,50086253,608496-1,"Bot. Jahrb. Syst.","43: 167","167","1909"
kew-2602280,A,Olacaceae,,Strombosiopsis,,"buxifolia",,"","S.Moore",Unresolved,,L,WCSP (in review),735550,608497-1,"J. Bot.","58: 226","","1920"
kew-2602279,A,Olacaceae,,Strombosiopsis,,"congolensis",,"","De Wild. & T.Durand",Unresolved,,L,WCSP (in review),735549,608498-1,"Bull. Soc. Roy. Bot. Belgique","Compt. Rend. 38: 187","","1899"
tro-22900199,A,Olacaceae,,Strombosiopsis,,"glaucescens",,"","Engl.",Unresolved,,L,TRO,22900199,,"","","",""
tro-50202421,A,Olacaceae,,Strombosiopsis,,"nana",,"","Breteler",Accepted,,M,TRO,50202421,20001206-1,"Kew Bull.","56(3): 751–753","751","2001"
tro-50321801,A,Olacaceae,,Strombosiopsis,,"pentamera",,"","Q. Luke",Unresolved,,L,TRO,50321801,,"","","",""
tro-50273048,A,Olacaceae,,Strombosiopsis,,"sereinii",,"","Breteler",Accepted,,M,TRO,50273048,20003323-1,"Adansonia, sér. 3,","23(2): 303","303","2001"
kew-2602276,A,Olacaceae,,Strombosiopsis,,"tetrandra",,"","Engl.",Accepted,,M,WCSP (in review),735546,608500-1,"Nat. Pflanzenfam.","Nachtr. 1: 148","","1897"
tro-50167503,A,Olacaceae,,Tetrastylidium,,"grandifolium",,"","(Baill.) Sleumer",Accepted,,M,TRO,50167503,251995-2,"Nat. Pflanzenfam. (ed. 2)","16b: 19, f. 9A–C","19","1935"
tro-22900164,A,Olacaceae,,Tetrastylidium,,"peruvianum",,"","Sleumer",Accepted,,M,TRO,22900164,251998-2,"Fl. Neotrop.","38: 105, f. 11","105","1984"
kew-2516276,A,Olacaceae,,Tilocarpus,,"papuanus",,"","Engl.",Unresolved,,L,WCSP (in review),652514,608511-1,"Nat. Pflanzenfam.","3(5): 247","","1895"
kew-2516282,A,Olacaceae,,Tsjeracanarinam,,"grossulariodes",,"","Kuntze",Unresolved,,L,WCSP (in review),652520,608514-1,"Revis. Gen. Pl.","1: 113","","1891"
kew-2516281,A,Olacaceae,,Tsjeracanarinam,,"helferianum",,"","Kuntze",Unresolved,,L,WCSP (in review),652519,608515-1,"Revis. Gen. Pl.","1: 113","","1891"
kew-2516280,A,Olacaceae,,Tsjeracanarinam,,"lanceolatum",,"","Kuntze",Unresolved,,L,WCSP (in review),652518,608516-1,"Revis. Gen. Pl.","1: 113","","1891"
kew-2516279,A,Olacaceae,,Tsjeracanarinam,,"leptostachyum",,"","Kuntze",Unresolved,,L,WCSP (in review),652517,608517-1,"Revis. Gen. Pl.","1: 113","","1891"
kew-2516278,A,Olacaceae,,Tsjeracanarinam,,"parviflorum",,"","Kuntze",Unresolved,,L,WCSP (in review),652516,608518-1,"Revis. Gen. Pl.","1: 113","","1891"
kew-2516277,A,Olacaceae,,Tsjeracanarinam,,"pentandrum",,"","Kuntze",Unresolved,,L,WCSP (in review),652515,608519-1,"Revis. Gen. Pl.","1: 113","","1891"
kew-2516564,A,Olacaceae,,Tsjeracanarinam,,"rheedii",,"","Kuntze",Unresolved,,L,WCSP (in review),652781,608520-1,"Revis. Gen. Pl.","1: 113","","1891"
kew-2467228,A,Olacaceae,,Ximenia,,"americana",,"","L.",Accepted,,M,WCSP (in review),604655,316341-2,"Sp. Pl.","1193","","1753"
tro-22900141,A,Olacaceae,,Ximenia,,"americana",var.,"microphylla","Welw.",Accepted,,L,TRO,22900141,,"","","",""
kew-2467214,A,Olacaceae,,Ximenia,,"arborea",,"","Royle",Unresolved,,L,WCSP (in review),604641,608569-1,"Ill. Bot. Himal. Mts.","154","","1835"
kew-2467213,A,Olacaceae,,Ximenia,,"arborescens",,"","Tussac ex Walp.",Unresolved,,L,WCSP (in review),604640,608570-1,"Repert. Bot. Syst.","1: 377","","1842"
kew-2467211,A,Olacaceae,,Ximenia,,"caffra",,"","Sond.",Accepted,,M,WCSP (in review),604638,608572-1,"Linnaea","23: 21","","1850"
kew-2887312,A,Olacaceae,,Ximenia,,"caffra",var.,"natalensis","Sond.",Accepted,,L,WCSP (in review),1010924,,"Linnaea","23: 21","","1850"
tro-22900077,A,Olacaceae,,Ximenia,,"coriacea",,"","Engl.",Accepted,,M,TRO,22900077,269533-2,"Fl. Bras.","12(2): 10, t. 2, f. 2","10","1872"
kew-2467207,A,Olacaceae,,Ximenia,,"exarmata",,"","F.Muell.",Unresolved,,L,WCSP (in review),604634,608576-1,"Trans. & Proc. Philos. Inst. Victoria","3: 22","","1859"
kew-2467758,A,Olacaceae,,Ximenia,,"gabonensis",,"","Baill. ex Laness.",Unresolved,,L,WCSP (in review),605068,608579-1,"Pl. Util. Col. Franç.","834","","1886"
tro-50044035,A,Olacaceae,,Ximenia,,"glauca",,"","(DeFilipps) Bentouil",Accepted,,M,TRO,50044035,,"Bull. Mus. Natl. Hist. Nat., Sér. 4, Misc.","16: 314, f. 1C–D","314","1994"
tro-50167486,A,Olacaceae,,Ximenia,,"horrida",,"","Urb. & Ekman",Accepted,,M,TRO,50167486,269536-2,"Ark. Bot.","20A(15): 19","19","1926"
kew-2467700,A,Olacaceae,,Ximenia,,"inermis",,"","L.",Unresolved,,L,WCSP (in review),605010,608581-1,"Sp. Pl. ed. 2","497","","1762"
tro-50167492,A,Olacaceae,,Ximenia,,"intermedia",,"","(Chodat & Hassl.) DeFilipps",Accepted,,M,TRO,50167492,269537-2,"Trans. Illinois State Acad. Sci.","62(4): 355","355","1969"
kew-2467694,A,Olacaceae,,Ximenia,,"montana",,"","Macfad.",Unresolved,,L,WCSP (in review),605004,608587-1,"Fl. Jamaica","1: 121","","1837"
kew-2467692,A,Olacaceae,,Ximenia,,"oblonga",,"","Lam. ex Hemsl.",Unresolved,,L,WCSP (in review),605002,608589-1,"Biol. Cent.-Amer., Bot.","1: 185","","1879"
kew-2467678,A,Olacaceae,,Ximenia,,"oblongifolia",,"","Steud.",Unresolved,,L,WCSP (in review),604988,608590-1,"Nomencl. Bot.","ed. 2, 2: 792","","1841"
kew-2467690,A,Olacaceae,,Ximenia,,"olacoides",,"","Wight & Arn.",Unresolved,,L,WCSP (in review),605000,608591-1,"Prodr. Fl. Ind. Orient.","89","","1834"
tro-22900184,A,Olacaceae,,Ximenia,,"parviflora",,"","Benth.",Accepted,,M,TRO,22900184,,"Pl. Hartw.","7–8","7","1839"
tro-22900096,A,Olacaceae,,Ximenia,,"perrieri",,"","Cavaco & Keraudren",Accepted,,M,TRO,22900096,608593-1,"Bull. Soc. Bot. France","102: 118, f. 2","118","1955"
tro-22900261,A,Olacaceae,,Ximenia,,"pubescens",,"","Standl.",Accepted,,M,TRO,22900261,269539-2,"Contr. U.S. Natl. Herb.","20(6): 212","212","1919"
kew-2467686,A,Olacaceae,,Ximenia,,"rigidum",,"","Royle",Unresolved,,L,WCSP (in review),604996,608595-1,"Ill. Bot. Himal. Mts.","154, 466","","1835"
tro-50167488,A,Olacaceae,,Ximenia,,"roigii",,"","León",Accepted,,M,TRO,50167488,269540-2,"Revista Soc. Cub. Bot.","5: 79","79","1948"
kew-2467683,A,Olacaceae,,Ximenia,,"russeliana",,"","Wall.",Unresolved,,L,WCSP (in review),604993,608598-1,"Numer. List","6784","","1832"
kew-2467682,A,Olacaceae,,Ximenia,,"spinosa",,"","Salisb.",Unresolved,,L,WCSP (in review),604992,608599-1,"Prodr. Stirp. Chap. Allerton","276","","1796"
kew-2467681,A,Olacaceae,,Ximenia,,"subscandens",,"","Griff.",Unresolved,,L,WCSP (in review),604991,608600-1,"Not. Pl. Asiat.","4: 691","","1854"
tro-50047334,A,Olacaceae,,Ximeniopsis,,"horridus",,"","(Urb. & Ekman) A. H. Liogier",Accepted,,M,TRO,50047334,,"Phytologia","47(3): 168","168","1980"
