﻿ID,Major group,Family,Genus hybrid marker,Genus,Species hybrid marker,Species,Infraspecific rank,Infraspecific epithet,Authorship,Taxonomic status in TPL,Nomenclatural status from original data source,Confidence level,Source,Source id,IPNI id,Publication,Collation,Page,Date
ifn-35532,P,Oleandraceae,,Lepidonevron,,"acuminatum",,"","F",Unresolved,,L,IPNI,17132270-1,17132270-1,"M","301. 1850-52","","1850"
ifn-35533,P,Oleandraceae,,Lepidonevron,,"biauritum",,"","F",Unresolved,,L,IPNI,17132280-1,17132280-1,"M","301. 1850-52.","","1850"
ifn-35534,P,Oleandraceae,,Lepidonevron,,"bidentatum",,"","F",Unresolved,,L,IPNI,17132290-1,17132290-1,"M","301. 1850-52.","","1850"
ifn-35535,P,Oleandraceae,,Lepidonevron,,"biserratum",,"","F",Unresolved,,L,IPNI,17132300-1,17132300-1,"M","301. 1850-52.","","1850"
ifn-35536,P,Oleandraceae,,Lepidonevron,,"distans",,"","F",Unresolved,,L,IPNI,17132310-1,17132310-1,"M","302. 1850-52","","1850"
ifn-35537,P,Oleandraceae,,Lepidonevron,,"hirsutulum",,"","F",Unresolved,,L,IPNI,17132320-1,17132320-1,"M","301. 1850-52.","","1850"
ifn-35538,P,Oleandraceae,,Lepidonevron,,"longifolium",,"","F",Unresolved,,L,IPNI,17132330-1,17132330-1,"M","301. 1850-52","","1850"
ifn-35539,P,Oleandraceae,,Lepidonevron,,"obtusatum",,"","F",Unresolved,,L,IPNI,17132340-1,17132340-1,"M","301. 1850-52","","1850"
ifn-35540,P,Oleandraceae,,Lepidonevron,,"punctulatum",,"","F",Unresolved,,L,IPNI,17132350-1,17132350-1,"M","301 t. 23 C f. 1. 1850-52","","1850"
ifn-35541,P,Oleandraceae,,Lepidonevron,,"rufescens",,"","F",Unresolved,,L,IPNI,17132360-1,17132360-1,"M","301. 1850-52","","1850"
ifn-35542,P,Oleandraceae,,Lepidonevron,,"sesquipedale",,"","F",Unresolved,,L,IPNI,17132370-1,17132370-1,"Crypt. Vasc. Bresil","1. 148. 1869","","1869"
ifn-35543,P,Oleandraceae,,Lepidonevron,,"trichomanoides",,"","F",Unresolved,,L,IPNI,17132380-1,17132380-1,"M","301. 1850-52","","1850"
ifn-35544,P,Oleandraceae,,Lepidonevron,,"volubile",,"","F",Unresolved,,L,IPNI,17132390-1,17132390-1,"M","301. 1850-52","","1850"
ifn-35740,P,Oleandraceae,,Neuronia,,"asplenioides",,"","D.Don",Unresolved,,L,IPNI,17161810-1,17161810-1,"Prodr. Fl. Nepal.","7","","1825 [26 Jan-1 Feb 1825]"
ifn-35744,P,Oleandraceae,,Oleandra,,"angusta",,"","Copel.",Unresolved,,L,IPNI,17343110-1,17343110-1,"J. Arnold Arbor.","12. 48. 1931.","","1931"
ifn-35746,P,Oleandraceae,,Oleandra,,"archboldii",,"","Copel.",Unresolved,,L,IPNI,17408570-1,17408570-1,"Philipp. J. Sci.","73: 346, t. 1","","1940"
tro-26606924,P,Oleandraceae,,Oleandra,,"articulata",,"","(Sw.) C. Presl",Accepted,,M,TRO,26606924,17165530-1,"Tent. Pterid.","78, t. 2, f. 12","78","1836"
tro-26610647,P,Oleandraceae,,Oleandra,,"articulata",var.,"annetii","(Tardieu) C.V. Morton",Accepted,,L,TRO,26610647,,"Amer. Fern J.","58: 107","107","1968"
tro-50065183,P,Oleandraceae,,Oleandra,,"baetae",,"","Damazio",Accepted,,M,TRO,50065183,173648-2,"Bull. Herb. Boissier, sér. 2,","6: 892","892","1906"
ifn-35754,P,Oleandraceae,,Oleandra,,"bantamensis",,"","Kunze",Unresolved,,L,IPNI,17165540-1,17165540-1,"Farnkr.","2. 72. 1850","","1850"
ifn-35755,P,Oleandraceae,,Oleandra,,"benguetensis",,"","Copel.",Unresolved,,L,IPNI,17343140-1,17343140-1,"Philipp. J. Sci.","46: 217","","1931"
tro-26609427,P,Oleandraceae,,Oleandra,,"bradei",,"","Christ",Accepted,,M,TRO,26609427,173649-2,"Bull. Soc. Bot. Genève","1(5): 231","231","1909"
tro-26619015,P,Oleandraceae,,Oleandra,,"cantonensis",,"","Ching",Accepted,,M,TRO,26619015,17408590-1,"Fl. Reipubl. Popularis Sin.","2: 378","378","1959"
tro-26619016,P,Oleandraceae,,Oleandra,,"chinensis",,"","Hance",Unresolved,,L,TRO,26619016,17165550-1,"Ann. Sci. Nat., Bot., sér. 4,","18: 238","238","1862"
ifn-35759,P,Oleandraceae,,Oleandra,,"christophersenii",,"","C.Chr.",Unresolved,,L,IPNI,17408600-1,17408600-1,"Bull. Bishop Mus.","177: 46. t.1(B). 1943.","","1943"
ifn-35760,P,Oleandraceae,,Oleandra,,"ciliata",,"","Kl.; Kuhn",Unresolved,,L,IPNI,17165560-1,17165560-1,"Linnaea","36. 126. 1869","","1869"
ifn-35761,P,Oleandraceae,,Oleandra,,"clemensiae",,"","Copel.",Unresolved,,L,IPNI,17408610-1,17408610-1,"Philipp. J. Sci.","81: 12, t.12","","1952"
ifn-35762,P,Oleandraceae,,Oleandra,,"colubrina",,"","Copel. in Perkins",Unresolved,,L,IPNI,17165570-1,17165570-1,"Fragm. Fl. Philipp.","179. 1905","","1905"
ifn-35764,P,Oleandraceae,,Oleandra,,"coriacea",,"","Copel.",Unresolved,,L,IPNI,17343170-1,17343170-1,"J. Straits Branch Roy. Asiat. Soc.","63: 72","","1912 [Dec 1912]"
tro-26614866,P,Oleandraceae,,Oleandra,,"costaricensis",,"","Maxon",Accepted,,M,TRO,26614866,173650-2,"Contr. U.S. Natl. Herb.","17(4): 397","397","1914"
ifn-35766,P,Oleandraceae,,Oleandra,,"crassipes",,"","Copel.",Unresolved,,L,IPNI,17408620-1,17408620-1,"Philipp. J. Sci.","73: 347, t. 2","","1940"
tro-26619017,P,Oleandraceae,,Oleandra,,"cumingii",,"","J. Sm.",Unresolved,,L,TRO,26619017,17165580-1,"J. Bot. (Hooker)","3: 413–414","413","1841"
ifn-35769,P,Oleandraceae,,Oleandra,,"cuspidata",,"","Baker",Unresolved,,L,IPNI,17165590-1,17165590-1,"Malesia","3: 44","","1886"
tro-26615177,P,Oleandraceae,,Oleandra,,"decurrens",,"","Maxon",Accepted,,M,TRO,26615177,173651-2,"Contr. U.S. Natl. Herb.","17(4): 396","396","1914"
ifn-35771,P,Oleandraceae,,Oleandra,,"densifrons",,"","Kunze",Unresolved,,L,IPNI,17165600-1,17165600-1,"Bot. Zeitung (Berlin)","9: 347","","1851"
ifn-35772,P,Oleandraceae,,Oleandra,,"dimorpha",,"","Copel.",Unresolved,,L,IPNI,17408630-1,17408630-1,"Philipp. J. Sci.","60: 111. t. 19","","1936"
tro-26604208,P,Oleandraceae,,Oleandra,,"distenta",,"","Kunze",Accepted,,M,TRO,26604208,17165610-1,"Bot. Zeitung (Berlin)","9: 347","347","1851"
tro-26604205,P,Oleandraceae,,Oleandra,,"distenta",var.,"villosa","Tardieu",Accepted,,L,TRO,26604205,,"Mém. Inst. Franç. Afrique Noire","28: 157","157","1953"
tro-50120282,P,Oleandraceae,,Oleandra,,"ejurana",,"","Adamson",Unresolved,,L,TRO,50120282,,"","","",""
ifn-35778,P,Oleandraceae,,Oleandra,,"geniculata",,"","Alderw.",Unresolved,,L,IPNI,17286870-1,17286870-1,"Bull. Jard. Bot. Buitenzorg","Ser. 2,  XVI. 23. 1913; nr. XX. 21 t. 4. 1915","","1913"
ifn-35779,P,Oleandraceae,,Oleandra,,"gracilis",,"","Copel.",Unresolved,,L,IPNI,17343220-1,17343220-1,"Univ. Calif. Publ. Bot.","12: 397, t. 52 b","","1931"
tro-50049661,P,Oleandraceae,,Oleandra,,"guangxiensis",,"","S.L. Mo & Y.C. Zhong",Accepted,,M,TRO,50049661,17527270-1,"Guihaia","7(4): 289–291, f. 2","289","1987"
tro-26613100,P,Oleandraceae,,Oleandra,,"hainanensis",,"","Ching",Accepted,,M,TRO,26613100,17408660-1,"Acta Phytotax. Sin.","8(2): 166, pl. 20, f. 17","166","1959"
ifn-35783,P,Oleandraceae,,Oleandra,,"herrei",,"","Copel.",Unresolved,,L,IPNI,17408670-1,17408670-1,"Philipp. J. Sci.","81: 12, t.11","","1952"
tro-26606928,P,Oleandraceae,,Oleandra,,"hirta",,"","Brack.",Accepted,,M,TRO,26606928,173655-2,"U.S. Expl. Exped., Filic.","16: 214, t. 29","214","1854"
ifn-35785,P,Oleandraceae,,Oleandra,,"hirtella",,"","Miq.; Kze.",Unresolved,,L,IPNI,17165630-1,17165630-1,"Farnkr.","2. 70 t. 129. 1850","","1850"
tro-26619018,P,Oleandraceae,,Oleandra,,"intermedia",,"","Ching",Accepted,,M,TRO,26619018,17343240-1,"Bull. Fan Mem. Inst. Biol.","2(10): 187–188, pl. 2","187","1931"
tro-26606929,P,Oleandraceae,,Oleandra,,"lehmannii",,"","Maxon",Accepted,,M,TRO,26606929,173656-2,"Contr. U.S. Natl. Herb.","17(4): 395","395","1914"
ifn-35788,P,Oleandraceae,,Oleandra,,"lomatopus",,"","C.Presl",Unresolved,,L,IPNI,17165640-1,17165640-1,"Epimel. Bot.","43","","1851 [Oct 1851]"
ifn-35789,P,Oleandraceae,,Oleandra,,"longipes",,"","Ching",Unresolved,,L,IPNI,17343250-1,17343250-1,"Lingnan Sc. Journ.","12. 565 (syn.). 1933","","1933"
ifn-35790,P,Oleandraceae,,Oleandra,,"macrocarpa",,"","C.Presl",Unresolved,,L,IPNI,17165650-1,17165650-1,"Epimel. Bot.","41","","1851 [Oct 1851]"
ifn-35792,P,Oleandraceae,,Oleandra,,"malasianum",,"","S.R.Ghosh",Unresolved,,L,IPNI,17508890-1,17508890-1,"J. Bombay Nat. Hist. Soc.","80(3): 630 (1983 publ. 1984)","","1984"
tro-50049613,P,Oleandraceae,,Oleandra,,"mezii",,"","Prod.",Unresolved,,L,TRO,50049613,,"Bot. Arch.","1: 223","223","1922"
ifn-35794,P,Oleandraceae,,Oleandra,,"micrantha",,"","Kunze",Unresolved,,L,IPNI,17165670-1,17165670-1,"Bot. Zeitung (Berlin)","9: 349","","1851"
ifn-35795,P,Oleandraceae,,Oleandra,,"mollis",,"","C.Presl",Unresolved,,L,IPNI,17165680-1,17165680-1,"Epimel. Bot.","41","","1851 [Oct 1851]"
ifn-35796,P,Oleandraceae,,Oleandra,,"moritzii",,"","C.Presl",Unresolved,,L,IPNI,17165690-1,17165690-1,"Epimel. Bot.","42","","1851 [Oct 1851]"
tro-26621093,P,Oleandraceae,,Oleandra,,"musifolia",,"","(Blume) C. Presl",Accepted,,M,TRO,26621093,,"Abh. Königl. Böhm. Ges. Wiss., ser. 5","6: 402","402","1851"
ifn-35798,P,Oleandraceae,,Oleandra,,"neriifolia",,"","C.Presl",Unresolved,,L,IPNI,17165710-1,17165710-1,"Tent. Pterid.","78. 1836","","1836"
ifn-35804,P,Oleandraceae,,Oleandra,,"nitida",,"","Copel.",Unresolved,,L,IPNI,17446040-1,17446040-1,"Fern Fl. Philip.","1: 181. 1958.","","1958"
ifn-35805,P,Oleandraceae,,Oleandra,,"nodosa",,"","C.Presl",Unresolved,,L,IPNI,17165740-1,17165740-1,"Tent. Pterid.","78. HB. 303. Chr. 280. NPfl. 204","",""
ifn-82055,P,Oleandraceae,,Oleandra,,"nodosa",,"","Pr.",Unresolved,,L,IPNI,17293400-1,17293400-1,"","","",""
ifn-35808,P,Oleandraceae,,Oleandra,,"oblanceolata",,"","Copel.",Unresolved,,L,IPNI,17255220-1,17255220-1,"Philipp. J. Sci., C","7: 64","","1912"
ifn-35809,P,Oleandraceae,,Oleandra,,"ornata",,"","Christ",Unresolved,,L,IPNI,17165750-1,17165750-1,"Verh. Nat. Ges. Basel","11. 240. 1895","","1895"
ifn-35811,P,Oleandraceae,,Oleandra,,"parallela",,"","Keys.",Unresolved,,L,IPNI,17165760-1,17165760-1,"Polyp. Herb. Bunge","41. 1873","","1873"
ifn-35812,P,Oleandraceae,,Oleandra,,"parksii",,"","Copel.",Unresolved,,L,IPNI,17343300-1,17343300-1,"Bull. Bernice P. Bishop Mus.","59: 15, t. 4","","1929"
ifn-35813,P,Oleandraceae,,Oleandra,,"phyllarthron",,"","C.Presl",Unresolved,,L,IPNI,17165770-1,17165770-1,"Epimel. Bot.","42","","1851 [Oct 1851]"
tro-26606930,P,Oleandraceae,,Oleandra,,"pilosa",,"","Hook.",Accepted,,M,TRO,26606930,173662-2,"Gen. Fil.",", t. 45B","","1840"
tro-50120283,P,Oleandraceae,,Oleandra,,"pistillaris",,"","(Sw.) C. Chr.",Accepted,,M,TRO,50120283,17343310-1,"Index Filic., Suppl. 3,","132","132","1934"
ifn-35816,P,Oleandraceae,,Oleandra,,"platybasis",,"","Copel.",Unresolved,,L,IPNI,17343320-1,17343320-1,"Bull. Bernice P. Bishop Mus.","59: 15, t. 4","","1929"
ifn-35818,P,Oleandraceae,,Oleandra,,"samoensis",,"","Gand.",Unresolved,,L,IPNI,17343340-1,17343340-1,"Bull. Soc. Bot. France","66: 306","","1920 [1919 publ. 1920]"
ifn-35819,P,Oleandraceae,,Oleandra,,"scandens",,"","Copel.",Unresolved,,L,IPNI,17343350-1,17343350-1,"Philipp. J. Sci.","46: 218","","1931"
ifn-35820,P,Oleandraceae,,Oleandra,,"sibbaldii",,"","Grev.",Unresolved,,L,IPNI,17165790-1,17165790-1,"Ann. Mag. Nat. Hist.","II. 1. 327. 1848","","1848"
tro-50265901,P,Oleandraceae,,Oleandra,,"subdimorpha",,"","Copel.",Unresolved,,L,TRO,50265901,17408680-1,"J. Arnold Arbor.","24(4): 441","441","1943"
ifn-35822,P,Oleandraceae,,Oleandra,,"tricholepis",,"","Kunze",Unresolved,,L,IPNI,17165800-1,17165800-1,"Bot. Zeitung (Berlin)","9: 349","","1851"
tro-26621096,P,Oleandraceae,,Oleandra,,"undulata",,"","(Willd.) Ching",Accepted,,M,TRO,26621096,1066023-2,"Lingnan Sci. J.","12(4): 565","565","1933"
ifn-35830,P,Oleandraceae,,Oleandra,,"vulpina",,"","C.Chr.",Unresolved,,L,IPNI,17408690-1,17408690-1,"Dansk Bot. Ark.","9(3): 68. 1937.","","1937"
tro-26600244,P,Oleandraceae,,Oleandra,,"wallichii",,"","(Hook.) C. Presl",Accepted,,M,TRO,26600244,17165820-1,"Tent. Pterid.","78","78","1836"
ifn-35834,P,Oleandraceae,,Oleandra,,"werneri",,"","Rosenst.",Unresolved,,L,IPNI,17255230-1,17255230-1,"Repert. Spec. Nov. Regni Veg.","5: 40","","1908"
ifn-35836,P,Oleandraceae,,Oleandra,,"whitmeei",,"","Baker",Unresolved,,L,IPNI,17165840-1,17165840-1,"J. Bot.","14: 11","","1876"
tro-26619019,P,Oleandraceae,,Oleandra,,"yunnanensis",,"","Ching",Accepted,,M,TRO,26619019,17408700-1,"Fl. Reipubl. Popularis Sin.","2: 378–379","378","1959"
tro-26617401,P,Oleandraceae,,Oleandra,,"zapatana",,"","Lellinger",Accepted,,M,TRO,26617401,315705-2,"Proc. Biol. Soc. Wash.","89(61): 719, f. 3","719","1977"
tro-50120271,P,Oleandraceae,,Ophiopteris,,"verticillata",,"","Reinw.",Unresolved,,L,TRO,50120271,,"Syll. Pl. Nov.","2: 3","3","1828"
