﻿ID,Major group,Family,Genus hybrid marker,Genus,Species hybrid marker,Species,Infraspecific rank,Infraspecific epithet,Authorship,Taxonomic status in TPL,Nomenclatural status from original data source,Confidence level,Source,Source id,IPNI id,Publication,Collation,Page,Date
kew-2641493,A,Pedaliaceae,,Anthadenia,,"sesamoides",,"","Lem.",Unresolved,,L,WCSP (in review),773597,675787-1,"Hortus Van Houtteanus","1(1): 4","","1845"
kew-2670722,A,Pedaliaceae,,Basonca,,"longiflora",,"","Raf.",Unresolved,,L,WCSP (in review),802593,675788-1,"Fl. Tellur.","4: 68","","1838"
kew-2711299,A,Pedaliaceae,,Ceratotheca,,"integribracteata",,"","Engl.",Accepted,,M,WCSP (in review),841887,675791-1,"Bot. Jahrb. Syst.","19: 156","","1894"
kew-2711300,A,Pedaliaceae,,Ceratotheca,,"integribracteata",subsp.,"elliptica","(Schinz) Ihlenf.",Accepted,,L,WCSP (in review),841888,,"Mitt. Bot. Staatssamml. München","6: 598","","1967"
kew-2711304,A,Pedaliaceae,,Ceratotheca,,"reniformis",,"","Abels",Accepted,,M,WCSP (in review),841892,675795-1,"Morphol., Geogr., Taxon., Dicerocaryum & Ceratotheca","177, 183","","1973"
kew-2711305,A,Pedaliaceae,,Ceratotheca,,"saxicola",,"","E.A.Bruce",Accepted,,M,WCSP (in review),841893,675796-1,"Bothalia","6: 233","","1951"
kew-2711306,A,Pedaliaceae,,Ceratotheca,,"sesamoides",,"","Endl.",Accepted,,M,WCSP (in review),841894,675797-1,"Linnaea","7: 5","","1832"
kew-2711311,A,Pedaliaceae,,Ceratotheca,,"triloba",,"","(Bernh.) Hook.f.",Accepted,,M,WCSP (in review),841899,,"Bot. Mag.","114: t. 6974","","1888"
tro-24300034,A,Pedaliaceae,,Ceratotheca,,"triloba",,"","(Bernh.) E. Mey.",Unresolved,,L,TRO,24300034,,"","","",""
kew-2606943,A,Pedaliaceae,,Dewinteria,,"petrophila",,"","(De Winter) van Jaarsv. & A.E.van Wyk",Accepted,,M,WCSP (in review),739972,77088530-1,"Bothalia","37: 198","","2007"
kew-2765683,A,Pedaliaceae,,Dicerocaryum,,"eriocarpum",,"","(Decne.) Abels",Accepted,,M,WCSP (in review),895269,,"Morphol., Geogr., Taxon., Dicerocaryum & Ceratotheca","175","","1973"
kew-2765684,A,Pedaliaceae,,Dicerocaryum,,"forbesii",,"","(Decne.) A.E.van Wyk",Accepted,,L,WCSP (in review),895270,70029344-1,"Fl. Pl. Africa","58: 119","","2003"
kew-2765685,A,Pedaliaceae,,Dicerocaryum,,"senecioides",,"","(Klotzsch) Abels",Accepted,,M,WCSP (in review),895271,,"Morphol., Geogr., Taxon., Dicerocaryum & Ceratotheca","175","","1973"
kew-2765687,A,Pedaliaceae,,Dicerocaryum,,"sinuatum",,"","Bojer",Unresolved,,L,WCSP (in review),895273,675809-1,"Ann. Sci. Nat., Bot.","II, 4: 269","","1835"
kew-2765688,A,Pedaliaceae,,Dicerocaryum,,"zanguebarium",,"","(Lour.) Merr.",Accepted,,M,WCSP (in review),895274,675810-1,"Trans. Amer. Philos. Soc.","n.s., 24(2): 355","","1935"
kew-2816636,A,Pedaliaceae,,Gangila,,"pentaphylla",,"","Bernh.",Unresolved,,L,WCSP (in review),944097,675814-1,"Linnaea","16: 42","","1842"
kew-2839700,A,Pedaliaceae,,Harpagophytum,,"pinnatifidum",,"","Engl.",Unresolved,,L,WCSP (in review),966982,,"Bot. Jahrb. Syst.","10: 255","","1889"
kew-2839701,A,Pedaliaceae,,Harpagophytum,,"procumbens",,"","(Burch.) DC. ex Meisn.",Unresolved,,L,WCSP (in review),966983,675824-1,"Pl. Vasc. Gen.","206","","1840"
tro-24300039,A,Pedaliaceae,,Harpagophytum,,"procumbens",subsp.,"procumbens","",Unresolved,,L,TRO,24300039,,"","","",""
kew-2839702,A,Pedaliaceae,,Harpagophytum,,"zeyheri",,"","Decne.",Unresolved,,L,WCSP (in review),966984,675825-1,"Ann. Sci. Nat., Bot.","V, 3: 329","","1865"
kew-2870227,A,Pedaliaceae,,Harpagophytum,,"zeyheri",subsp.,"sublobatum","(Engl.) Ihlenf. & H.E.K.Hartmann",Unresolved,,L,WCSP (in review),996816,,"Mitt. Staatsinst. Allg. Bot. Hamburg","13: 58","","1970"
tro-24300047,A,Pedaliaceae,,Harpagophytum,,"zeyheri",subsp.,"zeyheri","",Unresolved,,L,TRO,24300047,,"","","",""
tro-24300049,A,Pedaliaceae,,Holubia,,"saccata",,"","Oliv.",Accepted,,M,TRO,24300049,,"Hooker's Icon. Pl.","15: 59","59","1884"
tro-24300097,A,Pedaliaceae,,Josephinia,,"africana",,"","Vatke",Accepted,,M,TRO,24300097,675829-1,"Linnaea","43: 541","541","1882"
kew-2332467,A,Pedaliaceae,,Josephinia,,"celebica",,"","Blume",Unresolved,,L,WCSP (in review),472616,675830-1,"Bijdr.","779","","1826"
kew-2333352,A,Pedaliaceae,,Josephinia,,"eugeniae",,"","F.Muell.",Unresolved,,L,WCSP (in review),473122,675831-1,"Hooker's J. Bot. Kew Gard. Misc.","9: 370","","1857"
kew-2332469,A,Pedaliaceae,,Josephinia,,"grandiflora",,"","R.Br.",Unresolved,,L,WCSP (in review),472618,675832-1,"Prodr. Fl. Nov. Holl.","520","","1810"
kew-2332470,A,Pedaliaceae,,Josephinia,,"imperatricis",,"","Vent.",Unresolved,,L,WCSP (in review),472619,114525-3,"Jard. Malmaison","67","","1804"
kew-2332471,A,Pedaliaceae,,Josephinia,,"papillosa",,"","W.Fitzg.",Unresolved,,L,WCSP (in review),472620,675834-1,"J. Proc. Roy. Soc. Western Australia","3: 207","","1918"
tro-50120407,A,Pedaliaceae,,Linariopsis,,"chevalieri",,"","Jacq.-Fél.",Accepted,,M,TRO,50120407,675835-1,"Bull. Soc. Bot. France","92: 135","135","1946"
kew-2493953,A,Pedaliaceae,,Linariopsis,,"prostrata",,"","Welw.",Accepted,,M,WCSP (in review),630569,675836-1,"Trans. Linn. Soc. London","27: 54","","1869"
kew-2502460,A,Pedaliaceae,,Murex,,"burmanni",,"","Kuntze",Unresolved,,L,WCSP (in review),638940,675870-1,"Revis. Gen. Pl.","2: 481","","1891"
tro-50259410,A,Pedaliaceae,,Pedaliodiscus,,"macrocarpus",,"","Ihlenf.",Accepted,,M,TRO,50259410,675873-1,"Ber. Deutsch. Bot. Ges.","81: 149","149","1968"
kew-2562869,A,Pedaliaceae,,Pedaliophyton,,"busseanum",,"","Engl.",Unresolved,,L,WCSP (in review),697667,675874-1,"Bot. Jahrb. Syst.","32: 111","","1902"
kew-2562871,A,Pedaliaceae,,Pedalium,,"busseanum",,"","Stapf",Unresolved,,L,WCSP (in review),697669,675875-1,"Fl. Trop. Afr.","4(2): 540","","1906"
kew-2562873,A,Pedaliaceae,,Pedalium,,"filiforme",,"","Pav. ex A.DC.",Unresolved,,L,WCSP (in review),697671,675877-1,"Prodr.","9: 256","","1845"
tro-50329857,A,Pedaliaceae,,Pedalium,,"intermedium",,"","Engl.",Unresolved,,L,TRO,50329857,,"","","",""
kew-2562866,A,Pedaliaceae,,Pedalium,,"longiflorum",,"","Decne.",Unresolved,,L,WCSP (in review),697664,675878-1,"Ann. Sci. Nat., Bot.","V, 3: 331","","1865"
kew-2562876,A,Pedaliaceae,,Pedalium,,"murex",,"","L.",Accepted,,M,WCSP (in review),697674,675880-1,"Syst. Nat. ed. 10","2: 1123","","1759"
tro-50329864,A,Pedaliaceae,,Pedalium,,"ruspolii",,"","Engl.",Unresolved,,L,TRO,50329864,,"","","",""
kew-2563043,A,Pedaliaceae,,Pretrea,,"artemisiifolia",,"","Klotzsch",Unresolved,,L,WCSP (in review),697840,675883-1,"Naturw. Reise Mossambique","189","","1861"
kew-2563044,A,Pedaliaceae,,Pretrea,,"bojeriana",,"","Decne.",Unresolved,,L,WCSP (in review),697841,675884-1,"Rev. Bot. Recueil Mens.","1: 517","","1846"
kew-2563047,A,Pedaliaceae,,Pretrea,,"loasifolia",,"","Klotzsch",Unresolved,,L,WCSP (in review),697844,675887-1,"Naturw. Reise Mossambique","188","","1861"
kew-2563058,A,Pedaliaceae,,Pretrea,,"zanguebarica",,"","J.Gay",Unresolved,,L,WCSP (in review),697855,675889-1,"Ann. Sci. Nat. (Paris)","1: 457","","1824"
kew-2563052,A,Pedaliaceae,,Pretreothamnus,,"africartus",,"","B.Fedtsch.",Unresolved,,L,WCSP (in review),697849,675891-1,"Izv. Imp. Bot. Sada Petra Velikago","15: 404","","1915"
kew-2563053,A,Pedaliaceae,,Pretreothamnus,,"rosaceus",,"","Engl.",Unresolved,,L,WCSP (in review),697850,675892-1,"Bot. Jahrb. Syst.","36: 238","","1905"
tro-24300095,A,Pedaliaceae,,Pterodiscus,,"augustifolius",,"","Engl.",Unresolved,,L,TRO,24300095,675909-1,"Bot. Jahrb. Syst.","19: 155","155","1894"
kew-2563079,A,Pedaliaceae,,Pterodiscus,,"aurantiacus",,"","Welw.",Accepted,,M,WCSP (in review),697876,675910-1,"Trans. Linn. Soc. London","27: 53","","1869"
kew-2563080,A,Pedaliaceae,,Pterodiscus,,"brasiliensis",,"","Asch.",Accepted,,M,WCSP (in review),697877,675911-1,"Verh. Bot. Vereins Prov. Brandenburg","30: 182","","1888"
tro-24300094,A,Pedaliaceae,,Pterodiscus,,"coeruleus",,"","Chiov.",Accepted,,M,TRO,24300094,,"Fl. Somala","2: 342","342","1932"
kew-2563091,A,Pedaliaceae,,Pterodiscus,,"elliottii",,"","Baker ex Stapf",Unresolved,,L,WCSP (in review),697888,675913-1,"Fl. Trop. Afr.","4(2): 542","","1906"
kew-2563083,A,Pedaliaceae,,Pterodiscus,,"gayi",,"","Decne.",Unresolved,,L,WCSP (in review),697880,675914-1,"Ann. Sci. Nat., Bot.","V, 3: 336","","1865"
kew-2563075,A,Pedaliaceae,,Pterodiscus,,"heterophyllus",,"","Stapf",Unresolved,,L,WCSP (in review),697872,675915-1,"Fl. Trop. Afr.","4(2): 546","","1906"
kew-2563085,A,Pedaliaceae,,Pterodiscus,,"intermedius",,"","Engl.",Unresolved,,L,WCSP (in review),697882,675916-1,"Bot. Jahrb. Syst.","32: 112","","1902"
tro-24300098,A,Pedaliaceae,,Pterodiscus,,"kellerianus",,"","Schinz",Accepted,,M,TRO,24300098,675917-1,"Bull. Herb. Boissier","4: 453","453",""
kew-2563087,A,Pedaliaceae,,Pterodiscus,,"luridus",,"","Hook.f.",Unresolved,,L,WCSP (in review),697884,675918-1,"Bot. Mag.","95: t. 5784","","1869"
kew-2563088,A,Pedaliaceae,,Pterodiscus,,"ngamicus",,"","N.E.Br. ex Stapf",Unresolved,,L,WCSP (in review),697885,675919-1,"Fl. Trop. Afr.","4(2): 543","","1906"
kew-2563089,A,Pedaliaceae,,Pterodiscus,,"purpureus",,"","Chiov.",Unresolved,,L,WCSP (in review),697886,675920-1,"Fl. Somala","1: 244","","1929"
tro-24300096,A,Pedaliaceae,,Pterodiscus,,"ruspolii",,"","Engl.",Accepted,,M,TRO,24300096,675921-1,"Annuario Reale Ist. Bot. Roma","7: 31","31","1897"
kew-2563082,A,Pedaliaceae,,Pterodiscus,,"saccatus",,"","S.Moore",Unresolved,,L,WCSP (in review),697879,675923-1,"J. Bot.","37: 62","","1899"
kew-2563060,A,Pedaliaceae,,Pterodiscus,,"somaliensis",,"","Baker ex Stapf",Unresolved,,L,WCSP (in review),697857,675924-1,"Fl. Trop. Afr.","4(2): 544","","1906"
kew-2563061,A,Pedaliaceae,,Pterodiscus,,"speciosus",,"","Hook.",Unresolved,,L,WCSP (in review),697858,675925-1,"Bot. Mag.","70: t. 4117","","1844"
kew-2563062,A,Pedaliaceae,,Pterodiscus,,"undulatus",,"","Baker f.",Unresolved,,L,WCSP (in review),697859,675926-1,"J. Bot.","37: 62","","1899"
kew-2563063,A,Pedaliaceae,,Pterodiscus,,"wellbyi",,"","Stapf",Unresolved,,L,WCSP (in review),697860,675927-1,"Fl. Trop. Afr.","4(2): 544","","1906"
kew-2425811,A,Pedaliaceae,,Rogeria,,"adenophylla",,"","J.Gay ex Delile",Accepted,,M,WCSP (in review),563889,,"Voy. Méroé","4(prepr.): 78","","1826"
tro-24300055,A,Pedaliaceae,,Rogeria,,"bigibbosa",,"","Engl.",Accepted,,M,TRO,24300055,675929-1,"Bot. Jahrb. Syst.","10: 256","256","1889"
kew-2425822,A,Pedaliaceae,,Rogeria,,"brasiliensis",,"","J.Gay",Unresolved,,L,WCSP (in review),563900,675930-1,"Ann. Sci. Nat. (Paris)","1: 457","","1824"
kew-2425823,A,Pedaliaceae,,Rogeria,,"gayi",,"","Baill.",Unresolved,,L,WCSP (in review),563901,675931-1,"Bull. Mens. Soc. Linn. Paris","1: 668","","1887"
tro-24300056,A,Pedaliaceae,,Rogeria,,"longiflora",,"","(L.) J. Gay",Accepted,,M,TRO,24300056,675932-1,"Ann. Sci. Nat. (Paris)","1: 457","457","1824"
kew-2425820,A,Pedaliaceae,,Rogeria,,"rangeana",,"","Engl. ex Dinter",Unresolved,,L,WCSP (in review),563898,675935-1,"Repert. Spec. Nov. Regni Veg.","23: 136","","1926"
kew-2588520,A,Pedaliaceae,,Sesamopteris,,"alata",,"","DC. ex Meisn.",Unresolved,,L,WCSP (in review),722044,,"Pl. Vasc. Gen.","1: 206","","1839"
kew-2588521,A,Pedaliaceae,,Sesamopteris,,"pentaphylla",,"","A.DC.",Unresolved,,L,WCSP (in review),722045,675937-1,"Prodr.","9: 251","","1845"
kew-2588524,A,Pedaliaceae,,Sesamothamnus,,"benguellensis",,"","Welw.",Accepted,,M,WCSP (in review),722048,675939-1,"Trans. Linn. Soc. London","27: 50","","1869"
tro-24300093,A,Pedaliaceae,,Sesamothamnus,,"busseanus",,"","Engl.",Accepted,,M,TRO,24300093,675940-1,"Bot. Jahrb. Syst.","32: 114","114","1902"
kew-2588525,A,Pedaliaceae,,Sesamothamnus,,"erlangeri",,"","Engl.",Unresolved,,L,WCSP (in review),722049,675941-1,"Bot. Jahrb. Syst.","32: 113","","1902"
kew-2588519,A,Pedaliaceae,,Sesamothamnus,,"guerichii",,"","(Engl.) E.A.Bruce",Accepted,,M,WCSP (in review),722043,675942-1,"Kew Bull.","8: 418","","1953"
tro-24300053,A,Pedaliaceae,,Sesamothamnus,,"lugardii",,"","N.E. Br.",Accepted,,M,TRO,24300053,,"","","",""
tro-24300092,A,Pedaliaceae,,Sesamothamnus,,"rivae",,"","Engl.",Accepted,,M,TRO,24300092,675944-1,"Annuario Reale Ist. Bot. Roma","7: 30","30","1897"
kew-2588530,A,Pedaliaceae,,Sesamothamnus,,"seineri",,"","Engl.",Unresolved,,L,WCSP (in review),722054,675946-1,"Veg. Erde","9(I): 586","","1910"
kew-2588531,A,Pedaliaceae,,Sesamothamnus,,"smithii",,"","Baker ex Stapf",Unresolved,,L,WCSP (in review),722055,675947-1,"Fl. Trop. Afr.","4(2): 568","","1906"
tro-24300058,A,Pedaliaceae,,Sesamum,,"abbreviatum",,"","Merxm.",Accepted,,M,TRO,24300058,675948-1,"Mitt. Bot. Staatssamml. München","3: 4","4","1959"
kew-2588566,A,Pedaliaceae,,Sesamum,,"alatum",,"","Thonn.",Accepted,,M,WCSP (in review),722090,675950-1,"Beskr. Guin. Pl.","284","","1827"
kew-2588567,A,Pedaliaceae,,Sesamum,,"angolense",,"","Welw.",Accepted,,M,WCSP (in review),722091,,"Apont.","588","","1859"
kew-2588570,A,Pedaliaceae,,Sesamum,,"auriculatum",,"","C.Presl",Unresolved,,L,WCSP (in review),722094,675954-1,"Isis (Oken)","21: 275","","1828"
tro-50333890,A,Pedaliaceae,,Sesamum,,"biapiculatum",,"","De Wild.",Accepted,,M,TRO,50333890,675956-1,"Bull. Jard. Bot. État Brux.","5: 58","58","1915"
kew-2588565,A,Pedaliaceae,,Sesamum,,"brasiliense",,"","Vell.",Unresolved,,L,WCSP (in review),722089,675957-1,"Fl. Flumin.","264","","1829"
kew-2588574,A,Pedaliaceae,,Sesamum,,"caillei",,"","A.Chev.",Unresolved,,L,WCSP (in review),722098,675958-1,"Explor. Bot. Afrique Occ. Franç.","1: 488","","1920"
kew-2588575,A,Pedaliaceae,,Sesamum,,"calycinum",,"","Welw.",Accepted,,M,WCSP (in review),722099,675959-1,"Trans. Linn. Soc. London","27: 52","","1869"
kew-2870233,A,Pedaliaceae,,Sesamum,,"calycinum",subsp.,"angustifolium","(Oliv.) Ihlenf. & Seidenst.",Accepted,,L,WCSP (in review),996822,,"Mitt. Bot. Staatssamml. München","7: 12","","1968"
kew-2588576,A,Pedaliaceae,,Sesamum,,"calycinum",subsp.,"baumii","(Stapf) Seidenst. ex Ihlenf.",Accepted,,L,WCSP (in review),722100,954584-1,"in Fl. Zambes.","8(3): 100","","1988"
kew-2588578,A,Pedaliaceae,,Sesamum,,"calycinum",subsp.,"repens","(Engl. & Gilg) Seidenst.",Accepted,,L,WCSP (in review),722102,,"Mitt. Inst. Allg. Bot. Hamburg","22: 232","","1988"
tro-24300064,A,Pedaliaceae,,Sesamum,,"capense",,"","Burm. f.",Accepted,,M,TRO,24300064,675960-1,"Fl. Indica","17","17","1768"
tro-50333925,A,Pedaliaceae,,Sesamum,,"digitaloides",,"","Welw. ex Schinz",Accepted,,M,TRO,50333925,675961-1,"Bull. Herb. Boissier","4: 454","454",""
kew-2588571,A,Pedaliaceae,,Sesamum,,"edule",,"","Steud.",Unresolved,,L,WCSP (in review),722095,675963-1,"Nomencl. Bot.","1: 769","","1821"
kew-2588552,A,Pedaliaceae,,Sesamum,,"ekambaramii",,"","Naidu",Unresolved,,L,WCSP (in review),722076,675964-1,"J. Bombay Nat. Hist. Soc.","51: 698","","1953"
kew-2588553,A,Pedaliaceae,,Sesamum,,"foetidum",,"","Afzel ex Engl.",Unresolved,,L,WCSP (in review),722077,675965-1,"Bot. Jahrb. Syst.","19: 156","","1894"
tro-50333929,A,Pedaliaceae,,Sesamum,,"gracile",,"","Endl.",Accepted,,M,TRO,50333929,675967-1,"Linnaea","7: 10, t. 3","10","1832"
tro-50333930,A,Pedaliaceae,,Sesamum,,"hopkinsii",,"","Suess.",Accepted,,M,TRO,50333930,675970-1,"Proc. & Trans. Rhodesia Sci. Assoc.","43: 47","47","1951"
kew-2588550,A,Pedaliaceae,,Sesamum,,"indicum",,"","L.",Accepted,,M,WCSP (in review),722074,675971-1,"Sp. Pl.","634","","1753"
kew-2588561,A,Pedaliaceae,,Sesamum,,"laciniatum",,"","Klein ex Willd.",Unresolved,,L,WCSP (in review),722085,675974-1,"Sp. Pl.","3: 359","","1800"
tro-50333932,A,Pedaliaceae,,Sesamum,,"lamiifolium",,"","Engl.",Accepted,,M,TRO,50333932,675975-1,"Bot. Jahrb. Syst.","10: 256","256","1888"
tro-24300005,A,Pedaliaceae,,Sesamum,,"latifolium",,"","J.B. Gillett",Accepted,,M,TRO,24300005,675976-1,"Kew Bull.","1953: 118","118","1953"
kew-2588394,A,Pedaliaceae,,Sesamum,,"lepidotum",,"","Schinz",Accepted,,M,WCSP (in review),721918,675977-1,"Bull. Herb. Boissier","4: 455","","1896"
kew-2588395,A,Pedaliaceae,,Sesamum,,"luteum",,"","Retz.",Unresolved,,L,WCSP (in review),721919,675978-1,"Observ. Bot.","6: 31","","1791"
tro-50333895,A,Pedaliaceae,,Sesamum,,"macranthum",,"","Oliv.",Accepted,,M,TRO,50333895,,"Trans. Linn. Soc. London","29(3): 131","131","1875"
kew-2588398,A,Pedaliaceae,,Sesamum,,"malabaricum",,"","Burm.",Unresolved,,L,WCSP (in review),721922,675981-1,"Fl. Malab.","4","","1769"
tro-24300065,A,Pedaliaceae,,Sesamum,,"marlothii",,"","Engl.",Accepted,,M,TRO,24300065,675982-1,"Bot. Jahrb. Syst.","10: 257","257","1888"
kew-2588401,A,Pedaliaceae,,Sesamum,,"mombazense",,"","De Wild. & T.Durand",Accepted,,M,WCSP (in review),721925,675984-1,"Pl. Thonn. Congol.","36","","1900"
kew-2588419,A,Pedaliaceae,,Sesamum,,"mulayanum",,"","N.C.Nair",Unresolved,,L,WCSP (in review),721943,675985-1,"Bull. Bot. Surv. India","5: 251","","1964"
tro-50248756,A,Pedaliaceae,,Sesamum,,"parviflorum",,"","Seidenst.",Accepted,,M,TRO,50248756,,"Mitt. Inst. Allg. Bot. Hamburg","22: 232","232","1988"
kew-2587577,A,Pedaliaceae,,Sesamum,,"pedalioides",,"","Welw. ex Hiern",Accepted,,M,WCSP (in review),721117,675990-1,"Cat. Afr. Pl.","1: 799","","1900"
kew-2587569,A,Pedaliaceae,,Sesamum,,"pentaphyllum",,"","E.Mey.",Unresolved,,L,WCSP (in review),721109,,"Zwei Pflanzengeogr. Dokum.","50, 54","","1843"
kew-2588418,A,Pedaliaceae,,Sesamum,,"prostratum",,"","Retz.",Unresolved,,L,WCSP (in review),721942,,"Observ. Bot.","4: 38","","1786"
kew-2587571,A,Pedaliaceae,,Sesamum,,"pterospermum",,"","R.Br.",Unresolved,,L,WCSP (in review),721111,675993-1,"Voy. Abyss.","App.: Ixiv","","1814"
kew-2587572,A,Pedaliaceae,,Sesamum,,"radiatum",,"","Schumach. & Thonn.",Accepted,,M,WCSP (in review),721112,675994-1,"Beskr. Guin. Pl.","282","","1827"
kew-2587574,A,Pedaliaceae,,Sesamum,,"rigidum",,"","Peyr.",Accepted,,M,WCSP (in review),721114,,"Sitzungsber. Kaiserl. Akad. Wiss., Math.-Naturwiss. Cl.","38: 572","","1860"
tro-50333935,A,Pedaliaceae,,Sesamum,,"rostratum",,"","Hochst.",Accepted,,M,TRO,50333935,675997-1,"Flora","24(1. Intelligenzbl.): 43","43","1841"
kew-2588410,A,Pedaliaceae,,Sesamum,,"sabulosum",,"","A.Chev.",Accepted,,M,WCSP (in review),721934,675998-1,"Etudes Fl. Afr. Centr. Franç.","1: 229","","1913"
kew-2587568,A,Pedaliaceae,,Sesamum,,"schinzianum",,"","Asch.",Accepted,,M,WCSP (in review),721108,,"Verh. Bot. Vereins Prov. Brandenburg","30: 182","","1888"
tro-50333896,A,Pedaliaceae,,Sesamum,,"somalense",,"","Chiov.",Accepted,,M,TRO,50333896,676001-1,"Fl. Somala","2: 343","343","1932"
kew-2588404,A,Pedaliaceae,,Sesamum,,"talbotii",,"","Wernham",Unresolved,,L,WCSP (in review),721928,676002-1,"Cat. Pl. Oban","73","","1913"
kew-2588405,A,Pedaliaceae,,Sesamum,,"tavakarii",,"","M.R.Almeida & S.M.Almeida",Unresolved,,L,WCSP (in review),721929,20009133-1,"Fl. Maharashtra","3B: 463","","2001"
tro-50333923,A,Pedaliaceae,,Sesamum,,"thonneri",,"","De Wild. & T. Durand",Accepted,,M,TRO,50333923,,"Pl. Thonn. Cong.","37","37","1900"
kew-2588407,A,Pedaliaceae,,Sesamum,,"trifoliatum",,"","Mill.",Unresolved,,L,WCSP (in review),721931,676004-1,"Gard. Dict. ed. 8","3","","1768"
kew-2588417,A,Pedaliaceae,,Sesamum,,"triphyllum",,"","Welw. ex Asch.",Accepted,,M,WCSP (in review),721941,676005-1,"Verh. Bot. Vereins Prov. Brandenburg","30: 185","","1888"
tro-24300074,A,Pedaliaceae,,Sesamum,,"triphyllum",var.,"grandiflorum","Merxm.",Accepted,,L,TRO,24300074,,"","","",""
kew-2588412,A,Pedaliaceae,,Simsimum,,"rostratum",,"","Bernh.",Unresolved,,L,WCSP (in review),721936,676007-1,"Linnaea","16: 42","","1842"
kew-2516517,A,Pedaliaceae,,Trapella,,"sinensis",,"","Oliv.",Accepted,,M,WCSP (in review),652751,,"Hooker's Icon. Pl.","16: t. 1595","","1887"
kew-2450289,A,Pedaliaceae,,Uncaria,,"burchellii",,"","Kuntze",Unresolved,,L,WCSP (in review),587820,676012-1,"Revis. Gen. Pl.","2: 481","","1891"
kew-2450263,A,Pedaliaceae,,Uncaria,,"grandidieri",,"","Kuntze",Unresolved,,L,WCSP (in review),587794,676013-1,"Revis. Gen. Pl.","2: 481","","1891"
kew-2450283,A,Pedaliaceae,,Uncaria,,"leptocarpa",,"","Kuntze",Unresolved,,L,WCSP (in review),587814,676014-1,"Revis. Gen. Pl.","2: 481","","1891"
kew-2450284,A,Pedaliaceae,,Uncaria,,"peltata",,"","Kuntze",Unresolved,,L,WCSP (in review),587815,676015-1,"Revis. Gen. Pl.","2: 481","","1891"
tro-24300018,A,Pedaliaceae,,Uncarina,,"abbreviata",,"","(Baill.) Ihlenf. & Straka",Accepted,,M,TRO,24300018,60436041-2,"Z. Bot.","50(2): 158","158","1962"
kew-2450425,A,Pedaliaceae,,Uncarina,,"ankaranensis",,"","Ihlenf.",Unresolved,,L,WCSP (in review),587954,60433576-2,"Kakteen And. Sukk.","55: 153","","2004"
tro-24300008,A,Pedaliaceae,,Uncarina,,"decaryi",,"","Humbert ex Ihlenf.",Accepted,,M,TRO,24300008,20005661-1,"Kakteen And. Sukk.","53(5): 124, abb. 1","124","2002"
kew-2450290,A,Pedaliaceae,,Uncarina,,"didieri",,"","(Baill.) Stapf",Unresolved,,L,WCSP (in review),587821,676019-1,"Nat. Pflanzenfam.","4(3b): 261","","1895"
tro-24300009,A,Pedaliaceae,,Uncarina,,"grandidieri",,"","(Baill.) Stapf",Accepted,,M,TRO,24300009,676020-1,"Nat. Pflanzenfam.","4, 3b: 261","261","1895"
kew-2450292,A,Pedaliaceae,,Uncarina,,"ihlenfeldtiana",,"","Lavranos",Unresolved,,L,WCSP (in review),587823,,"Sukkulentenforsch. Afrika","83","","2004"
tro-24300020,A,Pedaliaceae,,Uncarina,,"leandrii",,"","Humbert",Accepted,,M,TRO,24300020,676021-1,"Adansonia, n.s.","2(2): 212–214, t. 1(1–3), 2(12), 3(map)","212","1962"
tro-24300015,A,Pedaliaceae,,Uncarina,,"leptocarpa",,"","(Decne.) Ihlenf. & Straka",Accepted,,M,TRO,24300015,60436039-2,"Z. Bot.","50(2): 157","157","1962"
tro-24300013,A,Pedaliaceae,,Uncarina,,"peltata",,"","(Baker) Stapf",Accepted,,M,TRO,24300013,,"Nat. Pflanzenfam.","","","1895"
tro-24300010,A,Pedaliaceae,,Uncarina,,"perrieri",,"","Humbert",Accepted,,M,TRO,24300010,676023-1,"Adansonia, ser. 2,","2(2): 211","211","1962"
kew-2450287,A,Pedaliaceae,,Uncarina,,"platycarpa",,"","Lavranos",Unresolved,,L,WCSP (in review),587818,2986836-1,"Cact. Succ. J. (Los Angeles)","68: 82","","1996"
tro-50066295,A,Pedaliaceae,,Uncarina,,"roeoesliana",,"","Rauh",Accepted,,M,TRO,50066295,987253-1,"Kakteen And. Sukk.","47(1): 15–18","15","1996"
tro-24300014,A,Pedaliaceae,,Uncarina,,"sakalava",,"","Humbert",Accepted,,M,TRO,24300014,676024-1,"Adansonia, n.s.","2(2): 211","211","1962"
tro-24300007,A,Pedaliaceae,,Uncarina,,"stellulifera",,"","Humbert",Accepted,,M,TRO,24300007,676025-1,"Adansonia, n.s.","2(2): 210, t. 2(4–6), 3(map)","210","1962"
tro-50162715,A,Pedaliaceae,,Uncarina,,"turicana",,"","Lavranos",Accepted,,M,TRO,50162715,1011439-1,"Kakteen And. Sukk.","50(12): 317–318","317","1999"
