﻿ID,Major group,Family,Genus hybrid marker,Genus,Species hybrid marker,Species,Infraspecific rank,Infraspecific epithet,Authorship,Taxonomic status in TPL,Nomenclatural status from original data source,Confidence level,Source,Source id,IPNI id,Publication,Collation,Page,Date
kew-7487,A,Penaeaceae,,Alzatea,,"verticillata",,"","Ruiz & Pav.",Accepted,,H,WCSP,7487,159960-1,"Fl. Peruv.","3: 20","","1802"
kew-18521,A,Penaeaceae,,Axinandra,,"alata",,"","Baill.",Accepted,,H,WCSP,18521,552816-1,"Adansonia","12: 86","","1876"
kew-18522,A,Penaeaceae,,Axinandra,,"beccariana",,"","Baill.",Accepted,,H,WCSP,18522,552817-1,"Adansonia","12: 85","","1876"
kew-18524,A,Penaeaceae,,Axinandra,,"coriacea",,"","Baill.",Accepted,,H,WCSP,18524,552818-1,"Adansonia","12: 85","","1876"
kew-18526,A,Penaeaceae,,Axinandra,,"zeylanica",,"","Thwaites",Accepted,,H,WCSP,18526,552820-1,"Hooker's J. Bot. Kew Gard. Misc.","6: 67","","1854"
kew-2681385,A,Penaeaceae,,Brachysiphon,,"acutus",,"","(Thunb.) A.Juss.",Accepted,,M,WCSP (in review),813096,676042-1,"Ann. Sci. Nat., Bot.","III, 6: 25","","1846"
tro-24400029,A,Penaeaceae,,Brachysiphon,,"acutus",,"","Juss.",Unresolved,,L,TRO,24400029,,"","","",""
kew-2681386,A,Penaeaceae,,Brachysiphon,,"ericifolius",,"","A.Juss.",Unresolved,,L,WCSP (in review),813097,676043-1,"Ann. Sci. Nat., Bot.","III, 6: 24","","1846"
kew-2681387,A,Penaeaceae,,Brachysiphon,,"fucatus",,"","(L.) Gilg",Accepted,,M,WCSP (in review),813098,676044-1,"Bot. Jahrb. Syst.","18: 520","","1894"
kew-2681388,A,Penaeaceae,,Brachysiphon,,"imbricatus",,"","A.Juss.",Unresolved,,L,WCSP (in review),813099,676045-1,"Ann. Sci. Nat., Bot.","III, 6: 25","","1846"
kew-2681389,A,Penaeaceae,,Brachysiphon,,"microphyllus",,"","Rourke",Accepted,,M,WCSP (in review),813100,982630-1,"Nordic J. Bot.","15: 63","","1995"
kew-2681390,A,Penaeaceae,,Brachysiphon,,"mundii",,"","Sond.",Accepted,,M,WCSP (in review),813101,676046-1,"Linnaea","23: 102","","1850"
kew-2681391,A,Penaeaceae,,Brachysiphon,,"petraeus",,"","W.F.Barker",Unresolved,,L,WCSP (in review),813102,676047-1,"J. S. African Bot.","29: 167","","1963"
kew-2681392,A,Penaeaceae,,Brachysiphon,,"rupestris",,"","Sond.",Accepted,,M,WCSP (in review),813103,676048-1,"Linnaea","23: 101","","1850"
kew-2681393,A,Penaeaceae,,Brachysiphon,,"speciosus",,"","Sond.",Unresolved,,L,WCSP (in review),813104,676049-1,"Linnaea","23: 103","","1850"
kew-51888,A,Penaeaceae,,Crypteronia,,"borneensis",,"","J.T.Pereira & K.M.Wong",Accepted,,H,WCSP,51888,985709-1,"Sandakania","6: 45","","1995"
kew-51889,A,Penaeaceae,,Crypteronia,,"cumingii",,"","(Planch.) Endl.",Accepted,,H,WCSP,51889,552852-1,"Gen. Pl.","Suppl. 4(2): 39","","1848"
kew-51890,A,Penaeaceae,,Crypteronia,,"elegans",,"","J.T.Pereira & K.M.Wong",Accepted,,H,WCSP,51890,985710-1,"Sandakania","6: 48","","1995"
kew-51892,A,Penaeaceae,,Crypteronia,,"glabriflora",,"","J.T.Pereira & K.M.Wong",Accepted,,H,WCSP,51892,985711-1,"Sandakania","6: 50","","1995"
kew-51893,A,Penaeaceae,,Crypteronia,,"griffithii",,"","C.B.Clarke",Accepted,,H,WCSP,51893,552854-1,"Fl. Brit. India","2: 574","","1869"
kew-51899,A,Penaeaceae,,Crypteronia,,"macrophylla",,"","Beus.-Osinga",Accepted,,H,WCSP,51899,,"Blumea","22: 261","","1975"
kew-51900,A,Penaeaceae,,Crypteronia,,"paniculata",,"","Blume",Accepted,,H,WCSP,51900,552858-1,"Bijdr.","1151","","1827"
kew-51905,A,Penaeaceae,,Crypteronia,,"paniculata",var.,"pubescens","(Wall.) Kurz",Accepted,,L,WCSP,51905,,"J. Asiat. Soc. Bengal, Pt. 2, Nat. Hist.","46(2): 86","","1877"
kew-55031,A,Penaeaceae,,Dactylocladus,,"stenostachys",,"","Oliv.",Accepted,,H,WCSP,55031,568142-1,"Hooker's Icon. Pl.","24: t. 2341","","1895"
kew-2789083,A,Penaeaceae,,Endonema,,"lateriflora",,"","(L.f.) Gilg",Accepted,,M,WCSP (in review),916911,676050-1,"Nat. Pflanzenfam.","3(6a): 210","","1894"
kew-2789084,A,Penaeaceae,,Endonema,,"retzioides",,"","Sond.",Accepted,,M,WCSP (in review),916912,676051-1,"Linnaea","23: 103","","1850"
kew-2826614,A,Penaeaceae,,Glischrocolla,,"formosa",,"","(Thunb.) R.Dahlgren",Accepted,,L,WCSP (in review),954037,676056-1,"Bot. Not.","120: 59","","1967"
tro-24400004,A,Penaeaceae,,Glischrocolla,,"formosa",,"","Dahlg.",Unresolved,,L,TRO,24400004,,"","","",""
kew-2398153,A,Penaeaceae,,Olinia,,"acuminata",,"","Klotzsch",Unresolved,,L,WCSP (in review),536659,553987-1,"Allg. Gartenzeitung","4: 27","","1836"
kew-2398348,A,Penaeaceae,,Olinia,,"capensis",,"","Klotzsch",Unresolved,,L,WCSP (in review),536853,553988-1,"Allg. Gartenzeitung","4: 27","","1836"
tro-23100010,A,Penaeaceae,,Olinia,,"emarginata",,"","Burtt Davy",Accepted,,M,TRO,23100010,,"","","",""
kew-2398327,A,Penaeaceae,,Olinia,,"huillensis",,"","Welw. ex A.Fern. & R.Fern.",Accepted,,M,WCSP (in review),536832,611224-1,"Mem. Junta Invest. Ultramar, 2 Ser.","28: 15","","1962"
kew-2896877,A,Penaeaceae,,Olinia,,"huillensis",subsp.,"discolor","(Mildbr.) Sebola",Accepted,,L,WCSP (in review),1019705,77098525-1,"Kew Bull.","64: 112","","2009"
kew-2398326,A,Penaeaceae,,Olinia,,"macrantha",,"","Engl.",Unresolved,,L,WCSP (in review),536831,832265-1,"Pflanzenw. Ost-Afrikas","A: 123","","1895"
kew-2398324,A,Penaeaceae,,Olinia,,"micrantha",,"","Decne.",Unresolved,,L,WCSP (in review),536829,553990-1,"Car. Affin. Olinées","14","","1877"
tro-23100011,A,Penaeaceae,,Olinia,,"radiata",,"","J. Hofmeyr & Phill.",Accepted,,M,TRO,23100011,,"","","",""
kew-2398322,A,Penaeaceae,,Olinia,,"rochetiana",,"","A.Juss.",Accepted,,M,WCSP (in review),536827,553991-1,"Compt. Rend. Hebd. Séances Acad. Sci.","22: 812","","1846"
kew-2398321,A,Penaeaceae,,Olinia,,"ruandensis",,"","Gilg",Accepted,,M,WCSP (in review),536826,611227-1,"Wiss. Erg. Deut. Zentr.-Afr. Exped., Bot.","2: 575","","1913"
kew-2398320,A,Penaeaceae,,Olinia,,"usambarensis",,"","Gilg ex Engl.",Accepted,,M,WCSP (in review),536825,832266-1,"Abh. Königl. Akad. Wiss. Berlin","1894: 63, 277","","1894"
kew-2398319,A,Penaeaceae,,Olinia,,"vanguerioides",,"","Baker f.",Accepted,,M,WCSP (in review),536824,611228-1,"J. Linn. Soc., Bot.","40: 72","","1911"
tro-23100014,A,Penaeaceae,,Olinia,,"ventosa",,"","(L.) Cufod.",Accepted,,L,TRO,23100014,,"","","",""
tro-24400006,A,Penaeaceae,,Penaea,,"acutifolia",,"","Juss.",Accepted,,M,TRO,24400006,,"","","",""
kew-2563070,A,Penaeaceae,,Penaea,,"affinis",,"","Endl.",Unresolved,,L,WCSP (in review),697867,676060-1,"Gen. Pl.","Suppl. 4(2): 73","","1848"
kew-2563071,A,Penaeaceae,,Penaea,,"barbata",,"","Endl.",Unresolved,,L,WCSP (in review),697868,676061-1,"Gen. Pl.","Suppl. 4(2): 73","","1848"
kew-2563072,A,Penaeaceae,,Penaea,,"bolusii",,"","Gand.",Unresolved,,L,WCSP (in review),697869,676062-1,"Bull. Soc. Bot. France","60: 26","","1913"
tro-24400007,A,Penaeaceae,,Penaea,,"cneorum",,"","Meerb.",Accepted,,M,TRO,24400007,,"","","",""
tro-24400011,A,Penaeaceae,,Penaea,,"cneorum",subsp.,"ovata","R. Dahlgren",Accepted,,L,TRO,24400011,,"","","",""
tro-50268599,A,Penaeaceae,,Penaea,,"dahlgrenii",,"","Rourke",Accepted,,M,TRO,50268599,937666-1,"S. African J. Bot.","55(4): 400–404, f. 1–4","400","1989"
kew-2562986,A,Penaeaceae,,Penaea,,"dregei",,"","Endl.",Unresolved,,L,WCSP (in review),697783,676066-1,"Gen. Pl.","Suppl. 4(2): 73","","1848"
kew-2562995,A,Penaeaceae,,Penaea,,"dubia",,"","Stephens",Unresolved,,L,WCSP (in review),697792,676067-1,"Bull. Misc. Inform. Kew","1910: 237","","1910"
kew-2562987,A,Penaeaceae,,Penaea,,"ericifolia",,"","Gilg",Unresolved,,L,WCSP (in review),697784,676068-1,"Bot. Jahrb. Syst.","18: 520","","1894"
kew-2562988,A,Penaeaceae,,Penaea,,"fucata",,"","L.",Unresolved,,L,WCSP (in review),697785,676076-1,"Mant. Pl.","199","","1767"
kew-2562993,A,Penaeaceae,,Penaea,,"fucata",,"","Zeyh. ex A.DC.",Unresolved,,L,WCSP (in review),697790,676074-1,"Prodr.","14: 489","","1856"
kew-2562966,A,Penaeaceae,,Penaea,,"fuscata",,"","Steud.",Unresolved,,L,WCSP (in review),697763,676078-1,"Nomencl. Bot.","1: 603","","1821"
kew-2562969,A,Penaeaceae,,Penaea,,"imbricata",,"","Eckl. ex A.DC.",Unresolved,,L,WCSP (in review),697766,676081-1,"Prodr.","14: 484","","1856"
kew-2562970,A,Penaeaceae,,Penaea,,"intermedia",,"","Endl.",Unresolved,,L,WCSP (in review),697767,676082-1,"Gen. Pl.","Suppl. 4(2): 73","","1848"
kew-2562974,A,Penaeaceae,,Penaea,,"macrosiphon",,"","Gand.",Unresolved,,L,WCSP (in review),697771,676086-1,"Bull. Soc. Bot. France","60: 420","","1913"
tro-24400014,A,Penaeaceae,,Penaea,,"mucronata",,"","L.",Accepted,,M,TRO,24400014,676088-1,"Sp. Pl.","1: 111–112","111","1753"
kew-2562977,A,Penaeaceae,,Penaea,,"myrtifolia",,"","Endl.",Unresolved,,L,WCSP (in review),697774,676089-1,"Gen. Pl.","Suppl. 4(2): 73","","1848"
kew-2562978,A,Penaeaceae,,Penaea,,"myrtilloides",,"","A.DC.",Unresolved,,L,WCSP (in review),697775,676090-1,"Prodr.","14: 485","","1856"
kew-2563000,A,Penaeaceae,,Penaea,,"myrtilloides",,"","Thunb.",Unresolved,,L,WCSP (in review),697797,676091-1,"Prodr. Pl. Cap.","30","","1794"
kew-2562971,A,Penaeaceae,,Penaea,,"myrtoides",,"","L.f.",Unresolved,,L,WCSP (in review),697768,676092-1,"Suppl. Pl.","122","","1782"
kew-2563012,A,Penaeaceae,,Penaea,,"punicea",,"","Steud.",Unresolved,,L,WCSP (in review),697809,,"Nomencl. Bot.","ed. 2, 2: 297","","1841"
kew-2563015,A,Penaeaceae,,Penaea,,"scandens",,"","Lour.",Unresolved,,L,WCSP (in review),697812,676098-1,"Fl. Cochinch.","73","","1790"
kew-2563025,A,Penaeaceae,,Penaea,,"squamosa",,"","L.",Unresolved,,L,WCSP (in review),697822,676100-1,"Sp. Pl.","112","","1753"
kew-2563018,A,Penaeaceae,,Penaea,,"tetragona",,"","P.J.Bergius",Unresolved,,L,WCSP (in review),697815,676101-1,"Descr. Pl. Cap.","36","","1767"
kew-2563010,A,Penaeaceae,,Penaea,,"tomentosa",,"","Thunb.",Unresolved,,L,WCSP (in review),697807,676102-1,"Prodr. Pl. Cap.","30","","1794"
kew-158645,A,Penaeaceae,,Plectronia,,"blepharopetala",,"","K.Schum. ex Engl.",Unresolved,,L,WCSP,158645,928196-1,"Abh. Königl. Preuss. Akad. Wiss., Phys.-Math. Cl.","1894: 61","","1895"
kew-158649,A,Penaeaceae,,Plectronia,,"brieyi",,"","De Wild.",Unresolved,,L,WCSP,158649,760524-1,"Repert. Spec. Nov. Regni Veg.","13: 380","","1914"
kew-158651,A,Penaeaceae,,Plectronia,,"buarica",,"","Mildbr.",Unresolved,,L,WCSP,158651,760526-1,"Notizbl. Bot. Gart. Berlin-Dahlem","9: 203","","1924"
kew-158666,A,Penaeaceae,,Plectronia,,"citrifolia",,"","Eckl. & Zeyh.",Unresolved,,L,WCSP,158666,760540-1,"Enum. Pl. Afric. Austral.","363","","1837"
kew-158674,A,Penaeaceae,,Plectronia,,"corymbigera",,"","Valeton",Unresolved,,L,WCSP,158674,760549-1,"Bot. Jahrb. Syst.","61: 55","","1927"
kew-158675,A,Penaeaceae,,Plectronia,,"corymbosa",,"","Burm.f.",Unresolved,,L,WCSP,158675,760550-1,"Fl. Indica","Prodr. Fl. Cap.: 6","","1768"
kew-158677,A,Penaeaceae,,Plectronia,,"cuspidata",,"","K.Schum.",Unresolved,,L,WCSP,158677,760552-1,"Bot. Jahrb. Syst.","28: 74","","1899"
kew-158691,A,Penaeaceae,,Plectronia,,"discolor",,"","Schinz",Unresolved,,L,WCSP,158691,760567-1,"Mém. Herb. Boissier","10: 68","","1900"
kew-158694,A,Penaeaceae,,Plectronia,,"ealaensis",,"","De Wild.",Unresolved,,L,WCSP,158694,760570-1,"Ann. Mus. Congo Belge, Bot.","V, 3: 293","","1910"
kew-2536831,A,Penaeaceae,,Plectronia,,"floribunda",,"","Buchinger ex C.Krauss",Unresolved,,L,WCSP (in review),672735,,"Flora","27: 348","","1844"
kew-158717,A,Penaeaceae,,Plectronia,,"gracilipes",,"","Kurz",Unresolved,,L,WCSP,158717,760594-1,"Forest Fl. Burma","2: 36","","1877"
kew-158734,A,Penaeaceae,,Plectronia,,"jumellei",,"","(A.Chev.) A.Chev.",Unresolved,,L,WCSP,158734,760613-1,"Encycl. Biol.","22(2): 36","","1942"
kew-158736,A,Penaeaceae,,Plectronia,,"keiensis",,"","Valeton",Unresolved,,L,WCSP,158736,760615-1,"Bot. Jahrb. Syst.","61: 54","","1927"
kew-337371,A,Penaeaceae,,Plectronia,,"kohenua",,"","F.Br.",Unresolved,,L,WCSP,337371,760618-1,"Bernice P. Bishop Mus. Bull.","130: 297","","1935"
kew-158740,A,Penaeaceae,,Plectronia,,"korrowalensis",,"","K.Krause",Unresolved,,L,WCSP,158740,760620-1,"Bot. Jahrb. Syst.","57: 36","","1920"
kew-158743,A,Penaeaceae,,Plectronia,,"krauseana",,"","Domin",Unresolved,,L,WCSP,158743,760623-1,"Biblioth. Bot.","89: 622","","1929"
kew-158747,A,Penaeaceae,,Plectronia,,"laurentii",,"","De Wild.",Unresolved,,L,WCSP,158747,760627-1,"Miss. Ém. Laurent","1: 294","","1906"
kew-337372,A,Penaeaceae,,Plectronia,,"longicauda",,"","Valeton",Unresolved,,L,WCSP,337372,760636-1,"Bot. Jahrb. Syst.","61: 56","","1927"
kew-158760,A,Penaeaceae,,Plectronia,,"lualabae",,"","K.Schum.",Unresolved,,L,WCSP,158760,760640-1,"Bot. Jahrb. Syst.","28: 76","","1899"
kew-158762,A,Penaeaceae,,Plectronia,,"lucida",,"","De Wild. & T.Durand",Unresolved,,L,WCSP,158762,760641-1,"Ann. Mus. Congo Belge, Bot.","II, 1(2): 33","","1900"
kew-158765,A,Penaeaceae,,Plectronia,,"macconnelii",,"","Horne ex Baker",Unresolved,,L,WCSP,158765,,"J. Linn. Soc., Bot.","20: 363","","1883"
kew-158771,A,Penaeaceae,,Plectronia,,"madagascariensis",,"","A.Rich. ex DC.",Unresolved,,L,WCSP,158771,760653-1,"Prodr.","4: 476","","1830"
kew-158779,A,Penaeaceae,,Plectronia,,"mildbraedii",,"","K.Krause",Unresolved,,L,WCSP,158779,760661-1,"Wiss. Erg. Deut. Zentr.-Afr. Exped., Bot.","2: 328","","1911"
kew-158781,A,Penaeaceae,,Plectronia,,"minutifora",,"","K.Schum.",Unresolved,,L,WCSP,158781,,"Bot. Jahrb. Syst.","33: 352","","1903"
kew-158789,A,Penaeaceae,,Plectronia,,"myriantha",,"","Schltr. & K.Krause",Unresolved,,L,WCSP,158789,760672-1,"Bot. Jahrb. Syst.","40(92): 43","","1908"
tro-27910828,A,Penaeaceae,,Plectronia,,"neilgherrensis",,"","Bedd.",Unresolved,,L,TRO,27910828,760675-1,"","","",""
kew-158793,A,Penaeaceae,,Plectronia,,"nematosepala",,"","Mildbr.",Unresolved,,L,WCSP,158793,760676-1,"Notizbl. Bot. Gart. Berlin-Dahlem","9: 202","","1924"
kew-158798,A,Penaeaceae,,Plectronia,,"obliquifolia",,"","De Wild.",Unresolved,,L,WCSP,158798,760681-1,"Pl. Bequaert.","3: 193","","1925"
kew-158801,A,Penaeaceae,,Plectronia,,"obovata",,"","De Wild.",Unresolved,,L,WCSP,158801,760684-1,"Bull. Jard. Bot. État","5: 30","","1915"
kew-158806,A,Penaeaceae,,Plectronia,,"odorata",,"","Benth. & Hook.f. ex Hillebr.",Unresolved,,L,WCSP,158806,760688-1,"Fl. Hawaiian Isl.","175","","1888"
kew-158810,A,Penaeaceae,,Plectronia,,"orbicularis",,"","Rech.",Unresolved,,L,WCSP,158810,,"Denkschr. Kaiserl. Akad. Wiss., Wien. Math.-Naturwiss. Kl.","85: 195","","1910"
kew-158815,A,Penaeaceae,,Plectronia,,"pallidifolia",,"","K.Krause",Unresolved,,L,WCSP,158815,760698-1,"Bot. Jahrb. Syst.","57: 37","","1920"
tro-27910831,A,Penaeaceae,,Plectronia,,"rheedii",,"","Bedd.",Unresolved,,L,TRO,27910831,,"","","",""
kew-158841,A,Penaeaceae,,Plectronia,,"rubrinervis",,"","K.Krause",Unresolved,,L,WCSP,158841,760725-1,"Bot. Jahrb. Syst.","54: 350","","1917"
kew-158844,A,Penaeaceae,,Plectronia,,"scaberrima",,"","K.Schum.",Unresolved,,L,WCSP,158844,760728-1,"Bot. Jahrb. Syst.","32: 145","","1902"
kew-158846,A,Penaeaceae,,Plectronia,,"schimperi",,"","Hochst. ex Hiern",Unresolved,,L,WCSP,158846,760730-1,"Fl. Trop. Afr.","3: 136","","1877"
kew-158847,A,Penaeaceae,,Plectronia,,"schmidtii",,"","J.J.H.Schmidt",Unresolved,,L,WCSP,158847,760732-1,"Bot. Tidsskr.","24: 336","","1902"
kew-158848,A,Penaeaceae,,Plectronia,,"schraderbergiensis",,"","Valeton",Unresolved,,L,WCSP,158848,760733-1,"Bot. Jahrb. Syst.","61: 57","","1927"
kew-158878,A,Penaeaceae,,Plectronia,,"tomentosa",,"","De Wild.",Unresolved,,L,WCSP,158878,760765-1,"Ann. Mus. Congo Belge, Bot.","V, 1: 83","","1904"
kew-158880,A,Penaeaceae,,Plectronia,,"travancorica",,"","Bedd.",Unresolved,,L,WCSP,158880,760768-1,"Icon. Pl. Ind. Or.","58","","1874"
kew-158881,A,Penaeaceae,,Plectronia,,"trilocularis",,"","Baker",Unresolved,,L,WCSP,158881,760769-1,"Fl. Mauritius","147","","1877"
kew-158883,A,Penaeaceae,,Plectronia,,"umbellata",,"","Baker",Unresolved,,L,WCSP,158883,760771-1,"J. Linn. Soc., Bot.","20: 168","","1883"
kew-158899,A,Penaeaceae,,Plectronia,,"viridis",,"","Merr.",Unresolved,,L,WCSP,158899,760788-1,"Philipp. J. Sci.","1(Suppl.): 131","","1906"
kew-158903,A,Penaeaceae,,Plectronia,,"wightii",,"","T.Cooke",Unresolved,,L,WCSP,158903,760792-1,"Fl. Bombay","1: 606","","1903"
tro-27500744,A,Penaeaceae,,Rhynchocalyx,,"lawsonioides",,"","Oliv.",Accepted,,M,TRO,27500744,554143-1,"Hooker's Icon. Pl.","24: , t. 2348","","1895"
tro-24400038,A,Penaeaceae,,Saltera,,"sarcocolla",,"","Bullock",Accepted,,M,TRO,24400038,676103-1,"Kew Bull.","1958, 109 (1958)","1958","1958"
kew-2588346,A,Penaeaceae,,Sarcocolla,,"acuta",,"","Kunth",Unresolved,,L,WCSP (in review),721870,676104-1,"Linnaea","5: 678","","1830"
kew-2588347,A,Penaeaceae,,Sarcocolla,,"formosa",,"","Kunth",Unresolved,,L,WCSP (in review),721871,,"Linnaea","5: 678","","1830"
kew-2588348,A,Penaeaceae,,Sarcocolla,,"fucata",,"","Endl.",Unresolved,,L,WCSP (in review),721872,676106-1,"Gen. Pl.","Suppl. 4(2): 74","","1848"
kew-2588349,A,Penaeaceae,,Sarcocolla,,"fucata",,"","Zeyh. ex A.DC.",Unresolved,,L,WCSP (in review),721873,676107-1,"Prodr.","14: 489","","1856"
kew-2588359,A,Penaeaceae,,Sarcocolla,,"imbricata",,"","Benth. & Hook.f.",Unresolved,,L,WCSP (in review),721883,676108-1,"Gen. Pl.","3: 202","","1880"
kew-2588343,A,Penaeaceae,,Sarcocolla,,"linnaei",,"","A.Juss.",Unresolved,,L,WCSP (in review),721867,676110-1,"Ann. Sci. Nat., Bot.","III, 6: 25","","1846"
kew-2588353,A,Penaeaceae,,Sarcocolla,,"longiflora",,"","Kunth",Unresolved,,L,WCSP (in review),721877,676111-1,"Linnaea","5: 678","","1830"
kew-2588356,A,Penaeaceae,,Sarcocolla,,"rupestris",,"","Eckl. & Zeyh. ex Sond.",Unresolved,,L,WCSP (in review),721880,676114-1,"Linnaea","23: 102","","1850"
kew-2588357,A,Penaeaceae,,Sarcocolla,,"sarcocolla",,"","Kuntze",Unresolved,,L,WCSP (in review),721881,676115-1,"Revis. Gen. Pl.","3(2): 281","","1898"
kew-2588336,A,Penaeaceae,,Sarcocolla,,"speciosa",,"","Eckl. & Zeyh. ex Sond.",Unresolved,,L,WCSP (in review),721860,676116-1,"Linnaea","23: 103","","1850"
tro-24400034,A,Penaeaceae,,Sonderothamnus,,"petraeus",,"","R. Dahlgren",Accepted,,M,TRO,24400034,,"","","",""
tro-24400036,A,Penaeaceae,,Sonderothamnus,,"speciosus",,"","R. Dahlgren",Accepted,,M,TRO,24400036,,"","","",""
tro-24400015,A,Penaeaceae,,Stylapterus,,"barbatus",,"","Juss.",Accepted,,M,TRO,24400015,,"","","",""
tro-24400016,A,Penaeaceae,,Stylapterus,,"candolleanus",,"","R. Dahlgren",Accepted,,M,TRO,24400016,,"","","",""
tro-24400018,A,Penaeaceae,,Stylapterus,,"dubius",,"","R. Dahlgren",Accepted,,M,TRO,24400018,,"","","",""
tro-24400019,A,Penaeaceae,,Stylapterus,,"ericifolius",,"","R. Dahlgren",Accepted,,M,TRO,24400019,,"","","",""
tro-24400021,A,Penaeaceae,,Stylapterus,,"ericoides",,"","A.Juss.",Accepted,,L,TRO,24400021,676126-1,"","","",""
tro-24400025,A,Penaeaceae,,Stylapterus,,"fruticulosus",,"","Juss.",Accepted,,M,TRO,24400025,,"","","",""
tro-24400027,A,Penaeaceae,,Stylapterus,,"micranthus",,"","R. Dahlgren",Accepted,,M,TRO,24400027,,"","","",""
tro-24400028,A,Penaeaceae,,Stylapterus,,"sulcatus",,"","R. Dahlgren",Accepted,,M,TRO,24400028,,"","","",""
