﻿ID,Major group,Family,Genus hybrid marker,Genus,Species hybrid marker,Species,Infraspecific rank,Infraspecific epithet,Authorship,Taxonomic status in TPL,Nomenclatural status from original data source,Confidence level,Source,Source id,IPNI id,Publication,Collation,Page,Date
kew-37333,A,Peraceae,,Chaetocarpus,,"acutifolius",,"","(Britton & P.Wilson) Borhidi",Accepted,,H,WCSP,37333,340501-1,"Acta Bot. Acad. Sci. Hung.","25: 18","","1979"
kew-37334,A,Peraceae,,Chaetocarpus,,"africanus",,"","Pax",Accepted,,H,WCSP,37334,340502-1,"Bot. Jahrb. Syst.","19: 113","","1894"
kew-37336,A,Peraceae,,Chaetocarpus,,"castanocarpus",,"","(Roxb.) Thwaites",Accepted,,H,WCSP,37336,340504-1,"Enum. Pl. Zeyl.","275","","1861"
kew-37339,A,Peraceae,,Chaetocarpus,,"cordifolius",,"","(Urb.) Borhidi",Accepted,,H,WCSP,37339,54058-2,"Acta Bot. Acad. Sci. Hung.","25: 18","","1979"
kew-37340,A,Peraceae,,Chaetocarpus,,"coriaceus",,"","Thwaites",Accepted,,H,WCSP,37340,340506-1,"Enum. Pl. Zeyl.","275","","1861"
kew-37341,A,Peraceae,,Chaetocarpus,,"cubensis",,"","Fawc. & Rendle",Accepted,,H,WCSP,37341,54059-2,"J. Bot.","57: 312","","1919"
kew-37343,A,Peraceae,,Chaetocarpus,,"echinocarpus",,"","(Baill.) Ducke",Accepted,,H,WCSP,37343,54061-2,"Arq. Serv. Florest.","1: 32","","1939"
kew-37344,A,Peraceae,,Chaetocarpus,,"ferrugineus",,"","Philcox",Accepted,,H,WCSP,37344,981589-1,"Kew Bull.","50: 121","","1995"
kew-232849,A,Peraceae,,Chaetocarpus,,"gabonensis",,"","Breteler",Accepted,,H,WCSP,232849,20010532-1,"Adansonia","III, 24: 221","","2002"
kew-37345,A,Peraceae,,Chaetocarpus,,"globosus",,"","(Sw.) Fawc. & Rendle",Accepted,,H,WCSP,37345,54062-2,"J. Bot.","57: 312","","1919"
kew-37348,A,Peraceae,,Chaetocarpus,,"globosus",subsp.,"oblongatus","(Alain) Borhidi",Accepted,,L,WCSP,37348,54064-2,"Acta Bot. Acad. Sci. Hung.","25: 17","","1979"
kew-37351,A,Peraceae,,Chaetocarpus,,"myrsinites",,"","Baill.",Accepted,,H,WCSP,37351,340511-1,"Adansonia","11: 95","","1873"
kew-37357,A,Peraceae,,Chaetocarpus,,"parvifolius",,"","Borhidi",Accepted,,H,WCSP,37357,54069-2,"Acta Bot. Hung.","29: 184","","1983"
kew-37358,A,Peraceae,,Chaetocarpus,,"pearcei",,"","Rusby",Accepted,,H,WCSP,37358,54070-2,"Bull. New York Bot. Gard.","8: 102","","1912"
kew-37362,A,Peraceae,,Chaetocarpus,,"pubescens",,"","(Thwaites) Hook.f.",Accepted,,H,WCSP,37362,340515-1,"Fl. Brit. India","5: 461","","1887"
kew-37364,A,Peraceae,,Chaetocarpus,,"rabaraba",,"","Capuron",Accepted,,H,WCSP,37364,340517-1,"Adansonia","n.s., 12: 209","","1972"
kew-37365,A,Peraceae,,Chaetocarpus,,"schomburgkianus",,"","(Kuntze) Pax & K.Hoffm.",Accepted,,H,WCSP,37365,54072-2,"Pflanzenr.","IV, 147, IV: 10","","1912"
kew-43853,A,Peraceae,,Clutia,,"abyssinica",,"","Jaub. & Spach",Accepted,,H,WCSP,43853,341499-1,"Ill. Pl. Orient.","5: 77","","1855"
kew-43860,A,Peraceae,,Clutia,,"abyssinica",var.,"pedicellaris","(Pax) Pax",Accepted,,L,WCSP,43860,,"Pflanzenr.","IV, 147, III: 57","","1911"
kew-43861,A,Peraceae,,Clutia,,"abyssinica",var.,"usambarica","Pax & K.Hoffm.",Accepted,,L,WCSP,43861,,"Pflanzenr.","IV, 147, III: 57","","1911"
kew-43865,A,Peraceae,,Clutia,,"affinis",,"","Sond.",Accepted,,H,WCSP,43865,341503-1,"Linnaea","23: 126","","1850"
kew-43868,A,Peraceae,,Clutia,,"africana",,"","Poir.",Accepted,,H,WCSP,43868,341504-1,"Encycl.","Suppl. 2: 302","","1811"
kew-43869,A,Peraceae,,Clutia,,"alaternoides",,"","L.",Accepted,,H,WCSP,43869,341505-1,"Sp. Pl.","1042","","1753"
kew-43893,A,Peraceae,,Clutia,,"alpina",,"","Prain",Accepted,,H,WCSP,43893,341506-1,"Bull. Misc. Inform. Kew","1913: 403","","1913"
kew-43897,A,Peraceae,,Clutia,,"angustifolia",,"","Knauf",Accepted,,H,WCSP,43897,,"Bot. Jahrb. Syst.","30: 340","","1901"
kew-43899,A,Peraceae,,Clutia,,"benguelensis",,"","Müll.Arg.",Accepted,,H,WCSP,43899,341512-1,"J. Bot.","2: 337","","1864"
kew-43903,A,Peraceae,,Clutia,,"brassii",,"","Brenan",Accepted,,H,WCSP,43903,341495-1,"Mem. New York Bot. Gard.","9: 71","","1954"
kew-43904,A,Peraceae,,Clutia,,"brevifolia",,"","Sond.",Accepted,,H,WCSP,43904,341516-1,"Linnaea","23: 125","","1850"
kew-43908,A,Peraceae,,Clutia,,"conferta",,"","Hutch.",Accepted,,H,WCSP,43908,341520-1,"Fl. Trop. Afr.","6(1): 805","","1912"
kew-43909,A,Peraceae,,Clutia,,"cordata",,"","Bernh. ex Krauss",Accepted,,H,WCSP,43909,,"Flora","28: 81","","1845"
kew-43914,A,Peraceae,,Clutia,,"daphnoides",,"","Lam.",Accepted,,H,WCSP,43914,341525-1,"Encycl.","2: 54","","1786"
kew-43922,A,Peraceae,,Clutia,,"disceptata",,"","Prain",Accepted,,H,WCSP,43922,341529-1,"Bull. Misc. Inform. Kew","1913: 410","","1913"
kew-43924,A,Peraceae,,Clutia,,"dregeana",,"","Scheele",Accepted,,H,WCSP,43924,341531-1,"Linnaea","25: 583","","1853"
kew-43927,A,Peraceae,,Clutia,,"eckloniana",,"","Müll.Arg.",Accepted,,H,WCSP,43927,341534-1,"Prodr.","15(2): 1054","","1866"
kew-43930,A,Peraceae,,Clutia,,"ericoides",,"","Thunb.",Accepted,,H,WCSP,43930,341537-1,"Prodr. Pl. Cap.","53","","1794"
kew-43935,A,Peraceae,,Clutia,,"galpinii",,"","Pax",Accepted,,H,WCSP,43935,341540-1,"Bull. Herb. Boissier","6: 736","","1898"
kew-43940,A,Peraceae,,Clutia,,"govaertsii",,"","Radcl.-Sm.",Accepted,,H,WCSP,43940,995987-1,"Kew Bull.","52: 478","","1997"
kew-43944,A,Peraceae,,Clutia,,"heterophylla",,"","Thunb.",Accepted,,H,WCSP,43944,341548-1,"Prodr. Pl. Cap.","53","","1794"
kew-43946,A,Peraceae,,Clutia,,"hirsuta",,"","(Sond.) Müll.Arg.",Accepted,,H,WCSP,43946,341551-1,"Prodr.","15(2): 1046","","1866"
kew-43953,A,Peraceae,,Clutia,×,"hybrida",,"","Pax & K.Hoffm.",Accepted,,H,WCSP,43953,,"Pflanzenr.","IV, 147, III: 60","","1911"
kew-43954,A,Peraceae,,Clutia,,"imbricata",,"","E.Mey. ex Prain",Accepted,,H,WCSP,43954,,"Bull. Misc. Inform. Kew","1913: 398","","1913"
kew-43955,A,Peraceae,,Clutia,,"impedita",,"","Prain",Accepted,,H,WCSP,43955,341557-1,"Bull. Misc. Inform. Kew","1913: 402","","1913"
kew-43959,A,Peraceae,,Clutia,,"jaubertiana",,"","Müll.Arg.",Accepted,,H,WCSP,43959,341561-1,"Prodr.","15(2): 1044","","1866"
kew-43960,A,Peraceae,,Clutia,,"kamerunica",,"","Pax",Accepted,,H,WCSP,43960,341562-1,"Bot. Jahrb. Syst.","45: 238","","1910"
kew-43962,A,Peraceae,,Clutia,,"katharinae",,"","Pax",Accepted,,H,WCSP,43962,,"Pflanzenr.","IV, 147, III: 58","","1911"
kew-43963,A,Peraceae,,Clutia,,"kilimandscharica",,"","Engl.",Accepted,,H,WCSP,43963,341565-1,"Rudolph-Stephanie-See","App.: 5","","1892"
kew-43966,A,Peraceae,,Clutia,,"lanceolata",,"","Forssk.",Accepted,,H,WCSP,43966,341568-1,"Fl. Aegypt.-Arab.","170","","1775"
kew-43973,A,Peraceae,,Clutia,,"laxa",,"","Eckl. ex Sond.",Accepted,,H,WCSP,43973,,"Linnaea","23: 128","","1850"
kew-43975,A,Peraceae,,Clutia,,"marginata",,"","E.Mey. ex Sond.",Accepted,,H,WCSP,43975,341574-1,"Linnaea","23: 130","","1850"
kew-43981,A,Peraceae,,Clutia,,"monticola",,"","S.Moore",Accepted,,H,WCSP,43981,341580-1,"J. Linn. Soc., Bot.","40: 197","","1911"
kew-43983,A,Peraceae,,Clutia,,"monticola",var.,"stelleroides","(S.Moore) Radcl.-Sm.",Accepted,,L,WCSP,43983,967404-1,"Kew Bull.","47: 114","","1992"
kew-43984,A,Peraceae,,Clutia,,"myricoides",,"","Jaub. & Spach",Accepted,,H,WCSP,43984,,"Ill. Pl. Orient.","5: 73","","1855"
kew-43986,A,Peraceae,,Clutia,,"nana",,"","Prain",Accepted,,H,WCSP,43986,341583-1,"Bull. Misc. Inform. Kew","1913: 386","","1913"
kew-43987,A,Peraceae,,Clutia,,"natalensis",,"","Bernh.",Accepted,,H,WCSP,43987,341584-1,"Flora","28: 81","","1845"
kew-43992,A,Peraceae,,Clutia,,"ovalis",,"","Sond.",Accepted,,H,WCSP,43992,341588-1,"Linnaea","23: 129","","1850"
kew-43995,A,Peraceae,,Clutia,,"paxii",,"","Knauf",Accepted,,H,WCSP,43995,,"Bot. Jahrb. Syst.","30: 341","","1901"
kew-43997,A,Peraceae,,Clutia,,"pentheriana",,"","Gand.",Accepted,,H,WCSP,43997,341594-1,"Bull. Soc. Bot. France","66: 286","","1919 publ. 1920"
kew-44000,A,Peraceae,,Clutia,,"platyphylla",,"","Pax & K.Hoffm.",Accepted,,H,WCSP,44000,,"Pflanzenr.","IV, 147, III: 74","","1911"
kew-44001,A,Peraceae,,Clutia,,"polifolia",,"","Jacq.",Accepted,,H,WCSP,44001,341598-1,"Pl. Hort. Schoenbr.","2: 67","","1797"
kew-44007,A,Peraceae,,Clutia,,"polyadenia",,"","Pax",Accepted,,H,WCSP,44007,341600-1,"Bot. Jahrb. Syst.","43: 84","","1909"
kew-44009,A,Peraceae,,Clutia,,"polygonoides",,"","L.",Accepted,,H,WCSP,44009,341604-1,"Sp. Pl. ed. 2","1475","","1763"
kew-44016,A,Peraceae,,Clutia,,"pterogona",,"","Müll.Arg.",Accepted,,H,WCSP,44016,341606-1,"Prodr.","15(2): 1048","","1866"
kew-44022,A,Peraceae,,Clutia,,"pubescens",,"","Thunb.",Accepted,,H,WCSP,44022,341609-1,"Prodr. Pl. Cap.","53","","1794"
kew-44024,A,Peraceae,,Clutia,,"pulchella",,"","L.",Accepted,,H,WCSP,44024,341610-1,"Sp. Pl.","1042","","1753"
kew-44031,A,Peraceae,,Clutia,,"pulchella",var.,"obtusata","(Sond.) Müll.Arg.",Accepted,,L,WCSP,44031,,"Prodr.","15(2): 1046","","1866"
kew-44035,A,Peraceae,,Clutia,,"punctata",,"","Wild",Accepted,,H,WCSP,44035,341497-1,"Kirkia","4: 142","","1964"
kew-44037,A,Peraceae,,Clutia,,"richardiana",,"","Müll.Arg.",Accepted,,H,WCSP,44037,341615-1,"Prodr.","15(2): 1044","","1866"
kew-44039,A,Peraceae,,Clutia,,"richardiana",var.,"pubescens","(A.Rich.) Müll.Arg.",Accepted,,L,WCSP,44039,,"Prodr.","15(2): 1044","","1866"
kew-44050,A,Peraceae,,Clutia,,"rubricaulis",,"","Eckl. ex Sond.",Accepted,,H,WCSP,44050,341618-1,"Linnaea","23: 128","","1850"
kew-44051,A,Peraceae,,Clutia,,"rubricaulis",var.,"grandifolia","(Krauss) Prain",Accepted,,L,WCSP,44051,,"Bull. Misc. Inform. Kew","1913: 400","","1913"
kew-44052,A,Peraceae,,Clutia,,"rubricaulis",var.,"microphylla","(Müll.Arg.) Prain",Accepted,,L,WCSP,44052,,"Bull. Misc. Inform. Kew","1913: 400","","1913"
kew-44054,A,Peraceae,,Clutia,,"rubricaulis",var.,"tenuifolia","Prain",Accepted,,L,WCSP,44054,,"Bull. Misc. Inform. Kew","1913: 400","","1913"
kew-44060,A,Peraceae,,Clutia,,"sericea",,"","Müll.Arg.",Accepted,,H,WCSP,44060,341624-1,"Prodr.","15(2): 1053","","1866"
kew-44061,A,Peraceae,,Clutia,,"sessilifolia",,"","Radcl.-Sm.",Accepted,,H,WCSP,44061,960837-1,"Kew Bull.","47: 115","","1992"
kew-44072,A,Peraceae,,Clutia,,"stuhlmannii",,"","Pax",Accepted,,H,WCSP,44072,341632-1,"Bot. Jahrb. Syst.","19: 112","","1894"
tro-50266827,A,Peraceae,,Clutia,,"supervirens",,"","Müll. Arg.",Unresolved,,L,TRO,50266827,,"Prodr.","15(2): 764","764","1866"
kew-44073,A,Peraceae,,Clutia,,"swynnertonii",,"","S.Moore",Accepted,,H,WCSP,44073,341633-1,"J. Linn. Soc., Bot.","40: 197","","1911"
kew-44077,A,Peraceae,,Clutia,,"thunbergii",,"","Sond.",Accepted,,H,WCSP,44077,341637-1,"Linnaea","23: 130","","1850"
kew-44081,A,Peraceae,,Clutia,,"timpermaniana",,"","J.Léonard",Accepted,,H,WCSP,44081,341498-1,"Bull. Jard. Bot. État","31: 391","","1961"
kew-44082,A,Peraceae,,Clutia,,"tomentosa",,"","L.",Accepted,,H,WCSP,44082,,"Mant. Pl.","299","","1767"
tro-12806709,A,Peraceae,,Clutia,,"usambarica",,"","Pax & K. Hoffm.",Unresolved,,L,TRO,12806709,,"Pflanzenr.","147,3(Heft 47): 57","57","1911"
kew-44089,A,Peraceae,,Clutia,,"virgata",,"","Pax & K.Hoffm.",Accepted,,H,WCSP,44089,,"Pflanzenr.","IV, 147, III: 71","","1911"
kew-44091,A,Peraceae,,Clutia,,"whytei",,"","Hutch.",Accepted,,H,WCSP,44091,341645-1,"Fl. Trop. Afr.","6(1): 806","","1912"
tro-100356411,A,Peraceae,,Peniculifera,,"penangensis",,"","Ridl.",Unresolved,,L,TRO,100356411,824654-1,"J. Straits Branch Roy. Asiat. Soc.","82: 173","173","1920"
kew-150126,A,Peraceae,,Pera,,"alba",,"","Leal",Accepted,,H,WCSP,150126,189985-2,"Arch. Jard. Bot. Rio de Janeiro","11: 66","","1951"
kew-150127,A,Peraceae,,Pera,,"androgyna",,"","Rizzini",Accepted,,H,WCSP,150127,353332-1,"Revista Brasil. Biol.","32: 321","","1972"
kew-150128,A,Peraceae,,Pera,,"anisotricha",,"","Müll.Arg.",Accepted,,H,WCSP,150128,353333-1,"Fl. Bras.","11(2): 426","","1874"
tro-12805389,A,Peraceae,,Pera,,"antillanus",,"","Muell. Agr.",Unresolved,,L,TRO,12805389,,"","","",""
kew-150129,A,Peraceae,,Pera,,"aperta",,"","Croizat",Accepted,,H,WCSP,150129,189986-2,"Ann. Missouri Bot. Gard.","29: 353","","1942"
kew-150131,A,Peraceae,,Pera,,"arborea",,"","Mutis",Accepted,,H,WCSP,150131,353335-1,"Kongl. Vetensk. Acad. Nya Handl.","5: 299","","1784"
kew-150133,A,Peraceae,,Pera,,"bailloniana",,"","Müll.Arg.",Accepted,,H,WCSP,150133,353338-1,"Prodr.","15(2): 1030","","1866"
kew-150134,A,Peraceae,,Pera,,"barbellata",,"","Standl.",Accepted,,H,WCSP,150134,189988-2,"Publ. Field Mus. Nat. Hist., Bot. Ser.","8: 19","","1930"
kew-150136,A,Peraceae,,Pera,,"benensis",,"","Rusby",Accepted,,H,WCSP,150136,189990-2,"Descr. S. Amer. Pl.","49","","1920"
kew-150137,A,Peraceae,,Pera,,"bicolor",,"","(Klotzsch) Müll.Arg.",Accepted,,H,WCSP,150137,353343-1,"Prodr.","15(2): 1028","","1866"
kew-150138,A,Peraceae,,Pera,,"bumeliifolia",,"","Griseb.",Accepted,,H,WCSP,150138,353345-1,"Nachr. Königl. Ges. Wiss. Georg-Augusts-Univ.","1: 180","","1865"
kew-150141,A,Peraceae,,Pera,,"citriodora",,"","Baill.",Accepted,,H,WCSP,150141,353347-1,"Adansonia","5: 222","","1865"
kew-150142,A,Peraceae,,Pera,,"coccinea",,"","(Benth.) Müll.Arg.",Accepted,,H,WCSP,150142,353348-1,"Prodr.","15(2): 1028","","1866"
kew-150143,A,Peraceae,,Pera,,"colombiana",,"","Cardiel",Accepted,,H,WCSP,150143,301492-2,"Caldasia","16(78): 311","","1991"
kew-150144,A,Peraceae,,Pera,,"corcovadensis",,"","Glaz.",Unresolved,,L,WCSP,150144,189991-2,"Bull. Soc. Bot. France","59(3): 626","","1912 publ. 1913"
kew-150145,A,Peraceae,,Pera,,"decipiens",,"","(Müll.Arg.) Müll.Arg.",Accepted,,H,WCSP,150145,,"Prodr.","15(2): 1029","","1866"
kew-150147,A,Peraceae,,Pera,,"distichophylla",,"","(Mart.) Baill.",Accepted,,H,WCSP,150147,353352-1,"Étude Euphorb.","434","","1858"
kew-466213,A,Peraceae,,Pera,,"eiteniorum",,"","Bigio & Secco",Accepted,,H,WCSP,466213,,"Novon","21: 171","","2011"
kew-150154,A,Peraceae,,Pera,,"ekmanii",,"","Urb.",Accepted,,H,WCSP,150154,189998-2,"Symb. Antill.","9: 206","","1924"
kew-150155,A,Peraceae,,Pera,,"elliptica",,"","Rusby",Accepted,,H,WCSP,150155,189999-2,"Mem. New York Bot. Gard.","7: 288","","1927"
kew-150157,A,Peraceae,,Pera,,"frutescens",,"","Leal",Accepted,,H,WCSP,150157,190000-2,"Arch. Jard. Bot. Rio de Janeiro","11: 66","","1951"
kew-150158,A,Peraceae,,Pera,,"furfuracea",,"","Müll.Arg.",Accepted,,H,WCSP,150158,353359-1,"Fl. Bras.","11(2): 426","","1874"
kew-150159,A,Peraceae,,Pera,,"glabrata",,"","(Schott) Poepp. ex Baill.",Accepted,,H,WCSP,150159,353360-1,"Étude Euphorb.","434","","1858"
kew-150162,A,Peraceae,,Pera,,"glaziovii",,"","Taub. ex Pax",Accepted,,H,WCSP,150162,,"Pflanzenr.","IV, 147, XIII: 12","","1919"
kew-150163,A,Peraceae,,Pera,,"glomerata",,"","Urb.",Accepted,,H,WCSP,150163,190004-2,"Ark. Bot.","20A(15): 62","","1926"
kew-150164,A,Peraceae,,Pera,,"heteranthera",,"","(Schrank) I.M.Johnst.",Accepted,,H,WCSP,150164,190005-2,"Contr. Gray Herb.","68: 90","","1923"
kew-150166,A,Peraceae,,Pera,,"incisa",,"","Leal",Accepted,,H,WCSP,150166,190006-2,"Arch. Jard. Bot. Rio de Janeiro","11: 65","","1951"
kew-150171,A,Peraceae,,Pera,,"longipes",,"","Britton & P.Wilson",Accepted,,H,WCSP,150171,190009-2,"Mem. Torrey Bot. Club","16: 76","","1920"
tro-12801943,A,Peraceae,,Pera,,"macropoda",,"","Kunth",Unresolved,,L,TRO,12801943,,"","","",""
kew-466555,A,Peraceae,,Pera,,"manausensis",,"","Bigio & Secco",Accepted,,H,WCSP,466555,,"Rodriguésia","61: 78","","2010"
kew-150172,A,Peraceae,,Pera,,"membranacea",,"","Leal",Accepted,,H,WCSP,150172,190010-2,"Arch. Jard. Bot. Rio de Janeiro","11: 67","","1951"
kew-150173,A,Peraceae,,Pera,,"microcarpa",,"","Urb.",Accepted,,H,WCSP,150173,190011-2,"Symb. Antill.","9: 208","","1924"
kew-150174,A,Peraceae,,Pera,,"mildbraediana",,"","Mansf.",Accepted,,H,WCSP,150174,190012-2,"Notizbl. Bot. Gart. Berlin-Dahlem","9: 265","","1925"
kew-150178,A,Peraceae,,Pera,,"oppositifolia",,"","Griseb.",Accepted,,H,WCSP,150178,,"Nachr. Königl. Ges. Wiss. Georg-Augusts-Univ.","1: 181","","1865"
tro-50168686,A,Peraceae,,Pera,,"orientalis",,"","Borhidi",Unresolved,,L,TRO,50168686,,"Acta Biol. Acad. Sci. Hung.","25(12): 43","43","1979"
kew-150179,A,Peraceae,,Pera,,"orientensis",,"","Borhidi",Accepted,,H,WCSP,150179,190014-2,"Acta Bot. Acad. Sci. Hung.","25(12): 43","","1979"
kew-150180,A,Peraceae,,Pera,,"ovalifolia",,"","Urb.",Accepted,,H,WCSP,150180,190015-2,"Symb. Antill.","9: 207","","1924"
kew-150181,A,Peraceae,,Pera,,"pallidifolia",,"","Britton & P.Wilson",Accepted,,H,WCSP,150181,190016-2,"Mem. Torrey Bot. Club","16: 76","","1920"
kew-150182,A,Peraceae,,Pera,,"parvifolia",,"","(Klotzsch) Müll.Arg.",Accepted,,H,WCSP,150182,353379-1,"Prodr.","15(2): 1031","","1866"
kew-150183,A,Peraceae,,Pera,,"polylepis",,"","Urb.",Accepted,,H,WCSP,150183,190017-2,"Symb. Antill.","9: 206","","1924"
kew-150186,A,Peraceae,,Pera,,"pulchrifolia",,"","Ducke",Accepted,,H,WCSP,150186,190019-2,"Trop. Woods","50: 36","","1937"
kew-150187,A,Peraceae,,Pera,,"rubra",,"","Leal",Accepted,,H,WCSP,150187,190020-2,"Arch. Jard. Bot. Rio de Janeiro","11: 64","","1951"
kew-150189,A,Peraceae,,Pera,,"tomentosa",,"","(Benth.) Müll.Arg.",Accepted,,H,WCSP,150189,1088118-2,"Prodr.","15(2): 1028","","1866"
kew-162057,A,Peraceae,,Pogonophora,,"letouzeyi",,"","Feuillet",Accepted,,H,WCSP,162057,970675-1,"Novon","3: 23","","1993"
kew-162058,A,Peraceae,,Pogonophora,,"schomburgkiana",,"","Miers ex Benth.",Accepted,,H,WCSP,162058,354987-1,"Hooker's J. Bot. Kew Gard. Misc.","6: 372","","1854"
gcc-120407,A,Peraceae,,Spixia,,"barbinervis",,"","Mart.",Unresolved,,L,TICA,0A92CF08-175A-4955-84F1-C777ADF32302,,"","","",""
kew-208777,A,Peraceae,,Trigonopleura,,"dubia",,"","(Elmer) Merr.",Accepted,,H,WCSP,208777,357973-1,"Philipp. J. Sci., C","11: 77","","1916"
kew-208778,A,Peraceae,,Trigonopleura,,"macrocarpa",,"","Airy Shaw",Accepted,,H,WCSP,208778,898968-1,"Kew Bull.","36: 610","","1981"
kew-208779,A,Peraceae,,Trigonopleura,,"malayana",,"","Hook.f.",Accepted,,H,WCSP,208779,,"Fl. Brit. India","5: 399","","1887"
