﻿ID,Major group,Family,Genus hybrid marker,Genus,Species hybrid marker,Species,Infraspecific rank,Infraspecific epithet,Authorship,Taxonomic status in TPL,Nomenclatural status from original data source,Confidence level,Source,Source id,IPNI id,Publication,Collation,Page,Date
tro-50135029,A,Phrymaceae,,Berendtia,,"primuloides",,"","Göpp.",Unresolved,,L,TRO,50135029,,"","","","1845"
kew-2674788,A,Phrymaceae,,Berendtiella,,"coulteri",,"","(A.Gray) Thieret",Accepted,,M,WCSP (in review),806618,31589-2,"Ceiba","4: 305","","1955"
tro-50130637,A,Phrymaceae,,Berendtiella,,"ghiesgreghtii",,"","A. Gray",Unresolved,,L,TRO,50130637,,"","","",""
kew-2674789,A,Phrymaceae,,Berendtiella,,"levigata",,"","(B.L.Rob. & Greenm.) Thieret",Accepted,,M,WCSP (in review),806619,31590-2,"Ceiba","4: 305","","1955"
kew-2674791,A,Phrymaceae,,Berendtiella,,"spinulosa",,"","(S.Watson) Thieret",Accepted,,M,WCSP (in review),806621,799739-1,"Ceiba","4: 305","","1955"
kew-2770885,A,Phrymaceae,,Diplacus,,"arachnoideus",,"","Greene",Unresolved,,L,WCSP (in review),899008,802105-1,"Bull. Calif. Acad. Sci.","1(4): 210","","1885"
kew-2770886,A,Phrymaceae,,Diplacus,,"aridus",,"","Abrams",Unresolved,,L,WCSP (in review),899009,81392-2,"Bull. Torrey Bot. Club","32: 540","","1905"
kew-2770887,A,Phrymaceae,,Diplacus,,"aurantiacus",,"","(Curtis) Jeps.",Unresolved,,L,WCSP (in review),899010,802107-1,"Man. Fl. Pl. Calif.","918","","1925"
kew-2770889,A,Phrymaceae,,Diplacus,,"aurantius",,"","G.Don",Unresolved,,L,WCSP (in review),899012,802109-1,"Hort. Brit.","ed. 3: 516","","1839"
kew-2770892,A,Phrymaceae,,Diplacus,,"cardinalis",,"","(Douglas ex Benth.) Douglas",Unresolved,,L,WCSP (in review),899015,,"Rev. Hort.","IV, 6: 37","","1857"
kew-2770894,A,Phrymaceae,,Diplacus,,"fasciculatus",,"","(Pennell) McMinn",Unresolved,,L,WCSP (in review),899017,81397-2,"Madroño","11: 70","","1951"
kew-2770895,A,Phrymaceae,,Diplacus,,"glutinosus",,"","(J.C.Wendl.) Nutt.",Unresolved,,L,WCSP (in review),899018,802115-1,"Ann. Nat. Hist.","1: 137","","1838"
kew-2770897,A,Phrymaceae,,Diplacus,,"glutinosus",var.,"latifolius","(Nutt.) Greene",Unresolved,,L,WCSP (in review),899020,81398-2,"Pittonia","2: 155","","1890"
kew-2770899,A,Phrymaceae,,Diplacus,,"glutinosus",var.,"puniceus","(Nutt.) Benth.",Unresolved,,L,WCSP (in review),899022,81400-2,"Prodr.","10: 368","","1846"
kew-2770901,A,Phrymaceae,,Diplacus,,"godronii",,"","Verschaff. ex E.Morren",Unresolved,,L,WCSP (in review),899024,802116-1,"Belgique Hort.","13: 4","","1863"
kew-2770906,A,Phrymaceae,,Diplacus,×,"linearis",,"","(Benth.) Greene",Unresolved,,L,WCSP (in review),899029,81406-2,"Pittonia","2: 156","","1890"
kew-2770909,A,Phrymaceae,,Diplacus,,"longiflorus",var.,"calycinus","(Eastw.) Jeps.",Unresolved,,L,WCSP (in review),899032,81407-2,"Man. Fl. Pl. Calif.","919","","1925"
kew-2770910,A,Phrymaceae,,Diplacus,,"longiflorus",var.,"grandiflorus","Jeps.",Unresolved,,L,WCSP (in review),899033,81408-2,"Man. Fl. Pl. Calif.","919","","1925"
kew-2770916,A,Phrymaceae,,Diplacus,,"rutilus",,"","(A.L.Grant) McMinn",Unresolved,,L,WCSP (in review),899039,81414-2,"Madroño","11: 83","","1951"
kew-2770917,A,Phrymaceae,,Diplacus,,"speciosus",,"","Burtt Davy",Unresolved,,L,WCSP (in review),899040,81415-2,"Erythea","2: 101","","1894"
kew-2770918,A,Phrymaceae,,Diplacus,,"splendidus",,"","Verschaff. ex E.Morren",Unresolved,,L,WCSP (in review),899041,802130-1,"Belgique Hort.","13: 5","","1863"
kew-2770920,A,Phrymaceae,,Diplacus,,"verschaffeltii",,"","Verschaff. ex E.Morren",Unresolved,,L,WCSP (in review),899043,802132-1,"Belgique Hort.","13: 5","","1863"
kew-2773618,A,Phrymaceae,,Dodartia,,"fragilis",,"","Ruiz & Pav.",Unresolved,,L,WCSP (in review),901729,802152-1,"Syst. Veg. Fl. Peruv. Chil.","97","","1798"
kew-2773621,A,Phrymaceae,,Dodartia,,"orientalis",,"","L.",Accepted,,M,WCSP (in review),901732,802155-1,"Sp. Pl.","633","","1753"
kew-2784965,A,Phrymaceae,,Elacholoma,,"hornii",,"","F.Muell. & Tate",Accepted,,M,WCSP (in review),912945,675813-1,"Victoria Naturalist","12: 14","","1895"
kew-2803075,A,Phrymaceae,,Eunanus,,"angustatus",,"","Greene",Unresolved,,L,WCSP (in review),930741,802304-1,"Bull. Calif. Acad. Sci.","1(3): 99","","1885"
tro-50102355,A,Phrymaceae,,Eunanus,,"bakeri",,"","Greene ex C.F. Baker",Unresolved,,L,TRO,50102355,,"W. Amer. Pl.","1: 17","17","1902"
kew-2803080,A,Phrymaceae,,Eunanus,,"bolanderi",,"","Greene",Unresolved,,L,WCSP (in review),930746,802310-1,"Bull. Calif. Acad. Sci.","1(3): 105","","1885"
kew-2803081,A,Phrymaceae,,Eunanus,,"brevipes",,"","Greene",Unresolved,,L,WCSP (in review),930747,802312-1,"Bull. Calif. Acad. Sci.","1(3): 105","","1885"
kew-2803083,A,Phrymaceae,,Eunanus,,"clivicola",,"","A.Heller",Unresolved,,L,WCSP (in review),930749,99370-2,"Muhlenbergia","1: 60","","1904"
kew-2803084,A,Phrymaceae,,Eunanus,,"congdonii",,"","Greene",Unresolved,,L,WCSP (in review),930750,99371-2,"Erythea","1: 247","","1893"
kew-2803085,A,Phrymaceae,,Eunanus,,"coulteri",,"","Harv. & A.Gray ex Benth.",Unresolved,,L,WCSP (in review),930751,30077820-2,"Pl. Hartw.","329","","1849"
kew-2803087,A,Phrymaceae,,Eunanus,,"cusickii",,"","Greene",Unresolved,,L,WCSP (in review),930753,99373-2,"Pittonia","1: 36","","1887"
kew-2803089,A,Phrymaceae,,Eunanus,,"douglasii",,"","A.Gray",Unresolved,,L,WCSP (in review),930755,802319-1,"Proc. Amer. Acad. Arts","11: 95","","1876"
kew-2803092,A,Phrymaceae,,Eunanus,,"fremontii",,"","S.Watson",Unresolved,,L,WCSP (in review),930758,802321-1,"Botany [Fortieth Parallel]","226","","1871"
kew-2803094,A,Phrymaceae,,Eunanus,,"latifolius",,"","Greene",Unresolved,,L,WCSP (in review),930760,802324-1,"Bull. Calif. Acad. Sci.","1(3): 99","","1885"
kew-2803096,A,Phrymaceae,,Eunanus,,"leptaleus",,"","Greene",Unresolved,,L,WCSP (in review),930762,802326-1,"Bull. Calif. Acad. Sci.","1(3): 101","","1885"
kew-2803097,A,Phrymaceae,,Eunanus,,"mephiticus",,"","Greene",Unresolved,,L,WCSP (in review),930763,802327-1,"Bull. Calif. Acad. Sci.","1(3): 102","","1885"
tro-50102358,A,Phrymaceae,,Eunanus,,"modestus",,"","Greene ex C.F. Baker",Unresolved,,L,TRO,50102358,,"W. Amer. Pl.","1: 17","17","1902"
kew-2803098,A,Phrymaceae,,Eunanus,,"mohavensis",,"","Greene",Unresolved,,L,WCSP (in review),930764,802328-1,"Bull. Calif. Acad. Sci.","1(3): 106","","1885"
kew-2803099,A,Phrymaceae,,Eunanus,,"nanus",,"","Holz.",Unresolved,,L,WCSP (in review),930765,99375-2,"Contr. U. S. Natl. Herb.","3: 244","","1895"
kew-2803100,A,Phrymaceae,,Eunanus,,"parryi",,"","Greene",Unresolved,,L,WCSP (in review),930766,802330-1,"Bull. Calif. Acad. Sci.","1(3): 104","","1885"
kew-2803103,A,Phrymaceae,,Eunanus,,"rattanii",,"","Greene",Unresolved,,L,WCSP (in review),930769,802333-1,"Bull. Calif. Acad. Sci.","1(3): 105","","1885"
kew-2803104,A,Phrymaceae,,Eunanus,,"subsecundus",,"","Greene",Unresolved,,L,WCSP (in review),930770,99377-2,"Pittonia","1: 37","","1887"
kew-2803105,A,Phrymaceae,,Eunanus,,"subuniflorus",,"","Greene",Unresolved,,L,WCSP (in review),930771,99378-2,"Man. Bot. San Francisco","275","","1894"
kew-2803106,A,Phrymaceae,,Eunanus,,"tolmiaei",,"","Benth.",Unresolved,,L,WCSP (in review),930772,802336-1,"Prodr.","10: 374","","1846"
kew-2803107,A,Phrymaceae,,Eunanus,,"torreyi",,"","Greene",Unresolved,,L,WCSP (in review),930773,802337-1,"Bull. Calif. Acad. Sci.","1(3): 104","","1885"
kew-2803108,A,Phrymaceae,,Eunanus,,"tricolor",,"","Greene",Unresolved,,L,WCSP (in review),930774,802338-1,"Bull. Calif. Acad. Sci.","1(3): 99","","1885"
kew-2826973,A,Phrymaceae,,Glossostigma,,"cleistanthum",,"","W.R.Barker",Accepted,,M,WCSP (in review),954396,961487-1,"J. Adelaide Bot. Gard.","15: 72","","1992"
kew-2826974,A,Phrymaceae,,Glossostigma,,"diandrum",,"","(L.) Kuntze",Accepted,,M,WCSP (in review),954397,803375-1,"Revis. Gen. Pl.","2: 461","","1891"
kew-2826975,A,Phrymaceae,,Glossostigma,,"drummondii",,"","Benth.",Accepted,,L,WCSP (in review),954398,803376-1,"Prodr.","10: 426","","1846"
kew-2826976,A,Phrymaceae,,Glossostigma,,"elatinoides",,"","(Benth.) Hook.f.",Accepted,,M,WCSP (in review),954399,803377-1,"Fl. Nov.-Zel.","1: 189","","1853"
kew-2826978,A,Phrymaceae,,Glossostigma,,"submersum",,"","Petrie",Accepted,,M,WCSP (in review),954401,803379-1,"Trans. & Proc. New Zealand Inst.","23: 401","","1896 publ. 1897"
kew-2826979,A,Phrymaceae,,Glossostigma,,"trichodes",,"","F.Muell.",Accepted,,M,WCSP (in review),954402,803380-1,"Victoria Naturalist","9: 128","","1892"
kew-2845045,A,Phrymaceae,,Hemichaena,,"fruticosa",,"","Benth.",Accepted,,M,WCSP (in review),972286,321623-2,"Pl. Hartw.","78","","1841"
kew-2845047,A,Phrymaceae,,Hemichaena,,"rugosa",,"","(Benth.) Thieret",Accepted,,M,WCSP (in review),972288,120048-2,"Fieldiana, Bot.","34(7): 96","","1972"
tro-29208209,A,Phrymaceae,,Lancea,,"hirsuta",,"","Bonati",Accepted,,M,TRO,29208209,804208-1,"Société Botanique de France","56: 467","467","1909"
tro-29208208,A,Phrymaceae,,Lancea,,"tibetica",,"","Hook. f. & Thomson",Accepted,,M,TRO,29208208,804209-1,"Hooker's J. Bot. Kew Gard. Misc.","9: 244, pl. 7","244","1857"
tro-29209299,A,Phrymaceae,,Leucocarpus,,"americana",,"","Glück",Unresolved,,L,TRO,29209299,,"Notizbl. Bot. Gart. Berlin-Dahlem","12: 75","75","1934"
kew-2497718,A,Phrymaceae,,Leucocarpus,,"perfoliatus",,"","(Kunth) Benth.",Accepted,,M,WCSP (in review),634250,1026683-2,"Prodr.","10: 335","","1846"
tro-50089128,A,Phrymaceae,,Mazus,,"alpinus",,"","Masam.",Accepted,,M,TRO,50089128,805529-1,"J. Soc. Trop. Agric.","2: 153","153","1930"
kew-2507443,A,Phrymaceae,,Mazus,,"arenarius",,"","Heenan, P.N.Johnson & C.J.Webb",Unresolved,,L,WCSP (in review),643906,994463-1,"New Zealand J. Bot.","34: 33","","1996"
kew-2507442,A,Phrymaceae,,Mazus,,"bicolor",,"","Benth.",Unresolved,,L,WCSP (in review),643905,805531-1,"Numer. List","3913","","1831"
tro-29208362,A,Phrymaceae,,Mazus,,"caducifer",,"","Hance",Accepted,,M,TRO,29208362,805533-1,"J. Bot.","20(238): 292","292","1882"
kew-2507439,A,Phrymaceae,,Mazus,,"cavaleriei",,"","Bonati",Unresolved,,L,WCSP (in review),643902,805534-1,"Bull. Herb. Boissier","II, 8: 534","","1908"
tro-29208378,A,Phrymaceae,,Mazus,,"celsioides",,"","Hand.-Mazz.",Accepted,,M,TRO,29208378,805535-1,"Symb. Sin.","7(4): 833–834, pl. 25, f. 9","833","1936"
kew-2507423,A,Phrymaceae,,Mazus,,"dentatus",,"","Wall.",Unresolved,,L,WCSP (in review),643886,805538-1,"Numer. List","3914","","1831"
kew-2507434,A,Phrymaceae,,Mazus,,"divaricatus",,"","Bonati",Unresolved,,L,WCSP (in review),643897,805539-1,"Bull. Herb. Boissier","II, 8: 534","","1908"
kew-2507445,A,Phrymaceae,,Mazus,,"elongatus",,"","Bonati",Unresolved,,L,WCSP (in review),643908,805540-1,"Bull. Herb. Boissier","II, 8: 535","","1908"
kew-2507432,A,Phrymaceae,,Mazus,,"englerianus",,"","Bonati",Unresolved,,L,WCSP (in review),643895,805541-1,"Bull. Herb. Boissier","II, 8: 536","","1908"
tro-29208374,A,Phrymaceae,,Mazus,,"fauriei",,"","Bonati",Accepted,,M,TRO,29208374,805543-1,"Bull. Herb. Boissier, sér. 2,","8(2): 537–538, f. s.n. A","537","1908"
tro-29208341,A,Phrymaceae,,Mazus,,"fukienensis",,"","Tsoong",Accepted,,M,TRO,29208341,,"Kew Bull.","9(3): 445","445","1954"
tro-29208351,A,Phrymaceae,,Mazus,,"gracilis",,"","Hemsl.",Accepted,,M,TRO,29208351,805546-1,"J. Linn. Soc., Bot.","26(174): 181","181","1890"
kew-2507426,A,Phrymaceae,,Mazus,,"harmandii",,"","Banati",Unresolved,,L,WCSP (in review),643889,,"Bull. Herb. Boissier","II, 8: 533","","1908"
tro-29208342,A,Phrymaceae,,Mazus,,"henryi",,"","Tsoong",Accepted,,M,TRO,29208342,,"Kew Bull.","9(3): 444","444","1954"
tro-29208371,A,Phrymaceae,,Mazus,,"humilis",,"","Hand.-Mazz.",Accepted,,M,TRO,29208371,805549-1,"Akad. Wiss. Wien, Math.-Naturwiss. Kl., Anz.","63: 11","11","1926"
tro-29208332,A,Phrymaceae,,Mazus,,"kweichowensis",,"","Tsoong & H.P. Yang",Accepted,,M,TRO,29208332,805552-1,"Fl. Reipubl. Popularis Sin.","67(2): 185, 399 (addenda), f. 1–4","185","1979"
kew-2507461,A,Phrymaceae,,Mazus,,"laevifolius",,"","Blume",Unresolved,,L,WCSP (in review),643924,805553-1,"Bijdr.","753","","1826"
kew-2507460,A,Phrymaceae,,Mazus,,"lamifolius",,"","Hemsl.",Unresolved,,L,WCSP (in review),643923,805554-1,"J. Linn. Soc., Bot.","26: 181","","1890"
tro-29208353,A,Phrymaceae,,Mazus,,"lanceifolius",,"","Hemsl.",Accepted,,M,TRO,29208353,,"J. Linn. Soc., Bot.","26(174): 181–182","181","1890"
tro-29208372,A,Phrymaceae,,Mazus,,"lecomtei",,"","Bonati",Accepted,,M,TRO,29208372,805555-1,"Bull. Herb. Boissier, sér. 2,","8: 538–539, f. s.n. B","538","1908"
tro-29208333,A,Phrymaceae,,Mazus,,"longipes",,"","Bonati",Accepted,,M,TRO,29208333,805556-1,"Bull. Herb. Boissier, sér. 2,","8(8): 532–533, f. s.n.","532","1908"
kew-2507457,A,Phrymaceae,,Mazus,,"macranthus",,"","Diels",Unresolved,,L,WCSP (in review),643920,805557-1,"Bot. Jahrb. Syst.","29: 566","","1900"
kew-2507455,A,Phrymaceae,,Mazus,,"mccannii",,"","Blatt. & Hallb.",Unresolved,,L,WCSP (in review),643918,805559-1,"J. Bombay Nat. Hist. Soc.","25: 423","","1918"
tro-50057146,A,Phrymaceae,,Mazus,,"merrifolius",,"","H.L. Li",Unresolved,,L,TRO,50057146,,"","","",""
tro-29204629,A,Phrymaceae,,Mazus,,"miquelii",,"","Makino",Accepted,,M,TRO,29204629,,"Bot. Mag. (Tokyo)","16(186): 162","162","1902"
tro-50199120,A,Phrymaceae,,Mazus,,"miquelii",f.,"rotundifolius","(Franch. & A. Sav.) T. Yamaz.",Accepted,,L,TRO,50199120,977972-1,"Fl. Jap.","3a: 335","335","1993"
kew-2507451,A,Phrymaceae,,Mazus,,"novaezeelandiae",,"","W.R.Barker",Unresolved,,L,WCSP (in review),643914,959503-1,"Aspects Tasmanian Bot.","89","","1991"
tro-29209222,A,Phrymaceae,,Mazus,,"oliganthus",,"","H.L. Li",Accepted,,M,TRO,29209222,805562-1,"Brittonia","8(1): 34","34","1954"
tro-29208366,A,Phrymaceae,,Mazus,,"omeiensis",,"","H.L. Li",Accepted,,M,TRO,29208366,,"Taiwania","1(2–4): 161–162","161","1950"
tro-29208352,A,Phrymaceae,,Mazus,,"procumbens",,"","Hemsl.",Accepted,,M,TRO,29208352,805565-1,"J. Linn. Soc., Bot.","26(174): 182–183","182","1890"
tro-29208369,A,Phrymaceae,,Mazus,,"pulchellus",,"","Hemsl.",Accepted,,M,TRO,29208369,805566-1,"J. Linn. Soc., Bot.","26(174): 182","182","1890"
kew-2507424,A,Phrymaceae,,Mazus,,"pumilio",,"","R.Br.",Unresolved,,L,WCSP (in review),643887,805567-1,"Prodr. Fl. Nov. Holl.","439","","1810"
kew-2507398,A,Phrymaceae,,Mazus,,"pumilus",,"","(Burm.f.) Steenis",Accepted,,M,WCSP (in review),643861,805568-1,"Nova Guinea","n.s., 9: 31","","1958"
tro-29209266,A,Phrymaceae,,Mazus,,"pumilus",var.,"delavayi","(Bonati) T.L. Chin ex D.Y. Hong",Accepted,,L,TRO,29209266,993250-1,"Novon","6(4): 374","374","1996"
tro-29209264,A,Phrymaceae,,Mazus,,"pumilus",var.,"macrocalyx","(Bonati) T. Yamaz.",Accepted,,L,TRO,29209264,891373-1,"J. Jap. Bot.","55(1): 11","11","1980"
tro-29209265,A,Phrymaceae,,Mazus,,"pumilus",var.,"wangii","(H.L. Li) T.L. Chin ex D.Y. Hong",Accepted,,L,TRO,29209265,993249-1,"Novon","6(4): 374","374","1996"
kew-2507380,A,Phrymaceae,,Mazus,,"quadriprotuberans",,"","N.Yonez.",Unresolved,,L,WCSP (in review),643843,1018037-1,"J. Phytogeogr. Taxon.","48: 1","","2000"
tro-29201050,A,Phrymaceae,,Mazus,,"reptans",,"","N.E. Br.",Accepted,,M,TRO,29201050,805570-1,"Bot. Mag.","140: , pl. 8554","","1914"
tro-29208370,A,Phrymaceae,,Mazus,,"rockii",,"","H.L. Li",Accepted,,M,TRO,29208370,805571-1,"Brittonia","8(1): 35–36","35","1954"
kew-2507387,A,Phrymaceae,,Mazus,,"rotundifolius",,"","Koidz.",Unresolved,,L,WCSP (in review),643850,805572-1,"Fl. Symb. Orient.-Asiat.","31","","1930"
kew-2507386,A,Phrymaceae,,Mazus,,"rotundus",,"","Furumi",Unresolved,,L,WCSP (in review),643849,805573-1,"Bot. Mag. (Tokyo)","30: 113","","1916"
tro-29208340,A,Phrymaceae,,Mazus,,"saltuarius",,"","Hand.-Mazz.",Accepted,,M,TRO,29208340,805575-1,"Akad. Wiss. Wien, Math.-Naturwiss. Kl., Anz.","63: 3, 10","3","1926"
kew-2507383,A,Phrymaceae,,Mazus,,"simadae",,"","Masam.",Unresolved,,L,WCSP (in review),643846,,"Trans. Nat. Hist. Soc. Taiwan","30: 35","","1940"
tro-29208379,A,Phrymaceae,,Mazus,,"solanifolius",,"","Tsoong & H.P. Yang",Accepted,,M,TRO,29208379,,"Fl. Reipubl. Popularis Sin.","67(2): 185, 399 (addenda), pl. 23, f. 5–6","185","1979"
tro-29208363,A,Phrymaceae,,Mazus,,"spicatus",,"","Vaniot",Accepted,,M,TRO,29208363,805578-1,"Bull. Acad. Int. Géogr. Bot.","15(185–186): 85–86","85","1905"
tro-29205301,A,Phrymaceae,,Mazus,,"stachydifolius",,"","(Turcz.) Maxim.",Accepted,,M,TRO,29205301,805579-1,"Bull. Acad. Imp. Sci. Saint-Petersbourg","20(3): 438–439","438","1875"
tro-29208334,A,Phrymaceae,,Mazus,,"surculosus",,"","D. Don",Accepted,,M,TRO,29208334,,"Prodr. Fl. Nepal.","87","87","1825"
tro-50177573,A,Phrymaceae,,Mazus,,"tainanensis",,"","C.X. Xie",Accepted,,M,TRO,50177573,,"Taiwania","45(2): 143","143","2000"
kew-2507414,A,Phrymaceae,,Mazus,,"wanmuliensis",,"","M.Qian & L.B.Geng",Unresolved,,L,WCSP (in review),643877,1006051-1,"Wuyi Sci. J.","7: 263","","1987"
tro-29209262,A,Phrymaceae,,Mazus,,"xiuningensis",,"","X.H. Guo & X.L. Liu",Accepted,,M,TRO,29209262,939481-1,"Acta Phytotax. Sin.","28(2): 163–164, pl. 1","163","1990"
kew-2506365,A,Phrymaceae,,Mimulus,,"acutangulus",,"","Greene",Unresolved,,L,WCSP (in review),642836,162106-2,"Leafl. Bot. Observ. Crit.","2: 1","","1909"
tro-29201064,A,Phrymaceae,,Mimulus,,"acutidens",,"","Greene",Accepted,,M,TRO,29201064,805857-1,"Bull. Calif. Acad. Sci.","1(3): 117","117","1885"
tro-29201065,A,Phrymaceae,,Mimulus,,"alatus",,"","Aiton",Accepted,,M,TRO,29201065,,"Hort. Kew.","2: 361–362","361","1789"
tro-50102743,A,Phrymaceae,,Mimulus,,"albus",,"","Douglas",Unresolved,,L,TRO,50102743,,"Jour.","150","150","1914"
tro-50102233,A,Phrymaceae,,Mimulus,,"alpinus",,"","(A. Gray) Piper",Accepted,,M,TRO,50102233,162110-2,"Contr. U.S. Natl. Herb.","11: 510","510","1906"
tro-29201066,A,Phrymaceae,,Mimulus,,"alsinoides",,"","Douglas ex Benth.",Accepted,,M,TRO,29201066,,"Scroph. Ind.","29","29","1835"
kew-2506369,A,Phrymaceae,,Mimulus,,"ampliatus",,"","A.L.Grant",Unresolved,,L,WCSP (in review),642840,162112-2,"Ann. Missouri Bot. Gard.","11: 214","","1924 publ. 1925"
tro-29201067,A,Phrymaceae,,Mimulus,,"androsaceus",,"","Curran ex Greene",Accepted,,M,TRO,29201067,805866-1,"Bull. Calif. Acad. Sci.","1(3): 121","121","1885"
tro-29201068,A,Phrymaceae,,Mimulus,,"angustatus",,"","(A. Gray) A. Gray",Accepted,,M,TRO,29201068,162114-2,"Syn. Fl. N. Amer. (ed. 2)","2(1): 443","443","1886"
tro-29201069,A,Phrymaceae,,Mimulus,,"angustifolius",,"","(Greene) A.L. Grant",Accepted,,L,TRO,29201069,162115-2,"Ann. Missouri Bot. Gard.","11(2–3): 298","298","1924"
kew-2507672,A,Phrymaceae,,Mimulus,,"aquatilis",,"","A.R.Bean",Unresolved,,L,WCSP (in review),644135,60426550-2,"Austrobaileya","6: 550","","2003"
tro-29201070,A,Phrymaceae,,Mimulus,,"arenarius",,"","A.L. Grant",Accepted,,M,TRO,29201070,805870-1,"Ann. Missouri Bot. Gard.","11(2–3): 215–216","215","1924"
tro-29201071,A,Phrymaceae,,Mimulus,,"aridus",,"","(Abrams) A.L. Grant",Accepted,,M,TRO,29201071,162116-2,"Ann. Missouri Bot. Gard.","11(2–3): 336","336","1924"
tro-29203898,A,Phrymaceae,,Mimulus,,"arvensis",,"","Greene",Accepted,,M,TRO,29203898,162117-2,"Pittonia","1(3): 37–38","37","1887"
kew-2506134,A,Phrymaceae,,Mimulus,,"atropurpureus",,"","Kellogg",Unresolved,,L,WCSP (in review),642605,805874-1,"Proc. Calif. Acad. Sci.","1: 59","","1855"
tro-29201072,A,Phrymaceae,,Mimulus,,"aurantiacus",,"","Curtis",Accepted,,M,TRO,29201072,805875-1,"Bot. Mag.","10: pl. 354","pl. 354","1796"
tro-29201073,A,Phrymaceae,,Mimulus,,"aurantiacus",subsp.,"australis","(McMinn) Munz",Accepted,,L,TRO,29201073,162120-2,"Aliso","4(1): 98","98","1958"
tro-50305887,A,Phrymaceae,,Mimulus,,"aurantiacus",var.,"grandiflorus","(Lindl. & J. Paxton) D.M. Thomps.",Accepted,,L,TRO,50305887,77069142-1,"Syst. Bot. Monogr.","75: 158","158","2005"
tro-29201074,A,Phrymaceae,,Mimulus,,"aurantiacus",subsp.,"lompocensis","(McMinn) Munz",Accepted,,L,TRO,29201074,162121-2,"Aliso","4(1): 99","99","1958"
tro-50305886,A,Phrymaceae,,Mimulus,,"aurantiacus",var.,"parviflorus","(Greene) D.M. Thomps.",Accepted,,L,TRO,50305886,77069139-1,"Syst. Bot. Monogr.","75: 157","157","2005"
tro-29206655,A,Phrymaceae,,Mimulus,,"aurantiacus",var.,"pubescens","(Torr.) D.M. Thomps.",Accepted,,L,TRO,29206655,77069143-1,"Syst. Bot. Monogr.","75: 161","161","2005"
tro-50305885,A,Phrymaceae,,Mimulus,,"aurantiacus",var.,"puniceus","(Nutt.) D.M. Thomps.",Accepted,,L,TRO,50305885,77069138-1,"Syst. Bot. Monogr.","75: 156","156","2005"
kew-2506125,A,Phrymaceae,,Mimulus,,"austinae",,"","(Greene) Rattan",Unresolved,,L,WCSP (in review),642596,,"Anal. Key West Coast Bot.","63","","1898"
tro-29201075,A,Phrymaceae,,Mimulus,,"austiniae",,"","(Greene) A.L. Grant",Accepted,,M,TRO,29201075,,"Ann. Missouri Bot. Gard.","11(2–3): 296","296","1924"
kew-2506124,A,Phrymaceae,,Mimulus,,"bakeri",,"","Gand.",Unresolved,,L,WCSP (in review),642595,162123-2,"Bull. Soc. Bot. France","66: 219","","1919"
tro-29201076,A,Phrymaceae,,Mimulus,,"barbatus",,"","Greene",Accepted,,M,TRO,29201076,805880-1,"Bull. Calif. Acad. Sci.","1(1): 9","9","1884"
kew-2904196,A,Phrymaceae,,Mimulus,×,"bartonianus",,"","Rivoire",Unresolved,,L,WCSP (in review),1026653,60456825-2,"Rev. Hort.","93: 356","","1921"
kew-2506122,A,Phrymaceae,,Mimulus,,"bhutanicus",,"","T.Yamaz.",Unresolved,,L,WCSP (in review),642593,971609-1,"J. Jap. Bot.","68: 23","","1993"
tro-29201077,A,Phrymaceae,,Mimulus,,"bicolor",,"","Hartw. ex Benth.",Accepted,,M,TRO,29201077,,"Pl. Hartw.","328","328","1849"
tro-29201078,A,Phrymaceae,,Mimulus,,"bifidus",,"","Pennell",Accepted,,M,TRO,29201078,290853-2,"Proc. Acad. Nat. Sci. Philadelphia","99(7): 168","168","1947"
tro-29201080,A,Phrymaceae,,Mimulus,,"bigelovii",,"","(A. Gray) A. Gray",Accepted,,L,TRO,29201080,,"Proc. Amer. Acad. Arts","11: 96","96","1876"
tro-29203884,A,Phrymaceae,,Mimulus,,"biolettii",,"","Eastw.",Accepted,,M,TRO,29203884,162128-2,"Proc. Calif. Acad. Sci., ser. 3,","2(9): 290–291","290","1902"
tro-29209255,A,Phrymaceae,,Mimulus,,"bodinieri",,"","Vaniot",Accepted,,M,TRO,29209255,805885-1,"Bull. Acad. Int. Géogr. Bot.","15(185–186): 86–87","86","1905"
tro-29201083,A,Phrymaceae,,Mimulus,,"bolanderi",,"","A. Gray",Accepted,,M,TRO,29201083,805886-1,"Proc. Amer. Acad. Arts","7(2): 381","381","1868"
tro-29203911,A,Phrymaceae,,Mimulus,,"brachiatus",,"","Pennell",Accepted,,M,TRO,29203911,162130-2,"Notul. Nat. Acad. Nat. Sci. Philadelphia","235: 2","2","1951"
tro-29201084,A,Phrymaceae,,Mimulus,,"brachystylis",,"","Edwin",Accepted,,M,TRO,29201084,162131-2,"Leafl. W. Bot.","7(6): 137–138","137","1954"
tro-29206934,A,Phrymaceae,,Mimulus,,"bracteosus",,"","Tsoong",Accepted,,M,TRO,29206934,805889-1,"Acta Phytotax. Sin.","3(4): 415–416","415","1955"
kew-2506264,A,Phrymaceae,,Mimulus,,"brandegeei",,"","Pennell",Accepted,,M,WCSP (in review),642735,162132-2,"Proc. Acad. Nat. Sci. Philadelphia","99: 170","","1947"
tro-29201086,A,Phrymaceae,,Mimulus,,"breviflorus",,"","Piper",Accepted,,M,TRO,29201086,162133-2,"Bull. Torrey Bot. Club","28(1): 45","45","1901"
tro-29201087,A,Phrymaceae,,Mimulus,,"brevipes",,"","Benth.",Accepted,,M,TRO,29201087,,"Scroph. Ind.","28","28","1835"
kew-2506292,A,Phrymaceae,,Mimulus,,"breweri",,"","(Greene) Coville",Accepted,,M,WCSP (in review),642763,805894-1,"Contr. U. S. Natl. Herb.","4: 171","","1893"
tro-29203754,A,Phrymaceae,,Mimulus,,"bridgesii",,"","Clos",Accepted,,M,TRO,29203754,,"","","",""
tro-29203894,A,Phrymaceae,,Mimulus,,"caespitosus",,"","(Greene) Greene",Accepted,,M,TRO,29203894,162137-2,"J. Bot.","33(386): 8","8","1895"
tro-50102186,A,Phrymaceae,,Mimulus,,"caespitosus",var.,"implexus","(Greene) M. Peck",Accepted,,L,TRO,50102186,162138-2,"Man. Pl. Oregon","655","655","1941"
tro-100375960,A,Phrymaceae,,Mimulus,,"calciphilus",,"","Gentry",Accepted,,M,TRO,100375960,162139-2,"Madroño","9: 21","21","1947"
tro-29200081,A,Phrymaceae,,Mimulus,,"cardinalis",,"","Douglas ex Benth.",Accepted,,M,TRO,29200081,,"Scroph. Ind.","28","28","1835"
kew-2506160,A,Phrymaceae,,Mimulus,,"clarkii",,"","Kellogg ex Curran.",Unresolved,,L,WCSP (in review),642631,162144-2,"Proc. Calif. Acad. Sci.","II, 1: 259","","1888"
tro-29201089,A,Phrymaceae,,Mimulus,,"cleistogamus",,"","J.T. Howell",Accepted,,M,TRO,29201089,162145-2,"Leafl. W. Bot.","2(5): 79–80","79","1938"
kew-2506158,A,Phrymaceae,,Mimulus,,"clementii",,"","Domin",Accepted,,M,WCSP (in review),642629,805901-1,"Biblioth. Bot.","89: 595","","1929"
tro-29203895,A,Phrymaceae,,Mimulus,,"clementinus",,"","Greene",Accepted,,M,TRO,29203895,162146-2,"Leafl. Bot. Observ. Crit.","2(1): 5","5","1909"
tro-29201090,A,Phrymaceae,,Mimulus,,"clevelandii",,"","Brandegee",Accepted,,M,TRO,29201090,162147-2,"Gard. & Forest","8: 134, f. 20","134","1895"
tro-29201091,A,Phrymaceae,,Mimulus,,"clivicola",,"","Greenm.",Accepted,,M,TRO,29201091,162148-2,"Erythea","7(11): 119–120","119","1899"
tro-29201092,A,Phrymaceae,,Mimulus,,"coccineus",,"","Congdon",Accepted,,M,TRO,29201092,162149-2,"Erythea","7(12/2): 187","187","1900"
kew-2506153,A,Phrymaceae,,Mimulus,,"colensoi",,"","Kirk",Unresolved,,L,WCSP (in review),642624,805906-1,"Trans. & Proc. New Zealand Inst.","3: 179","","1871"
tro-29201093,A,Phrymaceae,,Mimulus,,"congdonii",,"","B.L. Rob.",Accepted,,M,TRO,29201093,162150-2,"Proc. Amer. Acad. Arts","26: 175–176","175","1891"
tro-29203909,A,Phrymaceae,,Mimulus,,"constrictus",,"","(A.L. Grant) Pennell",Accepted,,M,TRO,29203909,162151-2,"Ill. Fl. Pacific States","3: 722","722","1951"
tro-29203903,A,Phrymaceae,,Mimulus,,"cordatus",,"","Greene",Accepted,,M,TRO,29203903,162153-2,"Leafl. Bot. Observ. Crit.","2(1): 5–6","5","1909"
tro-29203755,A,Phrymaceae,,Mimulus,,"crinitus",,"","A.L. Grant",Accepted,,M,TRO,29203755,290852-2,"Ann. Missouri Bot. Gard.","11(2–3): 186","186","1924"
kew-2506147,A,Phrymaceae,,Mimulus,,"crista-galli",,"","Scop.",Unresolved,,L,WCSP (in review),642618,805912-1,"Fl. Carniol.","ed. 2, 1: 434","","1771"
kew-2506145,A,Phrymaceae,,Mimulus,,"cupreus",,"","Dombrain",Accepted,,M,WCSP (in review),642616,805914-1,"Floral Mag. (London)","2: t. 70","","1862"
tro-29204621,A,Phrymaceae,,Mimulus,,"cupriphilus",,"","Macnair",Accepted,,M,TRO,29204621,280958-2,"Bot. J. Linn. Soc.","100(1): 3–13, f. 1, 2 [map], 3, 4 [map].","3","1989"
tro-29201094,A,Phrymaceae,,Mimulus,,"cusickii",,"","(Greene) Piper",Unresolved,,L,TRO,29201094,162155-2,"Contr. U.S. Natl. Herb.","11: 508","508","1906"
tro-29207718,A,Phrymaceae,,Mimulus,,"cusickii",,"","(Greene) Rattan",Accepted,,M,TRO,29207718,,"Analytical Key West Coast Bot. (ed. 3)","63","63","1898"
kew-2506141,A,Phrymaceae,,Mimulus,,"cuspidatus",,"","Greene",Unresolved,,L,WCSP (in review),642612,162156-2,"Leafl. Bot. Observ. Crit.","2: 6","","1909"
kew-2506116,A,Phrymaceae,,Mimulus,,"debilis",,"","F.Muell.",Unresolved,,L,WCSP (in review),642587,805918-1,"Trans. & Proc. Philos. Inst. Victoria","3: 62","","1859"
tro-29203891,A,Phrymaceae,,Mimulus,,"decorus",,"","(A.L. Grant) Suksd.",Accepted,,M,TRO,29203891,162157-2,"Werdenda","1(3–4): 37","37","1927"
kew-2506086,A,Phrymaceae,,Mimulus,,"deflexus",,"","S.Watson",Unresolved,,L,WCSP (in review),642557,162159-2,"Proc. Amer. Acad. Arts","24: 84","","1889"
kew-2506085,A,Phrymaceae,,Mimulus,,"deltoideus",,"","Gand.",Unresolved,,L,WCSP (in review),642556,162160-2,"Bull. Soc. Bot. France","66: 218","","1919"
tro-29201095,A,Phrymaceae,,Mimulus,,"densus",,"","A.L. Grant",Accepted,,M,TRO,29201095,162161-2,"Ann. Missouri Bot. Gard.","11(2–3): 298–300","298","1924"
kew-2506083,A,Phrymaceae,,Mimulus,,"dentatus",,"","Nutt. ex Benth.",Accepted,,M,WCSP (in review),642554,805924-1,"Prodr.","10: 373","","1846"
tro-29200082,A,Phrymaceae,,Mimulus,,"dentilobus",,"","B.L. Rob. & Fernald",Accepted,,M,TRO,29200082,162162-2,"Proc. Amer. Acad. Arts","30: 120–121","120","1895"
tro-29203757,A,Phrymaceae,,Mimulus,,"depressus",,"","Phil.",Accepted,,M,TRO,29203757,805927-1,"Fl. Atacam.","45","45","1860"
tro-29203759,A,Phrymaceae,,Mimulus,,"depressus",var.,"nanus","(Phil.) Reiche",Accepted,,L,TRO,29203759,162164-2,"Fl. Chile","6: 62","62","1911"
tro-29201097,A,Phrymaceae,,Mimulus,,"diffusus",,"","A.L. Grant",Accepted,,M,TRO,29201097,162166-2,"Ann. Missouri Bot. Gard.","11(2–3): 254–255","254","1924"
tro-29203885,A,Phrymaceae,,Mimulus,,"discolor",,"","A.L. Grant",Accepted,,M,TRO,29203885,162167-2,"Ann. Missouri Bot. Gard.","11(2–3): 257–258","257","1924"
tro-29201098,A,Phrymaceae,,Mimulus,,"douglasii",,"","(Benth.) A. Gray",Accepted,,M,TRO,29201098,805930-1,"Proc. Amer. Acad. Arts","11: 95","95","1876"
tro-29201099,A,Phrymaceae,,Mimulus,,"dudleyi",,"","A.L. Grant",Accepted,,M,TRO,29201099,162169-2,"Ann. Missouri Bot. Gard.","11(2–3): 235","235","1924"
kew-2506074,A,Phrymaceae,,Mimulus,,"duplex",,"","Wettst.",Unresolved,,L,WCSP (in review),642545,805932-1,"Nat. Pflanzenfam.","4(3b): 72","","1891"
tro-29200346,A,Phrymaceae,,Mimulus,,"eastwoodiae",,"","Rydb.",Accepted,,M,TRO,29200346,162170-2,"Bull. Torrey Bot. Club","40(9): 483–484","483","1913"
kew-2506107,A,Phrymaceae,,Mimulus,,"eisenii",,"","Kellogg",Unresolved,,L,WCSP (in review),642578,805934-1,"Proc. Calif. Acad. Sci.","7: 89","","1876"
kew-2506084,A,Phrymaceae,,Mimulus,,"equinus",,"","Greene",Unresolved,,L,WCSP (in review),642555,162171-2,"Leafl. Bot. Observ. Crit.","1: 189","","1906"
kew-2506115,A,Phrymaceae,,Mimulus,,"erosus",,"","Greene",Unresolved,,L,WCSP (in review),642586,162172-2,"Leafl. Bot. Observ. Crit.","2: 4","","1909"
kew-2506114,A,Phrymaceae,,Mimulus,,"evanescens",,"","Meinke",Unresolved,,L,WCSP (in review),642585,301183-2,"Great Basin Naturalist","55: 250","","1995"
tro-29201100,A,Phrymaceae,,Mimulus,,"exiguus",,"","A. Gray",Accepted,,M,TRO,29201100,805937-1,"Proc. Amer. Acad. Arts","20: 307","307","1885"
kew-2506112,A,Phrymaceae,,Mimulus,,"exilis",,"","Durand & Hilg.",Unresolved,,L,WCSP (in review),642583,805938-1,"Pacif. Railr. Rep. Parke, Bot.","5: 12","","1855"
tro-29201101,A,Phrymaceae,,Mimulus,,"filicaulis",,"","S. Watson",Accepted,,M,TRO,29201101,162173-2,"Proc. Amer. Acad. Arts","26: 125","125","1891"
tro-29201102,A,Phrymaceae,,Mimulus,,"flemingii",,"","Munz",Accepted,,M,TRO,29201102,805940-1,"Man. S. Calif. Bot.","601","601","1935"
tro-29201103,A,Phrymaceae,,Mimulus,,"floribundus",,"","Douglas ex Lindl.",Accepted,,M,TRO,29201103,30055971-2,"Bot. Reg.","13: pl. 1125","pl. 1125","1828"
tro-50102143,A,Phrymaceae,,Mimulus,,"floribundus",var.,"geniculatus","(Greene) A.L. Grant",Accepted,,L,TRO,50102143,162174-2,"Ann. Missouri Bot. Gard.","11(2–3): 220","220","1924"
tro-29201104,A,Phrymaceae,,Mimulus,,"floribundus",var.,"membranaceus","(A. Nelson) A.L. Grant",Accepted,,L,TRO,29201104,162175-2,"Ann. Missouri Bot. Gard.","11(2–3): 221","221","1924"
tro-29201107,A,Phrymaceae,,Mimulus,,"fremontii",,"","(Benth.) A. Gray",Accepted,,L,TRO,29201107,805943-1,"Proc. Amer. Acad. Arts","11: 96–97","96","1876"
tro-50102197,A,Phrymaceae,,Mimulus,,"fremontii",var.,"viscidus","(Congdon) Jeps.",Accepted,,L,TRO,50102197,162178-2,"Man. Fl. Pl. Calif.","924","924","1925"
tro-29201108,A,Phrymaceae,,Mimulus,,"gemmiparus",,"","W.A. Weber",Accepted,,M,TRO,29201108,162179-2,"Madroño","21(6): 423–425, f. 1","423","1972"
kew-2506102,A,Phrymaceae,,Mimulus,,"glabratus",,"","Kunth",Accepted,,M,WCSP (in review),642573,805947-1,"Nov. Gen. Sp.","2: 370","","1818"
tro-29205992,A,Phrymaceae,,Mimulus,,"glabratus",subsp.,"fremontii","(Benth.) A.L. Grant",Accepted,,L,TRO,29205992,,"Ann. Missouri Bot. Gard.","11: 190","190","1925"
tro-50040493,A,Phrymaceae,,Mimulus,,"glabratus",var.,"geyeri","(Torr.) A.L. Grant",Accepted,,L,TRO,50040493,,"Ann. Missouri Bot. Gard.","11","11","1925"
tro-29203832,A,Phrymaceae,,Mimulus,,"glabratus",var.,"jamesii","(Torr. & A. Gray ex Benth.) A. Gray",Accepted,,L,TRO,29203832,162185-2,"Syn. Fl. N. Amer. (ed. 2)","2(1): 447","447","1886"
kew-2506099,A,Phrymaceae,,Mimulus,,"glandulosus",,"","Lehm.",Unresolved,,L,WCSP (in review),642570,805949-1,"Index Seminum (HBG)","1830: 7","","1830"
kew-2506098,A,Phrymaceae,,Mimulus,,"glareosus",,"","Greene",Unresolved,,L,WCSP (in review),642569,162193-2,"Pittonia","1: 282","","1889"
tro-29201110,A,Phrymaceae,,Mimulus,,"glaucescens",,"","Greene",Accepted,,M,TRO,29201110,805951-1,"Bull. Calif. Acad. Sci.","1(3): 113–114","113","1885"
tro-29201111,A,Phrymaceae,,Mimulus,,"gracilipes",,"","B.L. Rob.",Accepted,,M,TRO,29201111,162196-2,"Proc. Amer. Acad. Arts","26: 176","176","1891"
kew-2506232,A,Phrymaceae,,Mimulus,,"gracilis",,"","R.Br.",Accepted,,M,WCSP (in review),642703,805954-1,"Prodr. Fl. Nov. Holl.","439","","1810"
kew-2506161,A,Phrymaceae,,Mimulus,,"grandiflorus",,"","Howell",Unresolved,,L,WCSP (in review),642632,162197-2,"Fl. N. W. Amer.","520","","1901"
tro-50102056,A,Phrymaceae,,Mimulus,,"grandis",,"","(Greene) A. Heller",Accepted,,M,TRO,50102056,162198-2,"Muhlenbergia","1(5): 110","110","1904"
kew-2506227,A,Phrymaceae,,Mimulus,,"grantianus",,"","Eastw.",Unresolved,,L,WCSP (in review),642698,805957-1,"Proc. Calif. Acad. Sci.","IV, 20: 153","","1931"
kew-2506226,A,Phrymaceae,,Mimulus,,"gratioloides",,"","Rydb.",Unresolved,,L,WCSP (in review),642697,162199-2,"Bull. Torrey Bot. Club","28: 27","","1901"
tro-29201112,A,Phrymaceae,,Mimulus,,"grayi",,"","A.L. Grant",Accepted,,M,TRO,29201112,162200-2,"Ann. Missouri Bot. Gard.","11(2–3): 203–204, pl. 6","203","1924"
kew-2506224,A,Phrymaceae,,Mimulus,,"groomii",,"","Voss",Unresolved,,L,WCSP (in review),642695,,"Vilm. Blumengärtn. ed. 3","1: 760","","1894"
kew-2506223,A,Phrymaceae,,Mimulus,,"guttatus",,"","DC.",Accepted,,M,WCSP (in review),642694,162201-2,"Cat. Hort. Monsp.","127","","1813"
tro-29201114,A,Phrymaceae,,Mimulus,,"guttatus",subsp.,"arvensis","(Greene) Munz",Accepted,,L,TRO,29201114,162203-2,"Aliso","4(1): 99","99","1958"
tro-29203833,A,Phrymaceae,,Mimulus,,"guttatus",var.,"depauperatus","(A. Gray) A.L. Grant",Accepted,,L,TRO,29203833,162206-2,"Ann. Missouri Bot. Gard.","11(2–3): 170","170","1924"
tro-29203837,A,Phrymaceae,,Mimulus,,"guttatus",var.,"gracilis","(A. Gray) G.R. Campb.",Accepted,,L,TRO,29203837,162209-2,"Aliso","2(3): 328","328","1950"
tro-29203834,A,Phrymaceae,,Mimulus,,"guttatus",var.,"hallii","(Greene) A.L. Grant",Accepted,,L,TRO,29203834,162212-2,"Ann. Missouri Bot. Gard.","11(2–3): 172","172","1924"
tro-29201116,A,Phrymaceae,,Mimulus,,"guttatus",subsp.,"micranthus","(A. Heller) Munz",Accepted,,L,TRO,29201116,162216-2,"Aliso","4(1): 99","99","1958"
tro-50102214,A,Phrymaceae,,Mimulus,,"guttatus",var.,"microphyllus","(Benth.) Pennell",Accepted,,L,TRO,50102214,162218-2,"Man. Pl. Oregon","654","654","1941"
tro-50102216,A,Phrymaceae,,Mimulus,,"guttatus",var.,"nasutus","(Greene) Jeps.",Accepted,,L,TRO,50102216,162220-2,"Man. Fl. Pl. Calif.","928","928","1925"
tro-29203899,A,Phrymaceae,,Mimulus,,"guttatus",var.,"puberulus","(Greene) A.L. Grant",Accepted,,L,TRO,29203899,162221-2,"Ann. Missouri Bot. Gard.","11(2–3): 170","170","1924"
tro-29203900,A,Phrymaceae,,Mimulus,,"guttatus",subsp.,"scouleri","(Hook.) Pennell",Accepted,,L,TRO,29203900,162222-2,"Proc. Acad. Nat. Sci. Philadelphia","99(7): 166","166","1947"
kew-2506092,A,Phrymaceae,,Mimulus,×,"harrisonianus",,"","auct.",Unresolved,,L,WCSP (in review),642563,,"Gard. Chron.","n.s., 1879(2): 86","","1879"
kew-2506090,A,Phrymaceae,,Mimulus,,"hirsutus",,"","Howell",Unresolved,,L,WCSP (in review),642561,162225-2,"Fl. N. W. Amer.","520","","1901"
kew-2506091,A,Phrymaceae,,Mimulus,,"hirsutus",,"","Blume",Unresolved,,L,WCSP (in review),642562,805964-1,"Bijdr.","756","","1826"
kew-2506089,A,Phrymaceae,,Mimulus,×,"hodsonii",,"","Turner",Unresolved,,L,WCSP (in review),642560,805966-1,"Gard. Mag. & Reg. Rural Domest. Improv.","13: 333","","1837"
kew-2506088,A,Phrymaceae,,Mimulus,×,"hybridus",,"","Wettst.",Unresolved,,L,WCSP (in review),642559,,"Nat. Pflanzenfam.","4(3b): 72","","1891"
tro-29204872,A,Phrymaceae,,Mimulus,,"hymenophyllus",,"","Meinke",Accepted,,M,TRO,29204872,902587-1,"Madroño","30(3): 147–152, f. 1","147","1983"
kew-2506208,A,Phrymaceae,,Mimulus,,"implicatus",,"","Greene",Unresolved,,L,WCSP (in review),642679,162228-2,"Leafl. Bot. Observ. Crit.","1: 189","","1906"
kew-2506219,A,Phrymaceae,,Mimulus,,"inamoenus",,"","Greene",Unresolved,,L,WCSP (in review),642690,162229-2,"Pittonia","5: 137","","1903"
tro-29201117,A,Phrymaceae,,Mimulus,,"inconspicuus",,"","A. Gray",Accepted,,M,TRO,29201117,,"Pacif. Railr. Rep.","4(5): 120","120","1857"
kew-2506217,A,Phrymaceae,,Mimulus,,"inflatulus",,"","Suksd.",Unresolved,,L,WCSP (in review),642688,162232-2,"Werdenda","1: 38","","1927"
tro-29205329,A,Phrymaceae,,Mimulus,,"inflatus",,"","Nakai",Accepted,,M,TRO,29205329,,"","","",""
tro-29203881,A,Phrymaceae,,Mimulus,,"inodorus",,"","Greene",Accepted,,M,TRO,29203881,805974-1,"Bull. Calif. Acad. Sci.","1(3): 119","119","1885"
tro-29201118,A,Phrymaceae,,Mimulus,,"jepsonii",,"","A.L. Grant",Accepted,,M,TRO,29201118,162237-2,"Ann. Missouri Bot. Gard.","11(2–3): 306–307","306","1924"
tro-29201119,A,Phrymaceae,,Mimulus,,"johnstonii",,"","A.L. Grant",Accepted,,M,TRO,29201119,162238-2,"Ann. Missouri Bot. Gard.","11(2–3): 280–281","280","1924"
tro-29201120,A,Phrymaceae,,Mimulus,,"jungermannioides",,"","Suksd.",Accepted,,M,TRO,29201120,162239-2,"Deutsche Bot. Monatsschr.","18(10): 154–155","154","1900"
kew-2506241,A,Phrymaceae,,Mimulus,,"karakormianus",,"","T.Yamaz.",Unresolved,,L,WCSP (in review),642712,971610-1,"J. Jap. Bot.","68: 26","","1993"
tro-29201121,A,Phrymaceae,,Mimulus,,"kelloggii",,"","(Curran ex Greene) Curran ex A. Gray",Accepted,,L,TRO,29201121,,"Syn. Fl. N. Amer. (ed. 2)","2(1): 443–444","443","1886"
tro-50102223,A,Phrymaceae,,Mimulus,,"kelloggii",var.,"parviflorus","(Greene) Jeps.",Accepted,,L,TRO,50102223,162240-2,"Fl. W. Calif.","404","404","1901"
kew-2506220,A,Phrymaceae,,Mimulus,,"kernensis",,"","Jeps. ex H.L.Bauer",Unresolved,,L,WCSP (in review),642691,,"Ecology","11: 271","","1930"
tro-29201122,A,Phrymaceae,,Mimulus,,"laciniatus",,"","A. Gray",Accepted,,M,TRO,29201122,805984-1,"Proc. Amer. Acad. Arts","11: 98","98","1876"
kew-2506249,A,Phrymaceae,,Mimulus,,"lanatus",,"","Pursh ex Loudon",Unresolved,,L,WCSP (in review),642720,805985-1,"Hort. Brit.","251","","1830"
tro-50004160,A,Phrymaceae,,Mimulus,,"langsdorffii",,"","Donn ex Sims",Unresolved,,L,TRO,50004160,805986-1,"Bot. Mag.","36: sub pl. 1501","sub pl. 1501","1812"
tro-29201123,A,Phrymaceae,,Mimulus,,"latidens",,"","Greene",Accepted,,M,TRO,29201123,162256-2,"Man. Bot. San Francisco Bay","278","278","1894"
tro-29201124,A,Phrymaceae,,Mimulus,,"latifolius",,"","A. Gray",Accepted,,M,TRO,29201124,805988-1,"Proc. Amer. Acad. Arts","11: 95–96","95","1876"
tro-29201125,A,Phrymaceae,,Mimulus,,"layneae",,"","(Greene) Jeps.",Accepted,,L,TRO,29201125,,"Fl. W. Calif.","405","405","1901"
kew-2506245,A,Phrymaceae,,Mimulus,,"leibergii",,"","A.L.Grant",Unresolved,,L,WCSP (in review),642716,162257-2,"Ann. Missouri Bot. Gard.","11: 231","","1924 publ. 1925"
tro-29201126,A,Phrymaceae,,Mimulus,,"leptaleus",,"","A. Gray",Accepted,,M,TRO,29201126,805990-1,"Proc. Amer. Acad. Arts","11: 96","96","1876"
tro-50102664,A,Phrymaceae,,Mimulus,,"leptanthus",,"","(Nutt.) A.L. Grant",Accepted,,L,TRO,50102664,,"Gentes Herb.","1: 136","136","1923"
tro-29200086,A,Phrymaceae,,Mimulus,,"lewisii",,"","Pursh",Accepted,,M,TRO,29200086,805991-1,"Fl. Amer. Sept.","2: 427, pl. 20","427","1814"
tro-29204113,A,Phrymaceae,,Mimulus,,"lewisii",f.,"albus","(J.K. Henry) B. Boivin",Accepted,,L,TRO,29204113,,"Naturaliste Canad.","93(6): 1061","1061","1966"
tro-50102162,A,Phrymaceae,,Mimulus,,"lewisii",f.,"tetonensis","(A. Nelson) J.F. Macbr. & Payson",Accepted,,L,TRO,50102162,162261-2,"Contr. Gray Herb.","49: 67","67","1917"
tro-29203882,A,Phrymaceae,,Mimulus,,"linearifolius",,"","(A.L. Grant) Pennell",Accepted,,M,TRO,29203882,162263-2,"Ill. Fl. Pacific States","3: 698","698","1951"
kew-2506240,A,Phrymaceae,,Mimulus,×,"linearis",,"","Benth.",Accepted,,M,WCSP (in review),642711,805993-1,"Scroph. Ind.","27","","1835"
tro-29201127,A,Phrymaceae,,Mimulus,,"linearis",,"","Benth.",Unresolved,,L,TRO,29201127,,"Scroph. Ind.","27","27","1835"
tro-29201128,A,Phrymaceae,,Mimulus,,"longiflorus",,"","(Nutt.) A.L. Grant",Accepted,,L,TRO,29201128,,"Gentes Herb.","1(3): 136","136","1923"
kew-2506237,A,Phrymaceae,,Mimulus,,"longipes",,"","Phil.",Unresolved,,L,WCSP (in review),642708,805995-1,"Linnaea","29: 28","","1858"
tro-29203904,A,Phrymaceae,,Mimulus,,"longulus",,"","Greene",Accepted,,M,TRO,29203904,162269-2,"Leafl. Bot. Observ. Crit.","2(1): 4–5","4","1909"
kew-2506235,A,Phrymaceae,,Mimulus,,"lucens",,"","Greene",Unresolved,,L,WCSP (in review),642706,162270-2,"Leafl. Bot. Observ. Crit.","2: 7","","1909"
kew-2506234,A,Phrymaceae,,Mimulus,,"lugens",,"","Greene",Unresolved,,L,WCSP (in review),642705,162271-2,"Leafl. Bot. Observ. Crit.","2: 3","","1909"
kew-2506233,A,Phrymaceae,,Mimulus,,"luteus",,"","L.",Accepted,,M,WCSP (in review),642704,805999-1,"Sp. Pl. ed. 2","884","","1763"
tro-29203766,A,Phrymaceae,,Mimulus,,"luteus",var.,"variegatus","Hook.",Accepted,,L,TRO,29203766,1130776-2,"","","",""
tro-29203896,A,Phrymaceae,,Mimulus,,"lyratus",,"","Benth.",Accepted,,M,TRO,29203896,,"Scroph. Ind.","28","28","1835"
kew-2506243,A,Phrymaceae,,Mimulus,,"maclaineanus",,"","Paxton",Unresolved,,L,WCSP (in review),642714,806001-1,"Paxton's Mag. Bot.","9: t. 147","","1842"
kew-2506209,A,Phrymaceae,,Mimulus,,"maclainii",,"","Ferguson ex Hook.",Unresolved,,L,WCSP (in review),642680,806002-1,"Bot. Mag.","68: t. 3924","","1842"
tro-29203880,A,Phrymaceae,,Mimulus,,"macranthus",,"","Pennell",Accepted,,M,TRO,29203880,162284-2,"Proc. Acad. Nat. Sci. Philadelphia","99(7): 160–161","160","1947"
tro-29204660,A,Phrymaceae,,Mimulus,,"madagascariensis",,"","Benth.",Accepted,,M,TRO,29204660,806004-1,"Prodr.","10: 369","369","1846"
kew-2506181,A,Phrymaceae,,Mimulus,,"madrensis",,"","Seem.",Unresolved,,L,WCSP (in review),642652,806005-1,"Bot. Voy. Herald","322","","1856"
kew-2506180,A,Phrymaceae,,Mimulus,,"maguirei",,"","Pennell",Unresolved,,L,WCSP (in review),642651,162285-2,"Notul. Nat. Acad. Nat. Sci. Philadelphia","43: 6","","1940"
kew-2506179,A,Phrymaceae,,Mimulus,,"marmoratus",,"","Greene",Unresolved,,L,WCSP (in review),642650,162286-2,"Erythea","3: 73","","1895"
tro-29201131,A,Phrymaceae,,Mimulus,,"mephiticus",,"","Greene",Accepted,,M,TRO,29201131,806009-1,"Bull. Calif. Acad. Sci.","1(1): 9","9","1884"
tro-50338420,A,Phrymaceae,,Mimulus,,"michiganensis",,"","(Pennell) Posto & Prather",Accepted,,M,TRO,50338420,1216809-2,"Syst. Bot.","28(1): 177","177","2003"
tro-29203897,A,Phrymaceae,,Mimulus,,"micranthus",,"","A. Heller",Accepted,,M,TRO,29203897,162288-2,"Muhlenbergia","8(11): 132","132","1912"
kew-2506163,A,Phrymaceae,,Mimulus,,"microcarpus",,"","Pennell",Unresolved,,L,WCSP (in review),642634,162289-2,"Notul. Nat. Acad. Nat. Sci. Philadelphia","71: 1","","1941"
tro-29201132,A,Phrymaceae,,Mimulus,,"microphyllus",,"","Benth.",Accepted,,M,TRO,29201132,806012-1,"Prodr.","10: 371","371","1846"
tro-29203908,A,Phrymaceae,,Mimulus,,"microphyton",,"","Pennell",Accepted,,M,TRO,29203908,162291-2,"Proc. Acad. Nat. Sci. Philadelphia","99(7): 169","169","1947"
tro-100376157,A,Phrymaceae,,Mimulus,,"minimus",,"","Pérez-Calix & Zamudio",Accepted,,M,TRO,100376157,60457808-2,"Acta Bot. Mex.","97: 32–36, f. 1","32","2011"
tro-29203893,A,Phrymaceae,,Mimulus,,"minor",,"","A. Nelson",Accepted,,M,TRO,29203893,162292-2,"Proc. Biol. Soc. Wash.","17(35): 178","178","1904"
kew-2506168,A,Phrymaceae,,Mimulus,,"minusculus",,"","Greene",Unresolved,,L,WCSP (in review),642639,162294-2,"Leafl. Bot. Observ. Crit.","2: 5","","1909"
tro-50159719,A,Phrymaceae,,Mimulus,,"minutiflorus",,"","R.K. Vickery",Accepted,,M,TRO,50159719,,"Madroño","44(4): 392, f. 1","392","1997"
kew-2506166,A,Phrymaceae,,Mimulus,,"minutissimus",,"","Eastw.",Unresolved,,L,WCSP (in review),642637,162295-2,"Leafl. W. Bot.","1: 207","","1936"
kew-2506165,A,Phrymaceae,,Mimulus,,"modestus",,"","Eastw.",Unresolved,,L,WCSP (in review),642636,162296-2,"Zoe","5: 84","","1900"
tro-29201133,A,Phrymaceae,,Mimulus,,"mohavensis",,"","Lemmon",Accepted,,M,TRO,29201133,806019-1,"Bot. Gaz.","9(9): 142","142","1884"
tro-29203879,A,Phrymaceae,,Mimulus,,"moniliformis",,"","Greene",Accepted,,M,TRO,29203879,806020-1,"Bull. Calif. Acad. Sci.","1(1): 10","10","1884"
tro-29201134,A,Phrymaceae,,Mimulus,,"montioides",,"","A. Gray",Accepted,,M,TRO,29201134,806021-1,"Proc. Amer. Acad. Arts","7(2): 380","380","1868"
kew-2506174,A,Phrymaceae,,Mimulus,,"moschatus",,"","Douglas ex Lindl.",Accepted,,M,WCSP (in review),642645,,"Bot. Reg.","13: t. 1118","","1828"
tro-29203887,A,Phrymaceae,,Mimulus,,"multiflorus",,"","Pennell",Accepted,,M,TRO,29203887,162304-2,"Proc. Acad. Nat. Sci. Philadelphia","99(7): 161","161","1947"
kew-2506204,A,Phrymaceae,,Mimulus,,"naiandinus",,"","J.M.Watson & C.Bohlen",Unresolved,,L,WCSP (in review),642675,1016961-1,"Bot. Mag.","n.s., 17: 199","","2000"
tro-29201138,A,Phrymaceae,,Mimulus,,"nanus",,"","Hook. & Arn.",Accepted,,M,TRO,29201138,,"Bot. Beechey Voy.","378","378","1841"
tro-50102631,A,Phrymaceae,,Mimulus,,"nanus",var.,"bicolor","(A. Gray) A. Gray",Accepted,,L,TRO,50102631,,"Bot. California","1: 564","564","1876"
tro-29201139,A,Phrymaceae,,Mimulus,,"nasutus",,"","Greene",Accepted,,M,TRO,29201139,806026-1,"Bull. Calif. Acad. Sci.","1(3): 112–113","112","1885"
tro-50102106,A,Phrymaceae,,Mimulus,,"nasutus",var.,"insignis","(Greene) A.L. Grant",Accepted,,L,TRO,50102106,162311-2,"Ann. Missouri Bot. Gard.","11(2–3): 181","181","1924"
tro-50296275,A,Phrymaceae,,Mimulus,,"nelsonii",,"","A.L. Grant",Accepted,,M,TRO,50296275,,"","","",""
kew-2506194,A,Phrymaceae,,Mimulus,,"neubertii",,"","F.Haage & M.Schmidt ex Wettst.",Unresolved,,L,WCSP (in review),642665,806030-1,"Nat. Pflanzenfam.","4(3b): 72","","1891"
kew-2506193,A,Phrymaceae,,Mimulus,,"nevadensis",,"","Gand.",Unresolved,,L,WCSP (in review),642664,162314-2,"Bull. Soc. Bot. France","66: 218","","1919"
kew-2506192,A,Phrymaceae,,Mimulus,×,"nobilis",,"","Voss",Unresolved,,L,WCSP (in review),642663,,"Vilm. Blumengärtn. ed. 3","1: 761","","1894"
tro-29202419,A,Phrymaceae,,Mimulus,,"norrisii",,"","Heckard & Shevock",Accepted,,M,TRO,29202419,906707-1,"Madroño","32(3): 179–184, f. 1–2","179","1985"
tro-29201140,A,Phrymaceae,,Mimulus,,"nudatus",,"","Curran ex Greene",Accepted,,M,TRO,29201140,806033-1,"Bull. Calif. Acad. Sci.","1(3): 114","114","1885"
kew-2506189,A,Phrymaceae,,Mimulus,,"nummularis",,"","Gay",Unresolved,,L,WCSP (in review),642660,,"Fl. Chil.","1: 57","","1845"
kew-2896674,A,Phrymaceae,,Mimulus,,"nummularius",,"","(Clos) Stace",Unresolved,,L,WCSP (in review),1019502,77096281-1,"Watsonia","27: 247","","2009"
kew-2506188,A,Phrymaceae,,Mimulus,,"ocellatus",,"","Bertero ex Steud.",Unresolved,,L,WCSP (in review),642659,,"Nomencl. Bot.","ed. 2, 2: 150","","1841"
kew-2506187,A,Phrymaceae,,Mimulus,,"orbicularis",,"","Wall.",Unresolved,,L,WCSP (in review),642658,806036-1,"Numer. List","3919","","1831"
kew-2506452,A,Phrymaceae,,Mimulus,,"orbicularis",,"","Wall. ex Benth.",Unresolved,,L,WCSP (in review),642923,806037-1,"Scroph. Ind.","29","","1835"
tro-50149436,A,Phrymaceae,,Mimulus,,"orizabae",,"","Benth. ex A. DC.",Accepted,,M,TRO,50149436,,"Prodr.","10: 372","372","1846"
tro-29204269,A,Phrymaceae,,Mimulus,,"ovatus",,"","(A. Gray) N.H. Holmgren",Accepted,,M,TRO,29204269,914236-1,"Intermount. Fl.","4: 362","362","1984"
tro-29204513,A,Phrymaceae,,Mimulus,,"pachystylus",,"","A.L. Grant",Accepted,,M,TRO,29204513,162315-2,"Ann. Missouri Bot. Gard.","11(2–3): 234","234","1924"
tro-50102109,A,Phrymaceae,,Mimulus,,"pallens",,"","Greene",Accepted,,M,TRO,50102109,162316-2,"Leafl. Bot. Observ. Crit.","2(1): 4","4","1909"
kew-2506670,A,Phrymaceae,,Mimulus,,"pallidus",,"","Salisb.",Unresolved,,L,WCSP (in review),643141,806041-1,"Prodr. Stirp. Chap. Allerton","100","","1796"
tro-29201141,A,Phrymaceae,,Mimulus,,"palmeri",,"","A. Gray",Accepted,,M,TRO,29201141,,"Proc. Amer. Acad. Arts","12: 82","82","1876"
kew-2506668,A,Phrymaceae,,Mimulus,,"paniculatus",,"","Greene",Unresolved,,L,WCSP (in review),643139,162318-2,"Leafl. Bot. Observ. Crit.","1: 190","","1906"
tro-29201142,A,Phrymaceae,,Mimulus,,"pardalis",,"","Pennell",Accepted,,M,TRO,29201142,162319-2,"Proc. Acad. Nat. Sci. Philadelphia","99(7): 164","164","1947"
kew-2506666,A,Phrymaceae,,Mimulus,×,"pardinus",,"","Voss",Unresolved,,L,WCSP (in review),643137,,"Vilm. Blumengärtn. ed. 3","1: 761","","1894"
tro-29201143,A,Phrymaceae,,Mimulus,,"parishii",,"","Greene",Accepted,,M,TRO,29201143,806046-1,"Bull. Calif. Acad. Sci.","1(3): 108–109","108","1885"
tro-29201144,A,Phrymaceae,,Mimulus,,"parryi",,"","A. Gray",Accepted,,M,TRO,29201144,,"Proc. Amer. Acad. Arts","11: 97","97","1876"
kew-2506660,A,Phrymaceae,,Mimulus,,"parvulus",,"","Wooton & Standl.",Unresolved,,L,WCSP (in review),643131,162326-2,"Contr. U. S. Natl. Herb.","16: 171","","1913"
tro-29203889,A,Phrymaceae,,Mimulus,,"patulus",,"","Pennell",Accepted,,M,TRO,29203889,162327-2,"Proc. Acad. Nat. Sci. Philadelphia","99(7): 162–163","162","1947"
kew-2506658,A,Phrymaceae,,Mimulus,,"peduncularis",,"","Douglas ex Benth.",Unresolved,,L,WCSP (in review),643129,806053-1,"Scroph. Ind.","29","","1835"
kew-2506657,A,Phrymaceae,,Mimulus,,"pennellii",,"","Gentry",Unresolved,,L,WCSP (in review),643128,162328-2,"Madroño","9: 24","","1947"
kew-2506655,A,Phrymaceae,,Mimulus,,"perluteus",,"","Voss",Unresolved,,L,WCSP (in review),643126,806056-1,"Vilm. Blumengärtn. ed. 3","1: 761","","1894"
kew-2506654,A,Phrymaceae,,Mimulus,,"petiolaris",,"","Greene",Unresolved,,L,WCSP (in review),643125,162329-2,"Leafl. Bot. Observ. Crit.","2: 7","","1909"
tro-29201145,A,Phrymaceae,,Mimulus,,"pictus",,"","(Curran ex Greene) A. Gray",Accepted,,L,TRO,29201145,162330-2,"Syn. Fl. N. Amer. (ed. 2)","2(1): 446","446","1886"
tro-29203890,A,Phrymaceae,,Mimulus,,"pilosus",,"","(Benth.) S. Watson",Accepted,,M,TRO,29203890,806061-1,"Botany (Fortieth Parallel)","225","225","1871"
kew-2506694,A,Phrymaceae,,Mimulus,,"pissisi",,"","Phil.",Unresolved,,L,WCSP (in review),643165,,"Anales Univ. Chile","1861: 57","","1861"
tro-29201146,A,Phrymaceae,,Mimulus,,"platycalyx",,"","Pennell",Accepted,,M,TRO,29201146,162333-2,"Proc. Acad. Nat. Sci. Philadelphia","99(7): 167","167","1947"
tro-29201147,A,Phrymaceae,,Mimulus,,"platylaemus",,"","Pennell",Accepted,,M,TRO,29201147,162334-2,"Proc. Acad. Nat. Sci. Philadelphia","99(7): 169–170","169","1947"
kew-2506691,A,Phrymaceae,,Mimulus,,"pluriflorus",,"","Hook. & Arn.",Unresolved,,L,WCSP (in review),643162,806066-1,"Bot. Beechey Voy.","378","","1839"
kew-2506690,A,Phrymaceae,,Mimulus,,"prattenii",,"","Durand",Unresolved,,L,WCSP (in review),643161,806067-1,"Pl. Pratten. Calif.","98","","1855"
tro-29201148,A,Phrymaceae,,Mimulus,,"primuloides",,"","Benth.",Accepted,,M,TRO,29201148,,"Scroph. Ind.","29","29","1835"
tro-29201150,A,Phrymaceae,,Mimulus,,"primuloides",subsp.,"linearifolius","(A.L. Grant) Munz",Accepted,,L,TRO,29201150,162335-2,"Aliso","4(1): 99","99","1958"
tro-29201149,A,Phrymaceae,,Mimulus,,"primuloides",var.,"pilosellus","(Greene) Smiley",Accepted,,L,TRO,29201149,162338-2,"Univ. Calif. Publ. Bot.","9: 332","332","1921"
kew-2506688,A,Phrymaceae,,Mimulus,,"prionophyllus",,"","Greene",Unresolved,,L,WCSP (in review),643159,162339-2,"Leafl. Bot. Observ. Crit.","1: 190","","1906"
kew-2506687,A,Phrymaceae,,Mimulus,,"procerus",,"","Greene",Unresolved,,L,WCSP (in review),643158,162340-2,"Leafl. Bot. Observ. Crit.","2: 6","","1909"
kew-2506685,A,Phrymaceae,,Mimulus,,"prostratus",,"","Benth.",Unresolved,,L,WCSP (in review),643156,806072-1,"Prodr.","10: 373","","1846"
kew-2506696,A,Phrymaceae,,Mimulus,,"pteropus",,"","Raf.",Unresolved,,L,WCSP (in review),643167,806073-1,"Fl. Ludov.","44","","1817"
kew-2506681,A,Phrymaceae,,Mimulus,,"pubescens",,"","Benth.",Unresolved,,L,WCSP (in review),643152,806076-1,"Prodr.","10: 372","","1846"
tro-29201151,A,Phrymaceae,,Mimulus,,"pulchellus",,"","(Drew ex Greene) A.L. Grant",Accepted,,L,TRO,29201151,162343-2,"Ann. Missouri Bot. Gard.","11(2–3): 316","316","1924"
tro-29201152,A,Phrymaceae,,Mimulus,,"pulsiferae",,"","A. Gray",Accepted,,M,TRO,29201152,806078-1,"Proc. Amer. Acad. Arts","11: 98–99","98","1876"
kew-2506678,A,Phrymaceae,,Mimulus,,"punctatus",,"","Miers ex Bertero",Unresolved,,L,WCSP (in review),643149,,"Mercurio Chileno","700","","1829"
kew-2506677,A,Phrymaceae,,Mimulus,,"puncticalyx",,"","Gand.",Unresolved,,L,WCSP (in review),643148,162344-2,"Bull. Soc. Bot. France","66: 219","","1919"
tro-29201153,A,Phrymaceae,,Mimulus,,"puniceus",,"","(Nutt.) Steud.",Accepted,,M,TRO,29201153,806081-1,"Nomencl. Bot. (ed. 2)","2: 150","150","1841"
tro-29201154,A,Phrymaceae,,Mimulus,,"purpureus",,"","A.L. Grant",Accepted,,M,TRO,29201154,162345-2,"Ann. Missouri Bot. Gard.","11(2–3): 255–256, pl. 5, f. 2","255","1924"
kew-2506686,A,Phrymaceae,,Mimulus,,"pusillus",,"","Benth.",Unresolved,,L,WCSP (in review),643157,806083-1,"Prodr.","10: 369","","1846"
tro-29201155,A,Phrymaceae,,Mimulus,,"pygmaeus",,"","A.L. Grant",Accepted,,M,TRO,29201155,162347-2,"Ann. Missouri Bot. Gard.","11(2–3): 312–313","312","1924"
kew-2506628,A,Phrymaceae,,Mimulus,,"quinquevulnerus",,"","Voss",Unresolved,,L,WCSP (in review),643099,,"Vilm. Blumengärtn. ed. 3","1: 760","","1894"
kew-2506627,A,Phrymaceae,,Mimulus,,"radicans",,"","Hook.f.",Unresolved,,L,WCSP (in review),643098,806086-1,"Fl. Nov.-Zel.","1: 188","","1853"
tro-29201156,A,Phrymaceae,,Mimulus,,"rattanii",,"","A. Gray",Accepted,,M,TRO,29201156,806087-1,"Proc. Amer. Acad. Arts","20: 307","307","1885"
tro-29201157,A,Phrymaceae,,Mimulus,,"rattanii",subsp.,"decurtatus","(A.L. Grant) Pennell",Accepted,,L,TRO,29201157,,"Notul. Nat. Acad. Nat. Sci. Philadelphia","236: 1","1","1951"
tro-29201158,A,Phrymaceae,,Mimulus,,"reifschneiderae",,"","Edwin",Accepted,,M,TRO,29201158,162348-2,"Leafl. W. Bot.","8(6): 150–151","150","1957"
kew-2506624,A,Phrymaceae,,Mimulus,,"reniformis",,"","Engelm. ex Benth.",Unresolved,,L,WCSP (in review),643095,806089-1,"Prodr.","10: 371","","1846"
kew-2506623,A,Phrymaceae,,Mimulus,,"repens",,"","R.Br.",Unresolved,,L,WCSP (in review),643094,806090-1,"Prodr. Fl. Nov. Holl.","432","","1810"
tro-29200088,A,Phrymaceae,,Mimulus,,"ringens",,"","L.",Accepted,,M,TRO,29200088,806091-1,"Sp. Pl.","2: 634","634","1753"
tro-29201161,A,Phrymaceae,,Mimulus,,"ringens",var.,"minthodes","(Greene) A.L. Grant",Accepted,,L,TRO,29201161,162352-2,"Ann. Missouri Bot. Gard.","11(2–3): 131","131","1924"
kew-2506620,A,Phrymaceae,,Mimulus,×,"robertsii",,"","Silverside",Unresolved,,L,WCSP (in review),643091,,"Watsonia","18: 211","","1990"
kew-2506618,A,Phrymaceae,,Mimulus,,"roezlii",,"","Benary ex J.N.Haage & E.Schmidt",Unresolved,,L,WCSP (in review),643089,,"Cat.","1872: 8","","1872"
kew-2506629,A,Phrymaceae,,Mimulus,,"roezlii",,"","Voss",Unresolved,,L,WCSP (in review),643100,,"Vilm. Blumengärtn. ed. 3","1: 760","","1894"
kew-2506616,A,Phrymaceae,,Mimulus,,"roseus",,"","Douglas ex Lindl.",Unresolved,,L,WCSP (in review),643087,806094-1,"Edwards's Bot. Reg.","19: t. 1591","","1833"
tro-29201162,A,Phrymaceae,,Mimulus,,"rubellus",,"","A. Gray",Accepted,,M,TRO,29201162,,"Rep. U.S. Mex. Bound.","2(1): 116","116","1859"
kew-2506614,A,Phrymaceae,,Mimulus,×,"rubinus",,"","Voss",Unresolved,,L,WCSP (in review),643085,,"Vilm. Blumengärtn. ed. 3","1: 761","","1894"
kew-2506613,A,Phrymaceae,,Mimulus,,"rupestris",,"","Greene",Unresolved,,L,WCSP (in review),643084,162357-2,"Leafl. Bot. Observ. Crit.","2: 3","","1909"
tro-29201163,A,Phrymaceae,,Mimulus,,"rupicola",,"","Coville & A.L. Grant",Accepted,,M,TRO,29201163,162358-2,"J. Wash. Acad. Sci.","26(3): 99–102, f. s.n. [p. 100]","99","1936"
tro-50102749,A,Phrymaceae,,Mimulus,,"saxorum",,"","Cockerell",Unresolved,,L,TRO,50102749,,"Bull. Amer. Mus. Nat. Hist.","24: 107, t. 10, f. 47","107","1908"
kew-2506610,A,Phrymaceae,,Mimulus,,"serotinus",,"","Suksd.",Unresolved,,L,WCSP (in review),643081,162361-2,"Deutsche Bot. Monatsschr.","18: 154","","1900"
kew-2506609,A,Phrymaceae,,Mimulus,,"sessilifolius",,"","Maxim.",Unresolved,,L,WCSP (in review),643080,806101-1,"Bull. Acad. Imp. Sci. Saint-Pétersbourg","20: 436","","1875"
tro-29204207,A,Phrymaceae,,Mimulus,,"shevockii",,"","Heckard & Bacig.",Accepted,,M,TRO,29204207,931016-1,"Madroño","33(4): 271–276, f. 1–2","271","1986"
kew-2506642,A,Phrymaceae,,Mimulus,,"smithii",,"","Lindl.",Unresolved,,L,WCSP (in review),643113,806102-1,"Edwards's Bot. Reg.","20: t. 1674","","1834"
kew-2506619,A,Phrymaceae,,Mimulus,,"speciosus",,"","Voss",Unresolved,,L,WCSP (in review),643090,,"Vilm. Blumengärtn. ed. 3","1: 760","","1894"
tro-29201164,A,Phrymaceae,,Mimulus,,"spissus",,"","A.L. Grant",Accepted,,M,TRO,29201164,162362-2,"Ann. Missouri Bot. Gard.","11(2–3): 277, pl. 7","277","1924"
kew-2506648,A,Phrymaceae,,Mimulus,,"splendens",,"","Steud.",Unresolved,,L,WCSP (in review),643119,806105-1,"Nomencl. Bot.","1: 534","","1821"
kew-2506647,A,Phrymaceae,,Mimulus,,"stamineus",,"","A.L.Grant",Unresolved,,L,WCSP (in review),643118,162364-2,"Ann. Missouri Bot. Gard.","11: 302","","1924 publ. 1925"
tro-50102341,A,Phrymaceae,,Mimulus,,"stellatus",,"","(Kellogg) A.L. Grant",Accepted,,L,TRO,50102341,162365-2,"Ann. Missouri Bot. Gard.","11(2–3): 337","337","1924"
kew-2506645,A,Phrymaceae,,Mimulus,,"stolonifer",,"","Novopokr.",Unresolved,,L,WCSP (in review),643116,806109-1,"Bot. Mater. Gerb. Bot. Inst. Komarova Akad. Nauk S.S.S.R.","11: 158","","1949"
kew-2506644,A,Phrymaceae,,Mimulus,,"strictus",,"","Benth.",Unresolved,,L,WCSP (in review),643115,806110-1,"Numer. List","3918","","1831"
kew-2506630,A,Phrymaceae,,Mimulus,,"subreniformis",,"","Greene",Unresolved,,L,WCSP (in review),643101,162366-2,"Erythea","3: 67","","1895"
tro-29201166,A,Phrymaceae,,Mimulus,,"subsecundus",,"","A. Gray",Accepted,,M,TRO,29201166,162367-2,"Syn. Fl. N. Amer. (ed. 2)","2(1): 445","445","1886"
tro-29203886,A,Phrymaceae,,Mimulus,,"subulatus",,"","(A.L. Grant) Pennell",Accepted,,M,TRO,29203886,162370-2,"Proc. Acad. Nat. Sci. Philadelphia","99(7): 162","162","1947"
tro-50102648,A,Phrymaceae,,Mimulus,,"subuniflorus",,"","(Hook. & Arn.) Jeps.",Accepted,,M,TRO,50102648,,"Fl. W. Calif.","404","404","1901"
tro-29201167,A,Phrymaceae,,Mimulus,,"suksdorfii",,"","A. Gray",Accepted,,M,TRO,29201167,162372-2,"Syn. Fl. N. Amer. (ed. 2)","2(1, Suppl.): 450","450","1886"
kew-2506639,A,Phrymaceae,,Mimulus,,"sylvaticus",,"","Phil.",Unresolved,,L,WCSP (in review),643110,806115-1,"Linnaea","30: 197","","1859"
tro-50089079,A,Phrymaceae,,Mimulus,,"szechuanensis",,"","Pai",Accepted,,M,TRO,50089079,,"Contr. Inst. Bot. Natl. Acad. Peiping","2: 119","119","1934"
tro-29204972,A,Phrymaceae,,Mimulus,,"tenellus",,"","Bunge",Accepted,,M,TRO,29204972,806118-1,"Enum. Pl. China Bor.","49","49","1833"
tro-29209258,A,Phrymaceae,,Mimulus,,"tenellus",var.,"nepalensis","(Benth.) Tsoong",Accepted,,L,TRO,29209258,,"Fl. Reipubl. Popularis Sin.","67(2): 171","171","1979"
tro-29209260,A,Phrymaceae,,Mimulus,,"tenellus",var.,"platyphyllus","(Franch.) Tsoong",Accepted,,L,TRO,29209260,,"Fl. Reipubl. Popularis Sin.","67(2): 171","171","1979"
tro-29209259,A,Phrymaceae,,Mimulus,,"tenellus",var.,"procerus","(A.L. Grant) Hand.-Mazz.",Accepted,,L,TRO,29209259,,"Symb. Sin.","7(4): 832–833","832","1936"
kew-2506632,A,Phrymaceae,,Mimulus,,"thermalis",,"","A.Nelson",Unresolved,,L,WCSP (in review),643103,162374-2,"Bull. Torrey Bot. Club","27: 269","","1900"
tro-29209212,A,Phrymaceae,,Mimulus,,"tibeticus",,"","Tsoong & H.P. Yang",Accepted,,M,TRO,29209212,806121-1,"Fl. Reipubl. Popularis Sin.","67(2): 166, 399 (addenda), f. 45","166","1979"
kew-2506617,A,Phrymaceae,,Mimulus,×,"tigridiodes",,"","Voss",Unresolved,,L,WCSP (in review),643088,,"Vilm. Blumengärtn. ed. 3","1: 760","","1894"
kew-2506675,A,Phrymaceae,,Mimulus,,"tigrinus",,"","Voss",Unresolved,,L,WCSP (in review),643146,,"Vilm. Blumengärtn. ed. 3","1: 760","","1894"
tro-29201168,A,Phrymaceae,,Mimulus,,"tilingii",,"","Regel",Accepted,,M,TRO,29201168,806124-1,"Gartenflora","18(11): 321–322, pl. 631","321","1869"
tro-29201169,A,Phrymaceae,,Mimulus,,"tilingii",var.,"caespitosus","(Greene) A.L. Grant",Accepted,,L,TRO,29201169,162376-2,"Ann. Missouri Bot. Gard.","11(2–3): 154","154","1924"
tro-29201170,A,Phrymaceae,,Mimulus,,"tilingii",var.,"corallinus","(Greene) A.L. Grant",Accepted,,L,TRO,29201170,,"Ann. Missouri Bot. Gard.","11(2–3): 155","155","1924"
kew-2506758,A,Phrymaceae,,Mimulus,,"tolmiei",,"","Rydb.",Unresolved,,L,WCSP (in review),643229,162378-2,"Mem. New York Bot. Gard.","1: 351","","1900"
tro-29201171,A,Phrymaceae,,Mimulus,,"torreyi",,"","A. Gray",Accepted,,M,TRO,29201171,,"Proc. Amer. Acad. Arts","11: 97","97","1876"
kew-2506756,A,Phrymaceae,,Mimulus,,"traskiae",,"","A.L.Grant ex Millsp. & Nuttall",Accepted,,M,WCSP (in review),643227,806127-1,"Publ. Field Mus. Nat. Hist., Bot. Ser.","5: 226","","1923"
tro-50102649,A,Phrymaceae,,Mimulus,,"treleasei",,"","A.L. Grant",Accepted,,M,TRO,50102649,162380-2,"Ann. Missouri Bot. Gard.","11(2–3): 325–326, t. 3, f. 1","325","1924"
tro-29201173,A,Phrymaceae,,Mimulus,,"tricolor",,"","Hartw. ex Lindl.",Accepted,,M,TRO,29201173,30086890-2,"J. Hort. Soc. London","4: 222","222","1849"
tro-50102183,A,Phrymaceae,,Mimulus,,"tricolor",var.,"angustatus","(A. Gray) A. Gray",Accepted,,L,TRO,50102183,162381-2,"Proc. Amer. Acad. Arts","11: 95","95","1876"
tro-29203888,A,Phrymaceae,,Mimulus,,"trisulcatus",,"","Pennell",Accepted,,M,TRO,29203888,162382-2,"Proc. Acad. Nat. Sci. Philadelphia","99(7): 161–162","161","1947"
kew-2506752,A,Phrymaceae,,Mimulus,,"unimaculatus",,"","Pennell",Unresolved,,L,WCSP (in review),643223,162383-2,"Notul. Nat. Acad. Nat. Sci. Philadelphia","43: 5","","1940"
kew-2506751,A,Phrymaceae,,Mimulus,,"uvedaliae",,"","Benth.",Unresolved,,L,WCSP (in review),643222,806132-1,"Prodr.","10: 369","","1846"
tro-29201174,A,Phrymaceae,,Mimulus,,"verbenaceus",,"","Greene",Accepted,,M,TRO,29201174,162385-2,"Leafl. Bot. Observ. Crit.","2(1): 2–3","2","1909"
tro-29203892,A,Phrymaceae,,Mimulus,,"veronicifolius",,"","Greene",Accepted,,M,TRO,29203892,162386-2,"Leafl. Bot. Observ. Crit.","2(1): 7","7","1909"
tro-29201175,A,Phrymaceae,,Mimulus,,"viscidus",,"","Congdon",Accepted,,M,TRO,29201175,162387-2,"Erythea","7(12/2): 187–188","187","1900"
tro-29201176,A,Phrymaceae,,Mimulus,,"viscidus",subsp.,"constrictus","(A.L. Grant) Munz",Accepted,,L,TRO,29201176,162388-2,"Aliso","4(1): 99","99","1958"
kew-2506744,A,Phrymaceae,,Mimulus,,"viscosus",,"","Moench",Unresolved,,L,WCSP (in review),643215,806138-1,"Suppl. Meth.","168","","1802"
tro-29201177,A,Phrymaceae,,Mimulus,,"washingtonensis",,"","Gand.",Accepted,,M,TRO,29201177,162389-2,"Bull. Soc. Bot. France","66(5–6): 218","218","1919"
tro-29201178,A,Phrymaceae,,Mimulus,,"washoensis",,"","Edwin",Accepted,,M,TRO,29201178,162390-2,"Leafl. W. Bot.","7(9): 221","221","1955"
tro-29201180,A,Phrymaceae,,Mimulus,,"whitneyi",,"","A. Gray",Accepted,,M,TRO,29201180,162392-2,"Syn. Fl. N. Amer.","2(1, Suppl.): 445","445","1886"
tro-50159717,A,Phrymaceae,,Mimulus,,"wiensii",,"","R.K. Vickery",Accepted,,M,TRO,50159717,162393-2,"Madroño","22(4): 161, f. 1","161","1973"
kew-2506771,A,Phrymaceae,,Mimulus,,"wilsonii",,"","D.Don ex Steud.",Unresolved,,L,WCSP (in review),643242,806143-1,"Nomencl. Bot.","ed. 2, 2: 150","","1841"
kew-2506748,A,Phrymaceae,,Mimulus,,"wolfii",,"","Eastw.",Unresolved,,L,WCSP (in review),643219,162394-2,"Leafl. W. Bot.","1: 44","","1933"
tro-50159718,A,Phrymaceae,,Mimulus,,"yecorensis",,"","R.K. Vickery",Accepted,,M,TRO,50159718,1003314-1,"Madroño","44(4): 391, f.","391","1997"
kew-2506782,A,Phrymaceae,,Mimulus,,"youngii",,"","Voss",Unresolved,,L,WCSP (in review),643253,,"Vilm. Blumengärtn. ed. 3","1: 760","","1894"
kew-2550810,A,Phrymaceae,,Peplidium,,"aithocheilum",,"","W.R.Barker",Unresolved,,L,WCSP (in review),686619,940642-1,"J. Adelaide Bot. Gard.","13: 88","","1990"
kew-2550820,A,Phrymaceae,,Peplidium,,"foecundum",,"","W.R.Barker",Unresolved,,L,WCSP (in review),686629,961486-1,"J. Adelaide Bot. Gard.","15: 71","","1992"
kew-2550821,A,Phrymaceae,,Peplidium,,"humifusum",,"","Delile",Unresolved,,L,WCSP (in review),686630,808358-1,"Descr. Egypte, Hist. Nat.","148","","1813"
kew-2900444,A,Phrymaceae,,Peplidium,,"maritimum",,"","(L.f.) Asch.",Unresolved,,L,WCSP (in review),1023130,77103854-1,"Beitr. Fl. Aethiop.","275","","1867"
tro-29202463,A,Phrymaceae,,Peplidium,,"maritumum",,"","Wettst.",Unresolved,,L,TRO,29202463,,"","","",""
kew-2550823,A,Phrymaceae,,Peplidium,,"muelleri",,"","Benth.",Unresolved,,L,WCSP (in review),686632,808360-1,"Fl. Austral.","4: 500","","1868"
kew-153193,A,Phrymaceae,,Phryma,,"leptostachya",,"","L.",Accepted,,H,WCSP,153193,864098-1,"Sp. Pl.","601","","1753"
kew-153196,A,Phrymaceae,,Phryma,,"leptostachya",var.,"oblongifolia","(Koidz.) Honda",Accepted,,L,WCSP,153196,,"Bot. Mag. (Tokyo)","50: 608","","1936"
