﻿ID,Major group,Family,Genus hybrid marker,Genus,Species hybrid marker,Species,Infraspecific rank,Infraspecific epithet,Authorship,Taxonomic status in TPL,Nomenclatural status from original data source,Confidence level,Source,Source id,IPNI id,Publication,Collation,Page,Date
kew-8992,A,Picrodendraceae,,Androstachys,,"johnsonii",,"","Prain",Accepted,,H,WCSP,8992,338703-1,"Bull. Misc. Inform. Kew","1908: 439","","1908"
tro-12800712,A,Picrodendraceae,,Androstachys,,"lanceolata",,"","Sessé & Moc.",Unresolved,,L,TRO,12800712,,"","","",""
tro-12800713,A,Picrodendraceae,,Androstachys,,"rhombifolia",,"","Sessé & Moc.",Unresolved,,L,TRO,12800713,,"","","",""
tro-50330249,A,Picrodendraceae,,Androstachys,,"subpeltatis",,"","Phillips, G.",Unresolved,,L,TRO,50330249,,"","","",""
kew-330008,A,Picrodendraceae,,Aristogeitonia,,"gabonica",,"","Breteler",Accepted,,H,WCSP,330008,,"Adansonia","III, 26: 168","","2004"
kew-15850,A,Picrodendraceae,,Aristogeitonia,,"limoniifolia",,"","Prain",Accepted,,H,WCSP,15850,339492-1,"Bull. Misc. Inform. Kew","1908: 438","","1908"
kew-15851,A,Picrodendraceae,,Aristogeitonia,,"lophirifolia",,"","Radcl.-Sm.",Accepted,,H,WCSP,15851,935683-1,"Kew Bull.","43: 629","","1988"
kew-15852,A,Picrodendraceae,,Aristogeitonia,,"magnistipula",,"","Radcl.-Sm.",Accepted,,H,WCSP,15852,992401-1,"Kew Bull.","51: 801","","1996"
kew-15853,A,Picrodendraceae,,Aristogeitonia,,"monophylla",,"","Airy Shaw",Accepted,,H,WCSP,15853,339493-1,"Kew Bull.","26: 495","","1972"
kew-15854,A,Picrodendraceae,,Aristogeitonia,,"perrieri",,"","(Leandri) Radcl.-Sm.",Accepted,,H,WCSP,15854,945771-1,"Kew Bull.","43: 627","","1988"
kew-15855,A,Picrodendraceae,,Aristogeitonia,,"uapacifolia",,"","Radcl.-Sm.",Accepted,,H,WCSP,15855,1004881-1,"Kew Bull.","53: 978","","1998 publ. 1999"
kew-18330,A,Picrodendraceae,,Austrobuxus,,"alticola",,"","McPherson",Accepted,,H,WCSP,18330,,"Bull. Mus. Natl. Hist. Nat., B, Adansonia","6: 461","","1984 publ. 1985"
kew-18332,A,Picrodendraceae,,Austrobuxus,,"brevipes",,"","Airy Shaw",Accepted,,H,WCSP,18332,339564-1,"Kew Bull.","33: 41","","1978"
kew-18334,A,Picrodendraceae,,Austrobuxus,,"carunculatus",,"","(Baill.) Airy Shaw",Accepted,,H,WCSP,18334,339566-1,"Kew Bull.","25: 507","","1971"
kew-462102,A,Picrodendraceae,,Austrobuxus,,"celebicus",,"","Welzen & P.I.Forst.",Accepted,,H,WCSP,462102,77104812-1,"Nordic J. Bot.","28: 190","","2010"
kew-18335,A,Picrodendraceae,,Austrobuxus,,"clusiaceus",,"","(Baill.) Airy Shaw",Accepted,,H,WCSP,18335,339567-1,"Kew Bull.","25: 507","","1971"
kew-18338,A,Picrodendraceae,,Austrobuxus,,"cracens",,"","McPherson",Accepted,,H,WCSP,18338,934023-1,"in Fl. Nouv.-Caléd.","14: 216","","1987"
kew-18339,A,Picrodendraceae,,Austrobuxus,,"cuneatus",,"","(Airy Shaw) Airy Shaw",Accepted,,H,WCSP,18339,339568-1,"Kew Bull.","33: 40","","1978"
kew-461538,A,Picrodendraceae,,Austrobuxus,,"dentatus",,"","Welzen & P.I.Forst.",Accepted,,H,WCSP,461538,77104813-1,"Nordic J. Bot.","28: 191","","2010"
kew-18341,A,Picrodendraceae,,Austrobuxus,,"ellipticus",,"","McPherson",Accepted,,H,WCSP,18341,,"Bull. Mus. Natl. Hist. Nat., B, Adansonia","6: 462","","1984 publ. 1985"
kew-18342,A,Picrodendraceae,,Austrobuxus,,"eugeniifolius",,"","(Guillaumin) Airy Shaw",Accepted,,H,WCSP,18342,339570-1,"Kew Bull.","29: 308","","1974"
kew-18345,A,Picrodendraceae,,Austrobuxus,,"horneanus",,"","(A.C.Sm.) Airy Shaw",Accepted,,H,WCSP,18345,339572-1,"Kew Bull.","23: 342","","1969"
kew-18346,A,Picrodendraceae,,Austrobuxus,,"huerlimannii",,"","Airy Shaw",Accepted,,H,WCSP,18346,339574-1,"Kew Bull.","29: 305","","1974"
kew-18348,A,Picrodendraceae,,Austrobuxus,,"mandjelicus",,"","McPherson",Accepted,,H,WCSP,18348,,"Bull. Mus. Natl. Hist. Nat., B, Adansonia","6: 462","","1984 publ. 1985"
kew-18349,A,Picrodendraceae,,Austrobuxus,,"megacarpus",,"","P.I.Forst.",Accepted,,H,WCSP,18349,994172-1,"Austrobaileya","4: 622","","1997"
kew-18351,A,Picrodendraceae,,Austrobuxus,,"montis-do",,"","Airy Shaw",Accepted,,H,WCSP,18351,339577-1,"Kew Bull.","33: 41","","1978"
kew-18352,A,Picrodendraceae,,Austrobuxus,,"nitidus",,"","Miq.",Accepted,,L,WCSP,18352,339578-1,"Fl. Ned. Ind., Eerste Bijv.","444","","1861"
kew-18357,A,Picrodendraceae,,Austrobuxus,,"ovalis",,"","Airy Shaw",Accepted,,H,WCSP,18357,339580-1,"Kew Bull.","29: 307","","1974"
kew-18358,A,Picrodendraceae,,Austrobuxus,,"pauciflorus",,"","Airy Shaw",Accepted,,H,WCSP,18358,339581-1,"Kew Bull.","29: 306","","1974"
kew-18359,A,Picrodendraceae,,Austrobuxus,,"petiolaris",,"","Airy Shaw",Accepted,,H,WCSP,18359,339582-1,"Kew Bull.","29: 304","","1974"
kew-18362,A,Picrodendraceae,,Austrobuxus,,"rubiginosus",,"","(Guillaumin) Airy Shaw",Accepted,,H,WCSP,18362,339584-1,"Kew Bull.","33: 39","","1978"
kew-18363,A,Picrodendraceae,,Austrobuxus,,"swainii",,"","(Beuzev. & C.T.White) Airy Shaw",Accepted,,H,WCSP,18363,339585-1,"Kew Bull.","25: 508","","1971"
kew-18364,A,Picrodendraceae,,Austrobuxus,,"vieillardii",,"","(Guillaumin) Airy Shaw",Accepted,,H,WCSP,18364,339586-1,"Kew Bull.","25: 508","","1971"
kew-39767,A,Picrodendraceae,,Choriceras,,"majus",,"","Airy Shaw",Accepted,,H,WCSP,39767,340936-1,"Muelleria","4: 220","","1980"
kew-39768,A,Picrodendraceae,,Choriceras,,"tricorne",,"","(Benth.) Airy Shaw",Accepted,,H,WCSP,39768,340937-1,"Kew Bull.","14: 356","","1960"
kew-63232,A,Picrodendraceae,,Dissiliaria,,"baloghioides",,"","F.Muell. ex Baill.",Accepted,,H,WCSP,63232,344851-1,"Adansonia","7: 359","","1867"
kew-63233,A,Picrodendraceae,,Dissiliaria,,"indistincta",,"","P.I.Forst.",Accepted,,H,WCSP,63233,999009-1,"Austrobaileya","5: 17","","1997"
kew-63234,A,Picrodendraceae,,Dissiliaria,,"laxinervis",,"","Airy Shaw",Accepted,,H,WCSP,63234,344852-1,"Muelleria","4: 220","","1980"
kew-63235,A,Picrodendraceae,,Dissiliaria,,"muelleri",,"","Baill.",Accepted,,H,WCSP,63235,344853-1,"Adansonia","7: 359","","1867"
kew-63236,A,Picrodendraceae,,Dissiliaria,,"surculosa",,"","P.I.Forst.",Accepted,,H,WCSP,63236,999011-1,"Austrobaileya","5: 22","","1997"
kew-63238,A,Picrodendraceae,,Dissiliaria,,"tuckeri",,"","P.I.Forst.",Accepted,,H,WCSP,63238,999010-1,"Austrobaileya","5: 19","","1997"
kew-100885,A,Picrodendraceae,,Hyaenanche,,"globosa",,"","(Gaertn.) Lamb. & Vahl",Accepted,,H,WCSP,100885,,"Descr. Cinchona","52","","1797"
kew-105496,A,Picrodendraceae,,Kairothamnus,,"phyllanthoides",,"","(Airy Shaw) Airy Shaw",Accepted,,H,WCSP,105496,350598-1,"Kew Bull.","34: 596","","1980"
kew-115088,A,Picrodendraceae,,Longetia,,"buxoides",,"","Baill.",Accepted,,H,WCSP,115088,350908-1,"Adansonia","2: 228","","1862"
kew-126877,A,Picrodendraceae,,Micrantheum,,"demissum",,"","F.Muell.",Accepted,,H,WCSP,126877,352267-1,"Victorian Naturalist","7: 67","","1890"
kew-126880,A,Picrodendraceae,,Micrantheum,,"ericoides",,"","Desf.",Accepted,,H,WCSP,126880,,"Mém. Mus. Hist. Nat.","4: 53","","1818"
kew-126884,A,Picrodendraceae,,Micrantheum,,"hexandrum",,"","Hook.f.",Accepted,,H,WCSP,126884,352269-1,"London J. Bot.","6: 283","","1847"
kew-126887,A,Picrodendraceae,,Micrantheum,,"serpentinum",,"","Orchard",Accepted,,H,WCSP,126887,959500-1,"Aspects of Tasmanian Botany","60","","1991"
kew-128659,A,Picrodendraceae,,Mischodon,,"zeylanicus",,"","Thwaites",Accepted,,H,WCSP,128659,352355-1,"Hooker's J. Bot. Kew Gard. Misc.","6: 300","","1854"
kew-134090,A,Picrodendraceae,,Neoroepera,,"banksii",,"","Benth.",Accepted,,H,WCSP,134090,352501-1,"Fl. Austral.","6: 117","","1873"
kew-134091,A,Picrodendraceae,,Neoroepera,,"buxifolia",,"","Müll.Arg.",Accepted,,H,WCSP,134091,352502-1,"Prodr.","15(2): 489","","1866"
kew-138891,A,Picrodendraceae,,Oldfieldia,,"africana",,"","Benth. & Hook.f.",Accepted,,H,WCSP,138891,352540-1,"Hooker's J. Bot. Kew Gard. Misc.","2: 185","","1850"
kew-138892,A,Picrodendraceae,,Oldfieldia,,"dactylophylla",,"","(Welw. ex Oliv.) J.Léonard",Accepted,,H,WCSP,138892,352541-1,"Bull. Jard. Bot. État","26: 340","","1956"
kew-138893,A,Picrodendraceae,,Oldfieldia,,"macrocarpa",,"","J.Léonard",Accepted,,H,WCSP,138893,352542-1,"Bull. Jard. Bot. État","26: 341","","1956"
kew-138894,A,Picrodendraceae,,Oldfieldia,,"somalensis",,"","(Chiov.) Milne-Redh.",Accepted,,H,WCSP,138894,352543-1,"Kew Bull.","3: 456","","1948 publ. 1949"
kew-145635,A,Picrodendraceae,,Paivaeusa,,"gabonensis",,"","A.Chev.",Unresolved,,L,WCSP,145635,353217-1,"Veg. Ut. Afr. Trop. Franç.","9: 298","","1917"
kew-147814,A,Picrodendraceae,,Parodiodendron,,"marginivillosum",,"","(Speg.) Hunz.",Accepted,,H,WCSP,147814,183534-2,"Kurtziana","5: 333","","1969"
kew-150771,A,Picrodendraceae,,Petalostigma,,"banksii",,"","Britten & S.Moore",Accepted,,H,WCSP,150771,353406-1,"J. Bot.","41: 225","","1903"
tro-50258039,A,Picrodendraceae,,Petalostigma,,"haptocladum",,"","Pax & K. Hoffm.",Unresolved,,L,TRO,50258039,,"Pflanzenr.","147,15(Heft 81): 283","283","1922"
tro-50258038,A,Picrodendraceae,,Petalostigma,,"humilis",,"","W. Fitzg.",Unresolved,,L,TRO,50258038,353409-1,"J. Roy. Soc. Western Australia","3: 163","163","1918"
kew-150777,A,Picrodendraceae,,Petalostigma,,"pachyphyllum",,"","Airy Shaw",Accepted,,H,WCSP,150777,353412-1,"Kew Bull.","31: 372","","1976"
kew-150778,A,Picrodendraceae,,Petalostigma,,"pubescens",,"","Domin",Accepted,,H,WCSP,150778,353413-1,"Biblioth. Bot.","89: 317","","1927"
kew-150779,A,Picrodendraceae,,Petalostigma,,"quadriloculare",,"","F.Muell.",Accepted,,H,WCSP,150779,353414-1,"Hooker's J. Bot. Kew Gard. Misc.","9: 17","","1857"
kew-150785,A,Picrodendraceae,,Petalostigma,,"triloculare",,"","Müll.Arg.",Accepted,,H,WCSP,150785,353415-1,"Flora","47: 471","","1864"
kew-156034,A,Picrodendraceae,,Picrodendron,,"baccatum",,"","(L.) Krug & Urb.",Accepted,,H,WCSP,156034,196005-2,"Bot. Jahrb. Syst.","15: 308","","1892"
kew-156035,A,Picrodendraceae,,Picrodendron,,"calunga",,"","Mart. ex Engl.",Unresolved,,L,WCSP,156035,813972-1,"Fl. Bras.","12(2): 214","","1874"
kew-156645,A,Picrodendraceae,,Piranhea,,"longipedunculata",,"","Jabl.",Accepted,,H,WCSP,156645,199895-2,"Mem. New York Bot. Gard.","17: 122","","1967"
kew-156646,A,Picrodendraceae,,Piranhea,,"mexicana",,"","(Standl.) Radcl.-Sm.",Accepted,,H,WCSP,156646,990431-1,"Kew Bull.","51: 546","","1996"
kew-156647,A,Picrodendraceae,,Piranhea,,"securinega",,"","Radcl.-Sm. & Ratter",Accepted,,H,WCSP,156647,303341-2,"Kew Bull.","51: 543","","1996"
kew-156648,A,Picrodendraceae,,Piranhea,,"trifoliata",,"","Baill.",Accepted,,H,WCSP,156648,354926-1,"Adansonia","6: 236","","1866"
kew-161691,A,Picrodendraceae,,Podocalyx,,"loranthoides",,"","Klotzsch",Accepted,,H,WCSP,161691,354975-1,"Arch. Naturgesch.","7: 202","","1841"
kew-259725,A,Picrodendraceae,,Pseudanthus,,"ballingalliae",,"","Halford & R.J.F.Hend.",Accepted,,H,WCSP,259725,60426531-2,"Austrobaileya","6: 500","","2003"
kew-166113,A,Picrodendraceae,,Pseudanthus,,"divaricatissimus",,"","(Müll.Arg.) Benth.",Accepted,,H,WCSP,166113,355063-1,"Fl. Austral.","6: 60","","1873"
kew-259726,A,Picrodendraceae,,Pseudanthus,,"ligulatus",,"","Halford & R.J.F.Hend.",Accepted,,H,WCSP,259726,60426532-2,"Austrobaileya","6: 503","","2003"
kew-166116,A,Picrodendraceae,,Pseudanthus,,"micranthus",,"","Benth.",Accepted,,H,WCSP,166116,355064-1,"Fl. Austral.","6: 59","","1873"
kew-259729,A,Picrodendraceae,,Pseudanthus,,"orbicularis",,"","(Müll.Arg.) Halford & R.J.F.Hend.",Accepted,,H,WCSP,259729,60426535-2,"Austrobaileya","6: 507","","2003"
kew-166120,A,Picrodendraceae,,Pseudanthus,,"orientalis",,"","F.Muell.",Accepted,,H,WCSP,166120,355068-1,"Fragm.","2: 14","","1860"
kew-166121,A,Picrodendraceae,,Pseudanthus,,"ovalifolius",,"","F.Muell.",Accepted,,H,WCSP,166121,355069-1,"Trans. & Proc. Philos. Inst. Victoria","2: 66","","1858"
kew-259730,A,Picrodendraceae,,Pseudanthus,,"pauciflorus",,"","Halford & R.J.F.Hend.",Accepted,,H,WCSP,259730,60426536-2,"Austrobaileya","6: 511","","2003"
kew-166122,A,Picrodendraceae,,Pseudanthus,,"pimeleoides",,"","Sieber ex Spreng.",Accepted,,H,WCSP,166122,355070-1,"Syst. Veg.","4(2): 25","","1827"
kew-337591,A,Picrodendraceae,,Pseudanthus,,"tasmanicus",,"","Rodway",Unresolved,,L,WCSP,337591,61120-1,"Pap. & Proc. Roy. Soc. Tasmania","1900-1901: 107","","1902"
kew-184221,A,Picrodendraceae,,Sankowskya,,"stipularis",,"","P.I.Forst.",Accepted,,H,WCSP,184221,984846-1,"Austrobaileya","4: 331","","1995"
kew-186620,A,Picrodendraceae,,Scagea,,"depauperata",,"","(Baill.) McPherson",Accepted,,H,WCSP,186620,,"Bull. Mus. Natl. Hist. Nat., B, Adansonia","7: 248","","1985 publ. 1986"
kew-186621,A,Picrodendraceae,,Scagea,,"oligostemon",,"","(Guillaumin) McPherson",Accepted,,H,WCSP,186621,,"Bull. Mus. Natl. Hist. Nat., B, Adansonia","7: 248","","1985 publ. 1986"
kew-194667,A,Picrodendraceae,,Stachyandra,,"imberbis",,"","(Airy Shaw) Radcl.-Sm.",Accepted,,H,WCSP,194667,948209-1,"Kew Bull.","45: 567","","1990"
kew-194668,A,Picrodendraceae,,Stachyandra,,"merana",,"","(Airy Shaw) J.-F.Leroy ex Radcl.-Sm.",Accepted,,H,WCSP,194668,948210-1,"Kew Bull.","45: 567","","1990"
kew-194671,A,Picrodendraceae,,Stachyandra,,"rufibarbis",,"","(Airy Shaw) Radcl.-Sm.",Accepted,,H,WCSP,194671,948211-1,"Kew Bull.","45: 568","","1990"
kew-194672,A,Picrodendraceae,,Stachyandra,,"viticifolia",,"","(Airy Shaw) Radcl.-Sm.",Accepted,,H,WCSP,194672,948212-1,"Kew Bull.","45: 568","","1990"
kew-195792,A,Picrodendraceae,,Stachystemon,,"axillaris",,"","A.S.George",Accepted,,H,WCSP,195792,,"J. Roy. Soc. Western Australia","50(4): 97","","1967"
kew-195793,A,Picrodendraceae,,Stachystemon,,"brachyphyllus",,"","Müll.Arg.",Accepted,,H,WCSP,195793,356452-1,"Linnaea","32: 76","","1863"
kew-266727,A,Picrodendraceae,,Stachystemon,,"intricatus",,"","Halford & R.J.F.Hend.",Accepted,,H,WCSP,266727,60426538-2,"Austrobaileya","6: 519","","2003"
kew-266728,A,Picrodendraceae,,Stachystemon,,"mucronatus",,"","Halford & R.J.F.Hend.",Accepted,,H,WCSP,266728,60426539-2,"Austrobaileya","6: 520","","2003"
kew-266729,A,Picrodendraceae,,Stachystemon,,"nematophorus",,"","(F.Muell.) Halford & R.J.F.Hend.",Accepted,,H,WCSP,266729,60426540-2,"Austrobaileya","6: 522","","2003"
kew-195795,A,Picrodendraceae,,Stachystemon,,"polyandrus",,"","(F.Muell.) Benth.",Accepted,,H,WCSP,195795,356454-1,"Fl. Austral.","6: 62","","1873"
kew-195796,A,Picrodendraceae,,Stachystemon,,"vermicularis",,"","Planch.",Accepted,,H,WCSP,195796,356455-1,"London J. Bot.","4: 472","","1845"
kew-266730,A,Picrodendraceae,,Stachystemon,,"vinosus",,"","Halford & R.J.F.Hend.",Accepted,,H,WCSP,266730,60426541-2,"Austrobaileya","6: 525","","2003"
kew-266731,A,Picrodendraceae,,Stachystemon,,"virgatus",,"","(Klotzsch) Halford & R.J.F.Hend.",Accepted,,H,WCSP,266731,60426542-2,"Austrobaileya","6: 526","","2003"
kew-202345,A,Picrodendraceae,,Tetracoccus,,"capensis",,"","(I.M.Johnst.) Croizat",Accepted,,H,WCSP,202345,251595-2,"Bull. Torrey Bot. Club","69: 457","","1942"
kew-202346,A,Picrodendraceae,,Tetracoccus,,"dioicus",,"","Parry",Accepted,,H,WCSP,202346,30031432-2,"W. Amer. Sci.","1: 13","","1885"
kew-202348,A,Picrodendraceae,,Tetracoccus,,"fasciculatus",,"","(S.Watson) Croizat",Accepted,,H,WCSP,202348,251596-2,"Bull. Torrey Bot. Club","69: 456","","1942"
kew-202350,A,Picrodendraceae,,Tetracoccus,,"fasciculatus",var.,"hallii","(Brandegee) Dressler",Accepted,,L,WCSP,202350,251597-2,"Rhodora","56: 57","","1954"
kew-202352,A,Picrodendraceae,,Tetracoccus,,"ilicifolius",,"","Coville & Gilman",Accepted,,H,WCSP,202352,251599-2,"J. Wash. Acad. Sci.","26: 531","","1936"
kew-213986,A,Picrodendraceae,,Voatamalo,,"capuronii",,"","Bosser",Accepted,,H,WCSP,213986,358205-1,"Adansonia","n.s., 15: 339","","1975 publ. 1976"
kew-213987,A,Picrodendraceae,,Voatamalo,,"eugenioides",,"","Capuron ex Bosser",Accepted,,H,WCSP,213987,358206-1,"Adansonia","n.s., 15: 337","","1975 publ. 1976"
kew-214661,A,Picrodendraceae,,Whyanbeelia,,"terrae-reginae",,"","Airy Shaw & B.Hyland",Accepted,,H,WCSP,214661,358221-1,"Kew Bull.","31: 376","","1976"
