﻿ID,Major group,Family,Genus hybrid marker,Genus,Species hybrid marker,Species,Infraspecific rank,Infraspecific epithet,Authorship,Taxonomic status in TPL,Nomenclatural status from original data source,Confidence level,Source,Source id,IPNI id,Publication,Collation,Page,Date
kew-2639408,A,Podostemaceae,,Angolaea,,"fluitans",,"","Wedd.",Accepted,,M,WCSP (in review),771513,688031-1,"Prodr.","17: 300","","1873"
kew-2643868,A,Podostemaceae,,Apinagia,,"aripecuruensis",,"","P.Royen",Accepted,,M,WCSP (in review),775955,688034-1,"Acta Bot. Neerl.","3: 257","","1954"
kew-2643869,A,Podostemaceae,,Apinagia,,"arminensis",,"","P.Royen",Accepted,,M,WCSP (in review),775956,688035-1,"Meded. Bot. Mus. Herb. Rijks Univ. Utrecht","107: 48","","1951"
kew-2643870,A,Podostemaceae,,Apinagia,,"batrachifolia",,"","(Mildbr.) P.Royen",Accepted,,M,WCSP (in review),775957,688036-1,"Meded. Bot. Mus. Herb. Rijks Univ. Utrecht","107: 56","","1951"
kew-2643872,A,Podostemaceae,,Apinagia,,"batrachifolia",f.,"longistyla","P.Royen",Accepted,,L,WCSP (in review),775959,16362-2,"Meded. Bot. Mus. Herb. Rijks Univ. Utrecht","107: 57","","1951"
kew-2643873,A,Podostemaceae,,Apinagia,,"boliviana",,"","P.Royen",Accepted,,M,WCSP (in review),775960,688037-1,"Meded. Bot. Mus. Herb. Rijks Univ. Utrecht","107: 130","","1951"
kew-2643874,A,Podostemaceae,,Apinagia,,"brevicaulis",,"","Mildbr.",Accepted,,M,WCSP (in review),775961,16365-2,"Beitr. Kenntn. Podostem.","42","","1904"
kew-2643875,A,Podostemaceae,,Apinagia,,"capillacea",,"","(Tul.) Engl.",Unresolved,,L,WCSP (in review),775962,16366-2,"Bot. Jahrb. Syst.","61(138): 4","","1927"
kew-2643877,A,Podostemaceae,,Apinagia,,"corymbosa",,"","(Tul.) Engl.",Accepted,,M,WCSP (in review),775964,16368-2,"Nat. Pflanzenfam. ed. 2","18a: 38","","1930"
kew-2643878,A,Podostemaceae,,Apinagia,,"corymbosa",var.,"capillarifolia","(Engl.) P.Royen",Accepted,,L,WCSP (in review),775965,16369-2,"Meded. Bot. Mus. Herb. Rijks Univ. Utrecht","107: 53","","1951"
kew-2643879,A,Podostemaceae,,Apinagia,,"crispa",,"","P.Royen",Accepted,,M,WCSP (in review),775966,688042-1,"Meded. Bot. Mus. Herb. Rijks Univ. Utrecht","107: 129","","1951"
kew-2643880,A,Podostemaceae,,Apinagia,,"digitata",,"","P.Royen",Accepted,,M,WCSP (in review),775967,688044-1,"Meded. Bot. Mus. Herb. Rijks Univ. Utrecht","107: 128","","1951"
kew-2643881,A,Podostemaceae,,Apinagia,,"dissecta",,"","(Montagn.) Engl.",Accepted,,M,WCSP (in review),775968,16373-2,"Nat. Pflanzenfam. ed. 2","18a: 38","","1930"
kew-2643882,A,Podostemaceae,,Apinagia,,"divaricata",,"","Tul. & Wedd.",Accepted,,M,WCSP (in review),775969,688046-1,"Ann. Sci. Nat., Bot.","III, 11: 97","","1849"
kew-2643883,A,Podostemaceae,,Apinagia,,"divertens",,"","Went",Accepted,,M,WCSP (in review),775970,,"Verh. Kon. Akad. Wetensch., Afd. Natuurk., Sect. 2","16: 35","","1910"
kew-2643884,A,Podostemaceae,,Apinagia,,"exilis",,"","(Tul.) P.Royen",Accepted,,M,WCSP (in review),775971,16374-2,"Meded. Bot. Mus. Herb. Rijks Univ. Utrecht","107: 53","","1951"
kew-2643885,A,Podostemaceae,,Apinagia,,"fimbrifolia",,"","P.Royen",Accepted,,M,WCSP (in review),775972,688049-1,"Meded. Bot. Mus. Herb. Rijks Univ. Utrecht","107: 130","","1951"
kew-2643886,A,Podostemaceae,,Apinagia,,"flexuosa",,"","(Tul.) P.Royen",Accepted,,M,WCSP (in review),775973,16377-2,"Meded. Bot. Mus. Herb. Rijks Univ. Utrecht","107: 37","","1951"
kew-2643887,A,Podostemaceae,,Apinagia,,"fluitans",,"","P.Royen",Accepted,,M,WCSP (in review),775974,688051-1,"Meded. Bot. Mus. Herb. Rijks Univ. Utrecht","107: 128","","1951"
kew-2643888,A,Podostemaceae,,Apinagia,,"fucoides",,"","(Mart. & Zucc.) Tul.",Accepted,,M,WCSP (in review),775975,688052-1,"Ann. Sci. Nat., Bot.","III, 11: 98","","1849"
kew-2643889,A,Podostemaceae,,Apinagia,,"gardneriana",,"","Tul.",Accepted,,M,WCSP (in review),775976,688053-1,"Ann. Sci. Nat., Bot.","III, 11: 98","","1849"
kew-2643890,A,Podostemaceae,,Apinagia,,"glaziovii",,"","(Warm.) P.Royen",Accepted,,L,WCSP (in review),775977,16379-2,"Meded. Bot. Mus. Herb. Rijks Univ. Utrecht","107: 46","","1951"
kew-2643891,A,Podostemaceae,,Apinagia,,"goejei",,"","Went",Accepted,,M,WCSP (in review),775978,,"Verh. Kon. Akad. Wetensch., Afd. Natuurk., Sect. 2","16: 39","","1910"
kew-2643892,A,Podostemaceae,,Apinagia,,"guairaensis",,"","Fiebrig",Accepted,,M,WCSP (in review),775979,688056-1,"Rev. Jard. Bot. Mus. Hist. Nat. Paraguay","2: 89","","1923 publ. 1930"
kew-2643893,A,Podostemaceae,,Apinagia,,"guyanensis",,"","(Pulle) P.Royen",Accepted,,M,WCSP (in review),775980,16380-2,"Meded. Bot. Mus. Herb. Rijks Univ. Utrecht","107: 37","","1951"
kew-2643894,A,Podostemaceae,,Apinagia,,"hulkiana",,"","(Went) P.Royen",Accepted,,M,WCSP (in review),775981,16381-2,"Meded. Bot. Mus. Herb. Rijks Univ. Utrecht","107: 43","","1951"
kew-2643895,A,Podostemaceae,,Apinagia,,"imthurnii",,"","(K.I.Goebel) P.Royen",Accepted,,M,WCSP (in review),775982,16382-2,"Meded. Bot. Mus. Herb. Rijks Univ. Utrecht","107: 58","","1951"
kew-2643897,A,Podostemaceae,,Apinagia,,"itanensis",,"","Schnell",Accepted,,M,WCSP (in review),775984,688061-1,"Adansonia","n.s., 9: 264","","1969"
kew-2643898,A,Podostemaceae,,Apinagia,,"kochii",,"","(Engl.) P.Royen",Accepted,,M,WCSP (in review),775985,16384-2,"Meded. Bot. Mus. Herb. Rijks Univ. Utrecht","107: 38","","1951"
kew-2643899,A,Podostemaceae,,Apinagia,,"latifolia",,"","(K.I.Goebel) P.Royen",Accepted,,M,WCSP (in review),775986,16385-2,"Meded. Bot. Mus. Herb. Rijks Univ. Utrecht","107: 59","","1951"
kew-2643900,A,Podostemaceae,,Apinagia,,"leptophylla",,"","(Goebel) P.Royen",Accepted,,M,WCSP (in review),775987,16386-2,"Meded. Bot. Mus. Herb. Rijks Univ. Utrecht","107: 59","","1951"
kew-2643901,A,Podostemaceae,,Apinagia,,"longifolia",,"","(Tul.) P.Royen",Accepted,,M,WCSP (in review),775988,16387-2,"Meded. Bot. Mus. Herb. Rijks Univ. Utrecht","107: 36","","1951"
kew-2643902,A,Podostemaceae,,Apinagia,,"marowynensis",,"","(Went) P.Royen",Accepted,,M,WCSP (in review),775989,16388-2,"Meded. Bot. Mus. Herb. Rijks Univ. Utrecht","107: 48","","1951"
kew-2643903,A,Podostemaceae,,Apinagia,,"membranacea",,"","(Bong.) Tul.",Accepted,,M,WCSP (in review),775990,688067-1,"Ann. Sci. Nat., Bot.","III, 11: 99","","1849"
kew-2643905,A,Podostemaceae,,Apinagia,,"minor",,"","P.Royen",Accepted,,M,WCSP (in review),775992,688069-1,"Meded. Bot. Mus. Herb. Rijks Univ. Utrecht","107: 129","","1951"
kew-2643906,A,Podostemaceae,,Apinagia,,"multibranchiata",,"","(Matthiesen) P.Royen",Accepted,,M,WCSP (in review),775993,16391-2,"Meded. Bot. Mus. Herb. Rijks Univ. Utrecht","107: 39","","1951"
kew-2643908,A,Podostemaceae,,Apinagia,,"nana",,"","Went",Unresolved,,L,WCSP (in review),775995,16393-2,"Verh. Kon. Akad. Wetensch., Afd. Natuurk., Sect. 2","25(1): 31","","1926"
kew-2643910,A,Podostemaceae,,Apinagia,,"parvifolia",,"","P.Royen",Accepted,,M,WCSP (in review),775997,688075-1,"Meded. Bot. Mus. Herb. Rijks Univ. Utrecht","107: 130","","1951"
kew-2643911,A,Podostemaceae,,Apinagia,,"penicillata",,"","(P.Royen) P.Royen",Accepted,,M,WCSP (in review),775998,16397-2,"Meded. Bot. Mus. Herb. Rijks Univ. Utrecht","107: 66","","1951"
kew-2643913,A,Podostemaceae,,Apinagia,,"peruviana",,"","(Wedd.) Engl.",Accepted,,M,WCSP (in review),776000,16399-2,"Nat. Pflanzenfam. ed. 2","18a: 38","","1930"
kew-2643914,A,Podostemaceae,,Apinagia,,"petiolata",,"","Hollander",Accepted,,M,WCSP (in review),776001,16400-2,"Acta Bot. Neerl.","32: 223","","1983"
kew-2643915,A,Podostemaceae,,Apinagia,,"pilgeri",,"","Mildbr.",Accepted,,M,WCSP (in review),776002,16401-2,"Beitr. Kenntn. Podostem.","41","","1904"
kew-2643916,A,Podostemaceae,,Apinagia,,"platystigma",,"","P.Royen",Accepted,,M,WCSP (in review),776003,688079-1,"Meded. Bot. Mus. Herb. Rijks Univ. Utrecht","107: 129","","1951"
kew-2643917,A,Podostemaceae,,Apinagia,,"preissii",,"","Tul.",Unresolved,,L,WCSP (in review),776004,688080-1,"Arch. Mus. Hist. Nat.","6: 108","","1852"
kew-2643918,A,Podostemaceae,,Apinagia,,"psyllophora",,"","Tul. & Wedd.",Accepted,,M,WCSP (in review),776005,688081-1,"Ann. Sci. Nat., Bot.","III, 11: 97","","1849"
kew-2643919,A,Podostemaceae,,Apinagia,,"pusilla",,"","Tul.",Accepted,,M,WCSP (in review),776006,688082-1,"Ann. Sci. Nat., Bot.","III, 11: 99","","1849"
kew-2643920,A,Podostemaceae,,Apinagia,,"pygmaea",,"","(Bong.) Tul.",Accepted,,M,WCSP (in review),776007,688083-1,"Ann. Sci. Nat., Bot.","III, 11: 99","","1849"
kew-2643921,A,Podostemaceae,,Apinagia,,"rangiferina",,"","P.Royen",Accepted,,M,WCSP (in review),776008,688084-1,"Meded. Bot. Mus. Herb. Rijks Univ. Utrecht","107: 130","","1951"
kew-2643922,A,Podostemaceae,,Apinagia,,"richardiana",,"","(Tul.) P.Royen",Accepted,,M,WCSP (in review),776009,16404-2,"Meded. Bot. Mus. Herb. Rijks Univ. Utrecht","107: 44","","1951"
kew-2643923,A,Podostemaceae,,Apinagia,,"riedelii",,"","(Bong.) Tul.",Accepted,,M,WCSP (in review),776010,688086-1,"Ann. Sci. Nat., Bot.","III, 11: 98","","1849"
kew-2643924,A,Podostemaceae,,Apinagia,,"ruppioides",,"","(Kunth) Tul.",Accepted,,M,WCSP (in review),776011,688088-1,"Ann. Sci. Nat., Bot.","III, 11: 98","","1849"
kew-2643925,A,Podostemaceae,,Apinagia,,"secundiflora",,"","(Tul.) Pulle",Accepted,,M,WCSP (in review),776012,16405-2,"Enum. Vasc. Pl. Surinam","194","","1906"
kew-2643926,A,Podostemaceae,,Apinagia,,"spruceana",,"","(Wedd.) Engl.",Accepted,,M,WCSP (in review),776013,16406-2,"Nat. Pflanzenfam. ed. 2","18a: 39","","1930"
kew-2643927,A,Podostemaceae,,Apinagia,,"staheliana",,"","(Went) P.Royen",Accepted,,M,WCSP (in review),776014,16407-2,"Meded. Bot. Mus. Herb. Rijks Univ. Utrecht","107: 40","","1951"
kew-2643929,A,Podostemaceae,,Apinagia,,"surumuensis",,"","(Engl.) P.Royen",Accepted,,M,WCSP (in review),776016,16408-2,"Meded. Bot. Mus. Herb. Rijks Univ. Utrecht","107: 40","","1951"
kew-2643930,A,Podostemaceae,,Apinagia,,"tenuifolia",,"","P.Royen",Accepted,,L,WCSP (in review),776017,16409-2,"Meded. Bot. Mus. Herb. Rijks Univ. Utrecht","107: 42","","1951"
kew-2643931,A,Podostemaceae,,Apinagia,,"treslingiana",,"","(Went) P.Royen",Accepted,,M,WCSP (in review),776018,16410-2,"Meded. Bot. Mus. Herb. Rijks Univ. Utrecht","107: 41","","1951"
kew-2643933,A,Podostemaceae,,Apinagia,,"versteegiana",,"","(Went) P.Royen",Accepted,,M,WCSP (in review),776020,16413-2,"Meded. Bot. Mus. Herb. Rijks Univ. Utrecht","107: 49","","1951"
kew-2643935,A,Podostemaceae,,Apinagia,,"yguazuensis",,"","Chodat & Vischer",Accepted,,M,WCSP (in review),776022,688101-1,"Veg. Parag.","241","","1917"
tro-100376903,A,Podostemaceae,,Autana,,"andersonii",,"","C. Philbrick",Accepted,,M,TRO,100376903,77119502-1,"Novon","21(4): 476–479, f. 1–2","476","2011"
kew-2677138,A,Podostemaceae,,Blandowia,,"striata",,"","Willd.",Unresolved,,L,WCSP (in review),808871,688106-1,"Mag. Neuesten Entdeck. Gesammten Naturk. Ges. Naturf. Freunde Berlin","3: 100","","1809"
kew-2677139,A,Podostemaceae,,Blandowia,,"striata",,"","Lehm. ex Wedd.",Unresolved,Illegitimate,L,WCSP (in review),808872,688105-1,"Prodr.","17: 71","","1873"
kew-2687826,A,Podostemaceae,,Butumia,,"marginalis",,"","G.Taylor",Accepted,,L,WCSP (in review),819488,688107-1,"Bull. Brit. Mus. (Nat. Hist.) Bot.","1: 55","","1953"
kew-2704798,A,Podostemaceae,,Castelnavia,,"cuneifolia",,"","P.Royen",Accepted,,M,WCSP (in review),835648,49360-2,"Acta Bot. Neerl.","3: 249, 259","","1954"
kew-2704799,A,Podostemaceae,,Castelnavia,,"fimbriata",,"","Tul. & Wedd.",Accepted,,M,WCSP (in review),835649,688110-1,"Ann. Sci. Nat., Bot.","III, 11: 108","","1849"
kew-2704800,A,Podostemaceae,,Castelnavia,,"fluitans",,"","Tul. & Wedd.",Accepted,,M,WCSP (in review),835650,688111-1,"Ann. Sci. Nat., Bot.","III, 11: 109","","1849"
kew-2704801,A,Podostemaceae,,Castelnavia,,"fruticulosa",,"","Tul. & Wedd.",Unresolved,,L,WCSP (in review),835651,688112-1,"Ann. Sci. Nat., Bot.","III, 11: 110","","1849"
kew-2704802,A,Podostemaceae,,Castelnavia,,"lindmaniana",,"","Warm.",Accepted,,M,WCSP (in review),835652,688113-1,"Kongel. Danske Vidensk. Selsk. Skr., Naturvidensk. Math. Afd.","VI, 9: 140","","1898"
kew-2704803,A,Podostemaceae,,Castelnavia,,"monandra",,"","Tul. & Wedd.",Accepted,,M,WCSP (in review),835653,688114-1,"Ann. Sci. Nat., Bot.","III, 11: 109","","1849"
kew-2704804,A,Podostemaceae,,Castelnavia,,"multipartita",,"","Tul. & Wedd.",Accepted,,L,WCSP (in review),835654,688115-1,"Ann. Sci. Nat., Bot.","III, 11: 109","","1849"
kew-2606591,A,Podostemaceae,,Castelnavia,,"noveloi",,"","C.T.Philbrick & C.P.Bove",Accepted,,M,WCSP (in review),739641,,"Novon","18: 94","","2008"
kew-2704805,A,Podostemaceae,,Castelnavia,,"orthocarpa",,"","Tul. & Wedd.",Accepted,,M,WCSP (in review),835655,688116-1,"Ann. Sci. Nat., Bot.","III, 11: 110","","1849"
kew-2704806,A,Podostemaceae,,Castelnavia,,"princeps",,"","Tul. & Wedd.",Accepted,,M,WCSP (in review),835656,688117-1,"Ann. Sci. Nat., Bot.","III, 11: 108","","1849"
kew-2704807,A,Podostemaceae,,Castelnavia,,"pusillina",,"","Tul. & Wedd.",Accepted,,M,WCSP (in review),835657,688118-1,"Ann. Sci. Nat., Bot.","III, 11: 109","","1849"
kew-2704808,A,Podostemaceae,,Castelnavia,,"serpens",,"","Tul. & Wedd.",Accepted,,M,WCSP (in review),835658,688119-1,"Ann. Sci. Nat., Bot.","III, 11: 109","","1849"
kew-2711122,A,Podostemaceae,,Ceratolacis,,"erythrolichen",,"","(Tul. & Wedd.) Wedd.",Accepted,,M,WCSP (in review),841711,1099696-2,"Prodr.","17: 66","","1873"
kew-2711123,A,Podostemaceae,,Ceratolacis,,"pedunculatum",,"","C.T.Philbrick, Novelo & Irgang",Accepted,,M,WCSP (in review),841712,,"Novon","14: 108","","2004"
kew-2721771,A,Podostemaceae,,Cipoia,,"inserta",,"","C.T.Philbrick, Novelo & Irgang",Accepted,,M,WCSP (in review),852152,330393-2,"Syst. Bot.","29: 113","","2004"
kew-2603958,A,Podostemaceae,,Cipoia,,"ramosa",,"","C.P.Bove, C.T.Philbrick & Novelo",Accepted,,M,WCSP (in review),737192,,"Syst. Bot.","31: 822","","2006"
kew-2724532,A,Podostemaceae,,Cladopus,,"austrosinensis",,"","Mak.Kato & Y.Kita",Accepted,,M,WCSP (in review),854877,60428344-2,"Acta Phytotax. Geobot.","54: 92","","2003"
kew-2724534,A,Podostemaceae,,Cladopus,,"doianus",,"","(Koidz.) Kôriba",Accepted,,M,WCSP (in review),854879,,"J. Jap. Bot.","5: 85","","1928"
kew-2724535,A,Podostemaceae,,Cladopus,,"fallax",,"","C.Cusset",Accepted,,M,WCSP (in review),854880,688126-1,"in Fl. Camb., Laos & Vietn.","14: 72","","1973"
kew-2724536,A,Podostemaceae,,Cladopus,,"fukienensis",,"","(H.C.Chao) H.C.Chao",Accepted,,M,WCSP (in review),854881,967809-1,"in Fl. Fujianica","1: 480","","1982"
kew-2724537,A,Podostemaceae,,Cladopus,,"hookeriana",,"","(Tul.) C.Cusset",Accepted,,M,WCSP (in review),854882,688127-1,"in Fl. Camb., Laos & Vietn.","14: 71","","1973"
kew-2724539,A,Podostemaceae,,Cladopus,,"javanicus",,"","M.Kato & Hambali",Accepted,,M,WCSP (in review),854884,20005118-1,"Acta Phytotax. Geobot.","52: 98","","2001 publ. 2002"
kew-2724540,A,Podostemaceae,,Cladopus,,"nymanii",,"","H.Möller",Accepted,,M,WCSP (in review),854885,688129-1,"Ann. Jard. Bot. Buitenzorg","16: 115","","1899"
kew-2724542,A,Podostemaceae,,Cladopus,,"pierrei",,"","(Lecomte) C.Cusset",Accepted,,M,WCSP (in review),854887,688131-1,"in Fl. Camb., Laos & Vietn.","14: 73","","1973"
kew-2724543,A,Podostemaceae,,Cladopus,,"queenslandicus",,"","(Domin) C.D.K.Cook & Rutish.",Accepted,,M,WCSP (in review),854888,20003370-1,"Taxon","50: 1163","","2001"
kew-2724544,A,Podostemaceae,,Cladopus,,"taiensis",,"","C.Cusset",Accepted,,M,WCSP (in review),854889,961510-1,"Bull. Mus. Natl. Hist. Nat., B, Adansonia","14: 24","","1992"
kew-2724546,A,Podostemaceae,,Cladopus,,"willisiana",,"","(Warm.) C.Cusset",Unresolved,,L,WCSP (in review),854891,688134-1,"in Fl. Camb., Laos & Vietn.","14: 72","","1973"
kew-2742657,A,Podostemaceae,,Crenias,,"crulsiana",,"","(Warm.) C.D.K.Cook & Rutish.",Accepted,,M,WCSP (in review),872913,20003371-1,"Taxon","50: 1164","","2001"
kew-2742658,A,Podostemaceae,,Crenias,,"glazioviana",,"","(Warm.) C.D.K.Cook & Rutish.",Accepted,,M,WCSP (in review),872914,20003372-1,"Taxon","50: 1165","","2001"
kew-2742659,A,Podostemaceae,,Crenias,,"saldanhana",,"","(Warm.) C.D.K.Cook & Rutish.",Accepted,,M,WCSP (in review),872915,20003373-1,"Taxon","50: 1165","","2001"
kew-2742660,A,Podostemaceae,,Crenias,,"scaturiginum",,"","(Mart.) C.D.K.Cook & Rutish.",Accepted,,M,WCSP (in review),872916,20003374-1,"Taxon","50: 1165","","2001"
kew-2742662,A,Podostemaceae,,Crenias,,"weddelliana",,"","(Tul.) C.D.K.Cook & Rutish.",Accepted,,M,WCSP (in review),872918,20003375-1,"Taxon","50: 1165","","2001"
kew-2742663,A,Podostemaceae,,Crenias,,"weddelliana",var.,"gracilis","(Warm.) C.D.K.Cook & Rutish.",Accepted,,L,WCSP (in review),872919,20003376-1,"Taxon","50: 1165","","2001"
kew-2604095,A,Podostemaceae,,Cussetia,,"carinata",,"","(Lecomte) M.Kato",Accepted,,M,WCSP (in review),737311,77074752-1,"Acta Phytotax. Geobot.","57: 54","","2006"
kew-2604096,A,Podostemaceae,,Cussetia,,"diversifolia",,"","(Lecomte) M.Kato",Accepted,,M,WCSP (in review),737312,77074751-1,"Acta Phytotax. Geobot.","57: 16","","2006"
kew-2604134,A,Podostemaceae,,Dalzellia,,"angustissima",,"","M.Kato",Accepted,,M,WCSP (in review),737347,,"Acta Phytotax. Geobot.","57: 12","","2006"
kew-2756550,A,Podostemaceae,,Dalzellia,,"ceylanica",,"","(Gardner) Wight",Accepted,,M,WCSP (in review),886225,,"Icon. Pl. Ind. Orient.","5: 34","","1852"
kew-2756555,A,Podostemaceae,,Dalzellia,,"gracilis",,"","C.J.Mathew, Jáger-Zürn & Nileena",Accepted,,M,WCSP (in review),886230,1021445-1,"Int. J. Pl. Sci.","162: 900","","2001"
kew-2604135,A,Podostemaceae,,Dalzellia,,"kailarsenii",,"","M.Kato",Accepted,,M,WCSP (in review),737348,,"Acta Phytotax. Geobot.","57: 12","","2006"
kew-2604136,A,Podostemaceae,,Dalzellia,,"ranongensis",,"","M.Kato",Accepted,,M,WCSP (in review),737349,,"Acta Phytotax. Geobot.","57: 10","","2006"
kew-2756559,A,Podostemaceae,,Dalzellia,,"sessilis",,"","(C.S.Chao) C.Cusset & G.Cusset",Unresolved,,L,WCSP (in review),886234,945724-1,"Bull. Mus. Natl. Hist. Nat., B, Adansonia","10: 173","","1988"
kew-2604137,A,Podostemaceae,,Dalzellia,,"ubonensis",,"","M.Kato",Accepted,,M,WCSP (in review),737350,,"Acta Phytotax. Geobot.","57: 10","","2006"
tro-50098247,A,Podostemaceae,,Dalzellia,,"zeylandica",,"","(Gardner) Wight",Accepted,,M,TRO,50098247,,"Icon. Pl. Ind. Orient.","","",""
kew-2763410,A,Podostemaceae,,Devillea,,"flagelliformis",,"","Tul. & Wedd.",Accepted,,M,WCSP (in review),893012,688143-1,"Ann. Sci. Nat., Bot.","III, 11: 107","","1849"
kew-2763411,A,Podostemaceae,,Devillea,,"pyrenaea",,"","Bubani",Unresolved,,L,WCSP (in review),893013,841279-1,"Fl. Pyren.","2: 380","","1899"
kew-2763563,A,Podostemaceae,,Diamantina,,"lombardii",,"","Novelo, C.T.Philbrick & Irgang",Accepted,,M,WCSP (in review),893165,,"Syst. Bot.","29: 111","","2004"
kew-2766827,A,Podostemaceae,,Dicraeanthus,,"africanus",,"","Engl.",Accepted,,M,WCSP (in review),896426,688156-1,"Bot. Jahrb. Syst.","38: 96","","1905"
kew-2766828,A,Podostemaceae,,Dicraeanthus,,"parmelioides",,"","A.Chev.",Unresolved,Invalid,L,WCSP (in review),896427,688157-1,"Fl. Afrique Occ. Franç.","1: 294","","1938"
kew-2766830,A,Podostemaceae,,Dicraeanthus,,"ramosus",,"","H.Hess",Accepted,,M,WCSP (in review),896429,688159-1,"Ber. Geobot. Inst. E. T. H. Stiftung Rübel","32: 187","","1961"
kew-2766831,A,Podostemaceae,,Dicraeanthus,,"taylorii",,"","J.J.de Wilde & Guillaumet",Accepted,,M,WCSP (in review),896430,688160-1,"Adansonia","n.s., 4: 91","","1964"
kew-2766832,A,Podostemaceae,,Dicraeanthus,,"zehnderi",,"","H.Hess",Accepted,,M,WCSP (in review),896431,688161-1,"Ber. Geobot. Inst. E. T. H. Stiftung Rübel","32: 188","","1961"
kew-2766834,A,Podostemaceae,,Dicraeia,,"agharkari",,"","Nandi",Unresolved,,L,WCSP (in review),896433,688144-1,"J. Dept. Sci. Calcutta Univ.","n.s., 1: 41","","1937"
kew-2766835,A,Podostemaceae,,Dicraeia,,"algaeoides",,"","Bedd.",Unresolved,,L,WCSP (in review),896434,688163-1,"Madras J. Lit. Sci.","III, 1: 54","","1864"
kew-2766837,A,Podostemaceae,,Dicraeia,,"apicata",,"","Tul.",Unresolved,,L,WCSP (in review),896436,688164-1,"Arch. Mus. Hist. Nat.","6: 204","","1852"
kew-2766839,A,Podostemaceae,,Dicraeia,,"dichotoma",,"","Tul.",Unresolved,,L,WCSP (in review),896438,688165-1,"Ann. Sci. Nat., Bot.","III, 11: 101","","1849"
kew-2766840,A,Podostemaceae,,Dicraeia,,"elongata",,"","Tul.",Unresolved,,L,WCSP (in review),896439,688166-1,"Ann. Sci. Nat., Bot.","III, 11: 102","","1849"
kew-2766841,A,Podostemaceae,,Dicraeia,,"erythrolichen",,"","Tul. & Wedd.",Unresolved,,L,WCSP (in review),896440,331086-2,"Ann. Sci. Nat., Bot.","III, 11: 102","","1849"
kew-2766844,A,Podostemaceae,,Dicraeia,,"hamata",,"","Rolfe",Unresolved,,L,WCSP (in review),896443,,"Mem. Torrey Bot. Club","4: 264","","1893"
kew-2766847,A,Podostemaceae,,Dicraeia,,"kamerunensis",,"","Engl.",Unresolved,,L,WCSP (in review),896446,688149-1,"Bot. Jahrb. Syst.","43: 380","","1909"
kew-2766854,A,Podostemaceae,,Dicraeia,,"rigida",,"","Tul.",Unresolved,,L,WCSP (in review),896453,688174-1,"Ann. Sci. Nat., Bot.","III, 11: 101","","1849"
kew-2766857,A,Podostemaceae,,Dicraeia,,"selagnoides",,"","Wedd.",Unresolved,,L,WCSP (in review),896456,688175-1,"Prodr.","17: 68","","1873"
kew-2766861,A,Podostemaceae,,Dicraeia,,"wallichii",,"","(R.Br. ex Griff.) Tul.",Unresolved,,L,WCSP (in review),896460,688178-1,"Ann. Sci. Nat., Bot.","III, 11: 101","","1849"
kew-2766863,A,Podostemaceae,,Dicraeia,,"wightii",,"","Tul.",Unresolved,,L,WCSP (in review),896462,688179-1,"Ann. Sci. Nat., Bot.","III, 11: 101","","1849"
kew-2770964,A,Podostemaceae,,Diplobryum,,"koyamae",,"","M.Kato & Fukuoka",Accepted,,M,WCSP (in review),899087,20010871-1,"Acta Phytotax. Geobot.","53: 116","","2002"
kew-2770965,A,Podostemaceae,,Diplobryum,,"minutale",,"","C.Cusset",Accepted,,M,WCSP (in review),899088,688181-1,"Adansonia","n.s., 12: 279","","1972"
kew-2770966,A,Podostemaceae,,Diplobryum,,"ramosum",,"","C.Cusset",Accepted,,M,WCSP (in review),899089,961513-1,"Bull. Mus. Natl. Hist. Nat., B, Adansonia","14: 50","","1992"
kew-2770967,A,Podostemaceae,,Diplobryum,,"vientianense",,"","M.Kato & Fukuoka",Accepted,,M,WCSP (in review),899090,20010870-1,"Acta Phytotax. Geobot.","53: 115","","2002"
kew-2773602,A,Podostemaceae,,Djinga,,"felicis",,"","C.Cusset",Accepted,,M,WCSP (in review),901713,934108-1,"in Fl. Cameroun","30: 58","","1987"
ifn-61922,A,Podostemaceae,,Dufourea,,"amazonica",,"","Mart. ex Choisy",Unresolved,,L,IPNI,267816-1,267816-1,"Prodr. (DC.)","9: 437","","1845 [1 Jan 1845]"
ifn-61923,A,Podostemaceae,,Dufourea,,"aurea",,"","Splitg. ex de Vriese",Unresolved,,L,IPNI,267817-1,267817-1,"Ned. Kruidk. Arch.","i. (1848) 150","",""
tro-8500204,A,Podostemaceae,,Dufourea,,"serica",,"","Kunth",Unresolved,,L,TRO,8500204,85647-2,"","","",""
kew-2779028,A,Podostemaceae,,Dufourea,,"thouarsii",,"","A.Rich.",Unresolved,,L,WCSP (in review),907090,688185-1,"Dict. Class. Hist. Nat.","5: 636","","1824"
kew-2789051,A,Podostemaceae,,Endocaulos,,"mangorense",,"","(Perr.) C.Cusset",Accepted,,M,WCSP (in review),916879,688187-1,"Adansonia","n.s., 12: 560","","1972 publ. 1973"
kew-2807667,A,Podostemaceae,,Farmeria,,"metzgerioides",,"","(Trimen) Willis ex Hook.f.",Accepted,,M,WCSP (in review),935300,,"Handb. Fl. Ceylon","5: 386","","1900"
tro-50277460,A,Podostemaceae,,Farmeria,,"metzgerioides",,"","(Trimen) Willis",Unresolved,,L,TRO,50277460,,"Ann. Roy. Bot. Gard. (Peradeniya)","1: 247","247","1902"
kew-2839190,A,Podostemaceae,,Hanseniella,,"heterophylla",,"","C.Cusset",Unresolved,,L,WCSP (in review),966472,961511-1,"Bull. Mus. Natl. Hist. Nat., B, Adansonia","14: 36","","1992"
kew-2839191,A,Podostemaceae,,Hanseniella,,"smitinandii",,"","Mak.Kato",Unresolved,,L,WCSP (in review),966473,,"Acta Phytotax. Geobot.","55: 139","","2004"
tro-100362374,A,Podostemaceae,,Heterotristicha,,"schroederi",,"","Tobler",Accepted,,M,TRO,100362374,121528-2,"Revista Sudamer. Bot.","10: 104","104","1953"
kew-2855858,A,Podostemaceae,,Hydroanzia,,"floribunda",,"","(Koidz.) Koidz.",Unresolved,,L,WCSP (in review),982601,688199-1,"Acta Phytotax. Geobot.","4: 27","","1935"
tro-50098244,A,Podostemaceae,,Hydrobryopsis,,"sessilis",,"","(Willis) Engl.",Accepted,,M,TRO,50098244,688202-1,"Nat. Pflanzenfam. (ed. 2)","18a: 60","60","1930"
kew-2855864,A,Podostemaceae,,Hydrobryum,,"bifoliatum",,"","C.Cusset",Unresolved,,L,WCSP (in review),982607,961512-1,"Bull. Mus. Natl. Hist. Nat., B, Adansonia","14: 48","","1992"
kew-2855865,A,Podostemaceae,,Hydrobryum,,"chiangmaiense",,"","Mak.Kato",Unresolved,,L,WCSP (in review),982608,,"Acta Phytotax. Geobot.","55: 155","","2004"
kew-2855866,A,Podostemaceae,,Hydrobryum,,"floribundum",,"","Koidz.",Accepted,,M,WCSP (in review),982609,688203-1,"J. Jap. Bot.","6: 1","","1929"
kew-2855867,A,Podostemaceae,,Hydrobryum,,"griffithii",,"","(Wall. ex Griff.) Tul.",Accepted,,M,WCSP (in review),982610,688204-1,"Ann. Sci. Nat., Bot.","III, 11: 104","","1849"
kew-2855868,A,Podostemaceae,,Hydrobryum,,"griseum",,"","Tul.",Unresolved,,L,WCSP (in review),982611,688205-1,"Ann. Sci. Nat., Bot.","III, 11: 104","","1849"
kew-2855869,A,Podostemaceae,,Hydrobryum,,"japonicum",,"","Imamura",Accepted,,M,WCSP (in review),982612,688206-1,"Bot. Mag. (Tokyo)","42: 377","","1928"
kew-2855870,A,Podostemaceae,,Hydrobryum,,"johnsonii",,"","Willis",Unresolved,,L,WCSP (in review),982613,688207-1,"Ann. Roy. Bot. Gard. (Peradeniya)","1: 241","","1902"
kew-2855871,A,Podostemaceae,,Hydrobryum,,"kaengsophense",,"","Mak.Kato",Unresolved,,L,WCSP (in review),982614,,"Acta Phytotax. Geobot.","55: 145","","2004"
kew-2855872,A,Podostemaceae,,Hydrobryum,,"khaoyaiense",,"","Mak.Kato",Unresolved,,L,WCSP (in review),982615,,"Acta Phytotax. Geobot.","55: 159","","2004"
kew-2855873,A,Podostemaceae,,Hydrobryum,,"koribanum",,"","Imamura ex Nakay. & Minamit.",Accepted,,M,WCSP (in review),982616,,"J. Jap. Bot.","74: 314","","1999"
kew-2855874,A,Podostemaceae,,Hydrobryum,,"lichenoides",,"","Kurz",Unresolved,,L,WCSP (in review),982617,688208-1,"J. Asiat. Soc. Bengal, Pt. 2, Nat. Hist.","42(2): 103","","1873"
kew-2855875,A,Podostemaceae,,Hydrobryum,,"loeicum",,"","Mak.Kato",Unresolved,,L,WCSP (in review),982618,,"Acta Phytotax. Geobot.","55: 150","","2004"
kew-2855876,A,Podostemaceae,,Hydrobryum,,"micrantherum",,"","(P.Royen) C.D.K.Cook & Rutish.",Unresolved,,L,WCSP (in review),982619,20003377-1,"Taxon","50: 1165","","2001"
kew-2855879,A,Podostemaceae,,Hydrobryum,,"olivaceum",,"","Tul.",Unresolved,,L,WCSP (in review),982622,688210-1,"Ann. Sci. Nat., Bot.","III, 11: 104","","1849"
kew-2896378,A,Podostemaceae,,Hydrobryum,,"phetchabunense",,"","M.Kato & Koi",Unresolved,,L,WCSP (in review),1019207,77102819-1,"Gard. Bull. Singapore","61: 65","","2009"
kew-2855880,A,Podostemaceae,,Hydrobryum,,"puncticulatum",,"","(Koidz.) M.Kato",Accepted,,M,WCSP (in review),982623,,"Bull. Natl. Sci. Mus., Tokyo, B","34: 71","","2008"
kew-2855882,A,Podostemaceae,,Hydrobryum,,"somranii",,"","Mak.Kato",Unresolved,,L,WCSP (in review),982625,,"Acta Phytotax. Geobot.","55: 153","","2004"
kew-2855883,A,Podostemaceae,,Hydrobryum,,"tardhuangense",,"","Mak.Kato",Unresolved,,L,WCSP (in review),982626,,"Acta Phytotax. Geobot.","55: 148","","2004"
kew-2896411,A,Podostemaceae,,Indodalzellia,,"gracilis",,"","(C.J.Mathew, Jäger-Zürn & Nileena) Koi & M.Kato",Unresolved,,L,WCSP (in review),1019240,77098903-1,"Int. J. Pl. Sci.","170: 240","","2009"
tro-100362377,A,Podostemaceae,,Indotristicha,,"ramosissima",,"","(Wight) P. Royen",Accepted,,L,TRO,100362377,688234-1,"Acta Bot. Neerl.","8: 475","475","1959"
kew-2864982,A,Podostemaceae,,Indotristicha,,"tirunelveliana",,"","B.D.Sharma, Karthik. & B.V.Shetty",Unresolved,,L,WCSP (in review),991697,688235-1,"Bull. Bot. Surv. India","16: 158","","1974 publ. 1977"
kew-2865947,A,Podostemaceae,,Inversodicraea,,"abbayesii",,"","G.Taylor",Unresolved,,L,WCSP (in review),992661,688236-1,"Bull. Brit. Mus. (Nat. Hist.) Bot.","1: 67","","1953"
kew-2865948,A,Podostemaceae,,Inversodicraea,,"adamesii",,"","G.Taylor",Unresolved,,L,WCSP (in review),992662,688237-1,"Bull. Brit. Mus. (Nat. Hist.) Bot.","1: 69","","1953"
kew-2865950,A,Podostemaceae,,Inversodicraea,,"batangensis",,"","Engl.",Unresolved,,L,WCSP (in review),992664,688239-1,"Veg. Erde","9(III 1): 271","","1915"
kew-2865953,A,Podostemaceae,,Inversodicraea,,"bowlingii",,"","J.B.Hall",Unresolved,,L,WCSP (in review),992667,688242-1,"Kew Bull.","26: 126","","1971"
kew-2865954,A,Podostemaceae,,Inversodicraea,,"congolana",,"","Hauman",Accepted,,M,WCSP (in review),992668,688243-1,"Bull. Jard. Bot. État","17: 179","","1944"
tro-50006010,A,Podostemaceae,,Inversodicraea,,"garrettii",,"","(C.H. Wright) G. Taylor",Accepted,,M,TRO,50006010,688247-1,"Bull. Brit. Mus. (Nat. Hist.), Geol.","1: 67","67","1953"
kew-2865961,A,Podostemaceae,,Inversodicraea,,"kamerunensis",,"","Engl.",Unresolved,,L,WCSP (in review),992675,,"Veg. Erde","9(III 1): 274","","1915"
kew-2865962,A,Podostemaceae,,Inversodicraea,,"keayi",,"","G.Taylor",Unresolved,,L,WCSP (in review),992676,688251-1,"Bull. Brit. Mus. (Nat. Hist.) Bot.","1: 78","","1953"
kew-2865965,A,Podostemaceae,,Inversodicraea,,"le-testui",,"","Pellegr.",Unresolved,,L,WCSP (in review),992679,688253-1,"Bull. Mus. Natl. Hist. Nat.","33: 525","","1927"
kew-2865966,A,Podostemaceae,,Inversodicraea,,"macrothyrsa",,"","G.Taylor",Unresolved,,L,WCSP (in review),992680,688255-1,"Bull. Brit. Mus. (Nat. Hist.) Bot.","1: 67","","1953"
kew-2865968,A,Podostemaceae,,Inversodicraea,,"minima",,"","Engl.",Unresolved,,L,WCSP (in review),992682,,"Veg. Erde","9(III 1): 271","","1915"
kew-2889419,A,Podostemaceae,,Inversodicraea,,"minutiflora",f.,"inumbrata","(H.Perrier) H.Perrier",Unresolved,,L,WCSP (in review),1012917,,"in Fl. Madag.","88: 15","","1952"
kew-2889421,A,Podostemaceae,,Inversodicraea,,"minutiflora",subsp.,"orientalis","(H.Perrier) H.Perrier",Unresolved,,L,WCSP (in review),1012919,,"in Fl. Madag.","88: 15","","1952"
kew-2865971,A,Podostemaceae,,Inversodicraea,,"musciformis",,"","G.Taylor",Unresolved,,L,WCSP (in review),992685,688260-1,"Bull. Brit. Mus. (Nat. Hist.) Bot.","1: 75","","1953"
kew-2865973,A,Podostemaceae,,Inversodicraea,,"pusilla",,"","Engl.",Unresolved,,L,WCSP (in review),992687,688262-1,"Bot. Jahrb. Syst.","60: 461","","1926"
kew-2865974,A,Podostemaceae,,Inversodicraea,,"pygmaea",,"","G.Taylor",Unresolved,,L,WCSP (in review),992688,688263-1,"Bull. Brit. Mus. (Nat. Hist.) Bot.","1: 72","","1953"
kew-2865976,A,Podostemaceae,,Inversodicraea,,"schlechteri",,"","Engl.",Unresolved,,L,WCSP (in review),992690,688265-1,"Veg. Erde","9(III 1): 273","","1915"
tro-25700060,A,Podostemaceae,,Inversodicraea,,"tenax",,"","C. Cusset",Accepted,,M,TRO,25700060,,"","","",""
kew-2865978,A,Podostemaceae,,Inversodicraea,,"tenuifolia",,"","G.Taylor",Unresolved,,L,WCSP (in review),992692,688267-1,"Bull. Brit. Mus. (Nat. Hist.) Bot.","1: 72","","1953"
kew-2865979,A,Podostemaceae,,Inversodicraea,,"tenuissima",,"","Hauman",Unresolved,,L,WCSP (in review),992693,688268-1,"Bull. Jard. Bot. État","17: 180","","1944"
kew-2865980,A,Podostemaceae,,Inversodicraea,,"thalloidea",,"","Engl.",Unresolved,,L,WCSP (in review),992694,688269-1,"Veg. Erde","9(III 1): 271","","1915"
kew-2865981,A,Podostemaceae,,Inversodicraea,,"variabilis",,"","G.Taylor",Unresolved,,L,WCSP (in review),992695,688270-1,"Bull. Brit. Mus. (Nat. Hist.) Bot.","1: 75","","1953"
tro-25700062,A,Podostemaceae,,Inversodicraea,,"warmingiana",,"","Engl.",Accepted,,M,TRO,25700062,,"","","",""
kew-2865983,A,Podostemaceae,,Inversodicraea,,"zenkeri",,"","Engl.",Unresolved,,L,WCSP (in review),992697,,"Veg. Erde","9(III 1): 273","","1915"
kew-2332483,A,Podostemaceae,,Jenmaniella,,"ceratophylla",,"","Engl.",Accepted,,M,WCSP (in review),472632,131649-2,"Bot. Jahrb. Syst.","61(138): 7","","1927"
tro-50195742,A,Podostemaceae,,Jenmaniella,,"fimbriata",,"","P. Royen",Accepted,,M,TRO,50195742,131652-2,"Meded. Bot. Mus. Herb. Rijks Univ. Utrecht","107: 122–123, 137, pl. 16, f. 16–19","122","1951"
tro-50195741,A,Podostemaceae,,Jenmaniella,,"guianensis",,"","Engl.",Accepted,,M,TRO,50195741,,"","","","1927"
tro-50195744,A,Podostemaceae,,Jenmaniella,,"isoetifolia",,"","P. Royen",Accepted,,M,TRO,50195744,131654-2,"Meded. Bot. Mus. Herb. Rijks Univ. Utrecht","107: 124, 137, pl. 14, f. 8–16","124","1951"
tro-50195740,A,Podostemaceae,,Jenmaniella,,"jenmanii",,"","(Engl.) P. Royen",Accepted,,M,TRO,50195740,131655-2,"Meded. Bot. Mus. Herb. Rijks Univ. Utrecht","107: 121","121","1951"
tro-50195738,A,Podostemaceae,,Jenmaniella,,"tridactylitifolia",,"","Engl.",Accepted,,M,TRO,50195738,,"","","","1927"
tro-50195743,A,Podostemaceae,,Jenmaniella,,"varians",,"","Engl.",Accepted,,M,TRO,50195743,,"","","","1927"
kew-2494858,A,Podostemaceae,,Lacis,,"bongardii",,"","Tul.",Unresolved,,L,WCSP (in review),631416,,"Arch. Mus. Hist. Nat.","6: 69","","1852"
kew-2494809,A,Podostemaceae,,Lacis,,"dicraea",,"","Steud.",Unresolved,,L,WCSP (in review),631373,,"Nomencl. Bot.","ed. 2, 2: 2","","1840"
kew-2494796,A,Podostemaceae,,Lacis,,"wallichii",,"","Steud.",Unresolved,,L,WCSP (in review),631360,,"Nomencl. Bot.","ed. 2, 2: 2","","1840"
kew-2494820,A,Podostemaceae,,Lawia,,"dalzellia",,"","Kuntze",Unresolved,,L,WCSP (in review),631384,688300-1,"Revis. Gen. Pl.","2: 562","","1891"
kew-2494826,A,Podostemaceae,,Lawia,,"foliosa",,"","Kuntze",Unresolved,,L,WCSP (in review),631390,688302-1,"Revis. Gen. Pl.","2: 562","","1891"
kew-2494824,A,Podostemaceae,,Lawia,,"pedunculosus",,"","Kuntze",Unresolved,,L,WCSP (in review),631388,688304-1,"Revis. Gen. Pl.","2: 562","","1891"
kew-2494822,A,Podostemaceae,,Lawia,,"ramosissima",,"","Kuntze",Unresolved,,L,WCSP (in review),631386,688306-1,"Revis. Gen. Pl.","2: 562","","1891"
kew-2494815,A,Podostemaceae,,Lawiella,,"japonica",,"","Koidz.",Unresolved,,L,WCSP (in review),631379,688311-1,"J. Jap. Bot.","5: 1","","1928"
kew-2493728,A,Podostemaceae,,Lecomtea,,"congoensis",,"","Pierre",Unresolved,,L,WCSP (in review),630420,607981-1,"Bull. Soc. Bot. France","43: 570","","1896"
kew-2495191,A,Podostemaceae,,Ledermanniella,,"abbayesii",,"","(G.Taylor) C.Cusset",Unresolved,,L,WCSP (in review),631744,688314-1,"Adansonia","n.s., 14: 273","","1974"
kew-2495190,A,Podostemaceae,,Ledermanniella,,"adamesii",,"","(G.Taylor) C.Cusset",Unresolved,,L,WCSP (in review),631743,688315-1,"Adansonia","n.s., 14: 273","","1974"
kew-2495189,A,Podostemaceae,,Ledermanniella,,"aloides",,"","(Engl.) C.Cusset",Accepted,,M,WCSP (in review),631742,688316-1,"Adansonia","n.s., 14: 273","","1974"
kew-2495188,A,Podostemaceae,,Ledermanniella,,"annithomae",,"","C.Cusset",Unresolved,,L,WCSP (in review),631741,,"Bull. Mus. Natl. Hist. Nat., B, Adansonia","5: 377","","1983 publ. 1984"
kew-2495187,A,Podostemaceae,,Ledermanniella,,"batangensis",,"","(Engl.) C.Cusset",Unresolved,,L,WCSP (in review),631740,688317-1,"Adansonia","n.s., 14: 273","","1974"
kew-2495186,A,Podostemaceae,,Ledermanniella,,"bifurcata",,"","(Engl.) C.Cusset",Accepted,,M,WCSP (in review),631739,688318-1,"Adansonia","n.s., 14: 273","","1974"
kew-2495185,A,Podostemaceae,,Ledermanniella,,"boloensis",,"","C.Cusset",Unresolved,,L,WCSP (in review),631738,,"Bull. Mus. Natl. Hist. Nat., B, Adansonia","6: 272","","1984"
tro-50006770,A,Podostemaceae,,Ledermanniella,,"bosii",,"","C. Cusset",Accepted,,M,TRO,50006770,,"Bull. Mus. Natl. Hist. Nat., B, Adansonia","1983(4): 385 (1983 publ. 1984).","385","1983"
kew-2495183,A,Podostemaceae,,Ledermanniella,,"boumiensis",,"","C.Cusset",Unresolved,,L,WCSP (in review),631736,,"Bull. Mus. Natl. Hist. Nat., B, Adansonia","5: 370","","1983 publ. 1984"
kew-2495192,A,Podostemaceae,,Ledermanniella,,"bowlingii",,"","(J.B.Hall) C.Cusset",Unresolved,,L,WCSP (in review),631745,688319-1,"Adansonia","n.s., 14: 273","","1974"
kew-2495181,A,Podostemaceae,,Ledermanniella,,"congolana",,"","(Hauman) C.Cusset",Unresolved,,L,WCSP (in review),631734,688320-1,"Adansonia","n.s., 14: 273","","1974"
kew-2495180,A,Podostemaceae,,Ledermanniella,,"cristata",,"","(Engl.) C.Cusset",Accepted,,M,WCSP (in review),631733,688321-1,"Adansonia","n.s., 14: 273","","1974"
kew-2495179,A,Podostemaceae,,Ledermanniella,,"digitata",,"","(H.E.Hess) C.Cusset",Accepted,,M,WCSP (in review),631732,688322-1,"Adansonia","n.s., 14: 273","","1974"
kew-2495178,A,Podostemaceae,,Ledermanniella,,"fluitans",,"","(H.E.Hess) C.Cusset",Accepted,,M,WCSP (in review),631731,688323-1,"Adansonia","n.s., 14: 273","","1974"
kew-2495177,A,Podostemaceae,,Ledermanniella,,"gabonensis",,"","C.Cusset",Unresolved,,L,WCSP (in review),631730,,"Bull. Mus. Natl. Hist. Nat., B, Adansonia","5: 368","","1983 publ. 1984"
kew-2495176,A,Podostemaceae,,Ledermanniella,,"guineensis",,"","C.Cusset",Unresolved,,L,WCSP (in review),631729,,"Bull. Mus. Natl. Hist. Nat., B, Adansonia","6: 266","","1984"
kew-2495201,A,Podostemaceae,,Ledermanniella,,"harrisii",,"","C.Cusset",Unresolved,,L,WCSP (in review),631754,,"Bull. Mus. Natl. Hist. Nat., B, Adansonia","5: 374","","1983 publ. 1984"
kew-2495182,A,Podostemaceae,,Ledermanniella,,"jaegeri",,"","C.Cusset",Unresolved,,L,WCSP (in review),631735,,"Bull. Mus. Natl. Hist. Nat., B, Adansonia","6: 262","","1984"
kew-2495184,A,Podostemaceae,,Ledermanniella,,"kamerunensis",,"","(Engl.) C.Cusset",Unresolved,,L,WCSP (in review),631737,688324-1,"Adansonia","n.s., 14: 274","","1974"
kew-2495210,A,Podostemaceae,,Ledermanniella,,"keayi",,"","(G.Taylor) C.Cusset",Unresolved,,L,WCSP (in review),631763,688325-1,"Adansonia","n.s., 14: 274","","1974"
kew-2495209,A,Podostemaceae,,Ledermanniella,,"ledermannii",,"","(Engl.) C.Cusset",Accepted,,M,WCSP (in review),631762,688326-1,"Adansonia","n.s., 14: 274","","1974"
kew-2495208,A,Podostemaceae,,Ledermanniella,,"letestui",,"","(Pellegr.) C.Cusset",Unresolved,,L,WCSP (in review),631761,688327-1,"Adansonia","n.s., 14: 274","","1974"
kew-2495207,A,Podostemaceae,,Ledermanniella,,"letouzeyi",,"","C.Cusset",Unresolved,,L,WCSP (in review),631760,,"Bull. Mus. Natl. Hist. Nat., B, Adansonia","6: 260","","1984"
kew-2495206,A,Podostemaceae,,Ledermanniella,,"linearifolia",,"","Engl.",Unresolved,,L,WCSP (in review),631759,688328-1,"Bot. Jahrb. Syst.","43: 378","","1909"
kew-2495205,A,Podostemaceae,,Ledermanniella,,"maturiniana",,"","Beentje",Unresolved,,L,WCSP (in review),631758,,"in Fl. Trop. E. Afr.","Podostemac.: 6","","2005"
kew-2495146,A,Podostemaceae,,Ledermanniella,,"minutissima",,"","C.Cusset",Unresolved,,L,WCSP (in review),631699,,"Bull. Mus. Natl. Hist. Nat., B, Adansonia","6: 252","","1984"
kew-2495171,A,Podostemaceae,,Ledermanniella,,"monandra",,"","C.Cusset",Unresolved,,L,WCSP (in review),631724,688329-1,"Adansonia","n.s., 14: 274","","1974"
kew-2495170,A,Podostemaceae,,Ledermanniella,,"mortonii",,"","C.Cusset",Unresolved,,L,WCSP (in review),631723,,"Bull. Mus. Natl. Hist. Nat., B, Adansonia","5: 368","","1983 publ. 1984"
kew-2495169,A,Podostemaceae,,Ledermanniella,,"musciformis",,"","(G.Taylor) C.Cusset",Unresolved,,L,WCSP (in review),631722,688330-1,"Adansonia","n.s., 14: 274","","1974"
kew-2495168,A,Podostemaceae,,Ledermanniella,,"nicolasii",,"","C.Cusset",Unresolved,,L,WCSP (in review),631721,,"Bull. Mus. Natl. Hist. Nat., B, Adansonia","6: 274","","1984"
kew-2896482,A,Podostemaceae,,Ledermanniella,,"ntemensis",,"","Y.Kita, Koi, Rutish. & M.Kato",Unresolved,,L,WCSP (in review),1019310,,"Acta Phytotax. Geobot.","59: 224","","2008"
kew-2499975,A,Podostemaceae,,Ledermanniella,,"onanae",,"","Cheek",Unresolved,,L,WCSP (in review),636479,50425784-2,"Kew Bull.","58: 733","","2003"
kew-2495167,A,Podostemaceae,,Ledermanniella,,"paulsitae",,"","C.Cusset",Unresolved,,L,WCSP (in review),631720,,"Bull. Mus. Natl. Hist. Nat., B, Adansonia","5: 378","","1983 publ. 1984"
kew-2495166,A,Podostemaceae,,Ledermanniella,,"pellucida",,"","(Engl.) C.Cusset",Unresolved,,L,WCSP (in review),631719,,"Adansonia","n.s., 14: 274","","1974"
kew-2896483,A,Podostemaceae,,Ledermanniella,,"pollardiana",,"","Cheek & Ameka",Unresolved,,L,WCSP (in review),1019311,,"Nordic J. Bot.","26: 214","","2008"
kew-2499976,A,Podostemaceae,,Ledermanniella,,"prasina",,"","J.J.Schenk & D.W.Thomas",Unresolved,,L,WCSP (in review),636480,60434067-2,"Novon","14: 227","","2004"
kew-2495155,A,Podostemaceae,,Ledermanniella,,"pusilla",,"","(Warm.) C.Cusset",Unresolved,,L,WCSP (in review),631708,688332-1,"Adansonia","n.s., 14: 274","","1974"
kew-2495164,A,Podostemaceae,,Ledermanniella,,"pygmaea",,"","(Pellegr.) C.Cusset",Unresolved,,L,WCSP (in review),631717,,"Bull. Mus. Natl. Hist. Nat., B, Adansonia","6: 266","","1984"
kew-2495162,A,Podostemaceae,,Ledermanniella,,"ramosissima",,"","Hauman ex C.Cusset",Unresolved,,L,WCSP (in review),631715,,"Bull. Mus. Natl. Hist. Nat., B, Adansonia","6: 258","","1984"
kew-2495161,A,Podostemaceae,,Ledermanniella,,"raynaliorum",,"","C.Cusset",Unresolved,,L,WCSP (in review),631714,,"Bull. Mus. Natl. Hist. Nat., B, Adansonia","6: 264","","1984"
kew-2495160,A,Podostemaceae,,Ledermanniella,,"sanagaensis",,"","C.Cusset",Unresolved,,L,WCSP (in review),631713,,"Bull. Mus. Natl. Hist. Nat., B, Adansonia","6: 256","","1984"
kew-2495159,A,Podostemaceae,,Ledermanniella,,"schlechteri",,"","(Engl.) C.Cusset",Accepted,,M,WCSP (in review),631712,688334-1,"Adansonia","n.s., 14: 275","","1974"
kew-2495158,A,Podostemaceae,,Ledermanniella,,"taylorii",,"","C.Cusset",Unresolved,,L,WCSP (in review),631711,,"Bull. Mus. Natl. Hist. Nat., B, Adansonia","5: 376","","1983 publ. 1984"
kew-2495157,A,Podostemaceae,,Ledermanniella,,"tenax",,"","(C.H.Wright) C.Cusset",Accepted,,M,WCSP (in review),631710,688335-1,"Adansonia","n.s., 14: 275","","1974"
kew-2495219,A,Podostemaceae,,Ledermanniella,,"tenuifolia",,"","(G.Taylor) C.Cusset",Unresolved,,L,WCSP (in review),631772,688336-1,"Adansonia","n.s., 14: 275","","1974"
kew-2495144,A,Podostemaceae,,Ledermanniella,,"tenuissima",,"","(Hauman) C.Cusset",Unresolved,,L,WCSP (in review),631697,688337-1,"Adansonia","n.s., 14: 275","","1974"
kew-2495194,A,Podostemaceae,,Ledermanniella,,"thalloidea",,"","(Engl.) C.Cusset",Unresolved,,L,WCSP (in review),631747,688338-1,"Adansonia","n.s., 14: 275","","1974"
tro-50277490,A,Podostemaceae,,Ledermanniella,,"thollonii",,"","(Baill.) C. Cusset",Accepted,,M,TRO,50277490,,"Bull. Mus. Natl. Hist. Nat., B, Adansonia","5: 388","388","1983"
kew-2495265,A,Podostemaceae,,Ledermanniella,,"torrei",,"","C.Cusset",Unresolved,,L,WCSP (in review),631818,,"Bull. Mus. Natl. Hist. Nat., B, Adansonia","5: 386","","1983 publ. 1984"
kew-2495264,A,Podostemaceae,,Ledermanniella,,"variabilis",,"","(G.Taylor) C.Cusset",Unresolved,,L,WCSP (in review),631817,688339-1,"Adansonia","n.s., 14: 275","","1974"
kew-2495263,A,Podostemaceae,,Ledermanniella,,"warmingiana",,"","(Gilg) C.Cusset",Accepted,,M,WCSP (in review),631816,,"Adansonia","n.s., 14: 275","","1974"
kew-2495261,A,Podostemaceae,,Leiocarpodicraea,,"buesgenii",,"","Engl.",Unresolved,,L,WCSP (in review),631814,688341-1,"Bot. Jahrb. Syst.","60: 464","","1926"
kew-2495260,A,Podostemaceae,,Leiocarpodicraea,,"edeensis",,"","Engl.",Unresolved,,L,WCSP (in review),631813,688342-1,"Bot. Jahrb. Syst.","60: 465","","1926"
kew-2495258,A,Podostemaceae,,Leiocarpodicraea,,"sphaerocarpa",,"","Engl.",Unresolved,,L,WCSP (in review),631811,688344-1,"Veg. Erde","9(III 1): 464","","1915"
kew-2495267,A,Podostemaceae,,Leiocarpodicraea,,"violascens",,"","Engl.",Unresolved,,L,WCSP (in review),631820,688345-1,"Bot. Jahrb. Syst.","38: 98","","1905"
kew-2495256,A,Podostemaceae,,Leiocarpodicraea,,"warmingii",,"","Engl.",Unresolved,,L,WCSP (in review),631809,688346-1,"Bot. Jahrb. Syst.","38: 98","","1905"
kew-2495253,A,Podostemaceae,,Leiothylax,,"callewaertii",,"","G.Taylor ex C.Cusset",Unresolved,,L,WCSP (in review),631806,688348-1,"Adansonia","n.s., 20: 206","","1980"
kew-2495252,A,Podostemaceae,,Leiothylax,,"drummondii",,"","C.Cusset",Unresolved,,L,WCSP (in review),631805,688349-1,"Adansonia","n.s., 20: 204","","1980"
kew-2495276,A,Podostemaceae,,Leiothylax,,"penicilloides",,"","A.Chev.",Unresolved,,L,WCSP (in review),631829,688351-1,"Fl. Afrique Occ. Franç.","1: 296","","1938"
kew-2495257,A,Podostemaceae,,Leiothylax,,"quangensis",,"","(Engl.) Warm.",Accepted,,M,WCSP (in review),631810,688352-1,"Kongel. Danske Vidensk. Selsk. Skr., Naturvidensk. Math. Afd.","VI, 9: 147","","1899"
kew-2495259,A,Podostemaceae,,Leiothylax,,"sessilis",,"","A.Chev.",Unresolved,,L,WCSP (in review),631812,688353-1,"Fl. Afrique Occ. Franç.","1: 296","","1938"
kew-2495284,A,Podostemaceae,,Leiothylax,,"violascens",,"","C.H.Wright",Unresolved,,L,WCSP (in review),631837,688355-1,"Fl. Trop. Afr.","6(1): 125","","1909"
tro-25700064,A,Podostemaceae,,Leiothylax,,"warmingii",,"","Warm.",Accepted,,M,TRO,25700064,688356-1,"Kongel. Danske Vidensk. Selsk. Skr., Naturvidensk. Math. Afd., ser. 6,","9: 150","150","1899"
kew-2495280,A,Podostemaceae,,Lemnopsis,,"minioides",,"","Zipp.",Unresolved,,L,WCSP (in review),631833,688358-1,"Flora","12(1): 285","","1829"
kew-2495286,A,Podostemaceae,,Letestuella,,"tisserantii",,"","G.Taylor",Accepted,,M,WCSP (in review),631839,688361-1,"Bull. Brit. Mus. (Nat. Hist.) Bot.","1: 57","","1953"
kew-2495272,A,Podostemaceae,,Ligea,,"dissecta",,"","Benth. & Hook.f.",Unresolved,,L,WCSP (in review),631825,688364-1,"Gen. Pl.","3: 111","","1880"
tro-50195747,A,Podostemaceae,,Lonchostephus,,"elegans",,"","Tul.",Accepted,,M,TRO,50195747,688371-1,"Arch. Mus. Hist. Nat.","6: 199","199","1852"
kew-2904536,A,Podostemaceae,,Lophogyne,,"lacunosa",,"","(Gardner) C.P.Bove & C.T.Philbrick",Unresolved,,L,WCSP (in review),1026992,77115352-1,"Brittonia","63: 158","","2011"
tro-50161332,A,Podostemaceae,,Macarenia,,"clavigera",,"","P. Royen",Accepted,,M,TRO,50161332,148287-2,"Meded. Bot. Mus. Herb. Rijks Univ. Utrecht","107: 126–127, 138, pl. 1, 15, f. 1–14","126","1951"
kew-2502404,A,Podostemaceae,,Macropodiella,,"garrettii",,"","(C.H.Wright) C.Cusset",Unresolved,,L,WCSP (in review),638884,,"Adansonia","n.s., 17: 302","","1978"
kew-2502403,A,Podostemaceae,,Macropodiella,,"hallaei",,"","C.Cusset",Unresolved,,L,WCSP (in review),638883,688377-1,"Adansonia","n.s., 17: 300","","1978"
kew-2502413,A,Podostemaceae,,Macropodiella,,"macrothyrsa",,"","(G.Taylor) C.Cusset",Unresolved,,L,WCSP (in review),638893,688379-1,"Adansonia","n.s., 17: 296","","1978"
kew-2502380,A,Podostemaceae,,Macropodiella,,"mildbraedii",,"","Engl.",Unresolved,,L,WCSP (in review),638860,688380-1,"Bot. Jahrb. Syst.","60: 466","","1926"
tro-25700125,A,Podostemaceae,,Macropodiella,,"pellucida",,"","(Engl.) C. Cusset",Accepted,,M,TRO,25700125,944939-1,"Fl. Cameroun","30: 64","64","1987"
kew-2502352,A,Podostemaceae,,Macropodiella,,"uoroensis",,"","Rial",Unresolved,,L,WCSP (in review),638832,20010554-1,"Adansonia","III, 24: 296","","2002"
tro-50095730,A,Podostemaceae,,Maferria,,"indica",,"","(Willis) C. Cusset",Accepted,,L,TRO,50095730,964751-1,"Bull. Mus. Natl. Hist. Nat., B, Adansonia","14(1): 34","34","1992"
tro-100354418,A,Podostemaceae,,Malaccotristicha,,"australis",,"","(C. Cusset & G. Cusset) M. Kato, Y. Kita & Koi",Accepted,,M,TRO,100354418,20012617-1,"Austral. Syst. Bot.","16(2): 179","179","2003"
kew-2502334,A,Podostemaceae,,Marathrum,,"aeruginosum",,"","P.Royen",Accepted,,M,WCSP (in review),638814,688382-1,"Meded. Bot. Mus. Herb. Rijks Univ. Utrecht","107: 132","","1951"
tro-25700032,A,Podostemaceae,,Marathrum,,"allenii",,"","Woodson",Accepted,,M,TRO,25700032,152908-2,"Ann. Missouri Bot. Gard.","25(4): 827","827","1938"
kew-2511467,A,Podostemaceae,,Marathrum,,"azarensis",,"","Tur",Accepted,,M,WCSP (in review),647792,,"Hickenia","3: 153","","2003"
kew-2502355,A,Podostemaceae,,Marathrum,,"capillaceum",,"","(Pulle) P.Royen",Accepted,,M,WCSP (in review),638835,152909-2,"Meded. Bot. Mus. Herb. Rijks Univ. Utrecht","107: 86","","1951"
tro-25700033,A,Podostemaceae,,Marathrum,,"cheiriferum",,"","P. Royen",Accepted,,M,TRO,25700033,152910-2,"Ann. Missouri Bot. Gard.","37(2): 134–135, f. 60","134","1950"
tro-50155556,A,Podostemaceae,,Marathrum,,"cubanum",,"","C. Wright",Accepted,,M,TRO,50155556,321287-2,"Anales Acad. Ci. Med. Habana","7: 561","561","1871"
kew-2502339,A,Podostemaceae,,Marathrum,,"elegans",,"","Royen",Unresolved,,L,WCSP (in review),638819,688388-1,"Meded. Bot. Mus. Herb. Rijks Univ. Utrecht","107: 131","","1951"
kew-2502337,A,Podostemaceae,,Marathrum,,"foeniculaceum",,"","Humb. & Bonpl.",Accepted,,M,WCSP (in review),638817,688390-1,"Pl. Aequinoct.","1: 40","","1806"
tro-25700036,A,Podostemaceae,,Marathrum,,"haenkeanum",,"","Engl.",Accepted,,M,TRO,25700036,152912-2,"Bot. Jahrb. Syst.","61(Beibl. 138): 4","4","1927"
tro-25700037,A,Podostemaceae,,Marathrum,,"indifferens",,"","P. Royen",Accepted,,M,TRO,25700037,152913-2,"Ann. Missouri Bot. Gard.","37(2): 132–133, f. 59","132","1950"
kew-2502345,A,Podostemaceae,,Marathrum,,"kerberi",,"","Engl.",Unresolved,,L,WCSP (in review),638825,152915-2,"Bot. Jahrb. Syst.","61(138): 5","","1927"
kew-2502376,A,Podostemaceae,,Marathrum,,"lacunosum",,"","Gardner",Unresolved,,L,WCSP (in review),638856,688396-1,"Calcutta J. Nat. Hist.","7: 169","","1847"
tro-25700038,A,Podostemaceae,,Marathrum,,"leptophyllum",,"","P. Royen",Accepted,,M,TRO,25700038,152916-2,"Ann. Missouri Bot. Gard.","37(2): 131–132, f. 58","131","1950"
kew-2502373,A,Podostemaceae,,Marathrum,,"modestum",,"","(Wedd.) Nash",Accepted,,M,WCSP (in review),638853,152922-2,"N. Amer. Fl.","22: 4","","1905"
kew-2502371,A,Podostemaceae,,Marathrum,,"oxycarpum",,"","Tul.",Accepted,,M,WCSP (in review),638851,688401-1,"Ann. Sci. Nat., Bot.","III, 11: 93","","1849"
tro-50195766,A,Podostemaceae,,Marathrum,,"pauciflorum",,"","Tul.",Accepted,,M,TRO,50195766,,"","","","1849"
kew-2904713,A,Podostemaceae,,Marathrum,,"plumosum",,"","(Novelo & C.T.Philbrick) C.T.Philbrick & C.P.Bove",Unresolved,,L,WCSP (in review),1027169,77113209-1,"Syst. Bot.","36: 114","","2011"
tro-25700040,A,Podostemaceae,,Marathrum,,"pusillum",,"","P. Royen",Accepted,,M,TRO,25700040,152925-2,"Ann. Missouri Bot. Gard.","37(2): 129–130, f. 57","129","1950"
tro-25700135,A,Podostemaceae,,Marathrum,,"rubrum",,"","Novelo & C. Philbrick",Accepted,,M,TRO,25700135,300136-2,"Novon","3(4): 456–458, f. 1","456","1993"
kew-2509471,A,Podostemaceae,,Marathrum,,"schiedeanum",,"","Cham.",Accepted,,M,WCSP (in review),645827,,"Linnaea","9: 504","","1835"
kew-2509470,A,Podostemaceae,,Marathrum,,"schiedianam",,"","Cham.",Unresolved,,L,WCSP (in review),645826,688406-1,"Linnaea","9: 504","","1835"
kew-2509469,A,Podostemaceae,,Marathrum,,"squamosum",,"","Wedd.",Accepted,,M,WCSP (in review),645825,688407-1,"Prodr.","17: 54","","1873"
tro-25700113,A,Podostemaceae,,Marathrum,,"squamosum",var.,"phellandrifolium","(Engl.) P. Royen",Accepted,,L,TRO,25700113,152929-2,"Meded. Bot. Mus. Herb. Rijks Univ. Utrecht","107: 90","90","1951"
kew-2509468,A,Podostemaceae,,Marathrum,,"stenocarpum",,"","(Wedd.) P.Royen",Accepted,,M,WCSP (in review),645824,688408-1,"Ann. Missouri Bot. Gard.","37: 127","","1950"
tro-25700073,A,Podostemaceae,,Marathrum,,"striatifolium",,"","P. Royen",Accepted,,M,TRO,25700073,152932-2,"Meded. Bot. Mus. Herb. Rijks Univ. Utrecht","107: 87–88, 132–133, pl. 7, f. 29–34","87","1951"
kew-2509466,A,Podostemaceae,,Marathrum,,"tenue",,"","Liebm.",Accepted,,M,WCSP (in review),645822,688410-1,"Förh. Skand. Naturf. Mötet","5: 511","","1849"
tro-50195764,A,Podostemaceae,,Marathrum,,"trichophorum",,"","P. Royen",Accepted,,M,TRO,50195764,152933-2,"Meded. Bot. Mus. Herb. Rijks Univ. Utrecht","107: 87, 132, pl. 16, f. 6–9","87","1951"
kew-2509464,A,Podostemaceae,,Marathrum,,"utile",,"","Tul.",Accepted,,M,WCSP (in review),645820,321288-2,"Ann. Sci. Nat., Bot.","III, 11: 95","","1849"
kew-2509472,A,Podostemaceae,,Mavaelia,,"metzgerioides",,"","Trimen",Unresolved,,L,WCSP (in review),645828,688413-1,"Handb. Fl. Ceylon","3: 419","","1895"
kew-2509490,A,Podostemaceae,,Monandriella,,"linearifolia",,"","Engl.",Unresolved,,L,WCSP (in review),645840,688427-1,"Bot. Jahrb. Syst.","60: 457","","1926"
tro-50309277,A,Podostemaceae,,Monostylis,,"capillacea",,"","Tul.",Accepted,,M,TRO,50309277,688428-1,"Arch. Mus. Hist. Nat.","6: 202","202","1852"
tro-50195779,A,Podostemaceae,,Mourera,,"alcicornis",,"","(Tul.) P. Royen",Accepted,,M,TRO,50195779,688430-1,"Acta Bot. Neerl.","2(1): 15","15","1953"
kew-2509496,A,Podostemaceae,,Mourera,,"aspera",,"","(Raeusch.) Tul.",Accepted,,M,WCSP (in review),645846,688431-1,"Ann. Sci. Nat., Bot.","III, 11: 93","","1849"
tro-50195748,A,Podostemaceae,,Mourera,,"elegans",,"","(Tul.) Baill.",Accepted,,M,TRO,50195748,,"","","","1888"
kew-2509438,A,Podostemaceae,,Mourera,,"fluviatilis",,"","Aubl.",Accepted,,M,WCSP (in review),645794,688433-1,"Hist. Pl. Guiane","582","","1775"
tro-50195772,A,Podostemaceae,,Mourera,,"glazioviana",,"","Warm.",Accepted,,M,TRO,50195772,,"","","","1899"
kew-2903000,A,Podostemaceae,,Mourera,,"monadelpha",,"","(Bong.) C.T.Philbrick & C.P.Bove",Unresolved,,L,WCSP (in review),1025457,77113210-1,"Syst. Bot.","36: 114","","2011"
kew-2511836,A,Podostemaceae,,Mourera,,"pennicillata",,"","Hicken",Unresolved,,L,WCSP (in review),648157,164525-2,"Revista Chilena Hist. Nat","21: 148","","1917"
tro-50195771,A,Podostemaceae,,Mourera,,"schwackeana",,"","Warm.",Accepted,,M,TRO,50195771,,"","","","1899"
tro-50195773,A,Podostemaceae,,Mourera,,"weddelliana",,"","Tul.",Accepted,,M,TRO,50195773,,"","","","1849"
kew-2381870,A,Podostemaceae,,Neolacis,,"capillacea",,"","Wedd.",Unresolved,,L,WCSP (in review),520694,688438-1,"Prodr.","17: 63","","1873"
tro-50195692,A,Podostemaceae,,Neolacis,,"membranacea",,"","(Bong.) Wedd.",Accepted,,M,TRO,50195692,,"","","","1873"
tro-25700001,A,Podostemaceae,,Neolacis,,"mitelloides",,"","Wedd.",Unresolved,,L,TRO,25700001,,"","","",""
tro-50195670,A,Podostemaceae,,Neolacis,,"pygmaea",,"","(Bong.) Wedd.",Accepted,,M,TRO,50195670,,"","","","1873"
tro-50195647,A,Podostemaceae,,Neolacis,,"riedelii",,"","(Bong.) Wedd.",Accepted,,M,TRO,50195647,,"","","","1873"
tro-100368661,A,Podostemaceae,,Noveloa,,"coulteriana",,"","(Tul.) C. Philbrick",Accepted,,M,TRO,100368661,77113212-1,"Syst. Bot.","36(1): 114","114","2011"
tro-100368663,A,Podostemaceae,,Noveloa,,"longifolia",,"","(Novelo & C. Philbrick) C. Philbrick",Accepted,,M,TRO,100368663,77113213-1,"Syst. Bot.","36(1): 114","114","2011"
kew-2394235,A,Podostemaceae,,Oenone,,"flulkiana",,"","Went ex Pulle",Unresolved,,L,WCSP (in review),532787,688459-1,"Recueil Trav. Bot. Néerl.","9: 139","","1912"
tro-25700004,A,Podostemaceae,,Oenone,,"salicornis",,"","Spruce",Unresolved,,L,TRO,25700004,,"","","",""
tro-50008912,A,Podostemaceae,,Oserya,,"biceps",,"","Tul. & Wedd.",Accepted,,M,TRO,50008912,688477-1,"Ann. Sci. Nat., Bot., sér. 3,","11: 106","106","1849"
tro-50008917,A,Podostemaceae,,Oserya,,"coulteriana",,"","Tul.",Accepted,,M,TRO,50008917,688478-1,"Ann. Sci. Nat., Bot., sér. 3,","11: 106","106","1849"
tro-50296985,A,Podostemaceae,,Oserya,,"flabellifera",,"","Tul. & Wedd.",Accepted,,M,TRO,50296985,688479-1,"Ann. Sci. Nat., Bot., sér. 3,","9: 106","106","1849"
tro-50008444,A,Podostemaceae,,Oserya,,"longifolia",,"","Novelo & C. Philbrick",Accepted,,M,TRO,50008444,982474-1,"Novon","5(1): 54–56, f. 1","54","1995"
tro-50008914,A,Podostemaceae,,Oserya,,"minima",,"","P. Royen",Accepted,,M,TRO,50008914,177006-2,"Acta Bot. Neerl.","3(2): 220, 258, pl. 1, f. 8–11","220","1954"
kew-2394147,A,Podostemaceae,,Oserya,,"perpusilla",,"","(Went) P.Royen",Accepted,,M,WCSP (in review),532699,177007-2,"Acta Bot. Neerl.","3: 220","","1954"
tro-50008916,A,Podostemaceae,,Oserya,,"sphaerocarpa",,"","Tul.",Accepted,,M,TRO,50008916,688483-1,"Ann. Sci. Nat., Bot., sér. 3,","11: 106","106","1849"
tro-50094455,A,Podostemaceae,,Paleodicraeia,,"imbricata",,"","(Tul.) C. Cusset",Accepted,,L,TRO,50094455,688484-1,"Adansonia, n.s.","12(4): 563","563","1972"
kew-2608066,A,Podostemaceae,,Paracladopus,,"chantaburiensis",,"","Koi & M.Kato",Unresolved,,L,WCSP (in review),741058,77088643-1,"Taxon","57: 203","","2008"
kew-2605106,A,Podostemaceae,,Paracladopus,,"chiangmaiensis",,"","M.Kato",Unresolved,,L,WCSP (in review),738261,,"Acta Phytotax. Geobot.","57: 29","","2006"
kew-2567274,A,Podostemaceae,,Podostemum,,"acuminatum",,"","Wedd.",Unresolved,,L,WCSP (in review),701659,688487-1,"Prodr.","17: 75","","1873"
tro-50277397,A,Podostemaceae,,Podostemum,,"algaeforme",,"","(Bedd.) Benth.",Accepted,,L,TRO,50277397,,"Gen. Pl.","3: 112","112","1880"
kew-2567276,A,Podostemaceae,,Podostemum,,"algiforme",,"","Benth. & Hook.f.",Unresolved,,L,WCSP (in review),701661,688489-1,"Gen. Pl.","3: 112","","1880"
kew-2567279,A,Podostemaceae,,Podostemum,,"ceratophyllum",,"","Michx.",Accepted,,M,WCSP (in review),701664,688492-1,"Fl. Bor.-Amer.","2: 165","","1803"
kew-2567261,A,Podostemaceae,,Podostemum,,"comatum",,"","Hicken",Accepted,,M,WCSP (in review),701646,204676-2,"Revista Chilena Hist. Nat","21: 149","","1917"
kew-2567275,A,Podostemaceae,,Podostemum,,"dendroides",,"","Thwaites",Unresolved,,L,WCSP (in review),701660,688495-1,"Enum. Pl. Zeyl.","222","","1860"
tro-50277405,A,Podostemaceae,,Podostemum,,"dichotomum",,"","Gardner",Accepted,,M,TRO,50277405,688496-1,"Calcutta J. Nat. Hist.","7: 185","185","1847"
tro-50277410,A,Podostemaceae,,Podostemum,,"dichotomum",var.,"longifolium","(Wight) Hook. f.",Accepted,,L,TRO,50277410,,"Fl. Brit. India","5: 64","64","1886"
tro-50277430,A,Podostemaceae,,Podostemum,,"dichotomum",var.,"rigidum","(Gardner) Hook. f.",Accepted,,L,TRO,50277430,,"Fl. Brit. India","5: 64","64","1886"
tro-50277433,A,Podostemaceae,,Podostemum,,"dichotomum",var.,"wightii","(Gardner) Hook. f.",Accepted,,L,TRO,50277433,,"Fl. Brit. India","5: 64","64","1886"
kew-2567256,A,Podostemaceae,,Podostemum,,"distichum",,"","(Cham.) Wedd.",Accepted,,M,WCSP (in review),701642,688497-1,"Prodr.","17: 73","","1873"
kew-2567258,A,Podostemaceae,,Podostemum,,"dregeanum",,"","C.Presl",Unresolved,,L,WCSP (in review),701644,688499-1,"Abh. Königl. Böhm. Ges. Wiss.","V, 3: 579","","1845"
kew-2567266,A,Podostemaceae,,Podostemum,,"ecostatum",,"","Griff. ex Tul.",Unresolved,,L,WCSP (in review),701651,688500-1,"Ann. Sci. Nat., Bot.","III, 11: 105","","1849"
tro-50195802,A,Podostemaceae,,Podostemum,,"fruticulosum",,"","(Tul. & Wedd.) Wedd.",Accepted,,M,TRO,50195802,688502-1,"Prodr.","17: 74","74","1873"
kew-2567263,A,Podostemaceae,,Podostemum,,"galvonis",,"","Warm.",Unresolved,,L,WCSP (in review),701648,688503-1,"Fam. Podostem.","3: 12","","1888"
kew-2567264,A,Podostemaceae,,Podostemum,,"gardneri",,"","Harv. ex Thwaites",Unresolved,,L,WCSP (in review),701649,688505-1,"Enum. Pl. Zeyl.","223","","1860"
kew-2567172,A,Podostemaceae,,Podostemum,,"griseum",,"","Gardner",Unresolved,,L,WCSP (in review),701589,688509-1,"Calcutta J. Nat. Hist.","7: 182","","1847"
kew-2567175,A,Podostemaceae,,Podostemum,,"irgangii",,"","C.T.Philbrick & Novelo",Accepted,,M,WCSP (in review),701592,1020611-1,"Novon","11: 92","","2001"
tro-50277456,A,Podostemaceae,,Podostemum,,"johnsonii",,"","(Wight) Wedd.",Accepted,,M,TRO,50277456,688511-1,"Prodr.","17: 75","75","1873"
kew-2567178,A,Podostemaceae,,Podostemum,,"microcarpum",,"","Wedd.",Unresolved,,L,WCSP (in review),701595,688513-1,"Prodr.","17: 76","","1873"
tro-50277464,A,Podostemaceae,,Podostemum,,"minor",,"","(Wedd.) Benth.",Accepted,,M,TRO,50277464,,"Gen. Pl.","3: 112","112","1880"
kew-2567179,A,Podostemaceae,,Podostemum,,"minus",,"","Benth. & Hook.f.",Unresolved,,L,WCSP (in review),701596,688514-1,"Gen. Pl.","3: 112","","1880"
kew-2567180,A,Podostemaceae,,Podostemum,,"muelleri",,"","Warm.",Accepted,,M,WCSP (in review),701597,688516-1,"Fam. Podostem.","3: 3","","1888"
tro-50277468,A,Podostemaceae,,Podostemum,,"munnarense",,"","(Nagendran & Arekal) C.J. Mathew & Satheesh",Accepted,,M,TRO,50277468,997447-1,"Aquatic Bot.","57: 255","255","1997"
tro-50277365,A,Podostemaceae,,Podostemum,,"ovatum",,"","C. Philbrick & Novelo",Accepted,,M,TRO,50277365,,"Syst. Bot. Monogr.","70: 61–63, f. 21, 29","61","2004"
tro-50277472,A,Podostemaceae,,Podostemum,,"pterophyllum",,"","(Wedd.) Benth.",Accepted,,L,TRO,50277472,,"Gen. Pl.","3: 112","112","1880"
tro-50100850,A,Podostemaceae,,Podostemum,,"ricciiforme",,"","(Liebm.) P. Royen",Accepted,,M,TRO,50100850,204684-2,"Acta Bot. Neerl.","3(2): 240","240","1954"
kew-2567162,A,Podostemaceae,,Podostemum,,"rutifolium",,"","Warm.",Accepted,,M,WCSP (in review),701579,204685-2,"Kongel. Danske Vidensk. Selsk. Skr., Naturvidensk. Math. Afd.","VI, 9: 129","","1899"
tro-50277370,A,Podostemaceae,,Podostemum,,"rutifolium",subsp.,"ricciiforme","(Liebm.) Novelo & C. Philbrick",Accepted,,L,TRO,50277370,,"Syst. Bot. Monogr.","70: 69–72, f. 25, 26","69","2004"
tro-50277373,A,Podostemaceae,,Podostemum,,"saldanhanum",,"","(Warm.) C. Philbrick & Novelo",Accepted,,M,TRO,50277373,,"Syst. Bot. Monogr.","70: 72–73, f. 27, 29","72","2004"
tro-50277376,A,Podostemaceae,,Podostemum,,"scaturiginum",,"","(Mart.) C. Philbrick & Novelo",Accepted,,M,TRO,50277376,,"Syst. Bot. Monogr.","70: 73–76, f. 28, 29","73","2004"
kew-2567195,A,Podostemaceae,,Podostemum,,"wallichianum",,"","Griff.",Unresolved,,L,WCSP (in review),701612,688532-1,"Not. Pl. Asiat.","4: 379","","1854"
tro-100362493,A,Podostemaceae,,Pohliella,,"lacinata",,"","Engl.",Unresolved,,L,TRO,100362493,,"Bot. Jahrb. Syst.","60: 457","457","1926"
tro-100362494,A,Podostemaceae,,Polypleurella,,"schmidtiana",,"","(Warm.) Engl.",Accepted,,M,TRO,100362494,688543-1,"Bot. Jahrb. Syst.","61(Beibl. 138): 9","9","1927"
kew-2567215,A,Podostemaceae,,Polypleurum,,"acuminatum",,"","Warm.",Unresolved,,L,WCSP (in review),701632,688544-1,"Kongel. Danske Vidensk. Selsk. Skr., Naturvidensk. Math. Afd.","VI, 11(1): 15","","1901"
tro-50277406,A,Podostemaceae,,Polypleurum,,"dichotomum",,"","(Gardner) J.B. Hall",Accepted,,M,TRO,50277406,688545-1,"Kew Bull.","26(1): 131","131","1971"
kew-2567217,A,Podostemaceae,,Polypleurum,,"disciforme",,"","C.J.Mathew & Nileena",Unresolved,,L,WCSP (in review),701634,20012420-1,"Pl. Syst. Evol.","237: 211","","2003"
tro-50277439,A,Podostemaceae,,Polypleurum,,"elongatum",,"","(Gardner) J.B. Hall",Accepted,,M,TRO,50277439,688546-1,"Kew Bull.","26(1): 131","131","1971"
kew-2567197,A,Podostemaceae,,Polypleurum,,"erectum",,"","M.Kato",Unresolved,,L,WCSP (in review),701614,,"Acta Phytotax. Geobot.","57: 48","","2006"
kew-2567213,A,Podostemaceae,,Polypleurum,,"filifolium",,"","(Ramam. & J.Joseph) A.S.Rao & Hajra",Unresolved,,L,WCSP (in review),701630,909593-1,"Bull. Bot. Surv. India","21: 195","","1979 publ. 1981"
kew-2897103,A,Podostemaceae,,Polypleurum,,"insulare",,"","M.Kato & Koi",Unresolved,,L,WCSP (in review),1019932,77102818-1,"Gard. Bull. Singapore","61: 62","","2009"
kew-2567211,A,Podostemaceae,,Polypleurum,,"longicaule",,"","M.Kato",Unresolved,,L,WCSP (in review),701628,,"Acta Phytotax. Geobot.","57: 50","","2006"
kew-2567190,A,Podostemaceae,,Polypleurum,,"longifolium",,"","M.Kato",Unresolved,,L,WCSP (in review),701607,,"Acta Phytotax. Geobot.","57: 43","","2006"
kew-2567191,A,Podostemaceae,,Polypleurum,,"longistylosum",,"","M.Kato",Unresolved,,L,WCSP (in review),701608,,"Acta Phytotax. Geobot.","57: 40","","2006"
kew-2567270,A,Podostemaceae,,Polypleurum,,"orientale",,"","Tul.",Unresolved,,L,WCSP (in review),701655,688551-1,"Arch. Mus. Hist. Nat.","6: 118","","1852"
kew-2567193,A,Podostemaceae,,Polypleurum,,"phuwuaense",,"","M.Kato",Unresolved,,L,WCSP (in review),701610,,"Acta Phytotax. Geobot.","57: 45","","2006"
kew-2897104,A,Podostemaceae,,Polypleurum,,"prachinburiense",,"","M.Kato & Koi",Unresolved,,L,WCSP (in review),1019933,77102817-1,"Gard. Bull. Singapore","61: 60","","2009"
kew-2567194,A,Podostemaceae,,Polypleurum,,"prostratum",,"","C.J.Mathew & Nileena",Unresolved,,L,WCSP (in review),701611,20012419-1,"Pl. Syst. Evol.","237: 210","","2003"
kew-2567203,A,Podostemaceae,,Polypleurum,,"rubroradicans",,"","M.Kato",Unresolved,,L,WCSP (in review),701620,,"Acta Phytotax. Geobot.","57: 46","","2006"
kew-2897105,A,Podostemaceae,,Polypleurum,,"sisaketense",,"","M.Kato & Koi",Unresolved,,L,WCSP (in review),1019934,77102816-1,"Gard. Bull. Singapore","61: 59","","2009"
tro-50098243,A,Podostemaceae,,Polypleurum,,"stylosum",,"","(Wight) J.B. Hall",Accepted,,L,TRO,50098243,688549-1,"Kew Bull.","26: 131","131","1971"
tro-50277465,A,Podostemaceae,,Polypleurum,,"wallichii",,"","(R. Br. ex Griff.) Warm.",Accepted,,M,TRO,50277465,,"Kongel. Danske Vidensk. Selsk. Skr., Naturvidensk. Math. Afd., ser. 6,","11(1): 15","15","1901"
kew-2567269,A,Podostemaceae,,Polypleurum,,"wongprasertii",,"","M.Kato",Unresolved,,L,WCSP (in review),701654,,"Acta Phytotax. Geobot.","57: 42","","2006"
tro-50202306,A,Podostemaceae,,Rhyncholacis,,"apiculata",,"","P. Royen",Accepted,,M,TRO,50202306,219989-2,"Meded. Bot. Mus. Herb. Rijks Univ. Utrecht","107: 111, 136","111","1951"
kew-2425492,A,Podostemaceae,,Rhyncholacis,,"applanata",,"","Goebel",Accepted,,M,WCSP (in review),563578,,"Pflanzenbiol. Schilderung","2: 377","","1891"
tro-50296988,A,Podostemaceae,,Rhyncholacis,,"brassicifolia",,"","P. Royen",Accepted,,M,TRO,50296988,219992-2,"Meded. Bot. Mus. Herb. Rijks Univ. Utrecht","107: 97, 133, t. 13, f. 1–10","97","1951"
tro-50296989,A,Podostemaceae,,Rhyncholacis,,"brevistamina",,"","P. Royen",Accepted,,M,TRO,50296989,219993-2,"Meded. Bot. Mus. Herb. Rijks Univ. Utrecht","107: 107, 136, t. 12, f. 9–10","107","1951"
kew-2425495,A,Podostemaceae,,Rhyncholacis,,"carinata",,"","P.Royen",Unresolved,,L,WCSP (in review),563581,219994-2,"Meded. Bot. Mus. Herb. Rijks Univ. Utrecht","107: 138","","1951"
kew-2425496,A,Podostemaceae,,Rhyncholacis,,"coronata",,"","P.Royen",Accepted,,M,WCSP (in review),563582,688560-1,"Meded. Bot. Mus. Herb. Rijks Univ. Utrecht","107: 133","","1951"
tro-25700006,A,Podostemaceae,,Rhyncholacis,,"crassipes",,"","Spruce",Accepted,,M,TRO,25700006,,"","","",""
tro-50296990,A,Podostemaceae,,Rhyncholacis,,"cristata",,"","P. Royen",Accepted,,M,TRO,50296990,219996-2,"Meded. Bot. Mus. Herb. Rijks Univ. Utrecht","107: 106, 135, t. 9, f. 5–7","106","1951"
tro-50296991,A,Podostemaceae,,Rhyncholacis,,"dentata",,"","P. Royen",Accepted,,M,TRO,50296991,219997-2,"Meded. Bot. Mus. Herb. Rijks Univ. Utrecht","107: 102, 135, t. 11, f. 1–6","102","1951"
kew-2425464,A,Podostemaceae,,Rhyncholacis,,"divaricata",,"","Matthiesen",Accepted,,M,WCSP (in review),563555,688564-1,"Biblioth. Bot.","66: 19","","1908"
kew-2425405,A,Podostemaceae,,Rhyncholacis,,"flagellifolia",,"","P.Royen",Accepted,,M,WCSP (in review),563497,688565-1,"Meded. Bot. Mus. Herb. Rijks Univ. Utrecht","107: 136","","1951"
tro-50296992,A,Podostemaceae,,Rhyncholacis,,"guyanensis",,"","P. Royen",Accepted,,M,TRO,50296992,220000-2,"Meded. Bot. Mus. Herb. Rijks Univ. Utrecht","107: 101, 134, t. 11, f. 7–9","101","1951"
kew-2425407,A,Podostemaceae,,Rhyncholacis,,"hydrocichorium",,"","Tul.",Accepted,,M,WCSP (in review),563499,688567-1,"Ann. Sci. Nat., Bot.","III, 11: 95","","1849"
tro-50202307,A,Podostemaceae,,Rhyncholacis,,"jenmanii",,"","Engl.",Accepted,,M,TRO,50202307,220001-2,"Bot. Jahrb. Syst.","61(Beibl. 138): 6","6","1927"
tro-50296993,A,Podostemaceae,,Rhyncholacis,,"linearis",,"","Tul.",Accepted,,M,TRO,50296993,688569-1,"Fl. Bras.","4(1): 241, t. 74, f. 5","241",""
tro-50155560,A,Podostemaceae,,Rhyncholacis,,"macrocarpa",,"","Tul.",Accepted,,M,TRO,50155560,688570-1,"Ann. Sci. Nat., Bot., sér. 3,","11: 95","95","1849"
kew-2425403,A,Podostemaceae,,Rhyncholacis,,"minima",,"","P.Royen",Unresolved,,L,WCSP (in review),563495,220004-2,"Acta Bot. Neerl.","8: 477","","1959"
kew-2425413,A,Podostemaceae,,Rhyncholacis,,"minor",,"","P.Royen",Unresolved,,L,WCSP (in review),563505,688573-1,"Meded. Bot. Mus. Herb. Rijks Univ. Utrecht","107: 135","","1951"
kew-2425414,A,Podostemaceae,,Rhyncholacis,,"nitelloides",,"","(Wedd.) P.Royen",Unresolved,,L,WCSP (in review),563506,,"Meded. Bot. Mus. Herb. Rijks Univ. Utrecht","107: 195","","1951"
kew-2425415,A,Podostemaceae,,Rhyncholacis,,"nobilis",,"","P.Royen",Unresolved,,L,WCSP (in review),563507,688575-1,"Meded. Bot. Mus. Herb. Rijks Univ. Utrecht","107: 134","","1951"
kew-2425416,A,Podostemaceae,,Rhyncholacis,,"oligandra",,"","Wedd.",Accepted,,M,WCSP (in review),563508,688576-1,"Prodr.","17: 57","","1873"
tro-50155559,A,Podostemaceae,,Rhyncholacis,,"palmettifolia",,"","P. Royen",Accepted,,M,TRO,50155559,688577-1,"Meded. Bot. Mus. Herb. Rijks Univ. Utrecht","107: 99, 131","99","1951"
kew-2425400,A,Podostemaceae,,Rhyncholacis,,"penicillata",,"","Matthiesen",Accepted,,M,WCSP (in review),563492,688578-1,"Biblioth. Bot.","66: 16","","1908"
kew-2425412,A,Podostemaceae,,Rhyncholacis,,"squamulosa",,"","Tul. ex K.I.Goebel",Unresolved,,L,WCSP (in review),563504,688579-1,"Pflanzenbiol. Schilderung","2: 379","","1891"
kew-2425410,A,Podostemaceae,,Rhyncholacis,,"tenuifolia",,"","Spruce ex Wedd.",Unresolved,,L,WCSP (in review),563502,688580-1,"Prodr.","17: 57","","1873"
kew-2425397,A,Podostemaceae,,Rhyncholacis,,"unguifera",,"","P.Royen",Unresolved,,L,WCSP (in review),563489,688581-1,"Meded. Bot. Mus. Herb. Rijks Univ. Utrecht","100: 134","","1951"
tro-25700008,A,Podostemaceae,,Rhyncholacis,,"varians",,"","Spruce",Accepted,,M,TRO,25700008,,"","","",""
kew-2598881,A,Podostemaceae,,Saxicolella,,"amicorum",,"","J.B.Hall",Unresolved,,L,WCSP (in review),732169,688583-1,"Kew Bull.","26: 133","","1971"
tro-25700124,A,Podostemaceae,,Saxicolella,,"flabellata",,"","(G. Taylor) C. Cusset",Accepted,,M,TRO,25700124,944941-1,"Fl. Cameroun","30: 94","94","1987"
kew-2598866,A,Podostemaceae,,Saxicolella,,"laciniata",,"","(Engl.) C.Cusset",Unresolved,,L,WCSP (in review),732159,944940-1,"in Fl. Cameroun","30: 94","","1987"
kew-2598889,A,Podostemaceae,,Saxicolella,,"macrothyrsa",,"","A.Chev.",Unresolved,,L,WCSP (in review),732177,688584-1,"Fl. Afrique Occ. Franç.","1: 293","","1938"
kew-2598887,A,Podostemaceae,,Saxicolella,,"nana",,"","Engl.",Unresolved,,L,WCSP (in review),732175,688585-1,"Bot. Jahrb. Syst.","60: 456","","1926"
kew-2598886,A,Podostemaceae,,Saxicolella,,"submersa",,"","(J.B.Hall) C.D.K.Cook & Rutish.",Unresolved,,L,WCSP (in review),732174,20003378-1,"Taxon","50: 1165","","2001"
kew-2598884,A,Podostemaceae,,Sphaerothylax,,"abyssinica",,"","(Wedd.) Warm.",Accepted,,L,WCSP (in review),732172,,"Fam. Podostem.","4: 14","","1891"
kew-2598873,A,Podostemaceae,,Sphaerothylax,,"algiformis",,"","Bisch. ex C.Krauss",Accepted,,M,WCSP (in review),732161,688587-1,"Flora","27: 426","","1844"
kew-2598890,A,Podostemaceae,,Sphaerothylax,,"heteromorpha",,"","Baill.",Unresolved,,L,WCSP (in review),732178,688589-1,"Bull. Mens. Soc. Linn. Paris","2: 876","","1890"
kew-2598880,A,Podostemaceae,,Sphaerothylax,,"linearifolius",,"","Engl.",Unresolved,,L,WCSP (in review),732168,688590-1,"Veg. Erde","9(III 1): 275","","1915"
kew-2598876,A,Podostemaceae,,Sphaerothylax,,"sanguinea",,"","Chiov.",Unresolved,,L,WCSP (in review),732164,688594-1,"Ann. Bot. (Rome)","9: 131","","1911"
tro-50006005,A,Podostemaceae,,Stonesia,,"fascicularis",,"","G. Taylor",Accepted,,M,TRO,50006005,688598-1,"Bull. Brit. Mus. (Nat. Hist.), Bot.","1: 65, t. 6","65","1953"
kew-2897570,A,Podostemaceae,,Stonesia,,"ghoguei",,"","E.Pfeifer & Rutish.",Unresolved,,L,WCSP (in review),1020397,,"Novon","19: 103","","2009"
tro-50005999,A,Podostemaceae,,Stonesia,,"gracilis",,"","G. Taylor",Accepted,,M,TRO,50005999,688599-1,"Bull. Brit. Mus. (Nat. Hist.), Bot.","1: 65, t. 7","65","1953"
kew-2599260,A,Podostemaceae,,Stonesia,,"heterospathella",,"","G.Taylor",Unresolved,,L,WCSP (in review),732539,688600-1,"Bull. Brit. Mus. (Nat. Hist.) Bot.","1: 60","","1953"
kew-2599259,A,Podostemaceae,,Stonesia,,"taylorii",,"","C.Cusset",Unresolved,,L,WCSP (in review),732538,688601-1,"Adansonia","n.s., 13: 308","","1973"
kew-2513239,A,Podostemaceae,,Terniola,,"carinata",,"","Lecomte",Unresolved,,L,WCSP (in review),649510,688602-1,"Bull. Soc. Bot. France","56: 96","","1909"
kew-2513207,A,Podostemaceae,,Terniola,,"diversifolia",,"","Lecomte",Unresolved,,L,WCSP (in review),649478,688603-1,"Notul. Syst. (Paris)","1: 7","","1909"
kew-2513257,A,Podostemaceae,,Terniola,,"foliosa",,"","Wedd.",Unresolved,,L,WCSP (in review),649528,688604-1,"Prodr.","17: 47","","1873"
kew-2513225,A,Podostemaceae,,Terniola,,"lawii",,"","Wedd.",Unresolved,,L,WCSP (in review),649496,688605-1,"Prodr.","17: 47","","1873"
kew-2513194,A,Podostemaceae,,Terniola,,"longipes",,"","Tul.",Unresolved,,L,WCSP (in review),649465,688606-1,"Arch. Mus. Hist. Nat.","6: 193","","1852"
kew-2513193,A,Podostemaceae,,Terniola,,"pedunculosa",,"","Wedd.",Unresolved,,L,WCSP (in review),649464,688607-1,"Prodr.","17: 47","","1873"
kew-2513192,A,Podostemaceae,,Terniola,,"pulchella",,"","Tul.",Unresolved,,L,WCSP (in review),649463,688608-1,"Arch. Mus. Hist. Nat.","6: 192","","1852"
kew-2513191,A,Podostemaceae,,Terniola,,"ramosissima",,"","Wedd.",Unresolved,,L,WCSP (in review),649462,688609-1,"Prodr.","17: 47","","1873"
kew-2513190,A,Podostemaceae,,Terniola,,"zeylanica",,"","Tul.",Unresolved,,L,WCSP (in review),649461,688610-1,"Arch. Mus. Hist. Nat.","6: 90","","1852"
kew-2605687,A,Podostemaceae,,Terniopsis,,"australis",,"","(C.Cusset & G.Cusset) M.Kato",Unresolved,,L,WCSP (in review),738813,77074757-1,"Acta Phytotax. Geobot.","57: 54","","2006"
kew-2513175,A,Podostemaceae,,Terniopsis,,"brevis",,"","M.Kato",Unresolved,,L,WCSP (in review),649446,,"Acta Phytotax. Geobot.","57: 22","","2006"
kew-2897632,A,Podostemaceae,,Terniopsis,,"chanthaburiensis",,"","M.Kato & Koi",Unresolved,,L,WCSP (in review),1020459,77102814-1,"Gard. Bull. Singapore","61: 56","","2009"
kew-2513185,A,Podostemaceae,,Terniopsis,,"malayana",,"","(J.Dransf. & Whitmore) M.Kato",Accepted,,M,WCSP (in review),649456,77074753-1,"Acta Phytotax. Geobot.","57: 19","","2006"
kew-2897633,A,Podostemaceae,,Terniopsis,,"minor",,"","M.Kato & Koi",Unresolved,,L,WCSP (in review),1020460,77102815-1,"Gard. Bull. Singapore","61: 57","","2009"
kew-2513195,A,Podostemaceae,,Terniopsis,,"ramosa",,"","M.Kato",Unresolved,,L,WCSP (in review),649466,,"Acta Phytotax. Geobot.","57: 24","","2006"
kew-2513181,A,Podostemaceae,,Terniopsis,,"ubonensis",,"","M.Kato",Unresolved,,L,WCSP (in review),649452,,"Acta Phytotax. Geobot.","57: 22","","2006"
kew-2513179,A,Podostemaceae,,Thawatchaia,,"trilobata",,"","M.Kato, Koi & Y.Kita",Unresolved,,L,WCSP (in review),649450,77063038-1,"Acta Phytotax. Geobot.","55: 66","","2004"
kew-2609013,A,Podostemaceae,,Thelethylax,,"insolata",,"","(H.Perrier) Jäger-Zürn",Unresolved,,L,WCSP (in review),741976,77092419-1,"Bot. Jahrb. Syst.","127: 271","","2008"
tro-50094446,A,Podostemaceae,,Thelethylax,,"isalensis",,"","(H. Perrier) C. Cusset",Accepted,,L,TRO,50094446,688612-1,"Adansonia, n.s.","12(4): 567","567","1972"
tro-50094445,A,Podostemaceae,,Thelethylax,,"minutiflora",,"","(Tul.) C. Cusset",Accepted,,L,TRO,50094445,688613-1,"Adansonia, n.s.","12(4): 566","566","1972"
tro-25700009,A,Podostemaceae,,Tristicha,,"alternifolia",,"","(Willd.) Tul.",Accepted,,L,TRO,25700009,,"Ann. Sci. Nat., Bot., sér. 3,","11: 111","111","1849"
kew-2515990,A,Podostemaceae,,Tristicha,,"bifaria",,"","C.Presl",Unresolved,,L,WCSP (in review),652233,688618-1,"Reliq. Haenk.","1: 86","","1825"
kew-2515962,A,Podostemaceae,,Tristicha,,"bryoides",,"","Gardner",Unresolved,,L,WCSP (in review),652205,688619-1,"Calcutta J. Nat. Hist.","7: 178","","1847"
kew-2515961,A,Podostemaceae,,Tristicha,,"ceylanica",,"","Gardner",Unresolved,,L,WCSP (in review),652204,688620-1,"Calcutta J. Nat. Hist.","7: 177","","1847"
kew-2515958,A,Podostemaceae,,Tristicha,,"fontinaloides",,"","Welw. ex Wedd.",Unresolved,,L,WCSP (in review),652201,688623-1,"Prodr.","17: 45","","1873"
kew-2515943,A,Podostemaceae,,Tristicha,,"phasioides",,"","Griseb.",Unresolved,,L,WCSP (in review),652186,688626-1,"Abh. Königl. Ges. Wiss. Göttingen","24: 41","","1879"
kew-2515953,A,Podostemaceae,,Tristicha,,"philocrena",,"","Steud.",Unresolved,,L,WCSP (in review),652196,,"Nomencl. Bot.","ed. 2, 2: 715","","1841"
kew-2515963,A,Podostemaceae,,Tristicha,,"ramosissima",,"","Willis",Unresolved,,L,WCSP (in review),652206,688628-1,"Ann. Roy. Bot. Gard. (Peradeniya)","1: 208","","1902"
kew-2515950,A,Podostemaceae,,Tristicha,,"trifaria",,"","(Bory ex Willd.) Spreng.",Accepted,,M,WCSP (in review),652193,688630-1,"Syst. Veg.","1: 22","","1824"
tro-100354415,A,Podostemaceae,,Tristicha,,"trifaria",subsp.,"pulchella","(Wedd.) C. Cusset & G. Cusset",Accepted,,L,TRO,100354415,954790-1,"Bull. Mus. Natl. Hist. Nat., B, Adansonia","10(2): 171","171","1988"
tro-100000738,A,Podostemaceae,,Tristicha,,"trifaria",subsp.,"tlatlayana","(Matuda) C. Cusset & G. Cusset",Accepted,,L,TRO,100000738,954791-1,"Bull. Mus. Natl. Hist. Nat., B, Adansonia","10(2): 171","171","1988"
kew-2515946,A,Podostemaceae,,Tristichopsis,,"riccioides",,"","A.Chev.",Unresolved,,L,WCSP (in review),652189,688631-1,"Fl. Afrique Occ. Franç.","1: 292","","1938"
kew-2515979,A,Podostemaceae,,Tulasnea,,"zeylanica",,"","Wedd.",Unresolved,,L,WCSP (in review),652222,688638-1,"Prodr.","17: 46","","1873"
tro-50181890,A,Podostemaceae,,Tulasneantha,,"monadelpha",,"","(Bong.) P. Royen",Accepted,,M,TRO,50181890,260324-2,"Acta Bot. Neerl.","2: 17","17","1953"
tro-25700127,A,Podostemaceae,,Vanroyenella,,"plumosa",,"","Novelo & C. Philbrick",Accepted,,M,TRO,25700127,306581-2,"Syst. Bot.","18(1): 64, f. 1","64","1993"
kew-2464872,A,Podostemaceae,,Weddellina,,"squamulosa",,"","Tul.",Accepted,,M,WCSP (in review),602341,688640-1,"Ann. Sci. Nat., Bot.","III, 11: 113","","1849"
kew-2464849,A,Podostemaceae,,Weddellina,,"uaupensis",,"","Benth.",Unresolved,,L,WCSP (in review),602318,267857-2,"Gen. Pl.","3: 109","","1880"
kew-2464800,A,Podostemaceae,,Wettsteiniola,,"accorsii",,"","(Toledo) P.Royen",Accepted,,M,WCSP (in review),602272,688642-1,"Meded. Bot. Mus. Herb. Rijks Univ. Utrecht","107: 115","","1951"
tro-50195733,A,Podostemaceae,,Wettsteiniola,,"apipensis",,"","Tur",Accepted,,M,TRO,50195733,268498-2,"Bol. Soc. Argent. Bot.","16(4): 321–324, f. 1","321","1975"
kew-2464820,A,Podostemaceae,,Wettsteiniola,,"pinnata",,"","Suess.",Accepted,,M,WCSP (in review),602292,268499-2,"Repert. Spec. Nov. Regni Veg.","39: 18","","1935"
kew-2464868,A,Podostemaceae,,Willisia,,"arekaliana",,"","Shivam. & Sadanand",Unresolved,,L,WCSP (in review),602337,994808-1,"Kew Bull.","52: 243","","1997"
tro-50277480,A,Podostemaceae,,Willisia,,"selaginoides",,"","(Bedd.) Warm. ex Willis",Accepted,,M,TRO,50277480,688645-1,"Ann. Roy. Bot. Gard. (Peradeniya)","1: 235","235","1902"
kew-2464881,A,Podostemaceae,,Winklerella,,"dichotoma",,"","Engl.",Unresolved,,L,WCSP (in review),602350,688646-1,"Bot. Jahrb. Syst.","38: 97","","1905"
kew-2471083,A,Podostemaceae,,Zehnderia,,"microgyna",,"","C.Cusset",Unresolved,,L,WCSP (in review),608082,934107-1,"in Fl. Cameroun","30: 56","","1987"
tro-50277401,A,Podostemaceae,,Zeylanidium,,"barberi",,"","(Willis) C. Cusset",Accepted,,M,TRO,50277401,964750-1,"Bull. Mus. Natl. Hist. Nat., B, Adansonia","14: 34","34","1992"
kew-2471087,A,Podostemaceae,,Zeylanidium,,"maheshwarii",,"","C.J.Mathew & Satheesh",Unresolved,,L,WCSP (in review),608086,990409-1,"Aquatic Bot.","54: 74","","1996"
tro-50277443,A,Podostemaceae,,Zeylanidium,,"olivaceum",,"","(Gardner) Engl.",Accepted,,M,TRO,50277443,688649-1,"Nat. Pflanzenfam. (ed. 2)","18a: 62","62","1930"
kew-2471089,A,Podostemaceae,,Zeylanidium,,"sessile",,"","(Willis) C.D.K.Cook & Rutish.",Unresolved,,L,WCSP (in review),608088,20003380-1,"Taxon","50: 1167","","2001"
tro-50265940,A,Podostemaceae,,Zeylanidium,,"subulatum",,"","(Gardner) C. Cusset",Accepted,,M,TRO,50265940,964749-1,"Bull. Mus. Natl. Hist. Nat., B, Adansonia","14: 32","32","1992"
