﻿ID,Major group,Family,Genus hybrid marker,Genus,Species hybrid marker,Species,Infraspecific rank,Infraspecific epithet,Authorship,Taxonomic status in TPL,Nomenclatural status from original data source,Confidence level,Source,Source id,IPNI id,Publication,Collation,Page,Date
tro-35102609,B,Polytrichaceae,,Alophosia,,"azorica",,"","(Renauld & Cardot) Cardot",Accepted,,M,TRO,35102609,,"Bull. Herb. Boissier, sér. 2,","5: 208","208","1905"
tro-100378462,B,Polytrichaceae,,Atrichites,,"triassicus",,"","Ignatov & Shcherbakov",Accepted,,M,TRO,100378462,,"Arctoa","20: 75","75","2011"
tro-35141285,B,Polytrichaceae,,Atrichopsis,,"compressa",,"","(Hook. f. & Wilson) G.L. Sm.",Accepted,,M,TRO,35141285,,"Bull. Torrey Bot. Club","96: 62","62","1969"
tro-35179225,B,Polytrichaceae,,Atrichum,,"abbreviatum",,"","(Bruch & Schimp.) Navashin",Accepted,,M,TRO,35179225,,"Bull. Soc. Imp. Naturalistes Moscou, n.s.","8: 38","38","1894"
tro-35168731,B,Polytrichaceae,,Atrichum,,"altecristatum",,"","(Renauld & Cardot) Smyth & Smyth, Lumina C. Riddle",Accepted,,M,TRO,35168731,,"Trans. Kansas Acad. Sci.","23/24: 284","284","1911"
tro-35179227,B,Polytrichaceae,,Atrichum,,"androgynum",,"","(Müll. Hal.) A. Jaeger",Accepted,,M,TRO,35179227,,"Ber. Thätigk. St. Gallischen Naturwiss. Ges.","1873–74: 241 (Gen. Sp. Musc. 1: 709)","241 ","1875"
tro-35169294,B,Polytrichaceae,,Atrichum,,"androgynum",var.,"oerstedianum","(Müll. Hal.) Nyholm",Accepted,,L,TRO,35169294,,"Lindbergia","1: 26","26","1971"
tro-35179228,B,Polytrichaceae,,Atrichum,,"angustatum",,"","(Brid.) Bruch & Schimp.",Accepted,,M,TRO,35179228,,"Bryol. Eur.","4: 237 (fasc. 21–22 Monogr. 9)","237","1844"
tro-35179233,B,Polytrichaceae,,Atrichum,,"angustatum",var.,"rhystophyllum","(Müll. Hal.) P.W. Richards & E.C. Wallace",Accepted,,L,TRO,35179233,,"Trans. Brit. Bryol. Soc.","1(4): iv","iv","1950"
tro-35161175,B,Polytrichaceae,,Atrichum,,"attenuatum",,"","(Bruch & Schimp.) Venturi",Accepted,,M,TRO,35161175,,"Musc. Trentino","79","79","1899"
tro-35179240,B,Polytrichaceae,,Atrichum,,"brevilamellatum",,"","Dixon & Thér.",Accepted,,M,TRO,35179240,,"Mélanges Bryol. Lichénol.","80","80","1942"
tro-35179242,B,Polytrichaceae,,Atrichum,,"chlorochaete",,"","(Cardot) Mizush.",Accepted,,M,TRO,35179242,,"J. Jap. Bot.","31: 119","119","1956"
tro-35161176,B,Polytrichaceae,,Atrichum,,"contortum",,"","(Menzies ex Brid.) Kindb.",Accepted,,M,TRO,35161176,,"Enum. Bryin. Exot.","40","40","1888"
tro-35179245,B,Polytrichaceae,,Atrichum,,"crispulum",,"","Schimp. ex Besch.",Accepted,,M,TRO,35179245,,"Ann. Sci. Nat., Bot., sér. 7,","17: 351","351","1893"
tro-35179246,B,Polytrichaceae,,Atrichum,,"crispum",,"","(James) Sull.",Accepted,,M,TRO,35179246,,"Manual (ed. 2)","641","641","1856"
tro-35100345,B,Polytrichaceae,,Atrichum,,"cylindricum",,"","(Willd. ex F. Weber) G.L. Sm.",Accepted,,M,TRO,35100345,,"Brittonia","29: 371","371","1977"
tro-35179250,B,Polytrichaceae,,Atrichum,,"elamellosum",,"","(Herzog) Frye & Duck.",Accepted,,M,TRO,35179250,,"Bryologist","50: 80. 1–6","80","1947"
tro-35179252,B,Polytrichaceae,,Atrichum,,"flavisetum",,"","Mitt.",Accepted,,M,TRO,35179252,,"J. Proc. Linn. Soc., Bot., Suppl.","2: 150","150","1859"
tro-35179253,B,Polytrichaceae,,Atrichum,,"giganteum",,"","(Horik.) Mizush.",Accepted,,M,TRO,35179253,,"J. Jap. Bot.","31: 119","119","1956"
tro-35214782,B,Polytrichaceae,,Atrichum,,"groehnii",,"","J.-P. Frahm",Accepted,,M,TRO,35214782,,"J. Hattori Bot. Lab.","95: 224","224","2004"
tro-35179256,B,Polytrichaceae,,Atrichum,,"henryi",,"","(E.S. Salmon) E.B. Bartram",Accepted,,M,TRO,35179256,,"Ann. Bryol.","8: 21","21","1935"
tro-35179259,B,Polytrichaceae,,Atrichum,,"kinashii",,"","(Cardot) Mizush.",Accepted,,M,TRO,35179259,,"J. Jap. Bot.","31: 119","119","1956"
tro-35179265,B,Polytrichaceae,,Atrichum,,"ligulatum",,"","(Mitt.) Mitt.",Accepted,,M,TRO,35179265,,"J. Proc. Linn. Soc., Bot.","4: 97","97","1859"
tro-35168982,B,Polytrichaceae,,Atrichum,,"longifolium",,"","Cardot & Dixon ex Gangulee",Accepted,,M,TRO,35168982,,"Mosses E. India","1: 81. f. 33","81","1969"
tro-35214781,B,Polytrichaceae,,Atrichum,,"mamillosum",,"","J.-P. Frahm",Accepted,,M,TRO,35214781,,"J. Hattori Bot. Lab.","95: 221","221","2004"
tro-35179268,B,Polytrichaceae,,Atrichum,,"mosenii",,"","(Broth.) Paris",Accepted,,M,TRO,35179268,,"Index Bryol. Suppl.","17","17","1900"
tro-35179269,B,Polytrichaceae,,Atrichum,,"muelleri",,"","Schimp.",Accepted,,M,TRO,35179269,,"Mém. Soc. Sci. Nat. Cherbourg","16: 206","206","1872"
tro-35100346,B,Polytrichaceae,,Atrichum,,"nigricans",,"","(Müll. Hal. ex Herzog) F.J. Herm.",Accepted,,M,TRO,35100346,,"Bryologist","79: 160","160","1976"
tro-35161178,B,Polytrichaceae,,Atrichum,,"novae-guineae",,"","E.B. Bartram",Accepted,,M,TRO,35161178,,"Rev. Bryol. Lichénol.","30: 206","206","1961"
tro-35179273,B,Polytrichaceae,,Atrichum,,"obtusulum",,"","(Müll. Hal.) A. Jaeger",Accepted,,M,TRO,35179273,,"Ber. Thätigk. St. Gallischen Naturwiss. Ges.","1877–78: 453 (Gen. Sp. Musc. 2: 717)","453 ","1880"
tro-35179274,B,Polytrichaceae,,Atrichum,,"oerstedianum",,"","(Müll. Hal.) Mitt.",Accepted,,M,TRO,35179274,,"J. Linn. Soc., Bot.","12: 605","605","1869"
tro-35179275,B,Polytrichaceae,,Atrichum,,"oerstedianum",var.,"longifolium","(Lindb.) A. Jaeger",Accepted,,L,TRO,35179275,,"Ber. Thätigk. St. Gallischen Naturwiss. Ges.","1873–74: 242 (Gen. Sp. Musc. 1: 704)","242 ","1875"
tro-35169295,B,Polytrichaceae,,Atrichum,,"pallidum",var.,"gracile","(Müll. Hal.) Nyholm",Unresolved,,L,TRO,35169295,,"Lindbergia","1: 9","9","1971"
tro-35179280,B,Polytrichaceae,,Atrichum,,"parvirosula",,"","(Müll. Hal.) Paris",Accepted,,M,TRO,35179280,,"Index Bryol. Suppl.","17","17","1900"
tro-35179284,B,Polytrichaceae,,Atrichum,,"polycarpum",,"","(Müll. Hal.) Mitt.",Accepted,,M,TRO,35179284,,"J. Linn. Soc., Bot.","12: 604","604","1869"
tro-35179287,B,Polytrichaceae,,Atrichum,,"pusillum",,"","(Müll. Hal.) Paris",Accepted,,M,TRO,35179287,,"Index Bryol. Suppl.","17","17","1900"
tro-35179289,B,Polytrichaceae,,Atrichum,,"rhystophyllum",,"","(Müll. Hal.) Paris",Accepted,,M,TRO,35179289,,"Index Bryol. Suppl.","17","17","1900"
tro-35179290,B,Polytrichaceae,,Atrichum,,"rigidum",,"","Lorentz",Accepted,,M,TRO,35179290,,"Moosstudien","156","156","1864"
tro-35179291,B,Polytrichaceae,,Atrichum,,"rio-grandense",,"","(Broth.) Paris",Accepted,,M,TRO,35179291,,"Index Bryol. (ed. 2)","1: 70","70","1904"
tro-35179293,B,Polytrichaceae,,Atrichum,,"runcinatum",,"","(Müll. Hal.) Paris",Accepted,,M,TRO,35179293,,"Index Bryol. Suppl.","17","17","1900"
tro-35179294,B,Polytrichaceae,,Atrichum,,"rutteri",,"","Thér. & Dixon",Accepted,,M,TRO,35179294,,"J. Linn. Soc., Bot.","43: 310. pl. 27: f. 12","310","1916"
tro-35179296,B,Polytrichaceae,,Atrichum,,"selwynii",,"","Austin",Accepted,,M,TRO,35179296,,"Bot. Gaz.","2: 95","95","1877"
tro-35179301,B,Polytrichaceae,,Atrichum,,"speciosum",,"","(Horik.) Wijk & Margad.",Accepted,,M,TRO,35179301,,"Taxon","8: 106","106","1959"
tro-35179302,B,Polytrichaceae,,Atrichum,,"spinulosum",,"","(Cardot) Mizush.",Accepted,,M,TRO,35179302,,"J. Jap. Bot.","31: 119","119","1956"
tro-35214783,B,Polytrichaceae,,Atrichum,,"subrhystophyllum",,"","J.-P. Frahm",Accepted,,M,TRO,35214783,,"J. Hattori Bot. Lab.","95: 224","224","2004"
tro-35179304,B,Polytrichaceae,,Atrichum,,"subserratum",,"","(Harv. & Hook. f.) Mitt.",Accepted,,M,TRO,35179304,,"J. Proc. Linn. Soc., Bot., Suppl.","2: 150","150","1859"
tro-35179305,B,Polytrichaceae,,Atrichum,,"subulirostrum",,"","Schimp. ex Besch.",Accepted,,M,TRO,35179305,,"Mém. Soc. Sci. Nat. Cherbourg","16: 205","205","1872"
tro-35179306,B,Polytrichaceae,,Atrichum,,"subundulatum",,"","Schimp.",Unresolved,,L,TRO,35179306,,"Traité Paléont. Vég.","1: 244","244","1869"
tro-35179307,B,Polytrichaceae,,Atrichum,,"synoicum",,"","(Müll. Hal.) Paris",Accepted,,M,TRO,35179307,,"Index Bryol. Suppl.","17","17","1900"
tro-35179308,B,Polytrichaceae,,Atrichum,,"tenellum",,"","(Röhl.) Bruch & Schimp.",Accepted,,M,TRO,35179308,,"Bryol. Eur.","4: 237 (fasc. 21–22 Monogr. 9)","237","1844"
tro-35179309,B,Polytrichaceae,,Atrichum,,"tenellum",var.,"cylindricum","(Podp.) Podp.",Accepted,,L,TRO,35179309,,"Consp. Musc. Eur.","55","55","1954"
tro-35179314,B,Polytrichaceae,,Atrichum,,"undulatum",,"","(Hedw.) P. Beauv.",Accepted,,M,TRO,35179314,,"Prodr. Aethéogam.","42","42","1805"
tro-35179326,B,Polytrichaceae,,Atrichum,,"undulatum",var.,"minus","(Hedw.) Paris",Accepted,,L,TRO,35179326,,"Index Bryol. (ed. 2)","1: 72","72","1903"
tro-35179327,B,Polytrichaceae,,Atrichum,,"undulatum",var.,"pallidum","(Péterfi) L.I. Savicz",Accepted,,L,TRO,35179327,,"Fl. Sporov. Rast. SSSR","3: 191","191","1954"
tro-35215609,B,Polytrichaceae,,Atrichum,,"undulatum",var.,"polycarpum","(Jaap) Plam.",Accepted,,L,TRO,35215609,,"Fl. Briol. Româiei Cl. Musci","1(1): 118","118","1998"
tro-35179328,B,Polytrichaceae,,Atrichum,,"undulatum",var.,"rivulare","(Bryhn) Paris",Accepted,,L,TRO,35179328,,"Index Bryol. (ed. 2)","1: 72","72","1904"
tro-35179329,B,Polytrichaceae,,Atrichum,,"undulatum",var.,"selwynii","(Austin) Frye",Accepted,,L,TRO,35179329,,"Moss Fl. N. Amer.","1: 103","103","1937"
tro-35179331,B,Polytrichaceae,,Atrichum,,"undulatum",var.,"subserratum","(Harv. & Hook. f.) Paris",Accepted,,L,TRO,35179331,,"Index Bryol.","55","55","1894"
tro-35169297,B,Polytrichaceae,,Atrichum,,"undulatum",f.,"thermophila","(Hesselbo) Nyholm",Accepted,,L,TRO,35169297,,"Lindbergia","1: 20","20","1971"
tro-35182645,B,Polytrichaceae,,Atrichum,,"undulatum",var.,"yunnanense","(Broth.) P.C. Chen & T.L. Wan ex W. X. Xu & R.L. Xiong",Accepted,,L,TRO,35182645,,"Acta Bot. Yunnan.","6: 182","182","1984"
tro-35179337,B,Polytrichaceae,,Atrichum,,"yakushimense",,"","(Horik.) Mizush.",Accepted,,M,TRO,35179337,,"J. Jap. Bot.","31: 119","119","1956"
tro-35179338,B,Polytrichaceae,,Atrichum,,"yunnanense",,"","(Broth.) E.B. Bartram",Accepted,,M,TRO,35179338,,"Ann. Bryol.","8: 20","20","1935"
tro-35113724,B,Polytrichaceae,,Bartramiopsis,,"lescurii",,"","(James) Kindb.",Accepted,,M,TRO,35113724,,"Rev. Bryol.","21: 35","35","1894"
tro-35113726,B,Polytrichaceae,,Bartramiopsis,,"sitkana",,"","(Kindb.) Kindb.",Accepted,,M,TRO,35113726,,"Nat. Pflanzenfam.","I(3): 679","679","1905"
tro-35153174,B,Polytrichaceae,,Callibryon,,"undulatum",,"","(Hedw.) Zenker & D. Dietr.",Accepted,,M,TRO,35153174,,"Musci Thur.","11: n. 41","n","1822"
tro-35156916,B,Polytrichaceae,,Catharinea,,"abbreviata",,"","(Bruch & Schimp.) Navashin",Accepted,,M,TRO,35156916,,"Bull. Soc. Imp. Naturalistes Moscou, n.s.","14: 330","330","1900"
tro-35156917,B,Polytrichaceae,,Catharinea,,"abriaquiae",,"","Müll. Hal.",Accepted,,M,TRO,35156917,,"Flora","58: 534","534","1875"
tro-35156918,B,Polytrichaceae,,Catharinea,,"aculeata",,"","(Cardot & P. de la Varde) Broth.",Accepted,,M,TRO,35156918,,"Nat. Pflanzenfam. (ed. 2)","11: 495","495","1925"
tro-35156919,B,Polytrichaceae,,Catharinea,,"aequinoctialis",,"","Müll. Hal.",Accepted,,M,TRO,35156919,,"Nuovo Giorn. Bot. Ital., n.s.,","4: 12","12","1897"
tro-35156922,B,Polytrichaceae,,Catharinea,,"androgyna",,"","Müll. Hal.",Accepted,,M,TRO,35156922,,"Syn. Musc. Frond.","1: 193","193","1848"
tro-35156923,B,Polytrichaceae,,Catharinea,,"angustata",,"","(Brid.) Brid.",Accepted,,M,TRO,35156923,,"Muscol. Recent. Suppl.","4: 204","204","1819"
tro-35156936,B,Polytrichaceae,,Catharinea,,"anomala",,"","Bryhn",Unresolved,,L,TRO,35156936,,"Bot. Not.","1886: 157","157","1886"
tro-35156938,B,Polytrichaceae,,Catharinea,,"aristata",,"","Hampe",Accepted,,M,TRO,35156938,,"Linnaea","32: 146","146","1863"
tro-35156948,B,Polytrichaceae,,Catharinea,,"canaliculata",,"","(Hook. & Arn.) Müll. Hal.",Accepted,,M,TRO,35156948,,"Syn. Musc. Frond.","1: 199","199","1848"
tro-35156952,B,Polytrichaceae,,Catharinea,,"ciliata",,"","(Hook. & Wilson) Müll. Hal.",Accepted,,M,TRO,35156952,,"Syn. Musc. Frond.","1: 201","201","1848"
tro-35156953,B,Polytrichaceae,,Catharinea,,"compressa",,"","(Hook. f. & Wilson) Müll. Hal.",Accepted,,M,TRO,35156953,,"Syn. Musc. Frond.","1: 195","195","1848"
tro-35156958,B,Polytrichaceae,,Catharinea,,"crispula",,"","(Schimp. ex Besch.) Broth.",Accepted,,M,TRO,35156958,,"Nat. Pflanzenfam.","I(3): 673","673","1905"
tro-35156964,B,Polytrichaceae,,Catharinea,,"erosa",,"","Hampe",Accepted,,M,TRO,35156964,,"Linnaea","32: 146","146","1863"
tro-35156967,B,Polytrichaceae,,Catharinea,,"flaviseta",,"","(Mitt.) Broth.",Accepted,,M,TRO,35156967,,"Nat. Pflanzenfam.","I(3): 672","672","1904"
tro-35156969,B,Polytrichaceae,,Catharinea,,"glabrata",,"","Hook.",Unresolved,,L,TRO,35156969,,"J. Iceland (ed. 2)","2: 340","340","1813"
tro-35156973,B,Polytrichaceae,,Catharinea,,"grossidens",,"","(Müll. Hal. ex E. Britton) Müll. Hal.",Accepted,,M,TRO,35156973,,"Nuovo Giorn. Bot. Ital., n.s.,","4: 13","13","1897"
tro-35156975,B,Polytrichaceae,,Catharinea,,"gymnostomula",,"","Müll. Hal.",Accepted,,M,TRO,35156975,,"Linnaea","42: 264","264","1879"
tro-35156976,B,Polytrichaceae,,Catharinea,,"haussknechtii",,"","(Jur. & Milde) Broth.",Accepted,,M,TRO,35156976,,"Étud. Distr. Mousses Caucase","4","4","1884"
tro-35156980,B,Polytrichaceae,,Catharinea,,"hercynica",,"","(Hedw.) F. Weber & D. Mohr",Accepted,,M,TRO,35156980,,"Index Mus. Pl. Crypt.","[2]","","1803"
tro-35156983,B,Polytrichaceae,,Catharinea,,"hirtella",,"","(Renauld & Cardot) Broth.",Accepted,,M,TRO,35156983,,"Nat. Pflanzenfam.","I(3): 673","673","1905"
tro-35156986,B,Polytrichaceae,,Catharinea,,"integrifolia",,"","(Müll. Hal. ex E. Britton) Müll. Hal.",Accepted,,M,TRO,35156986,,"Nuovo Giorn. Bot. Ital., n.s.,","4: 14","14","1897"
tro-35156991,B,Polytrichaceae,,Catharinea,,"laevifolia",,"","Lindb. & Arnell",Accepted,,M,TRO,35156991,,"Kongl. Svenska Vetensk. Acad. Handl., n.s.","23(10): 11","11","1890"
tro-35156992,B,Polytrichaceae,,Catharinea,,"laevigata",,"","(Wahlenb.) Brid.",Accepted,,M,TRO,35156992,,"Muscol. Recent. Suppl.","4: 202","202","1819"
tro-35156997,B,Polytrichaceae,,Catharinea,,"lescurii",,"","(James) Müll. Hal.",Accepted,,M,TRO,35156997,,"Gen. Musc. Frond.","165","165","1900"
tro-35156998,B,Polytrichaceae,,Catharinea,,"ligulata",,"","(Mitt.) Müll. Hal.",Accepted,,M,TRO,35156998,,"Gen. Musc. Frond.","165","165","1900"
tro-35157001,B,Polytrichaceae,,Catharinea,,"magellanica",,"","(Hedw.) Brid.",Accepted,,M,TRO,35157001,,"Muscol. Recent. Suppl.","4: 204","204","1819"
tro-35157002,B,Polytrichaceae,,Catharinea,,"microdendron",,"","Müll. Hal.",Accepted,,M,TRO,35157002,,"Hedwigia","36: 339","339","1897"
tro-35157011,B,Polytrichaceae,,Catharinea,,"nigricans",,"","Müll. Hal. ex Herzog",Accepted,,M,TRO,35157011,,"Biblioth. Bot.","87: 102","102","1916"
tro-35157021,B,Polytrichaceae,,Catharinea,,"parallela",,"","(Mitt.) Müll. Hal.",Accepted,,M,TRO,35157021,,"Gen. Musc. Frond.","165","165","1900"
tro-35157023,B,Polytrichaceae,,Catharinea,,"pastasana",,"","(Mitt.) Broth.",Accepted,,M,TRO,35157023,,"Nat. Pflanzenfam.","I(3): 673","673","1905"
tro-35157037,B,Polytrichaceae,,Catharinea,,"rhystophylla",,"","Müll. Hal.",Accepted,,M,TRO,35157037,,"Nuovo Giorn. Bot. Ital., n.s.,","3: 93","93","1896"
tro-35157038,B,Polytrichaceae,,Catharinea,,"rigida",,"","(Lorentz) Müll. Hal.",Accepted,,M,TRO,35157038,,"Gen. Musc. Frond.","165","165","1900"
tro-35157040,B,Polytrichaceae,,Catharinea,,"rivularis",,"","K. Krieg.",Unresolved,,L,TRO,35157040,,"Hedwigia","42 Beibl. 3: 120","120","1903"
tro-35157041,B,Polytrichaceae,,Catharinea,,"rosulata",,"","(Müll. Hal. & Kindb.) Kindb.",Accepted,,M,TRO,35157041,,"Rev. Bryol.","21: 34","34","1894"
tro-35157043,B,Polytrichaceae,,Catharinea,,"rutteri",,"","(Thér. & Dixon) Broth.",Accepted,,M,TRO,35157043,,"Nat. Pflanzenfam. (ed. 2)","11: 495","495","1925"
tro-35157054,B,Polytrichaceae,,Catharinea,,"spinosa",,"","Warnst.",Unresolved,,L,TRO,35157054,,"Krypt.-Fl. Brandenburg, Laubm.","1087. 1089 f. 5","1087","1906"
tro-35157056,B,Polytrichaceae,,Catharinea,,"squamosa",,"","(Hook. f. & Wilson) Müll. Hal.",Accepted,,M,TRO,35157056,,"Syn. Musc. Frond.","1: 200","200","1848"
tro-35157060,B,Polytrichaceae,,Catharinea,,"subundulata",,"","Broth.",Unresolved,,L,TRO,35157060,,"Nat. Pflanzenfam.","I(3): 1239","1239","1909"
tro-35157064,B,Polytrichaceae,,Catharinea,,"tapes",,"","Müll. Hal.",Accepted,,M,TRO,35157064,,"Int. Polarforsch., Deutsch. Exped.","2: 288","288","1890"
tro-35157070,B,Polytrichaceae,,Catharinea,,"tenuirostris",,"","(Hook.) Brid.",Accepted,,M,TRO,35157070,,"Bryol. Univ.","2: 101","101","1827"
tro-35157071,B,Polytrichaceae,,Catharinea,,"torquescens",,"","(Schimp.) Müll. Hal.",Accepted,,M,TRO,35157071,,"Gen. Musc. Frond.","165","165","1900"
tro-35157072,B,Polytrichaceae,,Catharinea,,"trianae",,"","(Müll. Hal.) Hampe",Accepted,,M,TRO,35157072,,"Ann. Sci. Nat., Bot., sér. 5,","4: 346","346","1865"
tro-35157073,B,Polytrichaceae,,Catharinea,,"trichodon",,"","(Hook. f. & Wilson) Müll. Hal.",Accepted,,M,TRO,35157073,,"Syn. Musc. Frond.","1: 195","195","1848"
tro-35157076,B,Polytrichaceae,,Catharinea,,"undulata",,"","(Hedw.) F. Weber & D. Mohr",Accepted,,M,TRO,35157076,,"Index Mus. Pl. Crypt.","[2]","","1803"
tro-35157113,B,Polytrichaceae,,Catharinea,,"undulatiformis",,"","(Renauld & Cardot) Broth.",Accepted,,M,TRO,35157113,,"Nat. Pflanzenfam.","I(3): 673","673","1905"
tro-35157114,B,Polytrichaceae,,Catharinea,,"urnigera",,"","(Hedw.) J. Kickx f.",Accepted,,M,TRO,35157114,,"Bull. Soc. Roy. Bot. Belgique","4: 331","331","1865"
tro-35157115,B,Polytrichaceae,,Catharinea,,"valenciae",,"","Müll. Hal.",Accepted,,M,TRO,35157115,,"Linnaea","42: 468","468","1879"
tro-35157122,B,Polytrichaceae,,Catharinella,,"atro-virens",,"","(Mitt.) Kindb.",Accepted,,M,TRO,35157122,,"Rev. Bryol.","21: 35","35","1894"
tro-35157124,B,Polytrichaceae,,Catharinella,,"contorta",,"","(Menzies ex Brid.) Kindb.",Accepted,,M,TRO,35157124,,"Rev. Bryol.","21: 35","35","1894"
tro-35157125,B,Polytrichaceae,,Catharinella,,"dixonii",,"","(Braithw.) Kindb.",Accepted,,M,TRO,35157125,,"Eur. N. Amer. Bryin.","2: 157","157","1897"
tro-35157126,B,Polytrichaceae,,Catharinella,,"erythrodontia",,"","(Kindb.) Kindb.",Accepted,,M,TRO,35157126,,"Rev. Bryol.","21: 36","36","1894"
tro-35100840,B,Polytrichaceae,,Dawsonia,,"beccarii",,"","Broth. & Geh.",Accepted,,M,TRO,35100840,,"Rev. Bryol.","23: 78","78","1896"
tro-35169728,B,Polytrichaceae,,Dawsonia,,"beccarii",var.,"limbata","(Dixon) Zanten & P. Heukels",Accepted,,L,TRO,35169728,,"Lindbergia","2: 38","38","1973"
tro-35100846,B,Polytrichaceae,,Dawsonia,,"gigantea",,"","Müll. Hal. ex Geh.",Accepted,,M,TRO,35100846,,"Rev. Bryol.","23: 77","77","1896"
tro-35100847,B,Polytrichaceae,,Dawsonia,,"grandis",,"","Geh.",Accepted,,M,TRO,35100847,,"Rev. Bryol.","23: 76","76","1896"
tro-35100848,B,Polytrichaceae,,Dawsonia,,"insignis",,"","Lorch",Accepted,,M,TRO,35100848,,"Handb. Pfl.-Anat.","7(1, 2): 65. 59","65","1931"
tro-35100852,B,Polytrichaceae,,Dawsonia,,"lativaginata",,"","Wijk",Accepted,,M,TRO,35100852,,"Rev. Bryol. Lichénol.","26: 16. 3. f. 3, 4 f. 3, 5 f. 1","16","1957"
tro-35100853,B,Polytrichaceae,,Dawsonia,,"limbata",,"","Dixon",Accepted,,M,TRO,35100853,,"J. Linn. Soc., Bot.","45: 486. pl. 28: f. 4","486","1922"
tro-35100855,B,Polytrichaceae,,Dawsonia,,"longiseta",,"","Hampe",Accepted,,M,TRO,35100855,,"Linnaea","30: 634","634","1860"
tro-35100858,B,Polytrichaceae,,Dawsonia,,"papuana",,"","F. Muell. ex Geh.",Accepted,,M,TRO,35100858,,"Rev. Bryol.","23: 76","76","1896"
tro-35100859,B,Polytrichaceae,,Dawsonia,,"polytrichoides",,"","R. Br.",Accepted,,M,TRO,35100859,,"Trans. Linn. Soc. London","10: 316. 23 f. 1","316","1811"
tro-35100861,B,Polytrichaceae,,Dawsonia,,"pulchra",,"","Wijk",Accepted,,M,TRO,35100861,,"Rev. Bryol. Lichénol.","26: 11. f. 2–3: 1, 4: 1","11","1957"
tro-35100862,B,Polytrichaceae,,Dawsonia,,"pullei",,"","M. Fleisch. & Reimers",Accepted,,M,TRO,35100862,,"Hedwigia","69: 134","134","1929"
tro-35100863,B,Polytrichaceae,,Dawsonia,,"superba",,"","Grev.",Accepted,,M,TRO,35100863,,"Ann. Mag. Nat. Hist.","19: 226. pl. 12","226","1847"
tro-35183958,B,Polytrichaceae,,Dawsonia,,"superba",var.,"pulchra","(Wijk) Zanten",Accepted,,L,TRO,35183958,,"Jaarb. Kon. Ned. Bot. Ver.","1971: 36","36","1972"
tro-35100864,B,Polytrichaceae,,Dawsonia,,"victoriae",,"","Müll. Hal.",Accepted,,M,TRO,35100864,,"Hedwigia","36: 335","335","1897"
tro-35100895,B,Polytrichaceae,,Dendroligotrichum,,"dendroides",,"","(Brid. ex Hedw.) Broth.",Accepted,,M,TRO,35100895,,"Nat. Pflanzenfam.","I(3): 681","681","1905"
tro-35169067,B,Polytrichaceae,,Dendroligotrichum,,"dendroides",subsp.,"microdendron","(Müll. Hal.) G.L. Sm.",Accepted,,L,TRO,35169067,,"Mem. New York Bot. Gard.","21(3): 62","62","1971"
tro-35168851,B,Polytrichaceae,,Dendroligotrichum,,"microdendron",,"","(Müll. Hal.) G.L. Sm.",Accepted,,M,TRO,35168851,,"Phytologia","18: 403","403","1969"
tro-35183961,B,Polytrichaceae,,Dendroligotrichum,,"squamosum",,"","(Hook. f. & Wilson) Cardot",Accepted,,M,TRO,35183961,,"Wiss. Erb. Schwed. Südpolar-Exp.","4(8): 156","156","1908"
tro-100371393,B,Polytrichaceae,,Dendroligotrichum,,"tongariroense",,"","(Colenso) Tangney",Accepted,,M,TRO,100371393,,"J. Bryol.","33(1): 81","81","2011"
tro-35201150,B,Polytrichaceae,,Eopolytrichum,,"antiquum",,"","Konopka, Herend., G.L. Merr. & P. Crane",Accepted,,M,TRO,35201150,,"Int. J. Pl. Sci.","158: 490","490","1997"
tro-35200961,B,Polytrichaceae,,Hebantia,,"rigida",,"","(Lorentz) G.L. Merr.",Accepted,,M,TRO,35200961,,"J. Hattori Bot. Lab.","80: 247","247","1996"
tro-35169069,B,Polytrichaceae,,Itatiella,,"ulei",,"","(Broth. ex Müll. Hal.) G.L. Sm.",Accepted,,M,TRO,35169069,,"Mem. New York Bot. Gard.","21(3): 52","52","1971"
tro-35160605,B,Polytrichaceae,,Lyellia,,"aspera",,"","(I. Hagen & C.E.O. Jensen) Frye",Accepted,,M,TRO,35160605,,"Moss Fl. N. Amer.","1: 111","111","1937"
tro-35160607,B,Polytrichaceae,,Lyellia,,"bifurcata",,"","Bél.",Accepted,,M,TRO,35160607,,"Voy. Indes Or.","2: 99","99","1834"
tro-35160609,B,Polytrichaceae,,Lyellia,,"crispa",,"","R. Br.",Accepted,,M,TRO,35160609,,"Trans. Linn. Soc. London","12(2): 562","562","1819"
tro-35160611,B,Polytrichaceae,,Lyellia,,"platycarpa",,"","Cardot & Thér.",Accepted,,M,TRO,35160611,,"Arch. Bot. Bull. Mens.","1: 67. 2","67","1927"
tro-35186497,B,Polytrichaceae,,Meiotrichum,,"lyallii",,"","(Mitt.) G.L. Merr.",Accepted,,M,TRO,35186497,,"Bryologist","95: 271","271","1992"
tro-35165360,B,Polytrichaceae,,Microdendron,,"sinense",,"","Broth.",Accepted,,M,TRO,35165360,,"Symb. Sin.","4: 137. pl. 5: f. 14","137","1929"
tro-35169071,B,Polytrichaceae,,Notoligotrichum,,"angulatum",,"","(Cardot & Broth.) G.L. Sm.",Accepted,,M,TRO,35169071,,"Mem. New York Bot. Gard.","21(3): 51","51","1971"
tro-35169072,B,Polytrichaceae,,Notoligotrichum,,"australe",,"","(Hook. f. & Wilson) G.L. Sm.",Accepted,,M,TRO,35169072,,"Mem. New York Bot. Gard.","21(3): 51","51","1971"
tro-35169073,B,Polytrichaceae,,Notoligotrichum,,"bellii",,"","(Broth.) G.L. Sm.",Accepted,,M,TRO,35169073,,"Mem. New York Bot. Gard.","21(3): 51","51","1971"
tro-35169074,B,Polytrichaceae,,Notoligotrichum,,"crispulum",,"","(Hook. f. & Wilson) G.L. Sm.",Accepted,,M,TRO,35169074,,"Mem. New York Bot. Gard.","21(3): 51","51","1971"
tro-35169075,B,Polytrichaceae,,Notoligotrichum,,"laxifolium",,"","(Dixon) G.L. Sm.",Accepted,,M,TRO,35169075,,"Mem. New York Bot. Gard.","21(3): 51","51","1971"
tro-35169076,B,Polytrichaceae,,Notoligotrichum,,"mexicanum",,"","(G.L. Sm.) G.L. Sm.",Accepted,,M,TRO,35169076,,"Mem. New York Bot. Gard.","21(3): 51","51","1971"
tro-35169077,B,Polytrichaceae,,Notoligotrichum,,"minimum",,"","(Cardot) G.L. Sm.",Accepted,,M,TRO,35169077,,"Mem. New York Bot. Gard.","21(3): 51","51","1971"
tro-35169078,B,Polytrichaceae,,Notoligotrichum,,"tapes",,"","(Müll. Hal.) G.L. Sm.",Accepted,,M,TRO,35169078,,"Mem. New York Bot. Gard.","21(3): 51","51","1971"
tro-35188314,B,Polytrichaceae,,Notoligotrichum,,"tapes",var.,"apiculatum","(Cardot) Schiavone",Accepted,,L,TRO,35188314,,"Fl. Criptog. Tierra del Fuego","14(12): 38","38","1993"
tro-35169079,B,Polytrichaceae,,Notoligotrichum,,"trichodon",,"","(Hook. f. & Wilson) G.L. Sm.",Accepted,,M,TRO,35169079,,"Mem. New York Bot. Gard.","21(3): 51","51","1971"
tro-35169080,B,Polytrichaceae,,Notoligotrichum,,"tristaniense",,"","(Dixon) G.L. Sm.",Accepted,,M,TRO,35169080,,"Mem. New York Bot. Gard.","21(3): 51","51","1971"
tro-35172444,B,Polytrichaceae,,Oligotrichum,,"abriaquiae",,"","(Müll. Hal.) Kindb.",Accepted,,M,TRO,35172444,,"Enum. Bryin. Exot.","68","68","1888"
tro-35141337,B,Polytrichaceae,,Oligotrichum,,"afrolaevigatum",,"","(Dixon) G.L. Sm.",Accepted,,M,TRO,35141337,,"Phytologia","18: 403","403","1969"
tro-35172446,B,Polytrichaceae,,Oligotrichum,,"aligerum",,"","Mitt.",Accepted,,M,TRO,35172446,,"J. Proc. Linn. Soc., Bot.","8: 48. pl. 8","48","1864"
tro-35172447,B,Polytrichaceae,,Oligotrichum,,"antarcticum",,"","(Müll. Hal.) Kindb.",Accepted,,M,TRO,35172447,,"Enum. Bryin. Exot., Suppl. 1","93","93","1889"
tro-35172449,B,Polytrichaceae,,Oligotrichum,,"aristatulum",,"","Broth.",Accepted,,M,TRO,35172449,,"Symb. Sin.","4: 132","132","1929"
tro-35172450,B,Polytrichaceae,,Oligotrichum,,"aristatum",,"","(Hampe) Kindb.",Accepted,,M,TRO,35172450,,"Enum. Bryin. Exot.","68","68","1888"
tro-35172452,B,Polytrichaceae,,Oligotrichum,,"arnoldii",,"","(Hampe) Kindb.",Accepted,,M,TRO,35172452,,"Enum. Bryin. Exot.","68","68","1888"
tro-35172453,B,Polytrichaceae,,Oligotrichum,,"atrichopsis",,"","Müll. Hal.",Accepted,,M,TRO,35172453,,"Gen. Musc. Frond.","167","167","1900"
tro-35172454,B,Polytrichaceae,,Oligotrichum,,"australasicum",,"","(Hampe) Kindb.",Accepted,,M,TRO,35172454,,"Enum. Bryin. Exot.","68","68","1888"
tro-35172455,B,Polytrichaceae,,Oligotrichum,,"australe",,"","(Hook. f. & Wilson) Kindb.",Accepted,,M,TRO,35172455,,"Enum. Bryin. Exot.","69","69","1888"
tro-35141338,B,Polytrichaceae,,Oligotrichum,,"austroaligerum",,"","G.L. Sm.",Accepted,,M,TRO,35141338,,"Phytologia","18: 403","403","1969"
tro-35172456,B,Polytrichaceae,,Oligotrichum,,"canaliculatum",,"","(Hook. & Arn.) Mitt.",Accepted,,M,TRO,35172456,,"J. Linn. Soc., Bot.","12: 606","606","1869"
tro-35172457,B,Polytrichaceae,,Oligotrichum,,"canaliculatum",var.,"majus","(Lorentz) Paris",Accepted,,L,TRO,35172457,,"Index Bryol.","865","865","1897"
tro-35169081,B,Polytrichaceae,,Oligotrichum,,"cavallii",,"","(G. Negri) G.L. Sm.",Accepted,,M,TRO,35169081,,"Mem. New York Bot. Gard.","21(3): 53","53","1971"
tro-35172462,B,Polytrichaceae,,Oligotrichum,,"ciliatum",,"","(Hook. & Wilson) Kindb.",Accepted,,M,TRO,35172462,,"Enum. Bryin. Exot.","69","69","1888"
tro-35172463,B,Polytrichaceae,,Oligotrichum,,"compressum",,"","(Hook. f. & Wilson) Kindb.",Accepted,,M,TRO,35172463,,"Enum. Bryin. Exot.","69","69","1888"
tro-35172464,B,Polytrichaceae,,Oligotrichum,,"crispatissimum",,"","Müll. Hal.",Accepted,,M,TRO,35172464,,"Gen. Musc. Frond.","167","167","1900"
tro-35172465,B,Polytrichaceae,,Oligotrichum,,"crispulum",,"","(Hook. f. & Wilson) Kindb.",Accepted,,M,TRO,35172465,,"Enum. Bryin. Exot.","69","69","1888"
tro-35172466,B,Polytrichaceae,,Oligotrichum,,"croceum",,"","(Mitt.) Kindb.",Accepted,,M,TRO,35172466,,"Enum. Bryin. Exot.","69","69","1888"
tro-35182754,B,Polytrichaceae,,Oligotrichum,,"crossidioides",,"","P.C. Chen & T.L. Wan ex W. X. Xu & R.L. Xiong",Accepted,,M,TRO,35182754,,"Acta Bot. Yunnan.","6: 179. f. 5","179","1984"
tro-35172467,B,Polytrichaceae,,Oligotrichum,,"dendroides",,"","(Brid. ex Hedw.) Kindb.",Accepted,,M,TRO,35172467,,"Enum. Bryin. Exot.","69","69","1888"
tro-35186285,B,Polytrichaceae,,Oligotrichum,,"denudatum",,"","G.L. Merr.",Accepted,,M,TRO,35186285,,"Novon","1: 107. f. 1","107","1991"
tro-35172469,B,Polytrichaceae,,Oligotrichum,,"ericoides",,"","(Hampe) Kindb.",Accepted,,M,TRO,35172469,,"Enum. Bryin. Exot.","69","69","1888"
tro-35172470,B,Polytrichaceae,,Oligotrichum,,"erosum",,"","(Hampe) Lindb.",Accepted,,M,TRO,35172470,,"Not. Sällsk. Fauna Fl. Fenn. Förh.","9: 103","103","1867"
tro-35162872,B,Polytrichaceae,,Oligotrichum,,"falcatum",,"","Steere",Accepted,,M,TRO,35162872,,"Bryologist","61: 115. f. 1–9","115","1958"
tro-35141339,B,Polytrichaceae,,Oligotrichum,,"falcifolium",,"","(Griff.) G.L. Sm.",Accepted,,M,TRO,35141339,,"Phytologia","18: 403","403","1969"
tro-35172472,B,Polytrichaceae,,Oligotrichum,,"flexuosum",,"","(Müll. Hal.) Kindb.",Accepted,,M,TRO,35172472,,"Enum. Bryin. Exot.","69","69","1888"
tro-35172474,B,Polytrichaceae,,Oligotrichum,,"giganteum",,"","(Hook.) Kindb.",Accepted,,M,TRO,35172474,,"Enum. Bryin. Exot.","69","69","1888"
tro-35203794,B,Polytrichaceae,,Oligotrichum,,"glaciale",,"","C.C. Towns.",Accepted,,M,TRO,35203794,,"J. Bryol.","20: 52. f. 2","52","1998"
tro-35172478,B,Polytrichaceae,,Oligotrichum,,"gymnostomulum",,"","(Müll. Hal.) Kindb.",Accepted,,M,TRO,35172478,,"Enum. Bryin. Exot., Suppl. 1","93","93","1889"
tro-35172479,B,Polytrichaceae,,Oligotrichum,,"hercynicum",,"","(Hedw.) Lam. & DC.",Accepted,,M,TRO,35172479,,"Fl. Franç. (ed. 3)","2: 492","492","1805"
tro-35172488,B,Polytrichaceae,,Oligotrichum,,"hercynicum",var.,"molle","(E. Nyman) C.E.O. Jensen",Accepted,,L,TRO,35172488,,"Skand. Bladmossfl.","39","39","1939"
tro-35172489,B,Polytrichaceae,,Oligotrichum,,"horridum",,"","(Mitt.) Kindb.",Accepted,,M,TRO,35172489,,"Enum. Bryin. Exot.","69","69","1888"
tro-35172496,B,Polytrichaceae,,Oligotrichum,,"innovans",,"","(Müll. Hal.) Kindb.",Accepted,,M,TRO,35172496,,"Enum. Bryin. Exot.","69","69","1888"
tro-35172499,B,Polytrichaceae,,Oligotrichum,,"javanicum",,"","(Hampe) Dozy & Molk.",Accepted,,M,TRO,35172499,,"Bryol. Jav.","1: 37. 28","37","1856"
tro-35172500,B,Polytrichaceae,,Oligotrichum,,"laevifolium",,"","Thér.",Accepted,,M,TRO,35172500,,"Revista Chilena Hist. Nat.","28: 134","134","1924"
tro-35172505,B,Polytrichaceae,,Oligotrichum,,"leiophyllum",,"","(Kindb.) Kindb.",Accepted,,M,TRO,35172505,,"Eur. N. Amer. Bryin.","2: 156","156","1897"
tro-35172507,B,Polytrichaceae,,Oligotrichum,,"longisetum",,"","(Brid.) Kindb.",Accepted,,M,TRO,35172507,,"Enum. Bryin. Exot.","69","69","1888"
tro-35172509,B,Polytrichaceae,,Oligotrichum,,"magellanicum",,"","(Hedw.) Kindb.",Accepted,,M,TRO,35172509,,"Enum. Bryin. Exot.","69","69","1888"
tro-35140958,B,Polytrichaceae,,Oligotrichum,,"nepalense",,"","G.L. Sm.",Accepted,,M,TRO,35140958,,"J. Hattori Bot. Lab.","41: 420. f. 1–9","420","1976"
tro-35172517,B,Polytrichaceae,,Oligotrichum,,"nietneri",,"","(Müll. Hal.) A. Jaeger",Accepted,,M,TRO,35172517,,"Ber. Thätigk. St. Gallischen Naturwiss. Ges.","1873–74: 238 (Gen. Sp. Musc. 1: 700)","238 ","1875"
tro-35169082,B,Polytrichaceae,,Oligotrichum,,"novae-guineae",,"","(E.B. Bartram) G.L. Sm.",Accepted,,M,TRO,35169082,,"Mem. New York Bot. Gard.","21(3): 49","49","1971"
tro-35172518,B,Polytrichaceae,,Oligotrichum,,"obtusatum",,"","Broth.",Accepted,,M,TRO,35172518,,"Symb. Sin.","4: 133","133","1929"
tro-35172519,B,Polytrichaceae,,Oligotrichum,,"obtusifolium",,"","Thér.",Accepted,,M,TRO,35172519,,"Rev. Bryol. Lichénol.","7: 167. 1","167","1935"
tro-35172520,B,Polytrichaceae,,Oligotrichum,,"parallelum",,"","(Mitt.) Kindb.",Accepted,,M,TRO,35172520,,"Bot. Not.","1896: 191","191","1896"
tro-35172522,B,Polytrichaceae,,Oligotrichum,,"purpureum",,"","(Mitt.) Kindb.",Accepted,,M,TRO,35172522,,"Enum. Bryin. Exot.","69","69","1888"
tro-35172521,B,Polytrichaceae,,Oligotrichum,,"pyriforme",,"","(Hampe) Kindb.",Accepted,,M,TRO,35172521,,"Enum. Bryin. Exot.","69","69","1888"
tro-35172523,B,Polytrichaceae,,Oligotrichum,,"riedelianum",,"","(Mont.) Mitt.",Accepted,,M,TRO,35172523,,"J. Linn. Soc., Bot.","12: 606","606","1869"
tro-35172524,B,Polytrichaceae,,Oligotrichum,,"riedelianum",,"","(Mont.) Ångström",Unresolved,,L,TRO,35172524,,"Öfvers. Förh. Kongl. Svenska Vetensk.-Akad.","33(4): 49","49","1876"
tro-35172526,B,Polytrichaceae,,Oligotrichum,,"rubiginosum",,"","(Mitt.) Kindb.",Accepted,,M,TRO,35172526,,"Enum. Bryin. Exot.","69","69","1888"
tro-35172527,B,Polytrichaceae,,Oligotrichum,,"semiangulatum",,"","(Brid.) Kindb.",Accepted,,M,TRO,35172527,,"Enum. Bryin. Exot.","69","69","1888"
tro-35172528,B,Polytrichaceae,,Oligotrichum,,"semilamellatum",,"","(Hook. f.) Mitt.",Accepted,,M,TRO,35172528,,"J. Proc. Linn. Soc., Bot., Suppl.","2: 150","150","1859"
tro-35167934,B,Polytrichaceae,,Oligotrichum,,"serratomarginatum",,"","J.X. Luo & P.C. Wu",Accepted,,M,TRO,35167934,,"Acta Phytotax. Sin.","18: 125. f. 4: 9–20","125","1980"
tro-35172529,B,Polytrichaceae,,Oligotrichum,,"squamosum",,"","(Hook. f. & Wilson) Kindb.",Accepted,,M,TRO,35172529,,"Enum. Bryin. Exot.","69","69","1888"
tro-35172531,B,Polytrichaceae,,Oligotrichum,,"subflexuosum",,"","(Lorentz) Kindb.",Accepted,,M,TRO,35172531,,"Enum. Bryin. Exot.","69","69","1888"
tro-35169693,B,Polytrichaceae,,Oligotrichum,,"suzukii",,"","(Broth.) C.C. Chuang",Accepted,,M,TRO,35169693,,"J. Hattori Bot. Lab.","37: 430","430","1973"
tro-35172532,B,Polytrichaceae,,Oligotrichum,,"tapes",,"","(Müll. Hal.) Kindb.",Accepted,,M,TRO,35172532,,"Enum. Bryin. Exot., suppl. 2,","107","107","1891"
tro-35172533,B,Polytrichaceae,,Oligotrichum,,"tenuirostre",,"","(Hook.) A. Jaeger",Accepted,,M,TRO,35172533,,"Ber. Thätigk. St. Gallischen Naturwiss. Ges.","1873–74: 237 (Gen. Sp. Musc. 1: 699)","237 ","1875"
tro-35172534,B,Polytrichaceae,,Oligotrichum,,"trianae",,"","(Müll. Hal.) Kindb.",Accepted,,M,TRO,35172534,,"Enum. Bryin. Exot.","69","69","1888"
tro-35172535,B,Polytrichaceae,,Oligotrichum,,"trichodon",,"","(Hook. f. & Wilson) Kindb.",Accepted,,M,TRO,35172535,,"Enum. Bryin. Exot.","69","69","1888"
tro-35172536,B,Polytrichaceae,,Oligotrichum,,"tristaniense",,"","Dixon",Accepted,,M,TRO,35172536,,"Results Norweg. Sci. Exped. Tristan da Cunha","48: 47","47","1960"
tro-35172538,B,Polytrichaceae,,Oligotrichum,,"umbrosum",,"","(Mitt.) Kindb.",Accepted,,M,TRO,35172538,,"Enum. Bryin. Exot.","69","69","1888"
tro-35172539,B,Polytrichaceae,,Oligotrichum,,"undulatum",,"","(Hedw.) Lam. & DC.",Accepted,,M,TRO,35172539,,"Fl. Franç. (ed. 3)","2: 492","492","1805"
tro-35172541,B,Polytrichaceae,,Oligotrichum,,"valenciae",,"","(Müll. Hal.) Kindb.",Accepted,,M,TRO,35172541,,"Enum. Bryin. Exot., Suppl. 1","93","93","1889"
tro-35141340,B,Polytrichaceae,,Oligotrichum,,"wageri",,"","(Broth.) G.L. Sm.",Accepted,,M,TRO,35141340,,"Phytologia","18: 403","403","1969"
tro-35183743,B,Polytrichaceae,,Plagioracelopus,,"marginatus",,"","(Mitt.) G.L. Merr.",Accepted,,M,TRO,35183743,,"Mem. New York Bot. Gard.","45: 469","469","1987"
tro-35183744,B,Polytrichaceae,,Plagioracelopus,,"rutteri",,"","(Thér. & Dixon) G.L. Merr.",Accepted,,M,TRO,35183744,,"Mem. New York Bot. Gard.","45: 469","469","1987"
tro-35119552,B,Polytrichaceae,,Pogonatum,,"afro-aloides",,"","(Müll. Hal.) Paris",Accepted,,M,TRO,35119552,,"Index Bryol.","974","974","1898"
tro-35119554,B,Polytrichaceae,,Pogonatum,,"albomarginatum",,"","(Müll. Hal.) A. Jaeger",Accepted,,M,TRO,35119554,,"Ber. Thätigk. St. Gallischen Naturwiss. Ges.","1873–74: 266 (Gen. Sp. Musc. 1: 728)","266 ","1875"
tro-35119555,B,Polytrichaceae,,Pogonatum,,"albovaginatum",,"","(Hampe) Besch.",Accepted,,M,TRO,35119555,,"Mém. Soc. Sci. Nat. Cherbourg","16: 209","209","1872"
tro-35119556,B,Polytrichaceae,,Pogonatum,,"aloides",,"","(Hedw.) P. Beauv.",Accepted,,M,TRO,35119556,,"Prodr. Aethéogam.","84","84","1805"
tro-35119568,B,Polytrichaceae,,Pogonatum,,"aloides",var.,"minimum","(Crome) Molendo",Accepted,,L,TRO,35119568,,"Jahres-Ber. Naturhist. Vereins Passau","10: 199","199","1875"
tro-35119575,B,Polytrichaceae,,Pogonatum,,"aloides x nanum",,"","Warnst.",Accepted,,M,TRO,35119575,,"Krypt.-Fl. Brandenburg, Laubm.","1091. 1106 f. 2","1091","1906"
tro-35119576,B,Polytrichaceae,,Pogonatum,,"alpiniforme",,"","(Cardot) E.B. Bartram",Accepted,,M,TRO,35119576,,"Bryologist","49: 125","125","1946"
tro-35217201,B,Polytrichaceae,,Pogonatum,,"alpinum",f.,"austrogeorgicum","(Müll. Hal.) Cardot",Unresolved,,L,TRO,35217201,,"Bull. Herb. Boissier, sér. 2,","6: 10","10","1906"
tro-35119581,B,Polytrichaceae,,Pogonatum,,"alpinum",var.,"furcatum","(Hornsch.) Paris",Unresolved,,L,TRO,35119581,,"Index Bryol.","976","976","1898"
tro-35140537,B,Polytrichaceae,,Pogonatum,,"alpinum",subsp.,"macounii","(Kindb.) Perss.",Unresolved,,L,TRO,35140537,,"Lindbergia","9: 16","16","1983"
tro-35119590,B,Polytrichaceae,,Pogonatum,,"angolense",,"","(Welw. & Duby) A. Jaeger",Accepted,,M,TRO,35119590,,"Ber. Thätigk. St. Gallischen Naturwiss. Ges.","1873–74: 251 (Gen. Sp. Musc. 1: 173)","251 ","1875"
tro-35119598,B,Polytrichaceae,,Pogonatum,,"australasicum",,"","(Müll. Hal. & Hampe) A. Jaeger",Accepted,,M,TRO,35119598,,"Ber. Thätigk. St. Gallischen Naturwiss. Ges.","1873–74: 256 (Gen. Sp. Musc. 1: 718)","256 ","1875"
tro-35119599,B,Polytrichaceae,,Pogonatum,,"austro-alpinum",,"","(Müll. Hal.) Paris",Accepted,,M,TRO,35119599,,"Index Bryol.","971","971","1898"
tro-35119601,B,Polytrichaceae,,Pogonatum,,"baldwinii",,"","(Müll. Hal.) Paris",Accepted,,M,TRO,35119601,,"Index Bryol.","977","977","1898"
tro-35119603,B,Polytrichaceae,,Pogonatum,,"barnesii",,"","Cardot",Accepted,,M,TRO,35119603,,"Rev. Bryol.","38: 38","38","1911"
tro-35119604,B,Polytrichaceae,,Pogonatum,,"belangeri",,"","(Müll. Hal.) A. Jaeger",Accepted,,M,TRO,35119604,,"Ber. Thätigk. St. Gallischen Naturwiss. Ges.","1873–74: 256 (Gen. Sp. Musc. 1: 718)","256 ","1875"
tro-35119606,B,Polytrichaceae,,Pogonatum,,"bernoullii",,"","(Müll. Hal.) Paris",Accepted,,M,TRO,35119606,,"Index Bryol.","977","977","1898"
tro-35119609,B,Polytrichaceae,,Pogonatum,,"borgenii",,"","(Hampe) A. Jaeger",Accepted,,M,TRO,35119609,,"Ber. Thätigk. St. Gallischen Naturwiss. Ges.","1873–74: 255 (Gen. Sp. Musc. 1: 717)","255 ","1875"
tro-35119611,B,Polytrichaceae,,Pogonatum,,"brachyphyllum",,"","(Michx.) P. Beauv.",Accepted,,M,TRO,35119611,,"Prodr. Aethéogam.","84","84","1805"
tro-35119612,B,Polytrichaceae,,Pogonatum,,"brachypodium",,"","(Müll. Hal.) Watts & Whitel.",Accepted,,M,TRO,35119612,,"Proc. Linn. Soc. New South Wales","27(Suppl.): 18","18","1902"
tro-35119617,B,Polytrichaceae,,Pogonatum,,"brasiliense",,"","(Hampe) A. Jaeger",Accepted,,M,TRO,35119617,,"Ber. Thätigk. St. Gallischen Naturwiss. Ges.","1873–74: 266 (Gen. Sp. Musc. 1: 728)","266 ","1875"
tro-35119622,B,Polytrichaceae,,Pogonatum,,"camarae",,"","(Müll. Hal.) Paris",Accepted,,M,TRO,35119622,,"Index Bryol.","978","978","1898"
tro-35119623,B,Polytrichaceae,,Pogonatum,,"campanulatum",,"","(Hornsch.) Brid.",Accepted,,M,TRO,35119623,,"Bryol. Univ.","2: 133","133","1827"
tro-35119624,B,Polytrichaceae,,Pogonatum,,"camptocaulon",,"","(Müll. Hal.) Paris",Accepted,,M,TRO,35119624,,"Index Bryol.","978","978","1898"
tro-35119625,B,Polytrichaceae,,Pogonatum,,"campylocarpon",,"","(Müll. Hal.) Mitt.",Accepted,,M,TRO,35119625,,"J. Linn. Soc., Bot.","12: 618","618","1869"
tro-35183281,B,Polytrichaceae,,Pogonatum,,"camusii",,"","(Thér.) A. Touw",Accepted,,M,TRO,35183281,,"J. Hattori Bot. Lab.","60: 26","26","1986"
tro-35119626,B,Polytrichaceae,,Pogonatum,,"capense",,"","(Hampe) A. Jaeger",Accepted,,M,TRO,35119626,,"Ber. Thätigk. St. Gallischen Naturwiss. Ges.","1873–74: 249 (Gen. Sp. Musc. 1: 711)","249 ","1875"
tro-35119631,B,Polytrichaceae,,Pogonatum,,"carionis",,"","(Müll. Hal.) Paris",Accepted,,M,TRO,35119631,,"Index Bryol.","979","979","1898"
tro-35119636,B,Polytrichaceae,,Pogonatum,,"cirratum",,"","(Sw.) Brid.",Accepted,,M,TRO,35119636,,"Bryol. Univ.","2: 110","110","1827"
tro-35184165,B,Polytrichaceae,,Pogonatum,,"cirratum",subsp.,"fuscatum","(Mitt.) Hyvönen",Accepted,,L,TRO,35184165,,"Acta Bot. Fenn.","138: 32","32","1989"
tro-35184166,B,Polytrichaceae,,Pogonatum,,"cirratum",subsp.,"macrophyllum","(Dozy & Molk.) Hyvönen",Accepted,,L,TRO,35184166,,"Acta Bot. Fenn.","138: 33","33","1989"
tro-35119637,B,Polytrichaceae,,Pogonatum,,"clavatum",,"","(Dozy & Molk.) Dozy & Molk.",Accepted,,M,TRO,35119637,,"Bryol. Jav.","1: 40. 30","40","1856"
tro-35119638,B,Polytrichaceae,,Pogonatum,,"collieanum",,"","(Müll. Hal.) Paris",Accepted,,M,TRO,35119638,,"Index Bryol. Suppl.","277","277","1900"
tro-35119639,B,Polytrichaceae,,Pogonatum,,"comosum",,"","(Müll. Hal.) Mitt.",Accepted,,M,TRO,35119639,,"J. Linn. Soc., Bot.","12: 614","614","1869"
tro-35119643,B,Polytrichaceae,,Pogonatum,,"congolense",,"","Cardot",Accepted,,M,TRO,35119643,,"Rev. Bryol.","36: 20","20","1909"
tro-35119646,B,Polytrichaceae,,Pogonatum,,"contortum",,"","(Menzies ex Brid.) Lesq.",Accepted,,M,TRO,35119646,,"Mem. Calif. Acad. Sci.","1: 27","27","1868"
tro-35119650,B,Polytrichaceae,,Pogonatum,,"convolutum",,"","(Hedw.) P. Beauv.",Accepted,,M,TRO,35119650,,"Prodr. Aethéogam.","84","84","1805"
tro-35119651,B,Polytrichaceae,,Pogonatum,,"convolutum",var.,"cirratum","(Sw.) Paris",Accepted,,L,TRO,35119651,,"Index Bryol.","979","979","1898"
tro-35119661,B,Polytrichaceae,,Pogonatum,,"dendroides",,"","(Brid. ex Hedw.) Brid.",Accepted,,M,TRO,35119661,,"Bryol. Univ.","2: 112","112","1827"
tro-35119662,B,Polytrichaceae,,Pogonatum,,"dentatum",,"","(Menzies ex Brid.) Brid.",Accepted,,M,TRO,35119662,,"Bryol. Univ.","2: 122","122","1827"
tro-35119666,B,Polytrichaceae,,Pogonatum,,"ericaefolium",,"","Besch.",Accepted,,M,TRO,35119666,,"Mém. Soc. Sci. Nat. Cherbourg","16: 210","210","1872"
tro-35119672,B,Polytrichaceae,,Pogonatum,,"fastigiatum",,"","Mitt.",Accepted,,M,TRO,35119672,,"J. Proc. Linn. Soc., Bot., Suppl.","2: 154","154","1859"
tro-35119679,B,Polytrichaceae,,Pogonatum,,"formosanum",,"","Horik.",Unresolved,,L,TRO,35119679,,"Bot. Mag. (Tokyo)","49: 59. 6","59","1935"
tro-35119681,B,Polytrichaceae,,Pogonatum,,"furcatum",,"","(Hornsch.) Brid.",Accepted,,M,TRO,35119681,,"Bryol. Univ.","2: 133","133","1827"
tro-35119682,B,Polytrichaceae,,Pogonatum,,"fuscatum",,"","Mitt.",Accepted,,M,TRO,35119682,,"J. Proc. Linn. Soc., Bot., Suppl.","2: 154","154","1859"
tro-35119683,B,Polytrichaceae,,Pogonatum,,"gardneri",,"","(Müll. Hal.) Mitt.",Accepted,,M,TRO,35119683,,"J. Proc. Linn. Soc., Bot.","8: 156","156","1864"
tro-35119684,B,Polytrichaceae,,Pogonatum,,"geheebii",,"","Besch.",Accepted,,M,TRO,35119684,,"Rev. Bryol.","24: 75","75","1897"
tro-35119685,B,Polytrichaceae,,Pogonatum,,"germainii",,"","(Müll. Hal.) Paris",Accepted,,M,TRO,35119685,,"Index Bryol.","981","981","1898"
tro-35119686,B,Polytrichaceae,,Pogonatum,,"giganteum",,"","(Hook.) Brid.",Accepted,,M,TRO,35119686,,"Bryol. Univ.","2: 123","123","1827"
tro-35119687,B,Polytrichaceae,,Pogonatum,,"gippslandiae",,"","(Müll. Hal.) Paris",Accepted,,M,TRO,35119687,,"Index Bryol. Suppl.","278","278","1900"
tro-35119690,B,Polytrichaceae,,Pogonatum,,"glaziovii",,"","(Hampe) A. Jaeger",Accepted,,M,TRO,35119690,,"Ber. Thätigk. St. Gallischen Naturwiss. Ges.","1873–74: 254 (Gen. Sp. Musc. 1: 716)","254 ","1875"
tro-35119691,B,Polytrichaceae,,Pogonatum,,"gracilifolium",,"","Besch.",Accepted,,M,TRO,35119691,,"Ann. Sci. Nat., Bot., sér. 6,","10: 249","249","1880"
tro-35119692,B,Polytrichaceae,,Pogonatum,,"graeffeanum",,"","(Müll. Hal.) A. Jaeger",Accepted,,M,TRO,35119692,,"Ber. Thätigk. St. Gallischen Naturwiss. Ges.","1873–74: 254 (Gen. Sp. Musc. 1: 716)","254 ","1875"
tro-35119695,B,Polytrichaceae,,Pogonatum,,"gulliveri",,"","(Hampe) A. Jaeger",Accepted,,M,TRO,35119695,,"Ber. Thätigk. St. Gallischen Naturwiss. Ges.","1877–78: 453 (Gen. Sp. Musc. 2: 717)","453 ","1880"
tro-35119704,B,Polytrichaceae,,Pogonatum,,"holstii",,"","(Broth.) Paris",Accepted,,M,TRO,35119704,,"Index Bryol.","981","981","1898"
tro-35119708,B,Polytrichaceae,,Pogonatum,,"imbricatum",,"","(Müll. Hal.) Paris",Accepted,,M,TRO,35119708,,"Index Bryol. Suppl.","278","278","1900"
tro-35119709,B,Polytrichaceae,,Pogonatum,,"inflexum",,"","(Lindb.) Sande Lac.",Accepted,,M,TRO,35119709,,"Ann. Mus. Bot. Lugduno-Batavi","4: 308","308","1869"
tro-35119711,B,Polytrichaceae,,Pogonatum,,"intermedium",,"","(Brid.) Röhl.",Accepted,,M,TRO,35119711,,"Deutschl. Fl. (ed. 2), Kryptog. Gew.","3: 60","60","1813"
tro-35119713,B,Polytrichaceae,,Pogonatum,,"itatiaiae",,"","(Müll. Hal.) Paris",Accepted,,M,TRO,35119713,,"Index Bryol. Suppl.","278","278","1900"
tro-35183279,B,Polytrichaceae,,Pogonatum,,"iwatsukii",,"","A. Touw",Accepted,,M,TRO,35183279,,"J. Hattori Bot. Lab.","60: 23","23","1986"
tro-35119714,B,Polytrichaceae,,Pogonatum,,"japonicum",,"","Sull. & Lesq.",Accepted,,M,TRO,35119714,,"Proc. Amer. Acad. Arts","4: 278","278","1859"
tro-35119721,B,Polytrichaceae,,Pogonatum,,"lamellosum",,"","James",Accepted,,M,TRO,35119721,,"Annual Rep. U.S. Natl. Mus.","1867: 461","461","1868"
tro-35119727,B,Polytrichaceae,,Pogonatum,,"leptopelma",,"","(Müll. Hal.) Paris",Accepted,,M,TRO,35119727,,"Index Bryol.","982","982","1898"
tro-35119729,B,Polytrichaceae,,Pogonatum,,"liebmannianum",,"","(Müll. Hal.) Mitt.",Accepted,,M,TRO,35119729,,"J. Linn. Soc., Bot.","12: 614","614","1869"
tro-35119733,B,Polytrichaceae,,Pogonatum,,"longisetum",,"","Brid.",Accepted,,M,TRO,35119733,,"Bryol. Univ.","2: 128","128","1827"
tro-35119742,B,Polytrichaceae,,Pogonatum,,"macrophyllum",,"","Dozy & Molk.",Accepted,,M,TRO,35119742,,"Bryol. Jav.","1: 45. pl. 35","45","1856"
tro-35119744,B,Polytrichaceae,,Pogonatum,,"madagassum",,"","(Hampe) A. Jaeger",Accepted,,M,TRO,35119744,,"Ber. Thätigk. St. Gallischen Naturwiss. Ges.","1873–74: 265 (Gen. Sp. Musc. 1: 727)","265 ","1875"
tro-35119747,B,Polytrichaceae,,Pogonatum,,"maoriae",,"","(Müll. Hal.) Paris",Accepted,,M,TRO,35119747,,"Index Bryol. Suppl.","278","278","1900"
tro-35119749,B,Polytrichaceae,,Pogonatum,,"marginatum",,"","Mitt.",Accepted,,M,TRO,35119749,,"J. Proc. Linn. Soc., Bot., Suppl.","1: 153","153","1859"
tro-35119752,B,Polytrichaceae,,Pogonatum,,"microdendron",,"","(Müll. Hal.) Paris",Accepted,,M,TRO,35119752,,"Index Bryol.","983","983","1898"
tro-35119754,B,Polytrichaceae,,Pogonatum,,"microphyllum",,"","(Dozy & Molk.) Dozy & Molk.",Accepted,,M,TRO,35119754,,"Bryol. Jav.","1: 39. 29","39","1856"
tro-35119755,B,Polytrichaceae,,Pogonatum,,"microphyllum",var.,"elatum","(Dozy & Molk.) M. Fleisch.",Accepted,,L,TRO,35119755,,"Musci Buitenzorg","4: 1586","1586","1923"
tro-35119757,B,Polytrichaceae,,Pogonatum,,"microstomum",,"","(R. Br. ex Schwägr.) Brid.",Accepted,,M,TRO,35119757,,"Bryol. Univ.","2: 745","745","1827"
tro-35100181,B,Polytrichaceae,,Pogonatum,,"minus",,"","W. X. Xu & R.L. Xiong",Accepted,,M,TRO,35100181,,"Acta Bot. Yunnan.","4: 51. f. 1","51","1982"
tro-35183278,B,Polytrichaceae,,Pogonatum,,"misimense",,"","(E.B. Bartram) A. Touw",Accepted,,M,TRO,35183278,,"J. Hattori Bot. Lab.","60: 20","20","1986"
tro-35119763,B,Polytrichaceae,,Pogonatum,,"molleri",,"","(Müll. Hal.) Paris",Accepted,,M,TRO,35119763,,"Index Bryol.","983","983","1898"
tro-35119767,B,Polytrichaceae,,Pogonatum,,"nano-urnigerum",,"","(Müll. Hal.) Paris",Accepted,,M,TRO,35119767,,"Index Bryol. Suppl.","278","278","1900"
tro-35119766,B,Polytrichaceae,,Pogonatum,,"nanocarpum",,"","(Müll. Hal.) Paris",Accepted,,M,TRO,35119766,,"Index Bryol. Suppl.","278","278","1900"
tro-35119768,B,Polytrichaceae,,Pogonatum,,"nanum",,"","(Schreb. ex Hedw.) P. Beauv.",Accepted,,M,TRO,35119768,,"Prodr. Aethéogam.","84","84","1805"
tro-35119771,B,Polytrichaceae,,Pogonatum,,"nanum",var.,"minimum","(Crome) H. Möller",Accepted,,L,TRO,35119771,,"Ark. Bot.","16(3): 51","51","1921"
tro-35119778,B,Polytrichaceae,,Pogonatum,,"neesii",,"","(Müll. Hal.) Dozy",Accepted,,M,TRO,35119778,,"Ned. Kruidk. Arch.","4(1): 75","75","1856"
tro-35119779,B,Polytrichaceae,,Pogonatum,,"neglectum",,"","(Hampe) A. Jaeger",Accepted,,M,TRO,35119779,,"Ber. Thätigk. St. Gallischen Naturwiss. Ges.","1873–74: 265 (Gen. Sp. Musc. 1: 727)","265 ","1875"
tro-35119780,B,Polytrichaceae,,Pogonatum,,"neocaledonicum",,"","Besch.",Accepted,,M,TRO,35119780,,"Ann. Sci. Nat., Bot., sér. 5,","18: 219","219","1873"
tro-35119781,B,Polytrichaceae,,Pogonatum,,"nietneri",,"","(Müll. Hal.) Broth.",Accepted,,M,TRO,35119781,,"Nat. Pflanzenfam.","I(3): 687","687","1905"
tro-35168468,B,Polytrichaceae,,Pogonatum,,"nipponicum",,"","Nog. & Osada",Accepted,,M,TRO,35168468,,"J. Hattori Bot. Lab.","28: 195. f. 10","195","1965"
tro-35184167,B,Polytrichaceae,,Pogonatum,,"norrisii",,"","Hyvönen",Accepted,,M,TRO,35184167,,"Acta Bot. Fenn.","138: 48. f. 14","48","1989"
tro-35119783,B,Polytrichaceae,,Pogonatum,,"nudicaule",,"","(C.H. Wright) Paris",Accepted,,M,TRO,35119783,,"Index Bryol.","984","984","1898"
tro-35119784,B,Polytrichaceae,,Pogonatum,,"nudiusculum",,"","Mitt.",Accepted,,M,TRO,35119784,,"J. Proc. Linn. Soc., Bot., Suppl.","1: 153","153","1859"
tro-35119787,B,Polytrichaceae,,Pogonatum,,"obscuro-viride",,"","(Müll. Hal.) Paris",Accepted,,M,TRO,35119787,,"Index Bryol. Suppl.","278","278","1900"
tro-35119788,B,Polytrichaceae,,Pogonatum,,"obtusatulum",,"","(Müll. Hal.) Paris",Accepted,,M,TRO,35119788,,"Index Bryol.","984","984","1898"
tro-35119789,B,Polytrichaceae,,Pogonatum,,"obtusum",,"","(Müll. Hal.) A. Jaeger",Accepted,,M,TRO,35119789,,"Ber. Thätigk. St. Gallischen Naturwiss. Ges.","1873–74:265 (Gen. Sp. Musc. 1: 727)","265 ","1875"
tro-35119791,B,Polytrichaceae,,Pogonatum,,"octangulare",,"","(Müll. Hal.) Mitt.",Accepted,,M,TRO,35119791,,"J. Linn. Soc., Bot.","12: 617","617","1869"
tro-35119792,B,Polytrichaceae,,Pogonatum,,"oederi",,"","P. Beauv.",Unresolved,,L,TRO,35119792,,"Mém. Soc. Linn. Paris","1: 461","461","1823"
tro-35119793,B,Polytrichaceae,,Pogonatum,,"oligodus",,"","(Kunze ex Müll. Hal.) Mitt.",Accepted,,M,TRO,35119793,,"J. Linn. Soc., Bot.","12: 613","613","1869"
tro-35119795,B,Polytrichaceae,,Pogonatum,,"otaruense",,"","Besch.",Accepted,,M,TRO,35119795,,"Ann. Sci. Nat., Bot., sér. 7,","17: 352","352","1893"
tro-35119799,B,Polytrichaceae,,Pogonatum,,"patulum",,"","(Harv.) Mitt.",Accepted,,M,TRO,35119799,,"J. Proc. Linn. Soc., Bot., Suppl.","2: 152","152","1859"
tro-35119802,B,Polytrichaceae,,Pogonatum,,"pensilvanicum",,"","(W. Bartram ex Hedw.) P. Beauv.",Accepted,,M,TRO,35119802,,"Mém. Soc. Linn. Paris","1: 461","461","1822"
tro-35119804,B,Polytrichaceae,,Pogonatum,,"pergranulatum",,"","P.C. Chen",Accepted,,M,TRO,35119804,,"Feddes Repert. Spec. Nov. Regni Veg.","58. 34. 8","58","1955"
tro-35119805,B,Polytrichaceae,,Pogonatum,,"perichaetiale",,"","(Mont.) A. Jaeger",Accepted,,M,TRO,35119805,,"Ber. Thätigk. St. Gallischen Naturwiss. Ges.","1873–74: 257 (Gen. Sp. Musc. 1: 725)","257 ","1875"
tro-35184164,B,Polytrichaceae,,Pogonatum,,"perichaetiale",subsp.,"oligodus","(Kunze ex Müll. Hal.) Hyvönen",Accepted,,L,TRO,35184164,,"Acta Bot. Fenn.","138: 15","15","1989"
tro-35184163,B,Polytrichaceae,,Pogonatum,,"perichaetiale",subsp.,"thomsonii","(Mitt.) Hyvönen",Accepted,,L,TRO,35184163,,"Acta Bot. Fenn.","138: 15","15","1989"
tro-35119806,B,Polytrichaceae,,Pogonatum,,"perpusillum",,"","(Müll. Hal.) Paris",Accepted,,M,TRO,35119806,,"Index Bryol.","985","985","1898"
tro-35119807,B,Polytrichaceae,,Pogonatum,,"peruvianum",,"","Paris",Accepted,,M,TRO,35119807,,"Index Bryol. Suppl.","278","278","1900"
tro-35183280,B,Polytrichaceae,,Pogonatum,,"petelotii",,"","(Thér. & R. Henry) A. Touw",Accepted,,M,TRO,35183280,,"J. Hattori Bot. Lab.","60: 25","25","1986"
tro-35183277,B,Polytrichaceae,,Pogonatum,,"philippinense",,"","(Broth.) A. Touw",Accepted,,M,TRO,35183277,,"J. Hattori Bot. Lab.","60: 16","16","1986"
tro-35183282,B,Polytrichaceae,,Pogonatum,,"piliferum",,"","(Dozy & Molk.) A. Touw",Accepted,,M,TRO,35183282,,"J. Hattori Bot. Lab.","60: 29","29","1986"
tro-35119811,B,Polytrichaceae,,Pogonatum,,"plurisetum",,"","(Müll. Hal.) Broth.",Accepted,,M,TRO,35119811,,"Nat. Pflanzenfam.","I(3): 692. 524 D–H","692","1905"
tro-35119812,B,Polytrichaceae,,Pogonatum,,"polare",,"","(Müll. Hal.) A. Jaeger",Accepted,,M,TRO,35119812,,"Ber. Thätigk. St. Gallischen Naturwiss. Ges.","1873–74: 262 (Gen. Sp. Musc. 1: 724)","262 ","1875"
tro-35119817,B,Polytrichaceae,,Pogonatum,,"polythamnium",,"","(Müll. Hal.) Paris",Accepted,,M,TRO,35119817,,"Index Bryol.","986","986","1898"
tro-35119819,B,Polytrichaceae,,Pogonatum,,"polytrichoides",var.,"longisetum","(Hampe ex B.S.G.) H. Möller",Unresolved,,L,TRO,35119819,,"Ark. Bot.","16(3): 43","43","1921"
tro-35119821,B,Polytrichaceae,,Pogonatum,,"polytrichoides",var.,"pumilum","(Sw. ex Hedw.) Brockm.",Unresolved,,L,TRO,35119821,,"Arch. Vereins Freunde Naturgesch. Mecklenburg","23: 111","111","1876"
tro-35119824,B,Polytrichaceae,,Pogonatum,,"procerum",,"","(Lindb.) Schimp.",Accepted,,M,TRO,35119824,,"Ber. Thätigk. St. Gallischen Naturwiss. Ges.","1873–74: 265 (Gen. Sp. Musc. 1: 727)","265 ","1875"
tro-35119825,B,Polytrichaceae,,Pogonatum,,"proliferum",,"","(Griff.) Mitt.",Accepted,,M,TRO,35119825,,"J. Proc. Linn. Soc., Bot., Suppl.","2: 152","152","1859"
tro-35119826,B,Polytrichaceae,,Pogonatum,,"pseudoalpinum",,"","(Müll. Hal.) A. Jaeger",Accepted,,M,TRO,35119826,,"Ber. Thätigk. St. Gallischen Naturwiss. Ges.","1873–74: 262 (Gen. Sp. Musc. 1: 724)","262 ","1875"
tro-35119830,B,Polytrichaceae,,Pogonatum,,"pumilum",var.,"intermedium","(Brid.) Brid.",Unresolved,,L,TRO,35119830,,"Bryol. Univ.","2: 117","117","1827"
tro-35119841,B,Polytrichaceae,,Pogonatum,,"rubenti-viride",,"","(Müll. Hal.) Paris",Accepted,,M,TRO,35119841,,"Index Bryol.","987","987","1898"
tro-35119844,B,Polytrichaceae,,Pogonatum,,"rufisetum",,"","Mitt.",Accepted,,M,TRO,35119844,,"J. Proc. Linn. Soc., Bot., Suppl.","2: 153","153","1859"
tro-35119845,B,Polytrichaceae,,Pogonatum,,"rutenbergii",,"","(Müll. Hal.) Paris",Accepted,,M,TRO,35119845,,"Index Bryol.","987","987","1898"
tro-35119846,B,Polytrichaceae,,Pogonatum,,"rutteri",,"","(Thér. & Dixon) Dixon",Accepted,,M,TRO,35119846,,"J. Bot.","79: 76","76","1941"
tro-35119849,B,Polytrichaceae,,Pogonatum,,"schmitzii",,"","(Lorentz) Besch.",Accepted,,M,TRO,35119849,,"Mém. Soc. Sci. Nat. Cherbourg","16: 207","207","1872"
tro-35119853,B,Polytrichaceae,,Pogonatum,,"semipellucidum",,"","(Hampe) Mitt.",Accepted,,M,TRO,35119853,,"J. Linn. Soc., Bot.","12: 617","617","1869"
tro-35119861,B,Polytrichaceae,,Pogonatum,,"simense",,"","(Bruch & Schimp. ex Müll. Hal.) A. Jaeger",Accepted,,M,TRO,35119861,,"Ber. Thätigk. St. Gallischen Naturwiss. Ges.","1873–74: 257 (Gen. Sp. Musc. 1: 719)","257 ","1875"
tro-35188291,B,Polytrichaceae,,Pogonatum,,"sinense",,"","(Broth.) Hyvönen & P.C. Wu",Accepted,,M,TRO,35188291,,"Bryologist","96: 633","633","1993"
tro-35119863,B,Polytrichaceae,,Pogonatum,,"sintenisii",,"","(Müll. Hal.) Paris",Accepted,,M,TRO,35119863,,"Index Bryol. Suppl.","278","278","1900"
tro-35119868,B,Polytrichaceae,,Pogonatum,,"spinulosum",,"","Mitt.",Accepted,,M,TRO,35119868,,"J. Proc. Linn. Soc., Bot.","8: 156","156","1864"
tro-35119875,B,Polytrichaceae,,Pogonatum,,"subaloides",,"","(Müll. Hal.) A. Jaeger",Accepted,,M,TRO,35119875,,"Ber. Thätigk. St. Gallischen Naturwiss. Ges.","1873–74: 249 (Gen. Sp. Musc. 1: 711)","249 ","1875"
tro-35119881,B,Polytrichaceae,,Pogonatum,,"subflexuosum",,"","(Lorentz) Broth.",Accepted,,M,TRO,35119881,,"Nat. Pflanzenfam.","I(3): 691","691","1905"
tro-35119882,B,Polytrichaceae,,Pogonatum,,"subfuscatum",,"","Broth.",Accepted,,M,TRO,35119882,,"Symb. Sin.","4: 134","134","1929"
tro-35119883,B,Polytrichaceae,,Pogonatum,,"subgracile",,"","(Hampe) Besch.",Accepted,,M,TRO,35119883,,"Mém. Soc. Sci. Nat. Cherbourg","16: 208","208","1872"
tro-35119891,B,Polytrichaceae,,Pogonatum,,"subtortile",,"","(Müll. Hal.) A. Jaeger",Accepted,,M,TRO,35119891,,"Ber. Thätigk. St. Gallischen Naturwiss. Ges.","1873–74: 256 (Gen. Sp. Musc. 1: 718)","256 ","1875"
tro-35119894,B,Polytrichaceae,,Pogonatum,,"subulatum",,"","(Menzies ex Brid.) Brid.",Accepted,,M,TRO,35119894,,"Bryol. Univ.","2: 122","122","1827"
tro-35119896,B,Polytrichaceae,,Pogonatum,,"suzukii",,"","Broth.",Accepted,,M,TRO,35119896,,"Ann. Bryol.","1: 26","26","1928"
tro-35119897,B,Polytrichaceae,,Pogonatum,,"tahitense",,"","Schimp.",Accepted,,M,TRO,35119897,,"Ann. Sci. Nat., Bot., sér. 7,","20: 31","31","1894"
tro-35119901,B,Polytrichaceae,,Pogonatum,,"teysmannianum",,"","(Dozy & Molk.) Dozy & Molk.",Accepted,,M,TRO,35119901,,"Bryol. Jav.","1: 43. 32","43","1856"
tro-35119904,B,Polytrichaceae,,Pogonatum,,"thelicarpum",,"","(Müll. Hal.) Paris",Accepted,,M,TRO,35119904,,"Index Bryol.","988","988","1898"
tro-35119906,B,Polytrichaceae,,Pogonatum,,"thomsonii",,"","(Mitt.) A. Jaeger",Accepted,,M,TRO,35119906,,"Ber. Thätigk. St. Gallischen Naturwiss. Ges.","1873–74: 257 (Gen. Sp. Musc. 1: 725)","257 ","1875"
tro-35119907,B,Polytrichaceae,,Pogonatum,,"tolucense",,"","(Hampe) Besch.",Accepted,,M,TRO,35119907,,"Mém. Soc. Sci. Nat. Cherbourg","16: 107","107","1872"
tro-35119911,B,Polytrichaceae,,Pogonatum,,"tortile",,"","(Sw.) Brid.",Accepted,,M,TRO,35119911,,"Bryol. Univ.","2: 108","108","1827"
tro-35119917,B,Polytrichaceae,,Pogonatum,,"tortipes",,"","(Wilson ex Mitt.) A. Jaeger",Accepted,,M,TRO,35119917,,"Ber. Thätigk. St. Gallischen Naturwiss. Ges.","1873–74: 257 (Gen. Sp. Musc. 1: 719)","257 ","1875"
tro-35119918,B,Polytrichaceae,,Pogonatum,,"tubulosum",,"","Dixon",Accepted,,M,TRO,35119918,,"J. Bot.","80: 34","34","1942"
tro-35119920,B,Polytrichaceae,,Pogonatum,,"undulatum",,"","(Hedw.) Opiz",Accepted,,M,TRO,35119920,,"Bryol. Univ.","2: 105","105","1827"
tro-35119923,B,Polytrichaceae,,Pogonatum,,"urnigerum",,"","(Hedw.) P. Beauv.",Accepted,,M,TRO,35119923,,"Prodr. Aethéogam.","84","84","1805"
tro-35119928,B,Polytrichaceae,,Pogonatum,,"urnigerum",var.,"fasciculatum","(Michx.) Brid.",Accepted,,L,TRO,35119928,,"Bryol. Univ.","2: 126","126","1827"
tro-35119937,B,Polytrichaceae,,Pogonatum,,"usambaricum",,"","(Broth.) Paris",Accepted,,M,TRO,35119937,,"Index Bryol.","990","990","1898"
tro-35119939,B,Polytrichaceae,,Pogonatum,,"vanhoeffenii",,"","(Kindb.) Paris",Accepted,,M,TRO,35119939,,"Index Bryol. Suppl.","279","279","1900"
tro-35119943,B,Polytrichaceae,,Pogonatum,,"volvatum",,"","(Müll. Hal.) Paris",Accepted,,M,TRO,35119943,,"Index Bryol.","990","990","1898"
tro-35125086,B,Polytrichaceae,,Polytrichadelphus,,"abriaquiae",,"","(Müll. Hal.) A. Jaeger",Accepted,,M,TRO,35125086,,"Ber. Thätigk. St. Gallischen Naturwiss. Ges.","1877–78: 453 (Gen. Sp. Musc. 2: 717)","453 ","1880"
tro-35125087,B,Polytrichaceae,,Polytrichadelphus,,"archboldii",,"","E.B. Bartram",Accepted,,M,TRO,35125087,,"Lloydia","5: 291. 62","291","1942"
tro-35125088,B,Polytrichaceae,,Polytrichadelphus,,"aristatus",,"","(Hampe) Mitt.",Accepted,,M,TRO,35125088,,"J. Linn. Soc., Bot.","12: 609","609","1869"
tro-35125091,B,Polytrichaceae,,Polytrichadelphus,,"bolivianus",,"","Herzog",Accepted,,M,TRO,35125091,,"Biblioth. Bot.","87: 103","103","1916"
tro-35125093,B,Polytrichaceae,,Polytrichadelphus,,"ciferrii",,"","Herzog & Giacom.",Accepted,,M,TRO,35125093,,"Ist. Bot. Reale Univ. Reale Lab. Crittog. Pavia, Atti","9(2): 215. a–e","215","1950"
tro-35125094,B,Polytrichaceae,,Polytrichadelphus,,"ciliatus",,"","(Hook. & Wilson) Mitt.",Accepted,,M,TRO,35125094,,"J. Linn. Soc., Bot.","12: 608","608","1869"
tro-35125096,B,Polytrichaceae,,Polytrichadelphus,,"costaricensis",,"","E.B. Bartram",Accepted,,M,TRO,35125096,,"Ann. Bryol.","11: 26","26","1938"
tro-35125098,B,Polytrichaceae,,Polytrichadelphus,,"cuspidirostrum",,"","(Schimp.) Broth.",Accepted,,M,TRO,35125098,,"Nat. Pflanzenfam.","I(3): 683","683","1905"
tro-35125099,B,Polytrichaceae,,Polytrichadelphus,,"dendroides",,"","(Brid. ex Hedw.) Mitt.",Accepted,,M,TRO,35125099,,"J. Linn. Soc., Bot.","12: 611","611","1869"
tro-35125100,B,Polytrichaceae,,Polytrichadelphus,,"ericoides",,"","(Hampe) Mitt.",Accepted,,M,TRO,35125100,,"J. Linn. Soc., Bot.","12: 611","611","1869"
tro-35125101,B,Polytrichaceae,,Polytrichadelphus,,"erosus",,"","(Hampe) Müll. Hal.",Accepted,,M,TRO,35125101,,"Gen. Musc. Frond.","168","168","1900"
tro-35125102,B,Polytrichaceae,,Polytrichadelphus,,"flexuosus",,"","(Müll. Hal.) Mitt.",Accepted,,M,TRO,35125102,,"J. Linn. Soc., Bot.","12: 609","609","1869"
tro-35125103,B,Polytrichaceae,,Polytrichadelphus,,"giganteus",,"","(Hook.) Mitt.",Accepted,,M,TRO,35125103,,"J. Linn. Soc., Bot.","12: 609","609","1869"
tro-35125105,B,Polytrichaceae,,Polytrichadelphus,,"grossidens",,"","Müll. Hal. ex E. Britton",Accepted,,M,TRO,35125105,,"Bull. Torrey Bot. Club","23: 489","489","1896"
tro-35125107,B,Polytrichaceae,,Polytrichadelphus,,"innovans",,"","(Müll. Hal.) A. Jaeger",Accepted,,M,TRO,35125107,,"Ber. Thätigk. St. Gallischen Naturwiss. Ges.","1873–74: 245 (Gen. Sp. Musc. 1: 707)","245 ","1875"
tro-35125108,B,Polytrichaceae,,Polytrichadelphus,,"integrifolius",,"","Müll. Hal. ex E. Britton",Accepted,,M,TRO,35125108,,"Bull. Torrey Bot. Club","23: 490","490","1896"
tro-35125110,B,Polytrichaceae,,Polytrichadelphus,,"lagenaceus",,"","(Müll. Hal.) Paris",Accepted,,M,TRO,35125110,,"Index Bryol. Suppl.","279","279","1900"
tro-35125111,B,Polytrichaceae,,Polytrichadelphus,,"longisetus",,"","(Brid.) Mitt.",Accepted,,M,TRO,35125111,,"J. Linn. Soc., Bot.","12: 611","611","1869"
tro-35125113,B,Polytrichaceae,,Polytrichadelphus,,"magellanicus",,"","(Hedw.) Mitt.",Accepted,,M,TRO,35125113,,"J. Proc. Linn. Soc., Bot.","4: 97","97","1859"
tro-35125116,B,Polytrichaceae,,Polytrichadelphus,,"mitis",,"","Herzog",Accepted,,M,TRO,35125116,,"Hedwigia","67: 267","267","1927"
tro-35125117,B,Polytrichaceae,,Polytrichadelphus,,"nukahivensis",,"","(Müll. Hal.) Broth.",Accepted,,M,TRO,35125117,,"Nat. Pflanzenfam.","I(3): 683","683","1905"
tro-35125118,B,Polytrichaceae,,Polytrichadelphus,,"organensis",,"","Herzog",Accepted,,M,TRO,35125118,,"Repert. Spec. Nov. Regni Veg.","21: 31","31","1925"
tro-35125120,B,Polytrichaceae,,Polytrichadelphus,,"peruvianus",,"","Broth.",Accepted,,M,TRO,35125120,,"Hedwigia","45: 275","275","1906"
tro-35125122,B,Polytrichaceae,,Polytrichadelphus,,"prolificans",,"","(Müll. Hal.) Paris",Accepted,,M,TRO,35125122,,"Index Bryol. Suppl.","279","279","1900"
tro-35141011,B,Polytrichaceae,,Polytrichadelphus,,"pseudopolytrichum",,"","(Raddi) G.L. Sm.",Accepted,,M,TRO,35141011,,"Bryologist","79: 521","521","1976"
tro-35125123,B,Polytrichaceae,,Polytrichadelphus,,"purpureus",,"","Mitt.",Accepted,,M,TRO,35125123,,"J. Linn. Soc., Bot.","12: 610","610","1869"
tro-35141349,B,Polytrichaceae,,Polytrichadelphus,,"rubescens",,"","(Mitt.) G.L. Sm.",Accepted,,M,TRO,35141349,,"Phytologia","18: 403","403","1969"
tro-35125126,B,Polytrichaceae,,Polytrichadelphus,,"rubiginosus",,"","Mitt.",Accepted,,M,TRO,35125126,,"J. Linn. Soc., Bot.","12: 610","610","1869"
tro-35125129,B,Polytrichaceae,,Polytrichadelphus,,"semiangulatus",,"","(Brid.) Mitt.",Accepted,,M,TRO,35125129,,"J. Linn. Soc., Bot.","12: 609","609","1869"
tro-35125130,B,Polytrichaceae,,Polytrichadelphus,,"squamosus",,"","(Hook. f. & Wilson) Mitt.",Accepted,,M,TRO,35125130,,"J. Linn. Soc., Bot.","12: 612","612","1869"
tro-35125132,B,Polytrichaceae,,Polytrichadelphus,,"subflexuosus",,"","(Lorentz) A. Jaeger",Accepted,,M,TRO,35125132,,"Ber. Thätigk. St. Gallischen Naturwiss. Ges.","1873–74: 247 (Gen. Sp. Musc. 1: 709)","247 ","1875"
tro-35141350,B,Polytrichaceae,,Polytrichadelphus,,"subrubescens",,"","(Thér.) G.L. Sm.",Accepted,,M,TRO,35141350,,"Phytologia","18: 403","403","1969"
tro-35125133,B,Polytrichaceae,,Polytrichadelphus,,"trianae",,"","(Müll. Hal.) Mitt.",Accepted,,M,TRO,35125133,,"J. Linn. Soc., Bot.","12: 611","611","1869"
tro-35125134,B,Polytrichaceae,,Polytrichadelphus,,"umbrosus",,"","Mitt.",Accepted,,M,TRO,35125134,,"J. Linn. Soc., Bot.","12: 610","610","1869"
tro-35125135,B,Polytrichaceae,,Polytrichadelphus,,"valenciae",,"","(Müll. Hal.) Paris",Accepted,,M,TRO,35125135,,"Index Bryol.","994","994","1898"
tro-35169086,B,Polytrichaceae,,Polytrichastrum,,"alpiniforme",,"","(Cardot) G.L. Sm.",Accepted,,M,TRO,35169086,,"Mem. New York Bot. Gard.","21(3): 37","37","1971"
tro-35169087,B,Polytrichaceae,,Polytrichastrum,,"alpinum",,"","(Hedw.) G.L. Sm.",Accepted,,M,TRO,35169087,,"Mem. New York Bot. Gard.","21(3): 37","37","1971"
tro-35182655,B,Polytrichaceae,,Polytrichastrum,,"alpinum",var.,"fragile","(Bryhn) D.G. Long",Accepted,,L,TRO,35182655,,"Meddel. Grønland, Biosci.","17: 30","30","1985"
tro-35169088,B,Polytrichaceae,,Polytrichastrum,,"alpinum",var.,"septentrionale","(Brid.) G.L. Sm.",Accepted,,L,TRO,35169088,,"Mem. New York Bot. Gard.","21(3): 37","37","1971"
tro-35216887,B,Polytrichaceae,,Polytrichastrum,,"alpinum",var.,"sylvaticum","(Menzies) G.L. Merr.",Accepted,,L,TRO,35216887,,"Sida","22: 547","547","2006"
tro-35190475,B,Polytrichaceae,,Polytrichastrum,,"altaicum",,"","Ignatov & G.L. Merr.",Accepted,,M,TRO,35190475,,"Arctoa","5: 76. f. 29","76","1995"
tro-35186496,B,Polytrichaceae,,Polytrichastrum,,"appalachianum",,"","(L.E. Anderson) G.L. Merr.",Accepted,,M,TRO,35186496,,"Bryologist","95: 271","271","1992"
tro-35141012,B,Polytrichaceae,,Polytrichastrum,,"emodi",,"","G.L. Sm.",Accepted,,M,TRO,35141012,,"J. Hattori Bot. Lab.","38: 633. f. 1–11","633","1974"
tro-35169089,B,Polytrichaceae,,Polytrichastrum,,"formosum",,"","(Hedw.) G.L. Sm.",Accepted,,M,TRO,35169089,,"Mem. New York Bot. Gard.","21(3): 37","37","1971"
tro-35169694,B,Polytrichaceae,,Polytrichastrum,,"formosum",var.,"densifolium","(Wilson ex Mitt.) Z. Iwats. & Nog.",Accepted,,L,TRO,35169694,,"J. Hattori Bot. Lab.","37: 389","389","1973"
tro-35169695,B,Polytrichaceae,,Polytrichastrum,,"formosum",var.,"intersedens","(Cardot) Z. Iwats. & Nog.",Accepted,,L,TRO,35169695,,"J. Hattori Bot. Lab.","37: 389","389","1973"
tro-35100267,B,Polytrichaceae,,Polytrichastrum,,"longisetum",,"","(Sw. ex Brid.) G.L. Sm.",Accepted,,M,TRO,35100267,,"Mem. New York Bot. Gard.","21(3): 35","35","1971"
tro-35190474,B,Polytrichaceae,,Polytrichastrum,,"longisetum",var.,"anomalum","(Milde) Ignatov & G.L. Merr.",Accepted,,L,TRO,35190474,,"Arctoa","5: 71","71","1995"
tro-35100269,B,Polytrichaceae,,Polytrichastrum,,"norwegicum",,"","(Hedw.) Schljakov",Accepted,,M,TRO,35100269,,"Novosti Syst. Niza. Rast.","19: 210","210","1982"
tro-35169092,B,Polytrichaceae,,Polytrichastrum,,"ohioense",,"","(Renauld & Cardot) G.L. Sm.",Accepted,,M,TRO,35169092,,"Mem. New York Bot. Gard.","21(3): 35","35","1971"
tro-35169093,B,Polytrichaceae,,Polytrichastrum,,"pallidisetum",,"","(Funck) G.L. Sm.",Accepted,,M,TRO,35169093,,"Mem. New York Bot. Gard.","21(3): 35","35","1971"
tro-35141013,B,Polytrichaceae,,Polytrichastrum,,"papillatum",,"","G.L. Sm.",Accepted,,M,TRO,35141013,,"J. Hattori Bot. Lab.","38: 633. f. 12–24","633","1974"
tro-35169094,B,Polytrichaceae,,Polytrichastrum,,"sexangulare",,"","(Flörke ex Brid.) G.L. Sm.",Accepted,,M,TRO,35169094,,"Mem. New York Bot. Gard.","21(3): 37","37","1971"
tro-35186494,B,Polytrichaceae,,Polytrichastrum,,"sexangulare",var.,"vulcanicum","(C.E.O. Jensen) G.L. Merr.",Accepted,,L,TRO,35186494,,"Bryologist","95: 270","270","1992"
tro-35204845,B,Polytrichaceae,,Polytrichastrum,,"sphaerothecium",,"","(Besch.) J.-P. Frahm",Accepted,,M,TRO,35204845,,"Kleine Kryptogamenfl. (ed. 6)","4: 142","142","1995"
tro-35141014,B,Polytrichaceae,,Polytrichastrum,,"tenellum",,"","(Müll. Hal.) G.L. Sm.",Accepted,,M,TRO,35141014,,"Bryologist","78: 201","201","1975"
tro-35141015,B,Polytrichaceae,,Polytrichastrum,,"torquatum",,"","Mitt. ex Osada & G.L. Sm.",Accepted,,M,TRO,35141015,,"J. Hattori Bot. Lab.","38: 636. f. 25–36","636","1974"
tro-35169095,B,Polytrichaceae,,Polytrichastrum,,"xanthopilum",,"","(Wilson ex Mitt.) G.L. Sm.",Accepted,,M,TRO,35169095,,"Mem. New York Bot. Gard.","21(3): 35","35","1971"
tro-35125136,B,Polytrichaceae,,Polytrichites,,"aichiense",,"","(Yasui) Yasui",Accepted,,M,TRO,35125136,,"J. Fac. Sci. Univ. Tokyo, Sect. 3, Bot.","3(Bot 1): 439. 95–98, 100–103","439","1929"
tro-100354497,B,Polytrichaceae,,Polytrichites,,"convolutus",,"","(Mägd.) J.-P. Frahm",Accepted,,M,TRO,100354497,,"Laubmoosfl. Balt. Bernsteinw.","p. 23","p. 23","2010"
tro-100354498,B,Polytrichaceae,,Polytrichites,,"pogonatoides",,"","J.-P. Frahm",Accepted,,M,TRO,100354498,,"Laubmoosfl. Balt. Bernsteinw.","p. 23","p. 23","2010"
tro-35125137,B,Polytrichaceae,,Polytrichites,,"spokanensis",,"","E. Britton",Unresolved,,L,TRO,35125137,,"Profess. Pap. U.S. Geol. Surv.","140: 24. 8 f. 3–4","24","1926"
tro-35125192,B,Polytrichaceae,,Polytrichum,,"abbreviatum",,"","(Mitt.) Kindb.",Accepted,,M,TRO,35125192,,"Enum. Bryin. Exot.","72","72","1888"
tro-35125193,B,Polytrichaceae,,Polytrichum,,"aequinoctiale",,"","(Lorentz) Müll. Hal.",Accepted,,M,TRO,35125193,,"Gen. Musc. Frond.","182","182","1900"
tro-35125197,B,Polytrichaceae,,Polytrichum,,"akitense",,"","(Besch.) Müll. Hal.",Accepted,,M,TRO,35125197,,"Gen. Musc. Frond.","177","177","1900"
tro-35125204,B,Polytrichaceae,,Polytrichum,,"aloides",subsp.,"nanum","(Schreb. ex Hedw.) Albr. Rohn.",Unresolved,,L,TRO,35125204,,"J. Bot.","72: 78, 104","78, 104","1934"
tro-35125217,B,Polytrichaceae,,Polytrichum,,"alpestre",var.,"affine","(Funck) Funck",Unresolved,,L,TRO,35125217,,"Deutschl. Moose","68","68","1820"
tro-35125222,B,Polytrichaceae,,Polytrichum,,"alpinum",var.,"ambiguum","(Michx.) Bom. & Broth.",Unresolved,,L,TRO,35125222,,"Herb. Mus. Fenn. (ed. 2), Musci","28","28","1894"
tro-35125223,B,Polytrichaceae,,Polytrichum,,"alpinum",var.,"arcticum","(Sw. ex Brid.) Wahlenb.",Unresolved,,L,TRO,35125223,,"Fl. Suec.","2: 738","738","1826"
tro-35217310,B,Polytrichaceae,,Polytrichum,,"alpinum",f.,"flavisetum","(Györffy) Podp.",Unresolved,,L,TRO,35217310,,"Consp. Musc. Eur.","65","65","1954"
tro-35125237,B,Polytrichaceae,,Polytrichum,,"alpinum",var.,"polare","(Müll. Hal.) I. Hagen",Unresolved,,L,TRO,35125237,,"Tromsø Mus. Aarsh.","21–22: 263","263","1904"
tro-35125248,B,Polytrichaceae,,Polytrichum,,"ambiguum",,"","Michx.",Accepted,,M,TRO,35125248,,"Fl. Bor.-Amer.","2: 293","293","1803"
tro-35125258,B,Polytrichaceae,,Polytrichum,,"angustifolium",,"","Mitt.",Accepted,,M,TRO,35125258,,"J. Linn. Soc., Bot.","12: 622","622","1869"
tro-35125273,B,Polytrichaceae,,Polytrichum,,"aquense",,"","Saporta",Unresolved,,L,TRO,35125273,,"Ann. Sci. Nat., Bot., sér. 7,","7: 12. 1 f. 13–14","12","1888"
tro-35125275,B,Polytrichaceae,,Polytrichum,,"arcticum",,"","Sw. ex Brid.",Accepted,,M,TRO,35125275,,"J. Bot. (Schrader)","1800(1): 287","287","1801"
tro-35125276,B,Polytrichaceae,,Polytrichum,,"arcuatum",,"","(Mitt.) Kindb.",Accepted,,M,TRO,35125276,,"Enum. Bryin. Exot.","72","72","1888"
tro-35125281,B,Polytrichaceae,,Polytrichum,,"asperrimum",,"","(Besch.) Broth.",Accepted,,M,TRO,35125281,,"Hedwigia","38: 224","224","1899"
tro-35125294,B,Polytrichaceae,,Polytrichum,,"atrovirens",,"","(Mitt.) Kindb.",Accepted,,M,TRO,35125294,,"Enum. Bryin. Exot.","72","72","1888"
tro-35125292,B,Polytrichaceae,,Polytrichum,,"attenuatum",var.,"superbum","(Schultz) Lindb.",Unresolved,,L,TRO,35125292,,"Not. Sällsk. Fauna Fl. Fenn. Förh.","9: 126","126","1868"
tro-35125295,B,Polytrichaceae,,Polytrichum,,"aurantiacum",,"","Hoppe ex Brid.",Accepted,,M,TRO,35125295,,"J. Bot. (Schrader)","1800(1): 286","286","1801"
tro-35125302,B,Polytrichaceae,,Polytrichum,,"autranii",,"","Renauld & Cardot",Accepted,,M,TRO,35125302,,"Bull. Herb. Boissier","2: 33","33","1894"
tro-35125308,B,Polytrichaceae,,Polytrichum,,"belangeri",,"","Müll. Hal.",Accepted,,M,TRO,35125308,,"Syn. Musc. Frond.","1: 222","222","1848"
tro-35125310,B,Polytrichaceae,,Polytrichum,,"bescherellei",,"","(Hampe) Kindb.",Accepted,,M,TRO,35125310,,"Enum. Bryin. Exot.","72","72","1888"
tro-35125313,B,Polytrichaceae,,Polytrichum,,"boreale",,"","Kindb.",Unresolved,,L,TRO,35125313,,"Bih. Kongl. Svenska Vetensk.-Akad. Handl.","7(9): 52","52","1883"
tro-35125316,B,Polytrichaceae,,Polytrichum,,"brachymitrium",,"","Müll. Hal.",Accepted,,M,TRO,35125316,,"Linnaea","42: 468","468","1879"
tro-35125321,B,Polytrichaceae,,Polytrichum,,"brachythecium",,"","(Besch.) Kindb.",Accepted,,M,TRO,35125321,,"Enum. Bryin. Exot., Suppl. 1","94","94","1889"
tro-35125325,B,Polytrichaceae,,Polytrichum,,"breviceps",,"","Müll. Hal.",Accepted,,M,TRO,35125325,,"Hedwigia","37: 223","223","1898"
tro-35125332,B,Polytrichaceae,,Polytrichum,,"buchananii",,"","Broth.",Unresolved,,L,TRO,35125332,,"Bot. Jahrb. Syst.","24. 253","24","1897"
tro-35125339,B,Polytrichaceae,,Polytrichum,,"campylocarpum",,"","Müll. Hal.",Accepted,,M,TRO,35125339,,"Syn. Musc. Frond.","1: 209","209","1848"
tro-35125340,B,Polytrichaceae,,Polytrichum,,"canaliculatum",,"","Hook. & Arn.",Accepted,,M,TRO,35125340,,"Bot. Beechey Voy.","54","54","1841"
tro-35125354,B,Polytrichaceae,,Polytrichum,,"circinatum",,"","(Besch.) Kindb.",Accepted,,M,TRO,35125354,,"Enum. Bryin. Exot.","72","72","1888"
tro-35125355,B,Polytrichaceae,,Polytrichum,,"circinnatulum",,"","Müll. Hal.",Accepted,,M,TRO,35125355,,"Gen. Musc. Frond.","175","175","1900"
tro-35125360,B,Polytrichaceae,,Polytrichum,,"commune",,"","Hedw.",Accepted,,M,TRO,35125360,,"Sp. Musc. Frond.","88","88","1801"
tro-35217315,B,Polytrichaceae,,Polytrichum,,"commune",f.,"chalubinskii","(Zmuda) Podp.",Accepted,,L,TRO,35217315,,"Consp. Musc. Eur.","68","68","1954"
tro-35125379,B,Polytrichaceae,,Polytrichum,,"commune",var.,"cubicum","(Lindb.) Habeeb",Accepted,,L,TRO,35125379,,"Kongel. Norske Vidensk. Selsk. Skr. (Trondheim)","1913(1): 60, 61,","60, 61,","1914"
tro-35125380,B,Polytrichaceae,,Polytrichum,,"commune",var.,"deflexifolium","(Warnst.) Podp.",Accepted,,L,TRO,35125380,,"Consp. Musc. Eur.","68","68","1954"
tro-35217318,B,Polytrichaceae,,Polytrichum,,"commune",f.,"nigrescens","(Warnst.) Albr. Rohn.",Accepted,,L,TRO,35217318,,"J. Bot.","72: 107","107","1934"
tro-35125364,B,Polytrichaceae,,Polytrichum,,"commune",subsp.,"perigoniale","(Michx.) Kindb.",Unresolved,,L,TRO,35125364,,"Eur. N. Amer. Bryin.","2: 163","163","1897"
tro-35125398,B,Polytrichaceae,,Polytrichum,,"commune",var.,"perigoniale","(Michx.) Hampe",Accepted,,L,TRO,35125398,,"Linnaea","13: 44","44","1839"
tro-35125413,B,Polytrichaceae,,Polytrichum,,"compressum",,"","Hook. f. & Wilson",Accepted,,M,TRO,35125413,,"London J. Bot.","3: 539","539","1844"
tro-35125415,B,Polytrichaceae,,Polytrichum,,"conorhynchum",,"","Kindb.",Accepted,,M,TRO,35125415,,"Cat. Canad. Pl., Musci","154","154","1892"
tro-35125418,B,Polytrichaceae,,Polytrichum,,"controversum",,"","Brid.",Accepted,,M,TRO,35125418,,"Muscol. Recent. Suppl.","1: 78","78","1806"
tro-35125421,B,Polytrichaceae,,Polytrichum,,"coronatum",,"","Brid.",Unresolved,,L,TRO,35125421,,"Bryol. Univ.","2: 748","748","1827"
tro-35141041,B,Polytrichaceae,,Polytrichum,,"crassisetum",,"","Lam. & DC.",Unresolved,,L,TRO,35141041,,"Fl. Franç. (ed. 3)","2: 486","486","1805"
tro-35141044,B,Polytrichaceae,,Polytrichum,,"cubense",,"","(Sull.) Kindb.",Accepted,,M,TRO,35141044,,"Enum. Bryin. Exot., suppl. 2,","108","108","1891"
tro-35141418,B,Polytrichaceae,,Polytrichum,,"cupreum",,"","G. Negri",Accepted,,M,TRO,35141418,,"Ann. Bot. (Rome)","7: 168","168","1908"
tro-35141420,B,Polytrichaceae,,Polytrichum,,"cuspidatum",,"","(Besch.) Kindb.",Accepted,,M,TRO,35141420,,"Enum. Bryin. Exot.","72","72","1888"
tro-35141422,B,Polytrichaceae,,Polytrichum,,"cuspidirostrum",,"","Schimp.",Accepted,,M,TRO,35141422,,"Nuovo Giorn. Bot. Ital., n.s.,","4: 16","16","1897"
tro-35141443,B,Polytrichaceae,,Polytrichum,,"elegans",,"","Welw. & Duby",Accepted,,M,TRO,35141443,,"Mém. Soc. Phys. Genève","21: 217. 2. f. 1","217","1872"
tro-35141444,B,Polytrichaceae,,Polytrichum,,"elongatum",,"","P. Beauv.",Accepted,,M,TRO,35141444,,"Prodr. Aethéogam.","85","85","1805"
tro-35141447,B,Polytrichaceae,,Polytrichum,,"ericaefolium",,"","(Besch.) Kindb.",Accepted,,M,TRO,35141447,,"Enum. Bryin. Exot.","72","72","1888"
tro-35141449,B,Polytrichaceae,,Polytrichum,,"ericoides",,"","Hampe",Accepted,,M,TRO,35141449,,"Ann. Sci. Nat., Bot., sér. 5,","4: 350","350","1865"
tro-35141451,B,Polytrichaceae,,Polytrichum,,"falcifolium",,"","Griff.",Accepted,,M,TRO,35141451,,"Calcutta J. Nat. Hist.","2: 475","475","1842"
tro-35141454,B,Polytrichaceae,,Polytrichum,,"feae",,"","(Müll. Hal.) Müll. Hal.",Accepted,,M,TRO,35141454,,"Gen. Musc. Frond.","175","175","1900"
tro-35141455,B,Polytrichaceae,,Polytrichum,,"ferrugineum",,"","Brid.",Accepted,,M,TRO,35141455,,"Muscol. Recent. Suppl.","1: 61","61","1806"
tro-35141458,B,Polytrichaceae,,Polytrichum,,"flexicaule",,"","(Mitt.) Kindb.",Accepted,,M,TRO,35141458,,"Enum. Bryin. Exot.","72","72","1888"
tro-35141469,B,Polytrichaceae,,Polytrichum,,"formosum",var.,"brachycaule","(H. Möller) Podp.",Unresolved,,L,TRO,35141469,,"Consp. Musc. Eur.","66","66","1954"
tro-35141471,B,Polytrichaceae,,Polytrichum,,"formosum",var.,"caucasicum","(Warnst.) Podp.",Unresolved,,L,TRO,35141471,,"Consp. Musc. Eur.","66","66","1954"
tro-35141479,B,Polytrichaceae,,Polytrichum,,"formosum x gracile",,"","Papp",Unresolved,,L,TRO,35141479,,"Ann. Sci. Univ. Jassy","14: 381","381","1926"
tro-35141487,B,Polytrichaceae,,Polytrichum,,"giganteum",,"","Hook.",Accepted,,M,TRO,35141487,,"Musci Exot.","1: 63","63","1818"
tro-35141490,B,Polytrichaceae,,Polytrichum,,"glabrum",,"","Brid. ex Schrad.",Accepted,,M,TRO,35141490,,"J. Bot. (Schrader)","1801(1): 196","196","1803"
tro-35141491,B,Polytrichaceae,,Polytrichum,,"glaciale",,"","(Mitt.) Kindb.",Accepted,,M,TRO,35141491,,"Enum. Bryin. Exot.","72","72","1888"
tro-35141492,B,Polytrichaceae,,Polytrichum,,"glaucicaule",,"","Müll. Hal.",Accepted,,M,TRO,35141492,,"Bull. Herb. Boissier","5: 549","549","1897"
tro-35141493,B,Polytrichaceae,,Polytrichum,,"glaucinum",,"","(Besch.) Müll. Hal.",Accepted,,M,TRO,35141493,,"Gen. Musc. Frond.","176","176","1900"
tro-35217322,B,Polytrichaceae,,Polytrichum,,"gracile",f.,"atromitrium","(Meyl.) Podp.",Unresolved,,L,TRO,35217322,,"Consp. Musc. Eur.","66","66","1954"
tro-35217327,B,Polytrichaceae,,Polytrichum,,"gracile",f.,"squarrosulum","(Roll) Podp.",Unresolved,,L,TRO,35217327,,"Consp. Musc. Eur.","66","66","1954"
tro-35141510,B,Polytrichaceae,,Polytrichum,,"gracilifolium",,"","(Besch.) Kindb.",Accepted,,M,TRO,35141510,,"Enum. Bryin. Exot., Suppl. 1","94","94","1889"
tro-35141511,B,Polytrichaceae,,Polytrichum,,"gracilisetum",,"","Besch. ex Müll. Hal.",Accepted,,M,TRO,35141511,,"Gen. Musc. Frond.","175","175","1900"
tro-35141517,B,Polytrichaceae,,Polytrichum,,"gymnophyllum",,"","(Mitt.) Kindb.",Accepted,,M,TRO,35141517,,"Enum. Bryin. Exot.","72","72","1888"
tro-35141518,B,Polytrichaceae,,Polytrichum,,"helveticum",,"","(Lam. & DC.) Schleich. ex Sw.",Accepted,,M,TRO,35141518,,"Adnot. Bot.","149","149","1829"
tro-35141520,B,Polytrichaceae,,Polytrichum,,"hexagonum",,"","(Mitt.) Müll. Hal.",Accepted,,M,TRO,35141520,,"Linnaea","36: 12","12","1869"
tro-35141523,B,Polytrichaceae,,Polytrichum,,"himalayanum",,"","(Mitt.) Kindb.",Accepted,,M,TRO,35141523,,"Enum. Bryin. Exot.","72","72","1888"
tro-35141535,B,Polytrichaceae,,Polytrichum,,"hyperboreum",,"","R. Br.",Accepted,,M,TRO,35141535,,"Chlor. Melvill.","36","36","1823"
tro-35141547,B,Polytrichaceae,,Polytrichum,,"involutum",,"","Hampe",Unresolved,,L,TRO,35141547,,"Vidensk. Meddel. Dansk Naturhist. Foren. Kjøbenhavn","9–10: 263","263","1878"
tro-35141550,B,Polytrichaceae,,Polytrichum,,"japonicum",,"","(Sull. & Lesq.) Kindb.",Accepted,,M,TRO,35141550,,"Enum. Bryin. Exot.","72","72","1888"
tro-35141552,B,Polytrichaceae,,Polytrichum,,"jensenii",,"","I. Hagen",Accepted,,M,TRO,35141552,,"Meddel. Grønland","15: 444","444","1898"
tro-35141558,B,Polytrichaceae,,Polytrichum,,"juniperellum",,"","Müll. Hal.",Accepted,,M,TRO,35141558,,"Abh. Naturwiss. Vereine Bremen","7: 205","205","1881"
tro-35141563,B,Polytrichaceae,,Polytrichum,,"juniperinum",,"","Hedw.",Accepted,,M,TRO,35141563,,"Sp. Musc. Frond.","89. pl. 18: f. 6–10","89","1801"
tro-35141583,B,Polytrichaceae,,Polytrichum,,"juniperinum",var.,"mamillatum","(Lindb.) Broth.",Accepted,,L,TRO,35141583,,"Eur. Laubm.","2: 268","268","1904"
tro-35141585,B,Polytrichaceae,,Polytrichum,,"juniperinum",var.,"paulense","(Geh. & Hampe) Herzog",Accepted,,L,TRO,35141585,,"Arq. Bot. Estado São Paulo","1(2): 71","71","1924"
tro-35141591,B,Polytrichaceae,,Polytrichum,,"juniperinum",var.,"tumescens","(Müll. Hal.) Herzog",Accepted,,L,TRO,35141591,,"Biblioth. Bot.","87: 104","104","1916"
tro-35141597,B,Polytrichaceae,,Polytrichum,,"laevipilum",,"","Hampe",Accepted,,M,TRO,35141597,,"Linnaea","30: 459","459","1860"
tro-35141604,B,Polytrichaceae,,Polytrichum,,"leptocarpum",,"","(Besch.) Kindb.",Accepted,,M,TRO,35141604,,"Enum. Bryin. Exot.","72","72","1888"
tro-35141616,B,Polytrichaceae,,Polytrichum,,"longidens",,"","(Ångström) Ångstr.",Accepted,,M,TRO,35141616,,"Bot. Zeitung (Berlin)","13: 750","750","1855"
tro-35141628,B,Polytrichaceae,,Polytrichum,,"macrophyllum",,"","(Dozy & Molk.) Kindb.",Accepted,,M,TRO,35141628,,"Enum. Bryin. Exot.","72","72","1888"
tro-35141630,B,Polytrichaceae,,Polytrichum,,"macrorhapis",,"","Müll. Hal.",Unresolved,,L,TRO,35141630,,"Int. Polarforsch., Deutsch. Exped.","2: 290","290","1890"
tro-35112437,B,Polytrichaceae,,Polytrichum,,"manchuricum",,"","(Horik.) C. Gao & G.C. Zhang",Accepted,,M,TRO,35112437,,"J. Hattori Bot. Lab.","54: 201","201","1983"
tro-35141635,B,Polytrichaceae,,Polytrichum,,"maoriae",,"","Müll. Hal.",Accepted,,M,TRO,35141635,,"Hedwigia","36: 340","340","1897"
tro-35141637,B,Polytrichaceae,,Polytrichum,,"marginatum",,"","Brid.",Accepted,,M,TRO,35141637,,"Muscol. Recent. Suppl.","1: 59","59","1806"
tro-35141645,B,Polytrichaceae,,Polytrichum,,"microcephalum",,"","Müll. Hal.",Accepted,,M,TRO,35141645,,"Bot. Jahrb. Syst.","5: 77","77","1883"
tro-35141647,B,Polytrichaceae,,Polytrichum,,"microdontium",,"","(Kindb.) Kindb.",Accepted,,M,TRO,35141647,,"Biblioth. Bot.","42(A): 66","66","1897"
tro-35141649,B,Polytrichaceae,,Polytrichum,,"micropysix",,"","Müll. Hal.",Accepted,,M,TRO,35141649,,"Gen. Musc. Frond.","181","181","1900"
tro-35141650,B,Polytrichaceae,,Polytrichum,,"microstomum",,"","R. Br. ex Schwägr.",Accepted,,M,TRO,35141650,,"Sp. Musc. Frond., Suppl. 2","2(1): 10. pl. 154","10","1826"
tro-35141674,B,Polytrichaceae,,Polytrichum,,"neesii",,"","Müll. Hal.",Accepted,,M,TRO,35141674,,"Syn. Musc. Frond.","2: 563","563","1851"
tro-35141676,B,Polytrichaceae,,Polytrichum,,"neocaledonicum",,"","(Besch.) Kindb.",Accepted,,M,TRO,35141676,,"Enum. Bryin. Exot.","72","72","1888"
tro-35141677,B,Polytrichaceae,,Polytrichum,,"nigrescens",,"","Lam. & DC.",Accepted,,M,TRO,35141677,,"Fl. Franç. (ed. 3)","2: 490","490","1805"
tro-35217341,B,Polytrichaceae,,Polytrichum,,"norwegicum",f.,"serrulatum","(Hand.-Mazz.) Podp.",Unresolved,,L,TRO,35217341,,"Consp. Musc. Eur.","72","72","1954"
tro-35141685,B,Polytrichaceae,,Polytrichum,,"norwegicum",var.,"tenellum","(Hesselbo) Podp.",Unresolved,,L,TRO,35141685,,"Consp. Musc. Eur.","72","72","1954"
tro-35141687,B,Polytrichaceae,,Polytrichum,,"novae-hollandiae",,"","A. Jaeger",Accepted,,M,TRO,35141687,,"Ber. Thätigk. St. Gallischen Naturwiss. Ges.","1873–74: 270","270","1875"
tro-35141689,B,Polytrichaceae,,Polytrichum,,"nudiusculum",,"","(Mitt.) Müll. Hal.",Accepted,,M,TRO,35141689,,"Linnaea","36: 13","13","1869"
tro-35141692,B,Polytrichaceae,,Polytrichum,,"obscuratum",,"","(Mitt.) Kindb.",Accepted,,M,TRO,35141692,,"Enum. Bryin. Exot.","72","72","1888"
tro-35141699,B,Polytrichaceae,,Polytrichum,,"oederi",,"","Brid. ex P. Beauv.",Accepted,,M,TRO,35141699,,"Mag. Encycl.","5: 330","330","1798"
tro-35141700,B,Polytrichaceae,,Polytrichum,,"oerstedianum",,"","Müll. Hal.",Accepted,,M,TRO,35141700,,"Gen. Musc. Frond.","177","177","1900"
tro-35169198,B,Polytrichaceae,,Polytrichum,,"ohioense",subsp.,"decipiens","(Limpr.) Pilous",Unresolved,,L,TRO,35169198,,"Preslia","41: 136","136","1969"
tro-35141702,B,Polytrichaceae,,Polytrichum,,"ohioense",var.,"strictifolium","(Warnst.) Podp.",Unresolved,,L,TRO,35141702,,"Consp. Musc. Eur.","65","65","1954"
tro-35141705,B,Polytrichaceae,,Polytrichum,,"otaruense",,"","(Besch.) Müll. Hal.",Accepted,,M,TRO,35141705,,"Gen. Musc. Frond.","173","173","1900"
tro-35141707,B,Polytrichaceae,,Polytrichum,,"pachyneuron",,"","Hampe",Accepted,,M,TRO,35141707,,"Linnaea","20: 80","80","1847"
tro-35141715,B,Polytrichaceae,,Polytrichum,,"parvum",,"","Müll. Hal.",Accepted,,M,TRO,35141715,,"Gen. Musc. Frond.","177","177","1900"
tro-35141718,B,Polytrichaceae,,Polytrichum,,"patulum",,"","Harv.",Accepted,,M,TRO,35141718,,"Icon. Pl.","1: pl. 18: f. 1","18 f","1836"
tro-35141720,B,Polytrichaceae,,Polytrichum,,"paucidens",,"","(Besch.) Müll. Hal.",Accepted,,M,TRO,35141720,,"Gen. Musc. Frond.","175","175","1900"
tro-35141734,B,Polytrichaceae,,Polytrichum,,"piliferum",,"","Hedw.",Accepted,,M,TRO,35141734,,"Sp. Musc. Frond.","90","90","1801"
tro-35169509,B,Polytrichaceae,,Polytrichum,,"piliferum",f.,"tectorum","(Warnst.) Margad.",Accepted,,L,TRO,35169509,,"Lindbergia","1: 129","129","1972"
tro-35141754,B,Polytrichaceae,,Polytrichum,,"pilosum",var.,"alpestre","(Wulfsb.) Kindb.",Unresolved,,L,TRO,35141754,,"Bih. Kongl. Svenska Vetensk.-Akad. Handl.","7(9): 52","52","1883"
tro-35141756,B,Polytrichaceae,,Polytrichum,,"pilosum",var.,"elegans","(Baur) Podp.",Unresolved,,L,TRO,35141756,,"Consp. Musc. Eur.","71","71","1954"
tro-35141758,B,Polytrichaceae,,Polytrichum,,"pilosum",var.,"hoppei","(Hornsch.) Lindb.",Unresolved,,L,TRO,35141758,,"Musci Scand.","12","12","1879"
tro-35217350,B,Polytrichaceae,,Polytrichum,,"pilosum",f.,"longisetum","(E. Bauer) Podp.",Unresolved,,L,TRO,35217350,,"Consp. Musc. Eur.","71","71","1954"
tro-35141760,B,Polytrichaceae,,Polytrichum,,"pilosum",var.,"schiffneri","(Baur) Podp.",Unresolved,,L,TRO,35141760,,"Consp. Musc. Eur.","71","71","1954"
tro-35141761,B,Polytrichaceae,,Polytrichum,,"pleeanum",,"","(Besch.) Müll. Hal.",Accepted,,M,TRO,35141761,,"Gen. Musc. Frond.","176","176","1900"
tro-35141766,B,Polytrichaceae,,Polytrichum,,"polakowskyi",,"","Müll. Hal.",Accepted,,M,TRO,35141766,,"Gen. Musc. Frond.","177","177","1900"
tro-35141779,B,Polytrichaceae,,Polytrichum,,"proliferum",,"","Griff.",Accepted,,M,TRO,35141779,,"Calcutta J. Nat. Hist.","2: 475","475","1842"
tro-35141781,B,Polytrichaceae,,Polytrichum,,"propinquum",,"","R. Br.",Accepted,,M,TRO,35141781,,"Chlor. Melvill.","36","36","1823"
tro-35141799,B,Polytrichaceae,,Polytrichum,,"recurvatum",,"","Müll. Hal.",Accepted,,M,TRO,35141799,,"Hedwigia","40: 98","98","1901"
tro-35141800,B,Polytrichaceae,,Polytrichum,,"recurvipilum",,"","Müll. Hal.",Accepted,,M,TRO,35141800,,"Hedwigia","36: 243","243","1897"
tro-35141809,B,Polytrichaceae,,Polytrichum,,"rhopalophorum",,"","(Besch.) Müll. Hal.",Accepted,,M,TRO,35141809,,"Gen. Musc. Frond.","175","175","1900"
tro-35141811,B,Polytrichaceae,,Polytrichum,,"riedelianum",,"","Mont.",Accepted,,M,TRO,35141811,,"Ann. Sci. Nat., Bot., sér. 2,","16: 269","269","1841"
tro-35141812,B,Polytrichaceae,,Polytrichum,,"robustiusculum",,"","(A. Jaeger) Kindb.",Accepted,,M,TRO,35141812,,"Enum. Bryin. Exot.","73","73","1888"
tro-35141817,B,Polytrichaceae,,Polytrichum,,"rottense",,"","(A. Schlick.) Weyland",Accepted,,M,TRO,35141817,,"Palaeontographica. Abt. B. Paläophytol.","83. B: 70. 9 f. 4–7","70","1937"
tro-35141821,B,Polytrichaceae,,Polytrichum,,"rubescens",,"","Mitt.",Accepted,,M,TRO,35141821,,"J. Linn. Soc., Bot.","12: 622","622","1869"
tro-35141828,B,Polytrichaceae,,Polytrichum,,"scabriusculum",,"","Brid.",Accepted,,M,TRO,35141828,,"Muscol. Recent. Suppl.","4: 195","195","1819"
tro-35141829,B,Polytrichaceae,,Polytrichum,,"schlumbergeri",,"","(Schimp.) Kindb.",Accepted,,M,TRO,35141829,,"Enum. Bryin. Exot.","73","73","1888"
tro-35141837,B,Polytrichaceae,,Polytrichum,,"semilamellatum",,"","Hook. f.",Accepted,,M,TRO,35141837,,"Icon. Pl.","2: pl. 194A","194A","1837"
tro-35141838,B,Polytrichaceae,,Polytrichum,,"seminudum",,"","(Mitt.) Wilson ex Hampe",Accepted,,M,TRO,35141838,,"Nuovo Giorn. Bot. Ital.","4: 275","275","1872"
tro-35141856,B,Polytrichaceae,,Polytrichum,,"sinense",,"","Cardot & Thér.",Accepted,,M,TRO,35141856,,"Bull. Acad. Int. Géogr. Bot.","13: 82. 3","82","1904"
tro-35141861,B,Polytrichaceae,,Polytrichum,,"spegazzinii",,"","Müll. Hal.",Accepted,,M,TRO,35141861,,"Flora","68: 399","399","1885"
tro-35141864,B,Polytrichaceae,,Polytrichum,,"spinulosum",,"","(Mitt.) Kindb.",Accepted,,M,TRO,35141864,,"Enum. Bryin. Exot.","72","72","1888"
tro-35141866,B,Polytrichaceae,,Polytrichum,,"squamosum",,"","Hook. f. & Wilson",Accepted,,M,TRO,35141866,,"London J. Bot.","3: 539","539","1844"
tro-35169700,B,Polytrichaceae,,Polytrichum,×,"stefureacii",,"","Plam.",Accepted,,M,TRO,35169700,,"Rev. Roumaine Biol., Sér. Bot.","18: 132. pl. 1–2","132","1973"
tro-35141868,B,Polytrichaceae,,Polytrichum,,"stolonigerum",,"","Müll. Hal.",Accepted,,M,TRO,35141868,,"Gen. Musc. Frond.","179","179","1900"
tro-35141872,B,Polytrichaceae,,Polytrichum,,"strictum",,"","Menzies ex Brid.",Accepted,,M,TRO,35141872,,"J. Bot. (Schrader)","1800(1): 286","286","1801"
tro-35141882,B,Polytrichaceae,,Polytrichum,,"subbifarium",,"","(Mitt.) Kindb.",Accepted,,M,TRO,35141882,,"Enum. Bryin. Exot.","73","73","1888"
tro-35141883,B,Polytrichaceae,,Polytrichum,,"subcarinatum",,"","Hampe",Accepted,,M,TRO,35141883,,"Vidensk. Meddel. Dansk Naturhist. Foren. Kjøbenhavn","6: 150","150","1875"
tro-35141888,B,Polytrichaceae,,Polytrichum,,"subformosum",var.,"parvisetum","(Müll. Hal.) Cardot",Unresolved,,L,TRO,35141888,,"Hist. Phys. Madagascar, Mousses","321","321","1915"
tro-35141894,B,Polytrichaceae,,Polytrichum,,"subpilosum",,"","P. Beauv.",Accepted,,M,TRO,35141894,,"Prodr. Aethéogam.","86","86","1805"
tro-35141895,B,Polytrichaceae,,Polytrichum,,"subremotifolium",,"","Geh. & Hampe",Accepted,,M,TRO,35141895,,"Flora","64: 337","337","1881"
tro-35141896,B,Polytrichaceae,,Polytrichum,,"subrotundum",,"","Menzies ex Brid.",Accepted,,M,TRO,35141896,,"J. Bot. (Schrader)","1800(1): 284","284","1801"
tro-35141901,B,Polytrichaceae,,Polytrichum,,"subtortile",,"","Müll. Hal.",Accepted,,M,TRO,35141901,,"Syn. Musc. Frond.","1: 216","216","1848"
tro-35141902,B,Polytrichaceae,,Polytrichum,,"subulatum",,"","Menzies ex Brid.",Accepted,,M,TRO,35141902,,"J. Bot. (Schrader)","1800(1): 286","286","1801"
tro-35141906,B,Polytrichaceae,,Polytrichum,,"superbum",,"","Schultz",Accepted,,M,TRO,35141906,,"Syll. Pl. Nov.","2: 152","152","1828"
tro-35141907,B,Polytrichaceae,,Polytrichum,,"swartzii",,"","Hartm.",Accepted,,M,TRO,35141907,,"Handb. Skand. Fl. (ed. 5)","361","361","1849"
tro-35141910,B,Polytrichaceae,,Polytrichum,,"tahitense",,"","(Schimp.) Müll. Hal.",Accepted,,M,TRO,35141910,,"Gen. Musc. Frond.","173","173","1900"
tro-35141914,B,Polytrichaceae,,Polytrichum,,"tenellum",,"","Müll. Hal.",Accepted,,M,TRO,35141914,,"Nuovo Giorn. Bot. Ital., n.s.,","4: 17","17","1897"
tro-35141916,B,Polytrichaceae,,Polytrichum,,"tenuirostre",,"","Hook.",Accepted,,M,TRO,35141916,,"Musci Exot.","1: 75","75","1818"
tro-35141016,B,Polytrichaceae,,Polytrichum,,"tibetanum",,"","C. Gao",Accepted,,M,TRO,35141016,,"Acta Phytotax. Sin.","17: 117. f. 2: 1–11","117","1979"
tro-35141923,B,Polytrichaceae,,Polytrichum,,"timmioides",,"","Müll. Hal.",Accepted,,M,TRO,35141923,,"Int. Polarforsch., Deutsch. Exped.","2: 291","291","1890"
tro-35141927,B,Polytrichaceae,,Polytrichum,,"tonkinense",,"","Thér. & R. Henry",Accepted,,M,TRO,35141927,,"Rev. Bryol., n.s.","1: 47","47","1928"
tro-100355650,B,Polytrichaceae,,Polytrichum,,"torquatum",,"","(Mitt. ex Osada & G.L. Sm.) N. E. Bell & Hyvönen",Accepted,,M,TRO,100355650,,"Amer. J. Bot.","97(4): 577","577","2010"
tro-35141932,B,Polytrichaceae,,Polytrichum,,"trachythecium",,"","Müll. Hal.",Accepted,,M,TRO,35141932,,"Gen. Musc. Frond.","173","173","1900"
tro-35141933,B,Polytrichaceae,,Polytrichum,,"transvaaliense",,"","Müll. Hal.",Accepted,,M,TRO,35141933,,"Hedwigia","38: 63","63","1899"
tro-35141958,B,Polytrichaceae,,Polytrichum,,"urnigerum",var.,"tetragonum","Lindb.",Unresolved,,L,TRO,35141958,,"Not. Sällsk. Fauna Fl. Fenn. Förh.","9: 136","136","1868"
tro-35141962,B,Polytrichaceae,,Polytrichum,,"vaginatum",,"","Warnst.",Accepted,,M,TRO,35141962,,"Hedwigia","61: 410","410","1920"
tro-35141965,B,Polytrichaceae,,Polytrichum,,"verrucosum",,"","Paris",Unresolved,,L,TRO,35141965,,"Index Bryol.","1010","1010","1898"
tro-35141967,B,Polytrichaceae,,Polytrichum,,"viride",,"","(Mitt.) Kindb.",Accepted,,M,TRO,35141967,,"Enum. Bryin. Exot.","73","73","1888"
tro-35141968,B,Polytrichaceae,,Polytrichum,,"vitiense",,"","(Mitt.) Kindb.",Accepted,,M,TRO,35141968,,"Enum. Bryin. Exot.","73","73","1888"
tro-35141973,B,Polytrichaceae,,Polytrichum,,"wilsonii",,"","Kindb.",Unresolved,,L,TRO,35141973,,"Enum. Bryin. Exot.","73","73","1888"
tro-35141975,B,Polytrichaceae,,Polytrichum,,"xanthopilum",,"","Wilson ex Mitt.",Accepted,,M,TRO,35141975,,"J. Proc. Linn. Soc., Bot., Suppl.","2: 156","156","1859"
tro-35141976,B,Polytrichaceae,,Polytrichum,,"yezoense",,"","Horik.",Unresolved,,L,TRO,35141976,,"J. Jap. Bot.","15: 365. 17, 18","365","1939"
tro-35141977,B,Polytrichaceae,,Polytrichum,,"yuccaefolium",,"","Ehrh. ex Funck",Accepted,,M,TRO,35141977,,"Crypt. Gew. Fichtelgeb.","2: 28","n","1801"
tro-35141982,B,Polytrichaceae,,Polytrichum,,"yunnanense",,"","(Besch.) Müll. Hal.",Accepted,,M,TRO,35141982,,"Gen. Musc. Frond.","173","173","1900"
tro-35184162,B,Polytrichaceae,,Pseudatrichum,,"nudiusculum",,"","(Mitt.) G.L. Merr.",Accepted,,M,TRO,35184162,,"Mem. New York Bot. Gard.","45: 466","466","1987"
tro-35168835,B,Polytrichaceae,,Pseudoracelopus,,"acaulis",,"","(Mitt.) Z. Iwats.",Accepted,,M,TRO,35168835,,"J. Hattori Bot. Lab.","32: 285","285","1969"
tro-35141353,B,Polytrichaceae,,Pseudoracelopus,,"marginatus",,"","(Mitt.) G.L. Sm.",Accepted,,M,TRO,35141353,,"Phytologia","18: 403","403","1969"
tro-35143316,B,Polytrichaceae,,Pseudoracelopus,,"misimensis",,"","E.B. Bartram",Accepted,,M,TRO,35143316,,"Blumea","10: 150","150","1960"
tro-35143318,B,Polytrichaceae,,Pseudoracelopus,,"philippinensis",,"","Broth.",Accepted,,M,TRO,35143318,,"Oefvers. Förh. Finska Vetensk.-Soc.","52A(7): 2. f. 2","2","1910"
tro-35141354,B,Polytrichaceae,,Pseudoracelopus,,"ponapensis",,"","(Sakurai) G.L. Sm.",Accepted,,M,TRO,35141354,,"Phytologia","18: 403","403","1969"
tro-35183659,B,Polytrichaceae,,Pseudoracelopus,,"rutteri",,"","(Thér. & Dixon) A. Eddy",Accepted,,M,TRO,35183659,,"Handb. Males. Mosses","1: 47","47","1988"
tro-35143342,B,Polytrichaceae,,Psilopilum,,"aequinoctiale",,"","(Müll. Hal.) Schimp.",Accepted,,M,TRO,35143342,,"Nuovo Giorn. Bot. Ital., n.s.,","4: 166","166","1897"
tro-35143343,B,Polytrichaceae,,Psilopilum,,"afrolaevigatum",,"","Dixon",Accepted,,M,TRO,35143343,,"Trans. Roy. Soc. South Africa","8: 207. pl. 11: f. 10","207","1920"
tro-35143345,B,Polytrichaceae,,Psilopilum,,"antarcticum",,"","(Müll. Hal.) Paris",Accepted,,M,TRO,35143345,,"Index Bryol.","1039","1039","1898"
tro-35143349,B,Polytrichaceae,,Psilopilum,,"australe",,"","(Hook. f. & Wilson) Mitt.",Accepted,,M,TRO,35143349,,"J. Proc. Linn. Soc., Bot.","4: 97","97","1859"
tro-35143350,B,Polytrichaceae,,Psilopilum,,"bellii",,"","Broth.",Accepted,,M,TRO,35143350,,"Oefvers. Förh. Finska Vetensk.-Soc.","40: 179","179","1898"
tro-35143352,B,Polytrichaceae,,Psilopilum,,"cavifolium",,"","(Wilson) I. Hagen",Accepted,,M,TRO,35143352,,"Bryologist","19: 70","70","1916"
tro-35143354,B,Polytrichaceae,,Psilopilum,,"compressum",,"","(Hook. f. & Wilson) Mitt.",Accepted,,M,TRO,35143354,,"J. Linn. Soc., Bot.","12: 607","607","1869"
tro-35143355,B,Polytrichaceae,,Psilopilum,,"crispulum",,"","(Hook. f. & Wilson) Mitt.",Accepted,,M,TRO,35143355,,"J. Proc. Linn. Soc., Bot.","4: 97","97","1859"
tro-35143358,B,Polytrichaceae,,Psilopilum,,"gymnostomulum",,"","(Müll. Hal.) Paris",Accepted,,M,TRO,35143358,,"Index Bryol.","1040","1040","1898"
tro-35143359,B,Polytrichaceae,,Psilopilum,,"laevigatum",,"","(Wahlenb.) Lindb.",Accepted,,M,TRO,35143359,,"Öfvers. Förh. Kongl. Svenska Vetensk.-Akad.","18(4): 190","190","1861"
tro-35143362,B,Polytrichaceae,,Psilopilum,,"laevigatum",var.,"laxirete","(C.E.O. Jensen) Wijk & Margad.",Accepted,,L,TRO,35143362,,"Taxon","11: 222","222","1962"
tro-35163040,B,Polytrichaceae,,Psilopilum,,"laxifolium",,"","Dixon",Accepted,,M,TRO,35163040,,"Results Norweg. Sci. Exped. Tristan da Cunha","48: 48","48","1960"
tro-35141355,B,Polytrichaceae,,Psilopilum,,"mexicanum",,"","G.L. Sm.",Accepted,,M,TRO,35141355,,"Phytologia","18: 401. f. a–n","401","1969"
tro-35141356,B,Polytrichaceae,,Psilopilum,,"minimum",,"","(Cardot) G.L. Sm.",Accepted,,M,TRO,35141356,,"Bull. Torrey Bot. Club","96: 67","67","1969"
tro-35143366,B,Polytrichaceae,,Psilopilum,,"pyriforme",,"","(Hampe) A. Jaeger",Accepted,,M,TRO,35143366,,"Ber. Thätigk. St. Gallischen Naturwiss. Ges.","1877–78: 452 (Gen. Sp. Musc. 2: 716)","452 ","1880"
tro-35143368,B,Polytrichaceae,,Psilopilum,,"tapes",,"","(Müll. Hal.) Paris",Accepted,,M,TRO,35143368,,"Index Bryol.","1040","1040","1898"
tro-35143370,B,Polytrichaceae,,Psilopilum,,"trichodon",,"","(Hook. f. & Wilson) Mitt.",Accepted,,M,TRO,35143370,,"J. Linn. Soc., Bot.","12: 607","607","1869"
tro-35183372,B,Polytrichaceae,,Psilopilum,,"tristaniense",,"","Dixon",Accepted,,M,TRO,35183372,,"Results Norweg. Sci. Exped. Tristan da Cunha","48: 48","48","1960"
tro-35143374,B,Polytrichaceae,,Psilopilum,,"ulei",,"","Broth. ex Müll. Hal.",Accepted,,M,TRO,35143374,,"Bull. Herb. Boissier","6: 26","26","1898"
tro-35143375,B,Polytrichaceae,,Psilopilum,,"wageri",,"","Broth.",Accepted,,M,TRO,35143375,,"Trans. Roy. Soc. South Africa","8: 207. pl. 12: f. 12","207","1920"
tro-35144441,B,Polytrichaceae,,Racelopodopsis,,"camusii",,"","Thér.",Accepted,,M,TRO,35144441,,"Monde Pl.","9: 22","22","1907"
tro-35141360,B,Polytrichaceae,,Racelopodopsis,,"mindanensis",,"","(E.B. Bartram) G.L. Sm.",Accepted,,M,TRO,35141360,,"Phytologia","18: 403","403","1969"
tro-35141361,B,Polytrichaceae,,Racelopodopsis,,"papillosa",,"","(Horik.) G.L. Sm.",Accepted,,M,TRO,35141361,,"Phytologia","18: 403","403","1969"
tro-35144448,B,Polytrichaceae,,Racelopus,,"pilifer",,"","Dozy & Molk.",Accepted,,M,TRO,35144448,,"Bryol. Jav.","1: 37. pl. 27","37","1856"
tro-35184224,B,Polytrichaceae,,Steereobryon,,"elamellosum",,"","(Herzog) M. Menzel",Accepted,,M,TRO,35184224,,"Beih. Nova Hedwigia","88: 57","57","1987"
tro-35169097,B,Polytrichaceae,,Steereobryon,,"subulirostrum",,"","(Schimp. ex Besch.) G.L. Sm.",Accepted,,M,TRO,35169097,,"Mem. New York Bot. Gard.","21(3): 56","56","1971"
tro-35126350,B,Polytrichaceae,,Triplocoma,,"polytrichoides",,"","(R. Br.) Bach. Pyl.",Accepted,,M,TRO,35126350,,"J. Bot. Agric.","3(5): 7","7","1814"
