﻿ID,Major group,Family,Genus hybrid marker,Genus,Species hybrid marker,Species,Infraspecific rank,Infraspecific epithet,Authorship,Taxonomic status in TPL,Nomenclatural status from original data source,Confidence level,Source,Source id,IPNI id,Publication,Collation,Page,Date
tro-35204347,B,Porellaceae,,Antoiria,,"vulgaris",,"","Raddi",Unresolved,,L,TRO,35204347,,"Jungermanniogr. Etrusca","8","8","1818"
tro-35184458,B,Porellaceae,,Ascidiota,,"blepharophylla",,"","C. Massal.",Accepted,,M,TRO,35184458,,"Nuovo Giorn. Bot. Ital., n.s.,","5: 257","257","1898"
tro-35216293,B,Porellaceae,,Bellincinia,,"abyssinica",,"","(Nees) Kuntze",Accepted,,M,TRO,35216293,,"Revis. Gen. Pl.","833","833","1891"
tro-35209221,B,Porellaceae,,Macvicaria,,"fossombronioides",,"","W.E. Nicholson",Unresolved,,L,TRO,35209221,,"Symb. Sin.","5: 9","9","1930"
tro-35206506,B,Porellaceae,,Macvicaria,,"ulophylla",,"","(Stephani) Hatt.",Accepted,,M,TRO,35206506,,"J. Hattori Bot. Lab.","5: 81","81","1951"
tro-35206535,B,Porellaceae,,Madotheca,,"acutiloba",,"","Steph.",Accepted,,M,TRO,35206535,,"Biblioth. Bot.","87: 233. f. 178","233","1916"
tro-35213106,B,Porellaceae,,Madotheca,,"angusta",,"","Stephani",Unresolved,,L,TRO,35213106,,"Sp. Hepat.","4: 288","288","1910"
tro-35208637,B,Porellaceae,,Madotheca,,"apiculata",,"","Herzog",Unresolved,,L,TRO,35208637,,"Feddes Repert. Spec. Nov. Regni Veg.","57: 197. f. 25: a–c","197","1955"
tro-35212802,B,Porellaceae,,Madotheca,,"armitana",,"","Stephani",Unresolved,,L,TRO,35212802,,"Sp. Hepat.","6: 517","517","1924"
tro-35209240,B,Porellaceae,,Madotheca,,"blepharophylla",,"","(C. Massal.) Stephani",Accepted,,M,TRO,35209240,,"Sp. Hepat.","4: 298","298","1910"
tro-35208625,B,Porellaceae,,Madotheca,,"brachiata",,"","Taylor",Accepted,,M,TRO,35208625,,"London J. Bot.","6: 341","341","1847"
tro-35206536,B,Porellaceae,,Madotheca,,"caudata",,"","Steph.",Accepted,,M,TRO,35206536,,"Biblioth. Bot.","87: 233. f. 179","233","1916"
tro-35187627,B,Porellaceae,,Madotheca,,"cognata",,"","Lindenb. & Gottsche",Unresolved,,L,TRO,35187627,,"Syn. Hepat.","733","733","1847"
tro-35215799,B,Porellaceae,,Madotheca,,"cucullistipula",,"","(Stephani) Paris",Accepted,,M,TRO,35215799,,"Rev. Bryol.","30: 95","95","1903"
tro-35209242,B,Porellaceae,,Madotheca,,"densiramea",,"","Stephani",Unresolved,,L,TRO,35209242,,"Sp. Hepat.","4: 298","298","1910"
tro-35187621,B,Porellaceae,,Madotheca,,"divergens",,"","Lindenb. & Gottsche",Unresolved,,L,TRO,35187621,,"Syn. Hepat.","731","731","1847"
tro-35187628,B,Porellaceae,,Madotheca,,"elongata",,"","Lindenb. & Gottsche",Unresolved,,L,TRO,35187628,,"Syn. Hepat.","733","733","1847"
tro-35187629,B,Porellaceae,,Madotheca,,"expansa",,"","Lindenb. & Gottsche",Unresolved,,L,TRO,35187629,,"Syn. Hepat.","732","732","1847"
tro-35206537,B,Porellaceae,,Madotheca,,"fissistipula",,"","Steph.",Accepted,,M,TRO,35206537,,"Biblioth. Bot.","87: 234","234","1916"
tro-35209244,B,Porellaceae,,Madotheca,,"fulva",,"","Stephani",Unresolved,,L,TRO,35209244,,"Sp. Hepat.","4: 297","297","1910"
tro-35209953,B,Porellaceae,,Madotheca,,"fuscovirens",,"","Stephani",Unresolved,,L,TRO,35209953,,"Sp. Hepat.","","","1924"
tro-35187645,B,Porellaceae,,Madotheca,,"intermedia",,"","Gottsche",Accepted,,M,TRO,35187645,,"Mexik. Leverm.","158","158","1863"
tro-35212805,B,Porellaceae,,Madotheca,,"johannis-winkleri",,"","Herzog",Accepted,,M,TRO,35212805,,"Mitt. Inst. Allg. Bot. Hamburg","7: 195","195","1931"
tro-35213155,B,Porellaceae,,Madotheca,,"kotukensis",,"","Iisiba",Unresolved,,L,TRO,35213155,,"Trans. Sapporo Nat. Hist. Soc.","13: 396","396","1934"
tro-35206538,B,Porellaceae,,Madotheca,,"latetrigona",,"","Steph.",Accepted,,M,TRO,35206538,,"Biblioth. Bot.","87: 235. f. 180: a–c","235","1916"
tro-35187646,B,Porellaceae,,Madotheca,,"muelleri",,"","Gottsche",Accepted,,M,TRO,35187646,,"Mexik. Leverm.","153","153","1863"
tro-35187634,B,Porellaceae,,Madotheca,,"muenchiana",,"","Stephani",Unresolved,,L,TRO,35187634,,"Sp. Hepat.","","","1910"
tro-35187630,B,Porellaceae,,Madotheca,,"neesiana",,"","Lindenb.",Unresolved,,L,TRO,35187630,,"Syn. Hepat.","271","271","1845"
tro-35213157,B,Porellaceae,,Madotheca,,"nigricans",,"","Stephani",Unresolved,,L,TRO,35213157,,"Sp. Hepat.","4: 314","314","1910"
tro-35205785,B,Porellaceae,,Madotheca,,"niitakensis",,"","Horik.",Accepted,,M,TRO,35205785,,"J. Sci. Hiroshima Univ., Ser. B, Div. 2, Bot.","2: 233. p. 18: 15–18","233","1934"
tro-35206539,B,Porellaceae,,Madotheca,,"pilgeri",,"","Steph.",Accepted,,M,TRO,35206539,,"Biblioth. Bot.","87: 236. f. 180: d–f","236","1916"
tro-35206540,B,Porellaceae,,Madotheca,,"pilistipula",,"","Steph.",Accepted,,M,TRO,35206540,,"Biblioth. Bot.","87: 236. f. 182: a–d","236","1916"
tro-35212813,B,Porellaceae,,Madotheca,,"polita",,"","(Mitt.) Stephani",Accepted,,M,TRO,35212813,,"Bull. Herb. Boissier","5: 80","80","1897"
tro-35206541,B,Porellaceae,,Madotheca,,"ptilopis",,"","(Spruce) Stephani",Accepted,,M,TRO,35206541,,"Sp. Hepat.","4: 272","272","1910"
tro-35209250,B,Porellaceae,,Madotheca,,"ptychanthoides",,"","Horik.",Unresolved,,L,TRO,35209250,,"J. Sci. Hiroshima Univ., Ser. B, Div. 2, Bot.","2: 232. f. 43","232",""
tro-35206471,B,Porellaceae,,Madotheca,,"renifolia",,"","Steph.",Accepted,,M,TRO,35206471,,"Biblioth. Bot.","87: 236. f. 181","236","1916"
tro-35200436,B,Porellaceae,,Madotheca,,"revoluta",,"","Lehm.",Unresolved,,L,TRO,35200436,,"Nov. Stirp. Pug.","4: 18","18","1832"
tro-35206543,B,Porellaceae,,Madotheca,,"rufescens",,"","Steph.",Accepted,,M,TRO,35206543,,"Biblioth. Bot.","87: 236. f. 182: e–g","236","1916"
tro-35208061,B,Porellaceae,,Madotheca,,"schiffneriana",,"","C. Massal.",Unresolved,,L,TRO,35208061,,"Mem. Accad. Agric. Verona","73(2): 31","31","1897"
tro-35187631,B,Porellaceae,,Madotheca,,"semiteres",,"","Lindenb. & Gottsche",Unresolved,,L,TRO,35187631,,"Syn. Hepat.","735","735","1847"
tro-35206544,B,Porellaceae,,Madotheca,,"spinistipula",,"","Steph.",Accepted,,M,TRO,35206544,,"Biblioth. Bot.","87: 237. f. 183","237","1916"
tro-35212959,B,Porellaceae,,Madotheca,,"sumatrana",,"","Stephani",Unresolved,,L,TRO,35212959,,"Sp. Hepat.","4: 295","295","1910"
tro-35212958,B,Porellaceae,,Madotheca,,"thuja",,"","(Dicks.) Dumort.",Accepted,,M,TRO,35212958,,"Comment. Bot.","111","111","1822"
tro-35206546,B,Porellaceae,,Madotheca,,"venezuelana",,"","Stephani",Unresolved,,L,TRO,35206546,,"Sp. Hepat.","4: 270","270","1910"
tro-35213156,B,Porellaceae,,Madotheca,,"vernicosa",,"","(Lindb.) Stephani",Accepted,,M,TRO,35213156,,"Bull. Herb. Boissier","5: 80","80","1897"
tro-35213154,B,Porellaceae,,Madotheca,,"virens",,"","Stephani",Unresolved,,L,TRO,35213154,,"Sp. Hepat.","4: 294","294","1910"
tro-35206893,B,Porellaceae,,Madotheca,,"wakawana",,"","Stephani",Unresolved,,L,TRO,35206893,,"Sp. Hepat.","6: 529","529","1924"
tro-35200673,B,Porellaceae,,Madotheca,,"wataugensis",,"","Sull.",Accepted,,M,TRO,35200673,,"Manual (ed. 2)","700","700","1856"
tro-35200603,B,Porellaceae,,Madotheca,,"zikanii",,"","Herzog",Accepted,,M,TRO,35200603,,"Arq. Bot. Estado São Paulo","1(2): 43. f. 4","43","1924"
tro-35190054,B,Porellaceae,,Porella,,"abyssinica",,"","Trevis.",Unresolved,,L,TRO,35190054,,"Mem. Reale Ist. Lombardo Sci., Ser. 3, Cl. Sci. Mat.","4: 407","407","1877"
tro-35191248,B,Porellaceae,,Porella,,"acanthota",,"","Spruce",Accepted,,M,TRO,35191248,,"Trans. & Proc. Bot. Soc. Edinburgh","15: 332","332","1885"
tro-35209239,B,Porellaceae,,Porella,,"acutifolia",,"","(Lehm. & Lindenb.) Trevis.",Accepted,,M,TRO,35209239,,"Mem. Reale Ist. Lombardo Sci., Ser. 3, Cl. Sci. Mat.","4: 408","408","1877"
tro-35213091,B,Porellaceae,,Porella,,"acutifolia",var.,"elbertii","(Stephani) S. Hatt.",Accepted,,L,TRO,35213091,,"J. Hattori Bot. Lab.","32: 320","320","1969"
tro-35207143,B,Porellaceae,,Porella,,"acutifolia",var.,"hattoriana","(Pocs) S. Hatt.",Accepted,,L,TRO,35207143,,"Misc. Bryol. Lichenol.","8: 79","79","1979"
tro-35213092,B,Porellaceae,,Porella,,"acutifolia",var.,"johannis-winkleri","(Herzog) S. Hatt.",Accepted,,L,TRO,35213092,,"J. Hattori Bot. Lab.","32: 323","323","1969"
tro-35213093,B,Porellaceae,,Porella,,"acutifolia",var.,"lancifolia","(Stephani) S. Hatt.",Accepted,,L,TRO,35213093,,"J. Hattori Bot. Lab.","32: 325","325","1969"
tro-35213098,B,Porellaceae,,Porella,,"acutifolia",var.,"ligulifera","(Taylor) S. Hatt.",Accepted,,L,TRO,35213098,,"J. Hattori Bot. Lab.","32: 333","333","1969"
tro-35209423,B,Porellaceae,,Porella,,"acutifolia",var.,"linguaefolia","(Stephani) M. L. So",Accepted,,L,TRO,35209423,,"Syst. Bot.","27: 5","5","2002"
tro-35213153,B,Porellaceae,,Porella,,"acutifolia",var.,"stracheyana","(Gottsche) S. Hatt.",Accepted,,L,TRO,35213153,,"J. Hattori Bot. Lab.","33: 44","44","1970"
tro-35211284,B,Porellaceae,,Porella,,"acutifolia",subsp.,"tosana","(Stephani) S. Hatt.",Accepted,,L,TRO,35211284,,"J. Hattori Bot. Lab.","44: 100","100","1978"
tro-35187617,B,Porellaceae,,Porella,,"alpina",,"","(Lindenb. & Gottsche) Trevis.",Accepted,,M,TRO,35187617,,"Mem. Reale Ist. Lombardo Sci., Ser. 3, Cl. Sci. Mat.","4: 407","407","1877"
tro-35213831,B,Porellaceae,,Porella,,"amoena",,"","(Colenso ex Stephani) S. Hatt.",Accepted,,M,TRO,35213831,,"J. Hattori Bot. Lab.","34: 416","416","1971"
tro-35201057,B,Porellaceae,,Porella,,"apiculata",,"","P.C. Chen & P.C. Wu",Accepted,,M,TRO,35201057,,"Observ. Fl. Hwangshan.","10. f. 3","10","1965"
tro-35191249,B,Porellaceae,,Porella,,"arborea",,"","Trevis.",Unresolved,,L,TRO,35191249,,"Index Bryol. (ed. 2)","","","1877"
tro-35201814,B,Porellaceae,,Porella,,"arboris-vitae",,"","(With.) Grolle",Accepted,,M,TRO,35201814,,"Trans. Brit. Bryol. Soc.","5: 770","770","1969"
tro-35201837,B,Porellaceae,,Porella,,"arboris-vitae",var.,"killarniensis","(Pearson) M.F.V. Corley",Accepted,,L,TRO,35201837,,"J. Bryol.","11: 843","843","1981"
tro-35211153,B,Porellaceae,,Porella,,"arboris-vitae",subsp.,"nitidula","(C. Massal. ex Stephani) S. Hatt.",Accepted,,L,TRO,35211153,,"J. Hattori Bot. Lab.","40: 123","123","1976"
tro-35201860,B,Porellaceae,,Porella,,"arboris-vitae",var.,"obscura","(Nees) M.F.V. Corley",Accepted,,L,TRO,35201860,,"J. Bryol.","11: 843","843","1981"
tro-35200198,B,Porellaceae,,Porella,,"asperifolia",,"","Spruce",Accepted,,M,TRO,35200198,,"Trans. & Proc. Bot. Soc. Edinburgh","15: 329","329","1885"
tro-35190893,B,Porellaceae,,Porella,,"assimilis",,"","(Hampe ex Gottsche, Lindenb. & Nees) Trevis.",Accepted,,M,TRO,35190893,,"","","",""
tro-35207845,B,Porellaceae,,Porella,,"baueri",,"","(Schiffner) C.E.O. Jensen",Accepted,,M,TRO,35207845,,"Danmarks Mosser","1: 240","240","1915"
tro-35185659,B,Porellaceae,,Porella,,"bolanderi",,"","(Austin) Pearson",Accepted,,M,TRO,35185659,,"Geol. Nat. Hist. Surv. Canada","7","7","1890"
tro-35187619,B,Porellaceae,,Porella,,"brachiata",,"","(Taylor) Spruce",Accepted,,M,TRO,35187619,,"Trans. & Proc. Bot. Soc. Edinburgh","15: 334","334","1885"
tro-35187620,B,Porellaceae,,Porella,,"brasiliensis",,"","(Raddi) Schiffner",Accepted,,M,TRO,35187620,,"Nova Acta Acad. Caes. Leop.-Carol. German. Nat. Cur.","60: 246","246","1893"
tro-35189618,B,Porellaceae,,Porella,,"caespitans",,"","(Stephani) S. Hatt.",Accepted,,M,TRO,35189618,,"J. Hattori Bot. Lab.","33: 50","50","1970"
tro-100375359,B,Porellaceae,,Porella,,"caespitans",var.,"cordifolia","(Stephani) S. Hatt. ex T. Katagiri & T. Yamag.",Accepted,,L,TRO,100375359,,"Bryol. Res.","10(5): 133","133","2011"
tro-35207144,B,Porellaceae,,Porella,,"caespitans",var.,"grossedentata","(Pocs) S. Hatt.",Accepted,,L,TRO,35207144,,"Misc. Bryol. Lichenol.","8: 79","79","1979"
tro-35211155,B,Porellaceae,,Porella,,"caespitans",var.,"intermedia","(S. Hatt.) S. Hatt.",Accepted,,L,TRO,35211155,,"J. Hattori Bot. Lab.","40: 127","127","1976"
tro-35211156,B,Porellaceae,,Porella,,"caespitans",subsp.,"latior","(S. Hatt.) S. Hatt.",Accepted,,L,TRO,35211156,,"J. Hattori Bot. Lab.","40: 127","127","1976"
tro-35211157,B,Porellaceae,,Porella,,"caespitans",var.,"reflexigastria","(Pocs) S. Hatt.",Accepted,,L,TRO,35211157,,"J. Hattori Bot. Lab.","40: 127","127","1976"
tro-35210744,B,Porellaceae,,Porella,,"caespitans",var.,"setigera","(Stephani) S. Hatt.",Accepted,,L,TRO,35210744,,"J. Hattori Bot. Lab.","33: 53","53","1970"
tro-35205842,B,Porellaceae,,Porella,,"calcicola",,"","S. Hatt.",Unresolved,,L,TRO,35205842,,"Bot. Mag. (Tokyo)","58: 4. f. 11","4","1944"
tro-35207318,B,Porellaceae,,Porella,,"campylophylla",,"","(Lehm. & Lindenb.) Trevis.",Accepted,,M,TRO,35207318,,"Mem. Reale Ist. Lombardo Sci., Ser. 3, Cl. Sci. Mat.","4: 408","408","1877"
tro-35211291,B,Porellaceae,,Porella,,"campylophylla",subsp.,"lancistipula","(Stephani) S. Hatt.",Accepted,,L,TRO,35211291,,"J. Hattori Bot. Lab.","44: 102","102","1978"
tro-35207317,B,Porellaceae,,Porella,,"campylophylla",var.,"ptychantha","(Mitt.) Shaheen & S.C. Srivast.",Accepted,,L,TRO,35207317,,"Geophytology","19: 37","37","1989"
tro-35211158,B,Porellaceae,,Porella,,"campylophylla",var.,"tixieri","(Pocs) S. Hatt.",Accepted,,L,TRO,35211158,,"J. Hattori Bot. Lab.","40: 128","128","1976"
tro-35208498,B,Porellaceae,,Porella,,"canariensis",,"","(F. Weber) Underw.",Accepted,,M,TRO,35208498,,"Rep. (Annual) Missouri Bot. Gard.","8: 186","186","1897"
tro-35208621,B,Porellaceae,,Porella,,"capehornensis",,"","Swails",Accepted,,M,TRO,35208621,,"Nova Hedwigia","19: 244. f. 21","244","1970"
tro-35203567,B,Porellaceae,,Porella,,"capensis",,"","Stephani",Unresolved,,L,TRO,35203567,,"Rev. Bryol. Lichenol.","","",""
tro-35209395,B,Porellaceae,,Porella,,"chenii",,"","S. Hatt.",Accepted,,M,TRO,35209395,,"J. Hattori Bot. Lab.","30: 129. f. 1","129",""
tro-35204177,B,Porellaceae,,Porella,,"chilensis",,"","(Lehm. & Lindenb.) Trevis.",Accepted,,M,TRO,35204177,,"Mem. Reale Ist. Lombardo Sci., Ser. 3, Cl. Sci. Mat.","4: 407","407","1877"
tro-35218063,B,Porellaceae,,Porella,,"chilensis",var.,"antucensis","(Gottsche) Hässel de Menéndez",Accepted,,L,TRO,35218063,,"Beih. Nova Hedwigia","134: 452","452","2009"
tro-35189664,B,Porellaceae,,Porella,,"chinensis",,"","(Stephani) S. Hatt.",Accepted,,M,TRO,35189664,,"J. Hattori Bot. Lab.","30: 131","131","1967"
tro-35211293,B,Porellaceae,,Porella,,"chinensis",var.,"decurrens","(Stephani) S. Hatt.",Accepted,,L,TRO,35211293,,"J. Hattori Bot. Lab.","44: 102","102","1978"
tro-35209427,B,Porellaceae,,Porella,,"chinensis",f.,"hastata","(Stephani) S. Hatt.",Accepted,,L,TRO,35209427,,"J. Hattori Bot. Lab.","39: 271","271","1975"
tro-35210746,B,Porellaceae,,Porella,,"chinensis",var.,"irregularis","(Stephani) S. Hatt.",Accepted,,L,TRO,35210746,,"J. Hattori Bot. Lab.","39: 270","270","1975"
tro-35208618,B,Porellaceae,,Porella,,"complanata",,"","(Stephani) Swails",Accepted,,M,TRO,35208618,,"Nova Hedwigia","19: 219","219","1970"
tro-35205779,B,Porellaceae,,Porella,,"conduplicata",,"","(Stephani) S. Hatt.",Accepted,,M,TRO,35205779,,"J. Jap. Bot.","20: 109","109","1944"
tro-35185776,B,Porellaceae,,Porella,,"cordaeana",,"","(Huebener) Moore",Accepted,,M,TRO,35185776,,"Proc. Roy. Irish Acad.","2: 618","618","1876"
tro-35187623,B,Porellaceae,,Porella,,"crispata",,"","(Hook.) Trevis.",Accepted,,M,TRO,35187623,,"","","","1877"
tro-35208617,B,Porellaceae,,Porella,,"crispata",var.,"subciliata","(Lehm. & Lindenb.) Swails",Accepted,,L,TRO,35208617,,"Nova Hedwigia","19: 213","213","1970"
tro-35215798,B,Porellaceae,,Porella,,"cucullistipula",,"","Stephani",Accepted,,M,TRO,35215798,,"Bull. Soc. Roy. Bot. Belgique","32(2): 38","38","1893"
tro-35200362,B,Porellaceae,,Porella,,"densifolia",,"","(Stephani) S. Hatt.",Accepted,,M,TRO,35200362,,"J. Jap. Bot.","20: 109","109","1944"
tro-35200363,B,Porellaceae,,Porella,,"densifolia",var.,"appendiculata","(Stephani) S. Hatt.",Accepted,,L,TRO,35200363,,"J. Hattori Bot. Lab.","32: 343","343","1969"
tro-35209783,B,Porellaceae,,Porella,,"densifolia",var.,"fallax","(C. Massal.) S. Hatt.",Accepted,,L,TRO,35209783,,"J. Hattori Bot. Lab.","32: 341","341","1969"
tro-35209784,B,Porellaceae,,Porella,,"densifolia",var.,"oviloba","(Stephani) N. Kitag.",Accepted,,L,TRO,35209784,,"Acta Phytotax. Geobot.","19: 64","64","1962"
tro-35209249,B,Porellaceae,,Porella,,"densifolia",var.,"paraphyllina","(P.C. Chen) Pocs",Accepted,,L,TRO,35209249,,"J. Hattori Bot. Lab.","31: 84","84","1968"
tro-35209785,B,Porellaceae,,Porella,,"densifolia",var.,"robusta","(Stephani) S. Hatt.",Accepted,,L,TRO,35209785,,"J. Hattori Bot. Lab.","32: 343","343","1969"
tro-35202943,B,Porellaceae,,Porella,,"denticulata",,"","(Kashyap & R.S. Chopra) J.X. Luo",Accepted,,M,TRO,35202943,,"Bryofl. Xizang","520","520","1985"
tro-35205780,B,Porellaceae,,Porella,,"fauriei",,"","(Stephani) S. Hatt.",Accepted,,M,TRO,35205780,,"J. Jap. Bot.","20: 109","109","1944"
tro-35209428,B,Porellaceae,,Porella,,"fengii",,"","P.C. Chen & S. Hatt.",Accepted,,M,TRO,35209428,,"J. Hattori Bot. Lab.","30: 133. f. 3: a–j","133","1967"
tro-35202920,B,Porellaceae,,Porella,,"frullanioides",,"","(Stephani) J.X. Luo",Accepted,,M,TRO,35202920,,"Bryofl. Xizang","517","517","1985"
tro-35187624,B,Porellaceae,,Porella,,"fulfordiana",,"","Swails",Accepted,,M,TRO,35187624,,"Nova Hedwigia","10: 242. f. 19","242","1970"
tro-35205909,B,Porellaceae,,Porella,,"geheebii",,"","(Stephani) S. Hatt.",Accepted,,M,TRO,35205909,,"Bot. Mag. (Tokyo)","64: 114","114","1951"
tro-50107424,B,Porellaceae,,Porella,,"globulus",,"","Schiller",Unresolved,,L,TRO,50107424,,"Arch. Protistenk.","","","1928"
tro-35189338,B,Porellaceae,,Porella,,"gracillima",,"","Mitt.",Accepted,,M,TRO,35189338,,"Trans. Linn. Soc. London, Bot.","3: 202","202","1891"
tro-35203535,B,Porellaceae,,Porella,,"gracillima",subsp.,"urogea","(C. Massal.) S. Hatt. & M. X. Zhang",Accepted,,L,TRO,35203535,,"J. Jap. Bot.","60: 323","323","1985"
tro-35212804,B,Porellaceae,,Porella,,"grandifolia",,"","(Stephani) S. Hatt.",Accepted,,M,TRO,35212804,,"J. Hattori Bot. Lab.","30: 136","136","1967"
tro-35189663,B,Porellaceae,,Porella,,"grandiloba",,"","Lindb.",Accepted,,M,TRO,35189663,,"Contr. Fl. Crypt. As.","234","234","1872"
tro-35213828,B,Porellaceae,,Porella,,"grollei",,"","S. Hatt.",Unresolved,,L,TRO,35213828,,"J. Hattori Bot. Lab.","34: 411. f. 1–2","411","1971"
tro-35209429,B,Porellaceae,,Porella,,"handelii",,"","S. Hatt.",Accepted,,M,TRO,35209429,,"J. Hattori Bot. Lab.","33: 65. f. 16: a–k, 17: a–n","65","1970"
tro-35202397,B,Porellaceae,,Porella,,"hattorii",,"","Udar & Shaheen",Accepted,,M,TRO,35202397,,"Lindbergia","9: 70. f. 1–2","70","1983"
tro-35205781,B,Porellaceae,,Porella,,"heterophylla",,"","(Stephani) S. Hatt.",Accepted,,M,TRO,35205781,,"J. Jap. Bot.","20: 109","109","1944"
tro-35205782,B,Porellaceae,,Porella,,"hirta",,"","(Stephani) S. Hatt.",Accepted,,M,TRO,35205782,,"J. Jap. Bot.","20: 109","109","1944"
tro-35210673,B,Porellaceae,,Porella,,"hirtella",,"","(Stephani) S. Hatt.",Accepted,,M,TRO,35210673,,"J. Hattori Bot. Lab.","39: 275","275","1975"
tro-35210674,B,Porellaceae,,Porella,,"hoeana",,"","S. Hatt.",Accepted,,M,TRO,35210674,,"Misc. Bryol. Lichenol.","7: 86. f. a–g","86","1976"
tro-35189483,B,Porellaceae,,Porella,,"hoehnelii",,"","Stephani",Accepted,,M,TRO,35189483,,"Hedwigia","30: 266","266","1891"
tro-35203591,B,Porellaceae,,Porella,,"hohnelliana",,"","Stephani",Unresolved,,L,TRO,35203591,,"Enum. Bryin. Exot.","","",""
tro-35209148,B,Porellaceae,,Porella,,"hsinganica",,"","C. Gao & C.W. Aur",Accepted,,M,TRO,35209148,,"Acta Phytotax. Sin.","16(1): 88. f. 11","88","1978"
tro-35208675,B,Porellaceae,,Porella,,"inaequalis",,"","Perss.",Accepted,,M,TRO,35208675,,"Musci Scand.","","",""
tro-35213158,B,Porellaceae,,Porella,,"integrifolia",,"","Stephani ex S. Hatt.",Unresolved,,L,TRO,35213158,,"J. Hattori Bot. Lab.","33: 79. f. 26: a–h","79","1970"
tro-35201176,B,Porellaceae,,Porella,,"japonica",,"","(Sande Lac.) Mitt.",Accepted,,M,TRO,35201176,,"Trans. Linn. Soc. London, Bot.","3: 202","202","1891"
tro-35212961,B,Porellaceae,,Porella,,"japonica",f.,"pusilla","(Stephani) Pocs",Accepted,,L,TRO,35212961,,"J. Hattori Bot. Lab.","31: 87","87","1968"
tro-35209430,B,Porellaceae,,Porella,,"javanica",,"","(Gottsche ex Stephani) Inoue",Accepted,,M,TRO,35209430,,"J. Hattori Bot. Lab.","30: 60","60","1967"
tro-35201931,B,Porellaceae,,Porella,,"laevigata",,"","(Schrad.) Pfeiff.",Accepted,,M,TRO,35201931,,"Fl. Niederhessen","2: 234","234","1855"
tro-35212488,B,Porellaceae,,Porella,,"lancifolia",,"","(Stephani) Grolle",Accepted,,M,TRO,35212488,,"J. Hattori Bot. Lab.","28: 51","51","1965"
tro-35187625,B,Porellaceae,,Porella,,"leiboldii",,"","(Lehm. & Lindenb.) Trevis.",Accepted,,M,TRO,35187625,,"","","","1877"
tro-35187632,B,Porellaceae,,Porella,,"liebmanniana",,"","(Lindenb. & Gottsche) Trevis.",Accepted,,M,TRO,35187632,,"Mem. Reale Ist. Lombardo Sci., Ser. 3, Cl. Sci. Mat.","4: 408","408","1877"
tro-35202261,B,Porellaceae,,Porella,,"lindbergiana",,"","(Gottsche) O. Yano",Accepted,,M,TRO,35202261,,"J. Hattori Bot. Lab.","56: 502","502","1984"
tro-35210675,B,Porellaceae,,Porella,,"linguaefolia",,"","(Stephani) S. Hatt.",Accepted,,M,TRO,35210675,,"J. Hattori Bot. Lab.","39: 276","276","1975"
tro-35215803,B,Porellaceae,,Porella,,"lobata",,"","Stephani",Unresolved,,L,TRO,35215803,,"Sp. Hepat.","4: 258","258","1910"
tro-35213108,B,Porellaceae,,Porella,,"longifolia",,"","(Stephani) S. Hatt.",Accepted,,M,TRO,35213108,,"J. Hattori Bot. Lab.","32: 351","351","1969"
tro-35209431,B,Porellaceae,,Porella,,"madagascariensis",,"","(Nees & Mont.) Trevis.",Accepted,,M,TRO,35209431,,"Mem. Reale Ist. Lombardo Sci., Ser. 3, Cl. Sci. Mat.","4: 407","407","1877"
tro-35212504,B,Porellaceae,,Porella,,"matongae",,"","(Herzog) E.W. Jones",Accepted,,M,TRO,35212504,,"Trans. Brit. Bryol. Soc.","4: 446","446","1963"
tro-35209425,B,Porellaceae,,Porella,,"maxima",,"","(Stephani) M. L. So",Accepted,,M,TRO,35209425,,"Syst. Bot.","27: 11","11","2002"
tro-35187635,B,Porellaceae,,Porella,,"maxonii",,"","(Herzog) Swails",Accepted,,M,TRO,35187635,,"Nova Hedwigia","19: 228","228","1970"
tro-35187636,B,Porellaceae,,Porella,,"mexicana",,"","(Hampe) Trevis.",Accepted,,M,TRO,35187636,,"Mem. Reale Ist. Lombardo Sci., Ser. 3, Cl. Sci. Mat.","4: 407","407","1877"
tro-35215801,B,Porellaceae,,Porella,,"montantii",,"","(Stephani) E.W. Jones",Accepted,,M,TRO,35215801,,"Trans. Brit. Bryol. Soc.","4: 460","460","1963"
tro-35185777,B,Porellaceae,,Porella,,"navicularis",,"","(Lehm. & Lindenb.) Pfeiff.",Accepted,,M,TRO,35185777,,"Fl. Niederhessen","2: 235","235","1855"
tro-35205788,B,Porellaceae,,Porella,,"niitakensis",,"","(Horik.) S. Hatt.",Accepted,,M,TRO,35205788,,"J. Jap. Bot.","20: 110","110","1944"
tro-35189330,B,Porellaceae,,Porella,,"nitens",,"","(Stephani) S. Hatt.",Accepted,,M,TRO,35189330,,"Fl. E. Himalaya","1: 525","525","1966"
tro-35209247,B,Porellaceae,,Porella,,"nitidula",,"","(C. Massal. ex Stephani) S. Hatt.",Accepted,,M,TRO,35209247,,"J. Hattori Bot. Lab.","32: 349","349","1969"
tro-35205765,B,Porellaceae,,Porella,,"oblongifolia",,"","S. Hatt.",Accepted,,M,TRO,35205765,,"J. Jap. Bot.","19: 200. f. 20","200","1943"
tro-35202720,B,Porellaceae,,Porella,,"obtusata",,"","(Taylor) Trevis.",Accepted,,M,TRO,35202720,,"Mem. Reale Ist. Lombardo Sci., Ser. 3, Cl. Sci. Mat.","4: 407","407","1877"
tro-35202742,B,Porellaceae,,Porella,,"obtusata",var.,"macroloba","(Stephani) S. Hatt. & M. X. Zhang",Accepted,,L,TRO,35202742,,"J. Jap. Bot.","60: 325","325","1985"
tro-35209432,B,Porellaceae,,Porella,,"obtusiloba",,"","S. Hatt.",Accepted,,M,TRO,35209432,,"J. Hattori Bot. Lab.","33: 69. f. 19: a–n","69","1970"
tro-35207142,B,Porellaceae,,Porella,,"ovalis",,"","(Gottsche ex Stephani) S. Hatt. & G.C. Zhang",Accepted,,M,TRO,35207142,,"Bull. Bot. Res., Harbin","8(2): 45","45","1988"
tro-35205659,B,Porellaceae,,Porella,,"parvistipula",,"","(Stephani) S. Hatt.",Accepted,,M,TRO,35205659,,"Bull. Tokyo Sci. Mus.","11: 90","90","1944"
tro-35189624,B,Porellaceae,,Porella,,"perrottetiana",,"","(Mont.) Trevis.",Accepted,,M,TRO,35189624,,"Mem. Reale Ist. Lombardo Sci., Ser. 3, Cl. Sci. Mat.","4: 408","408","1877"
tro-35209433,B,Porellaceae,,Porella,,"perrottetiana",var.,"ciliatodentata","(P.C. Chen & P.C. Wu) S. Hatt.",Accepted,,L,TRO,35209433,,"J. Hattori Bot. Lab.","30: 144","144","1967"
tro-35212949,B,Porellaceae,,Porella,,"perrottetiana",var.,"triciliata","(Stephani) Pocs",Accepted,,L,TRO,35212949,,"J. Hattori Bot. Lab.","31: 75","75","1968"
tro-35208630,B,Porellaceae,,Porella,,"peruviana",,"","(Nees) Trevis.",Accepted,,M,TRO,35208630,,"Mem. Reale Ist. Lombardo Sci., Ser. 3, Cl. Sci. Mat.","4: 407","407","1877"
tro-35189622,B,Porellaceae,,Porella,,"piligera",,"","Stephani ex Pocs",Unresolved,,L,TRO,35189622,,"J. Hattori Bot. Lab.","31: 68. f. 2: 50–71","68","1968"
tro-35185778,B,Porellaceae,,Porella,,"pinnata",,"","L.",Accepted,,M,TRO,35185778,,"Sp. Pl.","1106","1106","1753"
tro-35202012,B,Porellaceae,,Porella,,"pinnata",f.,"involuta","(Hampe) R.M. Schust.",Accepted,,L,TRO,35202012,,"Hepat. Anthocerotae N. Amer.","4: 681","681","1980"
tro-35189328,B,Porellaceae,,Porella,,"platyphylla",,"","(L.) Pfeiff.",Accepted,,M,TRO,35189328,,"Fl. Niederhessen","2: 234","234","1855"
tro-35206832,B,Porellaceae,,Porella,,"platyphylla",var.,"subcrenulata","(C. Massal.) Piippo",Accepted,,L,TRO,35206832,,"J. Hattori Bot. Lab.","68: 134","134","1990"
tro-35185780,B,Porellaceae,,Porella,,"platyphylloidea",,"","(Schwein.) Lindb.",Accepted,,M,TRO,35185780,,"Morgonbladet (Helsinki)","1876((287)): 1","1","1876"
tro-35202106,B,Porellaceae,,Porella,,"plicata",,"","J.X. Luo",Accepted,,M,TRO,35202106,,"Acta Phytotax. Sin.","18: 119. f. 1–6","119","1980"
tro-35207737,B,Porellaceae,,Porella,,"plumosa",,"","(Mitt.) Inoue",Accepted,,M,TRO,35207737,,"Bull. Natl. Sci. Mus.","9: 385","385","1966"
tro-35212953,B,Porellaceae,,Porella,,"plumosa",var.,"gollanii","(Stephani) Pocs",Accepted,,L,TRO,35212953,,"J. Hattori Bot. Lab.","31: 79","79","1968"
tro-35212951,B,Porellaceae,,Porella,,"plumosa",var.,"pallida","(W.E. Nicholson) Pocs",Accepted,,L,TRO,35212951,,"J. Hattori Bot. Lab.","31: 79","79","1968"
tro-35212812,B,Porellaceae,,Porella,,"polita",,"","Mitt.",Accepted,,M,TRO,35212812,,"Trans. Linn. Soc. London, Bot.","3: 202","202","1891"
tro-35215805,B,Porellaceae,,Porella,,"prolixa",,"","(Gottsche ex Stephani) E.W. Jones",Accepted,,M,TRO,35215805,,"Trans. Brit. Bryol. Soc.","4: 460","460","1963"
tro-35200197,B,Porellaceae,,Porella,,"ptilopsis",,"","Spruce",Accepted,,M,TRO,35200197,,"Trans. & Proc. Bot. Soc. Edinburgh","15: 329","329","1885"
tro-35202269,B,Porellaceae,,Porella,,"pulcherrima",,"","Herzog & S. Hatt.",Accepted,,M,TRO,35202269,,"Bull. Natl. Sci. Mus., Tokyo, B","12: 34. f. 2: m–p, 3","34","1986"
tro-35202254,B,Porellaceae,,Porella,,"queenslandica",,"","(Stephani) S. Hatt.",Accepted,,M,TRO,35202254,,"Bull. Natl. Sci. Mus., Tokyo, B","11: 53","53","1985"
tro-35208619,B,Porellaceae,,Porella,,"ramentifissa",,"","(Steph. ex Herzog) Swails",Accepted,,M,TRO,35208619,,"Nova Hedwigia","19: 229","229","1970"
tro-35208635,B,Porellaceae,,Porella,,"recurva",,"","(Taylor) Kuhnem.",Accepted,,M,TRO,35208635,,"Lilloa","18: 352","352","1949"
tro-35208629,B,Porellaceae,,Porella,,"reflexa",,"","(Lehm. & Lindenb.) Trevis.",Accepted,,M,TRO,35208629,,"Mem. Reale Ist. Lombardo Sci., Ser. 3, Cl. Sci. Mat.","4: 408","408","1877"
tro-35206472,B,Porellaceae,,Porella,,"renifolia",,"","(Steph.) Swails",Accepted,,M,TRO,35206472,,"Nova Hedwigia","19: 247.","247","1970"
tro-35189342,B,Porellaceae,,Porella,,"revoluta",,"","(Lehm. & Lindenb.) Trevis.",Accepted,,M,TRO,35189342,,"Mem. Reale Ist. Lombardo Sci., Ser. 3, Cl. Sci. Mat.","4: 407","407","1877"
tro-35208296,B,Porellaceae,,Porella,,"revoluta",var.,"propinqua","(C. Massal.) S. Hatt.",Accepted,,L,TRO,35208296,,"J. Hattori Bot. Lab.","30: 148","148","1967"
tro-35205790,B,Porellaceae,,Porella,,"rikuzana",,"","(Stephani) S. Hatt.",Accepted,,M,TRO,35205790,,"J. Jap. Bot.","20: 110","110","1944"
tro-35188158,B,Porellaceae,,Porella,,"rivularis",,"","(Nees) Trevis.",Accepted,,M,TRO,35188158,,"Nov. Stirp. Pug.","","",""
tro-35185781,B,Porellaceae,,Porella,,"roellii",,"","Stephani",Accepted,,M,TRO,35185781,,"Bot. Centralbl.","45: 203","203","1891"
tro-35212965,B,Porellaceae,,Porella,,"rotundifolia",,"","Schiffner",Unresolved,,L,TRO,35212965,,"Nova Acta Acad. Caes. Leop.-Carol. German. Nat. Cur.","60: 244","244","1893"
tro-35216102,B,Porellaceae,,Porella,,"saccata",,"","M. L. So",Accepted,,M,TRO,35216102,,"New Zealand J. Bot.","43: 302","302","2005"
tro-35213111,B,Porellaceae,,Porella,,"setigera",f.,"circinans","(W.E. Nicholson) S. Hatt.",Unresolved,,L,TRO,35213111,,"J. Hattori Bot. Lab.","32: 357","357","1969"
tro-35213101,B,Porellaceae,,Porella,,"setigera",var.,"kojana","(Stephani) S. Hatt.",Unresolved,,L,TRO,35213101,,"Contr. Fl. Hepat. Shikoku.","86","86","1952"
tro-35213110,B,Porellaceae,,Porella,,"setigera",var.,"pearsoniana","(C. Massal.) S. Hatt.",Unresolved,,L,TRO,35213110,,"J. Hattori Bot. Lab.","32: 356","356","1969"
tro-35206058,B,Porellaceae,,Porella,,"setigera",var.,"subobtusa","(Stephani) S. Hatt.",Unresolved,,L,TRO,35206058,,"J. Hattori Bot. Lab.","8: 28","28","1952"
tro-35187642,B,Porellaceae,,Porella,,"sharpii",,"","Swails",Accepted,,M,TRO,35187642,,"Nova Hedwigia","19: 243. f. 20","243","1970"
tro-35213160,B,Porellaceae,,Porella,,"shikokiana",,"","H. Hara",Unresolved,,L,TRO,35213160,,"Res. Rep. Kôchi Univ.","4(12): 16. f. 4: 13–24","16","1956"
tro-35207139,B,Porellaceae,,Porella,,"sichuanensis",,"","S. Hatt. & G.C. Zhang",Accepted,,M,TRO,35207139,,"Bull. Bot. Res., Harbin","8(2): 43. illustration","43","1988"
tro-35209787,B,Porellaceae,,Porella,,"spinulosa",,"","(Stephani) S. Hatt.",Accepted,,M,TRO,35209787,,"J. Hattori Bot. Lab.","33: 74","74","1970"
tro-35208626,B,Porellaceae,,Porella,,"squamulifera",,"","(Taylor) Trevis.",Accepted,,M,TRO,35208626,,"Mem. Reale Ist. Lombardo Sci., Ser. 3, Cl. Sci. Mat.","4: 407","407","1877"
tro-35212417,B,Porellaceae,,Porella,,"stangeri",,"","(Lindenb. & Gottsche) Mizut.",Accepted,,M,TRO,35212417,,"J. Hattori Bot. Lab.","27: 131","131","1964"
tro-35209434,B,Porellaceae,,Porella,,"stephaniana",,"","(C. Massal.) S. Hatt.",Accepted,,M,TRO,35209434,,"","","",""
tro-35216842,B,Porellaceae,,Porella,,"subgrandiloba",,"","Grolle & M. L. So",Accepted,,M,TRO,35216842,,"Bot. J. Linn. Soc.","145: 485","485","2004"
tro-35205792,B,Porellaceae,,Porella,,"subobtusa",,"","(Stephani) S. Hatt.",Accepted,,M,TRO,35205792,,"J. Jap. Bot.","20: 111","111","1944"
tro-35208384,B,Porellaceae,,Porella,,"subsquarrosa",,"","(Nees & Mont.) Trevis.",Accepted,,M,TRO,35208384,,"Mem. Reale Ist. Lombardo Sci., Ser. 3, Cl. Sci. Mat.","4: 407","407","1877"
tro-35213109,B,Porellaceae,,Porella,,"suginoi",,"","Inoue",Unresolved,,L,TRO,35213109,,"J. Jap. Bot.","39: 105. f. 14","105","1964"
tro-35211302,B,Porellaceae,,Porella,,"swailsii",,"","Grolle",Accepted,,M,TRO,35211302,,"J. Bryol.","10: 270","270","1979"
tro-35185782,B,Porellaceae,,Porella,,"swartziana",,"","(F. Weber) Trevis.",Accepted,,M,TRO,35185782,,"Mem. Reale Ist. Lombardo Sci., Ser. 3, Cl. Sci. Mat.","4: 407","407","1877"
tro-35209839,B,Porellaceae,,Porella,,"tenera",,"","H. Hara",Accepted,,M,TRO,35209839,,"Res. Rep. Kôchi Univ.","4(12): 22","22","1956"
tro-35201345,B,Porellaceae,,Porella,,"triquetra",,"","(Stephani) E.W. Jones",Accepted,,M,TRO,35201345,,"Trans. Brit. Bryol. Soc.","4: 454","454","1963"
tro-35202131,B,Porellaceae,,Porella,,"truncata",,"","J.X. Luo",Accepted,,M,TRO,35202131,,"Acta Phytotax. Sin.","18: 119. f. 1: 7–12","119","1980"
tro-35209436,B,Porellaceae,,Porella,,"urceolata",,"","S. Hatt.",Accepted,,M,TRO,35209436,,"J. Hattori Bot. Lab.","33: 66. f. 18: a–w","66","1970"
tro-35189332,B,Porellaceae,,Porella,,"urogea",,"","(C. Massal.) P.C. Chen",Accepted,,M,TRO,35189332,,"Observ. Fl. Hwangshan.","10","10","1965"
tro-35205664,B,Porellaceae,,Porella,,"urophylla",,"","(C. Massal.) S. Hatt.",Accepted,,M,TRO,35205664,,"Bull. Tokyo Sci. Mus.","11: 93","93","1944"
tro-35209437,B,Porellaceae,,Porella,,"ussuriensis",,"","(Stephani) P.C. Chen",Accepted,,M,TRO,35209437,,"","","",""
tro-35201368,B,Porellaceae,,Porella,,"vallis-gratiae",,"","S.W. Arnell",Unresolved,,L,TRO,35201368,,"Bot. Not.","108: 311","311","1955"
tro-35185783,B,Porellaceae,,Porella,,"vernicosa",,"","Lindb.",Accepted,,M,TRO,35185783,,"Acta Soc. Sci. Fenn.","10: 223","223","1872"
tro-35185784,B,Porellaceae,,Porella,,"vernicosa",subsp.,"fauriei","(Stephani) M. Hara",Accepted,,L,TRO,35185784,,"Res. Rep. Kôchi Univ.","4(12): 26","26","1956"
tro-35206895,B,Porellaceae,,Porella,,"viridissima",,"","(Mitt.) Grolle",Accepted,,M,TRO,35206895,,"J. Hattori Bot. Lab.","36: 83","83","1972"
tro-35210748,B,Porellaceae,,Porella,,"viridissima",var.,"novoguinensis","(S. Hatt.) S. Hatt.",Accepted,,L,TRO,35210748,,"J. Hattori Bot. Lab.","39: 274","274","1975"
tro-35213888,B,Porellaceae,,Porella,,"wakawana",,"","Stephani",Unresolved,,L,TRO,35213888,,"Sp. Hepat.","6: 529","529","1924"
tro-35206892,B,Porellaceae,,Porella,,"wataugensis",,"","(Sull.) M. Howe",Accepted,,M,TRO,35206892,,"Bull. Torrey Bot. Club","24: 519","519","1897"
tro-35213889,B,Porellaceae,,Porella,,"zikanii",,"","Herzog",Unresolved,,L,TRO,35213889,,"Arch. Bot. São Paulo","1((2)): 43","43","1923"
