﻿ID,Major group,Family,Genus hybrid marker,Genus,Species hybrid marker,Species,Infraspecific rank,Infraspecific epithet,Authorship,Taxonomic status in TPL,Nomenclatural status from original data source,Confidence level,Source,Source id,IPNI id,Publication,Collation,Page,Date
kew-2634729,A,Portulacaceae,,Amphipetalum,,"paraguayense",,"","Bacig.",Accepted,,M,WCSP (in review),766867,,"Candollea","43: 411","","1988"
kew-2603630,A,Portulacaceae,,Avonia,,"gariepensis",,"","G.Will.",Unresolved,,L,WCSP (in review),736878,,"Aloe","43: 14","","2006"
kew-2899377,A,Portulacaceae,,Avonia,,"lavbleckiana",,"","G.Will.",Unresolved,,L,WCSP (in review),1022104,77103537-1,"Aloe","46(3): 65","","2009"
kew-2603631,A,Portulacaceae,,Avonia,,"perplexa",,"","G.Will.",Unresolved,,L,WCSP (in review),736879,77074716-1,"Aloe","43: 15","","2006"
kew-2690494,A,Portulacaceae,,Calandrinia,,"acaulis",,"","Kunth",Accepted,,M,WCSP (in review),822146,698305-1,"Nov. Gen. Sp.","6: 78","","1823"
kew-2690497,A,Portulacaceae,,Calandrinia,,"acuminata",,"","Phil.",Accepted,,M,WCSP (in review),822149,40692-2,"Anales Univ. Chile","85: 173","","1894"
kew-2690502,A,Portulacaceae,,Calandrinia,,"aegialitis",,"","F.Phil. ex Phil.",Accepted,,M,WCSP (in review),822154,40696-2,"Anales Univ. Chile","85: 184","","1894"
kew-2690503,A,Portulacaceae,,Calandrinia,,"affinis",,"","Gillies ex Arn.",Accepted,,M,WCSP (in review),822155,40697-2,"Edinburgh J. Sci.","3: 355","","1831"
kew-2690505,A,Portulacaceae,,Calandrinia,,"alba",,"","(Ruiz & Pav.) DC.",Accepted,,M,WCSP (in review),822157,698313-1,"Prodr.","3: 359","","1828"
kew-2690507,A,Portulacaceae,,Calandrinia,,"amoena",,"","Vis.",Unresolved,,L,WCSP (in review),822159,698315-1,"Nuovi Saggi Imp. Regia Accad. Sci. Padova","6: 94","","1847"
kew-2690508,A,Portulacaceae,,Calandrinia,,"andicola",,"","Gillies",Unresolved,,L,WCSP (in review),822160,308532-2,"Bot. Misc.","3: 332","","1833"
kew-2690509,A,Portulacaceae,,Calandrinia,,"andicola",var.,"denticulata","(Gillies) Hicken",Unresolved,,L,WCSP (in review),822161,40701-2,"Darwiniana","1: 51","","1923"
kew-2690517,A,Portulacaceae,,Calandrinia,,"arenicola",,"","Syeda",Accepted,,M,WCSP (in review),822169,992017-1,"Proc. Linn. Soc. New South Wales","116: 153","","1996"
kew-2690518,A,Portulacaceae,,Calandrinia,,"argentea",,"","Phil.",Accepted,,M,WCSP (in review),822170,40706-2,"Anales Univ. Chile","85: 310","","1894"
kew-2690525,A,Portulacaceae,,Calandrinia,,"balonensis",,"","Lindl.",Accepted,,M,WCSP (in review),822177,698326-1,"J. Exped. Trop. Australia","148","","1848"
kew-2690526,A,Portulacaceae,,Calandrinia,,"bandurriae",,"","Phil.",Accepted,,M,WCSP (in review),822178,40713-2,"Anales Univ. Chile","85: 316","","1894"
kew-2690529,A,Portulacaceae,,Calandrinia,,"biflora",,"","Meyen",Accepted,,M,WCSP (in review),822181,698330-1,"Observ. Bot.","1: 349","","1834"
kew-2690532,A,Portulacaceae,,Calandrinia,,"bracteosa",,"","Phil.",Accepted,,M,WCSP (in review),822184,40719-2,"Anales Univ. Chile","85: 181","","1894"
kew-2690533,A,Portulacaceae,,Calandrinia,,"brevipedata",,"","F.Muell.",Accepted,,M,WCSP (in review),822185,698333-1,"Fragm.","10: 69","","1876"
kew-2690534,A,Portulacaceae,,Calandrinia,,"breweri",,"","S.Watson",Accepted,,M,WCSP (in review),822186,40720-2,"Proc. Amer. Acad. Arts","11: 124","","1876"
kew-2690535,A,Portulacaceae,,Calandrinia,,"buridgii",,"","Regel",Unresolved,,L,WCSP (in review),822187,698335-1,"Gartenflora","4: 4","","1855"
kew-2690538,A,Portulacaceae,,Calandrinia,,"caesia",,"","F.Phil. ex Phil.",Accepted,,M,WCSP (in review),822190,40723-2,"Anales Univ. Chile","85: 187","","1894"
kew-2690539,A,Portulacaceae,,Calandrinia,,"caespitosa",,"","Gillies ex Arn.",Accepted,,M,WCSP (in review),822191,698339-1,"Edinburgh J. Sci.","3: 356","","1831"
kew-2690542,A,Portulacaceae,,Calandrinia,,"callithrix",,"","Phil.",Unresolved,,L,WCSP (in review),822194,40726-2,"Anales Univ. Chile","85: 317","","1894"
kew-2690545,A,Portulacaceae,,Calandrinia,,"calycotricha",,"","Phil.",Accepted,,M,WCSP (in review),822197,698343-1,"Linnaea","30: 188","","1859"
kew-2690546,A,Portulacaceae,,Calandrinia,,"calyptrata",,"","Hook.f.",Accepted,,M,WCSP (in review),822198,698344-1,"Hooker's Icon. Pl.","3: t. 296","","1840"
kew-2690548,A,Portulacaceae,,Calandrinia,,"canescens",,"","Phil.",Unresolved,,L,WCSP (in review),822200,40731-2,"Anales Univ. Chile","85: 306","","1894"
kew-2690549,A,Portulacaceae,,Calandrinia,,"capitata",,"","Hook. & Arn.",Unresolved,,L,WCSP (in review),822201,311325-2,"Bot. Misc.","3: 334","","1833"
kew-2690550,A,Portulacaceae,,Calandrinia,,"capitata",var.,"prolifera","(Phil.) Reiche",Unresolved,,L,WCSP (in review),822202,40733-2,"Anales Univ. Chile","100: 354","","1898"
kew-2690551,A,Portulacaceae,,Calandrinia,,"capituligera",,"","Phil.",Unresolved,,L,WCSP (in review),822203,40734-2,"Anales Univ. Chile","85: 312","","1894"
kew-2690552,A,Portulacaceae,,Calandrinia,,"carolinii",,"","Hershk. & D.I.Ford",Accepted,,M,WCSP (in review),822204,971983-1,"Phytologia","74: 282","","1993"
kew-2690560,A,Portulacaceae,,Calandrinia,,"chromantha",,"","Griseb.",Unresolved,,L,WCSP (in review),822212,698354-1,"Abh. Königl. Ges. Wiss. Göttingen","24: 30","","1879"
kew-2690561,A,Portulacaceae,,Calandrinia,,"chrysantha",,"","I.M.Johnst.",Unresolved,,L,WCSP (in review),822213,40741-2,"Contr. Gray Herb.","85: 146","","1929"
kew-2690563,A,Portulacaceae,,Calandrinia,,"ciliata",,"","(Ruiz & Pav.) DC.",Accepted,,M,WCSP (in review),822215,698357-1,"Prodr.","3: 359","","1828"
kew-2690565,A,Portulacaceae,,Calandrinia,,"ciliolaris",,"","Gand.",Unresolved,,L,WCSP (in review),822217,40744-2,"Bull. Soc. Bot. France","59: 708","","1912 publ. 1913"
kew-2690567,A,Portulacaceae,,Calandrinia,,"colchaguensis",,"","Barnéoud",Accepted,,M,WCSP (in review),822219,698360-1,"Fl. Chil.","2: 483","","1847"
kew-2690569,A,Portulacaceae,,Calandrinia,,"compacta",,"","Barnéoud",Accepted,,M,WCSP (in review),822221,698363-1,"Fl. Chil.","2: 481","","1847"
kew-2690570,A,Portulacaceae,,Calandrinia,,"composita",,"","(Nees) Benth.",Accepted,,M,WCSP (in review),822222,698364-1,"Fl. Austral.","1: 175","","1863"
kew-2690571,A,Portulacaceae,,Calandrinia,,"compressa",,"","Schrad. ex DC.",Accepted,,M,WCSP (in review),822223,698365-1,"Prodr.","3: 359","","1828"
kew-2690572,A,Portulacaceae,,Calandrinia,,"compressa",var.,"macilenta","(Barnéoud) Acevedo",Accepted,,L,WCSP (in review),822224,,"Fl. Cuenca Santiago de Chile","77","","1976"
kew-2690573,A,Portulacaceae,,Calandrinia,,"conferta",,"","Gillies ex Arn.",Accepted,,M,WCSP (in review),822225,698366-1,"Edinburgh J. Sci.","3: 356","","1831"
kew-2690574,A,Portulacaceae,,Calandrinia,,"congdonii",,"","(Rydb.) Pax & K.Hoffm.",Unresolved,,L,WCSP (in review),822226,40751-2,"Nat. Pflanzenfam. ed. 2","16c: 251","","1934"
tro-26200578,A,Portulacaceae,,Calandrinia,,"copiapensis",,"","Phil.",Unresolved,,L,TRO,26200578,40753-2,"Anales Univ. Chile","85: 191","191","1893"
kew-2690577,A,Portulacaceae,,Calandrinia,,"corrigioloides",,"","F.Muell. ex Benth.",Accepted,,M,WCSP (in review),822229,698369-1,"Fl. Austral.","1: 175","","1863"
kew-2690578,A,Portulacaceae,,Calandrinia,,"corymbosa",,"","Walp.",Accepted,,M,WCSP (in review),822230,698370-1,"Nov. Actorum Acad. Caes. Leop.-Carol. Nat. Cur.","19(Suppl. 1): 341","","1843"
tro-26200101,A,Portulacaceae,,Calandrinia,,"cosmetica",,"","Poepp.",Unresolved,,L,TRO,26200101,,"","","",""
kew-2690580,A,Portulacaceae,,Calandrinia,,"crassifolia",,"","Phil.",Accepted,,M,WCSP (in review),822232,40758-2,"Anales Univ. Chile","85: 180","","1894"
kew-2690581,A,Portulacaceae,,Calandrinia,,"creethae",,"","Tratman ex Morrison",Accepted,,M,WCSP (in review),822233,,"J. Bot.","50: 165","","1912"
kew-2603866,A,Portulacaceae,,Calandrinia,,"crispisepala",,"","Obbens",Accepted,,M,WCSP (in review),737114,,"Nuytsia","16: 100","","2006"
kew-2690583,A,Portulacaceae,,Calandrinia,,"cumingii",,"","Hook. & Arn.",Unresolved,,L,WCSP (in review),822235,311808-2,"Bot. Misc.","3: 334","","1833"
kew-2690586,A,Portulacaceae,,Calandrinia,,"cygnorum",,"","Diels",Accepted,,M,WCSP (in review),822238,698377-1,"Bot. Jahrb. Syst.","35: 199","","1904"
kew-2690587,A,Portulacaceae,,Calandrinia,,"cylindrica",,"","Poelln.",Accepted,,M,WCSP (in review),822239,698378-1,"Repert. Spec. Nov. Regni Veg.","35: 163","","1934"
kew-2690589,A,Portulacaceae,,Calandrinia,,"demissa",,"","Phil.",Unresolved,,L,WCSP (in review),822241,311807-2,"Linnaea","28: 644","","1856"
kew-2690592,A,Portulacaceae,,Calandrinia,,"denticulata",,"","Gillies",Unresolved,,L,WCSP (in review),822244,698383-1,"Bot. Misc.","3: 333","","1833"
kew-2690595,A,Portulacaceae,,Calandrinia,,"depressa",,"","Phil.",Accepted,,M,WCSP (in review),822247,40768-2,"Anales Univ. Chile","85: 316","","1894"
kew-2690597,A,Portulacaceae,,Calandrinia,,"dielsii",,"","Poelln.",Accepted,,M,WCSP (in review),822249,698386-1,"Repert. Spec. Nov. Regni Veg.","35: 162","","1934"
kew-2690599,A,Portulacaceae,,Calandrinia,,"dipetala",,"","J.M.Black",Accepted,,M,WCSP (in review),822251,698388-1,"Trans. & Proc. Roy. Soc. South Australia","51: 379","","1927"
kew-2690602,A,Portulacaceae,,Calandrinia,,"disperma",,"","J.M.Black",Accepted,,M,WCSP (in review),822254,698391-1,"Trans. & Proc. Roy. Soc. South Australia","45: 11","","1921"
kew-2690605,A,Portulacaceae,,Calandrinia,,"eremaea",,"","Ewart",Accepted,,M,WCSP (in review),822257,124703-3,"Fl. Victoria","486","","1931"
kew-2690606,A,Portulacaceae,,Calandrinia,,"eritrichioides",,"","Phil.",Unresolved,,L,WCSP (in review),822258,40772-2,"Anales Univ. Chile","85: 315","","1894"
kew-2690607,A,Portulacaceae,,Calandrinia,,"erythrocoma",,"","Phil.",Unresolved,,L,WCSP (in review),822259,698396-1,"Linnaea","33: 76","","1864"
kew-2690611,A,Portulacaceae,,Calandrinia,,"ferruginea",,"","Barnéoud",Unresolved,,L,WCSP (in review),822263,698401-1,"Fl. Chil.","2: 513","","1847"
kew-2690612,A,Portulacaceae,,Calandrinia,,"filifolia",,"","Rydb.",Accepted,,M,WCSP (in review),822264,40778-2,"N. Amer. Fl.","21: 293","","1932"
kew-2903426,A,Portulacaceae,,Calandrinia,,"flava",,"","Obbens",Unresolved,,L,WCSP (in review),1025883,77113651-1,"Nuytsia","21: 2","","2011"
kew-2690617,A,Portulacaceae,,Calandrinia,,"galapagosa",,"","H.St.John",Accepted,,M,WCSP (in review),822269,273629-2,"Amer. J. Bot.","24: 95","","1937"
kew-2690625,A,Portulacaceae,,Calandrinia,,"gilliesii",,"","Hook. & Arn.",Unresolved,,L,WCSP (in review),822277,307834-2,"Bot. Misc.","3: 333","","1833"
kew-2690629,A,Portulacaceae,,Calandrinia,,"glaucopurpurea",,"","Reiche",Accepted,,M,WCSP (in review),822281,698414-1,"Fl. Chile","2: 342","","1898"
kew-2690630,A,Portulacaceae,,Calandrinia,,"glomerata",,"","Phil.",Unresolved,,L,WCSP (in review),822282,308619-2,"Linnaea","28: 644","","1856"
kew-2690631,A,Portulacaceae,,Calandrinia,,"gracilis",,"","Benth.",Accepted,,M,WCSP (in review),822283,698416-1,"Fl. Austral.","1: 173","","1863"
kew-2690632,A,Portulacaceae,,Calandrinia,,"graminifolia",,"","Phil.",Accepted,,M,WCSP (in review),822284,698417-1,"Linnaea","28: 690","","1856"
kew-2690634,A,Portulacaceae,,Calandrinia,,"granulifera",,"","Benth.",Accepted,,L,WCSP (in review),822286,698419-1,"Fl. Austral.","1: 176","","1863"
kew-2690635,A,Portulacaceae,,Calandrinia,,"grayi",,"","Rydb.",Unresolved,,L,WCSP (in review),822287,698420-1,"Mem. New York Bot. Gard.","1: 137","","1900"
kew-2690636,A,Portulacaceae,,Calandrinia,,"heterophylla",,"","Rydb.",Accepted,,M,WCSP (in review),822288,40797-2,"N. Amer. Fl.","21: 293","","1932"
kew-2690637,A,Portulacaceae,,Calandrinia,,"hirtella",,"","Phil.",Accepted,,M,WCSP (in review),822289,698422-1,"Linnaea","28: 691","","1856"
kew-2690641,A,Portulacaceae,,Calandrinia,,"involucrata",,"","Phil.",Accepted,,M,WCSP (in review),822293,40802-2,"Anales Univ. Chile","85: 318","","1894"
kew-2603867,A,Portulacaceae,,Calandrinia,,"kalanniensis",,"","Obbens",Accepted,,M,WCSP (in review),737115,,"Nuytsia","16: 102","","2006"
kew-2690643,A,Portulacaceae,,Calandrinia,,"lancifolia",,"","Phil.",Accepted,,M,WCSP (in review),822295,40804-2,"Anales Univ. Chile","85: 300","","1894"
kew-2690647,A,Portulacaceae,,Calandrinia,,"lehmannii",,"","Endl.",Accepted,,M,WCSP (in review),822299,698432-1,"Pl. Preiss.","2: 235","","1848"
kew-2690648,A,Portulacaceae,,Calandrinia,,"leucocephala",,"","Phil.",Unresolved,,L,WCSP (in review),822300,698433-1,"Fl. Atacam.","21","","1860"
kew-2690649,A,Portulacaceae,,Calandrinia,,"leucopogon",,"","Phil.",Accepted,,M,WCSP (in review),822301,40809-2,"Anales Univ. Chile","85: 313","","1894"
kew-2690650,A,Portulacaceae,,Calandrinia,,"leucotricha",,"","Phil.",Accepted,,M,WCSP (in review),822302,,"Anales Univ. Chile","1861(1): 91","","1861"
kew-2690656,A,Portulacaceae,,Calandrinia,,"liniflora",,"","Fenzl",Accepted,,M,WCSP (in review),822308,698441-1,"Enum. Pl. Hügel","52","","1837"
kew-2690658,A,Portulacaceae,,Calandrinia,,"linomimeta",,"","Diels",Unresolved,,L,WCSP (in review),822310,40810-2,"Bot. Jahrb. Syst.","37: 400","","1906"
kew-2690659,A,Portulacaceae,,Calandrinia,,"litoralis",,"","Phil.",Accepted,,M,WCSP (in review),822311,698443-1,"Fl. Atacam.","20","","1860"
kew-2690667,A,Portulacaceae,,Calandrinia,,"maryonii",,"","S.Moore",Accepted,,M,WCSP (in review),822319,698452-1,"J. Linn. Soc., Bot.","45: 164","","1920"
kew-2690672,A,Portulacaceae,,Calandrinia,,"mexicana",,"","(Rydb.) Pax & K.Hoffm.",Unresolved,,L,WCSP (in review),822324,40821-2,"Nat. Pflanzenfam. ed. 2","16c: 251","","1934"
kew-2690673,A,Portulacaceae,,Calandrinia,,"meyeniana",,"","Walp.",Accepted,,M,WCSP (in review),822325,698456-1,"Nov. Actorum Acad. Caes. Leop.-Carol. Nat. Cur.","19(Suppl. 1): 341","","1843"
tro-26200052,A,Portulacaceae,,Calandrinia,,"millegrana",,"","Phil.",Unresolved,,L,TRO,26200052,,"","","",""
kew-2690675,A,Portulacaceae,,Calandrinia,,"minima",,"","(Miers ex Colla) Bertero ex Steud.",Accepted,,M,WCSP (in review),822327,698459-1,"Nomencl. Bot.","ed. 2, 1: 253","","1840"
kew-2690677,A,Portulacaceae,,Calandrinia,,"minutissima",,"","Barnéoud",Accepted,,M,WCSP (in review),822329,698461-1,"Fl. Chil.","2: 504","","1847"
kew-2690678,A,Portulacaceae,,Calandrinia,,"modesta",,"","Phil.",Unresolved,,L,WCSP (in review),822330,311996-2,"Fl. Atacam.","20","","1860"
kew-2690679,A,Portulacaceae,,Calandrinia,,"monandra",,"","(Ruiz & Pav.) DC.",Accepted,,M,WCSP (in review),822331,698463-1,"Prodr.","3: 359","","1828"
tro-26200695,A,Portulacaceae,,Calandrinia,,"monandra",,"","Hershkovitz",Unresolved,,L,TRO,26200695,,"","","",""
kew-2690680,A,Portulacaceae,,Calandrinia,,"monogyna",,"","Poelln.",Accepted,,M,WCSP (in review),822332,698464-1,"Repert. Spec. Nov. Regni Veg.","25: 163","","1934"
kew-2690682,A,Portulacaceae,,Calandrinia,,"morrisae",,"","Goy",Accepted,,M,WCSP (in review),822334,698466-1,"Proc. Roy. Soc. Queensland","50: 68","","1938 publ. 1939"
kew-2690683,A,Portulacaceae,,Calandrinia,,"mucronulata",,"","Meyen",Accepted,,M,WCSP (in review),822335,698467-1,"Observ. Bot.","1: 314","","1834"
tro-26200560,A,Portulacaceae,,Calandrinia,,"multibrateata",,"","Hauman",Unresolved,,L,TRO,26200560,,"Anales Mus. Nac. Buenos Aires","32: 148","148","1923"
kew-2690685,A,Portulacaceae,,Calandrinia,,"multicaulis",,"","Phil.",Accepted,,M,WCSP (in review),822337,698469-1,"Linnaea","28: 641","","1856"
kew-2690687,A,Portulacaceae,,Calandrinia,,"nana",,"","Phil.",Accepted,,M,WCSP (in review),822339,40832-2,"Anales Univ. Chile","85: 304","","1894"
kew-2690689,A,Portulacaceae,,Calandrinia,,"nevadensis",,"","A.Gray",Unresolved,,L,WCSP (in review),822341,40833-2,"Proc. Amer. Acad. Arts","8: 623","","1873"
kew-2690690,A,Portulacaceae,,Calandrinia,,"nitida",,"","(Ruiz & Pav.) DC.",Accepted,,M,WCSP (in review),822342,698474-1,"Prodr.","3: 359","","1828"
kew-2690691,A,Portulacaceae,,Calandrinia,,"nivalis",,"","Phil.",Unresolved,,L,WCSP (in review),822343,40834-2,"Anales Univ. Chile","85: 308","","1894"
kew-2690700,A,Portulacaceae,,Calandrinia,,"papillata",,"","Syeda",Accepted,,M,WCSP (in review),822352,698482-1,"Telopea","2: 60","","1980"
kew-2690704,A,Portulacaceae,,Calandrinia,,"pauciflora",,"","Phil.",Accepted,,M,WCSP (in review),822356,40843-2,"Anales Univ. Chile","85: 193","","1894"
kew-2903418,A,Portulacaceae,,Calandrinia,,"pentavalvis",,"","Obbens",Unresolved,,L,WCSP (in review),1025875,,"Nuytsia","21: 9","","2011"
kew-2690705,A,Portulacaceae,,Calandrinia,,"petiolata",,"","Phil.",Unresolved,,L,WCSP (in review),822357,40844-2,"Anales Univ. Chile","85: 318","","1894"
kew-2690708,A,Portulacaceae,,Calandrinia,,"pickeringii",,"","A.Gray",Accepted,,M,WCSP (in review),822360,698491-1,"U.S. Expl. Exped., Phan.","1: 144","","1854"
kew-2690712,A,Portulacaceae,,Calandrinia,,"pilosiuscula",,"","DC.",Accepted,,M,WCSP (in review),822364,40849-2,"Prodr.","3: 359","","1828"
kew-2690714,A,Portulacaceae,,Calandrinia,,"pleiopetala",,"","F.Muell.",Accepted,,M,WCSP (in review),822366,698494-1,"Fragm.","10: 70","","1876"
kew-2690715,A,Portulacaceae,,Calandrinia,,"poeppigiana",,"","Walp.",Accepted,,M,WCSP (in review),822367,698495-1,"Nov. Actorum Acad. Caes. Leop.-Carol. Nat. Cur.","19(Suppl. 1): 340","","1843"
kew-2690716,A,Portulacaceae,,Calandrinia,,"pogonophora",,"","F.Muell.",Accepted,,M,WCSP (in review),822368,698496-1,"Fragm.","10: 69","","1876"
kew-2690717,A,Portulacaceae,,Calandrinia,,"polia",,"","Phil.",Unresolved,,L,WCSP (in review),822369,40852-2,"Anales Univ. Chile","85: 306","","1894"
kew-2690718,A,Portulacaceae,,Calandrinia,,"polyandra",,"","Benth.",Accepted,,M,WCSP (in review),822370,698498-1,"Fl. Austral.","1: 172","","1863"
kew-2690720,A,Portulacaceae,,Calandrinia,,"polycarpoides",,"","Phil.",Unresolved,,L,WCSP (in review),822372,698499-1,"Linnaea","28: 644","","1856"
kew-2690721,A,Portulacaceae,,Calandrinia,,"polyclados",,"","Phil.",Accepted,,M,WCSP (in review),822373,698500-1,"Linnaea","33: 77","","1864"
kew-2690722,A,Portulacaceae,,Calandrinia,,"polypetala",,"","Fenzl",Accepted,,M,WCSP (in review),822374,698501-1,"Enum. Pl. Hügel","51","","1837"
kew-2690724,A,Portulacaceae,,Calandrinia,,"porifera",,"","Syeda",Accepted,,M,WCSP (in review),822376,698502-1,"Telopea","2: 59","","1980"
kew-2690726,A,Portulacaceae,,Calandrinia,,"potentilloides",,"","Barnéoud",Unresolved,,L,WCSP (in review),822378,308175-2,"Fl. Chil.","2: 512","","1847"
kew-2690728,A,Portulacaceae,,Calandrinia,,"primuliflora",,"","Diels",Accepted,,M,WCSP (in review),822380,698505-1,"Bot. Jahrb. Syst.","35: 198","","1904"
kew-2690729,A,Portulacaceae,,Calandrinia,,"procumbens",,"","Moris",Accepted,,M,WCSP (in review),822381,698506-1,"Mem. Reale Accad. Sci. Torino","37: 100","","1834"
kew-2690731,A,Portulacaceae,,Calandrinia,,"prostrata",,"","Phil.",Unresolved,,L,WCSP (in review),822383,698508-1,"Linnaea","33: 76","","1864"
kew-2690732,A,Portulacaceae,,Calandrinia,,"ptychosperma",,"","F.Muell.",Accepted,,L,WCSP (in review),822384,698509-1,"Fragm.","4: 137","","1864"
kew-2690734,A,Portulacaceae,,Calandrinia,,"pumila",,"","(Benth.) F.Muell.",Accepted,,M,WCSP (in review),822386,698511-1,"Fragm.","10: 68","","1876"
kew-2690735,A,Portulacaceae,,Calandrinia,,"punae",,"","R.E.Fr.",Unresolved,,L,WCSP (in review),822387,273636-2,"Nova Acta Regiae Soc. Sci. Upsal.","IV, 1(1): 149","","1909"
kew-2690740,A,Portulacaceae,,Calandrinia,,"quadrivalvis",,"","F.Muell.",Accepted,,M,WCSP (in review),822392,,"Fragm.","1: 176","","1858"
tro-26200063,A,Portulacaceae,,Calandrinia,,"ramimifolia",,"","Phil.",Unresolved,,L,TRO,26200063,,"","","",""
kew-2690744,A,Portulacaceae,,Calandrinia,,"ramosissima",,"","Hook. & Arn.",Unresolved,,L,WCSP (in review),822396,308804-2,"Bot. Misc.","3: 334","","1833"
kew-2690745,A,Portulacaceae,,Calandrinia,,"remota",,"","J.M.Black",Accepted,,M,WCSP (in review),822397,698523-1,"Trans. & Proc. Roy. Soc. South Australia","47: 369","","1923"
kew-2690746,A,Portulacaceae,,Calandrinia,,"reticulata",,"","Syeda",Accepted,,M,WCSP (in review),822398,698525-1,"Telopea","2: 60","","1980"
kew-2690754,A,Portulacaceae,,Calandrinia,,"sanguinea",,"","Phil.",Accepted,,M,WCSP (in review),822406,40874-2,"Anales Univ. Chile","85: 190","","1894"
kew-2690756,A,Portulacaceae,,Calandrinia,,"saxifraga",var.,"oligantha","(Phil.) Reiche",Unresolved,,L,WCSP (in review),822408,40876-2,"Anales Univ. Chile","100: 342","","1898"
kew-2690757,A,Portulacaceae,,Calandrinia,,"schistorhiza",,"","Morrison",Accepted,,M,WCSP (in review),822409,698534-1,"J. Bot.","50: 164","","1912"
kew-2903433,A,Portulacaceae,,Calandrinia,,"sculpta",,"","Obbens & J.G.West",Unresolved,,L,WCSP (in review),1025890,,"Nuytsia","21: 12","","2011"
kew-2690758,A,Portulacaceae,,Calandrinia,,"sericea",,"","Hook. & Arn.",Unresolved,,L,WCSP (in review),822410,309536-2,"Bot. Misc.","3: 334","","1833"
kew-2690759,A,Portulacaceae,,Calandrinia,,"sericea",,"","Poepp. ex Walp.",Unresolved,Invalid,L,WCSP (in review),822411,698536-1,"Nov. Actorum Acad. Caes. Leop.-Carol. Nat. Cur.","19(Suppl. 1): 340","","1843"
kew-2690763,A,Portulacaceae,,Calandrinia,,"sericea",var.,"sessiliflora","(Phil.) Hauman",Unresolved,,L,WCSP (in review),822415,40881-2,"Anales Soc. Ci. Argent.","86: 255","","1918"
kew-2690764,A,Portulacaceae,,Calandrinia,,"sericea",var.,"uspallatensis","(Phil.) Reiche",Unresolved,,L,WCSP (in review),822416,40882-2,"Anales Univ. Chile","100: 353","","1898"
kew-2690767,A,Portulacaceae,,Calandrinia,,"setosa",,"","Phil.",Accepted,,M,WCSP (in review),822419,698539-1,"Linnaea","28: 690","","1856"
kew-2690769,A,Portulacaceae,,Calandrinia,,"sitiens",,"","I.M.Johnst.",Accepted,,M,WCSP (in review),822421,40887-2,"Contr. Gray Herb.","85: 35","","1929"
kew-2690771,A,Portulacaceae,,Calandrinia,,"solisi",,"","Phil.",Accepted,,M,WCSP (in review),822423,40889-2,"Anales Univ. Chile","85: 303","","1894"
kew-2690774,A,Portulacaceae,,Calandrinia,,"spectabilis",,"","Otto & A.Dietr.",Accepted,,M,WCSP (in review),822426,698545-1,"Allg. Gartenzeitung","1: 161","","1833"
kew-2690775,A,Portulacaceae,,Calandrinia,,"spergularina",,"","F.Muell.",Accepted,,M,WCSP (in review),822427,,"Fragm.","1: 175","","1858"
kew-2690776,A,Portulacaceae,,Calandrinia,,"sphaerophylla",,"","J.M.Black",Accepted,,M,WCSP (in review),822428,698547-1,"Trans. & Proc. Roy. Soc. South Australia","51: 378","","1927"
kew-2690777,A,Portulacaceae,,Calandrinia,,"spicata",,"","Phil.",Accepted,,M,WCSP (in review),822429,698548-1,"Fl. Atacam.","21","","1860"
kew-2690778,A,Portulacaceae,,Calandrinia,,"spicigera",,"","Phil.",Accepted,,M,WCSP (in review),822430,40893-2,"Anales Mus. Nac. Santiago de Chile","1: 25","","1891"
kew-2690781,A,Portulacaceae,,Calandrinia,,"stagnensis",,"","J.M.Black",Accepted,,M,WCSP (in review),822433,698551-1,"Trans. & Proc. Roy. Soc. South Australia","51: 379","","1927"
kew-2690782,A,Portulacaceae,,Calandrinia,,"stenogyna",,"","Domin",Accepted,,M,WCSP (in review),822434,698552-1,"Biblioth. Bot.","89: 97","","1925"
kew-2690785,A,Portulacaceae,,Calandrinia,,"strophiolata",,"","(F.Muell.) F.Muell.",Accepted,,M,WCSP (in review),822437,,"Fragm.","11: 82","","1878"
kew-2690787,A,Portulacaceae,,Calandrinia,,"taltalensis",,"","I.M.Johnst.",Accepted,,M,WCSP (in review),822439,40899-2,"Contr. Gray Herb.","85: 37","","1929"
kew-2690789,A,Portulacaceae,,Calandrinia,,"tenella",,"","Rydb.",Unresolved,Illegitimate,L,WCSP (in review),822441,698559-1,"N. Amer. Fl.","21: 293","","1931"
kew-2690791,A,Portulacaceae,,Calandrinia,,"tenuifolia",,"","Phil.",Unresolved,,L,WCSP (in review),822443,698561-1,"Anales Univ. Chile","85: 189","","1894"
kew-2690792,A,Portulacaceae,,Calandrinia,,"tepperiana",,"","W.Fitzg.",Accepted,,M,WCSP (in review),822444,698562-1,"J. Proc. Roy. Soc. Western Australia","3: 141","","1918"
kew-2903427,A,Portulacaceae,,Calandrinia,,"tholiformis",,"","Obbens",Unresolved,,L,WCSP (in review),1025884,,"Nuytsia","21: 6","","2011"
kew-2603868,A,Portulacaceae,,Calandrinia,,"translucens",,"","Obbens",Accepted,,M,WCSP (in review),737116,,"Nuytsia","16: 104","","2006"
kew-2690794,A,Portulacaceae,,Calandrinia,,"tricolor",,"","Phil.",Accepted,,M,WCSP (in review),822446,698564-1,"Linnaea","28: 642","","1856"
kew-2690795,A,Portulacaceae,,Calandrinia,,"trifida",,"","Hook. & Arn.",Unresolved,,L,WCSP (in review),822447,311909-2,"Bot. Misc.","3: 333","","1833"
kew-2690797,A,Portulacaceae,,Calandrinia,,"tuberosa",,"","Benth.",Unresolved,,L,WCSP (in review),822449,698566-1,"Pl. Hartw.","9","","1839"
kew-2690798,A,Portulacaceae,,Calandrinia,,"tumida",,"","Syeda",Accepted,,M,WCSP (in review),822450,992018-1,"Proc. Linn. Soc. New South Wales","116: 156","","1996"
kew-2690801,A,Portulacaceae,,Calandrinia,,"umbellata",,"","Gillies ex Hook. & Arn.",Unresolved,Invalid,L,WCSP (in review),822453,698569-1,"Bot. Misc.","3: 334","","1833"
kew-2690802,A,Portulacaceae,,Calandrinia,,"uniflora",,"","F.Muell.",Accepted,,M,WCSP (in review),822454,698571-1,"Trans. & Proc. Philos. Inst. Victoria","3: 41","","1859"
kew-2903432,A,Portulacaceae,,Calandrinia,,"vernicosa",,"","Obbens",Unresolved,,L,WCSP (in review),1025889,,"Nuytsia","21: 15","","2011"
kew-2690808,A,Portulacaceae,,Calandrinia,,"villanuevae",,"","Phil.",Accepted,,M,WCSP (in review),822460,40913-2,"Anales Univ. Chile","85: 194","","1894"
kew-2690809,A,Portulacaceae,,Calandrinia,,"villaroelii",,"","Phil.",Accepted,,M,WCSP (in review),822461,,"Anales Univ. Chile","85: 176","","1894"
kew-2690811,A,Portulacaceae,,Calandrinia,,"virgata",,"","Phil.",Accepted,,M,WCSP (in review),822463,698580-1,"Linnaea","28: 642","","1856"
kew-2690813,A,Portulacaceae,,Calandrinia,,"volubilis",,"","Benth.",Accepted,,M,WCSP (in review),822465,698582-1,"Fl. Austral.","1: 174","","1863"
kew-2694205,A,Portulacaceae,,Calyptridium,,"nudum",,"","Greene",Unresolved,,L,WCSP (in review),825676,43472-2,"Pittonia","1: 64","","1887"
kew-2694206,A,Portulacaceae,,Calyptridium,,"paniculatum",,"","(Kellogg) Greene",Unresolved,,L,WCSP (in review),825677,43473-2,"Bull. Torrey Bot. Club","13: 144","","1886"
tro-26200696,A,Portulacaceae,,Cistanthe,,"amaranthoides",,"","D.I. Ford",Unresolved,,L,TRO,26200696,,"","","",""
kew-2723192,A,Portulacaceae,,Cistanthe,,"amarantoides",,"","(Phil.) Carolin ex M.A.Hershkovitz",Accepted,,M,WCSP (in review),853570,,"Phytologia","70: 221","","1991"
kew-2723193,A,Portulacaceae,,Cistanthe,,"ambigua",,"","(S.Watson) Carolin ex M.A.Hershkovitz",Accepted,,M,WCSP (in review),853571,,"Phytologia","68: 269","","1990"
kew-2723196,A,Portulacaceae,,Cistanthe,,"arancioana",,"","Peralta",Accepted,,M,WCSP (in review),853574,20011507-1,"Gayana, Bot.","52: 45","","1995"
kew-2723197,A,Portulacaceae,,Cistanthe,,"arenaria",,"","(Cham.) Carolin ex M.A.Hershkovitz",Accepted,,M,WCSP (in review),853575,,"Phytologia","70: 211","","1991"
kew-2723198,A,Portulacaceae,,Cistanthe,,"cabrerae",,"","(Añon) Peralta",Accepted,,M,WCSP (in review),853576,980470-1,"Fl. San Juan","1: 159","","1994"
kew-2606695,A,Portulacaceae,,Cistanthe,,"cachinalensis",,"","(Phil.) Peralta & D.I.Ford",Accepted,,M,WCSP (in review),739741,77091975-1,"Darwiniana","45: 239","","2007"
kew-2723199,A,Portulacaceae,,Cistanthe,,"calycina",,"","(Phil.) Carolin ex M.A.Hershkovitz",Accepted,,L,WCSP (in review),853577,,"Phytologia","70: 220","","1991"
kew-2723200,A,Portulacaceae,,Cistanthe,,"celosioides",,"","(Phil.) Carolin ex M.A.Hershkovitz",Accepted,,M,WCSP (in review),853578,,"Phytologia","68: 269","","1990"
tro-26200697,A,Portulacaceae,,Cistanthe,,"celosioides",,"","Carolin ex Hershkovitz",Unresolved,,L,TRO,26200697,,"","","",""
kew-2723201,A,Portulacaceae,,Cistanthe,,"cephalophora",,"","(I.M.Johnst.) Carolin ex M.A.Hershkovitz",Accepted,,M,WCSP (in review),853579,,"Phytologia","70: 212","","1991"
kew-2606696,A,Portulacaceae,,Cistanthe,,"chrysantha",,"","(I.M.Johnst.) Peralta & D.I.Ford",Accepted,,M,WCSP (in review),739742,77091976-1,"Darwiniana","45: 240","","2007"
kew-2723202,A,Portulacaceae,,Cistanthe,,"coquimbensis",,"","(Barnéoud) Carolin ex M.A.Hershkovitz",Accepted,,M,WCSP (in review),853580,,"Phytologia","70: 212","","1991"
kew-2723203,A,Portulacaceae,,Cistanthe,,"cymosa",,"","(Phil.) Hershkovitz",Accepted,,M,WCSP (in review),853581,,"Phytologia","70: 213","","1991"
kew-2723204,A,Portulacaceae,,Cistanthe,,"densiflora",,"","(Barnéoud) Hershkovitz",Accepted,,M,WCSP (in review),853582,,"Phytologia","70: 220","","1991"
kew-2723206,A,Portulacaceae,,Cistanthe,,"fenzlii",,"","(Barnéoud) Carolin ex M.A.Hershkovitz",Accepted,,M,WCSP (in review),853584,,"Phytologia","70: 213","","1991"
kew-2723209,A,Portulacaceae,,Cistanthe,,"grandiflora",,"","(Lindl.) Schltdl.",Accepted,,M,WCSP (in review),853587,941529-1,"Hort. Hal.","1: 10","","1841"
kew-2723210,A,Portulacaceae,,Cistanthe,,"guadalupensis",,"","(Dudley) Carolin ex M.A.Hershkovitz",Accepted,,M,WCSP (in review),853588,,"Phytologia","68: 269","","1990"
kew-2723211,A,Portulacaceae,,Cistanthe,,"humilis",,"","(Phil.) Peralta",Accepted,,M,WCSP (in review),853589,980473-1,"Fl. San Juan","1: 162","","1994"
kew-2606697,A,Portulacaceae,,Cistanthe,,"lamprosperma",,"","(I.M.Johnst.) Peralta & D.I.Ford",Accepted,,M,WCSP (in review),739743,77091977-1,"Darwiniana","45: 240","","2007"
kew-2606698,A,Portulacaceae,,Cistanthe,,"laxiflora",,"","(Phil.) Peralta & D.I.Ford",Accepted,,M,WCSP (in review),739744,77091978-1,"Darwiniana","45: 240","","2007"
kew-2723212,A,Portulacaceae,,Cistanthe,,"lingulata",,"","(Ruiz & Pav.) Hershkovitz",Accepted,,M,WCSP (in review),853590,,"Phytologia","70: 214","","1991"
tro-26200078,A,Portulacaceae,,Cistanthe,,"linophylla",,"","Sessé & Moc.",Unresolved,,L,TRO,26200078,,"","","",""
kew-2723213,A,Portulacaceae,,Cistanthe,,"longiscapa",,"","(Barnéoud) Carolin ex M.A.Hershkovitz",Accepted,,M,WCSP (in review),853591,,"Phytologia","70: 215","","1991"
kew-2723215,A,Portulacaceae,,Cistanthe,,"maritima",,"","(Nutt.) Carolin ex M.A.Hershkovitz",Accepted,,M,WCSP (in review),853593,,"Phytologia","68: 269","","1990"
kew-2723216,A,Portulacaceae,,Cistanthe,,"minuscula",,"","(Añon) Peralta",Accepted,,M,WCSP (in review),853594,980474-1,"Fl. San Juan","1: 163","","1994"
kew-2723217,A,Portulacaceae,,Cistanthe,,"monandra",,"","(Nutt.) Hershkovitz",Accepted,,M,WCSP (in review),853595,,"Phytologia","68: 267","","1990"
kew-2723218,A,Portulacaceae,,Cistanthe,,"monosperma",,"","(Greene) Hershkovitz",Accepted,,M,WCSP (in review),853596,,"Phytologia","68: 267","","1990"
tro-26200699,A,Portulacaceae,,Cistanthe,,"pachyphylla",,"","D.I. Ford",Unresolved,,L,TRO,26200699,,"","","",""
kew-2723219,A,Portulacaceae,,Cistanthe,,"paniculata",,"","(DC.) Carolin ex M.A.Hershkovitz",Accepted,,M,WCSP (in review),853597,,"Phytologia","70: 216","","1991"
kew-2723220,A,Portulacaceae,,Cistanthe,,"parryi",,"","(A.Gray) Hershkovitz",Accepted,,L,WCSP (in review),853598,,"Phytologia","68: 268","","1990"
kew-2723224,A,Portulacaceae,,Cistanthe,,"picta",,"","(Gillies ex Arn.) Carolin ex M.A.Hershkovitz",Accepted,,M,WCSP (in review),853602,,"Phytologia","70: 217","","1991"
kew-2723225,A,Portulacaceae,,Cistanthe,,"picta",var.,"frigida","(Barnéoud) Hershkovitz",Accepted,,L,WCSP (in review),853603,,"Phytologia","70: 218","","1991"
kew-2723226,A,Portulacaceae,,Cistanthe,,"pulchella",,"","(Eastw.) Hershkovitz",Accepted,,M,WCSP (in review),853604,,"Phytologia","68: 268","","1990"
kew-2723227,A,Portulacaceae,,Cistanthe,,"pygmaea",,"","(Parish ex Rydberg) Hershkovitz",Accepted,,M,WCSP (in review),853605,,"Phytologia","68: 268","","1990"
kew-2723228,A,Portulacaceae,,Cistanthe,,"quadripetala",,"","(S.Watson) Hershkovitz",Accepted,,M,WCSP (in review),853606,,"Phytologia","68: 268","","1990"
kew-2723229,A,Portulacaceae,,Cistanthe,,"rosea",,"","(S.Watson) Hershkovitz",Accepted,,M,WCSP (in review),853607,,"Phytologia","68: 268","","1990"
kew-2723230,A,Portulacaceae,,Cistanthe,,"salsoloides",,"","(Barnéoud) Carolin ex M.A.Hershkovitz",Accepted,,M,WCSP (in review),853608,,"Phytologia","68: 269","","1990"
kew-2723232,A,Portulacaceae,,Cistanthe,,"stricta",,"","(Phil.) Peralta",Accepted,,M,WCSP (in review),853610,980471-1,"Fl. San Juan","1: 160","","1994"
kew-2606699,A,Portulacaceae,,Cistanthe,,"thyrsoidea",,"","(Reiche) Peralta & D.I.Ford",Accepted,,M,WCSP (in review),739745,77091979-1,"Darwiniana","45: 240","","2007"
kew-2723233,A,Portulacaceae,,Cistanthe,,"tovarii",,"","A.Galán",Accepted,,M,WCSP (in review),853611,986873-1,"Anales Jard. Bot. Madrid","53: 253","","1995 publ. 1996"
kew-2723235,A,Portulacaceae,,Cistanthe,,"umbellata",,"","(Torr.) Hershkovitz",Accepted,,M,WCSP (in review),853613,,"Phytologia","68: 268","","1990"
kew-2723237,A,Portulacaceae,,Cistanthe,,"weberbaueri",,"","(Diels) Carolin ex M.A.Hershkovitz",Accepted,,M,WCSP (in review),853615,,"Phytologia","70: 218","","1991"
kew-2761160,A,Portulacaceae,,Dendroportulaca,,"mirabilis",,"","Eggli",Accepted,,M,WCSP (in review),890786,995855-1,"Adansonia","III, 19: 50","","1997"
kew-2805410,A,Portulacaceae,,Eutmon,,"napiforme",,"","Raf.",Unresolved,,L,WCSP (in review),933058,698870-1,"Atlantic J.","1: 177","","1833"
tro-26200438,A,Portulacaceae,,Lenzia,,"chamaepitys",,"","Phil.",Accepted,,M,TRO,26200438,,"","","",""
kew-2492874,A,Portulacaceae,,Lenzia,,"vernonioides",,"","Sch.Bip. ex Phil.",Unresolved,,L,WCSP (in review),629574,60881-1,"Anales Univ. Chile","91: 414","","1895"
kew-2508980,A,Portulacaceae,,Mona,,"meridensis",,"","(Friedrich) Ö.Nilsson",Accepted,,M,WCSP (in review),645361,163233-2,"Bot. Not.","119: 267","","1966"
kew-2508978,A,Portulacaceae,,Monocosmia,,"corrigioloides",,"","Fenzl",Unresolved,,L,WCSP (in review),645359,698973-1,"Nov. Stirp. Dec.","93","","1839"
kew-2508976,A,Portulacaceae,,Monocosmia,,"verrucosa",,"","Phil.",Unresolved,,L,WCSP (in review),645357,698975-1,"Linnaea","33: 79","","1864"
tro-26200010,A,Portulacaceae,,Neopaxia,,"australasica",,"","(Hook. f.) Ö. Nilsson",Accepted,,M,TRO,26200010,,"Grana Palynol.","7: 331","331","1967"
tro-50292925,A,Portulacaceae,,Neopaxia,,"lineariifolia",,"","Heenan",Unresolved,,L,TRO,50292925,,"","","",""
kew-2381368,A,Portulacaceae,,Neopaxia,,"racemosa",,"","(Buchanan) Heenan",Unresolved,,L,WCSP (in review),520196,1008782-1,"New Zealand J. Bot.","37: 229","","1999"
kew-2381367,A,Portulacaceae,,Neopaxia,,"sessiliflora",,"","(G.Simpson) Heenan",Unresolved,,L,WCSP (in review),520195,1008783-1,"New Zealand J. Bot.","37: 231","","1999"
kew-2574367,A,Portulacaceae,,Philippiamra,,"amarantodes",,"","Kuntze",Unresolved,,L,WCSP (in review),708340,192945-2,"Revis. Gen. Pl.","1: 58","","1891"
kew-2574365,A,Portulacaceae,,Philippiamra,,"corrigiolodes",,"","Kuntze",Unresolved,,L,WCSP (in review),708338,192947-2,"Revis. Gen. Pl.","1: 58","","1891"
kew-2574358,A,Portulacaceae,,Portulaca,,"adenostemon",,"","Vest",Unresolved,,L,WCSP (in review),708331,699102-1,"Flora","12(1 Erg.): 63","","1829"
kew-2574357,A,Portulacaceae,,Portulaca,,"advena",,"","Reichg. & Poelln.",Unresolved,,L,WCSP (in review),708330,699103-1,"Repert. Spec. Nov. Regni Veg.","46: 47","","1939"
kew-2608335,A,Portulacaceae,,Portulaca,,"africana",,"","(Danin & H.G.Baker) Danin",Unresolved,,L,WCSP (in review),741274,77094197-1,"Lagascalia","26: 76","","2006"
tro-26200642,A,Portulacaceae,,Portulaca,,"amilis",,"","Speg.",Accepted,,M,TRO,26200642,208528-2,"Anales Soc. Ci. Argent.","92: 104, pl. 6","104","1921"
tro-50215400,A,Portulacaceae,,Portulaca,,"amilis",var.,"pilgeri","(Poelln.) D. Legrand",Accepted,,L,TRO,50215400,208530-2,"Comun. Bot. Mus. Hist. Nat. Montevideo","2(27): 17–18","17","1953"
kew-2574353,A,Portulacaceae,,Portulaca,,"anceps",,"","A.Rich.",Unresolved,,L,WCSP (in review),708326,699107-1,"Tent. Fl. Abyss.","1: 301","","1848"
kew-2574278,A,Portulacaceae,,Portulaca,,"arabica",,"","DC.",Unresolved,,L,WCSP (in review),708251,699110-1,"Prodr.","3: 355","","1828"
tro-50215387,A,Portulacaceae,,Portulaca,,"argentinensis",,"","Speg.",Accepted,,M,TRO,50215387,208537-2,"Physis (Buenos Aires)","3: 171","171","1917"
kew-2574288,A,Portulacaceae,,Portulaca,,"armitii",,"","F.Muell.",Unresolved,,L,WCSP (in review),708261,,"Fragm.","10: 97","","1876"
kew-2574287,A,Portulacaceae,,Portulaca,,"aurantiaca",,"","Proctor",Unresolved,,L,WCSP (in review),708260,208538-2,"J. Arnold Arbor.","63: 237","","1982"
kew-2574286,A,Portulacaceae,,Portulaca,,"aurea",,"","DC.",Unresolved,,L,WCSP (in review),708259,699116-1,"Prodr.","3: 353","","1828"
kew-2574285,A,Portulacaceae,,Portulaca,,"australis",,"","Endl.",Unresolved,,L,WCSP (in review),708258,699117-1,"Atakta Bot.","7, t. 6","","1834"
kew-2574283,A,Portulacaceae,,Portulaca,,"axilliflora",,"","Blanco",Unresolved,,L,WCSP (in review),708256,699119-1,"Fl. Filip., ed. 2","285","","1845"
kew-2574284,A,Portulacaceae,,Portulaca,,"axilliflora",,"","Pers.",Unresolved,,L,WCSP (in review),708257,699118-1,"Syn. Pl.","2: 6","","1806"
kew-2574282,A,Portulacaceae,,Portulaca,,"bareschta",,"","Forssk.",Unresolved,,L,WCSP (in review),708255,699120-1,"Fl. Aegypt.-Arab.","cxii","","1775"
kew-2574281,A,Portulacaceae,,Portulaca,,"bicolor",,"","F.Muell.",Unresolved,,L,WCSP (in review),708254,699121-1,"Fragm.","1: 171","","1859"
tro-26200657,A,Portulacaceae,,Portulaca,,"biloba",,"","Urb.",Accepted,,M,TRO,26200657,208539-2,"Repert. Spec. Nov. Regni Veg.","22(22–25): 335","335","1926"
kew-2574279,A,Portulacaceae,,Portulaca,,"boliviensis",,"","Poelln.",Unresolved,,L,WCSP (in review),708252,699123-1,"Revista Sudamer. Bot.","7: 272","","1943"
kew-2574293,A,Portulacaceae,,Portulaca,,"boninensis",,"","Tuyama",Unresolved,,L,WCSP (in review),708266,699124-1,"Bot. Mag. (Tokyo)","53: 6","","1939"
kew-2574277,A,Portulacaceae,,Portulaca,,"brasiliensis",,"","Vahl",Unresolved,,L,WCSP (in review),708250,699125-1,"Bidr. Beskr. Ste Croix","287","","1793"
kew-2574276,A,Portulacaceae,,Portulaca,,"brevifolia",,"","Urb.",Accepted,,M,WCSP (in review),708249,208540-2,"Symb. Antill.","5: 340","","1907"
kew-2574272,A,Portulacaceae,,Portulaca,,"bulbifera",,"","M.G.Gilbert",Unresolved,,L,WCSP (in review),708245,978920-1,"Nordic J. Bot.","14: 309","","1994"
tro-50215364,A,Portulacaceae,,Portulaca,,"californica",,"","D. Legrand",Accepted,,M,TRO,50215364,208542-2,"Comun. Bot. Mus. Hist. Nat. Montevideo","2(22): 2–3, t. 1, f. 2, t. 3","2","1952"
kew-2608336,A,Portulacaceae,,Portulaca,,"canariensis",,"","Danin & Reyes-Bet.",Accepted,,M,WCSP (in review),741275,77094202-1,"Lagascalia","26: 77","","2006"
kew-2574268,A,Portulacaceae,,Portulaca,,"capitata",,"","A.Chev.",Unresolved,,L,WCSP (in review),708241,699131-1,"Etudes Fl. Afr. Centr. Franç.","1: 24","","1913"
tro-26200084,A,Portulacaceae,,Portulaca,,"cardenasiana",,"","D. Legrand",Accepted,,M,TRO,26200084,208543-2,"Comun. Bot. Mus. Hist. Nat. Montevideo","2(27): 9–11, f., t. 5","9","1953"
kew-2574280,A,Portulacaceae,,Portulaca,,"caryaphylloides",,"","Bailly",Unresolved,,L,WCSP (in review),708253,,"Fl. Pleine Terre","ed. 2: 722","","1866"
kew-2574320,A,Portulacaceae,,Portulaca,,"catharinae",,"","Poelln.",Unresolved,,L,WCSP (in review),708293,208544-2,"Repert. Spec. Nov. Regni Veg.","49: 211","","1940"
tro-26200146,A,Portulacaceae,,Portulaca,,"caulerpoides",,"","Britton & P. Wilson",Accepted,,M,TRO,26200146,208546-2,"Bull. Torrey Bot. Club","32: 515, 1915","515",""
kew-2574317,A,Portulacaceae,,Portulaca,,"caumii",,"","F.Br.",Unresolved,,L,WCSP (in review),708290,699138-1,"Bernice P. Bishop Mus. Bull.","81: 29","","1931"
tro-26200667,A,Portulacaceae,,Portulaca,,"centrali-africana",,"","R.E. Fr.",Accepted,,M,TRO,26200667,,"","","",""
tro-50215386,A,Portulacaceae,,Portulaca,,"chacoana",,"","D. Legrand",Accepted,,M,TRO,50215386,291719-2,"Comun. Bot. Mus. Hist. Nat. Montevideo","2(27): 1–3, t. 1","1","1953"
kew-2574313,A,Portulacaceae,,Portulaca,,"chariensis",,"","A.Chev.",Unresolved,,L,WCSP (in review),708286,699142-1,"Etudes Fl. Afr. Centr. Franç.","1: 24","","1913"
kew-2574312,A,Portulacaceae,,Portulaca,,"ciferrii",,"","Chiov.",Unresolved,,L,WCSP (in review),708285,699143-1,"Atti Ist. Bot. ""Giovani Briosi""","IV, 7: 122","","1936"
kew-2574311,A,Portulacaceae,,Portulaca,,"cincta",,"","Fenzl",Unresolved,,L,WCSP (in review),708284,699144-1,"Natuurk. Tijdschr. Ned.-Indië","14: 162","","1857"
kew-2565893,A,Portulacaceae,,Portulaca,,"clavigera",,"","R.Geesink",Unresolved,,L,WCSP (in review),700317,699146-1,"Blumea","17: 289","","1969"
tro-26200372,A,Portulacaceae,,Portulaca,,"collina",,"","Dinter",Accepted,,M,TRO,26200372,,"","","",""
kew-2565869,A,Portulacaceae,,Portulaca,,"colombiana",,"","D.Legrand",Accepted,,M,WCSP (in review),700293,208549-2,"Comun. Bot. Mus. Hist. Nat. Montevideo","2(22): 4","","1952"
tro-50215640,A,Portulacaceae,,Portulaca,,"columbiana",,"","Poelln.",Accepted,,M,TRO,50215640,,"Revista Sudamer. Bot.","7(6–86–8): 271","271","1941"
kew-2565871,A,Portulacaceae,,Portulaca,,"commutata",,"","M.G.Gilbert",Unresolved,,L,WCSP (in review),700295,978919-1,"Nordic J. Bot.","14: 308","","1994"
tro-50215607,A,Portulacaceae,,Portulaca,,"confertifolia",,"","Hauman",Accepted,,M,TRO,50215607,208551-2,"Anales Mus. Nac. Buenos Aires","32: 438","438","1925"
kew-2565883,A,Portulacaceae,,Portulaca,,"conoidea",,"","S.M.Phillips",Unresolved,,L,WCSP (in review),700307,1016842-1,"Kew Bull.","55: 693","","2000"
kew-2565868,A,Portulacaceae,,Portulaca,,"conspicua",,"","Domin",Unresolved,,L,WCSP (in review),700292,699153-1,"Biblioth. Bot.","89: 97","","1925"
kew-2565877,A,Portulacaceae,,Portulaca,,"constricta",,"","M.G.Gilbert",Unresolved,,L,WCSP (in review),700301,978918-1,"Nordic J. Bot.","14: 307","","1994"
kew-2565878,A,Portulacaceae,,Portulaca,,"conzattii",,"","P.Wilson",Accepted,,M,WCSP (in review),700302,208554-2,"Torreya","28: 28","","1928"
kew-2565879,A,Portulacaceae,,Portulaca,,"coralloides",,"","S.M.Phillips",Unresolved,,L,WCSP (in review),700303,1016843-1,"Kew Bull.","55: 695","","2000"
kew-2565880,A,Portulacaceae,,Portulaca,,"cordobensis",,"","Hosseus",Unresolved,,L,WCSP (in review),700304,699155-1,"Bol. Acad. Nac. Ci. Republ. Argent.","26: 76","","1921"
tro-50216472,A,Portulacaceae,,Portulaca,,"costata",,"","Poelln.",Accepted,,M,TRO,50216472,208556-2,"Bol. Soc. Brot., sér. 2,","15: 33","33","1941"
kew-2565918,A,Portulacaceae,,Portulaca,,"cristata",,"","Buch.-Ham.",Unresolved,,L,WCSP (in review),700342,699160-1,"Numer. List","6844","","1832"
tro-26200634,A,Portulacaceae,,Portulaca,,"cryptopetala",,"","Speg.",Accepted,,M,TRO,26200634,208558-2,"Anales Soc. Ci. Argent.","82: 217, f.","217","1916"
tro-50215473,A,Portulacaceae,,Portulaca,,"cubensis",,"","Britton & P. Wilson",Accepted,,M,TRO,50215473,208565-2,"Mem. Torrey Bot. Club","16(2): 64","64","1920"
tro-26200147,A,Portulacaceae,,Portulaca,,"cyanosperma",,"","Egler",Accepted,,L,TRO,26200147,699165-1,"","","",""
kew-2565933,A,Portulacaceae,,Portulaca,,"cyathostyla",,"","Gagnep.",Unresolved,,L,WCSP (in review),700357,699166-1,"Bull. Soc. Bot. France","56: 40","","1909"
kew-2565925,A,Portulacaceae,,Portulaca,,"cyclophylla",,"","F.Muell.",Unresolved,,L,WCSP (in review),700349,699167-1,"Proc. Linn. Soc. New South Wales","II, 5: 16","","1890"
kew-2897108,A,Portulacaceae,,Portulaca,,"cypria",,"","Danin",Accepted,,M,WCSP (in review),1019937,77094890-1,"Fl. Medit.","18: 92","","2008"
kew-2565927,A,Portulacaceae,,Portulaca,,"decorticans",,"","M.G.Gilbert",Unresolved,,L,WCSP (in review),700351,968446-1,"Kew Bull.","47: 693","","1992"
kew-2565931,A,Portulacaceae,,Portulaca,,"dhofarica",,"","M.G.Gilbert",Unresolved,,L,WCSP (in review),700355,1017488-1,"Kew Bull.","55: 788","","2000"
kew-2565909,A,Portulacaceae,,Portulaca,,"dichotoma",,"","Gueldenst.",Unresolved,,L,WCSP (in review),700333,699172-1,"Reis. Russland","1: 192","","1787"
kew-2565926,A,Portulacaceae,,Portulaca,,"diegoi",,"","Mattos",Unresolved,,L,WCSP (in review),700350,905011-1,"Loefgrenia","85: 1","","1984"
kew-2565924,A,Portulacaceae,,Portulaca,,"digyna",,"","F.Muell.",Unresolved,,L,WCSP (in review),700348,699173-1,"Fragm.","1: 170","","1859"
kew-2565902,A,Portulacaceae,,Portulaca,,"dinteri",,"","Schinz ex Poelln.",Unresolved,,L,WCSP (in review),700326,699174-1,"Repert. Spec. Nov. Regni Veg.","37: 308","","1934"
kew-2565903,A,Portulacaceae,,Portulaca,,"diptera",,"","Zipp. ex Span.",Unresolved,,L,WCSP (in review),700327,699175-1,"Linnaea","15: 207","","1841"
kew-2574294,A,Portulacaceae,,Portulaca,,"dodomaensis",,"","M.G.Gilbert",Unresolved,,L,WCSP (in review),708267,1017490-1,"Kew Bull.","55: 800","","2000"
kew-2574308,A,Portulacaceae,,Portulaca,,"dubia",,"","Tepper",Unresolved,,L,WCSP (in review),708281,699177-1,"Trans. & Proc. Rep. Roy. Soc. South Australia","17: 16","","1893"
tro-50215425,A,Portulacaceae,,Portulaca,,"echinosperma",,"","Hauman",Accepted,,M,TRO,50215425,208571-2,"Anales Mus. Nac. Buenos Aires","32: 441","441","1925"
kew-2574305,A,Portulacaceae,,Portulaca,,"eitenii",,"","D.Legrand",Unresolved,,L,WCSP (in review),708278,208574-2,"Phytologia","16: 57","","1968"
kew-2574304,A,Portulacaceae,,Portulaca,,"elatinoides",,"","A.Chev.",Unresolved,,L,WCSP (in review),708277,699181-1,"Explor. Bot. Afrique Occ. Franç.","1: 47","","1920"
kew-2574303,A,Portulacaceae,,Portulaca,,"elatior",,"","Mart. ex Rohrb.",Accepted,,M,WCSP (in review),708276,699182-1,"Fl. Bras.","14(2): 302","","1872"
tro-26200644,A,Portulacaceae,,Portulaca,,"elongata",,"","Rusby",Accepted,,M,TRO,26200644,208575-2,"Mem. Torrey Bot. Club","6: 7","7","1896"
tro-50215393,A,Portulacaceae,,Portulaca,,"elongata",var.,"pedicellata","(D. Legrand) D. Legrand",Accepted,,L,TRO,50215393,208576-2,"Comun. Bot. Mus. Hist. Nat. Montevideo","2(27): 13–14","13","1953"
kew-2574300,A,Portulacaceae,,Portulaca,,"eriophora",,"","Casar.",Unresolved,,L,WCSP (in review),708273,,"Nov. Stirp. Bras.","23","","1842"
tro-26200635,A,Portulacaceae,,Portulaca,,"eruca",,"","Hauman",Accepted,,M,TRO,26200635,208579-2,"Anales Mus. Nac. Buenos Aires","32: 440","440","1925"
kew-2574298,A,Portulacaceae,,Portulaca,,"erythraeae",,"","Schweinf.",Unresolved,,L,WCSP (in review),708271,699187-1,"Bull. Herb. Boissier","4(App. 2): 171","","1896"
tro-50215474,A,Portulacaceae,,Portulaca,,"expatriata",,"","Poelln.",Accepted,,M,TRO,50215474,208580-2,"Repert. Spec. Nov. Regni Veg.","50: 61","61","1941"
tro-50215864,A,Portulacaceae,,Portulaca,,"fascicularis",,"","Peter",Accepted,,M,TRO,50215864,,"","","",""
kew-2573956,A,Portulacaceae,,Portulaca,,"filifolia",,"","F.Muell.",Unresolved,,L,WCSP (in review),707931,699192-1,"Fragm.","1: 169","","1859"
kew-2574182,A,Portulacaceae,,Portulaca,,"filsonii",,"","J.H.Willis",Unresolved,,L,WCSP (in review),708155,699193-1,"Muelleria","3: 89","","1975"
kew-2574008,A,Portulacaceae,,Portulaca,,"fischeri",,"","Pax",Unresolved,,L,WCSP (in review),707983,699194-1,"Bot. Jahrb. Syst.","17: 585","","1893"
kew-2574007,A,Portulacaceae,,Portulaca,,"flava",,"","DC.",Unresolved,,L,WCSP (in review),707982,699195-1,"Prodr.","3: 355","","1828"
tro-26200646,A,Portulacaceae,,Portulaca,,"fluvialis",,"","D. Legrand",Accepted,,M,TRO,26200646,208581-2,"Comun. Bot. Mus. Hist. Nat. Montevideo","1(1): 25, f. 7, 8b","25","1942"
kew-2574004,A,Portulacaceae,,Portulaca,,"foliosa",,"","Ker Gawl.",Accepted,,M,WCSP (in review),707979,699198-1,"Bot. Reg.","10: t. 793","","1824"
tro-50124480,A,Portulacaceae,,Portulaca,,"fragilis",,"","Poelln.",Accepted,,M,TRO,50124480,208586-2,"Repert. Spec. Nov. Regni Veg.","50: 61","61","1941"
tro-50215466,A,Portulacaceae,,Portulaca,,"frieseana",,"","Poelln.",Accepted,,M,TRO,50215466,,"Repert. Spec. Nov. Regni Veg.","50: 117","117","1941"
tro-50082274,A,Portulacaceae,,Portulaca,,"fulgens",,"","Griseb.",Accepted,,M,TRO,50082274,699205-1,"Abh. Königl. Ges. Wiss. Göttingen","24: 30","30","1879"
kew-2574010,A,Portulacaceae,,Portulaca,,"geniculata",,"","Royle",Unresolved,,L,WCSP (in review),707985,699207-1,"Ill. Bot. Himal. Mts.","221","","1835"
tro-26200791,A,Portulacaceae,,Portulaca,,"gilliesii",,"","Hook.",Accepted,,M,TRO,26200791,699208-1,"Bot. Mag.","58: t. 3064","t. 3064","1831"
tro-50124489,A,Portulacaceae,,Portulaca,,"gracilis",,"","Poelln.",Accepted,,M,TRO,50124489,208591-2,"Repert. Spec. Nov. Regni Veg.","50: 107","107","1941"
kew-2573991,A,Portulacaceae,,Portulaca,,"grandiflora",,"","Hook.",Accepted,,M,WCSP (in review),707966,208592-2,"Bot. Mag.","56: t. 2885","","1829"
tro-26200788,A,Portulacaceae,,Portulaca,,"grandiflora",var.,"immersostellulata","(Poelln.) D. Legrand",Accepted,,L,TRO,26200788,208597-2,"Comun. Bot. Mus. Hist. Nat. Montevideo","2(27): 15–16","15","1953"
kew-2573990,A,Portulacaceae,,Portulaca,,"grandis",,"","Peter",Unresolved,,L,WCSP (in review),707965,699212-1,"Repert. Spec. Nov. Regni Veg. Beih.","40(2, Anh.): 34","","1938"
kew-2573989,A,Portulacaceae,,Portulaca,,"granulatostellulata",,"","(Poelln.) Ricceri & Arrigoni",Accepted,,M,WCSP (in review),707964,1015467-1,"Parlatorea","4: 93","","2000"
kew-2573988,A,Portulacaceae,,Portulaca,,"greenwayi",,"","M.G.Gilbert",Unresolved,,L,WCSP (in review),707963,1017487-1,"Kew Bull.","55: 775","","2000"
tro-50337601,A,Portulacaceae,,Portulaca,,"guanajuatensis",,"","Ocampo",Accepted,,M,TRO,50337601,323317-2,"Acta Bot. Mex.","58: 1","1","2002"
kew-2573986,A,Portulacaceae,,Portulaca,,"guineensis",,"","Lindl. ex DC.",Unresolved,,L,WCSP (in review),707961,699214-1,"Prodr.","3: 353","","1828"
kew-2574024,A,Portulacaceae,,Portulaca,,"halimoides",,"","L.",Accepted,,M,WCSP (in review),707999,316353-2,"Sp. Pl. ed. 2","639","","1762"
tro-50215592,A,Portulacaceae,,Portulaca,,"hatsbachii",,"","D. Legrand",Accepted,,M,TRO,50215592,,"Anales Mus. Nac. Montevideo, ser. 2,","7(3): 105, t. 22, f. 51","105","1962"
kew-2574026,A,Portulacaceae,,Portulaca,,"hatschbachii",,"","D.Legrand",Accepted,,M,WCSP (in review),708001,208607-2,"Anales Mus. Hist. Nat. Montevideo","II, 7(3): 105","","1962"
tro-26200150,A,Portulacaceae,,Portulaca,,"hawaiiensis",,"","O.Deg.",Accepted,,L,TRO,26200150,699219-1,"","","",""
kew-2574036,A,Portulacaceae,,Portulaca,,"helianthemoides",,"","Zipp. ex Span.",Unresolved,,L,WCSP (in review),708011,699220-1,"Linnaea","15: 207","","1841"
kew-2574035,A,Portulacaceae,,Portulaca,,"hereroensis",,"","Schinz",Accepted,,L,WCSP (in review),708010,699221-1,"Mém. Herb. Boissier","29: 18","","1900"
kew-2574034,A,Portulacaceae,,Portulaca,,"heterophylla",,"","Peter",Unresolved,,L,WCSP (in review),708009,699222-1,"Repert. Spec. Nov. Regni Veg. Beih.","40(2, Anh.): 33","","1938"
tro-26200085,A,Portulacaceae,,Portulaca,,"hirsutissima",,"","Cambess.",Accepted,,M,TRO,26200085,699224-1,"Fl. Bras. Merid. (quarto ed.)","2: 191, t. 114","191","1829"
tro-50215533,A,Portulacaceae,,Portulaca,,"hoehnei",,"","D. Legrand",Accepted,,M,TRO,50215533,208609-2,"Comun. Bot. Mus. Hist. Nat. Montevideo","3(33): 3–4, t. 1B","3","1958"
kew-2574030,A,Portulacaceae,,Portulaca,,"holosericea",,"","Peter",Unresolved,,L,WCSP (in review),708005,699226-1,"Abh. Königl. Ges. Wiss. Göttingen, Math.-Phys. Kl.","n.f., 13(2): 120","","1928"
tro-26200812,A,Portulacaceae,,Portulaca,,"howellii",,"","(D. Legrand) Eliasson",Accepted,,M,TRO,26200812,208610-2,"Svensk Bot. Tidskr.","60: 428","428","1966"
tro-50215872,A,Portulacaceae,,Portulaca,,"humilis",,"","Peter",Accepted,,M,TRO,50215872,,"","","",""
kew-2574025,A,Portulacaceae,,Portulaca,,"imbricata",,"","Forssk.",Unresolved,,L,WCSP (in review),708000,,"Fl. Aegypt.-Arab.","92","","1775"
kew-2608337,A,Portulacaceae,,Portulaca,,"impolita",,"","(Danin & H.G.Baker) Danin",Unresolved,,L,WCSP (in review),741276,77094199-1,"Lagascalia","26: 76","","2006"
kew-2574023,A,Portulacaceae,,Portulaca,,"insignis",,"","Steyerm.",Accepted,,M,WCSP (in review),707998,283630-2,"Ann. Missouri Bot. Gard.","75: 1058","","1988"
tro-50097576,A,Portulacaceae,,Portulaca,,"insularis",,"","Hosok.",Accepted,,M,TRO,50097576,699233-1,"Trans. Nat. Hist. Soc. Taiwan","22: 229","229","1932"
kew-2574021,A,Portulacaceae,,Portulaca,,"intraterranea",,"","J.M.Black",Unresolved,,L,WCSP (in review),707996,699234-1,"Trans. & Proc. Roy. Soc. South Australia","50: 283","","1926"
kew-2574020,A,Portulacaceae,,Portulaca,,"involucrata",,"","Haw.",Unresolved,,L,WCSP (in review),707995,699235-1,"Saxifrag. Enum.","2: 59","","1821"
kew-2577183,A,Portulacaceae,,Portulaca,,"irwinii",,"","D.Legrand",Unresolved,,L,WCSP (in review),710962,208614-2,"Comun. Bot. Mus. Hist. Nat. Montevideo","4(53): 2","","1970"
kew-2574018,A,Portulacaceae,,Portulaca,,"jacobseniana",,"","G.D.Rowley",Unresolved,,L,WCSP (in review),707993,291718-2,"Natl. Cact. Succ. J.","21: 81","","1966"
kew-2574017,A,Portulacaceae,,Portulaca,,"javanensis",,"","Poelln.",Unresolved,,L,WCSP (in review),707992,699238-1,"Revista Sudamer. Bot.","7: 273","","1943"
kew-2574016,A,Portulacaceae,,Portulaca,,"johnii",,"","Poelln.",Unresolved,,L,WCSP (in review),707991,699239-1,"Occas. Pap. Bernice Pauahi Bishop Mus.","12(9): 4","","1936"
kew-2574015,A,Portulacaceae,,Portulaca,,"johnstonii",,"","Henrickson",Unresolved,,L,WCSP (in review),707990,208615-2,"Madroño","28: 78","","1981"
kew-2574014,A,Portulacaceae,,Portulaca,,"jujuyensis",,"","Poelln.",Unresolved,,L,WCSP (in review),707989,208616-2,"Lilloa","5: 197","","1940"
tro-26200376,A,Portulacaceae,,Portulaca,,"kermesina",,"","N.E. Br.",Accepted,,M,TRO,26200376,699242-1,"Kew Bull.","1909, 91","1909","1909"
kew-2573939,A,Portulacaceae,,Portulaca,,"kuriensis",,"","M.G.Gilbert",Unresolved,,L,WCSP (in review),707914,1017489-1,"Kew Bull.","55: 789","","2000"
kew-2573995,A,Portulacaceae,,Portulaca,,"laevis",,"","Buch.-Ham.",Unresolved,,L,WCSP (in review),707970,699243-1,"Numer. List","6841","","1832"
kew-2573952,A,Portulacaceae,,Portulaca,,"lakhonensis",,"","Gagnep.",Unresolved,,L,WCSP (in review),707927,699244-1,"Bull. Soc. Bot. France","56: 41","","1909"
tro-26200086,A,Portulacaceae,,Portulaca,,"lanuginosa",,"","Kunth",Accepted,,M,TRO,26200086,,"Nov. Gen. Sp. (quarto ed.)","6: 74","74","1823"
kew-2573927,A,Portulacaceae,,Portulaca,,"linifolia",,"","Forssk.",Unresolved,,L,WCSP (in review),707902,699255-1,"Fl. Aegypt.-Arab.","92","","1775"
kew-2573942,A,Portulacaceae,,Portulaca,,"linifolia",,"","Roxb.",Unresolved,,L,WCSP (in review),707917,699254-1,"Hort. Bengal.","36","","1814"
tro-50124491,A,Portulacaceae,,Portulaca,,"longiusculotuberculata",,"","Poelln.",Accepted,,M,TRO,50124491,208620-2,"Repert. Spec. Nov. Regni Veg.","33: 161","161","1933"
tro-26200151,A,Portulacaceae,,Portulaca,,"lutea",,"","Sol. ex G. Forster",Accepted,,M,TRO,26200151,,"","","",""
tro-26200648,A,Portulacaceae,,Portulaca,,"macbridei",,"","D. Legrand",Accepted,,M,TRO,26200648,208622-2,"Comun. Bot. Mus. Hist. Nat. Montevideo","2(22): 3, t. 1, f. 4","3","1952"
kew-2573937,A,Portulacaceae,,Portulaca,,"macrantha",,"","Ricceri & Arrigoni",Accepted,,M,WCSP (in review),707912,1015469-1,"Parlatorea","4: 93","","2000"
kew-2573935,A,Portulacaceae,,Portulaca,,"macrorhiza",,"","Zipp. ex Span.",Unresolved,,L,WCSP (in review),707910,699259-1,"Linnaea","15: 207","","1841"
kew-2573936,A,Portulacaceae,,Portulaca,,"macrorhiza",,"","R.Geesink",Unresolved,,L,WCSP (in review),707911,699260-1,"Blumea","17: 293","","1969"
tro-50215862,A,Portulacaceae,,Portulaca,,"macrosperma",,"","D. Legrand",Accepted,,M,TRO,50215862,208623-2,"Comun. Bot. Mus. Hist. Nat. Montevideo","3(33): 1–2, t. 1A","1","1958"
kew-2573932,A,Portulacaceae,,Portulaca,,"maritima",,"","S.G.Gmel.",Unresolved,,L,WCSP (in review),707907,699263-1,"Reise Russland","4: 40","","1784"
tro-50215363,A,Portulacaceae,,Portulaca,,"masonii",,"","D. Legrand",Accepted,,M,TRO,50215363,208625-2,"Comun. Bot. Mus. Hist. Nat. Montevideo","2(22): 1–2, t. 1, f. 1, t. 2","1","1952"
kew-2573929,A,Portulacaceae,,Portulaca,,"massaica",,"","S.M.Phillips",Unresolved,,L,WCSP (in review),707904,1016840-1,"Kew Bull.","55: 689","","2000"
tro-50337670,A,Portulacaceae,,Portulaca,,"matthewsii",,"","G. Ocampo",Accepted,,M,TRO,50337670,329827-2,"Sida","20(4): 1358","1358","2003"
tro-50105153,A,Portulacaceae,,Portulaca,,"mauritiensis",,"","Poelln.",Accepted,,M,TRO,50105153,699266-1,"Repert. Spec. Nov. Regni Veg.","37: 311","311","1934"
kew-2573941,A,Portulacaceae,,Portulaca,,"megalantha",,"","Steud.",Unresolved,,L,WCSP (in review),707916,,"Nomencl. Bot.","ed. 2, 2: 383","","1841"
tro-50214971,A,Portulacaceae,,Portulaca,,"mexicana",,"","P. Wilson",Accepted,,M,TRO,50214971,208626-2,"Torreya","28(2): 29","29","1928"
tro-50215467,A,Portulacaceae,,Portulaca,,"meyeri",,"","D. Legrand",Accepted,,M,TRO,50215467,208627-2,"Comun. Bot. Mus. Hist. Nat. Montevideo","1(15): 8, t. 1, t.2, f. 3","8","1945"
kew-2573976,A,Portulacaceae,,Portulaca,,"microsperma",,"","Domin",Unresolved,,L,WCSP (in review),707951,699273-1,"Biblioth. Bot.","89: 96","","1925"
tro-50215388,A,Portulacaceae,,Portulaca,,"minensis",,"","D. Legrand",Accepted,,M,TRO,50215388,208630-2,"Comun. Bot. Mus. Hist. Nat. Montevideo","2(27): 3–5, f., t. 2","3","1953"
kew-2573973,A,Portulacaceae,,Portulaca,,"minuta",,"","Correll",Unresolved,,L,WCSP (in review),707948,208631-2,"J. Arnold Arbor.","60: 154","","1979"
kew-2573971,A,Portulacaceae,,Portulaca,,"mkatensis",,"","Poelln.",Unresolved,,L,WCSP (in review),707946,699278-1,"Repert. Spec. Nov. Regni Veg.","48: 182","","1940"
kew-2573955,A,Portulacaceae,,Portulaca,,"molokiniensis",,"","Hobdy",Unresolved,,L,WCSP (in review),707930,,"Pacific Sci.","41: 64","","1987 publ. 1988"
kew-2573969,A,Portulacaceae,,Portulaca,,"montevidensis",,"","C.A.Mey. ex Poelln.",Unresolved,,L,WCSP (in review),707944,699279-1,"Repert. Spec. Nov. Regni Veg.","37: 271","","1934"
kew-2573967,A,Portulacaceae,,Portulaca,,"mucronata",,"","Link",Accepted,,M,WCSP (in review),707942,,"Enum. Hort. Berol. Alt.","2: 2","","1822"
tro-50215593,A,Portulacaceae,,Portulaca,,"mucronulata",,"","D. Legrand",Accepted,,M,TRO,50215593,208637-2,"Comun. Bot. Mus. Hist. Nat. Montevideo","1(15): 6, t. 1–2, f. 1","6","1945"
kew-2573962,A,Portulacaceae,,Portulaca,,"napiformis",,"","F.Muell. ex Benth.",Unresolved,,L,WCSP (in review),707937,699285-1,"Fl. Austral.","1: 169","","1863"
kew-2566513,A,Portulacaceae,,Portulaca,,"neumannii",,"","Engl. ex Poelln.",Unresolved,,L,WCSP (in review),700937,699287-1,"Repert. Spec. Nov. Regni Veg.","33: 162","","1933"
kew-2608338,A,Portulacaceae,,Portulaca,,"nicaraguensis",,"","(Danin & H.G.Baker) Danin",Accepted,,M,WCSP (in review),741277,77094196-1,"Lagascalia","26: 73","","2006"
kew-2566514,A,Portulacaceae,,Portulaca,,"nitida",,"","(Danin & H.G.Baker) Ricceri & Arrigoni",Accepted,,M,WCSP (in review),700938,1015466-1,"Parlatorea","4: 93","","2000"
tro-26200649,A,Portulacaceae,,Portulaca,,"nivea",,"","Poelln.",Accepted,,M,TRO,26200649,208644-2,"Revista Sudamer. Bot.","7(6–8): 269","269","1943"
kew-2566510,A,Portulacaceae,,Portulaca,,"nogalensis",,"","Chiov.",Unresolved,,L,WCSP (in review),700934,699289-1,"Fl. Somala","1: 91","","1929"
kew-2566508,A,Portulacaceae,,Portulaca,,"oblonga",,"","Peter",Unresolved,,L,WCSP (in review),700932,699290-1,"Repert. Spec. Nov. Regni Veg. Beih.","40(2, Anh.): 32","","1932"
tro-50215383,A,Portulacaceae,,Portulaca,,"obtusa",,"","Poelln.",Accepted,,M,TRO,50215383,208645-2,"Repert. Spec. Nov. Regni Veg.","33: 162","162","1933"
tro-50215587,A,Portulacaceae,,Portulaca,,"obtusifolia",,"","D. Legrand",Accepted,,M,TRO,50215587,208646-2,"Comun. Bot. Mus. Hist. Nat. Montevideo","3(32): 1–2, t. 1","1","1958"
kew-2566489,A,Portulacaceae,,Portulaca,,"okinawensis",,"","E.Walker & Tawada",Unresolved,,L,WCSP (in review),700913,699294-1,"J. Wash. Acad. Sci.","41: 138","","1951"
kew-2566490,A,Portulacaceae,,Portulaca,,"oleracea",,"","L.",Accepted,,M,WCSP (in review),700914,323270-2,"Sp. Pl.","445","","1753"
kew-2566695,A,Portulacaceae,,Portulaca,,"oligosperma",,"","F.Muell.",Unresolved,,L,WCSP (in review),701118,699296-1,"Fragm.","1: 170","","1859"
kew-2566665,A,Portulacaceae,,Portulaca,,"olosirwa",,"","S.M.Phillips",Unresolved,,L,WCSP (in review),701088,1016841-1,"Kew Bull.","55: 690","","2000"
kew-2566666,A,Portulacaceae,,Portulaca,,"opposita",,"","Poelln.",Unresolved,,L,WCSP (in review),701089,699298-1,"Repert. Spec. Nov. Regni Veg.","49: 216","","1940"
kew-2566667,A,Portulacaceae,,Portulaca,,"pachyrrhiza",,"","Gagnep.",Unresolved,,L,WCSP (in review),701090,699299-1,"Bull. Soc. Bot. France","56: 41","","1909"
kew-2608339,A,Portulacaceae,,Portulaca,,"papillatostellulata",,"","(Danin & H.G.Baker) Danin",Accepted,,M,WCSP (in review),741278,77094201-1,"Lagascalia","26: 76","","2006"
kew-2566679,A,Portulacaceae,,Portulaca,,"papillosa",,"","Sennen",Unresolved,,L,WCSP (in review),701102,699302-1,"Diagn. Nouv.","299","","1936"
tro-50215622,A,Portulacaceae,,Portulaca,,"papulifera",,"","D. Legrand",Accepted,,M,TRO,50215622,208650-2,"Comun. Bot. Mus. Hist. Nat. Montevideo","2(20): 8, f. 3–4","8","1946"
tro-26200782,A,Portulacaceae,,Portulaca,,"papulosa",,"","Schltdl.",Accepted,,M,TRO,26200782,,"Bot. Zeitung (Berlin)","11(38): 671","671","1853"
kew-2566673,A,Portulacaceae,,Portulaca,,"parensis",,"","Poelln.",Unresolved,,L,WCSP (in review),701096,699305-1,"Repert. Spec. Nov. Regni Veg.","48: 185","","1940"
kew-2566674,A,Portulacaceae,,Portulaca,,"parviflora",,"","Griseb.",Unresolved,Spelling variant,L,WCSP (in review),701097,699306-1,"Fl. Brit. W. I.","57","","1859"
kew-2566672,A,Portulacaceae,,Portulaca,,"paucistaminata",,"","Poelln.",Unresolved,,L,WCSP (in review),701095,208656-2,"Repert. Spec. Nov. Regni Veg.","50: 97","","1941"
tro-50124512,A,Portulacaceae,,Portulaca,,"pedicellata",,"","D. Legrand",Accepted,,M,TRO,50124512,208657-2,"Comun. Bot. Mus. Hist. Nat. Montevideo","15: 7, t. 1 f. 2, t. 2 f. 2","7","1945"
tro-26200650,A,Portulacaceae,,Portulaca,,"perennis",,"","R.E. Fr.",Accepted,,M,TRO,26200650,208659-2,"Nova Acta Regiae Soc. Sci. Upsal., ser. 4,","1(1): 151, t. 8, f. 11","151","1905"
kew-2573961,A,Portulacaceae,,Portulaca,,"peteri",,"","Poelln.",Unresolved,,L,WCSP (in review),707936,699315-1,"Repert. Spec. Nov. Regni Veg.","48: 186","","1940"
tro-26200234,A,Portulacaceae,,Portulaca,,"philippii",,"","I.M. Johnst.",Accepted,,M,TRO,26200234,208662-2,"Contr. Gray Herb.","85: 39","39","1929"
kew-2573957,A,Portulacaceae,,Portulaca,,"pilosa",,"","L.",Accepted,,M,WCSP (in review),707932,316354-2,"Sp. Pl.","445","","1753"
tro-50214996,A,Portulacaceae,,Portulaca,,"pilosa",subsp.,"decipiens","(Poelln.) R. Geesink",Accepted,,L,TRO,50214996,,"Blumea","17(2): 297","297","1969"
tro-50215504,A,Portulacaceae,,Portulaca,,"pilosa",f.,"procumbens","(Urb. & Ekman) D. Legrand",Accepted,,L,TRO,50215504,208674-2,"Anales Mus. Nac. Montevideo, ser. 2,","7(3): 81","81","1962"
tro-26200235,A,Portulacaceae,,Portulaca,,"pilosissima",,"","Hook.",Accepted,,M,TRO,26200235,699321-1,"Bot. Misc.","2: 220","220","1831"
kew-2574115,A,Portulacaceae,,Portulaca,,"prolifera",,"","Schumach. & Thonn.",Unresolved,,L,WCSP (in review),708089,699329-1,"Beskr. Guin. Pl.","239","","1827"
tro-50097573,A,Portulacaceae,,Portulaca,,"psammotropha",,"","Hance",Accepted,,M,TRO,50097573,,"Ann. Bot. Syst.","2: 660","660","1851"
kew-2574112,A,Portulacaceae,,Portulaca,,"pseudoquadrifida",,"","Poelln.",Unresolved,,L,WCSP (in review),708086,699332-1,"Repert. Spec. Nov. Regni Veg.","49: 208","","1940"
kew-2574111,A,Portulacaceae,,Portulaca,,"pusilla",,"","Kunth",Accepted,,M,WCSP (in review),708085,699333-1,"Nov. Gen. Sp.","6: 72","","1823"
kew-2574096,A,Portulacaceae,,Portulaca,,"pygmaea",,"","Steyerm.",Accepted,,M,WCSP (in review),708070,283633-2,"Ann. Missouri Bot. Gard.","75: 1058","","1988"
kew-2574109,A,Portulacaceae,,Portulaca,,"quadrifida",,"","L.",Accepted,,M,WCSP (in review),708083,699334-1,"Mant. Pl.","73","","1767"
tro-26200612,A,Portulacaceae,,Portulaca,,"quadrifolia",,"","L.",Unresolved,,L,TRO,26200612,,"","","",""
tro-50215426,A,Portulacaceae,,Portulaca,,"ragonesi",,"","D. Legrand",Accepted,,M,TRO,50215426,208687-2,"Lilloa","17: 333, f. 1, 6, t. 2","333","1949"
kew-2574106,A,Portulacaceae,,Portulaca,,"ramosa",,"","Peter",Unresolved,,L,WCSP (in review),708080,699337-1,"Repert. Spec. Nov. Regni Veg. Beih.","40(2, Anh.): 34","","1938"
kew-2574105,A,Portulacaceae,,Portulaca,,"ramosissima",,"","Poelln.",Unresolved,,L,WCSP (in review),708079,699338-1,"Repert. Spec. Nov. Regni Veg.","50: 64","","1941"
kew-2897109,A,Portulacaceae,,Portulaca,,"rausii",,"","Danin",Accepted,,M,WCSP (in review),1019938,77094889-1,"Fl. Medit.","18: 92","","2008"
kew-2574104,A,Portulacaceae,,Portulaca,,"rediviva",,"","Wawra",Unresolved,,L,WCSP (in review),708078,699339-1,"Sitzungsber. Kaiserl. Akad. Wiss., Math.-Naturwiss. Cl.","38: 564","","1860"
kew-2574101,A,Portulacaceae,,Portulaca,,"remota",,"","Poelln.",Unresolved,,L,WCSP (in review),708075,699342-1,"Repert. Spec. Nov. Regni Veg.","37: 302","","1934"
kew-2574099,A,Portulacaceae,,Portulaca,,"repens",,"","Noronha",Unresolved,,L,WCSP (in review),708073,699344-1,"Verh. Batav. Genootsch. Kunsten","5(4): 25","","1790"
kew-2574100,A,Portulacaceae,,Portulaca,,"repens",,"","Roxb. ex Wight & Arn.",Unresolved,,L,WCSP (in review),708074,699343-1,"Prodr. Fl. Ind. Orient.","356","","1834"
kew-2574097,A,Portulacaceae,,Portulaca,,"rhodesiana",,"","R.A.Dyer & E.A.Bruce",Unresolved,,L,WCSP (in review),708071,699346-1,"Fl. Pl. Africa","27: t. 1069","","1949"
tro-50216467,A,Portulacaceae,,Portulaca,,"rosae",,"","Speg.",Accepted,,M,TRO,50216467,208690-2,"Anales Soc. Ci. Argent.","42: 97","97","1921"
kew-2574110,A,Portulacaceae,,Portulaca,,"rostellata",,"","Brign.",Unresolved,,L,WCSP (in review),708084,,"Linnaea","18: 509","","1845"
tro-50124544,A,Portulacaceae,,Portulaca,,"rotundifolia",,"","R.E. Fr.",Accepted,,M,TRO,50124544,208691-2,"Nova Acta Regiae Soc. Sci. Upsal., ser. 4,","1(1): 149","149","1905"
kew-2574147,A,Portulacaceae,,Portulaca,,"rubens",,"","A.Chev.",Unresolved,,L,WCSP (in review),708120,699353-1,"Explor. Bot. Afrique Occ. Franç.","1: 48","","1920"
kew-2574146,A,Portulacaceae,,Portulaca,,"rubricaulis",,"","Kunth",Accepted,,M,WCSP (in review),708119,323271-2,"Nov. Gen. Sp.","6: 73","","1823"
kew-2574145,A,Portulacaceae,,Portulaca,,"rubriflora",,"","Poelln.",Unresolved,,L,WCSP (in review),708118,699355-1,"Repert. Spec. Nov. Regni Veg.","50: 104","","1941"
tro-50337671,A,Portulacaceae,,Portulaca,,"rzedowskiana",,"","G. Ocampo",Accepted,,M,TRO,50337671,325883-2,"Sida","20(2): 487","487","2002"
kew-2574143,A,Portulacaceae,,Portulaca,,"samhaensis",,"","A.G.Mill.",Unresolved,,L,WCSP (in review),708116,77065874-1,"Ethnofl. Soqotra Archipelago","725","","2004"
kew-2574142,A,Portulacaceae,,Portulaca,,"samoensis",,"","Poelln.",Accepted,,M,WCSP (in review),708115,699356-1,"Repert. Spec. Nov. Regni Veg.","33: 163","","1933"
tro-50215424,A,Portulacaceae,,Portulaca,,"sanctae-martae",,"","Poelln.",Accepted,,M,TRO,50215424,208693-2,"Revista Sudamer. Bot.","7(6–8): 270","270","1943"
kew-2574138,A,Portulacaceae,,Portulaca,,"saxea",,"","Vell.",Unresolved,,L,WCSP (in review),708112,699359-1,"Fl. Flumin.","202","","1829"
kew-2574152,A,Portulacaceae,,Portulaca,,"saxifragoides",,"","Welw. ex Oliv.",Accepted,,M,WCSP (in review),708125,,"Fl. Trop. Afr.","1: 149","","1868"
kew-2574134,A,Portulacaceae,,Portulaca,,"schliebenii",,"","Poelln.",Unresolved,,L,WCSP (in review),708108,699363-1,"Repert. Spec. Nov. Regni Veg.","49: 206","","1940"
tro-26200160,A,Portulacaceae,,Portulaca,,"sclerocarpa",,"","A. Gray",Accepted,,M,TRO,26200160,,"","","",""
kew-2574132,A,Portulacaceae,,Portulaca,,"sedifolia",,"","N.E.Br.",Accepted,,M,WCSP (in review),708106,208695-2,"Trans. Linn. Soc. London, Bot.","6: 19","","1901"
kew-2574130,A,Portulacaceae,,Portulaca,,"sedoides",,"","Welw. ex Oliv.",Accepted,,M,WCSP (in review),708104,,"Fl. Trop. Afr.","1: 149","","1868"
tro-50214980,A,Portulacaceae,,Portulaca,,"sedoides",,"","Welw.",Unresolved,,L,TRO,50214980,,"","","",""
kew-2574128,A,Portulacaceae,,Portulaca,,"setacea",,"","Haw.",Unresolved,,L,WCSP (in review),708102,699368-1,"Misc. Nat.","139","","1803"
kew-2897110,A,Portulacaceae,,Portulaca,,"sicula",,"","Danin, Domina & Raimondo",Unresolved,,L,WCSP (in review),1019939,77094891-1,"Fl. Medit.","18: 92","","2008"
tro-50124559,A,Portulacaceae,,Portulaca,,"simpliciuscula",,"","Mart. ex Rohrb.",Accepted,,M,TRO,50124559,30289862-2,"Fl. Bras.","14(2): 301, pl. 68","301","1872"
tro-26200161,A,Portulacaceae,,Portulaca,,"smallii",,"","P. Wilson",Accepted,,M,TRO,26200161,208698-2,"N. Amer. Fl.","21(4): 335","335","1932"
kew-2897111,A,Portulacaceae,,Portulaca,,"socotrana",,"","Domina & Raimondo",Unresolved,,L,WCSP (in review),1019940,,"Webbia","64: 10","","2009"
kew-2574094,A,Portulacaceae,,Portulaca,,"somalica",,"","N.E.Br.",Unresolved,,L,WCSP (in review),708068,699372-1,"Gard. Chron.","n.s., 1886(2): 134","","1886"
kew-2574052,A,Portulacaceae,,Portulaca,,"splendens",,"","Lindl.",Unresolved,,L,WCSP (in review),708027,699373-1,"Edwards's Bot. Reg.","29: t. 34","","1843"
kew-2574108,A,Portulacaceae,,Portulaca,,"squarrosa",,"","Peter",Unresolved,,L,WCSP (in review),708082,699374-1,"Repert. Spec. Nov. Regni Veg. Beih.","40(2, Anh.): 33","","1938"
kew-2574064,A,Portulacaceae,,Portulaca,,"stelliformis",,"","DC.",Unresolved,,L,WCSP (in review),708038,699375-1,"Prodr.","3: 353","","1828"
tro-50215475,A,Portulacaceae,,Portulaca,,"stellulatotuberculata",,"","Poelln.",Accepted,,M,TRO,50215475,208700-2,"Repert. Spec. Nov. Regni Veg.","37: 288","288","1934"
kew-2574062,A,Portulacaceae,,Portulaca,,"stipitata",,"","D.Legrand",Unresolved,,L,WCSP (in review),708036,208701-2,"Anais Reunião Sul-Amer. Bot.","3: 98","","1940"
tro-50215496,A,Portulacaceae,,Portulaca,,"striata",,"","Poelln.",Accepted,,M,TRO,50215496,208702-2,"Repert. Spec. Nov. Regni Veg.","33: 163","163","1933"
kew-2574059,A,Portulacaceae,,Portulaca,,"stuhlmannii",,"","Poelln.",Unresolved,,L,WCSP (in review),708033,699380-1,"Repert. Spec. Nov. Regni Veg.","33: 164","","1933"
tro-26200162,A,Portulacaceae,,Portulaca,,"suffrutescens",,"","Engelm.",Accepted,,M,TRO,26200162,699381-1,"Bot. Gaz.","6(7): 236","236","1881"
kew-2574053,A,Portulacaceae,,Portulaca,,"sundaensis",,"","Poelln.",Unresolved,,L,WCSP (in review),708028,699386-1,"Repert. Spec. Nov. Regni Veg.","50: 105","","1941"
kew-2574049,A,Portulacaceae,,Portulaca,,"talmyana",,"","Gagnep.",Unresolved,,L,WCSP (in review),708024,699390-1,"Bull. Soc. Bot. France","56: 42","","1909"
kew-2574048,A,Portulacaceae,,Portulaca,,"tenera",,"","Peter",Unresolved,,L,WCSP (in review),708023,699391-1,"Repert. Spec. Nov. Regni Veg. Beih.","40(2, Anh.): 36","","1938"
kew-2574047,A,Portulacaceae,,Portulaca,,"teretifolia",,"","Kunth",Accepted,,M,WCSP (in review),708022,699392-1,"Nov. Gen. Sp.","6: 72","","1823"
tro-50215377,A,Portulacaceae,,Portulaca,,"teretifolia",var.,"cubensis","(Urb.) D. Legrand",Accepted,,L,TRO,50215377,208703-2,"Comun. Bot. Mus. Hist. Nat. Montevideo","2(24): 6–7","6","1952"
kew-2574045,A,Portulacaceae,,Portulaca,,"terraereginae",,"","Poelln.",Unresolved,,L,WCSP (in review),708020,699393-1,"Repert. Spec. Nov. Regni Veg.","48: 117","","1940"
tro-50215637,A,Portulacaceae,,Portulaca,,"thellusonii",,"","Lindl.",Accepted,,M,TRO,50215637,699394-1,"Edwards's Bot. Reg.","t. 31","","1840"
kew-2574043,A,Portulacaceae,,Portulaca,,"tinctoria",,"","Larrañaga",Unresolved,,L,WCSP (in review),708018,208704-2,"Escritos D. A. Larrañaga","2: 161","","1923"
tro-26200236,A,Portulacaceae,,Portulaca,,"tingoensis",,"","J.F. Macbr.",Accepted,,M,TRO,26200236,208705-2,"Publ. Field Mus. Nat. Hist., Bot. Ser.","11(1): 21–22","21","1931"
tro-50215394,A,Portulacaceae,,Portulaca,,"tingoensis",var.,"andina","(D. Legrand) D. Legrand",Accepted,,L,TRO,50215394,208706-2,"Comun. Bot. Mus. Hist. Nat. Montevideo","2(27): 14","14","1953"
tro-26200381,A,Portulacaceae,,Portulaca,,"trianthemoides",,"","Bremek.",Accepted,,M,TRO,26200381,,"","","",""
kew-2574054,A,Portulacaceae,,Portulaca,,"trigona",,"","Thunb.",Unresolved,,L,WCSP (in review),708029,699400-1,"Prodr. Pl. Cap.","85","","1800"
kew-2897112,A,Portulacaceae,,Portulaca,,"trituberculata",,"","Danin, Domina & Raimondo",Accepted,,M,WCSP (in review),1019941,77094888-1,"Fl. Medit.","18: 91","","2008"
tro-50216473,A,Portulacaceae,,Portulaca,,"tuberculata",,"","León",Accepted,,M,TRO,50216473,208708-2,"Contr. Ocas. Mus. Hist. Nat. Colegio ""De La Salle""","9: 3","3","1950"
kew-2574092,A,Portulacaceae,,Portulaca,,"tuberosa",,"","Roxb.",Unresolved,,L,WCSP (in review),708066,699402-1,"Fl. Ind. ed. 1832","2: 464","","1832"
kew-2574090,A,Portulacaceae,,Portulaca,,"umbraticola",,"","Kunth",Accepted,,M,WCSP (in review),708064,323272-2,"Nov. Gen. Sp.","6: 72","","1823"
kew-2574086,A,Portulacaceae,,Portulaca,,"urbaniana",,"","Poelln.",Unresolved,,L,WCSP (in review),708060,208710-2,"Repert. Spec. Nov. Regni Veg.","50: 102","","1941"
kew-2574085,A,Portulacaceae,,Portulaca,,"usambarensis",,"","Poelln.",Unresolved,,L,WCSP (in review),708059,699406-1,"Repert. Spec. Nov. Regni Veg.","48: 189","","1940"
kew-2574083,A,Portulacaceae,,Portulaca,,"verticillata",,"","Sessé & Moc.",Unresolved,,L,WCSP (in review),708057,208712-2,"Fl. Mexic.","ed. 2: 121","","1894"
tro-26200165,A,Portulacaceae,,Portulaca,,"villosa",,"","Cham.",Accepted,,M,TRO,26200165,,"","","",""
kew-2574081,A,Portulacaceae,,Portulaca,,"vilmoriana",,"","H.Lév.",Unresolved,,L,WCSP (in review),708055,699410-1,"Repert. Spec. Nov. Regni Veg.","8: 259","","1910"
kew-2574095,A,Portulacaceae,,Portulaca,,"viridis",,"","DC.",Unresolved,,L,WCSP (in review),708069,699411-1,"Prodr.","3: 353","","1828"
tro-50215605,A,Portulacaceae,,Portulaca,,"werdermannii",,"","Poelln.",Accepted,,M,TRO,50215605,208713-2,"Repert. Spec. Nov. Regni Veg.","33: 164","164","1933"
tro-50214992,A,Portulacaceae,,Portulaca,,"wightiana",,"","Wall. ex Wight & Arn.",Accepted,,M,TRO,50214992,,"Prodr. Fl. Ind. Orient.","356","356","1834"
tro-50302735,A,Portulacaceae,,Portulaca,,"yecorensis",,"","Henrickson & T. Van Devender",Accepted,,M,TRO,50302735,1012425-1,"Sida","18(4): 1002, f. 1–2","1002","1999"
kew-2897113,A,Portulacaceae,,Portulaca,,"zaffranii",,"","Danin",Accepted,,M,WCSP (in review),1019942,77094892-1,"Fl. Medit.","18: 92","","2008"
tro-50163880,A,Portulacaceae,,Schreiteria,,"macrocarpa",,"","(Speg.) Carolin",Accepted,,L,TRO,50163880,915482-1,"Parodiana","3(2): 330","330","1985"
kew-2599098,A,Portulacaceae,,Silvaea,,"capitata",,"","Phil.",Unresolved,,L,WCSP (in review),732378,236488-2,"Anales Univ. Chile","85: 311","","1894"
kew-2599096,A,Portulacaceae,,Silvaea,,"corrigioloides",,"","Phil.",Unresolved,,L,WCSP (in review),732376,699444-1,"Fl. Atacam.","22","","1860"
kew-2599085,A,Portulacaceae,,Silvaea,,"pschyphylla",,"","Phil.",Unresolved,,L,WCSP (in review),732365,699446-1,"Fl. Atacam.","21","","1860"
kew-2599102,A,Portulacaceae,,Spraguea,,"caespitosa",,"","Rydb.",Unresolved,,L,WCSP (in review),732382,243061-2,"N. Amer. Fl.","21: 318","","1932"
kew-2599092,A,Portulacaceae,,Spraguea,,"candicifera",,"","Brockman",Unresolved,,L,WCSP (in review),732372,699448-1,"Fl. Mt. Rainier Natl. Park","76","","1947"
kew-2599091,A,Portulacaceae,,Spraguea,,"eximia",,"","Eastw.",Unresolved,,L,WCSP (in review),732371,699449-1,"Bull. Torrey Bot. Club","30: 486","","1903"
kew-2599090,A,Portulacaceae,,Spraguea,,"hallii",,"","Rydb.",Unresolved,,L,WCSP (in review),732370,243063-2,"N. Amer. Fl.","21: 318","","1932"
kew-2599089,A,Portulacaceae,,Spraguea,,"irregularis",,"","Rydb.",Unresolved,,L,WCSP (in review),732369,243064-2,"N. Amer. Fl.","21: 318","","1932"
kew-2599154,A,Portulacaceae,,Spraguea,,"multiceps",,"","Howell",Unresolved,,L,WCSP (in review),732434,243067-2,"Erythea","1: 39","","1893"
tro-50213902,A,Portulacaceae,,Spraguea,,"nuda",,"","(Greene) Howell",Accepted,,M,TRO,50213902,243068-2,"Erythea","1(2): 39","39","1893"
