﻿ID,Major group,Family,Genus hybrid marker,Genus,Species hybrid marker,Species,Infraspecific rank,Infraspecific epithet,Authorship,Taxonomic status in TPL,Nomenclatural status from original data source,Confidence level,Source,Source id,IPNI id,Publication,Collation,Page,Date
kew-298497,A,Potamogetonaceae,,Althenia,,"filiformis",,"","F.Petit",Accepted,,H,WCSP,298497,602833-1,"Ann. Sci. Observ.","1: 451","","1829"
kew-298499,A,Potamogetonaceae,,Althenia,,"filiformis",var.,"barrandonii","(Duval-Jouve) García-Mur. & Talavera",Accepted,,L,WCSP,298499,953075-1,"Lagascalia","14: 107","","1986"
kew-298502,A,Potamogetonaceae,,Althenia,,"orientalis",,"","(Tzvelev) García-Mur. & Talavera",Accepted,,H,WCSP,298502,943552-1,"Lagascalia","14: 108","","1986"
kew-298503,A,Potamogetonaceae,,Althenia,,"orientalis",subsp.,"betpakdalensis","(Tzvelev) García-Mur. & Talavera",Accepted,,L,WCSP,298503,953076-1,"Lagascalia","14: 112","","1986"
tro-26300401,A,Potamogetonaceae,,Buccaferrea,,"perforatum",,"","Kar.",Unresolved,,L,TRO,26300401,,"","","",""
tro-26300402,A,Potamogetonaceae,,Buccaferrea,,"popovii",,"","Korovin",Unresolved,,L,TRO,26300402,,"","","",""
tro-26300403,A,Potamogetonaceae,,Buccaferrea,,"ramosissimum",,"","Vved.",Unresolved,,L,TRO,26300403,,"","","",""
tro-26300404,A,Potamogetonaceae,,Buccaferrea,,"robustum",,"","Bunge",Unresolved,,L,TRO,26300404,,"","","",""
tro-26300405,A,Potamogetonaceae,,Buccaferrea,,"schelkovnikovii",,"","Grossh.",Unresolved,,L,TRO,26300405,,"","","",""
tro-26300406,A,Potamogetonaceae,,Buccaferrea,,"sieversii",,"","Fisch.",Unresolved,,L,TRO,26300406,,"","","",""
tro-26300407,A,Potamogetonaceae,,Buccaferrea,,"suaveolens",,"","G. Don",Unresolved,,L,TRO,26300407,,"","","",""
tro-26300408,A,Potamogetonaceae,,Buccaferrea,,"tauricum",,"","Spach",Unresolved,,L,TRO,26300408,,"","","",""
tro-26300409,A,Potamogetonaceae,,Buccaferrea,,"tenue",,"","Boiss.",Unresolved,,L,TRO,26300409,,"","","",""
tro-26300410,A,Potamogetonaceae,,Buccaferrea,,"tenuisectum",,"","Lincz. & Vved.",Unresolved,,L,TRO,26300410,,"","","",""
tro-26300411,A,Potamogetonaceae,,Buccaferrea,,"thesioides",,"","G. Don",Unresolved,,L,TRO,26300411,,"","","",""
tro-26300412,A,Potamogetonaceae,,Buccaferrea,,"versicolor",,"","Fisch. & C.A. Mey.",Unresolved,,L,TRO,26300412,,"","","",""
tro-26300414,A,Potamogetonaceae,,Buccaferrea,,"villosum",,"","G. Don",Unresolved,,L,TRO,26300414,,"","","",""
tro-26300415,A,Potamogetonaceae,,Buccaferrea,,"vvedenskyi",,"","Nevski",Unresolved,,L,TRO,26300415,,"","","",""
kew-309909,A,Potamogetonaceae,,Groenlandia,,"densa",,"","(L.) Fourr.",Accepted,,H,WCSP,309909,602950-1,"Ann. Soc. Linn. Lyon","n.s., 17: 169","","1869"
kew-308190,A,Potamogetonaceae,,Lepilaena,,"australis",,"","J.Drumm. ex Harv.",Accepted,,H,WCSP,308190,602975-1,"Hooker's J. Bot. Kew Gard. Misc.","7: 58","","1855"
kew-280076,A,Potamogetonaceae,,Lepilaena,,"bilocularis",,"","Kirk",Accepted,,H,WCSP,280076,699617-1,"Trans. & Proc. New Zealand Inst.","28: 500","","1895 publ. 1896"
kew-308192,A,Potamogetonaceae,,Lepilaena,,"cylindrocarpa",,"","(Körn. ex Müll.Stuttg.) Benth.",Accepted,,H,WCSP,308192,602977-1,"Fl. Austral.","7: 180","","1878"
kew-334987,A,Potamogetonaceae,,Lepilaena,,"marina",,"","E.L.Robertson",Accepted,,H,WCSP,334987,1004034-1,"Marine Benthic Fl. South. Australia","1: 80","","1984"
kew-334988,A,Potamogetonaceae,,Lepilaena,,"patentifolia",,"","E.L.Robertson",Accepted,,H,WCSP,334988,931211-1,"in Fl. S. Australia","4: 1736","","1986"
kew-308193,A,Potamogetonaceae,,Lepilaena,,"preissii",,"","(Lehm.) F.Muell.",Accepted,,H,WCSP,308193,602979-1,"Fragm.","8: 217","","1874"
kew-464070,A,Potamogetonaceae,,Potamogeton,×,"absconditus",,"","Z.Kaplan, Fehrer & Hellq.",Accepted,,H,WCSP,464070,77105860-1,"Syst. Bot.","34: 631","","2009"
kew-308474,A,Potamogetonaceae,,Potamogeton,,"acutifolius",,"","Link ex Roem. & Schult.",Accepted,,H,WCSP,308474,,"Syst. Veg.","3: 513","","1818"
kew-464068,A,Potamogetonaceae,,Potamogeton,×,"aemulans",,"","Z.Kaplan, Hellq. & Fehrer",Accepted,,H,WCSP,464068,77105857-1,"Syst. Bot.","34: 628","","2009"
kew-284451,A,Potamogetonaceae,,Potamogeton,,"alpinus",,"","Hegetschw.",Unresolved,,L,WCSP,284451,,"Fl. Schweiz","139","","1839"
kew-308479,A,Potamogetonaceae,,Potamogeton,,"alpinus",,"","Balb.",Accepted,,H,WCSP,308479,603114-1,"Misc. Bot.","13","","1803 publ. 1804"
kew-292457,A,Potamogetonaceae,,Potamogeton,,"alpinus",subsp.,"tenuifolius","(Raf.) Hultén",Accepted,,L,WCSP,292457,208742-2,"Fl. Aleutian Isl.","65","","1937"
kew-308484,A,Potamogetonaceae,,Potamogeton,,"amplifolius",,"","Tuck.",Accepted,,H,WCSP,308484,,"Amer. J. Sci. Arts","45: 38","","1843"
kew-284464,A,Potamogetonaceae,,Potamogeton,×,"anguillanus",,"","Koidz.",Accepted,,H,WCSP,284464,699628-1,"Bot. Mag. (Tokyo)","43: 398","","1929"
tro-26300358,A,Potamogetonaceae,,Potamogeton,,"anguillanus",,"","Koidz.",Unresolved,,L,TRO,26300358,,"","","",""
kew-308485,A,Potamogetonaceae,,Potamogeton,×,"angustifolius",,"","J.Presl",Accepted,,H,WCSP,308485,603122-1,"Prir. Rostlin","1(Zabnj.): 19","","1821"
tro-26300271,A,Potamogetonaceae,,Potamogeton,,"angustifolius",,"","Bercht. & J. Presl",Unresolved,,L,TRO,26300271,,"Prir. Rostlin","19","19","1821"
kew-284465,A,Potamogetonaceae,,Potamogeton,,"antaicus",,"","Hagstr.",Accepted,,H,WCSP,284465,699630-1,"Kongl. Svenska Vetensk. Acad. Handl.","n.s., 55(5): 105","","1916"
kew-284466,A,Potamogetonaceae,,Potamogeton,×,"apertus",,"","Miki",Accepted,,H,WCSP,284466,699631-1,"Bot. Mag. (Tokyo)","49: 690","","1935"
kew-463959,A,Potamogetonaceae,,Potamogeton,×,"assidens",,"","Z.Kaplan, Zalewska-Gał. & Ronikier",Accepted,,H,WCSP,463959,77104754-1,"Taxon","59: 562","","2010"
kew-284521,A,Potamogetonaceae,,Potamogeton,×,"attenuatus",,"","Hagstr.",Accepted,,H,WCSP,284521,289151-2,"Kongl. Svenska Vetensk. Acad. Handl.","n.s., 55(5): 112","","1916"
kew-284477,A,Potamogetonaceae,,Potamogeton,,"australiensis",,"","A.Benn.",Accepted,,H,WCSP,284477,699635-1,"J. Bot.","48: 149","","1910"
kew-308495,A,Potamogetonaceae,,Potamogeton,×,"bennettii",,"","Fryer",Accepted,,H,WCSP,308495,603132-1,"J. Bot.","33: 348","","1895"
kew-308496,A,Potamogetonaceae,,Potamogeton,,"berchtoldii",,"","Fieber",Accepted,,H,WCSP,308496,,"Oekon.-Techn. Fl. Böhm.","reimpr. 2(1): 40","","1838"
kew-464071,A,Potamogetonaceae,,Potamogeton,,"berchtoldii",subsp.,"clystocarpus","(Fernald) Les & Tippery",Accepted,,L,WCSP,464071,77105861-1,"Syst. Bot.","34: 650","","2009"
kew-464072,A,Potamogetonaceae,,Potamogeton,,"berchtoldii",subsp.,"gemmiparus","(J.W.Robbins) Les & Tippery",Accepted,,L,WCSP,464072,77105862-1,"Syst. Bot.","34: 650","","2009"
kew-284503,A,Potamogetonaceae,,Potamogeton,,"bicupulatus",,"","Fernald",Accepted,,H,WCSP,284503,208765-2,"Mem. Gray Herb.","3: 112","","1932"
kew-308499,A,Potamogetonaceae,,Potamogeton,,"bifolius",,"","Lapeyr.",Unresolved,,L,WCSP,308499,603136-1,"Hist. Pl. Pyrénées","Suppl.: 27","","1818"
kew-284514,A,Potamogetonaceae,,Potamogeton,,"biformis",,"","Hagstr.",Accepted,,H,WCSP,284514,699645-1,"Kongl. Svenska Vetensk. Acad. Handl.","n.s., 55(5): 247","","1916"
kew-284515,A,Potamogetonaceae,,Potamogeton,×,"bifrons",,"","Hagstr.",Unresolved,,L,WCSP,284515,699646-1,"Skand. Fl.","1: 93","","1922"
kew-308501,A,Potamogetonaceae,,Potamogeton,×,"billupsii",,"","Fryer",Accepted,,H,WCSP,308501,603138-1,"J. Bot.","31: 353","","1893"
kew-284516,A,Potamogetonaceae,,Potamogeton,×,"biwaensis",,"","Miki",Accepted,,H,WCSP,284516,699647-1,"Bot. Mag. (Tokyo)","48: 326","","1934"
kew-284513,A,Potamogetonaceae,,Potamogeton,×,"cadburyae",,"","Dandy & G.Taylor",Accepted,,H,WCSP,284513,699653-1,"Kew Bull.","12: 332","","1957"
kew-308513,A,Potamogetonaceae,,Potamogeton,,"chamissoi",,"","A.Benn.",Accepted,,H,WCSP,308513,603152-1,"J. Bot.","42: 74","","1904"
kew-308514,A,Potamogetonaceae,,Potamogeton,,"cheesemanii",,"","A.Benn.",Accepted,,H,WCSP,308514,603153-1,"J. Bot.","21: 66","","1883"
kew-285455,A,Potamogetonaceae,,Potamogeton,,"chongyangensis",,"","W.X.Wang",Accepted,,H,WCSP,285455,905017-1,"Acta Phytotax. Sin.","22: 490","","1984"
kew-308516,A,Potamogetonaceae,,Potamogeton,×,"cognatus",,"","Asch. & Graebn.",Accepted,,H,WCSP,308516,289152-2,"Syn. Mitteleur. Fl.","1: 317","","1897"
kew-285981,A,Potamogetonaceae,,Potamogeton,,"coloratus",,"","Hornem.",Accepted,,H,WCSP,285981,,"Fl. Dan.","9: t. 1449","","1813"
kew-308518,A,Potamogetonaceae,,Potamogeton,,"compressus",,"","L.",Accepted,,H,WCSP,308518,323118-2,"Sp. Pl.","127","","1753"
kew-308520,A,Potamogetonaceae,,Potamogeton,,"confervoides",,"","Rchb.",Accepted,,H,WCSP,308520,603164-1,"Icon. Fl. Germ. Helv.","7: 13","","1845"
kew-284491,A,Potamogetonaceae,,Potamogeton,×,"confinis",,"","Hagstr.",Unresolved,,L,WCSP,284491,699661-1,"Kongl. Svenska Vetensk. Acad. Handl.","n.s., 55(5): 97","","1916"
kew-284493,A,Potamogetonaceae,,Potamogeton,×,"cooperi",,"","(Fryer) Fryer",Accepted,,H,WCSP,284493,699663-1,"Bot. Soc. Exch. Club Brit. Isles","1: 497","","1897"
kew-308529,A,Potamogetonaceae,,Potamogeton,,"crispus",,"","L.",Accepted,,H,WCSP,308529,323116-2,"Sp. Pl.","126","","1753"
kew-308530,A,Potamogetonaceae,,Potamogeton,,"cristatus",,"","Regel & Maack",Accepted,,H,WCSP,308530,603176-1,"Tent. Fl. Ussur.","139","","1861"
kew-308537,A,Potamogetonaceae,,Potamogeton,,"delavayi",,"","A.Benn.",Accepted,,H,WCSP,308537,603183-1,"J. Bot.","30: 228","","1892"
kew-284498,A,Potamogetonaceae,,Potamogeton,×,"deminutus",,"","Hagstr.",Accepted,,H,WCSP,284498,289150-2,"Kongl. Svenska Vetensk. Acad. Handl.","n.s., 55(5): 209","","1916"
kew-308545,A,Potamogetonaceae,,Potamogeton,,"distinctus",,"","A.Benn.",Accepted,,H,WCSP,308545,603192-1,"J. Bot.","42: 72","","1904"
kew-308547,A,Potamogetonaceae,,Potamogeton,,"diversifolius",,"","Raf.",Accepted,,H,WCSP,308547,208782-2,"Med. Repos.","II, 5: 354","","1808"
kew-308549,A,Potamogetonaceae,,Potamogeton,,"drummondii",,"","Benth.",Accepted,,H,WCSP,308549,603196-1,"Fl. Austral.","7: 171","","1878"
kew-308552,A,Potamogetonaceae,,Potamogeton,,"epihydrus",,"","Raf.",Accepted,,H,WCSP,308552,30070809-2,"Med. Repos.","5: 354","","1808"
kew-466152,A,Potamogetonaceae,,Potamogeton,×,"exilis",,"","Z.Kaplan & Uotila",Accepted,,H,WCSP,466152,77114857-1,"Nordic J. Bot.","29: 478","","2011"
kew-284691,A,Potamogetonaceae,,Potamogeton,×,"faurei",,"","(A.Benn.) Miki",Accepted,,H,WCSP,284691,,"Stud. Hist. Nat. Monuments Kyohotu","18","","1937"
kew-308558,A,Potamogetonaceae,,Potamogeton,×,"faxonii",,"","Morong",Accepted,,H,WCSP,308558,208793-2,"Mem. Torrey Bot. Club","3(2): 22","","1893"
kew-284693,A,Potamogetonaceae,,Potamogeton,,"ferrugineus",,"","Hagstr.",Accepted,,H,WCSP,284693,208794-2,"Kongl. Svenska Vetensk. Acad. Handl.","n.s., 55(5): 161","","1916"
kew-308562,A,Potamogetonaceae,,Potamogeton,,"filiformis",,"","Raf.",Unresolved,,L,WCSP,308562,603212-1,"Med. Repos.","III, 2: 409","","1811"
kew-284697,A,Potamogetonaceae,,Potamogeton,,"flexuosus",,"","Hegetschw.",Unresolved,,L,WCSP,284697,,"Fl. Schweiz","140","","1839"
kew-308568,A,Potamogetonaceae,,Potamogeton,,"floridanus",,"","Small",Accepted,,H,WCSP,308568,208804-2,"Fl. S.E. U.S.","37","","1903"
kew-308569,A,Potamogetonaceae,,Potamogeton,×,"fluitans",,"","Roth",Accepted,,H,WCSP,308569,603220-1,"Tent. Fl. Germ.","1: 72","","1788"
tro-26300051,A,Potamogetonaceae,,Potamogeton,,"fluitans",,"","Roth",Unresolved,,L,TRO,26300051,,"Tent. Fl. Germ.","1: 72","72","1788"
kew-308570,A,Potamogetonaceae,,Potamogeton,,"foliosus",,"","Raf.",Accepted,,H,WCSP,308570,208806-2,"Med. Repos.","5: 354","","1808"
kew-285215,A,Potamogetonaceae,,Potamogeton,,"foliosus",subsp.,"fibrillosus","(Fernald) R.R.Haynes & Hellq.",Accepted,,L,WCSP,285215,993239-1,"Novon","6: 370","","1996"
kew-285453,A,Potamogetonaceae,,Potamogeton,,"fontigenus",,"","Y.H.Guo, X.Z.Sun & H.Q.Wang",Accepted,,H,WCSP,285453,906905-1,"Bull. Bot. Res., Harbin","5(2): 133","","1985"
kew-284700,A,Potamogetonaceae,,Potamogeton,×,"franconicus",,"","G.Fisch.",Accepted,,H,WCSP,284700,,"Ber. Bayer. Bot. Ges.","11: 123","","1907"
kew-308571,A,Potamogetonaceae,,Potamogeton,,"friesii",,"","Rupr.",Accepted,,H,WCSP,308571,208813-2,"Beitr. Pflanzenk. Russ. Reiches","4: 43","","1847"
kew-284701,A,Potamogetonaceae,,Potamogeton,,"fryeri",,"","A.Benn.",Accepted,,H,WCSP,284701,699688-1,"J. Bot.","45: 234","","1907"
kew-337512,A,Potamogetonaceae,,Potamogeton,,"fulvus",,"","Riddell",Unresolved,,L,WCSP,337512,60437794-2,"New Orleans Med. Surg. J.","9: 615","","1853"
kew-284703,A,Potamogetonaceae,,Potamogeton,×,"gallicus",,"","Hagstr.",Unresolved,,L,WCSP,284703,699690-1,"Kongl. Svenska Vetensk. Acad. Handl.","n.s., 55(5): 118","","1916"
kew-308573,A,Potamogetonaceae,,Potamogeton,,"gayi",,"","A.Benn.",Accepted,,H,WCSP,308573,208814-2,"Ann. K. K. Naturhist. Hofmus.","7: 293","","1892"
kew-284680,A,Potamogetonaceae,,Potamogeton,×,"gessnacensis",,"","G.Fisch.",Accepted,,H,WCSP,284680,,"Mitt. Bayer. Bot. Ges.","1: 472","","1905"
tro-50207730,A,Potamogetonaceae,,Potamogeton,,"gessnacensis",,"","G. Fisch.",Unresolved,,L,TRO,50207730,,"","","",""
kew-308575,A,Potamogetonaceae,,Potamogeton,,"glaucus",,"","Gueldenst.",Unresolved,,L,WCSP,308575,603229-1,"Reis. Russland","1: 49","","1787"
kew-308578,A,Potamogetonaceae,,Potamogeton,,"gramineus",,"","L.",Accepted,,H,WCSP,308578,323120-2,"Sp. Pl.","127","","1753"
kew-308580,A,Potamogetonaceae,,Potamogeton,×,"griffithii",,"","A.Benn.",Accepted,,H,WCSP,308580,603239-1,"J. Bot.","21: 65","","1883"
kew-284694,A,Potamogetonaceae,,Potamogeton,×,"grovesii",,"","Dandy & G.Taylor",Accepted,,H,WCSP,284694,699693-1,"Watsonia","6: 316","","1967"
kew-292519,A,Potamogetonaceae,,Potamogeton,×,"hagstromii",,"","A.Benn.",Accepted,,H,WCSP,292519,208823-2,"Trans. & Proc. Bot. Soc. Edinburgh","29: 51","","1924"
kew-285562,A,Potamogetonaceae,,Potamogeton,×,"haynesii",,"","Hellq. & G.E.Crow",Accepted,,H,WCSP,285562,931110-1,"Brittonia","38: 415","","1986"
tro-26300533,A,Potamogetonaceae,,Potamogeton,,"herchtoldii",,"","Fieber",Unresolved,,L,TRO,26300533,,"","","",""
kew-284677,A,Potamogetonaceae,,Potamogeton,×,"heslop-harrisonii",,"","W.A.Clark",Unresolved,,L,WCSP,284677,699700-1,"Proc. Univ. Durham Philos. Soc.","10: 368","","1946"
kew-463804,A,Potamogetonaceae,,Potamogeton,,"heterocaulis",,"","Z.S.Diao",Accepted,,H,WCSP,463804,77107885-1,"J. Yuzhou Univ., Nat. Sci. Ed.","11: 1","","1994"
kew-308589,A,Potamogetonaceae,,Potamogeton,,"hillii",,"","Morong",Accepted,,H,WCSP,308589,603249-1,"Bot. Gaz.","6: 290","","1881"
kew-284679,A,Potamogetonaceae,,Potamogeton,,"hoggarensis",,"","Dandy",Accepted,,H,WCSP,284679,699702-1,"J. Linn. Soc., Bot.","50: 522","","1937"
kew-308594,A,Potamogetonaceae,,Potamogeton,,"illinoensis",,"","Morong",Accepted,,H,WCSP,308594,283635-2,"Bot. Gaz.","5: 50","","1880"
kew-285473,A,Potamogetonaceae,,Potamogeton,×,"inbaensis",,"","Kadono",Accepted,,H,WCSP,285473,902833-1,"Acta Phytotax. Geobot.","34: 54","","1983"
kew-284684,A,Potamogetonaceae,,Potamogeton,×,"intermedius",,"","G.Fisch.",Unresolved,,L,WCSP,284684,,"Ber. Bayer. Bot. Ges.","11: 28","","1907"
kew-285594,A,Potamogetonaceae,,Potamogeton,,"intortusifolius",,"","J.B.He, L.Y.Zhou & H.Q.Wang",Accepted,,H,WCSP,285594,935158-1,"Bull. Bot. Res., Harbin","8(3): 125","","1988"
kew-284713,A,Potamogetonaceae,,Potamogeton,,"iriomotensis",,"","Masam.",Accepted,,H,WCSP,284713,699710-1,"Trans. Nat. Hist. Soc. Taiwan","24: 281","","1934"
kew-312092,A,Potamogetonaceae,,Potamogeton,,"iwatensis",,"","Makino",Unresolved,,L,WCSP,312092,,"J. Jap. Bot.","7: 15","","1931"
kew-468023,A,Potamogetonaceae,,Potamogeton,×,"jacobsii",,"","Z.Kaplan, Fehrer & Hellq.",Accepted,,H,WCSP,468023,77111427-1,"Telopea","13: 253","","2011"
kew-466153,A,Potamogetonaceae,,Potamogeton,×,"jutlandicus",,"","Zalewska-Gał.",Accepted,,H,WCSP,466153,77114856-1,"Nordic J. Bot.","29: 474","","2011"
kew-285456,A,Potamogetonaceae,,Potamogeton,,"juzepczukii",,"","P.I.Dorof. & Tzvelev",Accepted,,H,WCSP,285456,902835-1,"Novosti Sist. Vyssh. Rast.","20: 4","","1983"
kew-284723,A,Potamogetonaceae,,Potamogeton,×,"kamogawaensis",,"","Miki",Accepted,,H,WCSP,284723,699713-1,"Bot. Mag. (Tokyo)","48: 328","","1934"
kew-463805,A,Potamogetonaceae,,Potamogeton,,"kashiensis",,"","Z.S.Diao",Accepted,,H,WCSP,463805,77107886-1,"J. Yuzhou Univ., Nat. Sci. Ed.","12: 1","","1995"
kew-285609,A,Potamogetonaceae,,Potamogeton,×,"kyushuensis",,"","Kadono & Wiegleb",Accepted,,H,WCSP,285609,931813-1,"J. Jap. Bot.","62: 76","","1987"
tro-50179202,A,Potamogetonaceae,,Potamogeton,,"kyushuensis",,"","Kadono & Wiegleb",Unresolved,,L,TRO,50179202,,"","","",""
kew-469177,A,Potamogetonaceae,,Potamogeton,,"lacunatifolius",,"","Papch.",Accepted,,H,WCSP,469177,,"Veg. Watercourses Middle-Povolzhya","64","","2001"
kew-285034,A,Potamogetonaceae,,Potamogeton,×,"lanceolatifolius",,"","(Tiselius) C.D.Preston",Accepted,,H,WCSP,285034,944170-1,"Watsonia","16: 437","","1987"
kew-308603,A,Potamogetonaceae,,Potamogeton,×,"lanceolatus",,"","Sm.",Accepted,,H,WCSP,308603,603269-1,"Engl. Bot.","t. 1985","","1809"
kew-284727,A,Potamogetonaceae,,Potamogeton,×,"leptocephalus",,"","Koidz.",Accepted,,H,WCSP,284727,699717-1,"Fl. Satsum.","2: 102","","1931"
kew-292351,A,Potamogetonaceae,,Potamogeton,,"linguatus",,"","Hagstr.",Accepted,,H,WCSP,292351,208853-2,"Öfvers. Kongl. Vetensk.-Akad. Förh.","58: 259","","1901"
kew-371075,A,Potamogetonaceae,,Potamogeton,×,"lintonii",,"","Fryer",Accepted,,H,WCSP,371075,,"J. Bot.","38: 366","","1900"
kew-284722,A,Potamogetonaceae,,Potamogeton,,"loculosus",,"","Hagstr.",Unresolved,,L,WCSP,284722,699722-1,"Kongl. Svenska Vetensk. Acad. Handl.","n.s., 55(5): 120","","1916"
kew-308622,A,Potamogetonaceae,,Potamogeton,,"lucens",,"","L.",Accepted,,H,WCSP,308622,208858-2,"Sp. Pl.","126","","1753"
kew-308625,A,Potamogetonaceae,,Potamogeton,,"maackianus",,"","A.Benn.",Accepted,,H,WCSP,308625,603293-1,"J. Bot.","42: 74","","1904"
kew-468435,A,Potamogetonaceae,,Potamogeton,×,"maemetsiae",,"","Zalewska-Gał. & Ronikier",Accepted,,H,WCSP,468435,,"Preslia","83: 267","","2011"
kew-284730,A,Potamogetonaceae,,Potamogeton,×,"malainoides",,"","Miki",Accepted,,H,WCSP,284730,,"Stud. Hist. Nat. Monuments Kyohotu","18","","1937"
kew-284706,A,Potamogetonaceae,,Potamogeton,,"mandschuriensis",,"","(A.Benn.) A.Benn.",Accepted,,H,WCSP,284706,699733-1,"Trans. & Proc. Bot. Soc. Edinburgh","29: 50","","1924"
tro-26300377,A,Potamogetonaceae,,Potamogeton,,"manschuriensis",,"","Bennell",Unresolved,,L,TRO,26300377,,"","","",""
kew-308629,A,Potamogetonaceae,,Potamogeton,,"marianensis",,"","Cham. & Schltdl.",Accepted,,H,WCSP,308629,603298-1,"Linnaea","2: 228","","1827"
kew-285233,A,Potamogetonaceae,,Potamogeton,×,"mariensis",,"","Papch.",Accepted,,H,WCSP,285233,1001810-1,"Bot. Zhurn. (Moscow & Leningrad)","82(12): 71","","1997"
tro-26300534,A,Potamogetonaceae,,Potamogeton,,"maritima",,"","L.",Accepted,,M,TRO,26300534,,"","","",""
kew-464069,A,Potamogetonaceae,,Potamogeton,×,"mirabilis",,"","Z.Kaplan, Hellq. & Fehrer",Accepted,,H,WCSP,464069,77105858-1,"Syst. Bot.","34: 630","","2009"
tro-26300175,A,Potamogetonaceae,,Potamogeton,,"montanense",,"","Gand.",Unresolved,,L,TRO,26300175,,"Bull. Soc. Bot. France","66(7): 304","304","1919"
kew-308638,A,Potamogetonaceae,,Potamogeton,,"montevidensis",,"","A.Benn.",Accepted,,H,WCSP,308638,208871-2,"Ann. K. K. Naturhist. Hofmus.","7: 293","","1892"
tro-50097033,A,Potamogetonaceae,,Potamogeton,,"monticola",,"","Schwein.",Unresolved,,L,TRO,50097033,,"Ann. K. K. Naturhist. Hofmus.","7: 293","293","1892"
kew-469178,A,Potamogetonaceae,,Potamogeton,×,"mucronulatus",,"","(G.Fisch.) Papch.",Accepted,,H,WCSP,469178,,"Veg. Watercourses Middle-Povolzhya","64","","2001"
kew-308641,A,Potamogetonaceae,,Potamogeton,×,"mysticus",,"","Morong",Accepted,,H,WCSP,308641,603318-1,"Bot. Gaz.","5: 50","","1880"
kew-308642,A,Potamogetonaceae,,Potamogeton,,"natans",,"","L.",Accepted,,H,WCSP,308642,208872-2,"Sp. Pl.","126","","1753"
tro-26300379,A,Potamogetonaceae,,Potamogeton,×,"nerbiger",,"","Wolfg.",Unresolved,,L,TRO,26300379,,"","","",""
kew-284717,A,Potamogetonaceae,,Potamogeton,×,"nericius",,"","Hagstr.",Accepted,,H,WCSP,284717,699744-1,"Kongl. Svenska Vetensk. Acad. Handl.","n.s., 55(5): 145","","1916"
kew-308643,A,Potamogetonaceae,,Potamogeton,×,"nerviger",,"","Wolfg.",Accepted,,H,WCSP,308643,,"Mant.","3: 359","","1827"
kew-308647,A,Potamogetonaceae,,Potamogeton,×,"nitens",,"","Weber",Accepted,,H,WCSP,308647,,"Suppl. Fl. Holsat.","11","","1787"
kew-308649,A,Potamogetonaceae,,Potamogeton,,"nodosus",,"","Poir.",Accepted,,H,WCSP,308649,603330-1,"Encycl.","Suppl. 4: 535","","1816"
kew-285180,A,Potamogetonaceae,,Potamogeton,,"nomotoensis",,"","Kadono & T.Nog.",Accepted,,H,WCSP,285180,960438-1,"Acta Phytotax. Geobot.","42: 175","","1991"
kew-308652,A,Potamogetonaceae,,Potamogeton,,"oakesianus",,"","J.W.Robbins",Accepted,,H,WCSP,308652,,"Manual","ed. 5: 485","","1867"
kew-284653,A,Potamogetonaceae,,Potamogeton,,"oblongus",,"","Hegetschw.",Unresolved,,L,WCSP,284653,,"Fl. Schweiz","138","","1839"
kew-292369,A,Potamogetonaceae,,Potamogeton,,"obtusifolius",,"","Mert. & W.D.J.Koch",Accepted,,H,WCSP,292369,208883-2,"Deutschl. Fl.","ed. 3, 1: 855","","1823"
kew-308661,A,Potamogetonaceae,,Potamogeton,,"ochreatus",,"","Raoul",Accepted,,H,WCSP,308661,603343-1,"Ann. Sci. Nat., Bot.","III, 2: 117","","1844"
kew-308662,A,Potamogetonaceae,,Potamogeton,,"octandrus",,"","Poir.",Accepted,,H,WCSP,308662,603344-1,"Encycl.","Suppl. 4: 534","","1816"
kew-310308,A,Potamogetonaceae,,Potamogeton,,"octandrus",var.,"mizuhikimo","(Makino) H.Hara",Accepted,,L,WCSP,310308,,"J. Jap. Bot.","20: 331","","1944"
kew-285465,A,Potamogetonaceae,,Potamogeton,,"ogdenii",,"","Hellq. & R.L.Hilton",Accepted,,H,WCSP,285465,208884-2,"Syst. Bot.","8: 88","","1983"
kew-284738,A,Potamogetonaceae,,Potamogeton,×,"olivaceus",,"","Baagøe ex G.Fisch.",Accepted,,H,WCSP,284738,,"Ber. Bayer. Bot. Ges.","11: 33","","1907"
kew-284685,A,Potamogetonaceae,,Potamogeton,×,"orientalis",,"","Hagstr.",Accepted,,H,WCSP,284685,699751-1,"Bot. Not.","1908: 102","","1908"
tro-50289149,A,Potamogetonaceae,,Potamogeton,,"orientalis",,"","Hagstr.",Unresolved,,L,TRO,50289149,,"","","",""
kew-308667,A,Potamogetonaceae,,Potamogeton,,"oxyphyllus",,"","Miq.",Accepted,,H,WCSP,308667,603349-1,"Ann. Mus. Bot. Lugduno-Batavi","3: 161","","1867"
kew-284617,A,Potamogetonaceae,,Potamogeton,,"pallidus",,"","Lojac.",Unresolved,,L,WCSP,284617,699754-1,"Fl. Sicul.","3: 189","","1909"
kew-285201,A,Potamogetonaceae,,Potamogeton,,"papuanicus",,"","G.Wiegleb",Accepted,,H,WCSP,285201,971950-1,"Blumea","37: 379","","1993"
kew-285409,A,Potamogetonaceae,,Potamogeton,,"paramoanus",,"","R.R.Haynes & Holm-Niels.",Accepted,,H,WCSP,285409,208887-2,"Syst. Bot.","7: 498","","1982"
kew-284618,A,Potamogetonaceae,,Potamogeton,,"parmatus",,"","Hagstr.",Accepted,,H,WCSP,284618,699755-1,"Bot. Not.","1908: 97","","1908"
kew-308679,A,Potamogetonaceae,,Potamogeton,,"perfoliatus",,"","L.",Accepted,,H,WCSP,308679,208899-2,"Sp. Pl.","126","","1753"
kew-284620,A,Potamogetonaceae,,Potamogeton,×,"perplexus",,"","A.Benn.",Unresolved,,L,WCSP,284620,289146-2,"Trans. & Proc. Bot. Soc. Edinburgh","29: 53","","1924"
kew-308680,A,Potamogetonaceae,,Potamogeton,,"petiolaris",,"","Raf.",Unresolved,,L,WCSP,308680,603364-1,"Med. Repos.","III, 2: 409","","1811"
kew-284623,A,Potamogetonaceae,,Potamogeton,×,"philippinensis",,"","A.Benn.",Accepted,,H,WCSP,284623,699760-1,"Philipp. J. Sci., C","9: 342","","1914"
kew-308686,A,Potamogetonaceae,,Potamogeton,,"polygonifolius",,"","Pourr.",Accepted,,H,WCSP,308686,603369-1,"Mém. Acad. Sci. Toulouse","3: 325","","1788"
kew-308687,A,Potamogetonaceae,,Potamogeton,,"polygonus",,"","Cham.",Accepted,,H,WCSP,308687,323122-2,"Linnaea","2: 184","","1827"
kew-308689,A,Potamogetonaceae,,Potamogeton,,"praelongus",,"","Wulfen",Accepted,,H,WCSP,308689,603374-1,"Arch. Bot. (Leipzig)","3(3): 331","","1805"
kew-284527,A,Potamogetonaceae,,Potamogeton,×,"prussicus",,"","Hagstr.",Accepted,,H,WCSP,284527,699766-1,"Bot. Not.","1908: 103","","1908"
kew-284529,A,Potamogetonaceae,,Potamogeton,×,"pseudofriesii",,"","Dandy & G.Taylor",Accepted,,H,WCSP,284529,699768-1,"Kew Bull.","12: 332","","1957"
kew-469182,A,Potamogetonaceae,,Potamogeton,×,"pseudosarmaticus",,"","Papch.",Accepted,,H,WCSP,469182,,"Veg. Watercourses Middle-Povolzhya","63","","2001"
kew-308694,A,Potamogetonaceae,,Potamogeton,,"pulcher",,"","Tuck.",Accepted,,H,WCSP,308694,603377-1,"Amer. J. Sci. Arts","45: 38","","1843"
tro-26300338,A,Potamogetonaceae,,Potamogeton,,"punense",,"","A. Galán",Accepted,,M,TRO,26300338,283638-2,"Phytologia","64: 495","495","1988"
kew-308698,A,Potamogetonaceae,,Potamogeton,,"pusillus",,"","L.",Accepted,,H,WCSP,308698,208919-2,"Sp. Pl.","127","","1753"
kew-284534,A,Potamogetonaceae,,Potamogeton,,"quinquenervius",,"","Hagstr.",Accepted,,H,WCSP,284534,699773-1,"Kongl. Svenska Vetensk. Acad. Handl.","n.s., 55(5): 130","","1916"
kew-292416,A,Potamogetonaceae,,Potamogeton,×,"rectifolius",,"","A.Benn.",Accepted,,H,WCSP,292416,208940-2,"J. Bot.","40: 147","","1902"
kew-284538,A,Potamogetonaceae,,Potamogeton,,"reniacoensis",,"","Sparre",Accepted,,H,WCSP,284538,208941-2,"Bol. Soc. Argent. Bot.","6: 107","","1956"
kew-284567,A,Potamogetonaceae,,Potamogeton,×,"rhodensis",,"","A.Benn.",Unresolved,,L,WCSP,284567,289142-2,"Trans. & Proc. Bot. Soc. Edinburgh","29: 52","","1924"
kew-308702,A,Potamogetonaceae,,Potamogeton,,"richardii",,"","Solms",Accepted,,H,WCSP,308702,,"Beitr. Fl. Aethiop.","194","","1867"
kew-308703,A,Potamogetonaceae,,Potamogeton,,"richardsonii",,"","(A.Benn.) Rydb.",Accepted,,H,WCSP,308703,208942-2,"Bull. Torrey Bot. Club","32: 599","","1905"
kew-284594,A,Potamogetonaceae,,Potamogeton,×,"ripensis",,"","Baagøe",Accepted,,H,WCSP,284594,699780-1,"Actes Congr. Int. Bot., Paris","516","","1900"
kew-308705,A,Potamogetonaceae,,Potamogeton,×,"rivularis",,"","Gillot",Accepted,,H,WCSP,308705,603390-1,"Scrin. Fl. Select.","6: 118","","1887"
kew-308706,A,Potamogetonaceae,,Potamogeton,,"robbinsii",,"","Oakes",Accepted,,H,WCSP,308706,603391-1,"Mag. Hort. Bot.","7: 180","","1841"
kew-284551,A,Potamogetonaceae,,Potamogeton,×,"roemeri",,"","F.J.Herm.",Unresolved,,L,WCSP,284551,,"Verh. Bot. Vereins Prov. Brandenburg","67: 80","","1925"
kew-284583,A,Potamogetonaceae,,Potamogeton,,"rotundifolius",,"","J.R.Forst.",Unresolved,,L,WCSP,284583,699785-1,"Fl. Amer. Sept.","7","","1771"
kew-308710,A,Potamogetonaceae,,Potamogeton,,"rutilus",,"","Wolfg.",Accepted,,H,WCSP,308710,603395-1,"Mant.","3: 362","","1827"
kew-308711,A,Potamogetonaceae,,Potamogeton,×,"salicifolius",,"","Wolfg.",Accepted,,H,WCSP,308711,603396-1,"Mant.","3: 355","","1827"
tro-50176544,A,Potamogetonaceae,,Potamogeton,,"salicifolius",,"","Wolfg.",Unresolved,,L,TRO,50176544,,"","","",""
kew-284587,A,Potamogetonaceae,,Potamogeton,,"sarmaticus",,"","Mäemets",Accepted,,H,WCSP,284587,699791-1,"Novosti Sist. Vyssh. Rast.","15: 4","","1978 publ. 1979"
kew-284588,A,Potamogetonaceae,,Potamogeton,×,"saxonicus",,"","Hagstr.",Accepted,,H,WCSP,284588,699792-1,"Kongl. Svenska Vetensk. Acad. Handl.","n.s., 55(5): 118","","1916"
kew-284589,A,Potamogetonaceae,,Potamogeton,×,"schreberi",,"","G.Fisch.",Accepted,,H,WCSP,284589,699793-1,"Ber. Bayer. Bot. Ges.","11: 58","","1907"
kew-308712,A,Potamogetonaceae,,Potamogeton,,"schweinfurthii",,"","A.Benn.",Accepted,,H,WCSP,308712,603397-1,"Fl. Trop. Afr.","8: 220","","1901"
kew-308713,A,Potamogetonaceae,,Potamogeton,,"sclerocarpus",,"","K.Schum.",Accepted,,H,WCSP,308713,208946-2,"Fl. Bras.","3(3): 688","","1894"
kew-284590,A,Potamogetonaceae,,Potamogeton,×,"scoliophyllus",,"","Hagstr.",Accepted,,H,WCSP,284590,289141-2,"Kongl. Svenska Vetensk. Acad. Handl.","n.s., 55(5): 164","","1916"
kew-284592,A,Potamogetonaceae,,Potamogeton,×,"semifructus",,"","A.Benn.",Unresolved,,L,WCSP,284592,699796-1,"J. Bot.","46: 161","","1908"
kew-308721,A,Potamogetonaceae,,Potamogeton,,"sibiricus",,"","A.Benn.",Accepted,,H,WCSP,308721,603414-1,"J. Bot.","28: 300","","1890"
kew-285186,A,Potamogetonaceae,,Potamogeton,,"skvortsovii",,"","Klinkova",Accepted,,H,WCSP,285186,982929-1,"Byull. Glavn. Bot. Sada","168: 48","","1993"
kew-285212,A,Potamogetonaceae,,Potamogeton,,"solomonensis",,"","G.Wiegleb",Accepted,,H,WCSP,285212,971951-1,"Blumea","37: 381","","1993"
kew-308725,A,Potamogetonaceae,,Potamogeton,×,"sparganiifolius",,"","Laest. ex Fr.",Accepted,,H,WCSP,308725,603418-1,"Novit. Fl. Suec. Mant.","1: 9","","1832"
kew-308728,A,Potamogetonaceae,,Potamogeton,×,"spathulatus",,"","Schrad. ex W.D.J.Koch & Ziz",Accepted,,H,WCSP,308728,603423-1,"Cat. Pl.","5: 18","","1814"
tro-26300118,A,Potamogetonaceae,,Potamogeton,,"spathuliformis",,"","(J.W. Robbins) Morong",Accepted,,M,TRO,26300118,208948-2,"Mem. Torrey Bot. Club","3(2): 26","26","1893"
kew-284585,A,Potamogetonaceae,,Potamogeton,,"spirilliformis",,"","Hagstr.",Accepted,,H,WCSP,284585,208949-2,"Kongl. Svenska Vetensk. Acad. Handl.","n.s., 55(5): 137","","1916"
kew-308731,A,Potamogetonaceae,,Potamogeton,,"spirillus",,"","Tuck.",Accepted,,H,WCSP,308731,603424-1,"Amer. J. Sci. Arts","II, 6: 228","","1848"
kew-308732,A,Potamogetonaceae,,Potamogeton,,"stenostachys",,"","K.Schum.",Accepted,,H,WCSP,308732,208952-2,"Fl. Bras.","3(3): 687","","1894"
kew-308734,A,Potamogetonaceae,,Potamogeton,,"strictifolius",,"","A.Benn.",Accepted,,H,WCSP,308734,208954-2,"J. Bot.","40: 148","","1902"
kew-284564,A,Potamogetonaceae,,Potamogeton,,"sturrockii",,"","Hook.",Unresolved,,L,WCSP,284564,699805-1,"Student Fl. Brit. Isl.","ed. 3: 435","","1884"
kew-284566,A,Potamogetonaceae,,Potamogeton,×,"subdentatus",,"","Hagstr.",Unresolved,,L,WCSP,284566,289140-2,"Kongl. Svenska Vetensk. Acad. Handl.","n.s., 55(5): 201","","1916"
tro-26300121,A,Potamogetonaceae,,Potamogeton,,"subnitens",,"","Hagstr.",Accepted,,M,TRO,26300121,289139-2,"Kongl. Svenska Vetensk. Acad. Handl., n.s.","55(5): 259","259","1916"
kew-284570,A,Potamogetonaceae,,Potamogeton,,"suboblongus",,"","Hagstr.",Accepted,,H,WCSP,284570,699811-1,"Kongl. Svenska Vetensk. Acad. Handl.","n.s., 55(5): 182","","1916"
kew-284573,A,Potamogetonaceae,,Potamogeton,×,"subrufus",,"","Hagstr.",Accepted,,H,WCSP,284573,289138-2,"Kongl. Svenska Vetensk. Acad. Handl.","n.s., 55(5): 241","","1916"
kew-284575,A,Potamogetonaceae,,Potamogeton,×,"subsessilis",,"","Hagstr.",Accepted,,H,WCSP,284575,289137-2,"Kongl. Svenska Vetensk. Acad. Handl.","n.s., 55(5): 190","","1916"
kew-284504,A,Potamogetonaceae,,Potamogeton,×,"sudermanicus",,"","Hagstr.",Accepted,,H,WCSP,284504,289136-2,"Kongl. Svenska Vetensk. Acad. Handl.","n.s., 55(5): 73","","1916"
kew-308739,A,Potamogetonaceae,,Potamogeton,,"sulcatus",,"","A.Benn.",Accepted,,H,WCSP,308739,603433-1,"Ann. K. K. Naturhist. Hofmus.","7: 294","","1892"
kew-308740,A,Potamogetonaceae,,Potamogeton,,"sumatranus",,"","Miq.",Accepted,,H,WCSP,308740,603434-1,"Fl. Ned. Ind., Eerste Bijv.","597","","1861"
kew-284524,A,Potamogetonaceae,,Potamogeton,,"tennesseensis",,"","Fernald",Accepted,,H,WCSP,284524,208961-2,"Rhodora","38: 167","","1936"
kew-308749,A,Potamogetonaceae,,Potamogeton,,"tepperi",,"","A.Benn.",Accepted,,H,WCSP,308749,603443-1,"J. Bot.","25: 178","","1887"
kew-284473,A,Potamogetonaceae,,Potamogeton,×,"torssandrii",,"","(Tiselius) Dörfl.",Accepted,,H,WCSP,284473,699824-1,"Exsicc. (Herb. Norm.)","no 3583","","1898"
kew-308754,A,Potamogetonaceae,,Potamogeton,,"tricarinatus",,"","F.Muell. & A.Benn.",Accepted,,H,WCSP,308754,603449-1,"J. Bot.","30: 229","","1892"
kew-308755,A,Potamogetonaceae,,Potamogeton,,"trichoides",,"","Cham. & Schltdl.",Accepted,,H,WCSP,308755,603452-1,"Linnaea","2: 175","","1827"
kew-284484,A,Potamogetonaceae,,Potamogeton,,"tubulatus",,"","Hagstr.",Accepted,,H,WCSP,284484,,"S. Tibet","6(3): 96","","1922"
kew-308761,A,Potamogetonaceae,,Potamogeton,,"ulei",,"","K.Schum.",Accepted,,H,WCSP,308761,208968-2,"Fl. Bras.","3(3): 690","","1894"
kew-308763,A,Potamogetonaceae,,Potamogeton,×,"undulatus",,"","Wolfg.",Accepted,,H,WCSP,308763,603458-1,"Mant.","3: 360","","1827"
kew-284478,A,Potamogetonaceae,,Potamogeton,,"uruguayensis",,"","A.Benn. & Graebn.",Accepted,,H,WCSP,284478,208969-2,"Pflanzenr.","IV, 11: 111","","1907"
kew-308768,A,Potamogetonaceae,,Potamogeton,×,"variifolius",,"","Thore",Accepted,,H,WCSP,308768,603464-1,"Essai Chloris","47","","1803"
kew-308769,A,Potamogetonaceae,,Potamogeton,,"vaseyi",,"","J.W.Robbins",Accepted,,H,WCSP,308769,,"Manual","ed. 5: 485","","1867"
kew-344641,A,Potamogetonaceae,,Potamogeton,×,"vepsicus",,"","A.A.Bobrov & Chemeris",Accepted,,H,WCSP,344641,,"Bot. Zhurn. (Moscow & Leningrad)","91: 74","","2006"
kew-464064,A,Potamogetonaceae,,Potamogeton,×,"versicolor",,"","Z.Kaplan, Hellq. & Fehrer",Accepted,,H,WCSP,464064,77105859-1,"Syst. Bot.","34: 631","","2009"
tro-26300394,A,Potamogetonaceae,,Potamogeton,×,"vilnensis",,"","Galinis.",Unresolved,,L,TRO,26300394,,"","","",""
kew-308772,A,Potamogetonaceae,,Potamogeton,,"wrightii",,"","Morong",Accepted,,H,WCSP,308772,603468-1,"Bull. Torrey Bot. Club","13: 158","","1886"
kew-285549,A,Potamogetonaceae,,Potamogeton,×,"xinganensis",,"","Ma",Unresolved,,L,WCSP,285549,,"Acta Sci. Nat. Univ. Intramongol.","20: 281","","1989"
kew-285608,A,Potamogetonaceae,,Potamogeton,×,"yamagataensis",,"","Kadono & Wiegleb",Accepted,,H,WCSP,285608,931812-1,"J. Jap. Bot.","62(3): 73","","1987"
kew-284481,A,Potamogetonaceae,,Potamogeton,,"ziziiformis",,"","Hagstr.",Unresolved,,L,WCSP,284481,208978-2,"Bot. Not.","1908: 99","","1908"
kew-292684,A,Potamogetonaceae,,Stuckenia,,"amblyophylla",,"","(C.A.Mey.) Holub",Accepted,,H,WCSP,292684,1218542-2,"Preslia","68: 364","","1997"
kew-287901,A,Potamogetonaceae,,Stuckenia,×,"bottnica",,"","(Hagstr.) Holub",Accepted,,H,WCSP,287901,996844-1,"Preslia","68: 364","","1996 publ. 1997"
kew-287902,A,Potamogetonaceae,,Stuckenia,×,"fennica",,"","(Hagstr.) Holub",Accepted,,H,WCSP,287902,996845-1,"Preslia","68: 364","","1996 publ. 1997"
kew-309907,A,Potamogetonaceae,,Stuckenia,,"filiformis",,"","(Pers.) Börner",Accepted,,H,WCSP,309907,51015154-1,"Fl. Deut. Volk.","713","","1912"
kew-287723,A,Potamogetonaceae,,Stuckenia,,"macrocarpa",,"","(Dobrocz.) Tzvelev",Accepted,,H,WCSP,287723,1013459-1,"Bot. Zhurn. (Moscow & Leningrad)","84(7): 111","","1999"
kew-374204,A,Potamogetonaceae,,Stuckenia,,"pamirica",,"","(Baagøe) Z.Kaplan",Accepted,,H,WCSP,374204,77093253-1,"Folia Geobot.","43: 194","","2008"
kew-309906,A,Potamogetonaceae,,Stuckenia,,"pectinata",,"","(L.) Börner",Accepted,,H,WCSP,309906,77099639-1,"Fl. Deut. Volk.","713","","1912"
kew-287899,A,Potamogetonaceae,,Stuckenia,,"striata",,"","(Ruiz & Pav.) Holub",Accepted,,H,WCSP,287899,996842-1,"Preslia","68: 364","","1996 publ. 1997"
kew-287903,A,Potamogetonaceae,,Stuckenia,×,"suecica",,"","(K.Richt.) Holub",Accepted,,H,WCSP,287903,996846-1,"Preslia","68: 364","","1996 publ. 1997"
kew-287761,A,Potamogetonaceae,,Stuckenia,,"vaginata",,"","(Turcz.) Holub",Accepted,,H,WCSP,287761,,"Folia Geobot. Phytotax.","18: 215","","1984"
kew-339927,A,Potamogetonaceae,,Zannichellia,,"andina",,"","Holm-Niels. & R.R.Haynes",Accepted,,H,WCSP,339927,287155-2,"Brittonia","37: 17","","1985"
kew-291795,A,Potamogetonaceae,,Zannichellia,,"aschersoniana",,"","Graebn.",Accepted,,H,WCSP,291795,,"Pflanzenr.","IV, 11: 157","","1907"
kew-308998,A,Potamogetonaceae,,Zannichellia,,"contorta",,"","(Desf.) Cham.",Accepted,,H,WCSP,308998,603575-1,"Linnaea","2: 231","","1827"
tro-26300420,A,Potamogetonaceae,,Zannichellia,,"major",,"","Boenn. ex Reichenb.",Accepted,,M,TRO,26300420,,"","","",""
kew-339931,A,Potamogetonaceae,,Zannichellia,,"obtusifolia",,"","Talavera, García-Mur. & H.Smit",Accepted,,H,WCSP,339931,931274-1,"Lagascalia","14: 249","","1986"
kew-309015,A,Potamogetonaceae,,Zannichellia,,"palustris",,"","L.",Accepted,,H,WCSP,309015,603593-1,"Sp. Pl.","969","","1753"
kew-349539,A,Potamogetonaceae,,Zannichellia,,"palustris",subsp.,"major","(Hartm.) Ooststr. & Reichg.",Accepted,,L,WCSP,349539,,"Fl. Neerl.","1(6): 86","","1964"
kew-309816,A,Potamogetonaceae,,Zannichellia,,"palustris",subsp.,"pedicellata","(Wahlenb. & Rosén) Hook.f.",Accepted,,L,WCSP,309816,,"Fl. Brit. India","6: 568","","1892"
kew-309018,A,Potamogetonaceae,,Zannichellia,,"peltata",,"","Bertol.",Accepted,,H,WCSP,309018,603597-1,"Fl. Ital.","10: 10","","1855"
kew-309027,A,Potamogetonaceae,,Zannichellia,,"tuberosa",,"","Lour.",Unresolved,,L,WCSP,309027,603607-1,"Fl. Cochinch.","543","","1790"
