﻿ID,Major group,Family,Genus hybrid marker,Genus,Species hybrid marker,Species,Infraspecific rank,Infraspecific epithet,Authorship,Taxonomic status in TPL,Nomenclatural status from original data source,Confidence level,Source,Source id,IPNI id,Publication,Collation,Page,Date
tro-12801187,A,Putranjivaceae,,Cyclostemon,,"rubripes",,"","Sessé & Moc.",Unresolved,,L,TRO,12801187,,"","","",""
kew-64776,A,Putranjivaceae,,Drypetes,,"acuminata",,"","P.I.Forst.",Accepted,,H,WCSP,64776,994120-1,"Austrobaileya","4: 483","","1997"
kew-64777,A,Putranjivaceae,,Drypetes,,"aetoxyloides",,"","Airy Shaw",Accepted,,H,WCSP,64777,344950-1,"Kew Bull.","23: 58","","1969"
kew-64779,A,Putranjivaceae,,Drypetes,,"aframensis",,"","Hutch.",Accepted,,H,WCSP,64779,344952-1,"Fl. Trop. Afr.","6(1): 682","","1912"
kew-64780,A,Putranjivaceae,,Drypetes,,"afzelii",,"","(Pax) Hutch.",Accepted,,H,WCSP,64780,344953-1,"Fl. Trop. Afr.","6(1): 685","","1912"
kew-64781,A,Putranjivaceae,,Drypetes,,"alba",,"","Poit.",Accepted,,H,WCSP,64781,344954-1,"Mém. Mus. Hist. Nat.","1: 157","","1815"
kew-64783,A,Putranjivaceae,,Drypetes,,"amazonica",,"","Steyerm.",Accepted,,H,WCSP,64783,85485-2,"Publ. Field Mus. Nat. Hist., Bot. Ser.","17: 414","","1938"
kew-64784,A,Putranjivaceae,,Drypetes,,"ambigua",,"","Leandri",Accepted,,H,WCSP,64784,344956-1,"Mém. Inst. Sci. Madagascar, Sér. B, Biol. Vég.","8: 245","","1957"
kew-64785,A,Putranjivaceae,,Drypetes,,"andamanica",,"","(Kurz) Pax & K.Hoffm.",Accepted,,H,WCSP,64785,,"Pflanzenr.","IV, 147, XV: 266","","1922"
kew-64786,A,Putranjivaceae,,Drypetes,,"angustifolia",,"","Pax & K.Hoffm.",Accepted,,H,WCSP,64786,,"Pflanzenr.","IV, 147, XV: 261","","1922"
kew-64789,A,Putranjivaceae,,Drypetes,,"arcuatinervia",,"","Merr. & Chun",Accepted,,H,WCSP,64789,344961-1,"Sunyatsenia","5: 95","","1940"
kew-64790,A,Putranjivaceae,,Drypetes,,"arguta",,"","(Müll.Arg.) Hutch.",Accepted,,H,WCSP,64790,344962-1,"Fl. Cap.","5(2): 404","","1920"
kew-64793,A,Putranjivaceae,,Drypetes,,"assamica",,"","(Hook.f.) Pax & K.Hoffm.",Accepted,,H,WCSP,64793,,"Pflanzenr.","IV, 147, XV: 241","","1922"
tro-100378299,A,Putranjivaceae,,Drypetes,,"assymetricarpa",,"","G.A. Levin",Unresolved,,L,TRO,100378299,,"","","",""
kew-64794,A,Putranjivaceae,,Drypetes,,"aubrevillei",,"","Leandri",Accepted,,H,WCSP,64794,344965-1,"Bull. Soc. Bot. France","81: 458","","1934"
kew-64796,A,Putranjivaceae,,Drypetes,,"australis",,"","Hutch. ex Pax & K.Hoffm.",Accepted,,H,WCSP,64796,,"Pflanzenr.","IV, 147, XV: 252","","1922"
kew-64797,A,Putranjivaceae,,Drypetes,,"aylmeri",,"","Hutch. & Dalziel",Accepted,,H,WCSP,64797,344968-1,"Fl. W. Trop. Afr.","1: 288","","1928"
kew-346762,A,Putranjivaceae,,Drypetes,,"bakembei",,"","D.J.Harris & Wortley",Accepted,,H,WCSP,346762,,"Edinburgh J. Bot.","63: 253","","2006"
kew-64798,A,Putranjivaceae,,Drypetes,,"balakrishnanii",,"","Chakrab. & M.Gangop.",Accepted,,H,WCSP,64798,937465-1,"J. Econ. Taxon. Bot.","12: 393","","1988 publ. 1989"
kew-64799,A,Putranjivaceae,,Drypetes,,"bathiei",,"","Capuron & Leandri",Accepted,,H,WCSP,64799,344969-1,"in Fl. Madag.","111: 156","","1958"
kew-64801,A,Putranjivaceae,,Drypetes,,"bawanii",,"","(Merr.) Airy Shaw",Accepted,,H,WCSP,64801,912410-1,"Kew Bull.","38: 68","","1983"
kew-64803,A,Putranjivaceae,,Drypetes,,"bhattacharyae",,"","Chakrab.",Accepted,,H,WCSP,64803,930318-1,"J. Econ. Taxon. Bot.","7: 453","","1985 publ. 1986"
kew-64804,A,Putranjivaceae,,Drypetes,,"bipindensis",,"","(Pax) Hutch.",Accepted,,H,WCSP,64804,344972-1,"Fl. Trop. Afr.","6(1): 679","","1912"
kew-64805,A,Putranjivaceae,,Drypetes,,"bisacuta",,"","Gagnep.",Accepted,,H,WCSP,64805,344973-1,"Bull. Soc. Bot. France","71: 257","","1924"
kew-64807,A,Putranjivaceae,,Drypetes,,"brownii",,"","Standl.",Accepted,,H,WCSP,64807,85486-2,"Trop. Woods","20: 20","","1929"
kew-64808,A,Putranjivaceae,,Drypetes,,"caesia",,"","Airy Shaw",Accepted,,H,WCSP,64808,344976-1,"Kew Bull.","20: 387","","1966"
kew-64811,A,Putranjivaceae,,Drypetes,,"calvescens",,"","Pax & K.Hoffm.",Accepted,,H,WCSP,64811,,"Pflanzenr.","IV, 147, XV: 276","","1922"
kew-64812,A,Putranjivaceae,,Drypetes,,"calyptosepala",,"","Airy Shaw",Accepted,,H,WCSP,64812,344980-1,"Kew Bull.","29: 301","","1974"
kew-64813,A,Putranjivaceae,,Drypetes,,"cambodica",,"","Gagnep.",Accepted,,H,WCSP,64813,344981-1,"Bull. Soc. Bot. France","71: 258","","1924"
kew-64814,A,Putranjivaceae,,Drypetes,,"capillipes",,"","(Pax) Pax & K.Hoffm.",Accepted,,H,WCSP,64814,,"Pflanzenr.","IV, 147, XV: 260","","1922"
kew-64815,A,Putranjivaceae,,Drypetes,,"capuronii",,"","Leandri",Accepted,,H,WCSP,64815,344983-1,"Mém. Inst. Sci. Madagascar, Sér. B, Biol. Vég.","8: 247","","1957"
kew-64817,A,Putranjivaceae,,Drypetes,,"carolinensis",,"","Kaneh.",Accepted,,H,WCSP,64817,344984-1,"Bot. Mag. (Tokyo)","46: 457","","1932"
kew-64818,A,Putranjivaceae,,Drypetes,,"castilloi",,"","(Merr.) Merr.",Accepted,,H,WCSP,64818,344985-1,"Pl. Elmer. Born.","140","","1929"
kew-64820,A,Putranjivaceae,,Drypetes,,"caustica",,"","(Frapp. ex Cordem.) Airy Shaw",Accepted,,H,WCSP,64820,344987-1,"Kew Bull.","27: 309","","1972"
kew-64821,A,Putranjivaceae,,Drypetes,,"celastrinea",,"","Pax & K.Hoffm.",Accepted,,H,WCSP,64821,,"Pflanzenr.","IV, 147, XV: 253","","1922"
kew-64822,A,Putranjivaceae,,Drypetes,,"celebica",,"","(Boerl. & Koord.) Pax & K.Hoffm.",Accepted,,H,WCSP,64822,,"Pflanzenr.","IV, 147, XV: 272","","1922"
kew-64824,A,Putranjivaceae,,Drypetes,,"chevalieri",,"","Beille ex Hutch. & Dalziel",Accepted,,H,WCSP,64824,344990-1,"Fl. W. Trop. Afr.","1: 287","","1928"
tro-12804139,A,Putranjivaceae,,Drypetes,,"chevalieri",,"","Beille",Unresolved,,L,TRO,12804139,344991-1,"Bull. Soc. Bot. France","61, Mem. 8: 293","293","1917"
kew-64825,A,Putranjivaceae,,Drypetes,,"cinnabarina",,"","Pax & K.Hoffm.",Accepted,,H,WCSP,64825,,"Pflanzenr.","IV, 147, XV: 263","","1922"
kew-64826,A,Putranjivaceae,,Drypetes,,"cockburnii",,"","Airy Shaw",Accepted,,H,WCSP,64826,344993-1,"Kew Bull.","25: 502","","1971"
kew-64827,A,Putranjivaceae,,Drypetes,,"comorensis",,"","(Baill.) Pax & K.Hoffm.",Accepted,,H,WCSP,64827,,"Pflanzenr.","IV, 147, XV: 259","","1922"
kew-64828,A,Putranjivaceae,,Drypetes,,"confertiflora",,"","(Hook.f.) Pax & K.Hoffm.",Accepted,,H,WCSP,64828,,"Pflanzenr.","IV, 147, XV: 246","","1922"
kew-64830,A,Putranjivaceae,,Drypetes,,"congestiflora",,"","Chun & T.Chen",Accepted,,H,WCSP,64830,344997-1,"Acta Phytotax. Sin.","8: 275","","1963"
kew-64831,A,Putranjivaceae,,Drypetes,,"convoluta",,"","Airy Shaw",Accepted,,H,WCSP,64831,344998-1,"Kew Bull.","19: 307","","1965"
kew-64834,A,Putranjivaceae,,Drypetes,,"crassipes",,"","Pax & K.Hoffm.",Accepted,,H,WCSP,64834,,"Pflanzenr.","IV, 147, XV: 241","","1922"
kew-64835,A,Putranjivaceae,,Drypetes,,"crocea",,"","Poit.",Unresolved,,L,WCSP,64835,345002-1,"Mém. Mus. Hist. Nat.","1: 159","","1815"
kew-64836,A,Putranjivaceae,,Drypetes,,"cumingii",,"","(Baill.) Pax & K.Hoffm.",Accepted,,H,WCSP,64836,,"Pflanzenr.","IV, 147, XV: 238","","1922"
kew-64837,A,Putranjivaceae,,Drypetes,,"curtisii",,"","(Hook.f.) Pax & K.Hoffm.",Accepted,,H,WCSP,64837,,"Pflanzenr.","IV, 147, XV: 250","","1922"
kew-64839,A,Putranjivaceae,,Drypetes,,"darcyana",,"","McPherson",Accepted,,H,WCSP,64839,1018262-1,"Adansonia","III, 22: 205","","2000"
kew-64840,A,Putranjivaceae,,Drypetes,,"darimontiana",,"","J.Léonard",Accepted,,H,WCSP,64840,345006-1,"Bull. Jard. Bot. État","35: 213","","1965"
kew-64841,A,Putranjivaceae,,Drypetes,,"dasycarpa",,"","(Airy Shaw) Phuph. & Chayam.",Accepted,,H,WCSP,64841,1020693-1,"Thai Forest Bull., Bot.","28: 160","","2000"
kew-64842,A,Putranjivaceae,,Drypetes,,"dasyneura",,"","Airy Shaw",Accepted,,H,WCSP,64842,345007-1,"Kew Bull.","25: 503","","1971"
kew-64843,A,Putranjivaceae,,Drypetes,,"deplanchei",,"","(Brongn. & Gris) Merr.",Accepted,,H,WCSP,64843,345008-1,"J. Arnold Arbor.","32: 199","","1951"
kew-64845,A,Putranjivaceae,,Drypetes,,"detersibilis",,"","Airy Shaw",Accepted,,H,WCSP,64845,345009-1,"Kew Bull.","19: 303","","1965"
kew-64846,A,Putranjivaceae,,Drypetes,,"dewildei",,"","Airy Shaw",Accepted,,H,WCSP,64846,345010-1,"Kew Bull.","32: 380","","1978"
kew-64847,A,Putranjivaceae,,Drypetes,,"dinklagei",,"","(Pax) Hutch.",Accepted,,H,WCSP,64847,345011-1,"Fl. Trop. Afr.","6(1): 683","","1912"
kew-64848,A,Putranjivaceae,,Drypetes,,"diopa",,"","(Hiern) Brenan",Accepted,,H,WCSP,64848,345012-1,"Kew Bull.","8: 92","","1953"
kew-64849,A,Putranjivaceae,,Drypetes,,"diversifolia",,"","Krug & Urb.",Accepted,,H,WCSP,64849,85489-2,"Bot. Jahrb. Syst.","15: 353","","1892"
kew-64850,A,Putranjivaceae,,Drypetes,,"dolichocarpa",,"","Kaneh.",Accepted,,H,WCSP,64850,345014-1,"Bot. Mag. (Tokyo)","48: 400","","1934"
kew-64851,A,Putranjivaceae,,Drypetes,,"dussii",,"","Krug & Urb.",Accepted,,H,WCSP,64851,85490-2,"Bot. Jahrb. Syst.","15: 355","","1892"
kew-64852,A,Putranjivaceae,,Drypetes,,"eglandulosa",,"","(Roxb.) Pax & K.Hoffm.",Accepted,,L,WCSP,64852,,"Pflanzenr.","IV, 147, XV: 249","","1922"
kew-64854,A,Putranjivaceae,,Drypetes,,"ellipsoidea",,"","(Merr.) Pax & K.Hoffm.",Accepted,,H,WCSP,64854,,"Pflanzenr.","IV, 147, XV: 250","","1922"
kew-64855,A,Putranjivaceae,,Drypetes,,"elliptica",,"","(Hook.f.) Pax & K.Hoffm.",Accepted,,H,WCSP,64855,,"Pflanzenr.","IV, 147, XV: 244","","1922"
kew-64856,A,Putranjivaceae,,Drypetes,,"ellisii",,"","S.P.Mathew & Chakrab.",Accepted,,H,WCSP,64856,958486-1,"J. Econ. Taxon. Bot.","14: 623","","1990"
kew-64857,A,Putranjivaceae,,Drypetes,,"eriocarpa",,"","Airy Shaw",Accepted,,H,WCSP,64857,345020-1,"Kew Bull.","21: 360","","1968"
kew-64858,A,Putranjivaceae,,Drypetes,,"euryodes",,"","(Hiern) Hutch.",Accepted,,H,WCSP,64858,345021-1,"Fl. Trop. Afr.","6(1): 689","","1912"
kew-64859,A,Putranjivaceae,,Drypetes,,"falcata",,"","(Merr.) Pax & K.Hoffm.",Accepted,,H,WCSP,64859,,"Pflanzenr.","IV, 147, XV: 250","","1922"
kew-64860,A,Putranjivaceae,,Drypetes,,"fallax",,"","Pax & K.Hoffm.",Accepted,,H,WCSP,64860,,"Pflanzenr.","IV, 147, XV: 242","","1922"
kew-64861,A,Putranjivaceae,,Drypetes,,"fanshawei",,"","Sandwith",Accepted,,H,WCSP,64861,85491-2,"Kew Bull.","7: 258","","1952"
kew-64862,A,Putranjivaceae,,Drypetes,,"fernandopoana",,"","Brenan",Accepted,,H,WCSP,64862,345025-1,"Kew Bull.","8: 92","","1953"
kew-64863,A,Putranjivaceae,,Drypetes,,"floribunda",,"","(Müll.Arg.) Hutch.",Accepted,,H,WCSP,64863,345026-1,"Fl. Trop. Afr.","6(1): 687","","1912"
kew-64864,A,Putranjivaceae,,Drypetes,,"forbesii",,"","Pax & K.Hoffm.",Accepted,,H,WCSP,64864,,"Pflanzenr.","IV, 147, XV: 269","","1922"
kew-64867,A,Putranjivaceae,,Drypetes,,"fusiformis",,"","Airy Shaw",Accepted,,H,WCSP,64867,345030-1,"Kew Bull.","19: 306","","1965"
kew-64868,A,Putranjivaceae,,Drypetes,,"gabonensis",,"","Hutch.",Accepted,,H,WCSP,64868,345032-1,"Fl. Trop. Afr.","6(1): 680","","1912"
kew-64869,A,Putranjivaceae,,Drypetes,,"gardneri",,"","(Thwaites) Pax & K.Hoffm.",Accepted,,H,WCSP,64869,,"Pflanzenr.","IV, 147, XV: 270","","1922"
kew-64870,A,Putranjivaceae,,Drypetes,,"gentryi",,"","Monach.",Accepted,,H,WCSP,64870,85492-2,"Phytologia","3: 32","","1948"
kew-64871,A,Putranjivaceae,,Drypetes,,"gerrardii",,"","Hutch.",Accepted,,H,WCSP,64871,345035-1,"Fl. Cap.","5(2): 405","","1920"
kew-64876,A,Putranjivaceae,,Drypetes,,"gerrardinoides",,"","Radcl.-Sm.",Accepted,,H,WCSP,64876,940491-1,"Kew Bull.","45: 671","","1990"
kew-64878,A,Putranjivaceae,,Drypetes,,"gilgiana",,"","(Pax) Pax & K.Hoffm.",Accepted,,H,WCSP,64878,,"Pflanzenr.","IV, 147, XV: 261","","1922"
kew-64879,A,Putranjivaceae,,Drypetes,,"gitingensis",,"","(Elmer) Pax & K.Hoffm.",Accepted,,H,WCSP,64879,,"Pflanzenr.","IV, 147, XV: 250","","1922"
kew-64880,A,Putranjivaceae,,Drypetes,,"glaberrima",,"","Airy Shaw",Accepted,,H,WCSP,64880,345039-1,"Kew Bull.","29: 302","","1974"
kew-64881,A,Putranjivaceae,,Drypetes,,"glabra",,"","(Pax) Hutch.",Accepted,,H,WCSP,64881,345040-1,"Fl. Trop. Afr.","6(1): 682","","1912"
kew-64882,A,Putranjivaceae,,Drypetes,,"glabridiscus",,"","J.J.Sm.",Accepted,,H,WCSP,64882,345041-1,"Bull. Jard. Bot. Buitenzorg","III, 6: 83","","1924"
kew-64885,A,Putranjivaceae,,Drypetes,,"glauca",,"","Vahl",Accepted,,H,WCSP,64885,345042-1,"Eclog. Amer.","3: 49","","1807"
kew-64887,A,Putranjivaceae,,Drypetes,,"globosa",,"","(Merr.) Pax & K.Hoffm.",Accepted,,H,WCSP,64887,,"Pflanzenr.","IV, 147, XV: 247","","1922"
kew-64890,A,Putranjivaceae,,Drypetes,,"gossweileri",,"","S.Moore",Accepted,,H,WCSP,64890,345047-1,"J. Bot.","58: 271","","1920"
kew-64891,A,Putranjivaceae,,Drypetes,,"gracilis",,"","Pax & K.Hoffm.",Accepted,,H,WCSP,64891,,"Pflanzenr.","IV, 147, XV: 239","","1922"
kew-64892,A,Putranjivaceae,,Drypetes,,"grandifolia",,"","(C.B.Rob.) Pax & K.Hoffm.",Accepted,,H,WCSP,64892,,"Pflanzenr.","IV, 147, XV: 245","","1922"
kew-64894,A,Putranjivaceae,,Drypetes,,"guatemalensis",,"","Lundell",Accepted,,H,WCSP,64894,85497-2,"Wrightia","4: 177","","1971"
kew-64895,A,Putranjivaceae,,Drypetes,,"hainanensis",,"","Merr.",Accepted,,H,WCSP,64895,345052-1,"J. Arnold Arbor.","6: 134","","1925"
kew-64897,A,Putranjivaceae,,Drypetes,,"harmandii",,"","Pierre ex Gagnep.",Accepted,,H,WCSP,64897,345053-1,"Bull. Soc. Bot. France","71: 259","","1924"
kew-64898,A,Putranjivaceae,,Drypetes,,"helferi",,"","(Hook.f.) Pax & K.Hoffm.",Accepted,,H,WCSP,64898,,"Pflanzenr.","IV, 147, XV: 244","","1922"
kew-64899,A,Putranjivaceae,,Drypetes,,"henriquesii",,"","(Pax) Hutch.",Accepted,,H,WCSP,64899,345055-1,"Fl. Trop. Afr.","6(1): 685","","1912"
kew-64900,A,Putranjivaceae,,Drypetes,,"heptandra",,"","Pax & K.Hoffm.",Accepted,,H,WCSP,64900,,"Pflanzenr.","IV, 147, XV: 254","","1922"
kew-64902,A,Putranjivaceae,,Drypetes,,"hoaensis",,"","Gagnep.",Accepted,,H,WCSP,64902,345059-1,"Bull. Soc. Bot. France","71: 259","","1924"
kew-64905,A,Putranjivaceae,,Drypetes,,"iliae",,"","Airy Shaw",Accepted,,H,WCSP,64905,345062-1,"Kew Bull.","33: 38","","1978"
kew-64906,A,Putranjivaceae,,Drypetes,,"ilicifolia",,"","(DC.) Krug & Urb.",Accepted,,L,WCSP,64906,85498-2,"Bot. Jahrb. Syst.","15: 352","","1892"
kew-64907,A,Putranjivaceae,,Drypetes,,"impressinervis",,"","Airy Shaw",Accepted,,H,WCSP,64907,345064-1,"Kew Bull.","29: 298","","1974"
kew-64908,A,Putranjivaceae,,Drypetes,,"inaequalis",,"","Hutch.",Accepted,,H,WCSP,64908,345065-1,"Fl. Trop. Afr.","6(1): 684","","1912"
kew-64910,A,Putranjivaceae,,Drypetes,,"indica",,"","(Müll.Arg.) Pax & K.Hoffm.",Accepted,,H,WCSP,64910,,"Pflanzenr.","IV, 147, XV: 278","","1922"
kew-64912,A,Putranjivaceae,,Drypetes,,"integerrima",,"","(Koidz.) Hosok.",Accepted,,H,WCSP,64912,345068-1,"Bot. & Zool.","6: 720","","1938"
kew-64913,A,Putranjivaceae,,Drypetes,,"integrifolia",,"","Merr. & Chun",Accepted,,H,WCSP,64913,345069-1,"Sunyatsenia","5: 97","","1940"
kew-64914,A,Putranjivaceae,,Drypetes,,"iodoformis",,"","L.S.Sm. ex P.I.Forst.",Accepted,,H,WCSP,64914,994122-1,"Austrobaileya","4: 489","","1997"
kew-64915,A,Putranjivaceae,,Drypetes,,"ituriensis",,"","Pax & K.Hoffm.",Accepted,,H,WCSP,64915,,"Pflanzenr.","IV, 147, XV: 277","","1922"
kew-64919,A,Putranjivaceae,,Drypetes,,"ivorensis",,"","Hutch. & Dalziel",Accepted,,H,WCSP,64919,345071-1,"Fl. W. Trop. Afr.","1: 287","","1928"
kew-64920,A,Putranjivaceae,,Drypetes,,"jaintensis",,"","(C.B.Clarke) Pax & K.Hoffm.",Accepted,,H,WCSP,64920,,"Pflanzenr.","IV, 147, XV: 251","","1922"
kew-64924,A,Putranjivaceae,,Drypetes,,"kikir",,"","Airy Shaw",Accepted,,H,WCSP,64924,345076-1,"Kew Bull.","23: 60","","1969"
kew-344006,A,Putranjivaceae,,Drypetes,,"klaineana",,"","(Pierre) Breteler",Accepted,,H,WCSP,344006,77071353-1,"Adansonia","III, 27: 329","","2005"
kew-64925,A,Putranjivaceae,,Drypetes,,"klainei",,"","Pierre ex Pax",Accepted,,H,WCSP,64925,,"Bot. Jahrb. Syst.","43: 219","","1909"
kew-372543,A,Putranjivaceae,,Drypetes,,"kwangtungensis",,"","F.W.Xing, X.S.Qin & H.F.Chen",Accepted,,H,WCSP,372543,,"Nordic J. Bot.","25: 38","","2007 publ. 2008"
kew-64928,A,Putranjivaceae,,Drypetes,,"laciniata",,"","(Pax) Hutch.",Accepted,,H,WCSP,64928,345080-1,"Fl. Trop. Afr.","6(1): 677","","1912"
kew-64933,A,Putranjivaceae,,Drypetes,,"laevis",,"","(Miq.) Pax & K.Hoffm.",Accepted,,H,WCSP,64933,,"Pflanzenr.","IV, 147, XV: 240","","1922"
kew-64939,A,Putranjivaceae,,Drypetes,,"lasiogynoides",,"","Pax & K.Hoffm.",Accepted,,H,WCSP,64939,,"Pflanzenr.","IV, 147, XV: 272","","1922"
kew-64940,A,Putranjivaceae,,Drypetes,,"lateriflora",,"","(Sw.) Krug & Urb.",Accepted,,H,WCSP,64940,345087-1,"Bot. Jahrb. Syst.","15: 354","","1892"
kew-64943,A,Putranjivaceae,,Drypetes,,"leiocarpa",,"","(Kurz) Pax & K.Hoffm.",Accepted,,H,WCSP,64943,,"Pflanzenr.","IV, 147, XV: 251","","1922"
kew-64945,A,Putranjivaceae,,Drypetes,,"leonensis",,"","Pax",Accepted,,H,WCSP,64945,345089-1,"Bot. Jahrb. Syst.","43: 219","","1909"
kew-64946,A,Putranjivaceae,,Drypetes,,"littoralis",,"","(C.B.Rob.) Merr.",Accepted,,H,WCSP,64946,345091-1,"Philipp. J. Sci.","29: 380","","1926"
kew-64948,A,Putranjivaceae,,Drypetes,,"longifolia",,"","(Blume) Pax & K.Hoffm.",Accepted,,H,WCSP,64948,,"Pflanzenr.","IV, 147, XV: 245","","1922"
kew-332695,A,Putranjivaceae,,Drypetes,,"longistipitata",,"","P.T.Li",Accepted,,H,WCSP,332695,77067544-1,"J. S. China Agric. Univ.","21(4): 59","","2000"
kew-64951,A,Putranjivaceae,,Drypetes,,"macrostigma",,"","J.J.Sm.",Accepted,,H,WCSP,64951,345095-1,"Bull. Jard. Bot. Buitenzorg","III, 6: 85","","1924"
kew-64952,A,Putranjivaceae,,Drypetes,,"madagascariensis",,"","(Lam.) Humbert & Leandri",Accepted,,H,WCSP,64952,345096-1,"Bull. Mus. Natl. Hist. Nat.","II, 4: 19","","1932"
kew-64955,A,Putranjivaceae,,Drypetes,,"magnistipula",,"","(Pax) Hutch.",Accepted,,H,WCSP,64955,345097-1,"Fl. Trop. Afr.","6(1): 689","","1912"
kew-64958,A,Putranjivaceae,,Drypetes,,"malabarica",,"","(Bedd.) Airy Shaw",Accepted,,H,WCSP,64958,345100-1,"Kew Bull.","23: 56","","1969"
kew-64959,A,Putranjivaceae,,Drypetes,,"maquilingensis",,"","(Merr.) Pax & K.Hoffm.",Accepted,,H,WCSP,64959,,"Pflanzenr.","IV, 147, XV: 240","","1922"
kew-64962,A,Putranjivaceae,,Drypetes,,"microphylla",,"","(Merr.) Pax & K.Hoffm.",Accepted,,H,WCSP,64962,,"Pflanzenr.","IV, 147, XV: 237","","1922"
kew-64963,A,Putranjivaceae,,Drypetes,,"microphylloides",,"","S.Moore",Accepted,,H,WCSP,64963,345105-1,"J. Bot.","63(Suppl.): 97","","1925"
kew-64964,A,Putranjivaceae,,Drypetes,,"mildbraedii",,"","(Pax) Hutch.",Accepted,,H,WCSP,64964,345106-1,"Fl. Trop. Afr.","6(1): 678","","1912"
kew-64965,A,Putranjivaceae,,Drypetes,,"minahassae",,"","(Boerl. & Koord.) Pax & K.Hoffm.",Accepted,,H,WCSP,64965,345107-1,"Bull. Jard. Bot. Buitenzorg","III, 6: 243","","1924"
kew-64968,A,Putranjivaceae,,Drypetes,,"moliwensis",,"","Cheek & Radcl.-Sm.",Accepted,,H,WCSP,64968,1017496-1,"Kew Bull.","55: 895","","2000"
kew-64969,A,Putranjivaceae,,Drypetes,,"molunduana",,"","Pax & K.Hoffm.",Accepted,,H,WCSP,64969,,"Pflanzenr.","IV, 147, XV: 258","","1922"
kew-64970,A,Putranjivaceae,,Drypetes,,"monachinoi",,"","Jabl.",Accepted,,H,WCSP,64970,,"Mem. New York Bot. Gard.","16: 120","","1967"
kew-64971,A,Putranjivaceae,,Drypetes,,"monosperma",,"","(Merr.) Pax & K.Hoffm.",Accepted,,H,WCSP,64971,,"Pflanzenr.","IV, 147, XV: 255","","1922"
kew-64972,A,Putranjivaceae,,Drypetes,,"mossambicensis",,"","Hutch.",Accepted,,H,WCSP,64972,345113-1,"Fl. Trop. Afr.","6(1): 1046","","1913"
kew-64974,A,Putranjivaceae,,Drypetes,,"mucronata",,"","C.Wright ex Griseb.",Accepted,,H,WCSP,64974,345115-1,"Nachr. Königl. Ges. Wiss. Georg-Augusts-Univ.","1: 165","","1865"
kew-64977,A,Putranjivaceae,,Drypetes,,"nakaiana",,"","Tuyama",Accepted,,H,WCSP,64977,345118-1,"J. Jap. Bot.","16: 197","","1940"
kew-64978,A,Putranjivaceae,,Drypetes,,"natalensis",,"","(Harv.) Hutch.",Accepted,,H,WCSP,64978,345119-1,"Fl. Cap.","5(2): 404","","1920"
kew-64981,A,Putranjivaceae,,Drypetes,,"neglecta",,"","(Koord.) Pax & K.Hoffm.",Accepted,,H,WCSP,64981,,"Pflanzenr.","IV, 147, XV: 242","","1922"
kew-64982,A,Putranjivaceae,,Drypetes,,"nervosa",,"","(Hook.f.) Pax & K.Hoffm.",Accepted,,H,WCSP,64982,,"Pflanzenr.","IV, 147, XV: 244","","1922"
kew-64984,A,Putranjivaceae,,Drypetes,,"nitida",,"","Kaneh.",Accepted,,H,WCSP,64984,345123-1,"Bot. Mag. (Tokyo)","48: 400","","1934"
kew-64985,A,Putranjivaceae,,Drypetes,,"obanensis",,"","S.Moore",Accepted,,H,WCSP,64985,345124-1,"Cat. Pl. Oban","97","","1913"
kew-64986,A,Putranjivaceae,,Drypetes,,"oblongifolia",,"","(Bedd.) Airy Shaw",Accepted,,H,WCSP,64986,345125-1,"Kew Bull.","23: 57","","1969"
kew-64987,A,Putranjivaceae,,Drypetes,,"obtusa",,"","Merr. & Chun",Accepted,,H,WCSP,64987,345126-1,"Sunyatsenia","5: 96","","1940"
kew-64988,A,Putranjivaceae,,Drypetes,,"occidentalis",,"","(Müll.Arg.) Hutch.",Accepted,,H,WCSP,64988,345127-1,"Fl. Trop. Afr.","6(1): 683","","1912"
kew-64989,A,Putranjivaceae,,Drypetes,,"ochrodasya",,"","Airy Shaw",Accepted,,H,WCSP,64989,897651-1,"Kew Bull.","36: 289","","1981"
kew-64990,A,Putranjivaceae,,Drypetes,,"ochrothrix",,"","Airy Shaw",Accepted,,H,WCSP,64990,345128-1,"Kew Bull.","21: 361","","1968"
kew-64991,A,Putranjivaceae,,Drypetes,,"oppositifolia",,"","Leandri",Accepted,,H,WCSP,64991,345129-1,"Mém. Inst. Sci. Madagascar, Sér. B, Biol. Vég.","8: 248","","1957"
kew-64992,A,Putranjivaceae,,Drypetes,,"ovalis",,"","(J.J.Sm. ex Koord. & Valeton) Pax & K.Hoffm.",Accepted,,H,WCSP,64992,,"Pflanzenr.","IV, 147, XV: 269","","1922"
kew-64994,A,Putranjivaceae,,Drypetes,,"oxyodonta",,"","Airy Shaw",Accepted,,H,WCSP,64994,345132-1,"Kew Bull.","23: 57","","1969"
kew-64995,A,Putranjivaceae,,Drypetes,,"pachycarpa",,"","Airy Shaw",Accepted,,H,WCSP,64995,345133-1,"Kew Bull.","29: 297","","1974"
kew-64996,A,Putranjivaceae,,Drypetes,,"pacifica",,"","(I.W.Bailey & A.C.Sm.) A.C.Sm.",Accepted,,H,WCSP,64996,345134-1,"Brittonia","16: 226","","1964"
kew-64999,A,Putranjivaceae,,Drypetes,,"parvifolia",,"","(Müll.Arg.) Pax & K.Hoffm.",Accepted,,H,WCSP,64999,,"Pflanzenr.","IV, 147, XV: 262","","1922"
kew-65000,A,Putranjivaceae,,Drypetes,,"paxii",,"","Hutch.",Accepted,,H,WCSP,65000,345137-1,"Fl. Trop. Afr.","6(1): 681","","1912"
kew-65001,A,Putranjivaceae,,Drypetes,,"pellegrinii",,"","Leandri",Accepted,,H,WCSP,65001,345138-1,"Bull. Soc. Bot. France","81: 459","","1934"
kew-65002,A,Putranjivaceae,,Drypetes,,"peltophora",,"","S.Moore",Accepted,,H,WCSP,65002,345139-1,"J. Bot.","58: 270","","1920"
kew-65003,A,Putranjivaceae,,Drypetes,,"pendula",,"","Ridl.",Accepted,,H,WCSP,65003,345140-1,"Bull. Misc. Inform. Kew","1923: 365","","1923"
kew-65004,A,Putranjivaceae,,Drypetes,,"perakensis",,"","Gage",Accepted,,H,WCSP,65004,345142-1,"Rec. Bot. Surv. India","9: 223","","1922"
tro-12806635,A,Putranjivaceae,,Drypetes,,"percoriacea",,"","A.H. Gentry",Unresolved,,L,TRO,12806635,,"","","",""
kew-65005,A,Putranjivaceae,,Drypetes,,"perreticulata",,"","Gagnep.",Accepted,,H,WCSP,65005,345143-1,"Bull. Soc. Bot. France","71: 260","","1924"
kew-65006,A,Putranjivaceae,,Drypetes,,"perrieri",,"","Leandri ex Humbert",Accepted,,H,WCSP,65006,,"Notul. Syst. (Paris)","7: 194","","1939"
kew-65008,A,Putranjivaceae,,Drypetes,,"picardae",,"","Krug & Urb.",Accepted,,H,WCSP,65008,,"Symb. Antill.","1: 834","","1899"
kew-65012,A,Putranjivaceae,,Drypetes,,"poilanei",,"","Gagnep.",Accepted,,H,WCSP,65012,345149-1,"Bull. Soc. Bot. France","71: 260","","1924"
kew-65013,A,Putranjivaceae,,Drypetes,,"polyalthioides",,"","Airy Shaw",Accepted,,H,WCSP,65013,345150-1,"Kew Bull.","29: 299","","1974"
kew-65014,A,Putranjivaceae,,Drypetes,,"polyantha",,"","Pax & K.Hoffm.",Accepted,,H,WCSP,65014,,"Pflanzenr.","IV, 147, XV: 259","","1922"
kew-65015,A,Putranjivaceae,,Drypetes,,"polyneura",,"","Airy Shaw",Accepted,,H,WCSP,65015,345152-1,"Kew Bull.","20: 388","","1966"
kew-65016,A,Putranjivaceae,,Drypetes,,"porteri",,"","(Gamble) Pax & K.Hoffm.",Accepted,,H,WCSP,65016,,"Pflanzenr.","IV, 147, XV: 268","","1922"
kew-65017,A,Putranjivaceae,,Drypetes,,"preussii",,"","(Pax) Hutch.",Accepted,,H,WCSP,65017,345154-1,"Fl. Trop. Afr.","6(1): 686","","1912"
kew-65018,A,Putranjivaceae,,Drypetes,,"principum",,"","(Müll.Arg.) Hutch.",Accepted,,H,WCSP,65018,345155-1,"Fl. Trop. Afr.","6(1): 684","","1912"
kew-65019,A,Putranjivaceae,,Drypetes,,"prunifera",,"","Airy Shaw",Accepted,,H,WCSP,65019,345156-1,"Kew Bull.","19: 304","","1965"
kew-65022,A,Putranjivaceae,,Drypetes,,"reticulata",,"","Pax",Accepted,,H,WCSP,65022,345159-1,"Bot. Jahrb. Syst.","43: 219","","1909"
kew-65023,A,Putranjivaceae,,Drypetes,,"rhakodiskos",,"","(Hassk.) Bakh.f.",Accepted,,H,WCSP,65023,,"Blumea","12: 62","","1963"
kew-65026,A,Putranjivaceae,,Drypetes,,"riparia",,"","Ridl.",Accepted,,H,WCSP,65026,345163-1,"Bull. Misc. Inform. Kew","1923: 365","","1923"
kew-65027,A,Putranjivaceae,,Drypetes,,"riseleyi",,"","Airy Shaw",Accepted,,H,WCSP,65027,345164-1,"Kew Bull.","18: 272","","1965"
kew-65028,A,Putranjivaceae,,Drypetes,,"rotensis",,"","Kaneh.",Accepted,,H,WCSP,65028,345165-1,"Bot. Mag. (Tokyo)","48: 733","","1934"
kew-65032,A,Putranjivaceae,,Drypetes,,"rubriflora",,"","Pax & K.Hoffm.",Accepted,,H,WCSP,65032,,"Pflanzenr.","IV, 147, XV: 261","","1922"
kew-65033,A,Putranjivaceae,,Drypetes,,"salicifolia",,"","Gagnep.",Accepted,,H,WCSP,65033,345169-1,"Bull. Soc. Bot. France","71: 261","","1924"
kew-65035,A,Putranjivaceae,,Drypetes,,"sclerophylla",,"","Mildbr.",Accepted,,H,WCSP,65035,345171-1,"Notizbl. Bot. Gart. Berlin-Dahlem","12: 515","","1935"
kew-65036,A,Putranjivaceae,,Drypetes,,"sepiaria",,"","(Wight & Arn.) Pax & K.Hoffm.",Accepted,,H,WCSP,65036,,"Pflanzenr.","IV, 147, XV: 271","","1922"
kew-65038,A,Putranjivaceae,,Drypetes,,"serrata",,"","(Maycock) Krug & Urb.",Accepted,,H,WCSP,65038,85507-2,"Bot. Jahrb. Syst.","15: 354","","1892"
kew-65040,A,Putranjivaceae,,Drypetes,,"sessiliflora",,"","Allemão",Accepted,,H,WCSP,65040,345177-1,"Diss. Dry.","","","1844"
kew-65042,A,Putranjivaceae,,Drypetes,,"sherffii",,"","Govaerts & Radcl.-Sm.",Accepted,,H,WCSP,65042,987384-1,"Kew Bull.","51: 175","","1996"
kew-65043,A,Putranjivaceae,,Drypetes,,"sibuyanensis",,"","(Elmer) Pax & K.Hoffm.",Accepted,,H,WCSP,65043,,"Pflanzenr.","IV, 147, XV: 247","","1922"
kew-65044,A,Putranjivaceae,,Drypetes,,"simalurensis",,"","J.J.Sm.",Accepted,,H,WCSP,65044,345179-1,"Bull. Jard. Bot. Buitenzorg","III, 6: 90","","1924"
kew-65047,A,Putranjivaceae,,Drypetes,,"singroboensis",,"","Aké Assi",Accepted,,H,WCSP,65047,345181-1,"Bull. Jard. Bot. État","30: 397","","1960"
kew-65048,A,Putranjivaceae,,Drypetes,,"spinosodentata",,"","(Pax) Hutch.",Accepted,,H,WCSP,65048,,"Fl. Trop. Afr.","6(1): 688","","1912"
kew-65051,A,Putranjivaceae,,Drypetes,,"standleyi",,"","G.L.Webster",Accepted,,H,WCSP,65051,85510-2,"Madroño","24: 65","","1977"
kew-65052,A,Putranjivaceae,,Drypetes,,"staudtii",,"","(Pax) Hutch.",Accepted,,H,WCSP,65052,345186-1,"Fl. Trop. Afr.","6(1): 685","","1912"
kew-65053,A,Putranjivaceae,,Drypetes,,"stipulacea",,"","Leandri",Accepted,,H,WCSP,65053,345187-1,"Mém. Inst. Sci. Madagascar, Sér. B, Biol. Vég.","8: 251","","1957"
kew-65054,A,Putranjivaceae,,Drypetes,,"stipularis",,"","(Müll.Arg.) Hutch.",Accepted,,H,WCSP,65054,345188-1,"Fl. Trop. Afr.","6(1): 685","","1912"
kew-65055,A,Putranjivaceae,,Drypetes,,"stylosa",,"","Airy Shaw",Accepted,,H,WCSP,65055,345189-1,"Kew Bull.","29: 301","","1974"
kew-65056,A,Putranjivaceae,,Drypetes,,"subcrenata",,"","(Merr.) Pax & K.Hoffm.",Accepted,,H,WCSP,65056,,"Pflanzenr.","IV, 147, XV: 274","","1922"
kew-65057,A,Putranjivaceae,,Drypetes,,"subcubica",,"","(J.J.Sm.) Pax & K.Hoffm.",Accepted,,H,WCSP,65057,,"Pflanzenr.","IV, 147, XV: 250","","1922"
kew-65061,A,Putranjivaceae,,Drypetes,,"subsessilis",,"","(Kurz) Pax & K.Hoffm.",Accepted,,H,WCSP,65061,,"Pflanzenr.","IV, 147, XV: 248","","1922"
kew-65062,A,Putranjivaceae,,Drypetes,,"subsymmetrica",,"","J.J.Sm.",Accepted,,H,WCSP,65062,345195-1,"Bull. Jard. Bot. Buitenzorg","III, 6: 88","","1924"
kew-65063,A,Putranjivaceae,,Drypetes,,"sumatrana",,"","(Miq.) Pax & K.Hoffm.",Accepted,,H,WCSP,65063,,"Pflanzenr.","IV, 147, XV: 270","","1922"
kew-65064,A,Putranjivaceae,,Drypetes,,"talamauensis",,"","J.J.Sm.",Accepted,,H,WCSP,65064,345197-1,"Bull. Jard. Bot. Buitenzorg","III, 6: 91","","1924"
kew-65065,A,Putranjivaceae,,Drypetes,,"talbotii",,"","S.Moore",Unresolved,,L,WCSP,65065,345198-1,"Cat. Pl. Oban","97","","1913"
kew-65066,A,Putranjivaceae,,Drypetes,,"taylorii",,"","S.Moore",Accepted,,H,WCSP,65066,345199-1,"J. Bot.","58: 270","","1920"
kew-65067,A,Putranjivaceae,,Drypetes,,"tessmanniana",,"","(Pax) Pax & K.Hoffm.",Accepted,,H,WCSP,65067,,"Pflanzenr.","IV, 147, XV: 262","","1922"
kew-65068,A,Putranjivaceae,,Drypetes,,"teysmannii",,"","(Hassk.) Bakh.f. & Steenis",Accepted,,H,WCSP,65068,345201-1,"Blumea","8: 515","","1957"
kew-65069,A,Putranjivaceae,,Drypetes,,"thorelii",,"","Gagnep.",Accepted,,H,WCSP,65069,345202-1,"Bull. Soc. Bot. France","71: 262","","1924"
kew-65070,A,Putranjivaceae,,Drypetes,,"thouarsiana",,"","(Baill.) Capuron",Accepted,,H,WCSP,65070,345203-1,"Adansonia","n.s., 3: 378","","1963"
kew-65071,A,Putranjivaceae,,Drypetes,,"thouarsii",,"","(Baill.) Leandri",Accepted,,H,WCSP,65071,345204-1,"Mém. Inst. Sci. Madagascar, Sér. B, Biol. Vég.","8: 245","","1957"
kew-65073,A,Putranjivaceae,,Drypetes,,"tomentella",,"","Pax & K.Hoffm.",Accepted,,H,WCSP,65073,,"Pflanzenr.","IV, 147, XV: 273","","1922"
kew-65076,A,Putranjivaceae,,Drypetes,,"ugandensis",,"","(Rendle) Hutch.",Accepted,,H,WCSP,65076,345209-1,"Fl. Trop. Afr.","6(1): 687","","1912"
kew-65078,A,Putranjivaceae,,Drypetes,,"usambarica",,"","(Pax) Hutch.",Accepted,,H,WCSP,65078,345212-1,"Fl. Trop. Afr.","6(1): 686","","1912"
kew-65082,A,Putranjivaceae,,Drypetes,,"usambarica",var.,"trichogyna","Radcl.-Sm.",Accepted,,L,WCSP,65082,918892-1,"Kew Bull.","40: 657","","1985"
kew-65084,A,Putranjivaceae,,Drypetes,,"variabilis",,"","Uittien",Accepted,,H,WCSP,65084,345213-1,"Recueil Trav. Bot. Néerl.","22: 348","","1925"
kew-65085,A,Putranjivaceae,,Drypetes,,"venusta",,"","(Wight) Pax & K.Hoffm.",Accepted,,H,WCSP,65085,,"Pflanzenr.","IV, 147, XV: 268","","1922"
kew-65086,A,Putranjivaceae,,Drypetes,,"vernicosa",,"","P.I.Forst.",Accepted,,H,WCSP,65086,994121-1,"Austrobaileya","4: 486","","1997"
kew-65087,A,Putranjivaceae,,Drypetes,,"verrucosa",,"","Hutch.",Accepted,,H,WCSP,65087,345215-1,"Fl. Trop. Afr.","6(1): 677","","1912"
kew-65089,A,Putranjivaceae,,Drypetes,,"vilhenae",,"","Cavaco",Accepted,,H,WCSP,65089,345217-1,"Bull. Mus. Natl. Hist. Nat.","II, 26: 284","","1954"
kew-65090,A,Putranjivaceae,,Drypetes,,"viridis",,"","Airy Shaw",Accepted,,H,WCSP,65090,345218-1,"Kew Bull.","35: 389","","1980"
kew-65091,A,Putranjivaceae,,Drypetes,,"vitiensis",,"","Croizat",Accepted,,H,WCSP,65091,345219-1,"Sargentia","1: 49","","1942"
kew-65092,A,Putranjivaceae,,Drypetes,,"wightii",,"","(Hook.f.) Pax & K.Hoffm.",Accepted,,H,WCSP,65092,,"Pflanzenr.","IV, 147, XV: 273","","1922"
kew-65093,A,Putranjivaceae,,Drypetes,,"xanthophylloides",,"","Airy Shaw",Accepted,,H,WCSP,65093,897652-1,"Kew Bull.","36: 603","","1981"
kew-65095,A,Putranjivaceae,,Drypetes,,"yapensis",,"","Tuyama",Accepted,,H,WCSP,65095,345222-1,"J. Jap. Bot.","16: 198","","1940"
kew-171009,A,Putranjivaceae,,Putranjiva,,"formosana",,"","Kaneh. & Sasaki ex Shimada",Accepted,,H,WCSP,171009,,"Cat. Governm. Herb. (Form.)","312","","1930"
kew-171011,A,Putranjivaceae,,Putranjiva,,"matsumurae",,"","Koidz.",Accepted,,H,WCSP,171011,355113-1,"Bot. Mag. (Tokyo)","33: 116","","1919"
kew-171012,A,Putranjivaceae,,Putranjiva,,"roxburghii",,"","Wall.",Accepted,,H,WCSP,171012,355114-1,"Tent. Fl. Napal.","61","","1826"
kew-171014,A,Putranjivaceae,,Putranjiva,,"zeylanica",,"","(Thwaites) Müll.Arg.",Accepted,,H,WCSP,171014,355116-1,"Prodr.","15(2): 444","","1866"
kew-190998,A,Putranjivaceae,,Sibangea,,"arborescens",,"","Oliv.",Accepted,,H,WCSP,190998,356394-1,"Hooker's Icon. Pl.","15: t. 1411","","1883"
kew-190999,A,Putranjivaceae,,Sibangea,,"pleioneura",,"","Radcl.-Sm.",Accepted,,H,WCSP,190999,356395-1,"Kew Bull.","32: 481","","1978"
kew-191000,A,Putranjivaceae,,Sibangea,,"similis",,"","(Hutch.) Radcl.-Sm.",Accepted,,H,WCSP,191000,356396-1,"Kew Bull.","32: 481","","1978"
