﻿ID,Major group,Family,Genus hybrid marker,Genus,Species hybrid marker,Species,Infraspecific rank,Infraspecific epithet,Authorship,Taxonomic status in TPL,Nomenclatural status from original data source,Confidence level,Source,Source id,IPNI id,Publication,Collation,Page,Date
tro-35190099,B,Radulaceae,,Martinellius,,"compactus",,"","Lindb.",Unresolved,,L,TRO,35190099,,"Helsingfors Dagblad","1876((323)): [2]","[2]","1876"
tro-35189840,B,Radulaceae,,Martinellius,,"microdontus",,"","Mitt.",Accepted,,M,TRO,35189840,,"Trans. Linn. Soc. London, Bot.","3: 196","196","1891"
tro-35215082,B,Radulaceae,,Patarola,,"multicarinata",,"","(Lindenb.) Trevis.",Accepted,,M,TRO,35215082,,"Mem. Reale Ist. Lombardo Sci., Ser. 3, Cl. Sci. Mat.","4: 410","410","1877"
tro-35215085,B,Radulaceae,,Patarola,,"uvifera",,"","(Hook. f. & Taylor) Trevis.",Accepted,,M,TRO,35215085,,"Mem. Reale Ist. Lombardo Sci., Ser. 3, Cl. Sci. Mat.","4: 410","410","1877"
tro-35200457,B,Radulaceae,,Radula,,"acuminata",,"","Stephani",Accepted,,M,TRO,35200457,,"Sp. Hepat.","4: 230","230","1910"
tro-35187647,B,Radulaceae,,Radula,,"affinis",,"","Lindenb. & Gottsche",Accepted,,M,TRO,35187647,,"Syn. Hepat.","725","725","1847"
tro-35216971,B,Radulaceae,,Radula,,"allamanoi",,"","Gola",Accepted,,M,TRO,35216971,,"Mem. Reale Accad. Sci. Torino, ser. 2,","65: 8","8","1914"
tro-35188052,B,Radulaceae,,Radula,,"amazonica",,"","Spruce",Accepted,,M,TRO,35188052,,"Trans. & Proc. Bot. Soc. Edinburgh","15: 321","321","1885"
tro-35209143,B,Radulaceae,,Radula,,"amentulosa",,"","Mitt.",Accepted,,M,TRO,35209143,,"Bonplandia","9: 367","367","1861"
tro-35212905,B,Radulaceae,,Radula,,"amoena",,"","Herzog",Accepted,,M,TRO,35212905,,"Mitt. Inst. Allg. Bot. Hamburg","7: 192. f. 4: d","192","1931"
tro-35209450,B,Radulaceae,,Radula,,"anceps",,"","Sande Lac.",Accepted,,M,TRO,35209450,,"Ned. Kruidk. Arch.","3: 419","419","1855"
tro-35206528,B,Radulaceae,,Radula,,"andicola",,"","Stephani",Unresolved,,L,TRO,35206528,,"Hedwigia","23: 114","114","1884"
tro-35209451,B,Radulaceae,,Radula,,"aneurysmalis",,"","(Hook. f. & Taylor) Gottsche, Lindenb. & Nees",Accepted,,M,TRO,35209451,,"Syn. Hepat.","262","262","1845"
tro-35188054,B,Radulaceae,,Radula,,"angulata",,"","Stephani",Accepted,,M,TRO,35188054,,"Hedwigia","23: 114","114","1884"
tro-35188055,B,Radulaceae,,Radula,,"antilleana",,"","Castle",Unresolved,,L,TRO,35188055,,"J. Hattori Bot. Lab.","21: 48. f. 22","48","1959"
tro-35190820,B,Radulaceae,,Radula,,"apiculata",,"","Sande Lac. ex Stephani",Accepted,,M,TRO,35190820,,"Hedwigia","23: 150","150","1884"
tro-35206529,B,Radulaceae,,Radula,,"appendiculata",,"","Steph.",Accepted,,M,TRO,35206529,,"Biblioth. Bot.","87: 231. f. 177: a","231","1916"
tro-35207757,B,Radulaceae,,Radula,,"appressa",,"","Mitt.",Accepted,,M,TRO,35207757,,"Philos. Trans.","168(extra vol.): 397","397","1879"
tro-35208497,B,Radulaceae,,Radula,,"aquilegia",,"","(Hook. f. & Taylor) Gottsche, Lindenb. & Nees",Accepted,,M,TRO,35208497,,"Syn. Hepat.","260","260","1845"
tro-35188056,B,Radulaceae,,Radula,,"arsenii",,"","Stephani",Unresolved,,L,TRO,35188056,,"Sp. Hepat.","6: 505","505","1924"
tro-35206586,B,Radulaceae,,Radula,,"assamica",,"","Stephani",Accepted,,M,TRO,35206586,,"Hedwigia","23: 151","151","1884"
tro-35188058,B,Radulaceae,,Radula,,"aurantii",,"","Spruce",Unresolved,,L,TRO,35188058,,"Bull. Soc. Bot. France","36(Suppl.: Congr. Bot.): cxciv","Congr","1889"
tro-35185909,B,Radulaceae,,Radula,,"auriculata",,"","Stephani",Accepted,,M,TRO,35185909,,"Nov. Stirp. Pug.","","",""
tro-35202287,B,Radulaceae,,Radula,,"australiana",,"","K. Yamada",Accepted,,M,TRO,35202287,,"J. Hattori Bot. Lab.","51: 323. f. 1","323","1982"
tro-35185910,B,Radulaceae,,Radula,,"australis",,"","Austin",Accepted,,M,TRO,35185910,,"Bot. Gaz.","1: 32","32","1876"
tro-35206530,B,Radulaceae,,Radula,,"bipinnata",,"","Mitt.",Unresolved,,L,TRO,35206530,,"J. Proc. Linn. Soc., Bot.","7: 166","166","1863"
tro-35188062,B,Radulaceae,,Radula,,"bogotensis",,"","Stephani",Unresolved,,L,TRO,35188062,,"Hedwigia","23: 115","115","1884"
tro-35185911,B,Radulaceae,,Radula,,"bolanderi",,"","Gottsche",Accepted,,M,TRO,35185911,,"Hedwigia","23: 145","145","1884"
tro-35206531,B,Radulaceae,,Radula,,"boliviana",,"","Steph.",Accepted,,M,TRO,35206531,,"Biblioth. Bot.","87: 231. f. 176: c","231","1916"
tro-35202293,B,Radulaceae,,Radula,,"boninensis",,"","Furuki & K. Yamada",Accepted,,M,TRO,35202293,,"J. Jap. Bot.","61: 312. f. 1","312","1986"
tro-35209453,B,Radulaceae,,Radula,,"borneensis",,"","Stephani",Unresolved,,L,TRO,35209453,,"Sp. Hepat.","4: 209","209","1910"
tro-35187648,B,Radulaceae,,Radula,,"boryana",,"","(F. Weber) Nees",Accepted,,M,TRO,35187648,,"Ann. Sci. Nat., Bot., sér. 2,","18: 13","13","1842"
tro-35188358,B,Radulaceae,,Radula,,"brasilica",,"","K. Yamada",Accepted,,M,TRO,35188358,,"J. Hattori Bot. Lab.","74: 35. f. 1","35","1993"
tro-35209808,B,Radulaceae,,Radula,,"brunnea",,"","Stephani",Accepted,,M,TRO,35209808,,"Sp. Hepat.","4: 232","232","1910"
tro-35212041,B,Radulaceae,,Radula,,"buccinifera",,"","(Hook. f. & Taylor) Gottsche, Lindenb. & Nees",Accepted,,M,TRO,35212041,,"Syn. Hepat.","261","261","1845"
tro-35209033,B,Radulaceae,,Radula,,"caduca",,"","K. Yamada",Accepted,,M,TRO,35209033,,"J. Hattori Bot. Lab.","45: 225. f. 8","225","1979"
tro-35187649,B,Radulaceae,,Radula,,"calcarata",,"","Stephani",Accepted,,M,TRO,35187649,,"Rev. Bryol.","36: 140","140","1909"
tro-35188065,B,Radulaceae,,Radula,,"caldana",,"","Ångström",Unresolved,,L,TRO,35188065,,"Öfvers. Förh. Kongl. Svenska Vetensk.-Akad.","33(7): 81","81","1876"
tro-35204170,B,Radulaceae,,Radula,,"campanigera",,"","Mont.",Accepted,,M,TRO,35204170,,"London J. Bot.","3: 634","634","1844"
tro-35211359,B,Radulaceae,,Radula,,"campanigera",subsp.,"obiensis","(S. Hatt.) K. Yamada",Accepted,,L,TRO,35211359,,"J. Hattori Bot. Lab.","45: 309","309","1979"
tro-35188066,B,Radulaceae,,Radula,,"campanulata",,"","Lindenb. & Gottsche",Unresolved,,L,TRO,35188066,,"Syn. Hepat.","256","256","1844"
tro-35207542,B,Radulaceae,,Radula,,"carringtonii",,"","J.B. Jack",Accepted,,M,TRO,35207542,,"Flora","64: 385","385","1881"
tro-35190821,B,Radulaceae,,Radula,,"cavifolia",,"","Hampe",Accepted,,M,TRO,35190821,,"Syn. Hepat.","259","259","1845"
tro-35209034,B,Radulaceae,,Radula,,"ceylanica",,"","K. Yamada",Accepted,,M,TRO,35209034,,"J. Jap. Bot.","50: 373. f. 1","373","1975"
tro-35209035,B,Radulaceae,,Radula,,"chinensis",,"","Steph.",Accepted,,M,TRO,35209035,,"Nuovo Giorn. Bot. Ital., n.s.,","13: 355","355","1884"
tro-35188067,B,Radulaceae,,Radula,,"claviflora",,"","Spruce",Unresolved,,L,TRO,35188067,,"Mem. Torrey Bot. Club","1: 127","127","1890"
tro-35188359,B,Radulaceae,,Radula,,"cochabambaensis",,"","K. Yamada",Accepted,,M,TRO,35188359,,"J. Hattori Bot. Lab.","74: 37. f. 2","37","1993"
tro-35215823,B,Radulaceae,,Radula,,"comorensis",,"","Stephani",Accepted,,M,TRO,35215823,,"Hedwigia","23: 132","132","1884"
tro-35185912,B,Radulaceae,,Radula,,"complanata",,"","(L.) Dumort.",Accepted,,M,TRO,35185912,,"Syll. Jungerm. Europ.","38","38","1831"
tro-35187650,B,Radulaceae,,Radula,,"conferta",,"","Lindenb. & Gottsche",Accepted,,M,TRO,35187650,,"Syn. Hepat.","729","729","1847"
tro-35200360,B,Radulaceae,,Radula,,"constricta",,"","Stephani",Accepted,,M,TRO,35200360,,"Sp. Hepat.","6: 506","506","1924"
tro-35188069,B,Radulaceae,,Radula,,"convexa",,"","Steph.",Accepted,,M,TRO,35188069,,"Biblioth. Bot.","87: 232. f. 176: b","232","1916"
tro-35215944,B,Radulaceae,,Radula,,"cordiloba",,"","Taylor",Unresolved,,L,TRO,35215944,,"London J. Bot.","4: 375","375","1846"
tro-35188070,B,Radulaceae,,Radula,,"cordovana",,"","J.B. Jack ex Stephani",Unresolved,,L,TRO,35188070,,"Hedwigia","23: 163","163","1884"
tro-35190041,B,Radulaceae,,Radula,,"corniculata",,"","Dumort.",Unresolved,,L,TRO,35190041,,"Syll. Jungerm. Europ.","43","43","1831"
tro-35191242,B,Radulaceae,,Radula,,"cornucopiae",,"","Spruce",Accepted,,M,TRO,35191242,,"Trans. & Proc. Bot. Soc. Edinburgh","15: 318","318","1885"
tro-35188071,B,Radulaceae,,Radula,,"cubensis",,"","K. Yamada",Accepted,,M,TRO,35188071,,"J. Hattori Bot. Lab.","54: 241. f. 1","241","1983"
tro-35216617,B,Radulaceae,,Radula,,"curvilobula",,"","M. L. So",Accepted,,M,TRO,35216617,,"J. Hattori Bot. Lab.","98: 176","176","2005"
tro-35188072,B,Radulaceae,,Radula,,"decora",,"","Gottsche ex Stephani",Accepted,,M,TRO,35188072,,"Hedwigia","23: 145","145","1884"
tro-35213899,B,Radulaceae,,Radula,,"decurrens",,"","Mitt.",Unresolved,,L,TRO,35213899,,"Fl. Vit.","419","419","1873"
tro-35188073,B,Radulaceae,,Radula,,"diedrichsenii",,"","Stephani",Unresolved,,L,TRO,35188073,,"Sp. Hepat.","4: 179","179","1910"
tro-35188074,B,Radulaceae,,Radula,,"diversifolia",,"","Stephani",Accepted,,M,TRO,35188074,,"Sp. Hepat.","4: 212","212","1910"
tro-35188075,B,Radulaceae,,Radula,,"diversitexta",,"","Stephani",Unresolved,,L,TRO,35188075,,"Bih. Kongl. Svenska Vetensk.-Akad. Handl.","26(III.6): 62","62","1900"
tro-35202256,B,Radulaceae,,Radula,,"dolabrata",,"","K. Yamada",Accepted,,M,TRO,35202256,,"J. Jap. Bot.","60: 1. f. 1","1","1985"
tro-35188076,B,Radulaceae,,Radula,,"dominicensis",,"","Stephani",Unresolved,,L,TRO,35188076,,"Sp. Hepat.","6: 507","507","1924"
tro-35188077,B,Radulaceae,,Radula,,"drepanophylla",,"","Stephani",Unresolved,,L,TRO,35188077,,"Sp. Hepat.","4: 212","212","1910"
tro-35188078,B,Radulaceae,,Radula,,"dusenii",,"","Stephani",Unresolved,,L,TRO,35188078,,"Bih. Kongl. Svenska Vetensk.-Akad. Handl.","26(III.6): 61","61","1900"
tro-35188079,B,Radulaceae,,Radula,,"eggersiana",,"","Stephani",Unresolved,,L,TRO,35188079,,"Hedwigia","27: 302","302","1888"
tro-35201133,B,Radulaceae,,Radula,,"eggersii",,"","K. Yamada",Accepted,,M,TRO,35201133,,"J. Hattori Bot. Lab.","82: 339. f. 2","339","1997"
tro-35187652,B,Radulaceae,,Radula,,"elegans",,"","Stephani",Accepted,,M,TRO,35187652,,"Sp. Hepat.","4: 172","172","1910"
tro-35188081,B,Radulaceae,,Radula,,"elliottii",,"","Castle",Accepted,,M,TRO,35188081,,"J. Hattori Bot. Lab.","21: 12. f. 5","12","1959"
tro-35207212,B,Radulaceae,,Radula,,"emarginata",,"","K. Yamada & Piippo",Accepted,,M,TRO,35207212,,"Ann. Bot. Fenn.","26: 352. f. 2","352","1989"
tro-35188082,B,Radulaceae,,Radula,,"epiphylla",,"","Mitt.",Unresolved,,L,TRO,35188082,,"Hedwigia","23: 151","151","1884"
tro-35191243,B,Radulaceae,,Radula,,"episcia",,"","Spruce",Accepted,,M,TRO,35191243,,"Trans. & Proc. Bot. Soc. Edinburgh","15: 318","318","1885"
tro-35210010,B,Radulaceae,,Radula,,"evansii",,"","Castle",Accepted,,M,TRO,35210010,,"Ann. Bryol.","11: 37","37","1938"
tro-35210685,B,Radulaceae,,Radula,,"evelynae",,"","K. Yamada",Accepted,,M,TRO,35210685,,"J. Jap. Bot.","50: 115. f. 1","115","1975"
tro-35215824,B,Radulaceae,,Radula,,"exigua",,"","Stephani",Accepted,,M,TRO,35215824,,"Sp. Hepat.","4: 195","195","1910"
tro-35188083,B,Radulaceae,,Radula,,"falcifolia",,"","Stephani",Unresolved,,L,TRO,35188083,,"Sp. Hepat.","4: 174","174","1910"
tro-35209811,B,Radulaceae,,Radula,,"fauriana",,"","Stephani",Accepted,,M,TRO,35209811,,"Sp. Hepat.","4: 207","207","1910"
tro-35188084,B,Radulaceae,,Radula,,"fendleri",,"","Gottsche ex Stephani",Accepted,,M,TRO,35188084,,"Hedwigia","23: 146","146","1884"
tro-35188085,B,Radulaceae,,Radula,,"fernandezana",,"","Stephani",Unresolved,,L,TRO,35188085,,"k s","","",""
tro-35185913,B,Radulaceae,,Radula,,"flaccida",,"","Lindenb. & Gottsche",Accepted,,M,TRO,35185913,,"Syn. Hepat.","726","726","1847"
tro-35208379,B,Radulaceae,,Radula,,"flavifolia",,"","(Hook. f. & Taylor) Gottsche, Lindenb. & Nees",Accepted,,M,TRO,35208379,,"Syn. Hepat.","259","259","1845"
tro-35188087,B,Radulaceae,,Radula,,"floridana",,"","Castle",Accepted,,M,TRO,35188087,,"Rev. Bryol. Lichénol.","36: 1","1","1968"
tro-35209454,B,Radulaceae,,Radula,,"formosa",,"","(C. F. W. Meissn. ex Spreng.) Nees",Accepted,,M,TRO,35209454,,"Syn. Hepat.","258","258","1845"
tro-35211366,B,Radulaceae,,Radula,,"formosa",var.,"pycnolejeuneoides","(Schiffner) N. Kitag.",Accepted,,L,TRO,35211366,,"Acta Phytotax. Geobot.","30: 38","38","1979"
tro-35188089,B,Radulaceae,,Radula,,"frondescens",,"","Stephani",Unresolved,,L,TRO,35188089,,"Sp. Hepat.","4: 194","194","1910"
tro-35188090,B,Radulaceae,,Radula,,"fruticosa",,"","Stephani",Unresolved,,L,TRO,35188090,,"Sp. Hepat.","4: 189","189","1910"
tro-35217619,B,Radulaceae,,Radula,,"fujitae",,"","Furuki",Accepted,,M,TRO,35217619,,"Bryol. Res.","9: 143","143","2007"
tro-35188091,B,Radulaceae,,Radula,,"galapagona",,"","Stephani",Unresolved,,L,TRO,35188091,,"Sp. Hepat.","4: 176","176","1910"
tro-35209812,B,Radulaceae,,Radula,,"gedena",,"","Stephani",Accepted,,M,TRO,35209812,,"Hedwigia","23: 146","146","1884"
tro-35206000,B,Radulaceae,,Radula,,"gemmulosa",,"","S. Hatt.",Unresolved,,L,TRO,35206000,,"J. Hattori Bot. Lab.","4: 65. f. 33","65","1959"
tro-35213525,B,Radulaceae,,Radula,,"gigantea",,"","Horik.",Accepted,,M,TRO,35213525,,"Sci. Rep. Tôhoku Imp. Univ., Ser. 4, Biol.","5: 636. f. 7","636","1930"
tro-35188092,B,Radulaceae,,Radula,,"goebelii",,"","Steph.",Accepted,,M,TRO,35188092,,"Biblioth. Bot.","87: 232. f. 176: d","232","1916"
tro-35187654,B,Radulaceae,,Radula,,"gottscheana",,"","Taylor",Unresolved,,L,TRO,35187654,,"London J. Bot.","5: 374","374","1846"
tro-35188094,B,Radulaceae,,Radula,,"gracilis",,"","Mitt. ex Stephani",Unresolved,,L,TRO,35188094,,"Hedwigia","23: 147","147","1884"
tro-35206978,B,Radulaceae,,Radula,,"gradsteinii",,"","K. Yamada",Accepted,,M,TRO,35206978,,"Trop. Bryol.","1: 37. f. 4","37","1989"
tro-35188095,B,Radulaceae,,Radula,,"grandiloba",,"","Steph.",Accepted,,M,TRO,35188095,,"Biblioth. Bot.","87: 232. f. 176: a","232","1916"
tro-35200385,B,Radulaceae,,Radula,,"grollei",,"","K. Yamada & Piippo",Accepted,,M,TRO,35200385,,"Ann. Bot. Fenn.","26: 379. f. 16","379","1989"
tro-35188096,B,Radulaceae,,Radula,,"guatemalensis",,"","Stephani",Unresolved,,L,TRO,35188096,,"Sp. Hepat.","4: 198","198","1910"
tro-35206979,B,Radulaceae,,Radula,,"guyanensis",,"","K. Yamada",Accepted,,M,TRO,35206979,,"Trop. Bryol.","1: 38. f. 5","38","1989"
tro-35188097,B,Radulaceae,,Radula,,"hastata",,"","Stephani",Unresolved,,L,TRO,35188097,,"Sp. Hepat.","4: 163","163","1910"
tro-35202236,B,Radulaceae,,Radula,,"hattorii",,"","K. Yamada",Accepted,,M,TRO,35202236,,"J. Jap. Bot.","60: 259. f. 2","259","1985"
tro-35216618,B,Radulaceae,,Radula,,"hawaiica",,"","M. L. So",Accepted,,M,TRO,35216618,,"J. Hattori Bot. Lab.","98: 177","177","2005"
tro-35208381,B,Radulaceae,,Radula,,"helix",,"","(Hook. f. & Taylor) Gottsche, Lindenb. & Nees",Accepted,,M,TRO,35208381,,"Syn. Hepat.","260","260","1847"
tro-35202489,B,Radulaceae,,Radula,,"hicksiae",,"","K. Yamada",Accepted,,M,TRO,35202489,,"Cryptog. Bryol. Lichénol.","5: 191. f. 1","191","1984"
tro-35203379,B,Radulaceae,,Radula,,"holstiana",,"","Stephani",Accepted,,M,TRO,35203379,,"Bot. Jahrb. Syst.","20: 320","320","1895"
tro-35207543,B,Radulaceae,,Radula,,"holtii",,"","Spruce",Accepted,,M,TRO,35207543,,"J. Bot.","25: 209","209","1887"
tro-35187655,B,Radulaceae,,Radula,,"husnotii",,"","Castle",Accepted,,M,TRO,35187655,,"J. Hattori Bot. Lab.","21: 45. f. 21","45","1959"
tro-35188099,B,Radulaceae,,Radula,,"inflata",,"","Stephani",Unresolved,,L,TRO,35188099,,"Sp. Hepat.","4: 211","211","1910"
tro-35188100,B,Radulaceae,,Radula,,"inflexa",,"","Gottsche ex Stephani",Accepted,,M,TRO,35188100,,"Hedwigia","23: 148","148","1884"
tro-35209455,B,Radulaceae,,Radula,,"inouei",,"","K. Yamada",Accepted,,M,TRO,35209455,,"J. Hattori Bot. Lab.","45: 262. f. 32","262","1979"
tro-35188101,B,Radulaceae,,Radula,,"involvens",,"","Spruce",Accepted,,M,TRO,35188101,,"Trans. & Proc. Bot. Soc. Edinburgh","15: 325","325","1885"
tro-35203031,B,Radulaceae,,Radula,,"iwatsukiana",,"","K. Yamada",Accepted,,M,TRO,35203031,,"J. Hattori Bot. Lab.","58: 114. f. 2","114","1985"
tro-35207628,B,Radulaceae,,Radula,,"iwatsukii",,"","K. Yamada",Accepted,,M,TRO,35207628,,"J. Hattori Bot. Lab.","45: 275. f. 40","275","1979"
tro-35188102,B,Radulaceae,,Radula,,"jamesonii",,"","Taylor",Unresolved,,L,TRO,35188102,,"London J. Bot.","5: 375","375","1846"
tro-35190819,B,Radulaceae,,Radula,,"japonica",,"","Gottsche ex Stephani",Accepted,,M,TRO,35190819,,"Hedwigia","23: 152","152","1884"
tro-35204172,B,Radulaceae,,Radula,,"javanica",,"","Gottsche",Accepted,,M,TRO,35204172,,"Syn. Hepat.","257","257","1845"
tro-35207147,B,Radulaceae,,Radula,,"jonesii",,"","Bouman, Dirkse & K. Yamada",Accepted,,M,TRO,35207147,,"J. Bryol.","15: 161. f. 1","161","1988"
tro-35202467,B,Radulaceae,,Radula,,"jovetiana",,"","K. Yamada",Accepted,,M,TRO,35202467,,"Cryptog. Bryol. Lichénol.","5: 193. f. 2","193","1984"
tro-35206001,B,Radulaceae,,Radula,,"kanemarui",,"","S. Hatt.",Accepted,,M,TRO,35206001,,"J. Hattori Bot. Lab.","4: 67. f. 34","67","1950"
tro-35187749,B,Radulaceae,,Radula,,"kegelii",,"","Gottsche ex Stephani",Accepted,,M,TRO,35187749,,"Hedwigia","23: 152","152","1884"
tro-35203008,B,Radulaceae,,Radula,,"kitagawae",,"","K. Yamada",Accepted,,M,TRO,35203008,,"J. Hattori Bot. Lab.","58: 116. f. 3","116","1985"
tro-35202992,B,Radulaceae,,Radula,,"koghiensis",,"","K. Yamada",Accepted,,M,TRO,35202992,,"J. Hattori Bot. Lab.","58: 118. f. 4","118","1985"
tro-35209456,B,Radulaceae,,Radula,,"kojana",,"","Stephani",Accepted,,M,TRO,35209456,,"Bull. Herb. Boissier","5: 105","105","1897"
tro-35207213,B,Radulaceae,,Radula,,"koponenii",,"","K. Yamada & Piippo",Accepted,,M,TRO,35207213,,"Ann. Bot. Fenn.","26: 364. f. 8","364","1989"
tro-35188104,B,Radulaceae,,Radula,,"korthalsii",,"","Stephani",Unresolved,,L,TRO,35188104,,"Hedwigia","23: 133","133","1884"
tro-35209457,B,Radulaceae,,Radula,,"kurzii",,"","Stephani",Accepted,,M,TRO,35209457,,"Hedwigia","23: 153","153","1884"
tro-35209458,B,Radulaceae,,Radula,,"lacerata",,"","Stephani",Accepted,,M,TRO,35209458,,"Sp. Hepat.","4: 155","155","1910"
tro-35212906,B,Radulaceae,,Radula,,"laciniata",,"","Herzog",Accepted,,M,TRO,35212906,,"Mitt. Inst. Allg. Bot. Hamburg","7: 193. f. 3, 4: a–c","193","1931"
tro-35188106,B,Radulaceae,,Radula,,"laxiramea",,"","Stephani",Unresolved,,L,TRO,35188106,,"Sp. Hepat.","4: 178","178","1910"
tro-35187656,B,Radulaceae,,Radula,,"leiboldii",,"","Stephani",Accepted,,M,TRO,35187656,,"Hedwigia","23: 116","116","1884"
tro-35188360,B,Radulaceae,,Radula,,"lewisii",,"","K. Yamada",Accepted,,M,TRO,35188360,,"J. Hattori Bot. Lab.","74: 39. f. 3","39","1993"
tro-35188108,B,Radulaceae,,Radula,,"ligula",,"","Stephani",Accepted,,M,TRO,35188108,,"Sp. Hepat.","4: 228","228","1910"
tro-35203405,B,Radulaceae,,Radula,,"lindbergiana",,"","Gottsche ex C. Hartm.",Accepted,,M,TRO,35203405,,"Handb. Skand. Fl. (ed. 9)","2: 98","98","1864"
tro-35188253,B,Radulaceae,,Radula,,"lindenbergiana",,"","Gottsche ex Hartm.",Accepted,,M,TRO,35188253,,"Handb. Skand. Fl. (ed. 9)","2: 98","98","1864"
tro-35209412,B,Radulaceae,,Radula,,"lindigii",,"","Castle",Unresolved,,L,TRO,35209412,,"J. Hattori Bot. Lab.","21: 29. f. 13","29","1959"
tro-35188109,B,Radulaceae,,Radula,,"longifolia",,"","Stephani",Unresolved,,L,TRO,35188109,,"Sp. Hepat.","4: 181","181","1910"
tro-35188110,B,Radulaceae,,Radula,,"longiloba",,"","K. Yamada",Accepted,,M,TRO,35188110,,"J. Hattori Bot. Lab.","54: 243. f. 2","243","1983"
tro-35206532,B,Radulaceae,,Radula,,"longituba",,"","Steph.",Accepted,,M,TRO,35206532,,"Biblioth. Bot.","87: 233. f. 177: d–e","233","1916"
tro-35209408,B,Radulaceae,,Radula,,"loriana",,"","Castle",Unresolved,,L,TRO,35209408,,"J. Hattori Bot. Lab.","21: 6. f. 2","6","1959"
tro-35201174,B,Radulaceae,,Radula,,"lunulatilobula",,"","Horik.",Accepted,,M,TRO,35201174,,"J. Sci. Hiroshima Univ., Ser. B, Div. 2, Bot.","2: 226. f. 41","226","1934"
tro-35188372,B,Radulaceae,,Radula,,"macrodonta",,"","Stephani",Accepted,,M,TRO,35188372,,"Bull. Soc. Roy. Bot. Belgique","31: 76","76","1892"
tro-35215826,B,Radulaceae,,Radula,,"macroloba",,"","Stephani",Accepted,,M,TRO,35215826,,"Bull. Soc. Roy. Bot. Belgique","31: 121","121","1892"
tro-35187657,B,Radulaceae,,Radula,,"macrostachya",,"","Lindenb. & Gottsche",Accepted,,M,TRO,35187657,,"Syn. Hepat.","726","726","1847"
tro-35207629,B,Radulaceae,,Radula,,"madagascariensis",,"","Gottsche",Accepted,,M,TRO,35207629,,"Abh. Naturwiss. Vereine Bremen","7: 349","349","1882"
tro-35213534,B,Radulaceae,,Radula,,"magnilobula",,"","Horik.",Accepted,,M,TRO,35213534,,"J. Sci. Hiroshima Univ., Ser. B, Div. 2, Bot.","1: 127. f. 6; pl. 15: 11–15","127","1932"
tro-100366892,B,Radulaceae,,Radula,,"mammosa",,"","Spruce",Unresolved,,L,TRO,100366892,,"Mem. New York Bot. Gard.","1: 127","127","1890"
tro-35207343,B,Radulaceae,,Radula,,"marojezica",,"","E.W. Jones",Accepted,,M,TRO,35207343,,"J. Bryol.","17: 307. f. 1002","307","1992"
tro-35216619,B,Radulaceae,,Radula,,"mauiensis",,"","M. L. So",Accepted,,M,TRO,35216619,,"J. Hattori Bot. Lab.","98: 178","178","2005"
tro-35206980,B,Radulaceae,,Radula,,"mazarunensis",,"","K. Yamada",Accepted,,M,TRO,35206980,,"Trop. Bryol.","1: 38. f. 6","38","1989"
tro-35187658,B,Radulaceae,,Radula,,"mexicana",,"","Lindenb. & Gottsche ex Gottsche",Accepted,,M,TRO,35187658,,"Mexik. Leverm.","150","150","1863"
tro-35203428,B,Radulaceae,,Radula,,"meyeri",,"","Stephani",Unresolved,,L,TRO,35203428,,"Hedwigia","27: 62","62","1888"
tro-35188113,B,Radulaceae,,Radula,,"microloba",,"","Gottsche",Unresolved,,L,TRO,35188113,,"Syn. Hepat.","259","259","1845"
tro-35188114,B,Radulaceae,,Radula,,"microlobula",,"","Castle",Unresolved,,L,TRO,35188114,,"J. Hattori Bot. Lab.","21: 35. f. 16","35","1959"
tro-35207214,B,Radulaceae,,Radula,,"minutilobula",,"","K. Yamada & Piippo",Accepted,,M,TRO,35207214,,"Ann. Bot. Fenn.","26: 377. f. 14","377","1989"
tro-35212102,B,Radulaceae,,Radula,,"mizutanii",,"","K. Yamada",Unresolved,,L,TRO,35212102,,"J. Jap. Bot.","48: 134","134","1973"
tro-35185914,B,Radulaceae,,Radula,,"mollis",,"","Lindenb. & Gottsche",Accepted,,M,TRO,35185914,,"Syn. Hepat.","725","725","1847"
tro-35188115,B,Radulaceae,,Radula,,"montana",,"","Stephani",Unresolved,,L,TRO,35188115,,"Sp. Hepat.","4: 176","176","1910"
tro-35207215,B,Radulaceae,,Radula,,"morobeana",,"","K. Yamada & Piippo",Accepted,,M,TRO,35207215,,"Ann. Bot. Fenn.","26: 358. f. 4","358","1989"
tro-35201602,B,Radulaceae,,Radula,,"multiflora",,"","Gottsche ex Schiffner",Unresolved,,L,TRO,35201602,,"Forschungsr. Gazelle","4: 20","20","1890"
tro-35212103,B,Radulaceae,,Radula,,"multiramosa",,"","Stephani",Unresolved,,L,TRO,35212103,,"Sp. Hepat.","6: 512","512","1924"
tro-35187660,B,Radulaceae,,Radula,,"neotropica",,"","Castle",Accepted,,M,TRO,35187660,,"J. Hattori Bot. Lab.","21: 31. f. 14","31","1959"
tro-35207217,B,Radulaceae,,Radula,,"norrisii",,"","K. Yamada & Piippo",Accepted,,M,TRO,35207217,,"Ann. Bot. Fenn.","26: 374. f. 13","374","1989"
tro-35212415,B,Radulaceae,,Radula,,"novae-guineae",,"","Stephani",Unresolved,,L,TRO,35212415,,"Sp. Hepat.","4: 233","233","1910"
tro-35203075,B,Radulaceae,,Radula,,"novivrieseana",,"","K. Yamada",Accepted,,M,TRO,35203075,,"J. Hattori Bot. Lab.","51: 326. f. 3","326","1982"
tro-35211378,B,Radulaceae,,Radula,,"novocaledonica",,"","Hürl. & K. Yamada",Accepted,,M,TRO,35211378,,"J. Jap. Bot.","54: 238. f. 1","238","1979"
tro-35202970,B,Radulaceae,,Radula,,"novocaledoniensis",,"","K. Yamada",Accepted,,M,TRO,35202970,,"J. Hattori Bot. Lab.","58: 120. f. 5","120","1985"
tro-35207216,B,Radulaceae,,Radula,,"novoguineensis",,"","K. Yamada & Piippo",Accepted,,M,TRO,35207216,,"Ann. Bot. Fenn.","26: 360. f. 7","360","1989"
tro-35188116,B,Radulaceae,,Radula,,"nudicaulis",,"","Stephani",Accepted,,M,TRO,35188116,,"Sp. Hepat.","4: 174","174","1910"
tro-35209459,B,Radulaceae,,Radula,,"nymanii",,"","Stephani",Accepted,,M,TRO,35209459,,"Sp. Hepat.","4: 229","229","1910"
tro-35185915,B,Radulaceae,,Radula,,"obconica",,"","Sull.",Accepted,,M,TRO,35185915,,"Manual (ed. 2)","700. pl. 8","700","1856"
tro-35187661,B,Radulaceae,,Radula,,"obovata",,"","Castle",Accepted,,M,TRO,35187661,,"J. Hattori Bot. Lab.","21: 16. f. 7","16","1959"
tro-35200458,B,Radulaceae,,Radula,,"obscura",,"","Mitt.",Accepted,,M,TRO,35200458,,"J. Proc. Linn. Soc., Bot.","5: 107","107","1861"
tro-35188118,B,Radulaceae,,Radula,,"obtusifolia",,"","Stephani",Unresolved,,L,TRO,35188118,,"Sp. Hepat.","4: 178","178","1910"
tro-35185916,B,Radulaceae,,Radula,,"obtusiloba",,"","Stephani",Accepted,,M,TRO,35185916,,"Bull. Herb. Boissier","5: 105","105","1897"
tro-35185917,B,Radulaceae,,Radula,,"obtusiloba",subsp.,"polyclada","(A. Evans) S. Hatt.",Accepted,,L,TRO,35185917,,"J. Hattori Bot. Lab.","29: 275","275","1966"
tro-35211383,B,Radulaceae,,Radula,,"ocellata",,"","K. Yamada",Accepted,,M,TRO,35211383,,"J. Hattori Bot. Lab.","45: 209","209","1979"
tro-35204173,B,Radulaceae,,Radula,,"okamurana",,"","Stephani",Accepted,,M,TRO,35204173,,"Sp. Hepat.","4: 209","209","1910"
tro-35209460,B,Radulaceae,,Radula,,"onraedtii",,"","K. Yamada",Accepted,,M,TRO,35209460,,"Misc. Bryol. Lichenol.","8: 113. f. 1","113","1979"
tro-35191460,B,Radulaceae,,Radula,,"opaciuscula",,"","(Spruce) Castle",Accepted,,M,TRO,35191460,,"J. Hattori Bot. Lab.","21: 22","22","1959"
tro-35211902,B,Radulaceae,,Radula,,"ornata",,"","E. A. Br. & Pócs",Accepted,,M,TRO,35211902,,"Telopea","9: 436","436","2001"
tro-35211391,B,Radulaceae,,Radula,,"ovalilobula",,"","K. Yamada",Accepted,,M,TRO,35211391,,"J. Hattori Bot. Lab.","45: 257. f. 29","257","1979"
tro-35190818,B,Radulaceae,,Radula,,"oyamensis",,"","Stephani",Accepted,,M,TRO,35190818,,"Hedwigia","23: 149","149","1884"
tro-35188119,B,Radulaceae,,Radula,,"paganii",,"","Castle",Unresolved,,L,TRO,35188119,,"J. Hattori Bot. Lab.","21: 33. f. 15","33","1959"
tro-35187668,B,Radulaceae,,Radula,,"pallens",,"","(Sw.) Nees & Mont.",Accepted,,M,TRO,35187668,,"Voy. Amér. Mérid., Bot.","71","71","1839"
tro-35202327,B,Radulaceae,,Radula,,"pandei",,"","Udar & Kumar, Dhirendra",Accepted,,M,TRO,35202327,,"Lindbergia","9: 133. f. 1, 2: 3–4","133","1983"
tro-35202497,B,Radulaceae,,Radula,,"patens",,"","K. Yamada",Accepted,,M,TRO,35202497,,"Cryptog. Bryol. Lichénol.","5: 197. f. 3","197","1984"
tro-35209461,B,Radulaceae,,Radula,,"perrottetii",,"","Gottsche ex Stephani",Accepted,,M,TRO,35209461,,"Hedwigia","23: 154","154","1884"
tro-35209462,B,Radulaceae,,Radula,,"philippinensis",,"","K. Yamada",Accepted,,M,TRO,35209462,,"J. Hattori Bot. Lab.","45: 299. f. 55","299","1979"
tro-35211888,B,Radulaceae,,Radula,,"pinnulata",,"","Mitt.",Unresolved,,L,TRO,35211888,,"Fl. Vit.","410","410","1871"
tro-35209464,B,Radulaceae,,Radula,,"platyglossa",,"","P.C. Chen",Accepted,,M,TRO,35209464,,"Acta Phytotax. Sin.","9: 221. f. 5","221","1964"
tro-35188121,B,Radulaceae,,Radula,,"plumosa",,"","Mitt. ex Stephani",Unresolved,,L,TRO,35188121,,"Hedwigia","23: 154","154","1884"
tro-35188122,B,Radulaceae,,Radula,,"pocsii",,"","K. Yamada",Accepted,,M,TRO,35188122,,"J. Hattori Bot. Lab.","54: 245. f. 3","245","1983"
tro-35188123,B,Radulaceae,,Radula,,"portoricensis",,"","Stephani",Unresolved,,L,TRO,35188123,,"Hedwigia","27: 298","298","1888"
tro-35185918,B,Radulaceae,,Radula,,"prolifera",,"","S.W. Arnell",Accepted,,M,TRO,35185918,,"Nov. Stirp. Pug.","","",""
tro-35209480,B,Radulaceae,,Radula,,"protensa",,"","Lindenb.",Accepted,,M,TRO,35209480,,"Bot. Zeitung (Berlin)","6: 462","462","1848"
tro-35211165,B,Radulaceae,,Radula,,"pseudoflaccida",,"","E.W. Jones",Accepted,,M,TRO,35211165,,"J. Bryol.","9: 501. f. 16: g–l","501","1977"
tro-35216954,B,Radulaceae,,Radula,,"pseudoscripta",,"","Renner, Matt A. M.",Accepted,,M,TRO,35216954,,"New Zealand J. Bot.","44: 340","340","2006"
tro-35188124,B,Radulaceae,,Radula,,"pseudostachya",,"","Spruce",Accepted,,M,TRO,35188124,,"Trans. & Proc. Bot. Soc. Edinburgh","15: 319","319","1885"
tro-35188125,B,Radulaceae,,Radula,,"punctata",,"","Stephani",Unresolved,,L,TRO,35188125,,"Hedwigia","23: 135","135","1884"
tro-35191464,B,Radulaceae,,Radula,,"pusilla",,"","Spruce",Accepted,,M,TRO,35191464,,"Trans. & Proc. Bot. Soc. Edinburgh","15: 320","320","1885"
tro-35187662,B,Radulaceae,,Radula,,"quadrata",,"","Gottsche",Accepted,,M,TRO,35187662,,"Syn. Hepat.","255","255","1845"
tro-35202313,B,Radulaceae,,Radula,,"queenslandica",,"","K. Yamada",Accepted,,M,TRO,35202313,,"J. Hattori Bot. Lab.","62: 192. f. 1","192","1987"
tro-35209407,B,Radulaceae,,Radula,,"ramicola",,"","Stephani",Unresolved,,L,TRO,35209407,,"Sp. Hepat.","6: 513","513","1924"
tro-35187664,B,Radulaceae,,Radula,,"ramulina",,"","Taylor",Accepted,,M,TRO,35187664,,"London J. Bot.","5: 374","374","1846"
tro-35202687,B,Radulaceae,,Radula,,"ratkowskiana",,"","K. Yamada",Accepted,,M,TRO,35202687,,"J. Jap. Bot.","59: 94. f. 1","94","1984"
tro-35188128,B,Radulaceae,,Radula,,"recubans",,"","Taylor",Accepted,,M,TRO,35188128,,"London J. Bot.","5: 376","376","1846"
tro-35202951,B,Radulaceae,,Radula,,"recurvilobula",,"","K. Yamada",Accepted,,M,TRO,35202951,,"J. Hattori Bot. Lab.","58: 122. f. 6","122","1985"
tro-35209481,B,Radulaceae,,Radula,,"retroflexa",,"","Taylor",Accepted,,M,TRO,35209481,,"London J. Bot.","5: 378","378","1846"
tro-35211411,B,Radulaceae,,Radula,,"retroflexa",var.,"fauciloba","(Stephani) K. Yamada",Accepted,,L,TRO,35211411,,"J. Hattori Bot. Lab.","45: 282","282","1979"
tro-35191463,B,Radulaceae,,Radula,,"riparia",,"","Spruce",Accepted,,M,TRO,35191463,,"Trans. & Proc. Bot. Soc. Edinburgh","15: 322","322","1885"
tro-35202928,B,Radulaceae,,Radula,,"rupicola",,"","K. Yamada",Accepted,,M,TRO,35202928,,"J. Hattori Bot. Lab.","58: 124. f. 7","124","1985"
tro-35188129,B,Radulaceae,,Radula,,"saccatiloba",,"","Stephani",Unresolved,,L,TRO,35188129,,"Hedwigia","23: 129","129","1884"
tro-35207057,B,Radulaceae,,Radula,,"santacruziana",,"","K. Yamada & Gradst.",Accepted,,M,TRO,35207057,,"Trop. Bryol.","4: 67. f. 1","67","1991"
tro-35216972,B,Radulaceae,,Radula,,"sarogliae",,"","Gola",Accepted,,M,TRO,35216972,,"Mem. Reale Accad. Sci. Torino, ser. 2,","65: 8","8","1914"
tro-35202786,B,Radulaceae,,Radula,,"scariosa",,"","Mitt.",Accepted,,M,TRO,35202786,,"Bonplandia","9: 367","367","1861"
tro-35201132,B,Radulaceae,,Radula,,"schofieldiana",,"","K. Yamada",Accepted,,M,TRO,35201132,,"J. Hattori Bot. Lab.","82: 337. f. 1","337","1997"
tro-35207261,B,Radulaceae,,Radula,,"shaefer-verwimpii",,"","K. Yamada",Accepted,,M,TRO,35207261,,"J. Jap. Bot.","65: 3. f. 2","3","1990"
tro-35202214,B,Radulaceae,,Radula,,"sharpii",,"","K. Yamada",Accepted,,M,TRO,35202214,,"J. Jap. Bot.","60: 4. f. 3","4","1985"
tro-35215831,B,Radulaceae,,Radula,,"silvestris",,"","Gottsche",Accepted,,M,TRO,35215831,,"Abh. Naturwiss. Vereine Bremen","7: 349","349","1882"
tro-35188361,B,Radulaceae,,Radula,,"sinskeana",,"","K. Yamada",Accepted,,M,TRO,35188361,,"J. Hattori Bot. Lab.","74: 41. f. 4","41","1993"
tro-35188130,B,Radulaceae,,Radula,,"sinuata",,"","Stephani",Accepted,,M,TRO,35188130,,"Sp. Hepat.","4: 161","161","1910"
tro-100355479,B,Radulaceae,,Radula,,"splendida",,"","M. A. M. Renner & Devos",Accepted,,M,TRO,100355479,,"Nova Hedwigia","90(1–2): 113","113","2010"
tro-35188131,B,Radulaceae,,Radula,,"sprucei",,"","Stephani",Unresolved,,L,TRO,35188131,,"Sp. Hepat.","6: 515","515","1924"
tro-35207260,B,Radulaceae,,Radula,,"squarrosa",,"","K. Yamada",Accepted,,M,TRO,35207260,,"J. Jap. Bot.","65: 1. f. 1","1","1990"
tro-35208798,B,Radulaceae,,Radula,,"steerei",,"","Grolle",Accepted,,M,TRO,35208798,,"Mem. New York Bot. Gard.","45: 259. f. 1–3","259","1987"
tro-35216025,B,Radulaceae,,Radula,,"stellatogemmipara",,"","C. Gao & Y.H. Wu",Accepted,,M,TRO,35216025,,"Nova Hedwigia","80: 239. f. 1","239","2005"
tro-35187750,B,Radulaceae,,Radula,,"stenocalyx",,"","Mont.",Accepted,,M,TRO,35187750,,"Ann. Sci. Nat., Bot., sér. 4,","3: 315","315","1855"
tro-35203475,B,Radulaceae,,Radula,,"stipatiflora",,"","Stephani",Unresolved,,L,TRO,35203475,,"Sp. Hepat.","4: 159","159","1910"
tro-35188132,B,Radulaceae,,Radula,,"striata",,"","Mitt. ex Stephani",Unresolved,,L,TRO,35188132,,"Hedwigia","23: 155","155","1884"
tro-35187665,B,Radulaceae,,Radula,,"subinflata",,"","Lindenb. & Gottsche",Accepted,,M,TRO,35187665,,"Syn. Hepat.","724","724","1847"
tro-35209410,B,Radulaceae,,Radula,,"subpallens",,"","Stephani",Unresolved,,L,TRO,35209410,,"Sp. Hepat.","4: 203","203","1910"
tro-35188133,B,Radulaceae,,Radula,,"subsimplex",,"","Stephani",Unresolved,,L,TRO,35188133,,"Hedwigia","23: 130","130","1884"
tro-35206533,B,Radulaceae,,Radula,,"subtropica",,"","Stephani",Unresolved,,L,TRO,35206533,,"Sp. Hepat.","4: 162","162","1910"
tro-35185919,B,Radulaceae,,Radula,,"sullivantii",,"","Austin",Accepted,,M,TRO,35185919,,"Nov. Stirp. Pug.","","",""
tro-35209485,B,Radulaceae,,Radula,,"sumatrana",,"","Stephani",Accepted,,M,TRO,35209485,,"Sp. Hepat.","4: 204","204","1910"
tro-35188053,B,Radulaceae,,Radula,,"surinamensis",,"","Stephani",Unresolved,,L,TRO,35188053,,"Hedwigia","23: 136","136","1884"
tro-35203499,B,Radulaceae,,Radula,,"tabularis",,"","Stephani",Unresolved,,L,TRO,35203499,,"Sp. Hepat.","23: 131","131","1884"
tro-35188135,B,Radulaceae,,Radula,,"taylori",,"","Stephani",Unresolved,,L,TRO,35188135,,"Hedwigia","23: 133, 156","133, 156","1884"
tro-35187666,B,Radulaceae,,Radula,,"tectiloba",,"","Stephani",Accepted,,M,TRO,35187666,,"Hedwigia","27: 298","298","1888"
tro-35185920,B,Radulaceae,,Radula,,"tenax",,"","Lindb.",Accepted,,M,TRO,35185920,,"Nov. Stirp. Pug.","","",""
tro-35188137,B,Radulaceae,,Radula,,"tenera",,"","Mitt. ex Stephani",Accepted,,M,TRO,35188137,,"Hedwigia","23: 149","149","1884"
tro-35188138,B,Radulaceae,,Radula,,"tenerrima",,"","Stephani",Unresolved,,L,TRO,35188138,,"Hedwigia","23: 136","136","1884"
tro-35188140,B,Radulaceae,,Radula,,"tenuis",,"","K. Yamada",Accepted,,M,TRO,35188140,,"J. Hattori Bot. Lab.","54: 247. f. 4","247","1983"
tro-35202334,B,Radulaceae,,Radula,,"thiersiae",,"","K. Yamada",Accepted,,M,TRO,35202334,,"J. Hattori Bot. Lab.","62: 198. f. 2","198","1987"
tro-35212907,B,Radulaceae,,Radula,,"tjibodensis",,"","K.I. Goebel",Unresolved,,L,TRO,35212907,,"Ann. Jard. Bot. Buitenzorg","7: 53","53","1888"
tro-35190817,B,Radulaceae,,Radula,,"tokiensis",,"","Stephani",Accepted,,M,TRO,35190817,,"Hedwigia","23: 150","150","1844"
tro-35203524,B,Radulaceae,,Radula,,"tubiflora",,"","Stephani",Unresolved,,L,TRO,35203524,,"Hedwigia","31: 172","172","1892"
tro-35188141,B,Radulaceae,,Radula,,"uleana",,"","Stephani",Unresolved,,L,TRO,35188141,,"Sp. Hepat.","4: 201","201","1910"
tro-35188143,B,Radulaceae,,Radula,,"underwoodii",,"","Castle",Unresolved,,L,TRO,35188143,,"J. Hattori Bot. Lab.","21: 37. f. 17","37","1959"
tro-35203547,B,Radulaceae,,Radula,,"vaginata",,"","Stephani",Unresolved,,L,TRO,35203547,,"Sp. Hepat.","4: 167","167","1910"
tro-35209486,B,Radulaceae,,Radula,,"valida",,"","Stephani",Unresolved,,L,TRO,35209486,,"Sp. Hepat.","4: 164","164","1910"
tro-35211415,B,Radulaceae,,Radula,,"van-zantenii",,"","K. Yamada",Accepted,,M,TRO,35211415,,"J. Hattori Bot. Lab.","45: 260. f. 31","260","1979"
tro-35205656,B,Radulaceae,,Radula,,"variabilis",,"","S. Hatt.",Unresolved,,L,TRO,35205656,,"Bull. Tokyo Sci. Mus.","11: 86. f. 54","86","1944"
tro-35209411,B,Radulaceae,,Radula,,"varilobula",,"","Castle",Accepted,,M,TRO,35209411,,"J. Hattori Bot. Lab.","21: 19. f. 8","19","1959"
tro-35201691,B,Radulaceae,,Radula,,"venezuelensis",,"","K. Yamada",Accepted,,M,TRO,35201691,,"Misc. Bryol. Lichenol.","9: 122. f. 1","122","1982"
tro-35209409,B,Radulaceae,,Radula,,"ventricosa",,"","Stephani",Unresolved,,L,TRO,35209409,,"Sp. Hepat.","4: 187","187","1910"
tro-35206534,B,Radulaceae,,Radula,,"verrucifolia",,"","Steph.",Accepted,,M,TRO,35206534,,"Biblioth. Bot.","87: 233. f. 177: c","233","1916"
tro-35206742,B,Radulaceae,,Radula,,"verrucosa",,"","K. Yamada",Accepted,,M,TRO,35206742,,"J. Hattori Bot. Lab.","45: 277. f. 42","277","1979"
tro-35191250,B,Radulaceae,,Radula,,"viridiaurea",,"","Spruce",Accepted,,M,TRO,35191250,,"Trans. & Proc. Bot. Soc. Edinburgh","15: 324","324","1885"
tro-35208496,B,Radulaceae,,Radula,,"visianica",,"","C. Massal.",Accepted,,M,TRO,35208496,,"Ann. Bot. (Rome)","1(4): 2","2","1904"
tro-35185921,B,Radulaceae,,Radula,,"voluta",,"","Taylor",Accepted,,M,TRO,35185921,,"Nov. Stirp. Pug.","","",""
tro-35207544,B,Radulaceae,,Radula,,"wichurae",,"","Stephani",Accepted,,M,TRO,35207544,,"Sp. Hepat.","4: 168","168","1910"
tro-35188144,B,Radulaceae,,Radula,,"wrightii",,"","Castle",Accepted,,M,TRO,35188144,,"J. Hattori Bot. Lab.","21: 15. f. 6","15","1959"
tro-35187669,B,Radulaceae,,Radula,,"xalapensis",,"","Nees & Mont.",Accepted,,M,TRO,35187669,,"Ann. Sci. Nat., Bot., sér. 2,","5: 56","56","1836"
tro-35210011,B,Radulaceae,,Radula,,"xanthochroma",,"","Colenso",Unresolved,,L,TRO,35210011,,"Trans. & Proc. New Zealand Inst.","21: 70","70","1888"
tro-35209487,B,Radulaceae,,Radula,,"yangii",,"","K. Yamada",Accepted,,M,TRO,35209487,,"J. Hattori Bot. Lab.","45: 279","279","1979"
tro-35203409,B,Radulaceae,,Radula,,"yanoella",,"","R.M. Schust.",Accepted,,M,TRO,35203409,,"Phytologia","56: 72","72","1984"
tro-35209488,B,Radulaceae,,Radula,,"yunnanensis",,"","P.C. Chen",Unresolved,,L,TRO,35209488,,"Feddes Repert. Spec. Nov. Regni Veg.","58: 39","39","1955"
