﻿ID,Major group,Family,Genus hybrid marker,Genus,Species hybrid marker,Species,Infraspecific rank,Infraspecific epithet,Authorship,Taxonomic status in TPL,Nomenclatural status from original data source,Confidence level,Source,Source id,IPNI id,Publication,Collation,Page,Date
kew-2684011,A,Rafflesiaceae,,Brugmansia,,"lowii",,"","Becc.",Unresolved,,L,WCSP (in review),815693,316023-1,"Atti Soc. Ital. Sci. Nat.","11: 198","","1868"
kew-2684023,A,Rafflesiaceae,,Brugmansia,,"zippelii",,"","Blume",Unresolved,,L,WCSP (in review),815705,316024-1,"Bijdr. Natuurk. Wetensch.","2: 422","","1828"
kew-2814805,A,Rafflesiaceae,,Frostia,,"calliandrae",,"","(Gardner) H.Karst.",Unresolved,,L,WCSP (in review),942271,316036-1,"Nov. Actorum Acad. Caes. Leop.-Carol. Nat. Cur.","26: 921","","1858"
kew-2509062,A,Rafflesiaceae,,Mycetanthe,,"lowii",,"","Hochr.",Unresolved,,L,WCSP (in review),645443,707070-1,"Candollea","4: 188","","1930"
kew-2869157,A,Rafflesiaceae,,Rafflesia,,"arnoldii",,"","R.Br.",Accepted,,M,WCSP (in review),995777,316069-1,"Rafflesia","7, tt. XV-XXII","","1821"
kew-2869158,A,Rafflesiaceae,,Rafflesia,,"atjehensis",,"","Koord.",Unresolved,,L,WCSP (in review),995778,707084-1,"Bull. Jard. Bot. Buitenzorg","III, 1: 177","","1918"
kew-2897191,A,Rafflesiaceae,,Rafflesia,,"aurantia",,"","Barcelona, Co & Balete",Unresolved,,L,WCSP (in review),1020020,,"Gard. Bull. Singapore","61: 18","","2009"
kew-2522635,A,Rafflesiaceae,,Rafflesia,,"azlanii",,"","Latiff & M.Wong",Unresolved,,L,WCSP (in review),658690,,"Folia Malaysiana","4: 137","","2003"
kew-2524488,A,Rafflesiaceae,,Rafflesia,,"baletei",,"","Barcelona & Cajano",Accepted,,M,WCSP (in review),660541,,"Kew Bull.","61: 232","","2006"
kew-2605317,A,Rafflesiaceae,,Rafflesia,,"bengkuluensis",,"","Susatya, Arianto & Mat-Salleh",Unresolved,,L,WCSP (in review),738459,,"Folia Malaysiana","6: 147","","2005"
kew-2869159,A,Rafflesiaceae,,Rafflesia,,"borneensis",,"","Koord.",Accepted,,M,WCSP (in review),995779,707085-1,"Bot. Overz. Raffles.","47","","1918"
kew-2869160,A,Rafflesiaceae,,Rafflesia,,"cantleyi",,"","Solms",Accepted,,M,WCSP (in review),995780,707086-1,"Ann. Jard. Bot. Buitenzorg, Suppl.","3: 2","","1910"
kew-2869161,A,Rafflesiaceae,,Rafflesia,,"ciliata",,"","Koord.",Unresolved,,L,WCSP (in review),995781,707087-1,"Bot. Overz. Raffles.","64","","1918"
kew-2869163,A,Rafflesiaceae,,Rafflesia,,"gadutensis",,"","Meijer",Accepted,,M,WCSP (in review),995783,905073-1,"Blumea","30: 211","","1984"
kew-2869164,A,Rafflesiaceae,,Rafflesia,,"hasseltii",,"","Suringar",Accepted,,M,WCSP (in review),995784,,"Verslagen Meded. Afd. Natuurk. Kon. Akad. Wetensch.","II, 1879-1880(4): 5","","1879"
kew-2869165,A,Rafflesiaceae,,Rafflesia,,"horsfieldii",,"","R.Br.",Accepted,,M,WCSP (in review),995785,316072-1,"Rafflesia","25","","1821"
kew-2869166,A,Rafflesiaceae,,Rafflesia,,"keithii",,"","Meijer",Accepted,,M,WCSP (in review),995786,905074-1,"Blumea","30: 211","","1984"
kew-2869167,A,Rafflesiaceae,,Rafflesia,,"kerrii",,"","Meijer",Accepted,,M,WCSP (in review),995787,905075-1,"Blumea","30: 212","","1984"
kew-2903774,A,Rafflesiaceae,,Rafflesia,,"lawangensis",,"","Mat-Salleh, Mahyuni & Susatya",Unresolved,,L,WCSP (in review),1026232,,"Reinwardtia","13: 160","","2010"
kew-2608428,A,Rafflesiaceae,,Rafflesia,,"leonardii",,"","Barcelona & Pelser",Accepted,,M,WCSP (in review),741361,77091703-1,"Blumea","53: 224","","2008"
kew-2605318,A,Rafflesiaceae,,Rafflesia,,"lobata",,"","R.Galang & Madulid",Accepted,,M,WCSP (in review),738460,77079752-1,"Folia Malaysiana","7: 2","","2006"
kew-2869168,A,Rafflesiaceae,,Rafflesia,,"manillana",,"","Teschenm.",Accepted,,M,WCSP (in review),995788,,"Boston J. Nat. Hist.","4: 63","","1844"
kew-2903773,A,Rafflesiaceae,,Rafflesia,,"meijeri",,"","Wiriad. & Sari",Unresolved,,L,WCSP (in review),1026231,,"Reinwardtia","13: 96","","2010"
kew-2869169,A,Rafflesiaceae,,Rafflesia,,"micropylora",,"","Meijer",Accepted,,M,WCSP (in review),995789,905076-1,"Blumea","30: 213","","1984"
kew-2605319,A,Rafflesiaceae,,Rafflesia,,"mira",,"","Fernando & Ong",Accepted,,M,WCSP (in review),738461,,"Asia Life Sci.","14: 267","","2005"
kew-2869171,A,Rafflesiaceae,,Rafflesia,,"philippensis",,"","Blanco",Accepted,,M,WCSP (in review),995791,316076-1,"Fl. Filip., ed. 2","565","","1845"
kew-2869172,A,Rafflesiaceae,,Rafflesia,,"pricei",,"","Meijer",Accepted,,M,WCSP (in review),995792,905077-1,"Blumea","30: 214","","1984"
kew-2869173,A,Rafflesiaceae,,Rafflesia,,"rochussenii",,"","Teijsm. & Binn.",Accepted,,M,WCSP (in review),995793,316077-1,"Natuurk. Tijdschr. Ned.-Indië","1: 425","","1850"
kew-2869174,A,Rafflesiaceae,,Rafflesia,,"schadenbergiana",,"","Göpp. ex Hieron.",Accepted,,M,WCSP (in review),995794,316078-1,"Gartenflora","34: 3","","1885"
kew-2524486,A,Rafflesiaceae,,Rafflesia,,"speciosa",,"","Barcelona & Fernando",Accepted,,M,WCSP (in review),660539,20007987-1,"Kew Bull.","57: 648","","2002"
kew-2905096,A,Rafflesiaceae,,Rafflesia,,"su-meiae",,"","M.Wong, Nais & F.Gan",Unresolved,,L,WCSP (in review),1027552,77113746-1,"Folia Malaysiana","10: 90","","2009"
kew-2869175,A,Rafflesiaceae,,Rafflesia,,"tengkuadlinii",,"","Salleh & Latiff",Accepted,,M,WCSP (in review),995795,937226-1,"Blumea","34: 112","","1989"
kew-2869177,A,Rafflesiaceae,,Rafflesia,,"tuanmudae",,"","Becc.",Unresolved,,L,WCSP (in review),995797,316080-1,"Atti Soc. Ital. Sci. Nat.","11: 197","","1868"
kew-2900615,A,Rafflesiaceae,,Rafflesia,,"verrucosa",,"","Balete, Pelser, Nickrent & Barcelona",Unresolved,,L,WCSP (in review),1023301,,"Phytotaxa","10: 50","","2010"
kew-2869178,A,Rafflesiaceae,,Rafflesia,,"witkampii",,"","Koord.",Unresolved,,L,WCSP (in review),995798,707089-1,"Bot. Overz. Raffles.","61","","1918"
kew-2524484,A,Rafflesiaceae,,Rhizanthes,,"deceptor",,"","Bänziger & B.Hansen",Unresolved,,L,WCSP (in review),660537,1020058-1,"Nat. Hist. Bull. Siam Soc.","48: 130","","2000"
kew-2524497,A,Rafflesiaceae,,Rhizanthes,,"infanticida",,"","Bänziger & B.Hansen",Unresolved,,L,WCSP (in review),660550,1020057-1,"Nat. Hist. Bull. Siam Soc.","48: 127","","2000"
tro-100355736,A,Rafflesiaceae,,Rhizanthes,,"zippelii",,"","(Blume) Spach",Accepted,,M,TRO,100355736,,"Hist. Nat. Veg.","10: 554","554","1841"
tro-27000036,A,Rafflesiaceae,,Sapria,,"himalayana",,"","Griff.",Accepted,,M,TRO,27000036,316082-1,"Proc. Linn. Soc. Lond.","1: 216–217","216","1844"
kew-2600892,A,Rafflesiaceae,,Sapria,,"poilanei",,"","Gagnep.",Unresolved,,L,WCSP (in review),734164,707094-1,"Notul. Syst. (Paris)","9: 144","","1941"
kew-2600873,A,Rafflesiaceae,,Sapria,,"ram",,"","Bänziger & B.Hansen",Unresolved,,L,WCSP (in review),734146,1000395-1,"Nat. Hist. Bull. Siam Soc.","45: 157","","1997"
